"Kind","Operation","Agent_Id","Allocation_Size","Address","Correlation_Id","Start_Timestamp","End_Timestamp"
"MEMORY_ALLOCATION","MEMORY_ALLOCATION_ALLOCATE","Agent 0",4194304,"0x0000746757400000",1,89654255164842,89654257225147
"MEMORY_ALLOCATION","MEMORY_ALLOCATION_ALLOCATE","Agent 0",56,"0x0000746a8d8cd000",1,89654257358969,89654257400680
"MEMORY_ALLOCATION","MEMORY_ALLOCATION_ALLOCATE","Agent 0",4194304,"0x0000746752c00000",17,89654455804745,89654457518794
"MEMORY_ALLOCATION","MEMORY_ALLOCATION_ALLOCATE","Agent 0",4194304,"0x0000746752600000",17,89654469990362,89654471616099
"MEMORY_ALLOCATION","MEMORY_ALLOCATION_ALLOCATE","Agent 2",32768,"0x0000746752200000",25,89654486889615,89654487036837
"MEMORY_ALLOCATION","MEMORY_ALLOCATION_ALLOCATE","Agent 2",131072,"0x0000746752208000",29,89654487128519,89654487131799
"MEMORY_ALLOCATION","MEMORY_ALLOCATION_ALLOCATE","Agent 2",131072,"0x0000746752228000",33,89654487143119,89654487143849
"MEMORY_ALLOCATION","MEMORY_ALLOCATION_ALLOCATE","Agent 2",32768,"0x0000746752248000",37,89654487156109,89654487156769
"MEMORY_ALLOCATION","MEMORY_ALLOCATION_ALLOCATE","Agent 2",8192,"0x0000746752250000",41,89654487174849,89654487175389
"MEMORY_ALLOCATION","MEMORY_ALLOCATION_ALLOCATE","Agent 2",8192,"0x0000746752252000",45,89654487187400,89654487188190
"MEMORY_ALLOCATION","MEMORY_ALLOCATION_ALLOCATE","Agent 2",16384,"0x0000746752254000",49,89654487205910,89654487206460
"MEMORY_ALLOCATION","MEMORY_ALLOCATION_FREE","",0,"0x0000746752254000",60,89654514418535,89654514422805
"MEMORY_ALLOCATION","MEMORY_ALLOCATION_FREE","",0,"0x0000746752252000",62,89654514429335,89654514429895
"MEMORY_ALLOCATION","MEMORY_ALLOCATION_FREE","",0,"0x0000746752250000",64,89654514432975,89654514433355
"MEMORY_ALLOCATION","MEMORY_ALLOCATION_FREE","",0,"0x0000746752248000",66,89654514437005,89654514437625
"MEMORY_ALLOCATION","MEMORY_ALLOCATION_FREE","",0,"0x0000746752228000",68,89654514440945,89654514441455
"MEMORY_ALLOCATION","MEMORY_ALLOCATION_FREE","",0,"0x0000746752208000",70,89654514444905,89654514445285
"MEMORY_ALLOCATION","MEMORY_ALLOCATION_FREE","",0,"0x0000746752200000",72,89654514452655,89654514453375
"MEMORY_ALLOCATION","MEMORY_ALLOCATION_ALLOCATE","Agent 2",8192,"0x0000746752200000",74,89654514462035,89654514463435
"MEMORY_ALLOCATION","MEMORY_ALLOCATION_ALLOCATE","Agent 2",8192,"0x0000746752202000",78,89654514485846,89654514486486
"MEMORY_ALLOCATION","MEMORY_ALLOCATION_ALLOCATE","Agent 2",16384,"0x0000746752204000",82,89654514498026,89654514498486
"MEMORY_ALLOCATION","MEMORY_ALLOCATION_ALLOCATE","Agent 2",128,"0x0000746752208000",86,89654514509056,89654514509536
"MEMORY_ALLOCATION","MEMORY_ALLOCATION_ALLOCATE","Agent 2",128,"0x0000746752209000",90,89654514519966,89654514520446
"MEMORY_ALLOCATION","MEMORY_ALLOCATION_ALLOCATE","Agent 2",2097152,"0x0000746751e00000",94,89654514533357,89654514577827
"MEMORY_ALLOCATION","MEMORY_ALLOCATION_ALLOCATE","Agent 2",16384,"0x000074675220a000",98,89654514597408,89654514598048
"MEMORY_ALLOCATION","MEMORY_ALLOCATION_FREE","",0,"0x000074675220a000",110,89654540401079,89654540403209
"MEMORY_ALLOCATION","MEMORY_ALLOCATION_FREE","",0,"0x0000746751e00000",112,89654540408959,89654540409649
"MEMORY_ALLOCATION","MEMORY_ALLOCATION_FREE","",0,"0x0000746752209000",114,89654540414359,89654540414819
"MEMORY_ALLOCATION","MEMORY_ALLOCATION_FREE","",0,"0x0000746752208000",116,89654540418629,89654540419339
"MEMORY_ALLOCATION","MEMORY_ALLOCATION_FREE","",0,"0x0000746752204000",118,89654540426709,89654540427099
"MEMORY_ALLOCATION","MEMORY_ALLOCATION_FREE","",0,"0x0000746752202000",120,89654540430589,89654540430979
"MEMORY_ALLOCATION","MEMORY_ALLOCATION_FREE","",0,"0x0000746752200000",122,89654540434229,89654540530111
"MEMORY_ALLOCATION","MEMORY_ALLOCATION_ALLOCATE","Agent 2",1048576,"0x0000746752200000",124,89654540538961,89654540540091
"MEMORY_ALLOCATION","MEMORY_ALLOCATION_ALLOCATE","Agent 2",1048576,"0x0000746752300000",128,89654540562112,89654540562652
"MEMORY_ALLOCATION","MEMORY_ALLOCATION_ALLOCATE","Agent 2",2097152,"0x0000746751e00000",132,89654540572662,89654540611912
"MEMORY_ALLOCATION","MEMORY_ALLOCATION_ALLOCATE","Agent 2",16384,"0x0000746751a00000",136,89654540626883,89654540662093
"MEMORY_ALLOCATION","MEMORY_ALLOCATION_ALLOCATE","Agent 2",16384,"0x0000746751a04000",140,89654540675814,89654540676464
"MEMORY_ALLOCATION","MEMORY_ALLOCATION_ALLOCATE","Agent 2",2097152,"0x0000746751600000",144,89654540691944,89654540731584
"MEMORY_ALLOCATION","MEMORY_ALLOCATION_ALLOCATE","Agent 2",2097152,"0x0000746751200000",148,89654540746175,89654540784075
"MEMORY_ALLOCATION","MEMORY_ALLOCATION_FREE","",0,"0x0000746751200000",155,89654542411702,89654542413063
"MEMORY_ALLOCATION","MEMORY_ALLOCATION_FREE","",0,"0x0000746751600000",157,89654542418793,89654542419223
"MEMORY_ALLOCATION","MEMORY_ALLOCATION_FREE","",0,"0x0000746751a04000",159,89654542422423,89654542423023
"MEMORY_ALLOCATION","MEMORY_ALLOCATION_FREE","",0,"0x0000746751a00000",161,89654542426263,89654542426913
"MEMORY_ALLOCATION","MEMORY_ALLOCATION_FREE","",0,"0x0000746751e00000",163,89654542430203,89654542548445
"MEMORY_ALLOCATION","MEMORY_ALLOCATION_FREE","",0,"0x0000746752300000",165,89654542557645,89654542558265
"MEMORY_ALLOCATION","MEMORY_ALLOCATION_FREE","",0,"0x0000746752200000",167,89654542561155,89654542659937
"MEMORY_ALLOCATION","MEMORY_ALLOCATION_ALLOCATE","Agent 2",16777216,"0x0000746751000000",169,89654542666867,89654542704517
"MEMORY_ALLOCATION","MEMORY_ALLOCATION_ALLOCATE","Agent 2",16777216,"0x000074674fe00000",173,89654542729478,89654542764118
"MEMORY_ALLOCATION","MEMORY_ALLOCATION_ALLOCATE","Agent 2",64,"0x0000746752200000",177,89654542779839,89654542780549
"MEMORY_ALLOCATION","MEMORY_ALLOCATION_ALLOCATE","Agent 2",16384,"0x0000746752201000",181,89654542817379,89654542818049
"MEMORY_ALLOCATION","MEMORY_ALLOCATION_ALLOCATE","Agent 2",16384,"0x0000746752205000",185,89654542830130,89654542830630
"MEMORY_ALLOCATION","MEMORY_ALLOCATION_ALLOCATE","Agent 2",16384,"0x0000746752209000",189,89654542844970,89654542845450
"MEMORY_ALLOCATION","MEMORY_ALLOCATION_ALLOCATE","Agent 2",16384,"0x000074675220d000",193,89654542858650,89654542859150
"MEMORY_ALLOCATION","MEMORY_ALLOCATION_FREE","",0,"0x000074675220d000",210,89654569269451,89654569271671
"MEMORY_ALLOCATION","MEMORY_ALLOCATION_FREE","",0,"0x0000746752209000",212,89654569284602,89654569285162
"MEMORY_ALLOCATION","MEMORY_ALLOCATION_FREE","",0,"0x0000746752205000",214,89654569288362,89654569288762
"MEMORY_ALLOCATION","MEMORY_ALLOCATION_FREE","",0,"0x0000746752201000",216,89654569292812,89654569293362
"MEMORY_ALLOCATION","MEMORY_ALLOCATION_ALLOCATE","Agent 2",33024,"0x0000746752201000",218,89654569301612,89654569302582
"MEMORY_ALLOCATION","MEMORY_ALLOCATION_ALLOCATE","Agent 2",16384,"0x000074675220a000",220,89654569306932,89654569307352
"MEMORY_ALLOCATION","MEMORY_ALLOCATION_ALLOCATE","Agent 2",16384,"0x000074675220e000",224,89654569327662,89654569328182
"MEMORY_ALLOCATION","MEMORY_ALLOCATION_ALLOCATE","Agent 2",16384,"0x0000746752212000",228,89654569337522,89654569337902
"MEMORY_ALLOCATION","MEMORY_ALLOCATION_ALLOCATE","Agent 2",16384,"0x0000746752216000",232,89654569347963,89654569348393
"MEMORY_ALLOCATION","MEMORY_ALLOCATION_FREE","",0,"0x0000746752216000",244,89654569876831,89654569877511
"MEMORY_ALLOCATION","MEMORY_ALLOCATION_FREE","",0,"0x0000746752212000",246,89654569882522,89654569882902
"MEMORY_ALLOCATION","MEMORY_ALLOCATION_FREE","",0,"0x000074675220e000",248,89654569885942,89654569886402
"MEMORY_ALLOCATION","MEMORY_ALLOCATION_FREE","",0,"0x000074675220a000",250,89654569890252,89654569890632
"MEMORY_ALLOCATION","MEMORY_ALLOCATION_FREE","",0,"0x0000746752201000",252,89654569893772,89654569894082
"MEMORY_ALLOCATION","MEMORY_ALLOCATION_ALLOCATE","Agent 2",4096,"0x0000746752201000",254,89654569897082,89654569897502
"MEMORY_ALLOCATION","MEMORY_ALLOCATION_ALLOCATE","Agent 2",4096,"0x0000746752202000",258,89654569914052,89654569914452
"MEMORY_ALLOCATION","MEMORY_ALLOCATION_FREE","",0,"0x0000746752202000",269,89654594604405,89654594607175
"MEMORY_ALLOCATION","MEMORY_ALLOCATION_FREE","",0,"0x0000746752201000",271,89654594613605,89654594613965
"MEMORY_ALLOCATION","MEMORY_ALLOCATION_ALLOCATE","Agent 2",32768,"0x0000746752201000",273,89654594623335,89654594624385
"MEMORY_ALLOCATION","MEMORY_ALLOCATION_ALLOCATE","Agent 2",4096,"0x0000746752209000",277,89654594645475,89654594645945
"MEMORY_ALLOCATION","MEMORY_ALLOCATION_ALLOCATE","Agent 2",4096,"0x000074675220a000",281,89654594659696,89654594660596
"MEMORY_ALLOCATION","MEMORY_ALLOCATION_ALLOCATE","Agent 2",1024,"0x000074675220b000",285,89654594671596,89654594672246
"MEMORY_ALLOCATION","MEMORY_ALLOCATION_ALLOCATE","Agent 2",1024,"0x000074675220c000",289,89654594686716,89654594687836
"MEMORY_ALLOCATION","MEMORY_ALLOCATION_ALLOCATE","Agent 2",16384,"0x000074675220d000",293,89654594702086,89654594702756
"MEMORY_ALLOCATION","MEMORY_ALLOCATION_ALLOCATE","Agent 2",16384,"0x0000746752211000",297,89654594714327,89654594715257
"MEMORY_ALLOCATION","MEMORY_ALLOCATION_FREE","",0,"0x0000746752211000",308,89654620155832,89654620157922
"MEMORY_ALLOCATION","MEMORY_ALLOCATION_FREE","",0,"0x000074675220d000",310,89654620163802,89654620164452
"MEMORY_ALLOCATION","MEMORY_ALLOCATION_FREE","",0,"0x000074675220c000",312,89654620167762,89654620168242
"MEMORY_ALLOCATION","MEMORY_ALLOCATION_FREE","",0,"0x000074675220b000",314,89654620172132,89654620172502
"MEMORY_ALLOCATION","MEMORY_ALLOCATION_FREE","",0,"0x000074675220a000",316,89654620176002,89654620176422
"MEMORY_ALLOCATION","MEMORY_ALLOCATION_FREE","",0,"0x0000746752209000",318,89654620180822,89654620181162
"MEMORY_ALLOCATION","MEMORY_ALLOCATION_FREE","",0,"0x0000746752201000",320,89654620184522,89654620185132
"MEMORY_ALLOCATION","MEMORY_ALLOCATION_ALLOCATE","Agent 2",524288,"0x0000746752201000",322,89654620194012,89654620195392
"MEMORY_ALLOCATION","MEMORY_ALLOCATION_ALLOCATE","Agent 2",524288,"0x0000746752281000",326,89654620217483,89654620218013
"MEMORY_ALLOCATION","MEMORY_ALLOCATION_FREE","",0,"0x0000746752281000",343,89654646225487,89654646227417
"MEMORY_ALLOCATION","MEMORY_ALLOCATION_FREE","",0,"0x0000746752201000",345,89654646233647,89654646234027
"MEMORY_ALLOCATION","MEMORY_ALLOCATION_ALLOCATE","Agent 2",2097152,"0x000074674fa00000",347,89654646243638,89654646291328
"MEMORY_ALLOCATION","MEMORY_ALLOCATION_ALLOCATE","Agent 2",2097152,"0x000074674f600000",351,89654646332919,89654646369390
"MEMORY_ALLOCATION","MEMORY_ALLOCATION_ALLOCATE","Agent 2",2097152,"0x000074674e800000",355,89654647909875,89654647969476
"MEMORY_ALLOCATION","MEMORY_ALLOCATION_ALLOCATE","Agent 2",2097152,"0x000074674e400000",359,89654647988837,89654648060068
"MEMORY_ALLOCATION","MEMORY_ALLOCATION_FREE","",0,"0x000074674e400000",375,89654649594444,89654649596324
"MEMORY_ALLOCATION","MEMORY_ALLOCATION_FREE","",0,"0x000074674e800000",377,89654649604904,89654649605214
"MEMORY_ALLOCATION","MEMORY_ALLOCATION_FREE","",0,"0x000074674f600000",379,89654649608254,89654649608974
"MEMORY_ALLOCATION","MEMORY_ALLOCATION_FREE","",0,"0x000074674fa00000",381,89654649612114,89654649761896
"MEMORY_ALLOCATION","MEMORY_ALLOCATION_ALLOCATE","Agent 2",2097152,"0x000074674e800000",383,89654649769677,89654649820287
"MEMORY_ALLOCATION","MEMORY_ALLOCATION_ALLOCATE","Agent 2",2097152,"0x000074674e400000",387,89654649840618,89654649873928
"MEMORY_ALLOCATION","MEMORY_ALLOCATION_ALLOCATE","Agent 2",2097152,"0x000074674e000000",391,89654649888889,89654649922089
"MEMORY_ALLOCATION","MEMORY_ALLOCATION_FREE","",0,"0x000074674e000000",407,89654716550593,89654716552393
"MEMORY_ALLOCATION","MEMORY_ALLOCATION_FREE","",0,"0x000074674e400000",409,89654716557993,89654716558263
"MEMORY_ALLOCATION","MEMORY_ALLOCATION_FREE","",0,"0x000074674e800000",411,89654716561443,89654716740536
"MEMORY_ALLOCATION","MEMORY_ALLOCATION_FREE","",0,"0x0000746752200000",413,89654716746746,89654716846097
"MEMORY_ALLOCATION","MEMORY_ALLOCATION_FREE","",0,"0x000074674fe00000",415,89654716850758,89654716898608
"MEMORY_ALLOCATION","MEMORY_ALLOCATION_FREE","",0,"0x0000746751000000",417,89654716902668,89654716946639
"MEMORY_ALLOCATION","MEMORY_ALLOCATION_ALLOCATE","Agent 2",4194304,"0x0000746751c00000",419,89654716956179,89654716996140
"MEMORY_ALLOCATION","MEMORY_ALLOCATION_ALLOCATE","Agent 2",524288,"0x0000746752200000",423,89654717043751,89654717044521
"MEMORY_ALLOCATION","MEMORY_ALLOCATION_ALLOCATE","Agent 2",1024,"0x0000746752280000",427,89654717054361,89654717054951
"MEMORY_ALLOCATION","MEMORY_ALLOCATION_ALLOCATE","Agent 2",1024,"0x0000746752281000",431,89654717064641,89654717065131
"MEMORY_ALLOCATION","MEMORY_ALLOCATION_ALLOCATE","Agent 2",2097152,"0x0000746751800000",435,89654717075771,89654717107152
"MEMORY_ALLOCATION","MEMORY_ALLOCATION_ALLOCATE","Agent 2",2097152,"0x0000746751400000",439,89654717122262,89654717157673
"MEMORY_ALLOCATION","MEMORY_ALLOCATION_ALLOCATE","Agent 2",524288,"0x0000746752282000",443,89654717172023,89654717172803
"MEMORY_ALLOCATION","MEMORY_ALLOCATION_FREE","",0,"0x0000746752282000",454,89654742563847,89654742565977
"MEMORY_ALLOCATION","MEMORY_ALLOCATION_FREE","",0,"0x0000746751400000",456,89654742571427,89654742572257
"MEMORY_ALLOCATION","MEMORY_ALLOCATION_FREE","",0,"0x0000746751800000",458,89654742575607,89654742575927
"MEMORY_ALLOCATION","MEMORY_ALLOCATION_FREE","",0,"0x0000746752281000",460,89654742579277,89654742579777
"MEMORY_ALLOCATION","MEMORY_ALLOCATION_FREE","",0,"0x0000746752280000",462,89654742583498,89654742583888
"MEMORY_ALLOCATION","MEMORY_ALLOCATION_FREE","",0,"0x0000746752200000",464,89654742588948,89654742722050
"MEMORY_ALLOCATION","MEMORY_ALLOCATION_FREE","",0,"0x0000746751c00000",466,89654742727750,89654742777151
"MEMORY_ALLOCATION","MEMORY_ALLOCATION_ALLOCATE","Agent 2",2048,"0x0000746752200000",468,89654742799781,89654742801021
"MEMORY_ALLOCATION","MEMORY_ALLOCATION_ALLOCATE","Agent 2",256,"0x0000746752201000",472,89654742827142,89654742827832
"MEMORY_ALLOCATION","MEMORY_ALLOCATION_ALLOCATE","Agent 2",64,"0x0000746752202000",476,89654742838622,89654742839092
"MEMORY_ALLOCATION","MEMORY_ALLOCATION_ALLOCATE","Agent 2",8,"0x0000746752203000",480,89654742849392,89654742849822
"MEMORY_ALLOCATION","MEMORY_ALLOCATION_ALLOCATE","Agent 2",65536,"0x0000746752204000",484,89654742863072,89654742863662
"MEMORY_ALLOCATION","MEMORY_ALLOCATION_ALLOCATE","Agent 2",16384,"0x0000746752214000",488,89654742881052,89654742881733
"MEMORY_ALLOCATION","MEMORY_ALLOCATION_FREE","",0,"0x0000746752214000",501,89654768922158,89654768924688
"MEMORY_ALLOCATION","MEMORY_ALLOCATION_FREE","",0,"0x0000746752204000",503,89654768930328,89654768930788
"MEMORY_ALLOCATION","MEMORY_ALLOCATION_FREE","",0,"0x0000746752203000",505,89654768934228,89654768934868
"MEMORY_ALLOCATION","MEMORY_ALLOCATION_FREE","",0,"0x0000746752202000",507,89654768938388,89654768938838
"MEMORY_ALLOCATION","MEMORY_ALLOCATION_FREE","",0,"0x0000746752201000",509,89654768942388,89654768942798
"MEMORY_ALLOCATION","MEMORY_ALLOCATION_FREE","",0,"0x0000746752200000",511,89654768946118,89654768946838
"MEMORY_ALLOCATION","MEMORY_ALLOCATION_ALLOCATE","Agent 2",2048,"0x0000746752200000",513,89654768964928,89654768966098
"MEMORY_ALLOCATION","MEMORY_ALLOCATION_ALLOCATE","Agent 2",256,"0x0000746752201000",517,89654768996339,89654768997009
"MEMORY_ALLOCATION","MEMORY_ALLOCATION_ALLOCATE","Agent 2",64,"0x0000746752202000",521,89654769078760,89654769080180
"MEMORY_ALLOCATION","MEMORY_ALLOCATION_ALLOCATE","Agent 2",8,"0x0000746752203000",525,89654769096931,89654769097551
"MEMORY_ALLOCATION","MEMORY_ALLOCATION_ALLOCATE","Agent 2",65536,"0x0000746752204000",529,89654769109211,89654769109811
"MEMORY_ALLOCATION","MEMORY_ALLOCATION_ALLOCATE","Agent 2",16384,"0x0000746752214000",533,89654769127161,89654769131121
"MEMORY_ALLOCATION","MEMORY_ALLOCATION_FREE","",0,"0x0000746752214000",549,89654790214384,89654790216344
"MEMORY_ALLOCATION","MEMORY_ALLOCATION_FREE","",0,"0x0000746752204000",551,89654790223874,89654790224334
"MEMORY_ALLOCATION","MEMORY_ALLOCATION_FREE","",0,"0x0000746752203000",553,89654790232294,89654790233804
"MEMORY_ALLOCATION","MEMORY_ALLOCATION_FREE","",0,"0x0000746752202000",555,89654790237104,89654790237574
"MEMORY_ALLOCATION","MEMORY_ALLOCATION_FREE","",0,"0x0000746752201000",557,89654790241244,89654790241724
"MEMORY_ALLOCATION","MEMORY_ALLOCATION_FREE","",0,"0x0000746752200000",559,89654790245564,89654790246284
"MEMORY_ALLOCATION","MEMORY_ALLOCATION_ALLOCATE","Agent 2",2048,"0x0000746752200000",561,89654790268764,89654790270164
"MEMORY_ALLOCATION","MEMORY_ALLOCATION_ALLOCATE","Agent 2",512,"0x0000746752201000",565,89654790297865,89654790298465
"MEMORY_ALLOCATION","MEMORY_ALLOCATION_ALLOCATE","Agent 2",64,"0x0000746752202000",569,89654790311785,89654790312245
"MEMORY_ALLOCATION","MEMORY_ALLOCATION_ALLOCATE","Agent 2",8,"0x0000746752203000",573,89654790323945,89654790324375
"MEMORY_ALLOCATION","MEMORY_ALLOCATION_ALLOCATE","Agent 2",65536,"0x0000746752204000",577,89654790343126,89654790343666
"MEMORY_ALLOCATION","MEMORY_ALLOCATION_ALLOCATE","Agent 2",16384,"0x0000746752214000",581,89654790363086,89654790363616
"MEMORY_ALLOCATION","MEMORY_ALLOCATION_FREE","",0,"0x0000746752214000",588,89654790423937,89654790424627
"MEMORY_ALLOCATION","MEMORY_ALLOCATION_FREE","",0,"0x0000746752204000",590,89654790428977,89654790429427
"MEMORY_ALLOCATION","MEMORY_ALLOCATION_FREE","",0,"0x0000746752203000",592,89654790433417,89654790433787
"MEMORY_ALLOCATION","MEMORY_ALLOCATION_FREE","",0,"0x0000746752202000",594,89654790437147,89654790437587
"MEMORY_ALLOCATION","MEMORY_ALLOCATION_FREE","",0,"0x0000746752201000",596,89654790440787,89654790441097
"MEMORY_ALLOCATION","MEMORY_ALLOCATION_FREE","",0,"0x0000746752200000",598,89654790444307,89654790444717
"MEMORY_ALLOCATION","MEMORY_ALLOCATION_ALLOCATE","Agent 2",65536,"0x0000746752200000",600,89654790564509,89654790564999
"MEMORY_ALLOCATION","MEMORY_ALLOCATION_ALLOCATE","Agent 2",8192,"0x0000746752210000",604,89654801840628,89654801845418
"MEMORY_ALLOCATION","MEMORY_ALLOCATION_ALLOCATE","Agent 2",64,"0x0000746752212000",608,89654801898219,89654801898779
"MEMORY_ALLOCATION","MEMORY_ALLOCATION_ALLOCATE","Agent 2",8,"0x0000746752213000",612,89654801914229,89654801914859
"MEMORY_ALLOCATION","MEMORY_ALLOCATION_ALLOCATE","Agent 2",2097152,"0x0000746750c00000",616,89654801927079,89654801985370
"MEMORY_ALLOCATION","MEMORY_ALLOCATION_ALLOCATE","Agent 2",16384,"0x0000746752214000",620,89654802040161,89654802041401
"MEMORY_ALLOCATION","MEMORY_ALLOCATION_FREE","",0,"0x0000746752214000",633,89654863695892,89654863698312
"MEMORY_ALLOCATION","MEMORY_ALLOCATION_FREE","",0,"0x0000746750c00000",635,89654863706572,89654863707272
"MEMORY_ALLOCATION","MEMORY_ALLOCATION_FREE","",0,"0x0000746752213000",637,89654863711852,89654863712532
"MEMORY_ALLOCATION","MEMORY_ALLOCATION_FREE","",0,"0x0000746752212000",639,89654863717082,89654863717882
"MEMORY_ALLOCATION","MEMORY_ALLOCATION_FREE","",0,"0x0000746752210000",641,89654863722782,89654863723362
"MEMORY_ALLOCATION","MEMORY_ALLOCATION_FREE","",0,"0x0000746752200000",643,89654863728462,89654863814423
"MEMORY_ALLOCATION","MEMORY_ALLOCATION_ALLOCATE","Agent 2",2097152,"0x0000746750a00000",645,89654871858608,89654872037751
"MEMORY_ALLOCATION","MEMORY_ALLOCATION_ALLOCATE","Agent 2",524288,"0x0000746752200000",649,89654872424437,89654872425207
"MEMORY_ALLOCATION","MEMORY_ALLOCATION_ALLOCATE","Agent 2",64,"0x0000746752280000",653,89654872486348,89654872487268
"MEMORY_ALLOCATION","MEMORY_ALLOCATION_ALLOCATE","Agent 2",8,"0x0000746752281000",657,89654872693172,89654872693742
"MEMORY_ALLOCATION","MEMORY_ALLOCATION_ALLOCATE","Agent 2",2097152,"0x0000746750600000",661,89654872707452,89654872747043
"MEMORY_ALLOCATION","MEMORY_ALLOCATION_ALLOCATE","Agent 2",524288,"0x0000746752282000",665,89654872766703,89654872767593
"MEMORY_ALLOCATION","MEMORY_ALLOCATION_FREE","",0,"0x0000746752282000",678,89654938746916,89654938749546
"MEMORY_ALLOCATION","MEMORY_ALLOCATION_FREE","",0,"0x0000746750600000",680,89654938756956,89654938757746
"MEMORY_ALLOCATION","MEMORY_ALLOCATION_FREE","",0,"0x0000746752281000",682,89654938762306,89654938763166
"MEMORY_ALLOCATION","MEMORY_ALLOCATION_FREE","",0,"0x0000746752280000",684,89654938767936,89654938768446
"MEMORY_ALLOCATION","MEMORY_ALLOCATION_FREE","",0,"0x0000746752200000",686,89654938772546,89654938773006
"MEMORY_ALLOCATION","MEMORY_ALLOCATION_FREE","",0,"0x0000746750a00000",688,89654938777396,89654938920139
"MEMORY_ALLOCATION","MEMORY_ALLOCATION_ALLOCATE","Agent 2",65536,"0x0000746750a00000",690,89654940099218,89654940103218
"MEMORY_ALLOCATION","MEMORY_ALLOCATION_ALLOCATE","Agent 2",8192,"0x0000746750a10000",694,89654940169700,89654940171260
"MEMORY_ALLOCATION","MEMORY_ALLOCATION_ALLOCATE","Agent 2",64,"0x0000746750a12000",698,89654940200290,89654940200930
"MEMORY_ALLOCATION","MEMORY_ALLOCATION_ALLOCATE","Agent 2",8,"0x0000746750a13000",702,89654940441654,89654940443054
"MEMORY_ALLOCATION","MEMORY_ALLOCATION_ALLOCATE","Agent 2",2080768,"0x0000746752200000",706,89654940465204,89654940541856
"MEMORY_ALLOCATION","MEMORY_ALLOCATION_ALLOCATE","Agent 2",16256,"0x00007467523fc000",710,89654940573056,89654940573796
"MEMORY_ALLOCATION","MEMORY_ALLOCATION_FREE","",0,"0x00007467523fc000",723,89655004194009,89655004195729
"MEMORY_ALLOCATION","MEMORY_ALLOCATION_FREE","",0,"0x0000746752200000",725,89655004207310,89655004208210
"MEMORY_ALLOCATION","MEMORY_ALLOCATION_FREE","",0,"0x0000746750a13000",727,89655004212440,89655004213490
"MEMORY_ALLOCATION","MEMORY_ALLOCATION_FREE","",0,"0x0000746750a12000",729,89655004217580,89655004218140
"MEMORY_ALLOCATION","MEMORY_ALLOCATION_FREE","",0,"0x0000746750a10000",731,89655004223290,89655004223770
"MEMORY_ALLOCATION","MEMORY_ALLOCATION_FREE","",0,"0x0000746750a00000",733,89655004228300,89655004311721
"MEMORY_ALLOCATION","MEMORY_ALLOCATION_ALLOCATE","Agent 2",2097152,"0x0000746752200000",735,89655011340049,89655011453011
"MEMORY_ALLOCATION","MEMORY_ALLOCATION_ALLOCATE","Agent 2",524288,"0x0000746750a00000",739,89655015471038,89655015476198
"MEMORY_ALLOCATION","MEMORY_ALLOCATION_ALLOCATE","Agent 2",64,"0x0000746750a80000",743,89655015610310,89655015611460
"MEMORY_ALLOCATION","MEMORY_ALLOCATION_ALLOCATE","Agent 2",8,"0x0000746750a81000",747,89655015639671,89655015640411
"MEMORY_ALLOCATION","MEMORY_ALLOCATION_ALLOCATE","Agent 2",2080768,"0x0000746750600000",751,89655015659941,89655015778233
"MEMORY_ALLOCATION","MEMORY_ALLOCATION_ALLOCATE","Agent 2",520192,"0x0000746750a82000",755,89655015800863,89655015801983
"MEMORY_ALLOCATION","MEMORY_ALLOCATION_FREE","",0,"0x0000746750a82000",768,89655082799233,89655082801853
"MEMORY_ALLOCATION","MEMORY_ALLOCATION_FREE","",0,"0x0000746750600000",770,89655082807623,89655082808913
"MEMORY_ALLOCATION","MEMORY_ALLOCATION_FREE","",0,"0x0000746750a81000",772,89655082812293,89655082812833
"MEMORY_ALLOCATION","MEMORY_ALLOCATION_FREE","",0,"0x0000746750a80000",774,89655082816433,89655082816943
"MEMORY_ALLOCATION","MEMORY_ALLOCATION_FREE","",0,"0x0000746750a00000",776,89655082821443,89655082821913
"MEMORY_ALLOCATION","MEMORY_ALLOCATION_FREE","",0,"0x0000746752200000",778,89655082825543,89655082965546
"MEMORY_ALLOCATION","MEMORY_ALLOCATION_ALLOCATE","Agent 2",4194304,"0x0000746750a00000",780,89655082976276,89655083138839
"MEMORY_ALLOCATION","MEMORY_ALLOCATION_ALLOCATE","Agent 2",131072,"0x0000746752200000",784,89655083162559,89655083163219
"MEMORY_ALLOCATION","MEMORY_ALLOCATION_ALLOCATE","Agent 2",131072,"0x0000746752220000",788,89655083172989,89655083173739
"MEMORY_ALLOCATION","MEMORY_ALLOCATION_ALLOCATE","Agent 2",4194304,"0x0000746750400000",792,89655083184799,89655083219410
"MEMORY_ALLOCATION","MEMORY_ALLOCATION_ALLOCATE","Agent 2",1048576,"0x0000746752240000",796,89655083234760,89655083235340
"MEMORY_ALLOCATION","MEMORY_ALLOCATION_ALLOCATE","Agent 2",1048576,"0x0000746750000000",800,89655083246610,89655083284281
"MEMORY_ALLOCATION","MEMORY_ALLOCATION_ALLOCATE","Agent 2",2097152,"0x000074674fc00000",804,89655083298901,89655083336412
"MEMORY_ALLOCATION","MEMORY_ALLOCATION_FREE","",0,"0x000074674fc00000",819,89655108697166,89655108699946
"MEMORY_ALLOCATION","MEMORY_ALLOCATION_FREE","",0,"0x0000746750000000",821,89655108706316,89655108707376
"MEMORY_ALLOCATION","MEMORY_ALLOCATION_FREE","",0,"0x0000746752240000",823,89655108712466,89655108713336
"MEMORY_ALLOCATION","MEMORY_ALLOCATION_FREE","",0,"0x0000746750400000",825,89655108718376,89655108807528
"MEMORY_ALLOCATION","MEMORY_ALLOCATION_FREE","",0,"0x0000746752220000",827,89655108812018,89655108812598
"MEMORY_ALLOCATION","MEMORY_ALLOCATION_FREE","",0,"0x0000746752200000",829,89655108816608,89655108916209
"MEMORY_ALLOCATION","MEMORY_ALLOCATION_FREE","",0,"0x0000746750a00000",831,89655108921290,89655108973500
"MEMORY_ALLOCATION","MEMORY_ALLOCATION_ALLOCATE","Agent 2",16777216,"0x000074674fe00000",841,89655112448658,89655112550370
"MEMORY_ALLOCATION","MEMORY_ALLOCATION_ALLOCATE","Agent 2",2097152,"0x000074674fa00000",971,89655131092740,89655131247353
"MEMORY_ALLOCATION","MEMORY_ALLOCATION_ALLOCATE","Agent 2",64,"0x0000746752200000",989,89655134697260,89655134698960
"MEMORY_ALLOCATION","MEMORY_ALLOCATION_ALLOCATE","Agent 2",476,"0x0000746752201000",999,89655134864023,89655134865173
"MEMORY_ALLOCATION","MEMORY_ALLOCATION_ALLOCATE","Agent 2",65536,"0x0000746752202000",1015,89655137151371,89655137152721
"MEMORY_ALLOCATION","MEMORY_ALLOCATION_ALLOCATE","Agent 2",8192,"0x0000746752212000",1025,89655137801002,89655137802072
"MEMORY_ALLOCATION","MEMORY_ALLOCATION_ALLOCATE","Agent 2",64,"0x0000746752214000",1035,89655138125457,89655138126397
"MEMORY_ALLOCATION","MEMORY_ALLOCATION_ALLOCATE","Agent 2",476,"0x0000746752215000",1045,89655138285680,89655138286570
"MEMORY_ALLOCATION","MEMORY_ALLOCATION_ALLOCATE","Agent 2",65536,"0x0000746752216000",1061,89655140339215,89655140340715
"MEMORY_ALLOCATION","MEMORY_ALLOCATION_ALLOCATE","Agent 2",8192,"0x0000746752226000",1071,89655142981849,89655142986339
"MEMORY_ALLOCATION","MEMORY_ALLOCATION_ALLOCATE","Agent 2",64,"0x0000746752228000",1081,89655143624589,89655143625669
"MEMORY_ALLOCATION","MEMORY_ALLOCATION_ALLOCATE","Agent 2",476,"0x0000746752229000",1091,89655143778222,89655143778912
"MEMORY_ALLOCATION","MEMORY_ALLOCATION_ALLOCATE","Agent 2",8388608,"0x000074674e200000",1107,89655145531821,89655145645443
"MEMORY_ALLOCATION","MEMORY_ALLOCATION_ALLOCATE","Agent 2",1048576,"0x000074675222a000",1173,89655161929225,89655161935335
"MEMORY_ALLOCATION","MEMORY_ALLOCATION_ALLOCATE","Agent 2",64,"0x000074675232a000",1183,89655166479051,89655166485171
"MEMORY_ALLOCATION","MEMORY_ALLOCATION_ALLOCATE","Agent 2",476,"0x000074675232b000",1193,89655166691065,89655166692065
"MEMORY_ALLOCATION","MEMORY_ALLOCATION_ALLOCATE","Agent 2",8388608,"0x000074674d800000",1209,89655168420754,89655168596817
"MEMORY_ALLOCATION","MEMORY_ALLOCATION_ALLOCATE","Agent 2",2097152,"0x000074674d400000",1275,89655187835648,89655187979471
"MEMORY_ALLOCATION","MEMORY_ALLOCATION_ALLOCATE","Agent 2",64,"0x000074675232c000",1293,89655190645125,89655190650155
"MEMORY_ALLOCATION","MEMORY_ALLOCATION_ALLOCATE","Agent 2",476,"0x000074675232d000",1303,89655190818008,89655190819038
"MEMORY_ALLOCATION","MEMORY_ALLOCATION_ALLOCATE","Agent 2",25165824,"0x000074674ba00000",1319,89655192571767,89655192687009
"MEMORY_ALLOCATION","MEMORY_ALLOCATION_ALLOCATE","Agent 2",3145728,"0x000074674b400000",1513,89655218384479,89655218542371
"MEMORY_ALLOCATION","MEMORY_ALLOCATION_ALLOCATE","Agent 2",64,"0x000074675232e000",1539,89655228957535,89655228963375
"MEMORY_ALLOCATION","MEMORY_ALLOCATION_ALLOCATE","Agent 2",476,"0x000074675232f000",1549,89655229184589,89655229185689
"MEMORY_ALLOCATION","MEMORY_ALLOCATION_ALLOCATE","Agent 2",25165824,"0x0000746749a00000",1565,89655231313825,89655231436867
"MEMORY_ALLOCATION","MEMORY_ALLOCATION_ALLOCATE","Agent 2",3145728,"0x0000746749400000",1759,89655255306486,89655255398717
"MEMORY_ALLOCATION","MEMORY_ALLOCATION_ALLOCATE","Agent 2",64,"0x0000746752330000",1785,89655264437248,89655264442338
"MEMORY_ALLOCATION","MEMORY_ALLOCATION_ALLOCATE","Agent 2",476,"0x0000746752331000",1795,89655264634032,89655264634802
"MEMORY_ALLOCATION","MEMORY_ALLOCATION_ALLOCATE","Agent 2",25165824,"0x0000746747a00000",1811,89655266100816,89655266263149
"MEMORY_ALLOCATION","MEMORY_ALLOCATION_ALLOCATE","Agent 2",3145728,"0x0000746747400000",2005,89655288311887,89655288420389
"MEMORY_ALLOCATION","MEMORY_ALLOCATION_ALLOCATE","Agent 2",64,"0x0000746752332000",2031,89655297292077,89655297295257
"MEMORY_ALLOCATION","MEMORY_ALLOCATION_ALLOCATE","Agent 2",476,"0x0000746752333000",2041,89655297475060,89655297476110
"MEMORY_ALLOCATION","MEMORY_ALLOCATION_ALLOCATE","Agent 2",128,"0x0000746752334000",2051,89655297649403,89655297650103
"MEMORY_ALLOCATION","MEMORY_ALLOCATION_ALLOCATE","Agent 2",128,"0x0000746752335000",2055,89655297662744,89655297663574
"MEMORY_ALLOCATION","MEMORY_ALLOCATION_ALLOCATE","Agent 2",16384,"0x0000746752336000",2059,89655297674724,89655297675144
"MEMORY_ALLOCATION","MEMORY_ALLOCATION_ALLOCATE","Agent 2",16384,"0x000074675233a000",2063,89655297691064,89655297692514
"MEMORY_ALLOCATION","MEMORY_ALLOCATION_ALLOCATE","Agent 2",512,"0x000074675233e000",2067,89655297717744,89655297718695
"MEMORY_ALLOCATION","MEMORY_ALLOCATION_ALLOCATE","Agent 2",131072,"0x000074675233f000",2071,89655297732825,89655297733295
"MEMORY_ALLOCATION","MEMORY_ALLOCATION_ALLOCATE","Agent 2",131072,"0x000074675235f000",2075,89655297793406,89655297794136
"MEMORY_ALLOCATION","MEMORY_ALLOCATION_ALLOCATE","Agent 2",16384,"0x000074675237f000",2077,89655297798046,89655297798566
"MEMORY_ALLOCATION","MEMORY_ALLOCATION_ALLOCATE","Agent 2",16384,"0x0000746752383000",2079,89655297801956,89655297802376
"MEMORY_ALLOCATION","MEMORY_ALLOCATION_ALLOCATE","Agent 2",32768,"0x0000746752387000",2081,89655297805536,89655297805946
"MEMORY_ALLOCATION","MEMORY_ALLOCATION_ALLOCATE","Agent 2",32768,"0x000074675238f000",2083,89655297809206,89655297809586
"MEMORY_ALLOCATION","MEMORY_ALLOCATION_ALLOCATE","Agent 2",16384,"0x0000746752397000",2085,89655297813216,89655297813616
"MEMORY_ALLOCATION","MEMORY_ALLOCATION_ALLOCATE","Agent 2",8192,"0x000074675239b000",2087,89655297816816,89655297817176
"MEMORY_ALLOCATION","MEMORY_ALLOCATION_ALLOCATE","Agent 2",8192,"0x000074675239d000",2089,89655297820456,89655297820806
"MEMORY_ALLOCATION","MEMORY_ALLOCATION_ALLOCATE","Agent 2",16384,"0x000074675239f000",2091,89655297823936,89655297824276
"MEMORY_ALLOCATION","MEMORY_ALLOCATION_ALLOCATE","Agent 2",128,"0x00007467523a3000",2093,89655297827266,89655297832136
"MEMORY_ALLOCATION","MEMORY_ALLOCATION_ALLOCATE","Agent 2",128,"0x00007467523a4000",2095,89655297835396,89655297835736
"MEMORY_ALLOCATION","MEMORY_ALLOCATION_ALLOCATE","Agent 2",2097152,"0x0000746747000000",2097,89655297838587,89655297898227
"MEMORY_ALLOCATION","MEMORY_ALLOCATION_ALLOCATE","Agent 2",16384,"0x00007467523a5000",2099,89655297902788,89655297903418
"MEMORY_ALLOCATION","MEMORY_ALLOCATION_ALLOCATE","Agent 2",16384,"0x00007467523a9000",2101,89655297911888,89655297912258
"MEMORY_ALLOCATION","MEMORY_ALLOCATION_ALLOCATE","Agent 2",16384,"0x00007467523ad000",2103,89655298087611,89655298088231
"MEMORY_ALLOCATION","MEMORY_ALLOCATION_ALLOCATE","Agent 2",16384,"0x00007467523b1000",2105,89655298091811,89655298092191
"MEMORY_ALLOCATION","MEMORY_ALLOCATION_ALLOCATE","Agent 2",49152,"0x00007467523b5000",2107,89655298095251,89655298095611
"MEMORY_ALLOCATION","MEMORY_ALLOCATION_ALLOCATE","Agent 2",16384,"0x00007467523c1000",2109,89655298099161,89655298099521
"MEMORY_ALLOCATION","MEMORY_ALLOCATION_ALLOCATE","Agent 2",16777216,"0x0000746745e00000",2235,89655489689253,89655489801685
"MEMORY_ALLOCATION","MEMORY_ALLOCATION_ALLOCATE","Agent 2",2097152,"0x0000746745a00000",2365,89655502727601,89655502824232
"MEMORY_ALLOCATION","MEMORY_ALLOCATION_ALLOCATE","Agent 2",64,"0x00007467523c5000",2383,89655506697777,89655506702077
"MEMORY_ALLOCATION","MEMORY_ALLOCATION_ALLOCATE","Agent 2",476,"0x00007467523c6000",2393,89655506862120,89655506863020
"MEMORY_ALLOCATION","MEMORY_ALLOCATION_ALLOCATE","Agent 2",65536,"0x00007467523c7000",2409,89655508525128,89655508527758
"MEMORY_ALLOCATION","MEMORY_ALLOCATION_ALLOCATE","Agent 2",8192,"0x00007467523d7000",2419,89655508948845,89655508949965
"MEMORY_ALLOCATION","MEMORY_ALLOCATION_ALLOCATE","Agent 2",64,"0x00007467523d9000",2429,89655509305891,89655509307191
"MEMORY_ALLOCATION","MEMORY_ALLOCATION_ALLOCATE","Agent 2",476,"0x00007467523da000",2439,89655509459213,89655509460103
"MEMORY_ALLOCATION","MEMORY_ALLOCATION_ALLOCATE","Agent 2",65536,"0x00007467523db000",2455,89655511333874,89655511335184
"MEMORY_ALLOCATION","MEMORY_ALLOCATION_ALLOCATE","Agent 2",8192,"0x00007467523eb000",2465,89655511876764,89655511877864
"MEMORY_ALLOCATION","MEMORY_ALLOCATION_ALLOCATE","Agent 2",64,"0x00007467523ed000",2475,89655512181459,89655512182659
"MEMORY_ALLOCATION","MEMORY_ALLOCATION_ALLOCATE","Agent 2",476,"0x00007467523ee000",2485,89655512358062,89655512358832
"MEMORY_ALLOCATION","MEMORY_ALLOCATION_ALLOCATE","Agent 2",8388608,"0x0000746745000000",2501,89655513885627,89655513961838
"MEMORY_ALLOCATION","MEMORY_ALLOCATION_ALLOCATE","Agent 2",1048576,"0x0000746744c00000",2567,89655520657400,89655520739792
"MEMORY_ALLOCATION","MEMORY_ALLOCATION_ALLOCATE","Agent 2",64,"0x00007467523ef000",2577,89655522806056,89655522809736
"MEMORY_ALLOCATION","MEMORY_ALLOCATION_ALLOCATE","Agent 2",476,"0x00007467523f0000",2587,89655522966319,89655522967309
"MEMORY_ALLOCATION","MEMORY_ALLOCATION_ALLOCATE","Agent 2",8388608,"0x0000746744200000",2603,89655524595276,89655524658217
"MEMORY_ALLOCATION","MEMORY_ALLOCATION_ALLOCATE","Agent 2",2097152,"0x0000746743e00000",2669,89655530912522,89655531038244
"MEMORY_ALLOCATION","MEMORY_ALLOCATION_ALLOCATE","Agent 2",64,"0x00007467523f1000",2687,89655533293991,89655533297911
"MEMORY_ALLOCATION","MEMORY_ALLOCATION_ALLOCATE","Agent 2",476,"0x00007467523f2000",2697,89655533455214,89655533456124
"MEMORY_ALLOCATION","MEMORY_ALLOCATION_ALLOCATE","Agent 2",25165824,"0x0000746742400000",2713,89655535079751,89655535140772
"MEMORY_ALLOCATION","MEMORY_ALLOCATION_ALLOCATE","Agent 2",3145728,"0x0000746741e00000",2907,89655553090592,89655553188264
"MEMORY_ALLOCATION","MEMORY_ALLOCATION_ALLOCATE","Agent 2",64,"0x00007467523f3000",2933,89655562472539,89655562477749
"MEMORY_ALLOCATION","MEMORY_ALLOCATION_ALLOCATE","Agent 2",476,"0x00007467523f4000",2943,89655562642882,89655562643822
"MEMORY_ALLOCATION","MEMORY_ALLOCATION_ALLOCATE","Agent 2",25165824,"0x0000746740400000",2959,89655564326660,89655564411601
"MEMORY_ALLOCATION","MEMORY_ALLOCATION_ALLOCATE","Agent 2",3145728,"0x000074673fe00000",3153,89655582472583,89655582597115
"MEMORY_ALLOCATION","MEMORY_ALLOCATION_ALLOCATE","Agent 2",64,"0x00007467523f5000",3179,89655591486124,89655591490764
"MEMORY_ALLOCATION","MEMORY_ALLOCATION_ALLOCATE","Agent 2",476,"0x00007467523f6000",3189,89655591656377,89655591657327
"MEMORY_ALLOCATION","MEMORY_ALLOCATION_ALLOCATE","Agent 2",25165824,"0x000074673e400000",3205,89655593298114,89655593360745
"MEMORY_ALLOCATION","MEMORY_ALLOCATION_ALLOCATE","Agent 2",3145728,"0x000074673de00000",3399,89655611432527,89655611537739
"MEMORY_ALLOCATION","MEMORY_ALLOCATION_ALLOCATE","Agent 2",64,"0x00007467523f7000",3425,89655620333586,89655620338716
"MEMORY_ALLOCATION","MEMORY_ALLOCATION_ALLOCATE","Agent 2",476,"0x00007467523f8000",3435,89655620523279,89655620524239
"MEMORY_ALLOCATION","MEMORY_ALLOCATION_ALLOCATE","Agent 2",128,"0x00007467523f9000",3445,89655620700832,89655620702162
"MEMORY_ALLOCATION","MEMORY_ALLOCATION_ALLOCATE","Agent 2",128,"0x00007467523fa000",3449,89655620717042,89655620717572
"MEMORY_ALLOCATION","MEMORY_ALLOCATION_ALLOCATE","Agent 2",16384,"0x00007467523fb000",3453,89655620731713,89655620732473
"MEMORY_ALLOCATION","MEMORY_ALLOCATION_ALLOCATE","Agent 2",16384,"0x0000746744d00000",3457,89655620753043,89655620754633
"MEMORY_ALLOCATION","MEMORY_ALLOCATION_ALLOCATE","Agent 2",512,"0x00007467523ff000",3461,89655620774153,89655620774763
"MEMORY_ALLOCATION","MEMORY_ALLOCATION_ALLOCATE","Agent 2",131072,"0x0000746744d04000",3465,89655620787684,89655620788254
"MEMORY_ALLOCATION","MEMORY_ALLOCATION_ALLOCATE","Agent 2",131072,"0x0000746744d24000",3469,89655620846155,89655620846915
"MEMORY_ALLOCATION","MEMORY_ALLOCATION_ALLOCATE","Agent 2",16384,"0x0000746744d44000",3471,89655620851695,89655620852235
"MEMORY_ALLOCATION","MEMORY_ALLOCATION_ALLOCATE","Agent 2",16384,"0x0000746744d48000",3473,89655620855675,89655620856115
"MEMORY_ALLOCATION","MEMORY_ALLOCATION_ALLOCATE","Agent 2",32768,"0x0000746744d4c000",3475,89655620859265,89655620859615
"MEMORY_ALLOCATION","MEMORY_ALLOCATION_ALLOCATE","Agent 2",32768,"0x0000746744d54000",3477,89655620862685,89655620863165
"MEMORY_ALLOCATION","MEMORY_ALLOCATION_ALLOCATE","Agent 2",16384,"0x0000746744d5c000",3479,89655620866365,89655620866765
"MEMORY_ALLOCATION","MEMORY_ALLOCATION_ALLOCATE","Agent 2",8192,"0x0000746744d60000",3481,89655620870055,89655620870485
"MEMORY_ALLOCATION","MEMORY_ALLOCATION_ALLOCATE","Agent 2",8192,"0x0000746744d62000",3483,89655620873595,89655620873985
"MEMORY_ALLOCATION","MEMORY_ALLOCATION_ALLOCATE","Agent 2",16384,"0x0000746744d64000",3485,89655620877255,89655620877635
"MEMORY_ALLOCATION","MEMORY_ALLOCATION_ALLOCATE","Agent 2",128,"0x0000746744d68000",3487,89655620881715,89655620882135
"MEMORY_ALLOCATION","MEMORY_ALLOCATION_ALLOCATE","Agent 2",128,"0x0000746744d69000",3489,89655620885145,89655620885555
"MEMORY_ALLOCATION","MEMORY_ALLOCATION_ALLOCATE","Agent 2",2097152,"0x000074673da00000",3491,89655620888515,89655620954766
"MEMORY_ALLOCATION","MEMORY_ALLOCATION_ALLOCATE","Agent 2",16384,"0x0000746744d6a000",3493,89655620959387,89655620960017
"MEMORY_ALLOCATION","MEMORY_ALLOCATION_ALLOCATE","Agent 2",16384,"0x0000746744d6e000",3495,89655620963027,89655620963397
"MEMORY_ALLOCATION","MEMORY_ALLOCATION_ALLOCATE","Agent 2",16384,"0x0000746744d72000",3497,89655620977247,89655620977727
"MEMORY_ALLOCATION","MEMORY_ALLOCATION_ALLOCATE","Agent 2",16384,"0x0000746744d76000",3499,89655620981277,89655620982297
"MEMORY_ALLOCATION","MEMORY_ALLOCATION_ALLOCATE","Agent 2",49152,"0x0000746744d7a000",3501,89655620991477,89655620991887
"MEMORY_ALLOCATION","MEMORY_ALLOCATION_ALLOCATE","Agent 2",16384,"0x0000746744d86000",3503,89655621201271,89655621201841
"MEMORY_ALLOCATION","MEMORY_ALLOCATION_ALLOCATE","Agent 2",16777216,"0x000074673c800000",3529,89655635952467,89655636056519
"MEMORY_ALLOCATION","MEMORY_ALLOCATION_ALLOCATE","Agent 2",2097152,"0x000074673c400000",3659,89655649192038,89655649292270
"MEMORY_ALLOCATION","MEMORY_ALLOCATION_ALLOCATE","Agent 2",64,"0x0000746744d8a000",3677,89655652725017,89655652728167
"MEMORY_ALLOCATION","MEMORY_ALLOCATION_ALLOCATE","Agent 2",476,"0x0000746744d8b000",3687,89655652888590,89655652889530
"MEMORY_ALLOCATION","MEMORY_ALLOCATION_ALLOCATE","Agent 2",65536,"0x0000746744d8c000",3703,89655654512787,89655654514217
"MEMORY_ALLOCATION","MEMORY_ALLOCATION_ALLOCATE","Agent 2",8192,"0x0000746744d9c000",3713,89655655087227,89655655088407
"MEMORY_ALLOCATION","MEMORY_ALLOCATION_ALLOCATE","Agent 2",64,"0x0000746744d9e000",3723,89655655449123,89655655450083
"MEMORY_ALLOCATION","MEMORY_ALLOCATION_ALLOCATE","Agent 2",476,"0x0000746744d9f000",3733,89655655610326,89655655611096
"MEMORY_ALLOCATION","MEMORY_ALLOCATION_ALLOCATE","Agent 2",65536,"0x0000746744da0000",3749,89655657097410,89655657098660
"MEMORY_ALLOCATION","MEMORY_ALLOCATION_ALLOCATE","Agent 2",8192,"0x0000746744db0000",3759,89655657740081,89655657741331
"MEMORY_ALLOCATION","MEMORY_ALLOCATION_ALLOCATE","Agent 2",64,"0x0000746744db2000",3769,89655658041316,89655658042596
"MEMORY_ALLOCATION","MEMORY_ALLOCATION_ALLOCATE","Agent 2",476,"0x0000746744db3000",3779,89655658203879,89655658204759
"MEMORY_ALLOCATION","MEMORY_ALLOCATION_ALLOCATE","Agent 2",8388608,"0x000074673ba00000",3795,89655659673363,89655659737154
"MEMORY_ALLOCATION","MEMORY_ALLOCATION_ALLOCATE","Agent 2",1048576,"0x000074673b600000",3861,89655666365045,89655666457177
"MEMORY_ALLOCATION","MEMORY_ALLOCATION_ALLOCATE","Agent 2",64,"0x0000746744db4000",3871,89655668460180,89655668462300
"MEMORY_ALLOCATION","MEMORY_ALLOCATION_ALLOCATE","Agent 2",476,"0x0000746744db5000",3881,89655668617903,89655668618983
"MEMORY_ALLOCATION","MEMORY_ALLOCATION_ALLOCATE","Agent 2",8388608,"0x000074673ac00000",3897,89655670182939,89655670239370
"MEMORY_ALLOCATION","MEMORY_ALLOCATION_ALLOCATE","Agent 2",2097152,"0x000074673a800000",3963,89655677281258,89655677372759
"MEMORY_ALLOCATION","MEMORY_ALLOCATION_ALLOCATE","Agent 2",64,"0x0000746744db6000",3981,89655679857021,89655679860231
"MEMORY_ALLOCATION","MEMORY_ALLOCATION_ALLOCATE","Agent 2",476,"0x0000746744db7000",3991,89655680030154,89655680031084
"MEMORY_ALLOCATION","MEMORY_ALLOCATION_ALLOCATE","Agent 2",25165824,"0x0000746738e00000",4007,89655681573569,89655681641591
"MEMORY_ALLOCATION","MEMORY_ALLOCATION_ALLOCATE","Agent 2",3145728,"0x0000746738800000",4201,89655700080479,89655700185980
"MEMORY_ALLOCATION","MEMORY_ALLOCATION_ALLOCATE","Agent 2",64,"0x0000746744db8000",4227,89655708656152,89655708659432
"MEMORY_ALLOCATION","MEMORY_ALLOCATION_ALLOCATE","Agent 2",476,"0x0000746744db9000",4237,89655708839965,89655708841045
"MEMORY_ALLOCATION","MEMORY_ALLOCATION_ALLOCATE","Agent 2",25165824,"0x0000746736e00000",4253,89655710406561,89655710483373
"MEMORY_ALLOCATION","MEMORY_ALLOCATION_ALLOCATE","Agent 2",3145728,"0x0000746736200000",4447,89655729856466,89655729966068
"MEMORY_ALLOCATION","MEMORY_ALLOCATION_ALLOCATE","Agent 2",64,"0x0000746744dba000",4473,89655738363048,89655738367059
"MEMORY_ALLOCATION","MEMORY_ALLOCATION_ALLOCATE","Agent 2",476,"0x0000746744dbb000",4483,89655738543231,89655738544232
"MEMORY_ALLOCATION","MEMORY_ALLOCATION_ALLOCATE","Agent 2",25165824,"0x0000746734800000",4499,89655740122598,89655740190959
"MEMORY_ALLOCATION","MEMORY_ALLOCATION_ALLOCATE","Agent 2",3145728,"0x0000746734200000",4693,89655758663038,89655758768809
"MEMORY_ALLOCATION","MEMORY_ALLOCATION_ALLOCATE","Agent 2",64,"0x0000746744dbc000",4719,89655767112469,89655767116969
"MEMORY_ALLOCATION","MEMORY_ALLOCATION_ALLOCATE","Agent 2",476,"0x0000746744dbd000",4729,89655767329333,89655767330473
"MEMORY_ALLOCATION","MEMORY_ALLOCATION_ALLOCATE","Agent 2",128,"0x0000746744dbe000",4739,89655767507866,89655767508766
"MEMORY_ALLOCATION","MEMORY_ALLOCATION_ALLOCATE","Agent 2",128,"0x0000746744dbf000",4743,89655767523976,89655767524546
"MEMORY_ALLOCATION","MEMORY_ALLOCATION_ALLOCATE","Agent 2",16384,"0x0000746744dc0000",4747,89655767537276,89655767537806
"MEMORY_ALLOCATION","MEMORY_ALLOCATION_ALLOCATE","Agent 2",16384,"0x0000746744dc4000",4751,89655767555756,89655767557006
"MEMORY_ALLOCATION","MEMORY_ALLOCATION_ALLOCATE","Agent 2",512,"0x0000746744dc8000",4755,89655767579097,89655767579867
"MEMORY_ALLOCATION","MEMORY_ALLOCATION_ALLOCATE","Agent 2",131072,"0x0000746744dc9000",4759,89655767593097,89655767593827
"MEMORY_ALLOCATION","MEMORY_ALLOCATION_ALLOCATE","Agent 2",131072,"0x000074673b700000",4763,89655767651498,89655767652988
"MEMORY_ALLOCATION","MEMORY_ALLOCATION_ALLOCATE","Agent 2",16384,"0x0000746744de9000",4765,89655767657048,89655767657708
"MEMORY_ALLOCATION","MEMORY_ALLOCATION_ALLOCATE","Agent 2",16384,"0x0000746744ded000",4767,89655767661118,89655767661548
"MEMORY_ALLOCATION","MEMORY_ALLOCATION_ALLOCATE","Agent 2",32768,"0x0000746744df1000",4769,89655767664648,89655767665068
"MEMORY_ALLOCATION","MEMORY_ALLOCATION_ALLOCATE","Agent 2",32768,"0x000074673b720000",4771,89655767668608,89655767669348
"MEMORY_ALLOCATION","MEMORY_ALLOCATION_ALLOCATE","Agent 2",16384,"0x0000746744df9000",4773,89655767684528,89655767685038
"MEMORY_ALLOCATION","MEMORY_ALLOCATION_ALLOCATE","Agent 2",8192,"0x0000746744dfd000",4775,89655767688199,89655767688599
"MEMORY_ALLOCATION","MEMORY_ALLOCATION_ALLOCATE","Agent 2",8192,"0x000074673b728000",4777,89655767691539,89655767691969
"MEMORY_ALLOCATION","MEMORY_ALLOCATION_ALLOCATE","Agent 2",16384,"0x000074673b72a000",4779,89655767695109,89655767695759
"MEMORY_ALLOCATION","MEMORY_ALLOCATION_ALLOCATE","Agent 2",128,"0x0000746744dff000",4781,89655767698759,89655767699249
"MEMORY_ALLOCATION","MEMORY_ALLOCATION_ALLOCATE","Agent 2",128,"0x000074673b72e000",4783,89655767702529,89655767703169
"MEMORY_ALLOCATION","MEMORY_ALLOCATION_ALLOCATE","Agent 2",2097152,"0x0000746733e00000",4785,89655767706219,89655767765250
"MEMORY_ALLOCATION","MEMORY_ALLOCATION_ALLOCATE","Agent 2",16384,"0x000074673b72f000",4787,89655767769690,89655767770220
"MEMORY_ALLOCATION","MEMORY_ALLOCATION_ALLOCATE","Agent 2",16384,"0x000074673b733000",4789,89655767773200,89655767773680
"MEMORY_ALLOCATION","MEMORY_ALLOCATION_ALLOCATE","Agent 2",16384,"0x000074673b737000",4791,89655767776880,89655767777280
"MEMORY_ALLOCATION","MEMORY_ALLOCATION_ALLOCATE","Agent 2",16384,"0x000074673b73b000",4793,89655767780230,89655767780630
"MEMORY_ALLOCATION","MEMORY_ALLOCATION_ALLOCATE","Agent 2",49152,"0x000074673b73f000",4795,89655767783660,89655767784100
"MEMORY_ALLOCATION","MEMORY_ALLOCATION_ALLOCATE","Agent 2",16384,"0x000074673b74b000",4797,89655767786960,89655767787440
"MEMORY_ALLOCATION","MEMORY_ALLOCATION_ALLOCATE","Agent 2",16777216,"0x0000746732c00000",4823,89655782947013,89655783162587
"MEMORY_ALLOCATION","MEMORY_ALLOCATION_ALLOCATE","Agent 2",2097152,"0x0000746732800000",4953,89655799286767,89655799400019
"MEMORY_ALLOCATION","MEMORY_ALLOCATION_ALLOCATE","Agent 2",64,"0x000074673b74f000",4971,89655802948988,89655802955158
"MEMORY_ALLOCATION","MEMORY_ALLOCATION_ALLOCATE","Agent 2",476,"0x000074673b750000",4981,89655803193972,89655803195152
"MEMORY_ALLOCATION","MEMORY_ALLOCATION_ALLOCATE","Agent 2",2097152,"0x0000746732400000",4997,89655804850190,89655804964542
"MEMORY_ALLOCATION","MEMORY_ALLOCATION_ALLOCATE","Agent 2",524288,"0x000074673b751000",5015,89655808088954,89655808095624
"MEMORY_ALLOCATION","MEMORY_ALLOCATION_ALLOCATE","Agent 2",64,"0x000074673b7d1000",5025,89655809122111,89655809125201
"MEMORY_ALLOCATION","MEMORY_ALLOCATION_ALLOCATE","Agent 2",476,"0x000074673b7d2000",5035,89655809317334,89655809318254
"MEMORY_ALLOCATION","MEMORY_ALLOCATION_ALLOCATE","Agent 2",2097152,"0x0000746732000000",5051,89655810938411,89655811091814
"MEMORY_ALLOCATION","MEMORY_ALLOCATION_ALLOCATE","Agent 2",524288,"0x0000746731c00000",5069,89655813874900,89655813988142
"MEMORY_ALLOCATION","MEMORY_ALLOCATION_ALLOCATE","Agent 2",64,"0x000074673b7d3000",5079,89655815037280,89655815041190
"MEMORY_ALLOCATION","MEMORY_ALLOCATION_ALLOCATE","Agent 2",476,"0x000074673b7d4000",5089,89655815233693,89655815234663
"MEMORY_ALLOCATION","MEMORY_ALLOCATION_ALLOCATE","Agent 2",8388608,"0x0000746731200000",5105,89655816935472,89655817091984
"MEMORY_ALLOCATION","MEMORY_ALLOCATION_ALLOCATE","Agent 2",2097152,"0x0000746730e00000",5171,89655824628170,89655824741032
"MEMORY_ALLOCATION","MEMORY_ALLOCATION_ALLOCATE","Agent 2",64,"0x000074673b7d5000",5189,89655827296825,89655827304695
"MEMORY_ALLOCATION","MEMORY_ALLOCATION_ALLOCATE","Agent 2",476,"0x000074673b7d6000",5199,89655827501068,89655827502088
"MEMORY_ALLOCATION","MEMORY_ALLOCATION_ALLOCATE","Agent 2",25165824,"0x000074672f400000",5215,89655829233297,89655829375489
"MEMORY_ALLOCATION","MEMORY_ALLOCATION_ALLOCATE","Agent 2",3145728,"0x000074672ee00000",5409,89655851951177,89655852096159
"MEMORY_ALLOCATION","MEMORY_ALLOCATION_ALLOCATE","Agent 2",64,"0x000074673b7d7000",5435,89655861729210,89655861735740
"MEMORY_ALLOCATION","MEMORY_ALLOCATION_ALLOCATE","Agent 2",476,"0x000074673b7d8000",5445,89655861948344,89655861949324
"MEMORY_ALLOCATION","MEMORY_ALLOCATION_ALLOCATE","Agent 2",25165824,"0x000074672d400000",5461,89655863724563,89655863847126
"MEMORY_ALLOCATION","MEMORY_ALLOCATION_ALLOCATE","Agent 2",3145728,"0x000074672ce00000",5655,89655886152078,89655886253630
"MEMORY_ALLOCATION","MEMORY_ALLOCATION_ALLOCATE","Agent 2",64,"0x000074673b7d9000",5681,89655895916612,89655895923872
"MEMORY_ALLOCATION","MEMORY_ALLOCATION_ALLOCATE","Agent 2",476,"0x000074673b7da000",5691,89655896152435,89655896153576
"MEMORY_ALLOCATION","MEMORY_ALLOCATION_ALLOCATE","Agent 2",25165824,"0x000074672b400000",5707,89655897847814,89655897980986
"MEMORY_ALLOCATION","MEMORY_ALLOCATION_ALLOCATE","Agent 2",3145728,"0x000074672ae00000",5901,89655918686982,89655918793654
"MEMORY_ALLOCATION","MEMORY_ALLOCATION_ALLOCATE","Agent 2",64,"0x000074673b7db000",5927,89655929121396,89655929128837
"MEMORY_ALLOCATION","MEMORY_ALLOCATION_ALLOCATE","Agent 2",476,"0x000074673b7dc000",5937,89655929347150,89655929348280
"MEMORY_ALLOCATION","MEMORY_ALLOCATION_ALLOCATE","Agent 2",16384,"0x000074673b7dd000",5947,89655929525343,89655929526373
"MEMORY_ALLOCATION","MEMORY_ALLOCATION_ALLOCATE","Agent 2",1024,"0x000074673b7e1000",5951,89655929554204,89655929555004
"MEMORY_ALLOCATION","MEMORY_ALLOCATION_ALLOCATE","Agent 2",1024,"0x000074673b7e2000",5955,89655929778127,89655929779067
"MEMORY_ALLOCATION","MEMORY_ALLOCATION_ALLOCATE","Agent 2",16384,"0x000074673b7e3000",5959,89655929793208,89655929793888
"MEMORY_ALLOCATION","MEMORY_ALLOCATION_ALLOCATE","Agent 2",64,"0x000074673b7e7000",5963,89655929836258,89655929837028
"MEMORY_ALLOCATION","MEMORY_ALLOCATION_ALLOCATE","Agent 2",16384,"0x000074673b7e8000",5965,89655929857969,89655929858479
"MEMORY_ALLOCATION","MEMORY_ALLOCATION_ALLOCATE","Agent 2",16384,"0x000074673b7ec000",5967,89655929861719,89655929862879
"MEMORY_ALLOCATION","MEMORY_ALLOCATION_ALLOCATE","Agent 2",32768,"0x000074673b7f0000",5969,89655929867329,89655929867799
"MEMORY_ALLOCATION","MEMORY_ALLOCATION_ALLOCATE","Agent 2",16384,"0x000074673b7f8000",5971,89655929870869,89655929871519
"MEMORY_ALLOCATION","MEMORY_ALLOCATION_ALLOCATE","Agent 2",4096,"0x000074673b7fc000",5973,89655929874739,89655929875289
"MEMORY_ALLOCATION","MEMORY_ALLOCATION_ALLOCATE","Agent 2",4096,"0x000074673b7fd000",5975,89655929878289,89655929878679
"MEMORY_ALLOCATION","MEMORY_ALLOCATION_ALLOCATE","Agent 2",16384,"0x0000746731c80000",5977,89655929881569,89655929882729
"MEMORY_ALLOCATION","MEMORY_ALLOCATION_ALLOCATE","Agent 2",4096,"0x000074673b7fe000",5979,89655929886079,89655929886699
"MEMORY_ALLOCATION","MEMORY_ALLOCATION_ALLOCATE","Agent 2",16384,"0x0000746731c84000",5981,89655929889639,89655929890109
"MEMORY_ALLOCATION","MEMORY_ALLOCATION_ALLOCATE","Agent 2",4096,"0x000074673b7ff000",5983,89655929893119,89655929893469
"MEMORY_ALLOCATION","MEMORY_ALLOCATION_ALLOCATE","Agent 2",16777216,"0x0000746729c00000",5985,89655929896389,89655929993681
"MEMORY_ALLOCATION","MEMORY_ALLOCATION_ALLOCATE","Agent 2",16777216,"0x0000746728a00000",5987,89655929998191,89655930057502
"MEMORY_ALLOCATION","MEMORY_ALLOCATION_ALLOCATE","Agent 2",16384,"0x0000746731c88000",5989,89655930062222,89655930062992
"MEMORY_ALLOCATION","MEMORY_ALLOCATION_ALLOCATE","Agent 2",16384,"0x0000746731c8c000",5991,89655930066362,89655930066822
"MEMORY_ALLOCATION","MEMORY_ALLOCATION_ALLOCATE","Agent 2",16384,"0x0000746731c90000",5993,89655930069972,89655930070532
"MEMORY_ALLOCATION","MEMORY_ALLOCATION_ALLOCATE","Agent 2",16384,"0x0000746731c94000",5995,89655930073782,89655930074162
"MEMORY_ALLOCATION","MEMORY_ALLOCATION_ALLOCATE","Agent 2",49152,"0x0000746731c98000",5997,89655930077122,89655930077452
"MEMORY_ALLOCATION","MEMORY_ALLOCATION_ALLOCATE","Agent 2",16384,"0x0000746731ca4000",5999,89655930080562,89655930080972
"MEMORY_ALLOCATION","MEMORY_ALLOCATION_ALLOCATE","Agent 2",528384,"0x0000746731ca8000",6001,89655930084432,89655930084842
"MEMORY_ALLOCATION","MEMORY_ALLOCATION_ALLOCATE","Agent 2",16777216,"0x0000746727800000",6046,89656005355721,89656005864559
"MEMORY_ALLOCATION","MEMORY_ALLOCATION_ALLOCATE","Agent 2",2097152,"0x0000746727400000",6176,89656018531421,89656018721404
"MEMORY_ALLOCATION","MEMORY_ALLOCATION_ALLOCATE","Agent 2",64,"0x0000746731d29000",6194,89656022209652,89656022212292
"MEMORY_ALLOCATION","MEMORY_ALLOCATION_ALLOCATE","Agent 2",476,"0x0000746731d2a000",6204,89656022395875,89656022396995
"MEMORY_ALLOCATION","MEMORY_ALLOCATION_ALLOCATE","Agent 2",65536,"0x0000746731d2b000",6220,89656023974722,89656023976112
"MEMORY_ALLOCATION","MEMORY_ALLOCATION_ALLOCATE","Agent 2",8192,"0x0000746731d3b000",6230,89656024389139,89656024390469
"MEMORY_ALLOCATION","MEMORY_ALLOCATION_ALLOCATE","Agent 2",64,"0x0000746731d3d000",6240,89656024704544,89656024705534
"MEMORY_ALLOCATION","MEMORY_ALLOCATION_ALLOCATE","Agent 2",476,"0x0000746731d3e000",6250,89656024850466,89656024851356
"MEMORY_ALLOCATION","MEMORY_ALLOCATION_ALLOCATE","Agent 2",65536,"0x0000746731d3f000",6266,89656026359592,89656026360962
"MEMORY_ALLOCATION","MEMORY_ALLOCATION_ALLOCATE","Agent 2",8192,"0x0000746731d4f000",6276,89656026750428,89656026751688
"MEMORY_ALLOCATION","MEMORY_ALLOCATION_ALLOCATE","Agent 2",64,"0x0000746731d51000",6286,89656027057203,89656027058243
"MEMORY_ALLOCATION","MEMORY_ALLOCATION_ALLOCATE","Agent 2",476,"0x0000746731d52000",6296,89656027205916,89656027206726
"MEMORY_ALLOCATION","MEMORY_ALLOCATION_ALLOCATE","Agent 2",8388608,"0x0000746726a00000",6312,89656028963645,89656029152908
"MEMORY_ALLOCATION","MEMORY_ALLOCATION_ALLOCATE","Agent 2",1048576,"0x0000746726600000",6378,89656035481364,89656035574666
"MEMORY_ALLOCATION","MEMORY_ALLOCATION_ALLOCATE","Agent 2",64,"0x0000746731d53000",6388,89656037146432,89656037149142
"MEMORY_ALLOCATION","MEMORY_ALLOCATION_ALLOCATE","Agent 2",476,"0x0000746731d54000",6398,89656037303674,89656037304954
"MEMORY_ALLOCATION","MEMORY_ALLOCATION_ALLOCATE","Agent 2",8388608,"0x0000746725c00000",6414,89656038853670,89656038909991
"MEMORY_ALLOCATION","MEMORY_ALLOCATION_ALLOCATE","Agent 2",2097152,"0x0000746725800000",6480,89656045157676,89656045243447
"MEMORY_ALLOCATION","MEMORY_ALLOCATION_ALLOCATE","Agent 2",64,"0x0000746731d55000",6498,89656047240170,89656047243041
"MEMORY_ALLOCATION","MEMORY_ALLOCATION_ALLOCATE","Agent 2",476,"0x0000746731d56000",6508,89656047416743,89656047418373
"MEMORY_ALLOCATION","MEMORY_ALLOCATION_ALLOCATE","Agent 2",25165824,"0x0000746723e00000",6524,89656048950509,89656049033920
"MEMORY_ALLOCATION","MEMORY_ALLOCATION_ALLOCATE","Agent 2",3145728,"0x0000746723800000",6718,89656066883249,89656066986620
"MEMORY_ALLOCATION","MEMORY_ALLOCATION_ALLOCATE","Agent 2",64,"0x0000746731d57000",6744,89656075134907,89656075138037
"MEMORY_ALLOCATION","MEMORY_ALLOCATION_ALLOCATE","Agent 2",476,"0x0000746731d58000",6754,89656075297519,89656075298589
"MEMORY_ALLOCATION","MEMORY_ALLOCATION_ALLOCATE","Agent 2",25165824,"0x0000746721e00000",6770,89656076895916,89656076963607
"MEMORY_ALLOCATION","MEMORY_ALLOCATION_ALLOCATE","Agent 2",3145728,"0x0000746721800000",6964,89656094568191,89656094675943
"MEMORY_ALLOCATION","MEMORY_ALLOCATION_ALLOCATE","Agent 2",64,"0x0000746731d59000",6990,89656103574432,89656103579332
"MEMORY_ALLOCATION","MEMORY_ALLOCATION_ALLOCATE","Agent 2",476,"0x0000746731d5a000",7000,89656103740605,89656103741925
"MEMORY_ALLOCATION","MEMORY_ALLOCATION_ALLOCATE","Agent 2",25165824,"0x000074671fe00000",7016,89656105597696,89656105676447
"MEMORY_ALLOCATION","MEMORY_ALLOCATION_ALLOCATE","Agent 2",3145728,"0x000074671f800000",7210,89656123974053,89656124093395
"MEMORY_ALLOCATION","MEMORY_ALLOCATION_ALLOCATE","Agent 2",64,"0x0000746731d5b000",7236,89656132083578,89656132088289
"MEMORY_ALLOCATION","MEMORY_ALLOCATION_ALLOCATE","Agent 2",476,"0x0000746731d5c000",7246,89656132251701,89656132252991
"MEMORY_ALLOCATION","MEMORY_ALLOCATION_ALLOCATE","Agent 2",128,"0x0000746731d5d000",7256,89656132426534,89656132427484
"MEMORY_ALLOCATION","MEMORY_ALLOCATION_ALLOCATE","Agent 2",128,"0x0000746731d5e000",7260,89656132441334,89656132442004
"MEMORY_ALLOCATION","MEMORY_ALLOCATION_ALLOCATE","Agent 2",16384,"0x0000746731d5f000",7264,89656132453285,89656132453855
"MEMORY_ALLOCATION","MEMORY_ALLOCATION_ALLOCATE","Agent 2",16384,"0x0000746731d63000",7268,89656132470315,89656132470805
"MEMORY_ALLOCATION","MEMORY_ALLOCATION_ALLOCATE","Agent 2",512,"0x0000746731d67000",7272,89656132489875,89656132490515
"MEMORY_ALLOCATION","MEMORY_ALLOCATION_ALLOCATE","Agent 2",131072,"0x0000746731d68000",7276,89656132501695,89656132502285
"MEMORY_ALLOCATION","MEMORY_ALLOCATION_ALLOCATE","Agent 2",131072,"0x0000746731d88000",7280,89656132562456,89656132563666
"MEMORY_ALLOCATION","MEMORY_ALLOCATION_ALLOCATE","Agent 2",16384,"0x0000746731da8000",7282,89656132567087,89656132567467
"MEMORY_ALLOCATION","MEMORY_ALLOCATION_ALLOCATE","Agent 2",16384,"0x0000746731dac000",7284,89656132570507,89656132570867
"MEMORY_ALLOCATION","MEMORY_ALLOCATION_ALLOCATE","Agent 2",32768,"0x0000746731db0000",7286,89656132573877,89656132574237
"MEMORY_ALLOCATION","MEMORY_ALLOCATION_ALLOCATE","Agent 2",32768,"0x0000746731db8000",7288,89656132577207,89656132577577
"MEMORY_ALLOCATION","MEMORY_ALLOCATION_ALLOCATE","Agent 2",16384,"0x0000746731dc0000",7290,89656132580587,89656132580927
"MEMORY_ALLOCATION","MEMORY_ALLOCATION_ALLOCATE","Agent 2",8192,"0x0000746731dc4000",7292,89656132583907,89656132584237
"MEMORY_ALLOCATION","MEMORY_ALLOCATION_ALLOCATE","Agent 2",8192,"0x0000746731dc6000",7294,89656132587257,89656132587617
"MEMORY_ALLOCATION","MEMORY_ALLOCATION_ALLOCATE","Agent 2",16384,"0x0000746731dc8000",7296,89656132590767,89656132591167
"MEMORY_ALLOCATION","MEMORY_ALLOCATION_ALLOCATE","Agent 2",128,"0x0000746731dcc000",7298,89656132594297,89656132594707
"MEMORY_ALLOCATION","MEMORY_ALLOCATION_ALLOCATE","Agent 2",128,"0x0000746731dcd000",7300,89656132597727,89656132598117
"MEMORY_ALLOCATION","MEMORY_ALLOCATION_ALLOCATE","Agent 2",2097152,"0x000074671f400000",7302,89656132601297,89656132667788
"MEMORY_ALLOCATION","MEMORY_ALLOCATION_ALLOCATE","Agent 2",16384,"0x0000746731dce000",7304,89656132672428,89656132673368
"MEMORY_ALLOCATION","MEMORY_ALLOCATION_ALLOCATE","Agent 2",16384,"0x0000746731dd2000",7306,89656132676648,89656132677108
"MEMORY_ALLOCATION","MEMORY_ALLOCATION_ALLOCATE","Agent 2",16384,"0x0000746731dd6000",7308,89656132680528,89656132680918
"MEMORY_ALLOCATION","MEMORY_ALLOCATION_ALLOCATE","Agent 2",16384,"0x0000746731dda000",7310,89656132683858,89656132684239
"MEMORY_ALLOCATION","MEMORY_ALLOCATION_ALLOCATE","Agent 2",49152,"0x0000746731dde000",7312,89656132687219,89656132687589
"MEMORY_ALLOCATION","MEMORY_ALLOCATION_ALLOCATE","Agent 2",16384,"0x0000746731dea000",7314,89656132690609,89656132691009
"MEMORY_ALLOCATION","MEMORY_ALLOCATION_ALLOCATE","Agent 2",16777216,"0x000074671e200000",7340,89656145992811,89656146106633
"MEMORY_ALLOCATION","MEMORY_ALLOCATION_ALLOCATE","Agent 2",2097152,"0x000074671de00000",7470,89656158697653,89656158798625
"MEMORY_ALLOCATION","MEMORY_ALLOCATION_ALLOCATE","Agent 2",64,"0x0000746731dee000",7488,89656161933107,89656161937287
"MEMORY_ALLOCATION","MEMORY_ALLOCATION_ALLOCATE","Agent 2",476,"0x0000746731def000",7498,89656162089260,89656162090280
"MEMORY_ALLOCATION","MEMORY_ALLOCATION_ALLOCATE","Agent 2",65536,"0x0000746731df0000",7514,89656163739578,89656163740918
"MEMORY_ALLOCATION","MEMORY_ALLOCATION_ALLOCATE","Agent 2",8192,"0x0000746726700000",7524,89656164121294,89656164123024
"MEMORY_ALLOCATION","MEMORY_ALLOCATION_ALLOCATE","Agent 2",64,"0x0000746726702000",7534,89656164399949,89656164400929
"MEMORY_ALLOCATION","MEMORY_ALLOCATION_ALLOCATE","Agent 2",476,"0x0000746726703000",7544,89656164539381,89656164540141
"MEMORY_ALLOCATION","MEMORY_ALLOCATION_ALLOCATE","Agent 2",65536,"0x0000746726704000",7560,89656166030556,89656166031896
"MEMORY_ALLOCATION","MEMORY_ALLOCATION_ALLOCATE","Agent 2",8192,"0x0000746726714000",7570,89656166425062,89656166426582
"MEMORY_ALLOCATION","MEMORY_ALLOCATION_ALLOCATE","Agent 2",64,"0x0000746726716000",7580,89656166726557,89656166727617
"MEMORY_ALLOCATION","MEMORY_ALLOCATION_ALLOCATE","Agent 2",476,"0x0000746726717000",7590,89656166872850,89656166873640
"MEMORY_ALLOCATION","MEMORY_ALLOCATION_ALLOCATE","Agent 2",8388608,"0x000074671d400000",7606,89656168371805,89656168436916
"MEMORY_ALLOCATION","MEMORY_ALLOCATION_ALLOCATE","Agent 2",1048576,"0x000074671d000000",7672,89656174726991,89656174825653
"MEMORY_ALLOCATION","MEMORY_ALLOCATION_ALLOCATE","Agent 2",64,"0x0000746726718000",7682,89656176360718,89656176363479
"MEMORY_ALLOCATION","MEMORY_ALLOCATION_ALLOCATE","Agent 2",476,"0x0000746726719000",7692,89656176515151,89656176516181
"MEMORY_ALLOCATION","MEMORY_ALLOCATION_ALLOCATE","Agent 2",8388608,"0x000074671c600000",7708,89656178245520,89656178320921
"MEMORY_ALLOCATION","MEMORY_ALLOCATION_ALLOCATE","Agent 2",2097152,"0x000074671c200000",7774,89656184715468,89656184800250
"MEMORY_ALLOCATION","MEMORY_ALLOCATION_ALLOCATE","Agent 2",64,"0x000074672671a000",7792,89656187203890,89656187206490
"MEMORY_ALLOCATION","MEMORY_ALLOCATION_ALLOCATE","Agent 2",476,"0x000074672671b000",7802,89656187367692,89656187368802
"MEMORY_ALLOCATION","MEMORY_ALLOCATION_ALLOCATE","Agent 2",25165824,"0x000074671a800000",7818,89656188923098,89656188991170
"MEMORY_ALLOCATION","MEMORY_ALLOCATION_ALLOCATE","Agent 2",3145728,"0x000074671a200000",8012,89656206793567,89656206907079
"MEMORY_ALLOCATION","MEMORY_ALLOCATION_ALLOCATE","Agent 2",64,"0x000074672671c000",8038,89656215123126,89656215127466
"MEMORY_ALLOCATION","MEMORY_ALLOCATION_ALLOCATE","Agent 2",476,"0x000074672671d000",8048,89656215315219,89656215316299
"MEMORY_ALLOCATION","MEMORY_ALLOCATION_ALLOCATE","Agent 2",25165824,"0x0000746718800000",8064,89656217117680,89656217186171
"MEMORY_ALLOCATION","MEMORY_ALLOCATION_ALLOCATE","Agent 2",3145728,"0x0000746718200000",8258,89656235154961,89656235255553
"MEMORY_ALLOCATION","MEMORY_ALLOCATION_ALLOCATE","Agent 2",64,"0x000074672671e000",8284,89656243815806,89656243820606
"MEMORY_ALLOCATION","MEMORY_ALLOCATION_ALLOCATE","Agent 2",476,"0x000074672671f000",8294,89656243993129,89656243994269
"MEMORY_ALLOCATION","MEMORY_ALLOCATION_ALLOCATE","Agent 2",25165824,"0x0000746715c00000",8310,89656245674347,89656245759958
"MEMORY_ALLOCATION","MEMORY_ALLOCATION_ALLOCATE","Agent 2",3145728,"0x0000746715600000",8504,89656265181943,89656265292895
"MEMORY_ALLOCATION","MEMORY_ALLOCATION_ALLOCATE","Agent 2",64,"0x0000746726720000",8530,89656273243008,89656273247068
"MEMORY_ALLOCATION","MEMORY_ALLOCATION_ALLOCATE","Agent 2",476,"0x0000746726721000",8540,89656273410350,89656273411361
"MEMORY_ALLOCATION","MEMORY_ALLOCATION_ALLOCATE","Agent 2",128,"0x0000746726722000",8550,89656273608554,89656273609424
"MEMORY_ALLOCATION","MEMORY_ALLOCATION_ALLOCATE","Agent 2",128,"0x0000746726723000",8554,89656273623264,89656273623804
"MEMORY_ALLOCATION","MEMORY_ALLOCATION_ALLOCATE","Agent 2",16384,"0x0000746726724000",8558,89656273635204,89656273635724
"MEMORY_ALLOCATION","MEMORY_ALLOCATION_ALLOCATE","Agent 2",16384,"0x0000746726728000",8562,89656273652375,89656273652965
"MEMORY_ALLOCATION","MEMORY_ALLOCATION_ALLOCATE","Agent 2",512,"0x000074672672c000",8566,89656273669475,89656273670065
"MEMORY_ALLOCATION","MEMORY_ALLOCATION_ALLOCATE","Agent 2",131072,"0x000074672672d000",8570,89656273681565,89656273682055
"MEMORY_ALLOCATION","MEMORY_ALLOCATION_ALLOCATE","Agent 2",131072,"0x000074672674d000",8574,89656273739266,89656273740026
"MEMORY_ALLOCATION","MEMORY_ALLOCATION_ALLOCATE","Agent 2",16384,"0x000074672676d000",8576,89656273743516,89656273743956
"MEMORY_ALLOCATION","MEMORY_ALLOCATION_ALLOCATE","Agent 2",16384,"0x0000746726771000",8578,89656273747536,89656273747946
"MEMORY_ALLOCATION","MEMORY_ALLOCATION_ALLOCATE","Agent 2",32768,"0x0000746726775000",8580,89656273751016,89656273751426
"MEMORY_ALLOCATION","MEMORY_ALLOCATION_ALLOCATE","Agent 2",32768,"0x000074672677d000",8582,89656273754776,89656273755186
"MEMORY_ALLOCATION","MEMORY_ALLOCATION_ALLOCATE","Agent 2",16384,"0x0000746726785000",8584,89656273758936,89656273759386
"MEMORY_ALLOCATION","MEMORY_ALLOCATION_ALLOCATE","Agent 2",8192,"0x0000746726789000",8586,89656273762586,89656273763016
"MEMORY_ALLOCATION","MEMORY_ALLOCATION_ALLOCATE","Agent 2",8192,"0x000074672678b000",8588,89656273765946,89656273766436
"MEMORY_ALLOCATION","MEMORY_ALLOCATION_ALLOCATE","Agent 2",16384,"0x000074672678d000",8590,89656273769676,89656273770126
"MEMORY_ALLOCATION","MEMORY_ALLOCATION_ALLOCATE","Agent 2",128,"0x0000746726791000",8592,89656273774647,89656273775117
"MEMORY_ALLOCATION","MEMORY_ALLOCATION_ALLOCATE","Agent 2",128,"0x0000746726792000",8594,89656273778487,89656273778887
"MEMORY_ALLOCATION","MEMORY_ALLOCATION_ALLOCATE","Agent 2",2097152,"0x0000746715200000",8596,89656273781817,89656273859978
"MEMORY_ALLOCATION","MEMORY_ALLOCATION_ALLOCATE","Agent 2",16384,"0x0000746726793000",8598,89656273864618,89656273865318
"MEMORY_ALLOCATION","MEMORY_ALLOCATION_ALLOCATE","Agent 2",16384,"0x0000746726797000",8600,89656273868508,89656273868998
"MEMORY_ALLOCATION","MEMORY_ALLOCATION_ALLOCATE","Agent 2",16384,"0x000074672679b000",8602,89656273871978,89656273872398
"MEMORY_ALLOCATION","MEMORY_ALLOCATION_ALLOCATE","Agent 2",16384,"0x000074672679f000",8604,89656273875398,89656273875798
"MEMORY_ALLOCATION","MEMORY_ALLOCATION_ALLOCATE","Agent 2",49152,"0x00007467267a3000",8606,89656273878738,89656273879138
"MEMORY_ALLOCATION","MEMORY_ALLOCATION_ALLOCATE","Agent 2",16384,"0x00007467267af000",8608,89656273882088,89656273882498
"MEMORY_ALLOCATION","MEMORY_ALLOCATION_ALLOCATE","Agent 2",16777216,"0x0000746714000000",8634,89656287274362,89656287385994
"MEMORY_ALLOCATION","MEMORY_ALLOCATION_ALLOCATE","Agent 2",2097152,"0x0000746713c00000",8764,89656300469283,89656300579165
"MEMORY_ALLOCATION","MEMORY_ALLOCATION_ALLOCATE","Agent 2",64,"0x00007467267b3000",8782,89656304638552,89656304642262
"MEMORY_ALLOCATION","MEMORY_ALLOCATION_ALLOCATE","Agent 2",476,"0x00007467267b4000",8792,89656304803995,89656304804945
"MEMORY_ALLOCATION","MEMORY_ALLOCATION_ALLOCATE","Agent 2",65536,"0x00007467267b5000",8808,89656306406052,89656306407522
"MEMORY_ALLOCATION","MEMORY_ALLOCATION_ALLOCATE","Agent 2",8192,"0x00007467267c5000",8818,89656306844759,89656306845939
"MEMORY_ALLOCATION","MEMORY_ALLOCATION_ALLOCATE","Agent 2",64,"0x00007467267c7000",8828,89656307141034,89656307142114
"MEMORY_ALLOCATION","MEMORY_ALLOCATION_ALLOCATE","Agent 2",476,"0x00007467267c8000",8838,89656307322497,89656307323447
"MEMORY_ALLOCATION","MEMORY_ALLOCATION_ALLOCATE","Agent 2",65536,"0x00007467267c9000",8854,89656308802632,89656308804112
"MEMORY_ALLOCATION","MEMORY_ALLOCATION_ALLOCATE","Agent 2",8192,"0x00007467267d9000",8864,89656309221989,89656309223249
"MEMORY_ALLOCATION","MEMORY_ALLOCATION_ALLOCATE","Agent 2",64,"0x00007467267db000",8874,89656309527164,89656309528304
"MEMORY_ALLOCATION","MEMORY_ALLOCATION_ALLOCATE","Agent 2",476,"0x00007467267dc000",8884,89656309683337,89656309684167
"MEMORY_ALLOCATION","MEMORY_ALLOCATION_ALLOCATE","Agent 2",8388608,"0x0000746713200000",8900,89656311268703,89656311334444
"MEMORY_ALLOCATION","MEMORY_ALLOCATION_ALLOCATE","Agent 2",1048576,"0x000074671d100000",8966,89656317446066,89656317450717
"MEMORY_ALLOCATION","MEMORY_ALLOCATION_ALLOCATE","Agent 2",64,"0x00007467267dd000",8976,89656319277477,89656319281007
"MEMORY_ALLOCATION","MEMORY_ALLOCATION_ALLOCATE","Agent 2",476,"0x00007467267de000",8986,89656319444650,89656319445790
"MEMORY_ALLOCATION","MEMORY_ALLOCATION_ALLOCATE","Agent 2",8388608,"0x0000746712800000",9002,89656320974495,89656321093687
"MEMORY_ALLOCATION","MEMORY_ALLOCATION_ALLOCATE","Agent 2",2097152,"0x0000746712400000",9068,89656327555935,89656327648307
"MEMORY_ALLOCATION","MEMORY_ALLOCATION_ALLOCATE","Agent 2",64,"0x00007467267df000",9086,89656329984976,89656329988976
"MEMORY_ALLOCATION","MEMORY_ALLOCATION_ALLOCATE","Agent 2",476,"0x00007467267e0000",9096,89656330149239,89656330150269
"MEMORY_ALLOCATION","MEMORY_ALLOCATION_ALLOCATE","Agent 2",25165824,"0x0000746710a00000",9112,89656331944199,89656332044200
"MEMORY_ALLOCATION","MEMORY_ALLOCATION_ALLOCATE","Agent 2",3145728,"0x0000746710400000",9306,89656349957870,89656350074632
"MEMORY_ALLOCATION","MEMORY_ALLOCATION_ALLOCATE","Agent 2",64,"0x00007467267e1000",9332,89656356415678,89656356420618
"MEMORY_ALLOCATION","MEMORY_ALLOCATION_ALLOCATE","Agent 2",476,"0x00007467267e2000",9342,89656356593221,89656356594391
"MEMORY_ALLOCATION","MEMORY_ALLOCATION_ALLOCATE","Agent 2",25165824,"0x000074670ea00000",9358,89656358153737,89656358228458
"MEMORY_ALLOCATION","MEMORY_ALLOCATION_ALLOCATE","Agent 2",3145728,"0x000074670e400000",9552,89656376227289,89656376340391
"MEMORY_ALLOCATION","MEMORY_ALLOCATION_ALLOCATE","Agent 2",64,"0x00007467267e3000",9578,89656384307974,89656384312884
"MEMORY_ALLOCATION","MEMORY_ALLOCATION_ALLOCATE","Agent 2",476,"0x00007467267e4000",9588,89656384571738,89656384579358
"MEMORY_ALLOCATION","MEMORY_ALLOCATION_ALLOCATE","Agent 2",25165824,"0x000074670ca00000",9604,89656386866717,89656386988889
"MEMORY_ALLOCATION","MEMORY_ALLOCATION_ALLOCATE","Agent 2",3145728,"0x000074670c400000",9798,89656408146732,89656408260734
"MEMORY_ALLOCATION","MEMORY_ALLOCATION_ALLOCATE","Agent 2",64,"0x00007467267e5000",9824,89656417971276,89656417981867
"MEMORY_ALLOCATION","MEMORY_ALLOCATION_ALLOCATE","Agent 2",476,"0x00007467267e6000",9834,89656418225781,89656418227911
"MEMORY_ALLOCATION","MEMORY_ALLOCATION_ALLOCATE","Agent 2",128,"0x00007467267e7000",9844,89656418496245,89656418497595
"MEMORY_ALLOCATION","MEMORY_ALLOCATION_ALLOCATE","Agent 2",128,"0x00007467267e8000",9848,89656418517316,89656418518166
"MEMORY_ALLOCATION","MEMORY_ALLOCATION_ALLOCATE","Agent 2",16384,"0x00007467267e9000",9852,89656418534406,89656418535356
"MEMORY_ALLOCATION","MEMORY_ALLOCATION_ALLOCATE","Agent 2",16384,"0x00007467267ed000",9856,89656418563856,89656418564756
"MEMORY_ALLOCATION","MEMORY_ALLOCATION_ALLOCATE","Agent 2",512,"0x00007467267f1000",9860,89656418590617,89656418591967
"MEMORY_ALLOCATION","MEMORY_ALLOCATION_ALLOCATE","Agent 2",131072,"0x000074670c000000",9864,89656418610947,89656418708279
"MEMORY_ALLOCATION","MEMORY_ALLOCATION_ALLOCATE","Agent 2",131072,"0x000074670c020000",9868,89656418801930,89656418803370
"MEMORY_ALLOCATION","MEMORY_ALLOCATION_ALLOCATE","Agent 2",16384,"0x00007467267f2000",9870,89656418807180,89656418808231
"MEMORY_ALLOCATION","MEMORY_ALLOCATION_ALLOCATE","Agent 2",16384,"0x00007467267f6000",9872,89656418811751,89656418812341
"MEMORY_ALLOCATION","MEMORY_ALLOCATION_ALLOCATE","Agent 2",32768,"0x000074670c040000",9874,89656418815981,89656418816521
"MEMORY_ALLOCATION","MEMORY_ALLOCATION_ALLOCATE","Agent 2",32768,"0x000074670c048000",9876,89656418819991,89656418820531
"MEMORY_ALLOCATION","MEMORY_ALLOCATION_ALLOCATE","Agent 2",16384,"0x00007467267fa000",9878,89656418823931,89656418824471
"MEMORY_ALLOCATION","MEMORY_ALLOCATION_ALLOCATE","Agent 2",8192,"0x00007467267fe000",9880,89656418828941,89656418829331
"MEMORY_ALLOCATION","MEMORY_ALLOCATION_ALLOCATE","Agent 2",8192,"0x000074670c050000",9882,89656418832281,89656418832821
"MEMORY_ALLOCATION","MEMORY_ALLOCATION_ALLOCATE","Agent 2",16384,"0x000074670c052000",9884,89656418835801,89656418836301
"MEMORY_ALLOCATION","MEMORY_ALLOCATION_ALLOCATE","Agent 2",128,"0x000074670c056000",9886,89656418839291,89656418839711
"MEMORY_ALLOCATION","MEMORY_ALLOCATION_ALLOCATE","Agent 2",128,"0x000074670c057000",9888,89656418842751,89656418843151
"MEMORY_ALLOCATION","MEMORY_ALLOCATION_ALLOCATE","Agent 2",2097152,"0x000074670bc00000",9890,89656418846091,89656418894112
"MEMORY_ALLOCATION","MEMORY_ALLOCATION_ALLOCATE","Agent 2",16384,"0x000074670c058000",9892,89656418898372,89656418898902
"MEMORY_ALLOCATION","MEMORY_ALLOCATION_ALLOCATE","Agent 2",16384,"0x000074670c05c000",9894,89656418902002,89656418902412
"MEMORY_ALLOCATION","MEMORY_ALLOCATION_ALLOCATE","Agent 2",16384,"0x000074670c060000",9896,89656418905702,89656418906182
"MEMORY_ALLOCATION","MEMORY_ALLOCATION_ALLOCATE","Agent 2",16384,"0x000074670c064000",9898,89656418910012,89656418910442
"MEMORY_ALLOCATION","MEMORY_ALLOCATION_ALLOCATE","Agent 2",49152,"0x000074670c068000",9900,89656418913452,89656418913842
"MEMORY_ALLOCATION","MEMORY_ALLOCATION_ALLOCATE","Agent 2",16384,"0x000074670c074000",9902,89656418916772,89656418917322
"MEMORY_ALLOCATION","MEMORY_ALLOCATION_ALLOCATE","Agent 2",16777216,"0x000074670aa00000",9928,89656433711030,89656433835852
"MEMORY_ALLOCATION","MEMORY_ALLOCATION_ALLOCATE","Agent 2",2097152,"0x000074670a600000",10058,89656449347991,89656449463823
"MEMORY_ALLOCATION","MEMORY_ALLOCATION_ALLOCATE","Agent 2",64,"0x000074670c078000",10076,89656451880503,89656451883863
"MEMORY_ALLOCATION","MEMORY_ALLOCATION_ALLOCATE","Agent 2",476,"0x000074670c079000",10086,89656452069826,89656452071106
"MEMORY_ALLOCATION","MEMORY_ALLOCATION_ALLOCATE","Agent 2",2097152,"0x000074670a200000",10102,89656453824806,89656453894227
"MEMORY_ALLOCATION","MEMORY_ALLOCATION_ALLOCATE","Agent 2",524288,"0x000074670c07a000",10120,89656456259616,89656456261856
"MEMORY_ALLOCATION","MEMORY_ALLOCATION_ALLOCATE","Agent 2",64,"0x000074670c0fa000",10130,89656457194912,89656457196782
"MEMORY_ALLOCATION","MEMORY_ALLOCATION_ALLOCATE","Agent 2",476,"0x000074670c0fb000",10140,89656457375185,89656457376425
"MEMORY_ALLOCATION","MEMORY_ALLOCATION_ALLOCATE","Agent 2",2097152,"0x0000746709e00000",10156,89656459353168,89656459423059
"MEMORY_ALLOCATION","MEMORY_ALLOCATION_ALLOCATE","Agent 2",524288,"0x000074670c0fc000",10174,89656462611663,89656462619023
"MEMORY_ALLOCATION","MEMORY_ALLOCATION_ALLOCATE","Agent 2",64,"0x000074670c17c000",10184,89656463685790,89656463689650
"MEMORY_ALLOCATION","MEMORY_ALLOCATION_ALLOCATE","Agent 2",476,"0x000074670c17d000",10194,89656463874944,89656463876684
"MEMORY_ALLOCATION","MEMORY_ALLOCATION_ALLOCATE","Agent 2",8388608,"0x0000746709400000",10210,89656466414466,89656466523998
"MEMORY_ALLOCATION","MEMORY_ALLOCATION_ALLOCATE","Agent 2",2097152,"0x0000746709000000",10276,89656475219963,89656475325075
"MEMORY_ALLOCATION","MEMORY_ALLOCATION_ALLOCATE","Agent 2",64,"0x000074670c17e000",10294,89656478212873,89656478221583
"MEMORY_ALLOCATION","MEMORY_ALLOCATION_ALLOCATE","Agent 2",476,"0x000074670c17f000",10304,89656478477618,89656478479238
"MEMORY_ALLOCATION","MEMORY_ALLOCATION_ALLOCATE","Agent 2",25165824,"0x0000746707600000",10320,89656480333419,89656480452001
"MEMORY_ALLOCATION","MEMORY_ALLOCATION_ALLOCATE","Agent 2",3145728,"0x0000746707000000",10514,89656502928736,89656503058348
"MEMORY_ALLOCATION","MEMORY_ALLOCATION_ALLOCATE","Agent 2",64,"0x000074670c180000",10540,89656509872282,89656509880163
"MEMORY_ALLOCATION","MEMORY_ALLOCATION_ALLOCATE","Agent 2",476,"0x000074670c181000",10550,89656510107236,89656510108826
"MEMORY_ALLOCATION","MEMORY_ALLOCATION_ALLOCATE","Agent 2",25165824,"0x0000746705600000",10566,89656511846365,89656511977688
"MEMORY_ALLOCATION","MEMORY_ALLOCATION_ALLOCATE","Agent 2",3145728,"0x0000746705000000",10760,89656531586965,89656531706947
"MEMORY_ALLOCATION","MEMORY_ALLOCATION_ALLOCATE","Agent 2",64,"0x000074670c182000",10786,89656540308101,89656540317691
"MEMORY_ALLOCATION","MEMORY_ALLOCATION_ALLOCATE","Agent 2",476,"0x000074670c183000",10796,89656540546615,89656540547865
"MEMORY_ALLOCATION","MEMORY_ALLOCATION_ALLOCATE","Agent 2",25165824,"0x0000746703600000",10812,89656541962759,89656542117291
"MEMORY_ALLOCATION","MEMORY_ALLOCATION_ALLOCATE","Agent 2",3145728,"0x0000746703000000",11006,89656562915869,89656563036841
"MEMORY_ALLOCATION","MEMORY_ALLOCATION_ALLOCATE","Agent 2",64,"0x000074670c184000",11032,89656570541966,89656570549786
"MEMORY_ALLOCATION","MEMORY_ALLOCATION_ALLOCATE","Agent 2",476,"0x000074670c185000",11042,89656570737140,89656570738280
"MEMORY_ALLOCATION","MEMORY_ALLOCATION_ALLOCATE","Agent 2",16384,"0x000074670c186000",11052,89656570986954,89656570988204
"MEMORY_ALLOCATION","MEMORY_ALLOCATION_ALLOCATE","Agent 2",1024,"0x000074670c18a000",11056,89656571026824,89656571027564
"MEMORY_ALLOCATION","MEMORY_ALLOCATION_ALLOCATE","Agent 2",1024,"0x000074670c18b000",11060,89656571044265,89656571045105
"MEMORY_ALLOCATION","MEMORY_ALLOCATION_ALLOCATE","Agent 2",16384,"0x000074670c18c000",11064,89656571061255,89656571062515
"MEMORY_ALLOCATION","MEMORY_ALLOCATION_ALLOCATE","Agent 2",64,"0x000074670c190000",11068,89656571085415,89656571086105
"MEMORY_ALLOCATION","MEMORY_ALLOCATION_ALLOCATE","Agent 2",16384,"0x000074670c191000",11070,89656571090586,89656571091426
"MEMORY_ALLOCATION","MEMORY_ALLOCATION_ALLOCATE","Agent 2",16384,"0x000074670c195000",11072,89656571095916,89656571096406
"MEMORY_ALLOCATION","MEMORY_ALLOCATION_ALLOCATE","Agent 2",32768,"0x000074670c199000",11074,89656571100396,89656571101996
"MEMORY_ALLOCATION","MEMORY_ALLOCATION_ALLOCATE","Agent 2",16384,"0x000074670c1a1000",11076,89656571106416,89656571106886
"MEMORY_ALLOCATION","MEMORY_ALLOCATION_ALLOCATE","Agent 2",4096,"0x000074670c1a5000",11078,89656571110396,89656571111126
"MEMORY_ALLOCATION","MEMORY_ALLOCATION_ALLOCATE","Agent 2",4096,"0x000074670c1a6000",11080,89656571114616,89656571115026
"MEMORY_ALLOCATION","MEMORY_ALLOCATION_ALLOCATE","Agent 2",16384,"0x000074670c1a7000",11082,89656571118336,89656571118786
"MEMORY_ALLOCATION","MEMORY_ALLOCATION_ALLOCATE","Agent 2",4096,"0x000074670c1ab000",11084,89656571122296,89656571122676
"MEMORY_ALLOCATION","MEMORY_ALLOCATION_ALLOCATE","Agent 2",16384,"0x000074670c1ac000",11086,89656571126426,89656571126806
"MEMORY_ALLOCATION","MEMORY_ALLOCATION_ALLOCATE","Agent 2",4096,"0x000074670c1b0000",11088,89656571130116,89656571130526
"MEMORY_ALLOCATION","MEMORY_ALLOCATION_ALLOCATE","Agent 2",16777216,"0x0000746701e00000",11090,89656571133946,89656571245078
"MEMORY_ALLOCATION","MEMORY_ALLOCATION_ALLOCATE","Agent 2",16777216,"0x0000746700c00000",11092,89656571251188,89656571302019
"MEMORY_ALLOCATION","MEMORY_ALLOCATION_ALLOCATE","Agent 2",16384,"0x000074670c1b1000",11094,89656571305819,89656571306539
"MEMORY_ALLOCATION","MEMORY_ALLOCATION_ALLOCATE","Agent 2",16384,"0x000074670c1b5000",11096,89656571314819,89656571315269
"MEMORY_ALLOCATION","MEMORY_ALLOCATION_ALLOCATE","Agent 2",16384,"0x000074670c1b9000",11098,89656571318019,89656571318369
"MEMORY_ALLOCATION","MEMORY_ALLOCATION_ALLOCATE","Agent 2",16384,"0x000074670c1bd000",11100,89656571320979,89656571321649
"MEMORY_ALLOCATION","MEMORY_ALLOCATION_ALLOCATE","Agent 2",49152,"0x000074670c1c1000",11102,89656571324339,89656571324679
"MEMORY_ALLOCATION","MEMORY_ALLOCATION_ALLOCATE","Agent 2",16384,"0x000074670c1cd000",11104,89656571327279,89656571327589
"MEMORY_ALLOCATION","MEMORY_ALLOCATION_ALLOCATE","Agent 2",528384,"0x0000746700800000",11106,89656571330840,89656571393941
"MEMORY_ALLOCATION","MEMORY_ALLOCATION_ALLOCATE","Agent 2",16777216,"0x00007466ff600000",11128,89656625739539,89656625928982
"MEMORY_ALLOCATION","MEMORY_ALLOCATION_ALLOCATE","Agent 2",2097152,"0x00007466ff200000",11258,89656640312142,89656640423394
"MEMORY_ALLOCATION","MEMORY_ALLOCATION_ALLOCATE","Agent 2",64,"0x000074670c1d1000",11276,89656643788360,89656643792391
"MEMORY_ALLOCATION","MEMORY_ALLOCATION_ALLOCATE","Agent 2",476,"0x000074670c1d2000",11286,89656643953533,89656643954643
"MEMORY_ALLOCATION","MEMORY_ALLOCATION_ALLOCATE","Agent 2",65536,"0x000074670c1d3000",11302,89656645672562,89656645674782
"MEMORY_ALLOCATION","MEMORY_ALLOCATION_ALLOCATE","Agent 2",8192,"0x000074670c1e3000",11312,89656646128230,89656646130220
"MEMORY_ALLOCATION","MEMORY_ALLOCATION_ALLOCATE","Agent 2",64,"0x000074670c1e5000",11322,89656646463475,89656646465135
"MEMORY_ALLOCATION","MEMORY_ALLOCATION_ALLOCATE","Agent 2",476,"0x000074670c1e6000",11332,89656646620188,89656646621178
"MEMORY_ALLOCATION","MEMORY_ALLOCATION_ALLOCATE","Agent 2",65536,"0x000074670c1e7000",11348,89656648402958,89656648405058
"MEMORY_ALLOCATION","MEMORY_ALLOCATION_ALLOCATE","Agent 2",8192,"0x000074670c1f7000",11358,89656648800974,89656648802654
"MEMORY_ALLOCATION","MEMORY_ALLOCATION_ALLOCATE","Agent 2",64,"0x000074670c1f9000",11368,89656649119490,89656649121230
"MEMORY_ALLOCATION","MEMORY_ALLOCATION_ALLOCATE","Agent 2",476,"0x000074670c1fa000",11378,89656649312423,89656649313833
"MEMORY_ALLOCATION","MEMORY_ALLOCATION_ALLOCATE","Agent 2",8388608,"0x00007466fe800000",11394,89656650955620,89656651038042
"MEMORY_ALLOCATION","MEMORY_ALLOCATION_ALLOCATE","Agent 2",1048576,"0x0000746700881000",11460,89656658383844,89656658389795
"MEMORY_ALLOCATION","MEMORY_ALLOCATION_ALLOCATE","Agent 2",64,"0x000074670c1fb000",11470,89656659584154,89656659588375
"MEMORY_ALLOCATION","MEMORY_ALLOCATION_ALLOCATE","Agent 2",476,"0x000074670c1fc000",11480,89656659760487,89656659762067
"MEMORY_ALLOCATION","MEMORY_ALLOCATION_ALLOCATE","Agent 2",8388608,"0x00007466fde00000",11496,89656661676979,89656661772281
"MEMORY_ALLOCATION","MEMORY_ALLOCATION_ALLOCATE","Agent 2",2097152,"0x00007466fda00000",11562,89656668295050,89656668391082
"MEMORY_ALLOCATION","MEMORY_ALLOCATION_ALLOCATE","Agent 2",64,"0x000074670c1fd000",11580,89656670725351,89656670729121
"MEMORY_ALLOCATION","MEMORY_ALLOCATION_ALLOCATE","Agent 2",476,"0x000074670c1fe000",11590,89656670901244,89656670902594
"MEMORY_ALLOCATION","MEMORY_ALLOCATION_ALLOCATE","Agent 2",25165824,"0x00007466fc000000",11606,89656672635873,89656672716904
"MEMORY_ALLOCATION","MEMORY_ALLOCATION_ALLOCATE","Agent 2",3145728,"0x00007466fba00000",11800,89656691580359,89656691677791
"MEMORY_ALLOCATION","MEMORY_ALLOCATION_ALLOCATE","Agent 2",64,"0x000074670c1ff000",11826,89656698927702,89656698933412
"MEMORY_ALLOCATION","MEMORY_ALLOCATION_ALLOCATE","Agent 2",476,"0x0000746700981000",11836,89656699114215,89656699117255
"MEMORY_ALLOCATION","MEMORY_ALLOCATION_ALLOCATE","Agent 2",25165824,"0x00007466fa000000",11852,89656700819254,89656700897525
"MEMORY_ALLOCATION","MEMORY_ALLOCATION_ALLOCATE","Agent 2",3145728,"0x00007466f9a00000",12046,89656719573977,89656719683409
"MEMORY_ALLOCATION","MEMORY_ALLOCATION_ALLOCATE","Agent 2",64,"0x0000746700982000",12072,89656727977138,89656727981008
"MEMORY_ALLOCATION","MEMORY_ALLOCATION_ALLOCATE","Agent 2",476,"0x0000746700983000",12082,89656728168381,89656728169501
"MEMORY_ALLOCATION","MEMORY_ALLOCATION_ALLOCATE","Agent 2",25165824,"0x00007466f8000000",12098,89656729723077,89656729794838
"MEMORY_ALLOCATION","MEMORY_ALLOCATION_ALLOCATE","Agent 2",3145728,"0x00007466f7a00000",12292,89656747512694,89656747608186
"MEMORY_ALLOCATION","MEMORY_ALLOCATION_ALLOCATE","Agent 2",64,"0x0000746700984000",12318,89656755501507,89656755509578
"MEMORY_ALLOCATION","MEMORY_ALLOCATION_ALLOCATE","Agent 2",476,"0x0000746700985000",12328,89656755701951,89656755702951
"MEMORY_ALLOCATION","MEMORY_ALLOCATION_ALLOCATE","Agent 2",128,"0x0000746700986000",12338,89656755922864,89656755924175
"MEMORY_ALLOCATION","MEMORY_ALLOCATION_ALLOCATE","Agent 2",128,"0x0000746700987000",12342,89656755940235,89656755940815
"MEMORY_ALLOCATION","MEMORY_ALLOCATION_ALLOCATE","Agent 2",16384,"0x0000746700988000",12346,89656755954405,89656755955085
"MEMORY_ALLOCATION","MEMORY_ALLOCATION_ALLOCATE","Agent 2",16384,"0x000074670098c000",12350,89656755978545,89656755979255
"MEMORY_ALLOCATION","MEMORY_ALLOCATION_ALLOCATE","Agent 2",512,"0x0000746700990000",12354,89656756013776,89656756015016
"MEMORY_ALLOCATION","MEMORY_ALLOCATION_ALLOCATE","Agent 2",131072,"0x0000746700991000",12358,89656756032766,89656756033636
"MEMORY_ALLOCATION","MEMORY_ALLOCATION_ALLOCATE","Agent 2",131072,"0x00007467009b1000",12362,89656756355202,89656756356112
"MEMORY_ALLOCATION","MEMORY_ALLOCATION_ALLOCATE","Agent 2",16384,"0x00007467009d1000",12364,89656756359962,89656756360452
"MEMORY_ALLOCATION","MEMORY_ALLOCATION_ALLOCATE","Agent 2",16384,"0x00007467009d5000",12366,89656756363732,89656756364282
"MEMORY_ALLOCATION","MEMORY_ALLOCATION_ALLOCATE","Agent 2",32768,"0x00007467009d9000",12368,89656756380452,89656756381132
"MEMORY_ALLOCATION","MEMORY_ALLOCATION_ALLOCATE","Agent 2",32768,"0x00007467009e1000",12370,89656757812426,89656757813426
"MEMORY_ALLOCATION","MEMORY_ALLOCATION_ALLOCATE","Agent 2",16384,"0x00007467009e9000",12372,89656757817226,89656757817696
"MEMORY_ALLOCATION","MEMORY_ALLOCATION_ALLOCATE","Agent 2",8192,"0x00007467009ed000",12374,89656757820886,89656757821286
"MEMORY_ALLOCATION","MEMORY_ALLOCATION_ALLOCATE","Agent 2",8192,"0x00007467009ef000",12376,89656757825326,89656757825756
"MEMORY_ALLOCATION","MEMORY_ALLOCATION_ALLOCATE","Agent 2",16384,"0x00007467009f1000",12378,89656757831096,89656757831526
"MEMORY_ALLOCATION","MEMORY_ALLOCATION_ALLOCATE","Agent 2",128,"0x00007467009f5000",12380,89656757834546,89656757834966
"MEMORY_ALLOCATION","MEMORY_ALLOCATION_ALLOCATE","Agent 2",128,"0x00007467009f6000",12382,89656757838837,89656757839347
"MEMORY_ALLOCATION","MEMORY_ALLOCATION_ALLOCATE","Agent 2",2097152,"0x00007466f7000000",12384,89656757843207,89656757953798
"MEMORY_ALLOCATION","MEMORY_ALLOCATION_ALLOCATE","Agent 2",16384,"0x00007467009f7000",12386,89656757959379,89656757960059
"MEMORY_ALLOCATION","MEMORY_ALLOCATION_ALLOCATE","Agent 2",16384,"0x00007467009fb000",12388,89656757963299,89656757963759
"MEMORY_ALLOCATION","MEMORY_ALLOCATION_ALLOCATE","Agent 2",16384,"0x00007466f6c00000",12390,89656757967449,89656758014949
"MEMORY_ALLOCATION","MEMORY_ALLOCATION_ALLOCATE","Agent 2",16384,"0x00007466f6c04000",12392,89656758020370,89656758021020
"MEMORY_ALLOCATION","MEMORY_ALLOCATION_ALLOCATE","Agent 2",49152,"0x00007466f6c08000",12394,89656758024920,89656758025440
"MEMORY_ALLOCATION","MEMORY_ALLOCATION_ALLOCATE","Agent 2",16384,"0x00007466f6c14000",12396,89656758029090,89656758029750
"MEMORY_ALLOCATION","MEMORY_ALLOCATION_ALLOCATE","Agent 2",16777216,"0x00007466f5a00000",12422,89656771837180,89656771999863
"MEMORY_ALLOCATION","MEMORY_ALLOCATION_ALLOCATE","Agent 2",2097152,"0x00007466f5600000",12552,89656784230938,89656784330789
"MEMORY_ALLOCATION","MEMORY_ALLOCATION_ALLOCATE","Agent 2",64,"0x00007467009ff000",12570,89656788056102,89656788062522
"MEMORY_ALLOCATION","MEMORY_ALLOCATION_ALLOCATE","Agent 2",476,"0x00007466f6c18000",12580,89656788217694,89656788219594
"MEMORY_ALLOCATION","MEMORY_ALLOCATION_ALLOCATE","Agent 2",65536,"0x00007466f6c19000",12596,89656789655618,89656789656788
"MEMORY_ALLOCATION","MEMORY_ALLOCATION_ALLOCATE","Agent 2",8192,"0x00007466f6c29000",12606,89656790381950,89656790383330
"MEMORY_ALLOCATION","MEMORY_ALLOCATION_ALLOCATE","Agent 2",64,"0x00007466f6c2b000",12616,89656790692036,89656790692976
"MEMORY_ALLOCATION","MEMORY_ALLOCATION_ALLOCATE","Agent 2",476,"0x00007466f6c2c000",12626,89656790832858,89656790833868
"MEMORY_ALLOCATION","MEMORY_ALLOCATION_ALLOCATE","Agent 2",65536,"0x00007466f6c2d000",12642,89656792179520,89656792181060
"MEMORY_ALLOCATION","MEMORY_ALLOCATION_ALLOCATE","Agent 2",8192,"0x00007466f6c3d000",12652,89656792574027,89656792575237
"MEMORY_ALLOCATION","MEMORY_ALLOCATION_ALLOCATE","Agent 2",64,"0x00007466f6c3f000",12662,89656792875392,89656792876462
"MEMORY_ALLOCATION","MEMORY_ALLOCATION_ALLOCATE","Agent 2",476,"0x00007466f6c40000",12672,89656793044935,89656793045995
"MEMORY_ALLOCATION","MEMORY_ALLOCATION_ALLOCATE","Agent 2",8388608,"0x00007466f4c00000",12688,89656794336726,89656794448978
"MEMORY_ALLOCATION","MEMORY_ALLOCATION_ALLOCATE","Agent 2",1048576,"0x00007466f6c41000",12754,89656801701530,89656801709260
"MEMORY_ALLOCATION","MEMORY_ALLOCATION_ALLOCATE","Agent 2",64,"0x00007466f6d41000",12764,89656803300606,89656803303616
"MEMORY_ALLOCATION","MEMORY_ALLOCATION_ALLOCATE","Agent 2",476,"0x00007466f6d42000",12774,89656803461169,89656803462309
"MEMORY_ALLOCATION","MEMORY_ALLOCATION_ALLOCATE","Agent 2",8388608,"0x00007466f4200000",12790,89656805095606,89656805197228
"MEMORY_ALLOCATION","MEMORY_ALLOCATION_ALLOCATE","Agent 2",2097152,"0x00007466f3e00000",12856,89656811872340,89656811974131
"MEMORY_ALLOCATION","MEMORY_ALLOCATION_ALLOCATE","Agent 2",64,"0x00007466f6d43000",12874,89656814267520,89656814273170
"MEMORY_ALLOCATION","MEMORY_ALLOCATION_ALLOCATE","Agent 2",476,"0x00007466f6d44000",12884,89656814458383,89656814459413
"MEMORY_ALLOCATION","MEMORY_ALLOCATION_ALLOCATE","Agent 2",25165824,"0x00007466f2400000",12900,89656816032969,89656816121881
"MEMORY_ALLOCATION","MEMORY_ALLOCATION_ALLOCATE","Agent 2",3145728,"0x00007466f1e00000",13094,89656834621420,89656834734612
"MEMORY_ALLOCATION","MEMORY_ALLOCATION_ALLOCATE","Agent 2",64,"0x00007466f6d45000",13120,89656841191440,89656841198450
"MEMORY_ALLOCATION","MEMORY_ALLOCATION_ALLOCATE","Agent 2",476,"0x00007466f6d46000",13130,89656841390373,89656841391773
"MEMORY_ALLOCATION","MEMORY_ALLOCATION_ALLOCATE","Agent 2",25165824,"0x00007466f0400000",13146,89656843018060,89656843118212
"MEMORY_ALLOCATION","MEMORY_ALLOCATION_ALLOCATE","Agent 2",3145728,"0x00007466efe00000",13340,89656861638951,89656861748063
"MEMORY_ALLOCATION","MEMORY_ALLOCATION_ALLOCATE","Agent 2",64,"0x00007466f6d47000",13366,89656870277826,89656870282116
"MEMORY_ALLOCATION","MEMORY_ALLOCATION_ALLOCATE","Agent 2",476,"0x00007466f6d48000",13376,89656870495169,89656870496519
"MEMORY_ALLOCATION","MEMORY_ALLOCATION_ALLOCATE","Agent 2",25165824,"0x00007466ee400000",13392,89656872075206,89656872156547
"MEMORY_ALLOCATION","MEMORY_ALLOCATION_ALLOCATE","Agent 2",3145728,"0x00007466ede00000",13586,89656891470960,89656891575692
"MEMORY_ALLOCATION","MEMORY_ALLOCATION_ALLOCATE","Agent 2",64,"0x00007466f6d49000",13612,89656899427833,89656899432903
"MEMORY_ALLOCATION","MEMORY_ALLOCATION_ALLOCATE","Agent 2",476,"0x00007466f6d4a000",13622,89656899610216,89656899611396
"MEMORY_ALLOCATION","MEMORY_ALLOCATION_ALLOCATE","Agent 2",128,"0x00007466f6d4b000",13632,89656899818539,89656899819729
"MEMORY_ALLOCATION","MEMORY_ALLOCATION_ALLOCATE","Agent 2",128,"0x00007466f6d4c000",13636,89656899836170,89656899836750
"MEMORY_ALLOCATION","MEMORY_ALLOCATION_ALLOCATE","Agent 2",16384,"0x00007466f6d4d000",13640,89656899850520,89656899851340
"MEMORY_ALLOCATION","MEMORY_ALLOCATION_ALLOCATE","Agent 2",16384,"0x00007466f6d51000",13644,89656899876420,89656899877350
"MEMORY_ALLOCATION","MEMORY_ALLOCATION_ALLOCATE","Agent 2",512,"0x00007466f6d55000",13648,89656899896521,89656899897311
"MEMORY_ALLOCATION","MEMORY_ALLOCATION_ALLOCATE","Agent 2",131072,"0x00007466f6d56000",13652,89656900148435,89656900149855
"MEMORY_ALLOCATION","MEMORY_ALLOCATION_ALLOCATE","Agent 2",131072,"0x00007466f6d76000",13656,89656900310628,89656900311788
"MEMORY_ALLOCATION","MEMORY_ALLOCATION_ALLOCATE","Agent 2",16384,"0x00007466f6d96000",13658,89656900315528,89656900316208
"MEMORY_ALLOCATION","MEMORY_ALLOCATION_ALLOCATE","Agent 2",16384,"0x00007466f6d9a000",13660,89656900319558,89656900320048
"MEMORY_ALLOCATION","MEMORY_ALLOCATION_ALLOCATE","Agent 2",32768,"0x00007466f6d9e000",13662,89656900323358,89656900323808
"MEMORY_ALLOCATION","MEMORY_ALLOCATION_ALLOCATE","Agent 2",32768,"0x00007466f6da6000",13664,89656900326848,89656900327288
"MEMORY_ALLOCATION","MEMORY_ALLOCATION_ALLOCATE","Agent 2",16384,"0x00007466f6dae000",13666,89656900330458,89656900330948
"MEMORY_ALLOCATION","MEMORY_ALLOCATION_ALLOCATE","Agent 2",8192,"0x00007466f6db2000",13668,89656900334058,89656900334558
"MEMORY_ALLOCATION","MEMORY_ALLOCATION_ALLOCATE","Agent 2",8192,"0x00007466f6db4000",13670,89656900337838,89656900338228
"MEMORY_ALLOCATION","MEMORY_ALLOCATION_ALLOCATE","Agent 2",16384,"0x00007466f6db6000",13672,89656900341108,89656900341598
"MEMORY_ALLOCATION","MEMORY_ALLOCATION_ALLOCATE","Agent 2",128,"0x00007466f6dba000",13674,89656900344678,89656900345088
"MEMORY_ALLOCATION","MEMORY_ALLOCATION_ALLOCATE","Agent 2",128,"0x00007466f6dbb000",13676,89656900348938,89656900349308
"MEMORY_ALLOCATION","MEMORY_ALLOCATION_ALLOCATE","Agent 2",2097152,"0x00007466eda00000",13678,89656900352578,89656900409279
"MEMORY_ALLOCATION","MEMORY_ALLOCATION_ALLOCATE","Agent 2",16384,"0x00007466f6dbc000",13680,89656900414189,89656900414959
"MEMORY_ALLOCATION","MEMORY_ALLOCATION_ALLOCATE","Agent 2",16384,"0x00007466f6dc0000",13682,89656900418119,89656900418609
"MEMORY_ALLOCATION","MEMORY_ALLOCATION_ALLOCATE","Agent 2",16384,"0x00007466f6dc4000",13684,89656900421860,89656900422340
"MEMORY_ALLOCATION","MEMORY_ALLOCATION_ALLOCATE","Agent 2",16384,"0x00007466f6dc8000",13686,89656900425700,89656900426140
"MEMORY_ALLOCATION","MEMORY_ALLOCATION_ALLOCATE","Agent 2",49152,"0x00007466f6dcc000",13688,89656900429090,89656900429560
"MEMORY_ALLOCATION","MEMORY_ALLOCATION_ALLOCATE","Agent 2",16384,"0x00007466f6dd8000",13690,89656900432870,89656900433310
"MEMORY_ALLOCATION","MEMORY_ALLOCATION_ALLOCATE","Agent 2",16777216,"0x00007466ec800000",13716,89656913888315,89656913944976
"MEMORY_ALLOCATION","MEMORY_ALLOCATION_ALLOCATE","Agent 2",2097152,"0x00007466ec400000",13846,89656926566736,89656926681958
"MEMORY_ALLOCATION","MEMORY_ALLOCATION_ALLOCATE","Agent 2",64,"0x00007466f6ddc000",13864,89656930054255,89656930058515
"MEMORY_ALLOCATION","MEMORY_ALLOCATION_ALLOCATE","Agent 2",476,"0x00007466f6ddd000",13874,89656930246188,89656930247478
"MEMORY_ALLOCATION","MEMORY_ALLOCATION_ALLOCATE","Agent 2",65536,"0x00007466f6dde000",13890,89656931802244,89656931803694
"MEMORY_ALLOCATION","MEMORY_ALLOCATION_ALLOCATE","Agent 2",8192,"0x00007466f6dee000",13900,89656932288932,89656932290332
"MEMORY_ALLOCATION","MEMORY_ALLOCATION_ALLOCATE","Agent 2",64,"0x00007466f6df0000",13910,89656932604727,89656932606037
"MEMORY_ALLOCATION","MEMORY_ALLOCATION_ALLOCATE","Agent 2",476,"0x00007466f6df1000",13920,89656932769690,89656932770690
"MEMORY_ALLOCATION","MEMORY_ALLOCATION_ALLOCATE","Agent 2",65536,"0x00007466ec000000",13936,89656934262095,89656934331556
"MEMORY_ALLOCATION","MEMORY_ALLOCATION_ALLOCATE","Agent 2",8192,"0x00007466f6df2000",13946,89656934817664,89656934819174
"MEMORY_ALLOCATION","MEMORY_ALLOCATION_ALLOCATE","Agent 2",64,"0x00007466f6df4000",13956,89656935163310,89656935164640
"MEMORY_ALLOCATION","MEMORY_ALLOCATION_ALLOCATE","Agent 2",476,"0x00007466f6df5000",13966,89656935398154,89656935399264
"MEMORY_ALLOCATION","MEMORY_ALLOCATION_ALLOCATE","Agent 2",8388608,"0x00007466eb600000",13982,89656936916679,89656936982291
"MEMORY_ALLOCATION","MEMORY_ALLOCATION_ALLOCATE","Agent 2",1048576,"0x00007466ec010000",14048,89656943728893,89656943734503
"MEMORY_ALLOCATION","MEMORY_ALLOCATION_ALLOCATE","Agent 2",64,"0x00007466f6df6000",14058,89656945653065,89656945655996
"MEMORY_ALLOCATION","MEMORY_ALLOCATION_ALLOCATE","Agent 2",476,"0x00007466f6df7000",14068,89656945830578,89656945831758
"MEMORY_ALLOCATION","MEMORY_ALLOCATION_ALLOCATE","Agent 2",8388608,"0x00007466eac00000",14084,89656947384084,89656947490986
"MEMORY_ALLOCATION","MEMORY_ALLOCATION_ALLOCATE","Agent 2",2097152,"0x00007466ea800000",14150,89656953895083,89656953981785
"MEMORY_ALLOCATION","MEMORY_ALLOCATION_ALLOCATE","Agent 2",64,"0x00007466f6df8000",14168,89656956218632,89656956223122
"MEMORY_ALLOCATION","MEMORY_ALLOCATION_ALLOCATE","Agent 2",476,"0x00007466f6df9000",14178,89656956392995,89656956394205
"MEMORY_ALLOCATION","MEMORY_ALLOCATION_ALLOCATE","Agent 2",25165824,"0x00007466e8e00000",14194,89656958121584,89656958188065
"MEMORY_ALLOCATION","MEMORY_ALLOCATION_ALLOCATE","Agent 2",3145728,"0x00007466e8800000",14388,89656975416263,89656975517795
"MEMORY_ALLOCATION","MEMORY_ALLOCATION_ALLOCATE","Agent 2",64,"0x00007466f6dfa000",14414,89656978274781,89656978281201
"MEMORY_ALLOCATION","MEMORY_ALLOCATION_ALLOCATE","Agent 2",476,"0x00007466f6dfb000",14424,89656978501425,89656978502755
"MEMORY_ALLOCATION","MEMORY_ALLOCATION_ALLOCATE","Agent 2",25165824,"0x00007466e6e00000",14440,89656980090881,89656980213393
"MEMORY_ALLOCATION","MEMORY_ALLOCATION_ALLOCATE","Agent 2",3145728,"0x00007466e6800000",14634,89656998303735,89656998404277
"MEMORY_ALLOCATION","MEMORY_ALLOCATION_ALLOCATE","Agent 2",64,"0x00007466f6dfc000",14660,89657006320349,89657006325210
"MEMORY_ALLOCATION","MEMORY_ALLOCATION_ALLOCATE","Agent 2",476,"0x00007466f6dfd000",14670,89657006503513,89657006504763
"MEMORY_ALLOCATION","MEMORY_ALLOCATION_ALLOCATE","Agent 2",25165824,"0x00007466e4e00000",14686,89657008082899,89657008160220
"MEMORY_ALLOCATION","MEMORY_ALLOCATION_ALLOCATE","Agent 2",3145728,"0x00007466e4800000",14880,89657025477370,89657025587971
"MEMORY_ALLOCATION","MEMORY_ALLOCATION_ALLOCATE","Agent 2",64,"0x00007466f6dfe000",14906,89657030923261,89657030928281
"MEMORY_ALLOCATION","MEMORY_ALLOCATION_ALLOCATE","Agent 2",476,"0x00007466f6dff000",14916,89657031110434,89657031111494
"MEMORY_ALLOCATION","MEMORY_ALLOCATION_ALLOCATE","Agent 2",128,"0x00007466ec110000",14926,89657031291227,89657031292997
"MEMORY_ALLOCATION","MEMORY_ALLOCATION_ALLOCATE","Agent 2",128,"0x00007466ec111000",14930,89657031308817,89657031309387
"MEMORY_ALLOCATION","MEMORY_ALLOCATION_ALLOCATE","Agent 2",16384,"0x00007466ec112000",14934,89657031322117,89657031322717
"MEMORY_ALLOCATION","MEMORY_ALLOCATION_ALLOCATE","Agent 2",16384,"0x00007466ec116000",14938,89657031341418,89657031341988
"MEMORY_ALLOCATION","MEMORY_ALLOCATION_ALLOCATE","Agent 2",512,"0x00007466ec11a000",14942,89657031360088,89657031360638
"MEMORY_ALLOCATION","MEMORY_ALLOCATION_ALLOCATE","Agent 2",131072,"0x00007466ec11b000",14946,89657031375438,89657031376148
"MEMORY_ALLOCATION","MEMORY_ALLOCATION_ALLOCATE","Agent 2",131072,"0x00007466ec13b000",14950,89657031434969,89657031435689
"MEMORY_ALLOCATION","MEMORY_ALLOCATION_ALLOCATE","Agent 2",16384,"0x00007466ec15b000",14952,89657031439529,89657031440029
"MEMORY_ALLOCATION","MEMORY_ALLOCATION_ALLOCATE","Agent 2",16384,"0x00007466ec15f000",14954,89657031443239,89657031443689
"MEMORY_ALLOCATION","MEMORY_ALLOCATION_ALLOCATE","Agent 2",32768,"0x00007466ec163000",14956,89657031446879,89657031447639
"MEMORY_ALLOCATION","MEMORY_ALLOCATION_ALLOCATE","Agent 2",32768,"0x00007466ec16b000",14958,89657031450700,89657031451170
"MEMORY_ALLOCATION","MEMORY_ALLOCATION_ALLOCATE","Agent 2",16384,"0x00007466ec173000",14960,89657031454540,89657031455030
"MEMORY_ALLOCATION","MEMORY_ALLOCATION_ALLOCATE","Agent 2",8192,"0x00007466ec177000",14962,89657031458050,89657031458510
"MEMORY_ALLOCATION","MEMORY_ALLOCATION_ALLOCATE","Agent 2",8192,"0x00007466ec179000",14964,89657031464720,89657031465180
"MEMORY_ALLOCATION","MEMORY_ALLOCATION_ALLOCATE","Agent 2",16384,"0x00007466ec17b000",14966,89657031468130,89657031468620
"MEMORY_ALLOCATION","MEMORY_ALLOCATION_ALLOCATE","Agent 2",128,"0x00007466ec17f000",14968,89657031471500,89657031471920
"MEMORY_ALLOCATION","MEMORY_ALLOCATION_ALLOCATE","Agent 2",128,"0x00007466ec180000",14970,89657031474750,89657031475180
"MEMORY_ALLOCATION","MEMORY_ALLOCATION_ALLOCATE","Agent 2",2097152,"0x00007466e4400000",14972,89657031478090,89657031535901
"MEMORY_ALLOCATION","MEMORY_ALLOCATION_ALLOCATE","Agent 2",16384,"0x00007466ec181000",14974,89657031540311,89657031541001
"MEMORY_ALLOCATION","MEMORY_ALLOCATION_ALLOCATE","Agent 2",16384,"0x00007466ec185000",14976,89657031544471,89657031545021
"MEMORY_ALLOCATION","MEMORY_ALLOCATION_ALLOCATE","Agent 2",16384,"0x00007466ec189000",14978,89657031548621,89657031549091
"MEMORY_ALLOCATION","MEMORY_ALLOCATION_ALLOCATE","Agent 2",16384,"0x00007466ec18d000",14980,89657031552281,89657031552721
"MEMORY_ALLOCATION","MEMORY_ALLOCATION_ALLOCATE","Agent 2",49152,"0x00007466ec191000",14982,89657031555641,89657031556061
"MEMORY_ALLOCATION","MEMORY_ALLOCATION_ALLOCATE","Agent 2",16384,"0x00007466ec19d000",14984,89657031559021,89657031559481
"MEMORY_ALLOCATION","MEMORY_ALLOCATION_ALLOCATE","Agent 2",16777216,"0x00007466e3200000",15010,89657044317865,89657044385536
"MEMORY_ALLOCATION","MEMORY_ALLOCATION_ALLOCATE","Agent 2",2097152,"0x00007466e2e00000",15140,89657056962576,89657057078968
"MEMORY_ALLOCATION","MEMORY_ALLOCATION_ALLOCATE","Agent 2",64,"0x00007466ec1a1000",15158,89657059160003,89657059163693
"MEMORY_ALLOCATION","MEMORY_ALLOCATION_ALLOCATE","Agent 2",476,"0x00007466ec1a2000",15168,89657059367616,89657059368516
"MEMORY_ALLOCATION","MEMORY_ALLOCATION_ALLOCATE","Agent 2",2097152,"0x00007466e2a00000",15184,89657061055294,89657061124645
"MEMORY_ALLOCATION","MEMORY_ALLOCATION_ALLOCATE","Agent 2",524288,"0x00007466e2600000",15202,89657063344193,89657063392193
"MEMORY_ALLOCATION","MEMORY_ALLOCATION_ALLOCATE","Agent 2",64,"0x00007466ec1a3000",15212,89657064483682,89657064491402
"MEMORY_ALLOCATION","MEMORY_ALLOCATION_ALLOCATE","Agent 2",476,"0x00007466ec1a4000",15222,89657064674415,89657064675595
"MEMORY_ALLOCATION","MEMORY_ALLOCATION_ALLOCATE","Agent 2",2097152,"0x00007466e2200000",15238,89657066409714,89657066525766
"MEMORY_ALLOCATION","MEMORY_ALLOCATION_ALLOCATE","Agent 2",524288,"0x00007466e2680000",15256,89657069199140,89657069206801
"MEMORY_ALLOCATION","MEMORY_ALLOCATION_ALLOCATE","Agent 2",64,"0x00007466ec1a5000",15266,89657070181717,89657070186627
"MEMORY_ALLOCATION","MEMORY_ALLOCATION_ALLOCATE","Agent 2",476,"0x00007466ec1a6000",15276,89657070406281,89657070407481
"MEMORY_ALLOCATION","MEMORY_ALLOCATION_ALLOCATE","Agent 2",8388608,"0x00007466e1800000",15292,89657072114699,89657072233931
"MEMORY_ALLOCATION","MEMORY_ALLOCATION_ALLOCATE","Agent 2",2097152,"0x00007466e1400000",15358,89657079240558,89657079350190
"MEMORY_ALLOCATION","MEMORY_ALLOCATION_ALLOCATE","Agent 2",64,"0x00007466ec1a7000",15376,89657081548207,89657081555397
"MEMORY_ALLOCATION","MEMORY_ALLOCATION_ALLOCATE","Agent 2",476,"0x00007466ec1a8000",15386,89657081732140,89657081733400
"MEMORY_ALLOCATION","MEMORY_ALLOCATION_ALLOCATE","Agent 2",25165824,"0x00007466dfa00000",15402,89657083486959,89657083593771
"MEMORY_ALLOCATION","MEMORY_ALLOCATION_ALLOCATE","Agent 2",3145728,"0x00007466df400000",15596,89657104399059,89657104507090
"MEMORY_ALLOCATION","MEMORY_ALLOCATION_ALLOCATE","Agent 2",64,"0x00007466ec1a9000",15622,89657108186852,89657108195462
"MEMORY_ALLOCATION","MEMORY_ALLOCATION_ALLOCATE","Agent 2",476,"0x00007466ec1aa000",15632,89657108467447,89657108468837
"MEMORY_ALLOCATION","MEMORY_ALLOCATION_ALLOCATE","Agent 2",25165824,"0x00007466dda00000",15648,89657110420879,89657110551142
"MEMORY_ALLOCATION","MEMORY_ALLOCATION_ALLOCATE","Agent 2",3145728,"0x00007466dd400000",15842,89657130717369,89657130822090
"MEMORY_ALLOCATION","MEMORY_ALLOCATION_ALLOCATE","Agent 2",64,"0x00007466ec1ab000",15868,89657139408154,89657139417174
"MEMORY_ALLOCATION","MEMORY_ALLOCATION_ALLOCATE","Agent 2",476,"0x00007466ec1ac000",15878,89657139608747,89657139610467
"MEMORY_ALLOCATION","MEMORY_ALLOCATION_ALLOCATE","Agent 2",25165824,"0x00007466dba00000",15894,89657141270565,89657141389437
"MEMORY_ALLOCATION","MEMORY_ALLOCATION_ALLOCATE","Agent 2",3145728,"0x00007466db400000",16088,89657161896900,89657162054572
"MEMORY_ALLOCATION","MEMORY_ALLOCATION_ALLOCATE","Agent 2",64,"0x00007466ec1ad000",16114,89657166443386,89657166451396
"MEMORY_ALLOCATION","MEMORY_ALLOCATION_ALLOCATE","Agent 2",476,"0x00007466ec1ae000",16124,89657166628339,89657166629709
"MEMORY_ALLOCATION","MEMORY_ALLOCATION_ALLOCATE","Agent 2",16384,"0x00007466ec1af000",16134,89657166825032,89657166826052
"MEMORY_ALLOCATION","MEMORY_ALLOCATION_ALLOCATE","Agent 2",1024,"0x00007466ec1b3000",16138,89657166848992,89657166849753
"MEMORY_ALLOCATION","MEMORY_ALLOCATION_ALLOCATE","Agent 2",1024,"0x00007466ec1b4000",16142,89657166863533,89657166864203
"MEMORY_ALLOCATION","MEMORY_ALLOCATION_ALLOCATE","Agent 2",16384,"0x00007466ec1b5000",16146,89657166877933,89657166882703
"MEMORY_ALLOCATION","MEMORY_ALLOCATION_ALLOCATE","Agent 2",64,"0x00007466ec1b9000",16150,89657166904983,89657166905843
"MEMORY_ALLOCATION","MEMORY_ALLOCATION_ALLOCATE","Agent 2",16384,"0x00007466ec1ba000",16152,89657166909954,89657166910514
"MEMORY_ALLOCATION","MEMORY_ALLOCATION_ALLOCATE","Agent 2",16384,"0x00007466ec1be000",16154,89657166913704,89657166914244
"MEMORY_ALLOCATION","MEMORY_ALLOCATION_ALLOCATE","Agent 2",32768,"0x00007466ec1c2000",16156,89657166917434,89657166917894
"MEMORY_ALLOCATION","MEMORY_ALLOCATION_ALLOCATE","Agent 2",16384,"0x00007466ec1ca000",16158,89657166920844,89657166921264
"MEMORY_ALLOCATION","MEMORY_ALLOCATION_ALLOCATE","Agent 2",4096,"0x00007466ec1ce000",16160,89657166924434,89657166924884
"MEMORY_ALLOCATION","MEMORY_ALLOCATION_ALLOCATE","Agent 2",4096,"0x00007466ec1cf000",16162,89657166928034,89657166928464
"MEMORY_ALLOCATION","MEMORY_ALLOCATION_ALLOCATE","Agent 2",16384,"0x00007466ec1d0000",16164,89657166931604,89657166932684
"MEMORY_ALLOCATION","MEMORY_ALLOCATION_ALLOCATE","Agent 2",4096,"0x00007466ec1d4000",16166,89657166936464,89657166936974
"MEMORY_ALLOCATION","MEMORY_ALLOCATION_ALLOCATE","Agent 2",16384,"0x00007466ec1d5000",16168,89657166940414,89657166940924
"MEMORY_ALLOCATION","MEMORY_ALLOCATION_ALLOCATE","Agent 2",4096,"0x00007466ec1d9000",16170,89657166944074,89657166944504
"MEMORY_ALLOCATION","MEMORY_ALLOCATION_ALLOCATE","Agent 2",16777216,"0x00007466da200000",16172,89657166947654,89657167081026
"MEMORY_ALLOCATION","MEMORY_ALLOCATION_ALLOCATE","Agent 2",16777216,"0x00007466d9000000",16174,89657167087496,89657167121257
"MEMORY_ALLOCATION","MEMORY_ALLOCATION_ALLOCATE","Agent 2",16384,"0x00007466ec1da000",16176,89657167125387,89657167126177
"MEMORY_ALLOCATION","MEMORY_ALLOCATION_ALLOCATE","Agent 2",16384,"0x00007466ec1de000",16178,89657167129447,89657167129987
"MEMORY_ALLOCATION","MEMORY_ALLOCATION_ALLOCATE","Agent 2",16384,"0x00007466ec1e2000",16180,89657167133527,89657167134067
"MEMORY_ALLOCATION","MEMORY_ALLOCATION_ALLOCATE","Agent 2",16384,"0x00007466ec1e6000",16182,89657167137627,89657167138117
"MEMORY_ALLOCATION","MEMORY_ALLOCATION_ALLOCATE","Agent 2",49152,"0x00007466ec1ea000",16184,89657167141357,89657167141817
"MEMORY_ALLOCATION","MEMORY_ALLOCATION_ALLOCATE","Agent 2",16384,"0x00007466ec1f6000",16186,89657167144897,89657167145397
"MEMORY_ALLOCATION","MEMORY_ALLOCATION_ALLOCATE","Agent 2",528384,"0x00007466e2700000",16188,89657167149628,89657167150588
"MEMORY_ALLOCATION","MEMORY_ALLOCATION_ALLOCATE","Agent 2",16777216,"0x00007466d7e00000",16210,89657223702513,89657223860055
"MEMORY_ALLOCATION","MEMORY_ALLOCATION_ALLOCATE","Agent 2",2097152,"0x00007466d7a00000",16340,89657237644216,89657237751347
"MEMORY_ALLOCATION","MEMORY_ALLOCATION_ALLOCATE","Agent 2",64,"0x00007466ec1fa000",16358,89657240447213,89657240453663
"MEMORY_ALLOCATION","MEMORY_ALLOCATION_ALLOCATE","Agent 2",476,"0x00007466ec1fb000",16368,89657240610165,89657240611345
"MEMORY_ALLOCATION","MEMORY_ALLOCATION_ALLOCATE","Agent 2",65536,"0x00007466e2781000",16384,89657242052129,89657242054769
"MEMORY_ALLOCATION","MEMORY_ALLOCATION_ALLOCATE","Agent 2",8192,"0x00007466ec1fc000",16394,89657242443186,89657242444466
"MEMORY_ALLOCATION","MEMORY_ALLOCATION_ALLOCATE","Agent 2",64,"0x00007466ec1fe000",16404,89657242744931,89657242746331
"MEMORY_ALLOCATION","MEMORY_ALLOCATION_ALLOCATE","Agent 2",476,"0x00007466ec1ff000",16414,89657242885763,89657242886683
"MEMORY_ALLOCATION","MEMORY_ALLOCATION_ALLOCATE","Agent 2",65536,"0x00007466e2791000",16430,89657244235586,89657244237106
"MEMORY_ALLOCATION","MEMORY_ALLOCATION_ALLOCATE","Agent 2",8192,"0x00007466e27a1000",16440,89657244632912,89657244634113
"MEMORY_ALLOCATION","MEMORY_ALLOCATION_ALLOCATE","Agent 2",64,"0x00007466e27a3000",16450,89657244938708,89657244939918
"MEMORY_ALLOCATION","MEMORY_ALLOCATION_ALLOCATE","Agent 2",476,"0x00007466e27a4000",16460,89657245461926,89657245463676
"MEMORY_ALLOCATION","MEMORY_ALLOCATION_ALLOCATE","Agent 2",8388608,"0x00007466d7000000",16476,89657246977912,89657247081184
"MEMORY_ALLOCATION","MEMORY_ALLOCATION_ALLOCATE","Agent 2",1048576,"0x00007466d6c00000",16542,89657253608912,89657253711644
"MEMORY_ALLOCATION","MEMORY_ALLOCATION_ALLOCATE","Agent 2",64,"0x00007466e27a5000",16552,89657254903144,89657254906914
"MEMORY_ALLOCATION","MEMORY_ALLOCATION_ALLOCATE","Agent 2",476,"0x00007466e27a6000",16562,89657255079607,89657255081007
"MEMORY_ALLOCATION","MEMORY_ALLOCATION_ALLOCATE","Agent 2",8388608,"0x00007466d6200000",16578,89657256445820,89657256536341
"MEMORY_ALLOCATION","MEMORY_ALLOCATION_ALLOCATE","Agent 2",2097152,"0x00007466d5e00000",16644,89657263484618,89657263581499
"MEMORY_ALLOCATION","MEMORY_ALLOCATION_ALLOCATE","Agent 2",64,"0x00007466e27a7000",16662,89657265914728,89657265920938
"MEMORY_ALLOCATION","MEMORY_ALLOCATION_ALLOCATE","Agent 2",476,"0x00007466e27a8000",16672,89657266126742,89657266127912
"MEMORY_ALLOCATION","MEMORY_ALLOCATION_ALLOCATE","Agent 2",25165824,"0x00007466d4400000",16688,89657267509515,89657267611457
"MEMORY_ALLOCATION","MEMORY_ALLOCATION_ALLOCATE","Agent 2",3145728,"0x00007466d3e00000",16882,89657286238208,89657286333889
"MEMORY_ALLOCATION","MEMORY_ALLOCATION_ALLOCATE","Agent 2",64,"0x00007466e27a9000",16908,89657289167287,89657289172937
"MEMORY_ALLOCATION","MEMORY_ALLOCATION_ALLOCATE","Agent 2",476,"0x00007466e27aa000",16918,89657289330410,89657289331440
"MEMORY_ALLOCATION","MEMORY_ALLOCATION_ALLOCATE","Agent 2",25165824,"0x00007466d2400000",16934,89657290735413,89657290844775
"MEMORY_ALLOCATION","MEMORY_ALLOCATION_ALLOCATE","Agent 2",3145728,"0x00007466d1e00000",17128,89657309080170,89657309176291
"MEMORY_ALLOCATION","MEMORY_ALLOCATION_ALLOCATE","Agent 2",64,"0x00007466e27ab000",17154,89657316879810,89657316887290
"MEMORY_ALLOCATION","MEMORY_ALLOCATION_ALLOCATE","Agent 2",476,"0x00007466e27ac000",17164,89657317080243,89657317081423
"MEMORY_ALLOCATION","MEMORY_ALLOCATION_ALLOCATE","Agent 2",25165824,"0x00007466d0400000",17180,89657318456366,89657318565308
"MEMORY_ALLOCATION","MEMORY_ALLOCATION_ALLOCATE","Agent 2",3145728,"0x00007466cfe00000",17374,89657337996783,89657338139365
"MEMORY_ALLOCATION","MEMORY_ALLOCATION_ALLOCATE","Agent 2",64,"0x00007466e27ad000",17400,89657341670454,89657341677514
"MEMORY_ALLOCATION","MEMORY_ALLOCATION_ALLOCATE","Agent 2",476,"0x00007466e27ae000",17410,89657341837017,89657341837937
"MEMORY_ALLOCATION","MEMORY_ALLOCATION_ALLOCATE","Agent 2",128,"0x00007466e27af000",17420,89657341999330,89657342035501
"MEMORY_ALLOCATION","MEMORY_ALLOCATION_ALLOCATE","Agent 2",128,"0x00007466e27b0000",17424,89657342050001,89657342050551
"MEMORY_ALLOCATION","MEMORY_ALLOCATION_ALLOCATE","Agent 2",16384,"0x00007466e27b1000",17428,89657342062591,89657342063151
"MEMORY_ALLOCATION","MEMORY_ALLOCATION_ALLOCATE","Agent 2",16384,"0x00007466e27b5000",17432,89657342080611,89657342081291
"MEMORY_ALLOCATION","MEMORY_ALLOCATION_ALLOCATE","Agent 2",512,"0x00007466e27b9000",17436,89657342098032,89657342098622
"MEMORY_ALLOCATION","MEMORY_ALLOCATION_ALLOCATE","Agent 2",131072,"0x00007466e27ba000",17440,89657342111012,89657342111662
"MEMORY_ALLOCATION","MEMORY_ALLOCATION_ALLOCATE","Agent 2",131072,"0x00007466e27da000",17444,89657342175813,89657342176463
"MEMORY_ALLOCATION","MEMORY_ALLOCATION_ALLOCATE","Agent 2",16384,"0x00007466e27fa000",17446,89657342180603,89657342180973
"MEMORY_ALLOCATION","MEMORY_ALLOCATION_ALLOCATE","Agent 2",16384,"0x00007466d6d00000",17448,89657342184213,89657342185803
"MEMORY_ALLOCATION","MEMORY_ALLOCATION_ALLOCATE","Agent 2",32768,"0x00007466d6d04000",17450,89657342189683,89657342190333
"MEMORY_ALLOCATION","MEMORY_ALLOCATION_ALLOCATE","Agent 2",32768,"0x00007466d6d0c000",17452,89657342192943,89657342193493
"MEMORY_ALLOCATION","MEMORY_ALLOCATION_ALLOCATE","Agent 2",16384,"0x00007466d6d14000",17454,89657342196213,89657342196563
"MEMORY_ALLOCATION","MEMORY_ALLOCATION_ALLOCATE","Agent 2",8192,"0x00007466e27fe000",17456,89657342202003,89657342202483
"MEMORY_ALLOCATION","MEMORY_ALLOCATION_ALLOCATE","Agent 2",8192,"0x00007466d6d18000",17458,89657342205243,89657342205823
"MEMORY_ALLOCATION","MEMORY_ALLOCATION_ALLOCATE","Agent 2",16384,"0x00007466d6d1a000",17460,89657342208483,89657342208873
"MEMORY_ALLOCATION","MEMORY_ALLOCATION_ALLOCATE","Agent 2",128,"0x00007466d6d1e000",17462,89657342211363,89657342211813
"MEMORY_ALLOCATION","MEMORY_ALLOCATION_ALLOCATE","Agent 2",128,"0x00007466d6d1f000",17464,89657342214413,89657342214753
"MEMORY_ALLOCATION","MEMORY_ALLOCATION_ALLOCATE","Agent 2",2097152,"0x00007466cfa00000",17466,89657342217234,89657342309495
"MEMORY_ALLOCATION","MEMORY_ALLOCATION_ALLOCATE","Agent 2",16384,"0x00007466d6d20000",17468,89657342314255,89657342314805
"MEMORY_ALLOCATION","MEMORY_ALLOCATION_ALLOCATE","Agent 2",16384,"0x00007466d6d24000",17470,89657342317495,89657342317835
"MEMORY_ALLOCATION","MEMORY_ALLOCATION_ALLOCATE","Agent 2",16384,"0x00007466d6d28000",17472,89657342320785,89657342321545
"MEMORY_ALLOCATION","MEMORY_ALLOCATION_ALLOCATE","Agent 2",16384,"0x00007466d6d2c000",17474,89657342325005,89657342325435
"MEMORY_ALLOCATION","MEMORY_ALLOCATION_ALLOCATE","Agent 2",49152,"0x00007466d6d30000",17476,89657342334715,89657342335145
"MEMORY_ALLOCATION","MEMORY_ALLOCATION_ALLOCATE","Agent 2",16384,"0x00007466d6d3c000",17478,89657342337736,89657342338106
"MEMORY_ALLOCATION","MEMORY_ALLOCATION_ALLOCATE","Agent 2",16777216,"0x00007466ce800000",17504,89657354749013,89657354935496
"MEMORY_ALLOCATION","MEMORY_ALLOCATION_ALLOCATE","Agent 2",2097152,"0x00007466ce400000",17634,89657368765547,89657368860539
"MEMORY_ALLOCATION","MEMORY_ALLOCATION_ALLOCATE","Agent 2",64,"0x00007466d6d40000",17652,89657372369367,89657372377308
"MEMORY_ALLOCATION","MEMORY_ALLOCATION_ALLOCATE","Agent 2",476,"0x00007466d6d41000",17662,89657372566491,89657372567371
"MEMORY_ALLOCATION","MEMORY_ALLOCATION_ALLOCATE","Agent 2",65536,"0x00007466d6d42000",17678,89657374160817,89657374165018
"MEMORY_ALLOCATION","MEMORY_ALLOCATION_ALLOCATE","Agent 2",8192,"0x00007466d6d52000",17688,89657374690596,89657374692046
"MEMORY_ALLOCATION","MEMORY_ALLOCATION_ALLOCATE","Agent 2",64,"0x00007466d6d54000",17698,89657375048682,89657375049792
"MEMORY_ALLOCATION","MEMORY_ALLOCATION_ALLOCATE","Agent 2",476,"0x00007466d6d55000",17708,89657375228045,89657375228915
"MEMORY_ALLOCATION","MEMORY_ALLOCATION_ALLOCATE","Agent 2",65536,"0x00007466d6d56000",17724,89657376587878,89657376589998
"MEMORY_ALLOCATION","MEMORY_ALLOCATION_ALLOCATE","Agent 2",8192,"0x00007466d6d66000",17734,89657377112847,89657377114297
"MEMORY_ALLOCATION","MEMORY_ALLOCATION_ALLOCATE","Agent 2",64,"0x00007466d6d68000",17744,89657377554054,89657377555184
"MEMORY_ALLOCATION","MEMORY_ALLOCATION_ALLOCATE","Agent 2",476,"0x00007466d6d69000",17754,89657377717837,89657377718757
"MEMORY_ALLOCATION","MEMORY_ALLOCATION_ALLOCATE","Agent 2",8388608,"0x00007466cda00000",17770,89657379137691,89657379258033
"MEMORY_ALLOCATION","MEMORY_ALLOCATION_ALLOCATE","Agent 2",1048576,"0x00007466cd600000",17836,89657386424412,89657386525794
"MEMORY_ALLOCATION","MEMORY_ALLOCATION_ALLOCATE","Agent 2",64,"0x00007466d6d6a000",17846,89657388404625,89657388410526
"MEMORY_ALLOCATION","MEMORY_ALLOCATION_ALLOCATE","Agent 2",476,"0x00007466d6d6b000",17856,89657388784682,89657388786202
"MEMORY_ALLOCATION","MEMORY_ALLOCATION_ALLOCATE","Agent 2",8388608,"0x00007466ccc00000",17872,89657390297627,89657390402579
"MEMORY_ALLOCATION","MEMORY_ALLOCATION_ALLOCATE","Agent 2",2097152,"0x00007466cc800000",17938,89657397228853,89657397332045
"MEMORY_ALLOCATION","MEMORY_ALLOCATION_ALLOCATE","Agent 2",64,"0x00007466d6d6c000",17956,89657399696524,89657399703594
"MEMORY_ALLOCATION","MEMORY_ALLOCATION_ALLOCATE","Agent 2",476,"0x00007466d6d6d000",17966,89657399870517,89657399871467
"MEMORY_ALLOCATION","MEMORY_ALLOCATION_ALLOCATE","Agent 2",25165824,"0x00007466cae00000",17982,89657401307571,89657401411453
"MEMORY_ALLOCATION","MEMORY_ALLOCATION_ALLOCATE","Agent 2",3145728,"0x00007466ca800000",18176,89657420702765,89657420805087
"MEMORY_ALLOCATION","MEMORY_ALLOCATION_ALLOCATE","Agent 2",64,"0x00007466d6d6e000",18202,89657424013971,89657424022091
"MEMORY_ALLOCATION","MEMORY_ALLOCATION_ALLOCATE","Agent 2",476,"0x00007466d6d6f000",18212,89657424201314,89657424202304
"MEMORY_ALLOCATION","MEMORY_ALLOCATION_ALLOCATE","Agent 2",25165824,"0x00007466c8e00000",18228,89657425730839,89657425839361
"MEMORY_ALLOCATION","MEMORY_ALLOCATION_ALLOCATE","Agent 2",3145728,"0x00007466c8800000",18422,89657444788898,89657444897730
"MEMORY_ALLOCATION","MEMORY_ALLOCATION_ALLOCATE","Agent 2",64,"0x00007466d6d70000",18448,89657452948534,89657452958834
"MEMORY_ALLOCATION","MEMORY_ALLOCATION_ALLOCATE","Agent 2",476,"0x00007466d6d71000",18458,89657453199878,89657453201278
"MEMORY_ALLOCATION","MEMORY_ALLOCATION_ALLOCATE","Agent 2",25165824,"0x00007466c6e00000",18474,89657454595772,89657454709974
"MEMORY_ALLOCATION","MEMORY_ALLOCATION_ALLOCATE","Agent 2",3145728,"0x00007466c6800000",18668,89657474130178,89657474235080
"MEMORY_ALLOCATION","MEMORY_ALLOCATION_ALLOCATE","Agent 2",64,"0x00007466d6d72000",18694,89657477252120,89657477260281
"MEMORY_ALLOCATION","MEMORY_ALLOCATION_ALLOCATE","Agent 2",476,"0x00007466d6d73000",18704,89657477539115,89657477540225
"MEMORY_ALLOCATION","MEMORY_ALLOCATION_ALLOCATE","Agent 2",128,"0x00007466d6d74000",18714,89657477701208,89657477702458
"MEMORY_ALLOCATION","MEMORY_ALLOCATION_ALLOCATE","Agent 2",128,"0x00007466d6d75000",18718,89657477715938,89657477716448
"MEMORY_ALLOCATION","MEMORY_ALLOCATION_ALLOCATE","Agent 2",16384,"0x00007466d6d76000",18722,89657477728768,89657477729288
"MEMORY_ALLOCATION","MEMORY_ALLOCATION_ALLOCATE","Agent 2",16384,"0x00007466d6d7a000",18726,89657477746559,89657477747119
"MEMORY_ALLOCATION","MEMORY_ALLOCATION_ALLOCATE","Agent 2",512,"0x00007466d6d7e000",18730,89657477770219,89657477770999
"MEMORY_ALLOCATION","MEMORY_ALLOCATION_ALLOCATE","Agent 2",131072,"0x00007466d6d7f000",18734,89657477783879,89657477784329
"MEMORY_ALLOCATION","MEMORY_ALLOCATION_ALLOCATE","Agent 2",131072,"0x00007466d6d9f000",18738,89657477843400,89657477844020
"MEMORY_ALLOCATION","MEMORY_ALLOCATION_ALLOCATE","Agent 2",16384,"0x00007466d6dbf000",18740,89657477847260,89657477847760
"MEMORY_ALLOCATION","MEMORY_ALLOCATION_ALLOCATE","Agent 2",16384,"0x00007466d6dc3000",18742,89657477850450,89657477850800
"MEMORY_ALLOCATION","MEMORY_ALLOCATION_ALLOCATE","Agent 2",32768,"0x00007466d6dc7000",18744,89657477853570,89657477853930
"MEMORY_ALLOCATION","MEMORY_ALLOCATION_ALLOCATE","Agent 2",32768,"0x00007466d6dcf000",18746,89657477856571,89657477856941
"MEMORY_ALLOCATION","MEMORY_ALLOCATION_ALLOCATE","Agent 2",16384,"0x00007466d6dd7000",18748,89657477859511,89657477859881
"MEMORY_ALLOCATION","MEMORY_ALLOCATION_ALLOCATE","Agent 2",8192,"0x00007466d6ddb000",18750,89657477862561,89657477862901
"MEMORY_ALLOCATION","MEMORY_ALLOCATION_ALLOCATE","Agent 2",8192,"0x00007466d6ddd000",18752,89657477871941,89657477872361
"MEMORY_ALLOCATION","MEMORY_ALLOCATION_ALLOCATE","Agent 2",16384,"0x00007466d6ddf000",18754,89657477875281,89657477875641
"MEMORY_ALLOCATION","MEMORY_ALLOCATION_ALLOCATE","Agent 2",128,"0x00007466d6de3000",18756,89657477878501,89657477881621
"MEMORY_ALLOCATION","MEMORY_ALLOCATION_ALLOCATE","Agent 2",128,"0x00007466d6de4000",18758,89657477885001,89657477885391
"MEMORY_ALLOCATION","MEMORY_ALLOCATION_ALLOCATE","Agent 2",2097152,"0x00007466c6400000",18760,89657477888051,89657477989843
"MEMORY_ALLOCATION","MEMORY_ALLOCATION_ALLOCATE","Agent 2",16384,"0x00007466d6de5000",18762,89657477994513,89657477995133
"MEMORY_ALLOCATION","MEMORY_ALLOCATION_ALLOCATE","Agent 2",16384,"0x00007466d6de9000",18764,89657477997793,89657477998193
"MEMORY_ALLOCATION","MEMORY_ALLOCATION_ALLOCATE","Agent 2",16384,"0x00007466d6ded000",18766,89657478070644,89657478071134
"MEMORY_ALLOCATION","MEMORY_ALLOCATION_ALLOCATE","Agent 2",16384,"0x00007466d6df1000",18768,89657478073914,89657478074284
"MEMORY_ALLOCATION","MEMORY_ALLOCATION_ALLOCATE","Agent 2",49152,"0x00007466cd700000",18770,89657478076834,89657478078344
"MEMORY_ALLOCATION","MEMORY_ALLOCATION_ALLOCATE","Agent 2",16384,"0x00007466d6df5000",18772,89657478081464,89657478081974
"MEMORY_ALLOCATION","MEMORY_ALLOCATION_ALLOCATE","Agent 2",16777216,"0x00007466c5200000",18798,89657489965823,89657490151276
"MEMORY_ALLOCATION","MEMORY_ALLOCATION_ALLOCATE","Agent 2",2097152,"0x00007466c4e00000",18928,89657503796744,89657503890086
"MEMORY_ALLOCATION","MEMORY_ALLOCATION_ALLOCATE","Agent 2",64,"0x00007466d6df9000",18946,89657507172580,89657507180211
"MEMORY_ALLOCATION","MEMORY_ALLOCATION_ALLOCATE","Agent 2",476,"0x00007466d6dfa000",18956,89657507383844,89657507385094
"MEMORY_ALLOCATION","MEMORY_ALLOCATION_ALLOCATE","Agent 2",65536,"0x00007466cd70c000",18972,89657508769217,89657508771847
"MEMORY_ALLOCATION","MEMORY_ALLOCATION_ALLOCATE","Agent 2",8192,"0x00007466d6dfb000",18982,89657509255235,89657509257235
"MEMORY_ALLOCATION","MEMORY_ALLOCATION_ALLOCATE","Agent 2",64,"0x00007466d6dfd000",18992,89657509573701,89657509574971
"MEMORY_ALLOCATION","MEMORY_ALLOCATION_ALLOCATE","Agent 2",476,"0x00007466d6dfe000",19002,89657509732803,89657509733683
"MEMORY_ALLOCATION","MEMORY_ALLOCATION_ALLOCATE","Agent 2",65536,"0x00007466cd71c000",19018,89657511147807,89657511150087
"MEMORY_ALLOCATION","MEMORY_ALLOCATION_ALLOCATE","Agent 2",8192,"0x00007466cd72c000",19028,89657511524073,89657511525163
"MEMORY_ALLOCATION","MEMORY_ALLOCATION_ALLOCATE","Agent 2",64,"0x00007466d6dff000",19038,89657511824128,89657511825388
"MEMORY_ALLOCATION","MEMORY_ALLOCATION_ALLOCATE","Agent 2",476,"0x00007466cd72e000",19048,89657511982421,89657511983561
"MEMORY_ALLOCATION","MEMORY_ALLOCATION_ALLOCATE","Agent 2",8388608,"0x00007466c4400000",19064,89657513357434,89657513454015
"MEMORY_ALLOCATION","MEMORY_ALLOCATION_ALLOCATE","Agent 2",1048576,"0x00007466c4000000",19130,89657520172138,89657520280790
"MEMORY_ALLOCATION","MEMORY_ALLOCATION_ALLOCATE","Agent 2",64,"0x00007466cd72f000",19140,89657521585841,89657521591781
"MEMORY_ALLOCATION","MEMORY_ALLOCATION_ALLOCATE","Agent 2",476,"0x00007466cd730000",19150,89657521753674,89657521754874
"MEMORY_ALLOCATION","MEMORY_ALLOCATION_ALLOCATE","Agent 2",8388608,"0x00007466c3600000",19166,89657523165908,89657523256459
"MEMORY_ALLOCATION","MEMORY_ALLOCATION_ALLOCATE","Agent 2",2097152,"0x00007466c3200000",19232,89657530168165,89657530268666
"MEMORY_ALLOCATION","MEMORY_ALLOCATION_ALLOCATE","Agent 2",64,"0x00007466cd731000",19250,89657532701507,89657532709357
"MEMORY_ALLOCATION","MEMORY_ALLOCATION_ALLOCATE","Agent 2",476,"0x00007466cd732000",19260,89657533071413,89657533072913
"MEMORY_ALLOCATION","MEMORY_ALLOCATION_ALLOCATE","Agent 2",25165824,"0x00007466c1800000",19276,89657534491427,89657534602649
"MEMORY_ALLOCATION","MEMORY_ALLOCATION_ALLOCATE","Agent 2",3145728,"0x00007466c1200000",19470,89657552637870,89657552735452
"MEMORY_ALLOCATION","MEMORY_ALLOCATION_ALLOCATE","Agent 2",64,"0x00007466cd733000",19496,89657555556079,89657555563959
"MEMORY_ALLOCATION","MEMORY_ALLOCATION_ALLOCATE","Agent 2",476,"0x00007466cd734000",19506,89657555720482,89657555721522
"MEMORY_ALLOCATION","MEMORY_ALLOCATION_ALLOCATE","Agent 2",25165824,"0x00007466bf800000",19522,89657557279218,89657557396450
"MEMORY_ALLOCATION","MEMORY_ALLOCATION_ALLOCATE","Agent 2",3145728,"0x00007466bf200000",19716,89657576486229,89657576583161
"MEMORY_ALLOCATION","MEMORY_ALLOCATION_ALLOCATE","Agent 2",64,"0x00007466cd735000",19742,89657583832902,89657583841332
"MEMORY_ALLOCATION","MEMORY_ALLOCATION_ALLOCATE","Agent 2",476,"0x00007466cd736000",19752,89657584050545,89657584051835
"MEMORY_ALLOCATION","MEMORY_ALLOCATION_ALLOCATE","Agent 2",25165824,"0x00007466bd800000",19768,89657585466309,89657585579431
"MEMORY_ALLOCATION","MEMORY_ALLOCATION_ALLOCATE","Agent 2",3145728,"0x00007466bd200000",19962,89657603984708,89657604119371
"MEMORY_ALLOCATION","MEMORY_ALLOCATION_ALLOCATE","Agent 2",64,"0x00007466cd737000",19988,89657607189492,89657607197272
"MEMORY_ALLOCATION","MEMORY_ALLOCATION_ALLOCATE","Agent 2",476,"0x00007466cd738000",19998,89657607361755,89657607363015
"MEMORY_ALLOCATION","MEMORY_ALLOCATION_ALLOCATE","Agent 2",128,"0x00007466cd739000",20008,89657607528648,89657607529518
"MEMORY_ALLOCATION","MEMORY_ALLOCATION_ALLOCATE","Agent 2",128,"0x00007466cd73a000",20012,89657607542898,89657607543498
"MEMORY_ALLOCATION","MEMORY_ALLOCATION_ALLOCATE","Agent 2",16384,"0x00007466cd73b000",20016,89657607555338,89657607555908
"MEMORY_ALLOCATION","MEMORY_ALLOCATION_ALLOCATE","Agent 2",16384,"0x00007466cd73f000",20020,89657607580739,89657607581269
"MEMORY_ALLOCATION","MEMORY_ALLOCATION_ALLOCATE","Agent 2",512,"0x00007466cd743000",20024,89657607599359,89657607599819
"MEMORY_ALLOCATION","MEMORY_ALLOCATION_ALLOCATE","Agent 2",131072,"0x00007466cd744000",20028,89657607611019,89657607611459
"MEMORY_ALLOCATION","MEMORY_ALLOCATION_ALLOCATE","Agent 2",131072,"0x00007466cd764000",20032,89657607673680,89657607674400
"MEMORY_ALLOCATION","MEMORY_ALLOCATION_ALLOCATE","Agent 2",16384,"0x00007466cd784000",20034,89657607677860,89657607678310
"MEMORY_ALLOCATION","MEMORY_ALLOCATION_ALLOCATE","Agent 2",16384,"0x00007466cd788000",20036,89657607681770,89657607682170
"MEMORY_ALLOCATION","MEMORY_ALLOCATION_ALLOCATE","Agent 2",32768,"0x00007466cd78c000",20038,89657607684890,89657607685380
"MEMORY_ALLOCATION","MEMORY_ALLOCATION_ALLOCATE","Agent 2",32768,"0x00007466cd794000",20040,89657607688190,89657607688531
"MEMORY_ALLOCATION","MEMORY_ALLOCATION_ALLOCATE","Agent 2",16384,"0x00007466cd79c000",20042,89657607691141,89657607691501
"MEMORY_ALLOCATION","MEMORY_ALLOCATION_ALLOCATE","Agent 2",8192,"0x00007466cd7a0000",20044,89657607694461,89657607694821
"MEMORY_ALLOCATION","MEMORY_ALLOCATION_ALLOCATE","Agent 2",8192,"0x00007466cd7a2000",20046,89657607697591,89657607697961
"MEMORY_ALLOCATION","MEMORY_ALLOCATION_ALLOCATE","Agent 2",16384,"0x00007466cd7a4000",20048,89657607700621,89657607701031
"MEMORY_ALLOCATION","MEMORY_ALLOCATION_ALLOCATE","Agent 2",128,"0x00007466cd7a8000",20050,89657607703851,89657607704241
"MEMORY_ALLOCATION","MEMORY_ALLOCATION_ALLOCATE","Agent 2",128,"0x00007466cd7a9000",20052,89657607711011,89657607711441
"MEMORY_ALLOCATION","MEMORY_ALLOCATION_ALLOCATE","Agent 2",2097152,"0x00007466bce00000",20054,89657607714001,89657607809083
"MEMORY_ALLOCATION","MEMORY_ALLOCATION_ALLOCATE","Agent 2",16384,"0x00007466cd7aa000",20056,89657607813423,89657607814073
"MEMORY_ALLOCATION","MEMORY_ALLOCATION_ALLOCATE","Agent 2",16384,"0x00007466cd7ae000",20058,89657607816833,89657607817243
"MEMORY_ALLOCATION","MEMORY_ALLOCATION_ALLOCATE","Agent 2",16384,"0x00007466cd7b2000",20060,89657607820243,89657607820623
"MEMORY_ALLOCATION","MEMORY_ALLOCATION_ALLOCATE","Agent 2",16384,"0x00007466cd7b6000",20062,89657607823233,89657607823643
"MEMORY_ALLOCATION","MEMORY_ALLOCATION_ALLOCATE","Agent 2",49152,"0x00007466cd7ba000",20064,89657607826203,89657607826553
"MEMORY_ALLOCATION","MEMORY_ALLOCATION_ALLOCATE","Agent 2",16384,"0x00007466cd7c6000",20066,89657607829123,89657607829483
"MEMORY_ALLOCATION","MEMORY_ALLOCATION_ALLOCATE","Agent 2",16777216,"0x00007466bbc00000",20092,89657619515518,89657619810843
"MEMORY_ALLOCATION","MEMORY_ALLOCATION_ALLOCATE","Agent 2",2097152,"0x00007466bb800000",20222,89657632863591,89657632960153
"MEMORY_ALLOCATION","MEMORY_ALLOCATION_ALLOCATE","Agent 2",64,"0x00007466cd7ca000",20240,89657635249581,89657635257571
"MEMORY_ALLOCATION","MEMORY_ALLOCATION_ALLOCATE","Agent 2",476,"0x00007466cd7cb000",20250,89657635423704,89657635424584
"MEMORY_ALLOCATION","MEMORY_ALLOCATION_ALLOCATE","Agent 2",2097152,"0x00007466bb400000",20266,89657636749016,89657636857518
"MEMORY_ALLOCATION","MEMORY_ALLOCATION_ALLOCATE","Agent 2",524288,"0x00007466c4100000",20284,89657639487582,89657639493902
"MEMORY_ALLOCATION","MEMORY_ALLOCATION_ALLOCATE","Agent 2",64,"0x00007466cd7cc000",20294,89657640418258,89657640422078
"MEMORY_ALLOCATION","MEMORY_ALLOCATION_ALLOCATE","Agent 2",476,"0x00007466cd7cd000",20304,89657640804894,89657640806524
"MEMORY_ALLOCATION","MEMORY_ALLOCATION_ALLOCATE","Agent 2",2097152,"0x00007466bb000000",20320,89657642185257,89657642291769
"MEMORY_ALLOCATION","MEMORY_ALLOCATION_ALLOCATE","Agent 2",524288,"0x00007466c4180000",20338,89657644939643,89657644945723
"MEMORY_ALLOCATION","MEMORY_ALLOCATION_ALLOCATE","Agent 2",64,"0x00007466cd7ce000",20348,89657646121453,89657646126683
"MEMORY_ALLOCATION","MEMORY_ALLOCATION_ALLOCATE","Agent 2",476,"0x00007466cd7cf000",20358,89657646306156,89657646307396
"MEMORY_ALLOCATION","MEMORY_ALLOCATION_ALLOCATE","Agent 2",8388608,"0x00007466ba600000",20374,89657647673569,89657647790621
"MEMORY_ALLOCATION","MEMORY_ALLOCATION_ALLOCATE","Agent 2",2097152,"0x00007466ba200000",20440,89657654705246,89657654804558
"MEMORY_ALLOCATION","MEMORY_ALLOCATION_ALLOCATE","Agent 2",64,"0x00007466cd7d0000",20458,89657657344350,89657657352831
"MEMORY_ALLOCATION","MEMORY_ALLOCATION_ALLOCATE","Agent 2",476,"0x00007466cd7d1000",20468,89657657532184,89657657533564
"MEMORY_ALLOCATION","MEMORY_ALLOCATION_ALLOCATE","Agent 2",25165824,"0x00007466b8800000",20484,89657658912077,89657659058909
"MEMORY_ALLOCATION","MEMORY_ALLOCATION_ALLOCATE","Agent 2",3145728,"0x00007466b8200000",20678,89657677497947,89657677607409
"MEMORY_ALLOCATION","MEMORY_ALLOCATION_ALLOCATE","Agent 2",64,"0x00007466cd7d2000",20704,89657680468417,89657680477227
"MEMORY_ALLOCATION","MEMORY_ALLOCATION_ALLOCATE","Agent 2",476,"0x00007466cd7d3000",20714,89657680637430,89657680638600
"MEMORY_ALLOCATION","MEMORY_ALLOCATION_ALLOCATE","Agent 2",25165824,"0x00007466b6800000",20730,89657682060403,89657682162535
"MEMORY_ALLOCATION","MEMORY_ALLOCATION_ALLOCATE","Agent 2",3145728,"0x00007466b6200000",20924,89657700106205,89657700204887
"MEMORY_ALLOCATION","MEMORY_ALLOCATION_ALLOCATE","Agent 2",64,"0x00007466cd7d4000",20950,89657708170300,89657708179690
"MEMORY_ALLOCATION","MEMORY_ALLOCATION_ALLOCATE","Agent 2",476,"0x00007466cd7d5000",20960,89657708382353,89657708384523
"MEMORY_ALLOCATION","MEMORY_ALLOCATION_ALLOCATE","Agent 2",25165824,"0x00007466b4800000",20976,89657710588140,89657710701272
"MEMORY_ALLOCATION","MEMORY_ALLOCATION_ALLOCATE","Agent 2",3145728,"0x00007466b4200000",21170,89657729449185,89657729553017
"MEMORY_ALLOCATION","MEMORY_ALLOCATION_ALLOCATE","Agent 2",64,"0x00007466cd7d6000",21196,89657732168281,89657732174971
"MEMORY_ALLOCATION","MEMORY_ALLOCATION_ALLOCATE","Agent 2",476,"0x00007466cd7d7000",21206,89657732334224,89657732335394
"MEMORY_ALLOCATION","MEMORY_ALLOCATION_ALLOCATE","Agent 2",16384,"0x00007466cd7d8000",21216,89657732543597,89657732545217
"MEMORY_ALLOCATION","MEMORY_ALLOCATION_ALLOCATE","Agent 2",1024,"0x00007466cd7dc000",21220,89657732564648,89657732565208
"MEMORY_ALLOCATION","MEMORY_ALLOCATION_ALLOCATE","Agent 2",1024,"0x00007466cd7dd000",21224,89657732577648,89657732578348
"MEMORY_ALLOCATION","MEMORY_ALLOCATION_ALLOCATE","Agent 2",16384,"0x00007466cd7de000",21228,89657732590028,89657732590698
"MEMORY_ALLOCATION","MEMORY_ALLOCATION_ALLOCATE","Agent 2",64,"0x00007466cd7e2000",21232,89657732615258,89657732616148
"MEMORY_ALLOCATION","MEMORY_ALLOCATION_ALLOCATE","Agent 2",16384,"0x00007466cd7e3000",21234,89657732619039,89657732619449
"MEMORY_ALLOCATION","MEMORY_ALLOCATION_ALLOCATE","Agent 2",16384,"0x00007466cd7e7000",21236,89657732622049,89657732622429
"MEMORY_ALLOCATION","MEMORY_ALLOCATION_ALLOCATE","Agent 2",32768,"0x00007466cd7eb000",21238,89657732624969,89657732625389
"MEMORY_ALLOCATION","MEMORY_ALLOCATION_ALLOCATE","Agent 2",16384,"0x00007466cd7f3000",21240,89657732628029,89657732628439
"MEMORY_ALLOCATION","MEMORY_ALLOCATION_ALLOCATE","Agent 2",4096,"0x00007466cd7f7000",21242,89657732630939,89657732631329
"MEMORY_ALLOCATION","MEMORY_ALLOCATION_ALLOCATE","Agent 2",4096,"0x00007466cd7f8000",21244,89657732633799,89657732634219
"MEMORY_ALLOCATION","MEMORY_ALLOCATION_ALLOCATE","Agent 2",16384,"0x00007466cd7f9000",21246,89657732636959,89657732637369
"MEMORY_ALLOCATION","MEMORY_ALLOCATION_ALLOCATE","Agent 2",4096,"0x00007466cd7fd000",21248,89657732639969,89657732640339
"MEMORY_ALLOCATION","MEMORY_ALLOCATION_ALLOCATE","Agent 2",16384,"0x00007466b3e00000",21250,89657732645199,89657732728270
"MEMORY_ALLOCATION","MEMORY_ALLOCATION_ALLOCATE","Agent 2",4096,"0x00007466cd7fe000",21252,89657732732600,89657732733200
"MEMORY_ALLOCATION","MEMORY_ALLOCATION_ALLOCATE","Agent 2",16777216,"0x00007466b2c00000",21254,89657732735910,89657732772111
"MEMORY_ALLOCATION","MEMORY_ALLOCATION_ALLOCATE","Agent 2",16777216,"0x00007466b1a00000",21256,89657732775911,89657732807582
"MEMORY_ALLOCATION","MEMORY_ALLOCATION_ALLOCATE","Agent 2",16384,"0x00007466b3e04000",21258,89657732811712,89657732812592
"MEMORY_ALLOCATION","MEMORY_ALLOCATION_ALLOCATE","Agent 2",16384,"0x00007466b3e08000",21260,89657732815722,89657732816232
"MEMORY_ALLOCATION","MEMORY_ALLOCATION_ALLOCATE","Agent 2",16384,"0x00007466b3e0c000",21262,89657732818732,89657732819152
"MEMORY_ALLOCATION","MEMORY_ALLOCATION_ALLOCATE","Agent 2",16384,"0x00007466b3e10000",21264,89657732821802,89657732822172
"MEMORY_ALLOCATION","MEMORY_ALLOCATION_ALLOCATE","Agent 2",49152,"0x00007466b3e14000",21266,89657732824672,89657732825172
"MEMORY_ALLOCATION","MEMORY_ALLOCATION_ALLOCATE","Agent 2",16384,"0x00007466b3e20000",21268,89657732827772,89657732828232
"MEMORY_ALLOCATION","MEMORY_ALLOCATION_ALLOCATE","Agent 2",528384,"0x00007466b3e24000",21270,89657732831402,89657732831762
"MEMORY_ALLOCATION","MEMORY_ALLOCATION_ALLOCATE","Agent 2",16777216,"0x00007466b0800000",21292,89657778708559,89657778850861
"MEMORY_ALLOCATION","MEMORY_ALLOCATION_ALLOCATE","Agent 2",2097152,"0x00007466b0400000",21422,89657791640835,89657791739487
"MEMORY_ALLOCATION","MEMORY_ALLOCATION_ALLOCATE","Agent 2",64,"0x00007466cd7ff000",21440,89657795302646,89657795308496
"MEMORY_ALLOCATION","MEMORY_ALLOCATION_ALLOCATE","Agent 2",476,"0x00007466b3ea5000",21450,89657795494309,89657795497829
"MEMORY_ALLOCATION","MEMORY_ALLOCATION_ALLOCATE","Agent 2",65536,"0x00007466b3ea6000",21466,89657796909293,89657796911373
"MEMORY_ALLOCATION","MEMORY_ALLOCATION_ALLOCATE","Agent 2",8192,"0x00007466b3eb6000",21476,89657797308330,89657797309600
"MEMORY_ALLOCATION","MEMORY_ALLOCATION_ALLOCATE","Agent 2",64,"0x00007466b3eb8000",21486,89657797620475,89657797621455
"MEMORY_ALLOCATION","MEMORY_ALLOCATION_ALLOCATE","Agent 2",476,"0x00007466b3eb9000",21496,89657797769017,89657797769817
"MEMORY_ALLOCATION","MEMORY_ALLOCATION_ALLOCATE","Agent 2",65536,"0x00007466b3eba000",21512,89657799087209,89657799088659
"MEMORY_ALLOCATION","MEMORY_ALLOCATION_ALLOCATE","Agent 2",8192,"0x00007466b3eca000",21522,89657799448095,89657799449425
"MEMORY_ALLOCATION","MEMORY_ALLOCATION_ALLOCATE","Agent 2",64,"0x00007466b3ecc000",21532,89657799734380,89657799735760
"MEMORY_ALLOCATION","MEMORY_ALLOCATION_ALLOCATE","Agent 2",476,"0x00007466b3ecd000",21542,89657799880593,89657799881403
"MEMORY_ALLOCATION","MEMORY_ALLOCATION_ALLOCATE","Agent 2",8388608,"0x00007466afa00000",21558,89657801195025,89657801289996
"MEMORY_ALLOCATION","MEMORY_ALLOCATION_ALLOCATE","Agent 2",1048576,"0x00007466b3ece000",21624,89657808129521,89657808137621
"MEMORY_ALLOCATION","MEMORY_ALLOCATION_ALLOCATE","Agent 2",64,"0x00007466b3fce000",21634,89657809970861,89657809973971
"MEMORY_ALLOCATION","MEMORY_ALLOCATION_ALLOCATE","Agent 2",476,"0x00007466b3fcf000",21644,89657810155494,89657810156524
"MEMORY_ALLOCATION","MEMORY_ALLOCATION_ALLOCATE","Agent 2",8388608,"0x00007466af000000",21660,89657811525087,89657811635929
"MEMORY_ALLOCATION","MEMORY_ALLOCATION_ALLOCATE","Agent 2",2097152,"0x00007466aec00000",21726,89657817708051,89657817806682
"MEMORY_ALLOCATION","MEMORY_ALLOCATION_ALLOCATE","Agent 2",64,"0x00007466b3fd0000",21744,89657820139011,89657820144961
"MEMORY_ALLOCATION","MEMORY_ALLOCATION_ALLOCATE","Agent 2",476,"0x00007466b3fd1000",21754,89657820327134,89657820328184
"MEMORY_ALLOCATION","MEMORY_ALLOCATION_ALLOCATE","Agent 2",25165824,"0x00007466ad200000",21770,89657821766108,89657821857560
"MEMORY_ALLOCATION","MEMORY_ALLOCATION_ALLOCATE","Agent 2",3145728,"0x00007466acc00000",21964,89657838844194,89657838950756
"MEMORY_ALLOCATION","MEMORY_ALLOCATION_ALLOCATE","Agent 2",64,"0x00007466b3fd2000",21990,89657841945526,89657841952386
"MEMORY_ALLOCATION","MEMORY_ALLOCATION_ALLOCATE","Agent 2",476,"0x00007466b3fd3000",22000,89657842116809,89657842117839
"MEMORY_ALLOCATION","MEMORY_ALLOCATION_ALLOCATE","Agent 2",25165824,"0x00007466ab200000",22016,89657843626894,89657843715135
"MEMORY_ALLOCATION","MEMORY_ALLOCATION_ALLOCATE","Agent 2",3145728,"0x00007466aac00000",22210,89657861266119,89657861363150
"MEMORY_ALLOCATION","MEMORY_ALLOCATION_ALLOCATE","Agent 2",64,"0x00007466b3fd4000",22236,89657864721996,89657864729426
"MEMORY_ALLOCATION","MEMORY_ALLOCATION_ALLOCATE","Agent 2",476,"0x00007466b3fd5000",22246,89657864883649,89657864885429
"MEMORY_ALLOCATION","MEMORY_ALLOCATION_ALLOCATE","Agent 2",25165824,"0x00007466a9200000",22262,89657866278952,89657866376444
"MEMORY_ALLOCATION","MEMORY_ALLOCATION_ALLOCATE","Agent 2",3145728,"0x00007466a8c00000",22456,89657883830356,89657883934517
"MEMORY_ALLOCATION","MEMORY_ALLOCATION_ALLOCATE","Agent 2",64,"0x00007466b3fd6000",22482,89657886621692,89657886628243
"MEMORY_ALLOCATION","MEMORY_ALLOCATION_ALLOCATE","Agent 2",476,"0x00007466b3fd7000",22492,89657886791905,89657886792955
"MEMORY_ALLOCATION","MEMORY_ALLOCATION_ALLOCATE","Agent 2",128,"0x00007466b3fd8000",22502,89657886958198,89657886958938
"MEMORY_ALLOCATION","MEMORY_ALLOCATION_ALLOCATE","Agent 2",128,"0x00007466b3fd9000",22506,89657886972588,89657886973208
"MEMORY_ALLOCATION","MEMORY_ALLOCATION_ALLOCATE","Agent 2",16384,"0x00007466b3fda000",22510,89657886984169,89657886984719
"MEMORY_ALLOCATION","MEMORY_ALLOCATION_ALLOCATE","Agent 2",16384,"0x00007466b3fde000",22514,89657887036979,89657887037739
"MEMORY_ALLOCATION","MEMORY_ALLOCATION_ALLOCATE","Agent 2",512,"0x00007466b3fe2000",22518,89657887055390,89657887055890
"MEMORY_ALLOCATION","MEMORY_ALLOCATION_ALLOCATE","Agent 2",131072,"0x00007466a8800000",22522,89657887067540,89657887148931
"MEMORY_ALLOCATION","MEMORY_ALLOCATION_ALLOCATE","Agent 2",131072,"0x00007466a8820000",22526,89657887211292,89657887212342
"MEMORY_ALLOCATION","MEMORY_ALLOCATION_ALLOCATE","Agent 2",16384,"0x00007466b3fe3000",22528,89657887215462,89657887216442
"MEMORY_ALLOCATION","MEMORY_ALLOCATION_ALLOCATE","Agent 2",16384,"0x00007466b3fe7000",22530,89657887220182,89657887220772
"MEMORY_ALLOCATION","MEMORY_ALLOCATION_ALLOCATE","Agent 2",32768,"0x00007466b3feb000",22532,89657887223402,89657887223812
"MEMORY_ALLOCATION","MEMORY_ALLOCATION_ALLOCATE","Agent 2",32768,"0x00007466b3ff3000",22534,89657887226333,89657887226833
"MEMORY_ALLOCATION","MEMORY_ALLOCATION_ALLOCATE","Agent 2",16384,"0x00007466b3ffb000",22536,89657887229343,89657887229733
"MEMORY_ALLOCATION","MEMORY_ALLOCATION_ALLOCATE","Agent 2",8192,"0x00007466a8840000",22538,89657887232723,89657887233193
"MEMORY_ALLOCATION","MEMORY_ALLOCATION_ALLOCATE","Agent 2",8192,"0x00007466a8842000",22540,89657887237153,89657887237813
"MEMORY_ALLOCATION","MEMORY_ALLOCATION_ALLOCATE","Agent 2",16384,"0x00007466a8844000",22542,89657887240613,89657887240973
"MEMORY_ALLOCATION","MEMORY_ALLOCATION_ALLOCATE","Agent 2",128,"0x00007466b3fff000",22544,89657887243573,89657887243903
"MEMORY_ALLOCATION","MEMORY_ALLOCATION_ALLOCATE","Agent 2",128,"0x00007466a8848000",22546,89657887246503,89657887247443
"MEMORY_ALLOCATION","MEMORY_ALLOCATION_ALLOCATE","Agent 2",2097152,"0x00007466a8400000",22548,89657887250513,89657887287624
"MEMORY_ALLOCATION","MEMORY_ALLOCATION_ALLOCATE","Agent 2",16384,"0x00007466a8849000",22550,89657887291284,89657887291794
"MEMORY_ALLOCATION","MEMORY_ALLOCATION_ALLOCATE","Agent 2",16384,"0x00007466a884d000",22552,89657887294444,89657887294834
"MEMORY_ALLOCATION","MEMORY_ALLOCATION_ALLOCATE","Agent 2",16384,"0x00007466a8851000",22554,89657887297634,89657887297994
"MEMORY_ALLOCATION","MEMORY_ALLOCATION_ALLOCATE","Agent 2",16384,"0x00007466a8855000",22556,89657887300524,89657887300934
"MEMORY_ALLOCATION","MEMORY_ALLOCATION_ALLOCATE","Agent 2",49152,"0x00007466a8859000",22558,89657887303524,89657887303934
"MEMORY_ALLOCATION","MEMORY_ALLOCATION_ALLOCATE","Agent 2",16384,"0x00007466a8865000",22560,89657887306484,89657887306864
"MEMORY_ALLOCATION","MEMORY_ALLOCATION_ALLOCATE","Agent 2",16777216,"0x00007466a7200000",22586,89657899054430,89657899209233
"MEMORY_ALLOCATION","MEMORY_ALLOCATION_ALLOCATE","Agent 2",2097152,"0x00007466a6e00000",22716,89657911437017,89657911534179
"MEMORY_ALLOCATION","MEMORY_ALLOCATION_ALLOCATE","Agent 2",64,"0x00007466a8869000",22734,89657914976376,89657914981866
"MEMORY_ALLOCATION","MEMORY_ALLOCATION_ALLOCATE","Agent 2",476,"0x00007466a886a000",22744,89657915178240,89657915179250
"MEMORY_ALLOCATION","MEMORY_ALLOCATION_ALLOCATE","Agent 2",65536,"0x00007466a886b000",22760,89657916781397,89657916783217
"MEMORY_ALLOCATION","MEMORY_ALLOCATION_ALLOCATE","Agent 2",8192,"0x00007466a887b000",22770,89657917195363,89657917196463
"MEMORY_ALLOCATION","MEMORY_ALLOCATION_ALLOCATE","Agent 2",64,"0x00007466a887d000",22780,89657917581610,89657917582510
"MEMORY_ALLOCATION","MEMORY_ALLOCATION_ALLOCATE","Agent 2",476,"0x00007466a887e000",22790,89657917729442,89657917730312
"MEMORY_ALLOCATION","MEMORY_ALLOCATION_ALLOCATE","Agent 2",65536,"0x00007466a887f000",22806,89657919050844,89657919052284
"MEMORY_ALLOCATION","MEMORY_ALLOCATION_ALLOCATE","Agent 2",8192,"0x00007466a888f000",22816,89657919432741,89657919434001
"MEMORY_ALLOCATION","MEMORY_ALLOCATION_ALLOCATE","Agent 2",64,"0x00007466a8891000",22826,89657919727426,89657919728376
"MEMORY_ALLOCATION","MEMORY_ALLOCATION_ALLOCATE","Agent 2",476,"0x00007466a8892000",22836,89657919883128,89657919884098
"MEMORY_ALLOCATION","MEMORY_ALLOCATION_ALLOCATE","Agent 2",8388608,"0x00007466a6400000",22852,89657921199970,89657921294572
"MEMORY_ALLOCATION","MEMORY_ALLOCATION_ALLOCATE","Agent 2",1048576,"0x00007466a8893000",22918,89657927468925,89657927476995
"MEMORY_ALLOCATION","MEMORY_ALLOCATION_ALLOCATE","Agent 2",64,"0x00007466a8993000",22928,89657929228555,89657929231595
"MEMORY_ALLOCATION","MEMORY_ALLOCATION_ALLOCATE","Agent 2",476,"0x00007466a8994000",22938,89657929386997,89657929387837
"MEMORY_ALLOCATION","MEMORY_ALLOCATION_ALLOCATE","Agent 2",8388608,"0x00007466a5a00000",22954,89657930775990,89657930871932
"MEMORY_ALLOCATION","MEMORY_ALLOCATION_ALLOCATE","Agent 2",2097152,"0x00007466a5600000",23020,89657937175337,89657937279079
"MEMORY_ALLOCATION","MEMORY_ALLOCATION_ALLOCATE","Agent 2",64,"0x00007466a8995000",23038,89657939880653,89657939886263
"MEMORY_ALLOCATION","MEMORY_ALLOCATION_ALLOCATE","Agent 2",476,"0x00007466a8996000",23048,89657940083906,89657940085016
"MEMORY_ALLOCATION","MEMORY_ALLOCATION_ALLOCATE","Agent 2",25165824,"0x00007466a3c00000",23064,89657941436059,89657941532130
"MEMORY_ALLOCATION","MEMORY_ALLOCATION_ALLOCATE","Agent 2",3145728,"0x00007466a3600000",23258,89657959561472,89657959661803
"MEMORY_ALLOCATION","MEMORY_ALLOCATION_ALLOCATE","Agent 2",64,"0x00007466a8997000",23284,89657962429289,89657962436370
"MEMORY_ALLOCATION","MEMORY_ALLOCATION_ALLOCATE","Agent 2",476,"0x00007466a8998000",23294,89657962632523,89657962633493
"MEMORY_ALLOCATION","MEMORY_ALLOCATION_ALLOCATE","Agent 2",25165824,"0x00007466a1c00000",23310,89657964037096,89657964140818
"MEMORY_ALLOCATION","MEMORY_ALLOCATION_ALLOCATE","Agent 2",3145728,"0x00007466a1600000",23504,89657982875431,89657982976263
"MEMORY_ALLOCATION","MEMORY_ALLOCATION_ALLOCATE","Agent 2",64,"0x00007466a8999000",23530,89657986477151,89657986484342
"MEMORY_ALLOCATION","MEMORY_ALLOCATION_ALLOCATE","Agent 2",476,"0x00007466a899a000",23540,89657986641894,89657986642874
"MEMORY_ALLOCATION","MEMORY_ALLOCATION_ALLOCATE","Agent 2",25165824,"0x000074669fc00000",23556,89657988036938,89657988134899
"MEMORY_ALLOCATION","MEMORY_ALLOCATION_ALLOCATE","Agent 2",3145728,"0x000074669f600000",23750,89658005613451,89658005719283
"MEMORY_ALLOCATION","MEMORY_ALLOCATION_ALLOCATE","Agent 2",64,"0x00007466a899b000",23776,89658008962967,89658008970387
"MEMORY_ALLOCATION","MEMORY_ALLOCATION_ALLOCATE","Agent 2",476,"0x00007466a899c000",23786,89658009167281,89658009168571
"MEMORY_ALLOCATION","MEMORY_ALLOCATION_ALLOCATE","Agent 2",128,"0x00007466a899d000",23796,89658009325983,89658009326883
"MEMORY_ALLOCATION","MEMORY_ALLOCATION_ALLOCATE","Agent 2",128,"0x00007466a899e000",23800,89658009342614,89658009343224
"MEMORY_ALLOCATION","MEMORY_ALLOCATION_ALLOCATE","Agent 2",16384,"0x00007466a899f000",23804,89658009631818,89658009633158
"MEMORY_ALLOCATION","MEMORY_ALLOCATION_ALLOCATE","Agent 2",16384,"0x00007466a89a3000",23808,89658009676009,89658009676599
"MEMORY_ALLOCATION","MEMORY_ALLOCATION_ALLOCATE","Agent 2",512,"0x00007466a89a7000",23812,89658009691999,89658009692589
"MEMORY_ALLOCATION","MEMORY_ALLOCATION_ALLOCATE","Agent 2",131072,"0x00007466a89a8000",23816,89658009704640,89658009705480
"MEMORY_ALLOCATION","MEMORY_ALLOCATION_ALLOCATE","Agent 2",131072,"0x00007466a89c8000",23820,89658009761681,89658009762661
"MEMORY_ALLOCATION","MEMORY_ALLOCATION_ALLOCATE","Agent 2",16384,"0x00007466a89e8000",23822,89658009765641,89658009766061
"MEMORY_ALLOCATION","MEMORY_ALLOCATION_ALLOCATE","Agent 2",16384,"0x00007466a89ec000",23824,89658009768891,89658009769261
"MEMORY_ALLOCATION","MEMORY_ALLOCATION_ALLOCATE","Agent 2",32768,"0x00007466a89f0000",23826,89658009771841,89658009772221
"MEMORY_ALLOCATION","MEMORY_ALLOCATION_ALLOCATE","Agent 2",32768,"0x00007466a89f8000",23828,89658009774761,89658009775221
"MEMORY_ALLOCATION","MEMORY_ALLOCATION_ALLOCATE","Agent 2",16384,"0x000074669f200000",23830,89658009778421,89658009865972
"MEMORY_ALLOCATION","MEMORY_ALLOCATION_ALLOCATE","Agent 2",8192,"0x000074669f204000",23832,89658009870462,89658009871022
"MEMORY_ALLOCATION","MEMORY_ALLOCATION_ALLOCATE","Agent 2",8192,"0x000074669f206000",23834,89658009873812,89658009874252
"MEMORY_ALLOCATION","MEMORY_ALLOCATION_ALLOCATE","Agent 2",16384,"0x000074669f208000",23836,89658009877173,89658009877643
"MEMORY_ALLOCATION","MEMORY_ALLOCATION_ALLOCATE","Agent 2",128,"0x000074669f20c000",23838,89658009880673,89658009881073
"MEMORY_ALLOCATION","MEMORY_ALLOCATION_ALLOCATE","Agent 2",128,"0x000074669f20d000",23840,89658009883773,89658009884213
"MEMORY_ALLOCATION","MEMORY_ALLOCATION_ALLOCATE","Agent 2",2097152,"0x000074669ee00000",23842,89658009887063,89658009913483
"MEMORY_ALLOCATION","MEMORY_ALLOCATION_ALLOCATE","Agent 2",16384,"0x000074669f20e000",23844,89658009916663,89658009917263
"MEMORY_ALLOCATION","MEMORY_ALLOCATION_ALLOCATE","Agent 2",16384,"0x000074669f212000",23846,89658009920173,89658009920573
"MEMORY_ALLOCATION","MEMORY_ALLOCATION_ALLOCATE","Agent 2",16384,"0x000074669f216000",23848,89658009923403,89658009923763
"MEMORY_ALLOCATION","MEMORY_ALLOCATION_ALLOCATE","Agent 2",16384,"0x000074669f21a000",23850,89658009926383,89658009926803
"MEMORY_ALLOCATION","MEMORY_ALLOCATION_ALLOCATE","Agent 2",49152,"0x000074669f21e000",23852,89658009929483,89658009930023
"MEMORY_ALLOCATION","MEMORY_ALLOCATION_ALLOCATE","Agent 2",16384,"0x000074669f22a000",23854,89658009932753,89658009933163
"MEMORY_ALLOCATION","MEMORY_ALLOCATION_ALLOCATE","Agent 2",16777216,"0x000074669dc00000",23880,89658021562728,89658021718850
"MEMORY_ALLOCATION","MEMORY_ALLOCATION_ALLOCATE","Agent 2",2097152,"0x000074669d800000",24010,89658034638796,89658034752908
"MEMORY_ALLOCATION","MEMORY_ALLOCATION_ALLOCATE","Agent 2",64,"0x000074669f22e000",24028,89658038349078,89658038356909
"MEMORY_ALLOCATION","MEMORY_ALLOCATION_ALLOCATE","Agent 2",476,"0x000074669f22f000",24038,89658038640503,89658038641463
"MEMORY_ALLOCATION","MEMORY_ALLOCATION_ALLOCATE","Agent 2",65536,"0x000074669f230000",24054,89658040091408,89658040093398
"MEMORY_ALLOCATION","MEMORY_ALLOCATION_ALLOCATE","Agent 2",8192,"0x000074669f240000",24064,89658040636267,89658040637637
"MEMORY_ALLOCATION","MEMORY_ALLOCATION_ALLOCATE","Agent 2",64,"0x000074669f242000",24074,89658040937792,89658040938992
"MEMORY_ALLOCATION","MEMORY_ALLOCATION_ALLOCATE","Agent 2",476,"0x000074669f243000",24084,89658041138445,89658041139225
"MEMORY_ALLOCATION","MEMORY_ALLOCATION_ALLOCATE","Agent 2",65536,"0x000074669f244000",24100,89658042470357,89658042472317
"MEMORY_ALLOCATION","MEMORY_ALLOCATION_ALLOCATE","Agent 2",8192,"0x000074669f254000",24110,89658042960406,89658042961566
"MEMORY_ALLOCATION","MEMORY_ALLOCATION_ALLOCATE","Agent 2",64,"0x000074669f256000",24120,89658043266551,89658043267491
"MEMORY_ALLOCATION","MEMORY_ALLOCATION_ALLOCATE","Agent 2",476,"0x000074669f257000",24130,89658043425473,89658043426293
"MEMORY_ALLOCATION","MEMORY_ALLOCATION_ALLOCATE","Agent 2",8388608,"0x000074669ce00000",24146,89658044757236,89658044868577
"MEMORY_ALLOCATION","MEMORY_ALLOCATION_ALLOCATE","Agent 2",1048576,"0x000074669f258000",24212,89658052378543,89658052386243
"MEMORY_ALLOCATION","MEMORY_ALLOCATION_ALLOCATE","Agent 2",64,"0x000074669f358000",24222,89658054421897,89658054427087
"MEMORY_ALLOCATION","MEMORY_ALLOCATION_ALLOCATE","Agent 2",476,"0x000074669f359000",24232,89658054596240,89658054597200
"MEMORY_ALLOCATION","MEMORY_ALLOCATION_ALLOCATE","Agent 2",8388608,"0x000074669c400000",24248,89658055974473,89658056109125
"MEMORY_ALLOCATION","MEMORY_ALLOCATION_ALLOCATE","Agent 2",2097152,"0x000074669c000000",24314,89658062382360,89658062480172
"MEMORY_ALLOCATION","MEMORY_ALLOCATION_ALLOCATE","Agent 2",64,"0x000074669f35a000",24332,89658064500046,89658064504626
"MEMORY_ALLOCATION","MEMORY_ALLOCATION_ALLOCATE","Agent 2",476,"0x000074669f35b000",24342,89658064663858,89658064665108
"MEMORY_ALLOCATION","MEMORY_ALLOCATION_ALLOCATE","Agent 2",25165824,"0x000074669a600000",24358,89658066046221,89658066143213
"MEMORY_ALLOCATION","MEMORY_ALLOCATION_ALLOCATE","Agent 2",3145728,"0x000074669a000000",24552,89658084423279,89658084519780
"MEMORY_ALLOCATION","MEMORY_ALLOCATION_ALLOCATE","Agent 2",64,"0x000074669f35c000",24578,89658087162504,89658087168864
"MEMORY_ALLOCATION","MEMORY_ALLOCATION_ALLOCATE","Agent 2",476,"0x000074669f35d000",24588,89658087322627,89658087324087
"MEMORY_ALLOCATION","MEMORY_ALLOCATION_ALLOCATE","Agent 2",25165824,"0x0000746698600000",24604,89658088862443,89658088962474
"MEMORY_ALLOCATION","MEMORY_ALLOCATION_ALLOCATE","Agent 2",3145728,"0x0000746698000000",24798,89658106444777,89658106564809
"MEMORY_ALLOCATION","MEMORY_ALLOCATION_ALLOCATE","Agent 2",64,"0x000074669f35e000",24824,89658109911085,89658109918255
"MEMORY_ALLOCATION","MEMORY_ALLOCATION_ALLOCATE","Agent 2",476,"0x000074669f35f000",24834,89658110081377,89658110082637
"MEMORY_ALLOCATION","MEMORY_ALLOCATION_ALLOCATE","Agent 2",25165824,"0x0000746696600000",24850,89658111472751,89658111574942
"MEMORY_ALLOCATION","MEMORY_ALLOCATION_ALLOCATE","Agent 2",3145728,"0x0000746696000000",25044,89658130045411,89658130140263
"MEMORY_ALLOCATION","MEMORY_ALLOCATION_ALLOCATE","Agent 2",64,"0x000074669f360000",25070,89658132936979,89658132944190
"MEMORY_ALLOCATION","MEMORY_ALLOCATION_ALLOCATE","Agent 2",476,"0x000074669f361000",25080,89658133123973,89658133125223
"MEMORY_ALLOCATION","MEMORY_ALLOCATION_ALLOCATE","Agent 2",128,"0x000074669f362000",25090,89658133291755,89658133292645
"MEMORY_ALLOCATION","MEMORY_ALLOCATION_ALLOCATE","Agent 2",128,"0x000074669f363000",25094,89658133305686,89658133306676
"MEMORY_ALLOCATION","MEMORY_ALLOCATION_ALLOCATE","Agent 2",16384,"0x000074669f364000",25098,89658133319056,89658133319616
"MEMORY_ALLOCATION","MEMORY_ALLOCATION_ALLOCATE","Agent 2",16384,"0x000074669f368000",25102,89658133335456,89658133336056
"MEMORY_ALLOCATION","MEMORY_ALLOCATION_ALLOCATE","Agent 2",512,"0x000074669f36c000",25106,89658133354486,89658133355066
"MEMORY_ALLOCATION","MEMORY_ALLOCATION_ALLOCATE","Agent 2",131072,"0x000074669f36d000",25110,89658133366447,89658133367017
"MEMORY_ALLOCATION","MEMORY_ALLOCATION_ALLOCATE","Agent 2",131072,"0x000074669f38d000",25114,89658133424518,89658133425278
"MEMORY_ALLOCATION","MEMORY_ALLOCATION_ALLOCATE","Agent 2",16384,"0x000074669f3ad000",25116,89658133430258,89658133431108
"MEMORY_ALLOCATION","MEMORY_ALLOCATION_ALLOCATE","Agent 2",16384,"0x000074669f3b1000",25118,89658133434438,89658133434858
"MEMORY_ALLOCATION","MEMORY_ALLOCATION_ALLOCATE","Agent 2",32768,"0x000074669f3b5000",25120,89658133439738,89658133440248
"MEMORY_ALLOCATION","MEMORY_ALLOCATION_ALLOCATE","Agent 2",32768,"0x000074669f3bd000",25122,89658133443538,89658133443928
"MEMORY_ALLOCATION","MEMORY_ALLOCATION_ALLOCATE","Agent 2",16384,"0x000074669f3c5000",25124,89658133446408,89658133446808
"MEMORY_ALLOCATION","MEMORY_ALLOCATION_ALLOCATE","Agent 2",8192,"0x000074669f3c9000",25126,89658133449268,89658133449678
"MEMORY_ALLOCATION","MEMORY_ALLOCATION_ALLOCATE","Agent 2",8192,"0x000074669f3cb000",25128,89658133452048,89658133452478
"MEMORY_ALLOCATION","MEMORY_ALLOCATION_ALLOCATE","Agent 2",16384,"0x000074669f3cd000",25130,89658133454928,89658133455308
"MEMORY_ALLOCATION","MEMORY_ALLOCATION_ALLOCATE","Agent 2",128,"0x000074669f3d1000",25132,89658133457728,89658133458128
"MEMORY_ALLOCATION","MEMORY_ALLOCATION_ALLOCATE","Agent 2",128,"0x000074669f3d2000",25134,89658133466468,89658133467038
"MEMORY_ALLOCATION","MEMORY_ALLOCATION_ALLOCATE","Agent 2",2097152,"0x0000746695c00000",25136,89658133469408,89658133553920
"MEMORY_ALLOCATION","MEMORY_ALLOCATION_ALLOCATE","Agent 2",16384,"0x000074669f3d3000",25138,89658133557590,89658133558190
"MEMORY_ALLOCATION","MEMORY_ALLOCATION_ALLOCATE","Agent 2",16384,"0x000074669f3d7000",25140,89658133560680,89658133561080
"MEMORY_ALLOCATION","MEMORY_ALLOCATION_ALLOCATE","Agent 2",16384,"0x000074669f3db000",25142,89658133563540,89658133564000
"MEMORY_ALLOCATION","MEMORY_ALLOCATION_ALLOCATE","Agent 2",16384,"0x000074669f3df000",25144,89658133567030,89658133567430
"MEMORY_ALLOCATION","MEMORY_ALLOCATION_ALLOCATE","Agent 2",49152,"0x000074669f3e3000",25146,89658133569980,89658133570370
"MEMORY_ALLOCATION","MEMORY_ALLOCATION_ALLOCATE","Agent 2",16384,"0x000074669f3ef000",25148,89658133572750,89658133573100
"MEMORY_ALLOCATION","MEMORY_ALLOCATION_ALLOCATE","Agent 2",16777216,"0x0000746694a00000",25174,89658144738057,89658144883809
"MEMORY_ALLOCATION","MEMORY_ALLOCATION_ALLOCATE","Agent 2",2097152,"0x0000746694600000",25304,89658156950251,89658157077083
"MEMORY_ALLOCATION","MEMORY_ALLOCATION_ALLOCATE","Agent 2",64,"0x000074669f3f3000",25322,89658159251519,89658159258679
"MEMORY_ALLOCATION","MEMORY_ALLOCATION_ALLOCATE","Agent 2",476,"0x000074669f3f4000",25332,89658159421802,89658159422682
"MEMORY_ALLOCATION","MEMORY_ALLOCATION_ALLOCATE","Agent 2",2097152,"0x0000746694200000",25348,89658160757204,89658160866616
"MEMORY_ALLOCATION","MEMORY_ALLOCATION_ALLOCATE","Agent 2",524288,"0x0000746693e00000",25366,89658163584632,89658163680543
"MEMORY_ALLOCATION","MEMORY_ALLOCATION_ALLOCATE","Agent 2",64,"0x000074669f3f5000",25376,89658164651099,89658164655990
"MEMORY_ALLOCATION","MEMORY_ALLOCATION_ALLOCATE","Agent 2",476,"0x000074669f3f6000",25386,89658164825592,89658164826692
"MEMORY_ALLOCATION","MEMORY_ALLOCATION_ALLOCATE","Agent 2",2097152,"0x0000746693a00000",25402,89658166159595,89658166248636
"MEMORY_ALLOCATION","MEMORY_ALLOCATION_ALLOCATE","Agent 2",524288,"0x0000746693e80000",25420,89658169065933,89658169072773
"MEMORY_ALLOCATION","MEMORY_ALLOCATION_ALLOCATE","Agent 2",64,"0x000074669f3f7000",25430,89658170104431,89658170110231
"MEMORY_ALLOCATION","MEMORY_ALLOCATION_ALLOCATE","Agent 2",476,"0x000074669f3f8000",25440,89658170290244,89658170291244
"MEMORY_ALLOCATION","MEMORY_ALLOCATION_ALLOCATE","Agent 2",8388608,"0x0000746693000000",25456,89658171654387,89658171761318
"MEMORY_ALLOCATION","MEMORY_ALLOCATION_ALLOCATE","Agent 2",2097152,"0x0000746692c00000",25522,89658179055950,89658179161262
"MEMORY_ALLOCATION","MEMORY_ALLOCATION_ALLOCATE","Agent 2",64,"0x000074669f3f9000",25540,89658181756695,89658181766686
"MEMORY_ALLOCATION","MEMORY_ALLOCATION_ALLOCATE","Agent 2",476,"0x000074669f3fa000",25550,89658181941519,89658181942769
"MEMORY_ALLOCATION","MEMORY_ALLOCATION_ALLOCATE","Agent 2",25165824,"0x0000746691200000",25566,89658183892681,89658184035364
"MEMORY_ALLOCATION","MEMORY_ALLOCATION_ALLOCATE","Agent 2",3145728,"0x0000746690c00000",25760,89658204874152,89658204984004
"MEMORY_ALLOCATION","MEMORY_ALLOCATION_ALLOCATE","Agent 2",64,"0x000074669f3fb000",25786,89658208253378,89658208262858
"MEMORY_ALLOCATION","MEMORY_ALLOCATION_ALLOCATE","Agent 2",476,"0x000074669f3fc000",25796,89658208461252,89658208462462
"MEMORY_ALLOCATION","MEMORY_ALLOCATION_ALLOCATE","Agent 2",25165824,"0x000074668f200000",25812,89658210156350,89658210276872
"MEMORY_ALLOCATION","MEMORY_ALLOCATION_ALLOCATE","Agent 2",3145728,"0x000074668ec00000",26006,89658230222086,89658230412879
"MEMORY_ALLOCATION","MEMORY_ALLOCATION_ALLOCATE","Agent 2",64,"0x000074669f3fd000",26032,89658233614812,89658233624672
"MEMORY_ALLOCATION","MEMORY_ALLOCATION_ALLOCATE","Agent 2",476,"0x000074669f3fe000",26042,89658233817216,89658233818516
"MEMORY_ALLOCATION","MEMORY_ALLOCATION_ALLOCATE","Agent 2",25165824,"0x000074668d200000",26058,89658235527754,89658235646206
"MEMORY_ALLOCATION","MEMORY_ALLOCATION_ALLOCATE","Agent 2",3145728,"0x000074668cc00000",26252,89658256398773,89658256504775
"MEMORY_ALLOCATION","MEMORY_ALLOCATION_ALLOCATE","Agent 2",64,"0x000074669f3ff000",26278,89658259672208,89658259680438
"MEMORY_ALLOCATION","MEMORY_ALLOCATION_ALLOCATE","Agent 2",476,"0x0000746693f00000",26288,89658259856081,89658259858601
"MEMORY_ALLOCATION","MEMORY_ALLOCATION_ALLOCATE","Agent 2",16384,"0x0000746693f01000",26298,89658260130825,89658260131895
"MEMORY_ALLOCATION","MEMORY_ALLOCATION_ALLOCATE","Agent 2",1024,"0x0000746693f05000",26302,89658260154716,89658260155386
"MEMORY_ALLOCATION","MEMORY_ALLOCATION_ALLOCATE","Agent 2",1024,"0x0000746693f06000",26306,89658260169856,89658260170766
"MEMORY_ALLOCATION","MEMORY_ALLOCATION_ALLOCATE","Agent 2",16384,"0x0000746693f07000",26310,89658260185696,89658260186476
"MEMORY_ALLOCATION","MEMORY_ALLOCATION_ALLOCATE","Agent 2",64,"0x0000746693f0b000",26314,89658260205347,89658260206387
"MEMORY_ALLOCATION","MEMORY_ALLOCATION_ALLOCATE","Agent 2",16384,"0x0000746693f0c000",26316,89658260211497,89658260212037
"MEMORY_ALLOCATION","MEMORY_ALLOCATION_ALLOCATE","Agent 2",16384,"0x0000746693f10000",26318,89658260220687,89658260221517
"MEMORY_ALLOCATION","MEMORY_ALLOCATION_ALLOCATE","Agent 2",32768,"0x0000746693f14000",26320,89658260225327,89658260225867
"MEMORY_ALLOCATION","MEMORY_ALLOCATION_ALLOCATE","Agent 2",16384,"0x0000746693f1c000",26322,89658260229077,89658260229567
"MEMORY_ALLOCATION","MEMORY_ALLOCATION_ALLOCATE","Agent 2",4096,"0x0000746693f20000",26324,89658260232897,89658260233387
"MEMORY_ALLOCATION","MEMORY_ALLOCATION_ALLOCATE","Agent 2",4096,"0x0000746693f21000",26326,89658260236767,89658260237267
"MEMORY_ALLOCATION","MEMORY_ALLOCATION_ALLOCATE","Agent 2",16384,"0x0000746693f22000",26328,89658260247417,89658260247977
"MEMORY_ALLOCATION","MEMORY_ALLOCATION_ALLOCATE","Agent 2",4096,"0x0000746693f26000",26330,89658260251367,89658260251847
"MEMORY_ALLOCATION","MEMORY_ALLOCATION_ALLOCATE","Agent 2",16384,"0x0000746693f27000",26332,89658260255028,89658260255528
"MEMORY_ALLOCATION","MEMORY_ALLOCATION_ALLOCATE","Agent 2",4096,"0x0000746693f2b000",26334,89658260258668,89658260259118
"MEMORY_ALLOCATION","MEMORY_ALLOCATION_ALLOCATE","Agent 2",16777216,"0x000074668ba00000",26336,89658260262298,89658260358979
"MEMORY_ALLOCATION","MEMORY_ALLOCATION_ALLOCATE","Agent 2",16777216,"0x000074668a800000",26338,89658260364119,89658260409890
"MEMORY_ALLOCATION","MEMORY_ALLOCATION_ALLOCATE","Agent 2",16384,"0x0000746693f2c000",26340,89658260414620,89658260415360
"MEMORY_ALLOCATION","MEMORY_ALLOCATION_ALLOCATE","Agent 2",16384,"0x0000746693f30000",26342,89658260418740,89658260419250
"MEMORY_ALLOCATION","MEMORY_ALLOCATION_ALLOCATE","Agent 2",16384,"0x0000746693f34000",26344,89658260422680,89658260423160
"MEMORY_ALLOCATION","MEMORY_ALLOCATION_ALLOCATE","Agent 2",16384,"0x0000746693f38000",26346,89658260426340,89658260426880
"MEMORY_ALLOCATION","MEMORY_ALLOCATION_ALLOCATE","Agent 2",49152,"0x0000746693f3c000",26348,89658260430060,89658260430530
"MEMORY_ALLOCATION","MEMORY_ALLOCATION_ALLOCATE","Agent 2",16384,"0x0000746693f48000",26350,89658260433710,89658260434170
"MEMORY_ALLOCATION","MEMORY_ALLOCATION_ALLOCATE","Agent 2",528384,"0x0000746693f4c000",26352,89658260438671,89658260439171
"MEMORY_ALLOCATION","MEMORY_ALLOCATION_ALLOCATE","Agent 2",16777216,"0x0000746689600000",26374,89658318230276,89658318443230
"MEMORY_ALLOCATION","MEMORY_ALLOCATION_ALLOCATE","Agent 2",2097152,"0x0000746689200000",26504,89658333834747,89658333949029
"MEMORY_ALLOCATION","MEMORY_ALLOCATION_ALLOCATE","Agent 2",64,"0x0000746693fcd000",26522,89658337436978,89658337445098
"MEMORY_ALLOCATION","MEMORY_ALLOCATION_ALLOCATE","Agent 2",476,"0x0000746693fce000",26532,89658337613600,89658337614861
"MEMORY_ALLOCATION","MEMORY_ALLOCATION_ALLOCATE","Agent 2",65536,"0x0000746693fcf000",26548,89658339328849,89658339332209
"MEMORY_ALLOCATION","MEMORY_ALLOCATION_ALLOCATE","Agent 2",8192,"0x0000746693fdf000",26558,89658339769837,89658339771987
"MEMORY_ALLOCATION","MEMORY_ALLOCATION_ALLOCATE","Agent 2",64,"0x0000746693fe1000",26568,89658340134573,89658340135973
"MEMORY_ALLOCATION","MEMORY_ALLOCATION_ALLOCATE","Agent 2",476,"0x0000746693fe2000",26578,89658340297435,89658340298605
"MEMORY_ALLOCATION","MEMORY_ALLOCATION_ALLOCATE","Agent 2",65536,"0x0000746693fe3000",26594,89658341915922,89658341920662
"MEMORY_ALLOCATION","MEMORY_ALLOCATION_ALLOCATE","Agent 2",8192,"0x0000746693ff3000",26604,89658342591244,89658342593204
"MEMORY_ALLOCATION","MEMORY_ALLOCATION_ALLOCATE","Agent 2",64,"0x0000746693ff5000",26614,89658342896679,89658342897979
"MEMORY_ALLOCATION","MEMORY_ALLOCATION_ALLOCATE","Agent 2",476,"0x0000746693ff6000",26624,89658343086732,89658343087862
"MEMORY_ALLOCATION","MEMORY_ALLOCATION_ALLOCATE","Agent 2",8388608,"0x0000746688800000",26640,89658344761010,89658344884252
"MEMORY_ALLOCATION","MEMORY_ALLOCATION_ALLOCATE","Agent 2",1048576,"0x0000746688400000",26706,89658351983821,89658352125563
"MEMORY_ALLOCATION","MEMORY_ALLOCATION_ALLOCATE","Agent 2",64,"0x0000746693ff7000",26716,89658353402904,89658353410145
"MEMORY_ALLOCATION","MEMORY_ALLOCATION_ALLOCATE","Agent 2",476,"0x0000746693ff8000",26726,89658353583677,89658353585127
"MEMORY_ALLOCATION","MEMORY_ALLOCATION_ALLOCATE","Agent 2",8388608,"0x0000746687a00000",26742,89658355276006,89658355392368
"MEMORY_ALLOCATION","MEMORY_ALLOCATION_ALLOCATE","Agent 2",2097152,"0x0000746687600000",26808,89658362517297,89658362622428
"MEMORY_ALLOCATION","MEMORY_ALLOCATION_ALLOCATE","Agent 2",64,"0x0000746693ff9000",26826,89658365203482,89658365212462
"MEMORY_ALLOCATION","MEMORY_ALLOCATION_ALLOCATE","Agent 2",476,"0x0000746693ffa000",26836,89658365492977,89658365494227
"MEMORY_ALLOCATION","MEMORY_ALLOCATION_ALLOCATE","Agent 2",25165824,"0x0000746685c00000",26852,89658367228045,89658367357768
"MEMORY_ALLOCATION","MEMORY_ALLOCATION_ALLOCATE","Agent 2",3145728,"0x0000746685600000",27046,89658387573215,89658387678337
"MEMORY_ALLOCATION","MEMORY_ALLOCATION_ALLOCATE","Agent 2",64,"0x0000746693ffb000",27072,89658390688428,89658390696968
"MEMORY_ALLOCATION","MEMORY_ALLOCATION_ALLOCATE","Agent 2",476,"0x0000746693ffc000",27082,89658390871551,89658390872941
"MEMORY_ALLOCATION","MEMORY_ALLOCATION_ALLOCATE","Agent 2",25165824,"0x0000746683c00000",27098,89658392565739,89658392683311
"MEMORY_ALLOCATION","MEMORY_ALLOCATION_ALLOCATE","Agent 2",3145728,"0x0000746683600000",27292,89658411810741,89658411926743
"MEMORY_ALLOCATION","MEMORY_ALLOCATION_ALLOCATE","Agent 2",64,"0x0000746693ffd000",27318,89658420647508,89658420655869
"MEMORY_ALLOCATION","MEMORY_ALLOCATION_ALLOCATE","Agent 2",476,"0x0000746693ffe000",27328,89658420844792,89658420846212
"MEMORY_ALLOCATION","MEMORY_ALLOCATION_ALLOCATE","Agent 2",25165824,"0x0000746681c00000",27344,89658422626901,89658422743703
"MEMORY_ALLOCATION","MEMORY_ALLOCATION_ALLOCATE","Agent 2",3145728,"0x0000746681600000",27538,89658443607842,89658443712684
"MEMORY_ALLOCATION","MEMORY_ALLOCATION_ALLOCATE","Agent 2",64,"0x0000746693fff000",27564,89658449209266,89658449218096
"MEMORY_ALLOCATION","MEMORY_ALLOCATION_ALLOCATE","Agent 2",476,"0x0000746688500000",27574,89658449428759,89658449431759
"MEMORY_ALLOCATION","MEMORY_ALLOCATION_ALLOCATE","Agent 2",128,"0x0000746688501000",27584,89658449618863,89658449619843
"MEMORY_ALLOCATION","MEMORY_ALLOCATION_ALLOCATE","Agent 2",128,"0x0000746688502000",27588,89658449643693,89658449644363
"MEMORY_ALLOCATION","MEMORY_ALLOCATION_ALLOCATE","Agent 2",16384,"0x0000746688503000",27592,89658449658873,89658449659603
"MEMORY_ALLOCATION","MEMORY_ALLOCATION_ALLOCATE","Agent 2",16384,"0x0000746688507000",27596,89658449680154,89658449680904
"MEMORY_ALLOCATION","MEMORY_ALLOCATION_ALLOCATE","Agent 2",512,"0x000074668850b000",27600,89658449704274,89658449705404
"MEMORY_ALLOCATION","MEMORY_ALLOCATION_ALLOCATE","Agent 2",131072,"0x000074668850c000",27604,89658449718664,89658449719264
"MEMORY_ALLOCATION","MEMORY_ALLOCATION_ALLOCATE","Agent 2",131072,"0x000074668852c000",27608,89658449786255,89658449787275
"MEMORY_ALLOCATION","MEMORY_ALLOCATION_ALLOCATE","Agent 2",16384,"0x000074668854c000",27610,89658449791255,89658449791965
"MEMORY_ALLOCATION","MEMORY_ALLOCATION_ALLOCATE","Agent 2",16384,"0x0000746688550000",27612,89658449795396,89658449795926
"MEMORY_ALLOCATION","MEMORY_ALLOCATION_ALLOCATE","Agent 2",32768,"0x0000746688554000",27614,89658449799176,89658449799686
"MEMORY_ALLOCATION","MEMORY_ALLOCATION_ALLOCATE","Agent 2",32768,"0x000074668855c000",27616,89658449802836,89658449803296
"MEMORY_ALLOCATION","MEMORY_ALLOCATION_ALLOCATE","Agent 2",16384,"0x0000746688564000",27618,89658449806666,89658449807336
"MEMORY_ALLOCATION","MEMORY_ALLOCATION_ALLOCATE","Agent 2",8192,"0x0000746688568000",27620,89658449812416,89658449812916
"MEMORY_ALLOCATION","MEMORY_ALLOCATION_ALLOCATE","Agent 2",8192,"0x000074668856a000",27622,89658449816126,89658449816606
"MEMORY_ALLOCATION","MEMORY_ALLOCATION_ALLOCATE","Agent 2",16384,"0x000074668856c000",27624,89658449819776,89658449820346
"MEMORY_ALLOCATION","MEMORY_ALLOCATION_ALLOCATE","Agent 2",128,"0x0000746688570000",27626,89658449823486,89658449823936
"MEMORY_ALLOCATION","MEMORY_ALLOCATION_ALLOCATE","Agent 2",128,"0x0000746688571000",27628,89658449827046,89658449827496
"MEMORY_ALLOCATION","MEMORY_ALLOCATION_ALLOCATE","Agent 2",2097152,"0x0000746681200000",27630,89658449830626,89658449930208
"MEMORY_ALLOCATION","MEMORY_ALLOCATION_ALLOCATE","Agent 2",16384,"0x0000746688572000",27632,89658449935858,89658449936538
"MEMORY_ALLOCATION","MEMORY_ALLOCATION_ALLOCATE","Agent 2",16384,"0x0000746688576000",27634,89658449939778,89658449940288
"MEMORY_ALLOCATION","MEMORY_ALLOCATION_ALLOCATE","Agent 2",16384,"0x000074668857a000",27636,89658449943408,89658449943938
"MEMORY_ALLOCATION","MEMORY_ALLOCATION_ALLOCATE","Agent 2",16384,"0x000074668857e000",27638,89658449947048,89658449947528
"MEMORY_ALLOCATION","MEMORY_ALLOCATION_ALLOCATE","Agent 2",49152,"0x0000746688582000",27640,89658449950558,89658449951078
"MEMORY_ALLOCATION","MEMORY_ALLOCATION_ALLOCATE","Agent 2",16384,"0x000074668858e000",27642,89658449954848,89658449955688
"MEMORY_ALLOCATION","MEMORY_ALLOCATION_ALLOCATE","Agent 2",16777216,"0x0000746680000000",27668,89658464860227,89658464995560
"MEMORY_ALLOCATION","MEMORY_ALLOCATION_ALLOCATE","Agent 2",2097152,"0x000074667fc00000",27798,89658479168186,89658479287428
"MEMORY_ALLOCATION","MEMORY_ALLOCATION_ALLOCATE","Agent 2",64,"0x0000746688592000",27816,89658482798557,89658482807077
"MEMORY_ALLOCATION","MEMORY_ALLOCATION_ALLOCATE","Agent 2",476,"0x0000746688593000",27826,89658482974860,89658482976050
"MEMORY_ALLOCATION","MEMORY_ALLOCATION_ALLOCATE","Agent 2",65536,"0x0000746688594000",27842,89658484783490,89658484785970
"MEMORY_ALLOCATION","MEMORY_ALLOCATION_ALLOCATE","Agent 2",8192,"0x00007466885a4000",27852,89658485293459,89658485295479
"MEMORY_ALLOCATION","MEMORY_ALLOCATION_ALLOCATE","Agent 2",64,"0x00007466885a6000",27862,89658485617254,89658485619114
"MEMORY_ALLOCATION","MEMORY_ALLOCATION_ALLOCATE","Agent 2",476,"0x00007466885a7000",27872,89658485784847,89658485785917
"MEMORY_ALLOCATION","MEMORY_ALLOCATION_ALLOCATE","Agent 2",65536,"0x00007466885a8000",27888,89658487442595,89658487445715
"MEMORY_ALLOCATION","MEMORY_ALLOCATION_ALLOCATE","Agent 2",8192,"0x00007466885b8000",27898,89658487867212,89658487868672
"MEMORY_ALLOCATION","MEMORY_ALLOCATION_ALLOCATE","Agent 2",64,"0x00007466885ba000",27908,89658488183657,89658488185197
"MEMORY_ALLOCATION","MEMORY_ALLOCATION_ALLOCATE","Agent 2",476,"0x00007466885bb000",27918,89658488345340,89658488346580
"MEMORY_ALLOCATION","MEMORY_ALLOCATION_ALLOCATE","Agent 2",8388608,"0x000074667f200000",27934,89658489970797,89658490124740
"MEMORY_ALLOCATION","MEMORY_ALLOCATION_ALLOCATE","Agent 2",1048576,"0x000074667ee00000",28000,89658497194308,89658497313770
"MEMORY_ALLOCATION","MEMORY_ALLOCATION_ALLOCATE","Agent 2",64,"0x00007466885bc000",28010,89658498747464,89658498753394
"MEMORY_ALLOCATION","MEMORY_ALLOCATION_ALLOCATE","Agent 2",476,"0x00007466885bd000",28020,89658498919637,89658498920997
"MEMORY_ALLOCATION","MEMORY_ALLOCATION_ALLOCATE","Agent 2",8388608,"0x000074667e400000",28036,89658500618475,89658500725627
"MEMORY_ALLOCATION","MEMORY_ALLOCATION_ALLOCATE","Agent 2",2097152,"0x000074667e000000",28102,89658508224012,89658508328904
"MEMORY_ALLOCATION","MEMORY_ALLOCATION_ALLOCATE","Agent 2",64,"0x00007466885be000",28120,89658510641812,89658510649243
"MEMORY_ALLOCATION","MEMORY_ALLOCATION_ALLOCATE","Agent 2",476,"0x00007466885bf000",28130,89658510826146,89658510827296
"MEMORY_ALLOCATION","MEMORY_ALLOCATION_ALLOCATE","Agent 2",25165824,"0x000074667c600000",28146,89658512560795,89658512668676
"MEMORY_ALLOCATION","MEMORY_ALLOCATION_ALLOCATE","Agent 2",3145728,"0x000074667c000000",28340,89658532025940,89658532141102
"MEMORY_ALLOCATION","MEMORY_ALLOCATION_ALLOCATE","Agent 2",64,"0x00007466885c0000",28366,89658535076651,89658535081591
"MEMORY_ALLOCATION","MEMORY_ALLOCATION_ALLOCATE","Agent 2",476,"0x00007466885c1000",28376,89658535229434,89658535230664
"MEMORY_ALLOCATION","MEMORY_ALLOCATION_ALLOCATE","Agent 2",25165824,"0x000074667a600000",28392,89658537024473,89658537109155
"MEMORY_ALLOCATION","MEMORY_ALLOCATION_ALLOCATE","Agent 2",3145728,"0x000074667a000000",28586,89658555855798,89658555971340
"MEMORY_ALLOCATION","MEMORY_ALLOCATION_ALLOCATE","Agent 2",64,"0x00007466885c2000",28612,89658564213508,89658564219668
"MEMORY_ALLOCATION","MEMORY_ALLOCATION_ALLOCATE","Agent 2",476,"0x00007466885c3000",28622,89658564508433,89658564509603
"MEMORY_ALLOCATION","MEMORY_ALLOCATION_ALLOCATE","Agent 2",25165824,"0x0000746678600000",28638,89658566512756,89658566651809
"MEMORY_ALLOCATION","MEMORY_ALLOCATION_ALLOCATE","Agent 2",3145728,"0x0000746678000000",28832,89658588674817,89658588774679
"MEMORY_ALLOCATION","MEMORY_ALLOCATION_ALLOCATE","Agent 2",64,"0x00007466885c4000",28858,89658596511398,89658596519978
"MEMORY_ALLOCATION","MEMORY_ALLOCATION_ALLOCATE","Agent 2",476,"0x00007466885c5000",28868,89658596716521,89658596717741
"MEMORY_ALLOCATION","MEMORY_ALLOCATION_ALLOCATE","Agent 2",128,"0x00007466885c6000",28878,89658596873684,89658596874744
"MEMORY_ALLOCATION","MEMORY_ALLOCATION_ALLOCATE","Agent 2",128,"0x00007466885c7000",28882,89658596889084,89658596889624
"MEMORY_ALLOCATION","MEMORY_ALLOCATION_ALLOCATE","Agent 2",16384,"0x00007466885c8000",28886,89658596901244,89658596901914
"MEMORY_ALLOCATION","MEMORY_ALLOCATION_ALLOCATE","Agent 2",16384,"0x00007466885cc000",28890,89658596918415,89658596919835
"MEMORY_ALLOCATION","MEMORY_ALLOCATION_ALLOCATE","Agent 2",512,"0x00007466885d0000",28894,89658596937065,89658596938445
"MEMORY_ALLOCATION","MEMORY_ALLOCATION_ALLOCATE","Agent 2",131072,"0x00007466885d1000",28898,89658596951775,89658596952335
"MEMORY_ALLOCATION","MEMORY_ALLOCATION_ALLOCATE","Agent 2",131072,"0x000074667ef00000",28902,89658597043417,89658597045087
"MEMORY_ALLOCATION","MEMORY_ALLOCATION_ALLOCATE","Agent 2",16384,"0x00007466885f1000",28904,89658597049887,89658597050547
"MEMORY_ALLOCATION","MEMORY_ALLOCATION_ALLOCATE","Agent 2",16384,"0x00007466885f5000",28906,89658597053417,89658597053867
"MEMORY_ALLOCATION","MEMORY_ALLOCATION_ALLOCATE","Agent 2",32768,"0x000074667ef20000",28908,89658597056427,89658597056947
"MEMORY_ALLOCATION","MEMORY_ALLOCATION_ALLOCATE","Agent 2",32768,"0x000074667ef28000",28910,89658597059427,89658597059907
"MEMORY_ALLOCATION","MEMORY_ALLOCATION_ALLOCATE","Agent 2",16384,"0x00007466885f9000",28912,89658597062477,89658597062957
"MEMORY_ALLOCATION","MEMORY_ALLOCATION_ALLOCATE","Agent 2",8192,"0x00007466885fd000",28914,89658597065687,89658597066067
"MEMORY_ALLOCATION","MEMORY_ALLOCATION_ALLOCATE","Agent 2",8192,"0x000074667ef30000",28916,89658597068757,89658597069457
"MEMORY_ALLOCATION","MEMORY_ALLOCATION_ALLOCATE","Agent 2",16384,"0x000074667ef32000",28918,89658597072397,89658597072947
"MEMORY_ALLOCATION","MEMORY_ALLOCATION_ALLOCATE","Agent 2",128,"0x00007466885ff000",28920,89658597078757,89658597079097
"MEMORY_ALLOCATION","MEMORY_ALLOCATION_ALLOCATE","Agent 2",128,"0x000074667ef36000",28922,89658597081647,89658597082167
"MEMORY_ALLOCATION","MEMORY_ALLOCATION_ALLOCATE","Agent 2",2097152,"0x0000746677c00000",28924,89658597084557,89658597176259
"MEMORY_ALLOCATION","MEMORY_ALLOCATION_ALLOCATE","Agent 2",16384,"0x000074667ef37000",28926,89658597180169,89658597181059
"MEMORY_ALLOCATION","MEMORY_ALLOCATION_ALLOCATE","Agent 2",16384,"0x000074667ef3b000",28928,89658597183799,89658597184219
"MEMORY_ALLOCATION","MEMORY_ALLOCATION_ALLOCATE","Agent 2",16384,"0x000074667ef3f000",28930,89658597186749,89658597187179
"MEMORY_ALLOCATION","MEMORY_ALLOCATION_ALLOCATE","Agent 2",16384,"0x000074667ef43000",28932,89658597189619,89658597189989
"MEMORY_ALLOCATION","MEMORY_ALLOCATION_ALLOCATE","Agent 2",49152,"0x000074667ef47000",28934,89658597192299,89658597192749
"MEMORY_ALLOCATION","MEMORY_ALLOCATION_ALLOCATE","Agent 2",16384,"0x000074667ef53000",28936,89658597195469,89658597195859
"MEMORY_ALLOCATION","MEMORY_ALLOCATION_ALLOCATE","Agent 2",16777216,"0x0000746676a00000",28962,89658608934615,89658609146039
"MEMORY_ALLOCATION","MEMORY_ALLOCATION_ALLOCATE","Agent 2",2097152,"0x0000746676600000",29092,89658621502636,89658621609427
"MEMORY_ALLOCATION","MEMORY_ALLOCATION_ALLOCATE","Agent 2",64,"0x000074667ef57000",29110,89658624898792,89658624905932
"MEMORY_ALLOCATION","MEMORY_ALLOCATION_ALLOCATE","Agent 2",476,"0x000074667ef58000",29120,89658625213688,89658625214788
"MEMORY_ALLOCATION","MEMORY_ALLOCATION_ALLOCATE","Agent 2",65536,"0x000074667ef59000",29136,89658626625921,89658626627531
"MEMORY_ALLOCATION","MEMORY_ALLOCATION_ALLOCATE","Agent 2",8192,"0x000074667ef69000",29146,89658627108389,89658627109609
"MEMORY_ALLOCATION","MEMORY_ALLOCATION_ALLOCATE","Agent 2",64,"0x000074667ef6b000",29156,89658627532056,89658627533786
"MEMORY_ALLOCATION","MEMORY_ALLOCATION_ALLOCATE","Agent 2",476,"0x000074667ef6c000",29166,89658627689779,89658627690629
"MEMORY_ALLOCATION","MEMORY_ALLOCATION_ALLOCATE","Agent 2",65536,"0x000074667ef6d000",29182,89658629051802,89658629053482
"MEMORY_ALLOCATION","MEMORY_ALLOCATION_ALLOCATE","Agent 2",8192,"0x000074667ef7d000",29192,89658629549770,89658629550860
"MEMORY_ALLOCATION","MEMORY_ALLOCATION_ALLOCATE","Agent 2",64,"0x000074667ef7f000",29202,89658629885466,89658629886716
"MEMORY_ALLOCATION","MEMORY_ALLOCATION_ALLOCATE","Agent 2",476,"0x000074667ef80000",29212,89658630046198,89658630047308
"MEMORY_ALLOCATION","MEMORY_ALLOCATION_ALLOCATE","Agent 2",8388608,"0x0000746675c00000",29228,89658631334300,89658631442372
"MEMORY_ALLOCATION","MEMORY_ALLOCATION_ALLOCATE","Agent 2",1048576,"0x0000746675800000",29294,89658637964761,89658638101963
"MEMORY_ALLOCATION","MEMORY_ALLOCATION_ALLOCATE","Agent 2",64,"0x000074667ef81000",29304,89658639793031,89658639798651
"MEMORY_ALLOCATION","MEMORY_ALLOCATION_ALLOCATE","Agent 2",476,"0x000074667ef82000",29314,89658639955544,89658639956624
"MEMORY_ALLOCATION","MEMORY_ALLOCATION_ALLOCATE","Agent 2",8388608,"0x0000746674e00000",29330,89658641360377,89658641455619
"MEMORY_ALLOCATION","MEMORY_ALLOCATION_ALLOCATE","Agent 2",2097152,"0x0000746674a00000",29396,89658647662063,89658647760304
"MEMORY_ALLOCATION","MEMORY_ALLOCATION_ALLOCATE","Agent 2",64,"0x000074667ef83000",29414,89658650137014,89658650143014
"MEMORY_ALLOCATION","MEMORY_ALLOCATION_ALLOCATE","Agent 2",476,"0x000074667ef84000",29424,89658650295807,89658650296717
"MEMORY_ALLOCATION","MEMORY_ALLOCATION_ALLOCATE","Agent 2",25165824,"0x0000746673000000",29440,89658651649079,89658651740361
"MEMORY_ALLOCATION","MEMORY_ALLOCATION_ALLOCATE","Agent 2",3145728,"0x0000746672a00000",29634,89658669768162,89658669864234
"MEMORY_ALLOCATION","MEMORY_ALLOCATION_ALLOCATE","Agent 2",64,"0x000074667ef85000",29660,89658672627080,89658672633630
"MEMORY_ALLOCATION","MEMORY_ALLOCATION_ALLOCATE","Agent 2",476,"0x000074667ef86000",29670,89658672789083,89658672790183
"MEMORY_ALLOCATION","MEMORY_ALLOCATION_ALLOCATE","Agent 2",25165824,"0x0000746671000000",29686,89658674258737,89658674365269
"MEMORY_ALLOCATION","MEMORY_ALLOCATION_ALLOCATE","Agent 2",3145728,"0x0000746670a00000",29880,89658690583830,89658690679062
"MEMORY_ALLOCATION","MEMORY_ALLOCATION_ALLOCATE","Agent 2",64,"0x000074667ef87000",29906,89658697492976,89658697501496
"MEMORY_ALLOCATION","MEMORY_ALLOCATION_ALLOCATE","Agent 2",476,"0x000074667ef88000",29916,89658697696069,89658697697129
"MEMORY_ALLOCATION","MEMORY_ALLOCATION_ALLOCATE","Agent 2",25165824,"0x000074666f000000",29932,89658699090982,89658699204974
"MEMORY_ALLOCATION","MEMORY_ALLOCATION_ALLOCATE","Agent 2",3145728,"0x000074666ea00000",30126,89658718424615,89658718531537
"MEMORY_ALLOCATION","MEMORY_ALLOCATION_ALLOCATE","Agent 2",64,"0x000074667ef89000",30152,89658723875647,89658723884137
"MEMORY_ALLOCATION","MEMORY_ALLOCATION_ALLOCATE","Agent 2",476,"0x000074667ef8a000",30162,89658724085680,89658724086970
"MEMORY_ALLOCATION","MEMORY_ALLOCATION_ALLOCATE","Agent 2",128,"0x000074667ef8b000",30172,89658724245983,89658724247493
"MEMORY_ALLOCATION","MEMORY_ALLOCATION_ALLOCATE","Agent 2",128,"0x000074667ef8c000",30176,89658724260723,89658724261273
"MEMORY_ALLOCATION","MEMORY_ALLOCATION_ALLOCATE","Agent 2",16384,"0x000074667ef8d000",30180,89658724273393,89658724274153
"MEMORY_ALLOCATION","MEMORY_ALLOCATION_ALLOCATE","Agent 2",16384,"0x000074667ef91000",30184,89658724292144,89658724292824
"MEMORY_ALLOCATION","MEMORY_ALLOCATION_ALLOCATE","Agent 2",512,"0x000074667ef95000",30188,89658724311714,89658724312484
"MEMORY_ALLOCATION","MEMORY_ALLOCATION_ALLOCATE","Agent 2",131072,"0x000074667ef96000",30192,89658724322974,89658724323464
"MEMORY_ALLOCATION","MEMORY_ALLOCATION_ALLOCATE","Agent 2",131072,"0x000074667efb6000",30196,89658724381565,89658724382525
"MEMORY_ALLOCATION","MEMORY_ALLOCATION_ALLOCATE","Agent 2",16384,"0x000074667efd6000",30198,89658724386225,89658724386645
"MEMORY_ALLOCATION","MEMORY_ALLOCATION_ALLOCATE","Agent 2",16384,"0x000074667efda000",30200,89658724389395,89658724389785
"MEMORY_ALLOCATION","MEMORY_ALLOCATION_ALLOCATE","Agent 2",32768,"0x000074667efde000",30202,89658724392495,89658724392855
"MEMORY_ALLOCATION","MEMORY_ALLOCATION_ALLOCATE","Agent 2",32768,"0x000074667efe6000",30204,89658724395485,89658724395855
"MEMORY_ALLOCATION","MEMORY_ALLOCATION_ALLOCATE","Agent 2",16384,"0x000074667efee000",30206,89658724398495,89658724398895
"MEMORY_ALLOCATION","MEMORY_ALLOCATION_ALLOCATE","Agent 2",8192,"0x000074667eff2000",30208,89658724401775,89658724402165
"MEMORY_ALLOCATION","MEMORY_ALLOCATION_ALLOCATE","Agent 2",8192,"0x000074667eff4000",30210,89658724404975,89658724405365
"MEMORY_ALLOCATION","MEMORY_ALLOCATION_ALLOCATE","Agent 2",16384,"0x000074667eff6000",30212,89658724408036,89658724408406
"MEMORY_ALLOCATION","MEMORY_ALLOCATION_ALLOCATE","Agent 2",128,"0x000074667effa000",30214,89658724411516,89658724411906
"MEMORY_ALLOCATION","MEMORY_ALLOCATION_ALLOCATE","Agent 2",128,"0x000074667effb000",30216,89658724415806,89658724416156
"MEMORY_ALLOCATION","MEMORY_ALLOCATION_ALLOCATE","Agent 2",2097152,"0x000074666e600000",30218,89658724418706,89658724509117
"MEMORY_ALLOCATION","MEMORY_ALLOCATION_ALLOCATE","Agent 2",16384,"0x000074667effc000",30220,89658724514127,89658724514607
"MEMORY_ALLOCATION","MEMORY_ALLOCATION_ALLOCATE","Agent 2",16384,"0x0000746675900000",30222,89658724517347,89658724518087
"MEMORY_ALLOCATION","MEMORY_ALLOCATION_ALLOCATE","Agent 2",16384,"0x0000746675904000",30224,89658724520677,89658724521147
"MEMORY_ALLOCATION","MEMORY_ALLOCATION_ALLOCATE","Agent 2",16384,"0x0000746675908000",30226,89658724523847,89658724524247
"MEMORY_ALLOCATION","MEMORY_ALLOCATION_ALLOCATE","Agent 2",49152,"0x000074667590c000",30228,89658724526867,89658724527217
"MEMORY_ALLOCATION","MEMORY_ALLOCATION_ALLOCATE","Agent 2",16384,"0x0000746675918000",30230,89658724529768,89658724530268
"MEMORY_ALLOCATION","MEMORY_ALLOCATION_ALLOCATE","Agent 2",16777216,"0x000074666d400000",30256,89658736220253,89658736423466
"MEMORY_ALLOCATION","MEMORY_ALLOCATION_ALLOCATE","Agent 2",2097152,"0x000074666d000000",30386,89658748982376,89658749118309
"MEMORY_ALLOCATION","MEMORY_ALLOCATION_ALLOCATE","Agent 2",64,"0x000074667591c000",30404,89658751966126,89658751971696
"MEMORY_ALLOCATION","MEMORY_ALLOCATION_ALLOCATE","Agent 2",476,"0x000074667591d000",30414,89658752167240,89658752168430
"MEMORY_ALLOCATION","MEMORY_ALLOCATION_ALLOCATE","Agent 2",2097152,"0x000074666cc00000",30430,89658753476911,89658753569733
"MEMORY_ALLOCATION","MEMORY_ALLOCATION_ALLOCATE","Agent 2",524288,"0x000074667591e000",30448,89658755840901,89658755844291
"MEMORY_ALLOCATION","MEMORY_ALLOCATION_ALLOCATE","Agent 2",64,"0x000074667599e000",30458,89658756861718,89658756864048
"MEMORY_ALLOCATION","MEMORY_ALLOCATION_ALLOCATE","Agent 2",476,"0x000074667599f000",30468,89658757046791,89658757047701
"MEMORY_ALLOCATION","MEMORY_ALLOCATION_ALLOCATE","Agent 2",2097152,"0x000074666c800000",30484,89658758335763,89658758424994
"MEMORY_ALLOCATION","MEMORY_ALLOCATION_ALLOCATE","Agent 2",524288,"0x000074666c400000",30502,89658760578360,89658760646601
"MEMORY_ALLOCATION","MEMORY_ALLOCATION_ALLOCATE","Agent 2",64,"0x00007466759a0000",30512,89658761536486,89658761539626
"MEMORY_ALLOCATION","MEMORY_ALLOCATION_ALLOCATE","Agent 2",476,"0x00007466759a1000",30522,89658761698389,89658761699249
"MEMORY_ALLOCATION","MEMORY_ALLOCATION_ALLOCATE","Agent 2",8388608,"0x000074666ba00000",30538,89658763103162,89658763173863
"MEMORY_ALLOCATION","MEMORY_ALLOCATION_ALLOCATE","Agent 2",2097152,"0x000074666b600000",30604,89658769424048,89658769528860
"MEMORY_ALLOCATION","MEMORY_ALLOCATION_ALLOCATE","Agent 2",64,"0x00007466759a2000",30622,89658771640665,89658771646275
"MEMORY_ALLOCATION","MEMORY_ALLOCATION_ALLOCATE","Agent 2",476,"0x00007466759a3000",30632,89658771809278,89658771810308
"MEMORY_ALLOCATION","MEMORY_ALLOCATION_ALLOCATE","Agent 2",25165824,"0x0000746669c00000",30648,89658773282252,89658773367914
"MEMORY_ALLOCATION","MEMORY_ALLOCATION_ALLOCATE","Agent 2",3145728,"0x0000746669600000",30842,89658790411929,89658790508760
"MEMORY_ALLOCATION","MEMORY_ALLOCATION_ALLOCATE","Agent 2",64,"0x00007466759a4000",30868,89658792823879,89658792830799
"MEMORY_ALLOCATION","MEMORY_ALLOCATION_ALLOCATE","Agent 2",476,"0x00007466759a5000",30878,89658792987042,89658792988062
"MEMORY_ALLOCATION","MEMORY_ALLOCATION_ALLOCATE","Agent 2",25165824,"0x0000746667c00000",30894,89658794386075,89658794485597
"MEMORY_ALLOCATION","MEMORY_ALLOCATION_ALLOCATE","Agent 2",3145728,"0x0000746667600000",31088,89658812059331,89658812158652
"MEMORY_ALLOCATION","MEMORY_ALLOCATION_ALLOCATE","Agent 2",64,"0x00007466759a6000",31114,89658819894742,89658819902542
"MEMORY_ALLOCATION","MEMORY_ALLOCATION_ALLOCATE","Agent 2",476,"0x00007466759a7000",31124,89658820081955,89658820083015
"MEMORY_ALLOCATION","MEMORY_ALLOCATION_ALLOCATE","Agent 2",25165824,"0x0000746665c00000",31140,89658821532819,89658821628911
"MEMORY_ALLOCATION","MEMORY_ALLOCATION_ALLOCATE","Agent 2",3145728,"0x0000746665600000",31334,89658840471785,89658840580707
"MEMORY_ALLOCATION","MEMORY_ALLOCATION_ALLOCATE","Agent 2",64,"0x00007466759a8000",31360,89658846139920,89658846144150
"MEMORY_ALLOCATION","MEMORY_ALLOCATION_ALLOCATE","Agent 2",476,"0x00007466759a9000",31370,89658846330343,89658846331683
"MEMORY_ALLOCATION","MEMORY_ALLOCATION_ALLOCATE","Agent 2",16384,"0x00007466759aa000",31380,89658846526547,89658846527567
"MEMORY_ALLOCATION","MEMORY_ALLOCATION_ALLOCATE","Agent 2",1024,"0x00007466759ae000",31384,89658846548237,89658846548917
"MEMORY_ALLOCATION","MEMORY_ALLOCATION_ALLOCATE","Agent 2",1024,"0x00007466759af000",31388,89658846563027,89658846563687
"MEMORY_ALLOCATION","MEMORY_ALLOCATION_ALLOCATE","Agent 2",16384,"0x00007466759b0000",31392,89658846575227,89658846578287
"MEMORY_ALLOCATION","MEMORY_ALLOCATION_ALLOCATE","Agent 2",64,"0x00007466759b4000",31396,89658846597718,89658846598628
"MEMORY_ALLOCATION","MEMORY_ALLOCATION_ALLOCATE","Agent 2",16384,"0x00007466759b5000",31398,89658846601778,89658846602288
"MEMORY_ALLOCATION","MEMORY_ALLOCATION_ALLOCATE","Agent 2",16384,"0x00007466759b9000",31400,89658846605498,89658846605978
"MEMORY_ALLOCATION","MEMORY_ALLOCATION_ALLOCATE","Agent 2",32768,"0x00007466759bd000",31402,89658846608858,89658846609328
"MEMORY_ALLOCATION","MEMORY_ALLOCATION_ALLOCATE","Agent 2",16384,"0x00007466759c5000",31404,89658846612278,89658846612778
"MEMORY_ALLOCATION","MEMORY_ALLOCATION_ALLOCATE","Agent 2",4096,"0x00007466759c9000",31406,89658846615578,89658846616018
"MEMORY_ALLOCATION","MEMORY_ALLOCATION_ALLOCATE","Agent 2",4096,"0x00007466759ca000",31408,89658846618718,89658846619138
"MEMORY_ALLOCATION","MEMORY_ALLOCATION_ALLOCATE","Agent 2",16384,"0x00007466759cb000",31410,89658846622298,89658846622718
"MEMORY_ALLOCATION","MEMORY_ALLOCATION_ALLOCATE","Agent 2",4096,"0x00007466759cf000",31412,89658846625528,89658846625918
"MEMORY_ALLOCATION","MEMORY_ALLOCATION_ALLOCATE","Agent 2",16384,"0x00007466759d0000",31414,89658846630038,89658846630578
"MEMORY_ALLOCATION","MEMORY_ALLOCATION_ALLOCATE","Agent 2",4096,"0x00007466759d4000",31416,89658846633318,89658846633768
"MEMORY_ALLOCATION","MEMORY_ALLOCATION_ALLOCATE","Agent 2",16777216,"0x0000746664400000",31418,89658846636698,89658846691789
"MEMORY_ALLOCATION","MEMORY_ALLOCATION_ALLOCATE","Agent 2",16777216,"0x0000746663200000",31420,89658846696729,89658846728900
"MEMORY_ALLOCATION","MEMORY_ALLOCATION_ALLOCATE","Agent 2",16384,"0x00007466759d5000",31422,89658846732550,89658846733380
"MEMORY_ALLOCATION","MEMORY_ALLOCATION_ALLOCATE","Agent 2",16384,"0x00007466759d9000",31424,89658846736510,89658846737340
"MEMORY_ALLOCATION","MEMORY_ALLOCATION_ALLOCATE","Agent 2",16384,"0x00007466759dd000",31426,89658846740470,89658846740930
"MEMORY_ALLOCATION","MEMORY_ALLOCATION_ALLOCATE","Agent 2",16384,"0x00007466759e1000",31428,89658846743770,89658846744200
"MEMORY_ALLOCATION","MEMORY_ALLOCATION_ALLOCATE","Agent 2",49152,"0x00007466759e5000",31430,89658846747030,89658846747470
"MEMORY_ALLOCATION","MEMORY_ALLOCATION_ALLOCATE","Agent 2",16384,"0x00007466759f1000",31432,89658846750850,89658846751260
"MEMORY_ALLOCATION","MEMORY_ALLOCATION_ALLOCATE","Agent 2",528384,"0x000074666c480000",31434,89658846754610,89658846755340
"MEMORY_ALLOCATION","MEMORY_ALLOCATION_ALLOCATE","Agent 2",16777216,"0x0000746662000000",31456,89658898170700,89658898300182
"MEMORY_ALLOCATION","MEMORY_ALLOCATION_ALLOCATE","Agent 2",2097152,"0x0000746661c00000",31586,89658911575834,89658911694346
"MEMORY_ALLOCATION","MEMORY_ALLOCATION_ALLOCATE","Agent 2",64,"0x00007466759f5000",31604,89658914579864,89658914583954
"MEMORY_ALLOCATION","MEMORY_ALLOCATION_ALLOCATE","Agent 2",476,"0x00007466759f6000",31614,89658914738247,89658914739977
"MEMORY_ALLOCATION","MEMORY_ALLOCATION_ALLOCATE","Agent 2",65536,"0x000074666c501000",31630,89658916395855,89658916398305
"MEMORY_ALLOCATION","MEMORY_ALLOCATION_ALLOCATE","Agent 2",8192,"0x00007466759f7000",31640,89658916763281,89658916764821
"MEMORY_ALLOCATION","MEMORY_ALLOCATION_ALLOCATE","Agent 2",64,"0x00007466759f9000",31650,89658917064916,89658917066146
"MEMORY_ALLOCATION","MEMORY_ALLOCATION_ALLOCATE","Agent 2",476,"0x00007466759fa000",31660,89658917207088,89658917208138
"MEMORY_ALLOCATION","MEMORY_ALLOCATION_ALLOCATE","Agent 2",65536,"0x000074666c511000",31676,89658918685633,89658918687253
"MEMORY_ALLOCATION","MEMORY_ALLOCATION_ALLOCATE","Agent 2",8192,"0x00007466759fb000",31686,89658919073539,89658919074969
"MEMORY_ALLOCATION","MEMORY_ALLOCATION_ALLOCATE","Agent 2",64,"0x00007466759fd000",31696,89658919386594,89658919387895
"MEMORY_ALLOCATION","MEMORY_ALLOCATION_ALLOCATE","Agent 2",476,"0x00007466759fe000",31706,89658919533727,89658919534667
"MEMORY_ALLOCATION","MEMORY_ALLOCATION_ALLOCATE","Agent 2",8388608,"0x0000746661200000",31722,89658921019942,89658921085313
"MEMORY_ALLOCATION","MEMORY_ALLOCATION_ALLOCATE","Agent 2",1048576,"0x0000746660e00000",31788,89658927981328,89658928095730
"MEMORY_ALLOCATION","MEMORY_ALLOCATION_ALLOCATE","Agent 2",64,"0x00007466759ff000",31798,89658929281100,89658929285090
"MEMORY_ALLOCATION","MEMORY_ALLOCATION_ALLOCATE","Agent 2",476,"0x000074666c521000",31808,89658929465403,89658929466873
"MEMORY_ALLOCATION","MEMORY_ALLOCATION_ALLOCATE","Agent 2",8388608,"0x0000746660400000",31824,89658931043289,89658931113261
"MEMORY_ALLOCATION","MEMORY_ALLOCATION_ALLOCATE","Agent 2",2097152,"0x0000746660000000",31890,89658937798232,89658937875984
"MEMORY_ALLOCATION","MEMORY_ALLOCATION_ALLOCATE","Agent 2",64,"0x000074666c522000",31908,89658940106751,89658940109441
"MEMORY_ALLOCATION","MEMORY_ALLOCATION_ALLOCATE","Agent 2",476,"0x000074666c523000",31918,89658940261463,89658940262553
"MEMORY_ALLOCATION","MEMORY_ALLOCATION_ALLOCATE","Agent 2",25165824,"0x000074665e600000",31934,89658941819019,89658941880720
"MEMORY_ALLOCATION","MEMORY_ALLOCATION_ALLOCATE","Agent 2",3145728,"0x000074665e000000",32128,89658959378713,89658959489975
"MEMORY_ALLOCATION","MEMORY_ALLOCATION_ALLOCATE","Agent 2",64,"0x000074666c524000",32154,89658963618844,89658963623414
"MEMORY_ALLOCATION","MEMORY_ALLOCATION_ALLOCATE","Agent 2",476,"0x000074666c525000",32164,89658963776376,89658963777406
"MEMORY_ALLOCATION","MEMORY_ALLOCATION_ALLOCATE","Agent 2",25165824,"0x000074665c600000",32180,89658965351063,89658965430604
"MEMORY_ALLOCATION","MEMORY_ALLOCATION_ALLOCATE","Agent 2",3145728,"0x000074665c000000",32374,89658983651489,89658983757460
"MEMORY_ALLOCATION","MEMORY_ALLOCATION_ALLOCATE","Agent 2",64,"0x000074666c526000",32400,89658991910697,89658991915447
"MEMORY_ALLOCATION","MEMORY_ALLOCATION_ALLOCATE","Agent 2",476,"0x000074666c527000",32410,89658992078750,89658992079840
"MEMORY_ALLOCATION","MEMORY_ALLOCATION_ALLOCATE","Agent 2",25165824,"0x000074665a600000",32426,89658993633546,89658993711197
"MEMORY_ALLOCATION","MEMORY_ALLOCATION_ALLOCATE","Agent 2",3145728,"0x000074665a000000",32620,89659013248513,89659013369795
"MEMORY_ALLOCATION","MEMORY_ALLOCATION_ALLOCATE","Agent 2",64,"0x000074666c528000",32646,89659018848947,89659018856587
"MEMORY_ALLOCATION","MEMORY_ALLOCATION_ALLOCATE","Agent 2",476,"0x000074666c529000",32656,89659019032230,89659019033550
"MEMORY_ALLOCATION","MEMORY_ALLOCATION_ALLOCATE","Agent 2",128,"0x000074666c52a000",32666,89659019220523,89659019221743
"MEMORY_ALLOCATION","MEMORY_ALLOCATION_ALLOCATE","Agent 2",128,"0x000074666c52b000",32670,89659019238024,89659019238654
"MEMORY_ALLOCATION","MEMORY_ALLOCATION_ALLOCATE","Agent 2",16384,"0x000074666c52c000",32674,89659019251484,89659019252104
"MEMORY_ALLOCATION","MEMORY_ALLOCATION_ALLOCATE","Agent 2",16384,"0x000074666c530000",32678,89659019277284,89659019278634
"MEMORY_ALLOCATION","MEMORY_ALLOCATION_ALLOCATE","Agent 2",512,"0x000074666c534000",32682,89659019300525,89659019301415
"MEMORY_ALLOCATION","MEMORY_ALLOCATION_ALLOCATE","Agent 2",131072,"0x000074666c535000",32686,89659019315515,89659019316055
"MEMORY_ALLOCATION","MEMORY_ALLOCATION_ALLOCATE","Agent 2",131072,"0x000074666c555000",32690,89659019382516,89659019383266
"MEMORY_ALLOCATION","MEMORY_ALLOCATION_ALLOCATE","Agent 2",16384,"0x000074666c575000",32692,89659019387016,89659019387496
"MEMORY_ALLOCATION","MEMORY_ALLOCATION_ALLOCATE","Agent 2",16384,"0x000074666c579000",32694,89659019390646,89659019391156
"MEMORY_ALLOCATION","MEMORY_ALLOCATION_ALLOCATE","Agent 2",32768,"0x000074666c57d000",32696,89659019394516,89659019394926
"MEMORY_ALLOCATION","MEMORY_ALLOCATION_ALLOCATE","Agent 2",32768,"0x000074666c585000",32698,89659019398116,89659019398576
"MEMORY_ALLOCATION","MEMORY_ALLOCATION_ALLOCATE","Agent 2",16384,"0x000074666c58d000",32700,89659019401866,89659019402516
"MEMORY_ALLOCATION","MEMORY_ALLOCATION_ALLOCATE","Agent 2",8192,"0x000074666c591000",32702,89659019406786,89659019407196
"MEMORY_ALLOCATION","MEMORY_ALLOCATION_ALLOCATE","Agent 2",8192,"0x000074666c593000",32704,89659019410146,89659019410536
"MEMORY_ALLOCATION","MEMORY_ALLOCATION_ALLOCATE","Agent 2",16384,"0x000074666c595000",32706,89659019414306,89659019414836
"MEMORY_ALLOCATION","MEMORY_ALLOCATION_ALLOCATE","Agent 2",128,"0x000074666c599000",32708,89659019418607,89659019419097
"MEMORY_ALLOCATION","MEMORY_ALLOCATION_ALLOCATE","Agent 2",128,"0x000074666c59a000",32710,89659019422897,89659019423657
"MEMORY_ALLOCATION","MEMORY_ALLOCATION_ALLOCATE","Agent 2",2097152,"0x0000746659c00000",32712,89659019427157,89659019525348
"MEMORY_ALLOCATION","MEMORY_ALLOCATION_ALLOCATE","Agent 2",16384,"0x000074666c59b000",32714,89659019530408,89659019531088
"MEMORY_ALLOCATION","MEMORY_ALLOCATION_ALLOCATE","Agent 2",16384,"0x000074666c59f000",32716,89659019534148,89659019534638
"MEMORY_ALLOCATION","MEMORY_ALLOCATION_ALLOCATE","Agent 2",16384,"0x000074666c5a3000",32718,89659019538529,89659019538999
"MEMORY_ALLOCATION","MEMORY_ALLOCATION_ALLOCATE","Agent 2",16384,"0x000074666c5a7000",32720,89659019542009,89659019542459
"MEMORY_ALLOCATION","MEMORY_ALLOCATION_ALLOCATE","Agent 2",49152,"0x000074666c5ab000",32722,89659019545489,89659019545909
"MEMORY_ALLOCATION","MEMORY_ALLOCATION_ALLOCATE","Agent 2",16384,"0x000074666c5b7000",32724,89659019548879,89659019549289
"MEMORY_ALLOCATION","MEMORY_ALLOCATION_ALLOCATE","Agent 2",16777216,"0x0000746658a00000",32750,89659033282778,89659033442681
"MEMORY_ALLOCATION","MEMORY_ALLOCATION_ALLOCATE","Agent 2",2097152,"0x0000746658600000",32880,89659047598768,89659047707899
"MEMORY_ALLOCATION","MEMORY_ALLOCATION_ALLOCATE","Agent 2",64,"0x000074666c5bb000",32898,89659051468962,89659051476122
"MEMORY_ALLOCATION","MEMORY_ALLOCATION_ALLOCATE","Agent 2",476,"0x000074666c5bc000",32908,89659051884969,89659051886359
"MEMORY_ALLOCATION","MEMORY_ALLOCATION_ALLOCATE","Agent 2",65536,"0x000074666c5bd000",32924,89659053607158,89659053609138
"MEMORY_ALLOCATION","MEMORY_ALLOCATION_ALLOCATE","Agent 2",8192,"0x000074666c5cd000",32934,89659054038675,89659054040225
"MEMORY_ALLOCATION","MEMORY_ALLOCATION_ALLOCATE","Agent 2",64,"0x000074666c5cf000",32944,89659054349140,89659054350370
"MEMORY_ALLOCATION","MEMORY_ALLOCATION_ALLOCATE","Agent 2",476,"0x000074666c5d0000",32954,89659054515613,89659054516933
"MEMORY_ALLOCATION","MEMORY_ALLOCATION_ALLOCATE","Agent 2",65536,"0x000074666c5d1000",32970,89659056022018,89659056024088
"MEMORY_ALLOCATION","MEMORY_ALLOCATION_ALLOCATE","Agent 2",8192,"0x000074666c5e1000",32980,89659056417165,89659056418645
"MEMORY_ALLOCATION","MEMORY_ALLOCATION_ALLOCATE","Agent 2",64,"0x000074666c5e3000",32990,89659056739970,89659056741330
"MEMORY_ALLOCATION","MEMORY_ALLOCATION_ALLOCATE","Agent 2",476,"0x000074666c5e4000",33000,89659056897843,89659056898943
"MEMORY_ALLOCATION","MEMORY_ALLOCATION_ALLOCATE","Agent 2",8388608,"0x0000746657c00000",33016,89659058429689,89659058550421
"MEMORY_ALLOCATION","MEMORY_ALLOCATION_ALLOCATE","Agent 2",1048576,"0x0000746660f00000",33082,89659065170761,89659065177961
"MEMORY_ALLOCATION","MEMORY_ALLOCATION_ALLOCATE","Agent 2",64,"0x000074666c5e5000",33092,89659066523784,89659066528494
"MEMORY_ALLOCATION","MEMORY_ALLOCATION_ALLOCATE","Agent 2",476,"0x000074666c5e6000",33102,89659066697327,89659066698907
"MEMORY_ALLOCATION","MEMORY_ALLOCATION_ALLOCATE","Agent 2",8388608,"0x0000746657200000",33118,89659068278373,89659068385845
"MEMORY_ALLOCATION","MEMORY_ALLOCATION_ALLOCATE","Agent 2",2097152,"0x0000746656e00000",33184,89659075244630,89659075364252
"MEMORY_ALLOCATION","MEMORY_ALLOCATION_ALLOCATE","Agent 2",64,"0x000074666c5e7000",33202,89659077952245,89659077959005
"MEMORY_ALLOCATION","MEMORY_ALLOCATION_ALLOCATE","Agent 2",476,"0x000074666c5e8000",33212,89659078190129,89659078192159
"MEMORY_ALLOCATION","MEMORY_ALLOCATION_ALLOCATE","Agent 2",25165824,"0x0000746655400000",33228,89659080024440,89659080137971
"MEMORY_ALLOCATION","MEMORY_ALLOCATION_ALLOCATE","Agent 2",3145728,"0x0000746654e00000",33422,89659099893772,89659099998054
"MEMORY_ALLOCATION","MEMORY_ALLOCATION_ALLOCATE","Agent 2",64,"0x000074666c5e9000",33448,89659106675115,89659106683795
"MEMORY_ALLOCATION","MEMORY_ALLOCATION_ALLOCATE","Agent 2",476,"0x000074666c5ea000",33458,89659106865258,89659106866828
"MEMORY_ALLOCATION","MEMORY_ALLOCATION_ALLOCATE","Agent 2",25165824,"0x0000746653400000",33474,89659108458485,89659108565457
"MEMORY_ALLOCATION","MEMORY_ALLOCATION_ALLOCATE","Agent 2",3145728,"0x0000746652e00000",33668,89659127191888,89659127295400
"MEMORY_ALLOCATION","MEMORY_ALLOCATION_ALLOCATE","Agent 2",64,"0x000074666c5eb000",33694,89659135639779,89659135648099
"MEMORY_ALLOCATION","MEMORY_ALLOCATION_ALLOCATE","Agent 2",476,"0x000074666c5ec000",33704,89659135832792,89659135833992
"MEMORY_ALLOCATION","MEMORY_ALLOCATION_ALLOCATE","Agent 2",25165824,"0x0000746651400000",33720,89659137435659,89659137555441
"MEMORY_ALLOCATION","MEMORY_ALLOCATION_ALLOCATE","Agent 2",3145728,"0x0000746650e00000",33914,89659157477484,89659157581426
"MEMORY_ALLOCATION","MEMORY_ALLOCATION_ALLOCATE","Agent 2",64,"0x000074666c5ed000",33940,89659162499868,89659162509688
"MEMORY_ALLOCATION","MEMORY_ALLOCATION_ALLOCATE","Agent 2",476,"0x000074666c5ee000",33950,89659162666131,89659162667381
"MEMORY_ALLOCATION","MEMORY_ALLOCATION_ALLOCATE","Agent 2",128,"0x000074666c5ef000",33960,89659163102478,89659163104028
"MEMORY_ALLOCATION","MEMORY_ALLOCATION_ALLOCATE","Agent 2",128,"0x000074666c5f0000",33964,89659163120589,89659163121379
"MEMORY_ALLOCATION","MEMORY_ALLOCATION_ALLOCATE","Agent 2",16384,"0x000074666c5f1000",33968,89659163135369,89659163136119
"MEMORY_ALLOCATION","MEMORY_ALLOCATION_ALLOCATE","Agent 2",16384,"0x000074666c5f5000",33972,89659163156209,89659163157119
"MEMORY_ALLOCATION","MEMORY_ALLOCATION_ALLOCATE","Agent 2",512,"0x000074666c5f9000",33976,89659163175990,89659163176580
"MEMORY_ALLOCATION","MEMORY_ALLOCATION_ALLOCATE","Agent 2",131072,"0x0000746650a00000",33980,89659163189290,89659163293972
"MEMORY_ALLOCATION","MEMORY_ALLOCATION_ALLOCATE","Agent 2",131072,"0x0000746650a20000",33984,89659163356763,89659163357893
"MEMORY_ALLOCATION","MEMORY_ALLOCATION_ALLOCATE","Agent 2",16384,"0x000074666c5fa000",33986,89659163362233,89659163363503
"MEMORY_ALLOCATION","MEMORY_ALLOCATION_ALLOCATE","Agent 2",16384,"0x0000746650a40000",33988,89659163366963,89659163367703
"MEMORY_ALLOCATION","MEMORY_ALLOCATION_ALLOCATE","Agent 2",32768,"0x0000746650a44000",33990,89659163370933,89659163371573
"MEMORY_ALLOCATION","MEMORY_ALLOCATION_ALLOCATE","Agent 2",32768,"0x0000746650a4c000",33992,89659163375543,89659163376333
"MEMORY_ALLOCATION","MEMORY_ALLOCATION_ALLOCATE","Agent 2",16384,"0x0000746650a54000",33994,89659163380483,89659163381113
"MEMORY_ALLOCATION","MEMORY_ALLOCATION_ALLOCATE","Agent 2",8192,"0x000074666c5fe000",33996,89659163384583,89659163385073
"MEMORY_ALLOCATION","MEMORY_ALLOCATION_ALLOCATE","Agent 2",8192,"0x0000746650a58000",33998,89659163388103,89659163388713
"MEMORY_ALLOCATION","MEMORY_ALLOCATION_ALLOCATE","Agent 2",16384,"0x0000746650a5a000",34000,89659163392133,89659163392623
"MEMORY_ALLOCATION","MEMORY_ALLOCATION_ALLOCATE","Agent 2",128,"0x0000746650a5e000",34002,89659163396053,89659163396643
"MEMORY_ALLOCATION","MEMORY_ALLOCATION_ALLOCATE","Agent 2",128,"0x0000746650a5f000",34004,89659163400283,89659163400903
"MEMORY_ALLOCATION","MEMORY_ALLOCATION_ALLOCATE","Agent 2",2097152,"0x0000746650600000",34006,89659163404303,89659163446154
"MEMORY_ALLOCATION","MEMORY_ALLOCATION_ALLOCATE","Agent 2",16384,"0x0000746650a60000",34008,89659163450524,89659163451134
"MEMORY_ALLOCATION","MEMORY_ALLOCATION_ALLOCATE","Agent 2",16384,"0x0000746650a64000",34010,89659163455374,89659163455804
"MEMORY_ALLOCATION","MEMORY_ALLOCATION_ALLOCATE","Agent 2",16384,"0x0000746650a68000",34012,89659163458804,89659163459284
"MEMORY_ALLOCATION","MEMORY_ALLOCATION_ALLOCATE","Agent 2",16384,"0x0000746650a6c000",34014,89659163462334,89659163462814
"MEMORY_ALLOCATION","MEMORY_ALLOCATION_ALLOCATE","Agent 2",49152,"0x0000746650a70000",34016,89659163465824,89659163466274
"MEMORY_ALLOCATION","MEMORY_ALLOCATION_ALLOCATE","Agent 2",16384,"0x0000746650a7c000",34018,89659163469264,89659163469644
"MEMORY_ALLOCATION","MEMORY_ALLOCATION_ALLOCATE","Agent 2",16777216,"0x000074664f400000",34044,89659176544133,89659176610314
"MEMORY_ALLOCATION","MEMORY_ALLOCATION_ALLOCATE","Agent 2",2097152,"0x000074664f000000",34174,89659189750174,89659189856905
"MEMORY_ALLOCATION","MEMORY_ALLOCATION_ALLOCATE","Agent 2",64,"0x0000746650a80000",34192,89659193526167,89659193529727
"MEMORY_ALLOCATION","MEMORY_ALLOCATION_ALLOCATE","Agent 2",476,"0x0000746650a81000",34202,89659193691640,89659193692830
"MEMORY_ALLOCATION","MEMORY_ALLOCATION_ALLOCATE","Agent 2",65536,"0x0000746650a82000",34218,89659195278056,89659195279836
"MEMORY_ALLOCATION","MEMORY_ALLOCATION_ALLOCATE","Agent 2",8192,"0x0000746650a92000",34228,89659196039089,89659196040509
"MEMORY_ALLOCATION","MEMORY_ALLOCATION_ALLOCATE","Agent 2",64,"0x0000746650a94000",34238,89659196341124,89659196342694
"MEMORY_ALLOCATION","MEMORY_ALLOCATION_ALLOCATE","Agent 2",476,"0x0000746650a95000",34248,89659196502957,89659196503877
"MEMORY_ALLOCATION","MEMORY_ALLOCATION_ALLOCATE","Agent 2",65536,"0x0000746650a96000",34264,89659197982051,89659197983571
"MEMORY_ALLOCATION","MEMORY_ALLOCATION_ALLOCATE","Agent 2",8192,"0x0000746650aa6000",34274,89659198465899,89659198467179
"MEMORY_ALLOCATION","MEMORY_ALLOCATION_ALLOCATE","Agent 2",64,"0x0000746650aa8000",34284,89659198777905,89659198779245
"MEMORY_ALLOCATION","MEMORY_ALLOCATION_ALLOCATE","Agent 2",476,"0x0000746650aa9000",34294,89659198939037,89659198939907
"MEMORY_ALLOCATION","MEMORY_ALLOCATION_ALLOCATE","Agent 2",8388608,"0x000074664e600000",34310,89659200706407,89659200780658
"MEMORY_ALLOCATION","MEMORY_ALLOCATION_ALLOCATE","Agent 2",1048576,"0x0000746650aaa000",34376,89659207476540,89659207484000
"MEMORY_ALLOCATION","MEMORY_ALLOCATION_ALLOCATE","Agent 2",64,"0x0000746650baa000",34386,89659209468303,89659209470203
"MEMORY_ALLOCATION","MEMORY_ALLOCATION_ALLOCATE","Agent 2",476,"0x0000746650bab000",34396,89659209636436,89659209637796
"MEMORY_ALLOCATION","MEMORY_ALLOCATION_ALLOCATE","Agent 2",8388608,"0x000074664dc00000",34412,89659211194932,89659211309824
"MEMORY_ALLOCATION","MEMORY_ALLOCATION_ALLOCATE","Agent 2",2097152,"0x000074664d800000",34478,89659217909964,89659218013996
"MEMORY_ALLOCATION","MEMORY_ALLOCATION_ALLOCATE","Agent 2",64,"0x0000746650bac000",34496,89659220522248,89659220526898
"MEMORY_ALLOCATION","MEMORY_ALLOCATION_ALLOCATE","Agent 2",476,"0x0000746650bad000",34506,89659220677141,89659220678451
"MEMORY_ALLOCATION","MEMORY_ALLOCATION_ALLOCATE","Agent 2",25165824,"0x000074664be00000",34522,89659222231067,89659222303928
"MEMORY_ALLOCATION","MEMORY_ALLOCATION_ALLOCATE","Agent 2",3145728,"0x000074664b800000",34716,89659240530142,89659240648564
"MEMORY_ALLOCATION","MEMORY_ALLOCATION_ALLOCATE","Agent 2",64,"0x0000746650bae000",34742,89659247265585,89659247269675
"MEMORY_ALLOCATION","MEMORY_ALLOCATION_ALLOCATE","Agent 2",476,"0x0000746650baf000",34752,89659247437438,89659247438808
"MEMORY_ALLOCATION","MEMORY_ALLOCATION_ALLOCATE","Agent 2",25165824,"0x0000746649e00000",34768,89659249101006,89659249171937
"MEMORY_ALLOCATION","MEMORY_ALLOCATION_ALLOCATE","Agent 2",3145728,"0x0000746649800000",34962,89659267134697,89659267239689
"MEMORY_ALLOCATION","MEMORY_ALLOCATION_ALLOCATE","Agent 2",64,"0x0000746650bb0000",34988,89659275739461,89659275744181
"MEMORY_ALLOCATION","MEMORY_ALLOCATION_ALLOCATE","Agent 2",476,"0x0000746650bb1000",34998,89659275918574,89659275919834
"MEMORY_ALLOCATION","MEMORY_ALLOCATION_ALLOCATE","Agent 2",25165824,"0x0000746647e00000",35014,89659277800755,89659277885287
"MEMORY_ALLOCATION","MEMORY_ALLOCATION_ALLOCATE","Agent 2",3145728,"0x0000746647800000",35208,89659296911425,89659297047597
"MEMORY_ALLOCATION","MEMORY_ALLOCATION_ALLOCATE","Agent 2",64,"0x0000746650bb2000",35234,89659300961193,89659300969303
"MEMORY_ALLOCATION","MEMORY_ALLOCATION_ALLOCATE","Agent 2",476,"0x0000746650bb3000",35244,89659301140806,89659301142436
"MEMORY_ALLOCATION","MEMORY_ALLOCATION_ALLOCATE","Agent 2",128,"0x0000746650bb4000",35254,89659301346179,89659301347269
"MEMORY_ALLOCATION","MEMORY_ALLOCATION_ALLOCATE","Agent 2",128,"0x0000746650bb5000",35258,89659301364409,89659301365169
"MEMORY_ALLOCATION","MEMORY_ALLOCATION_ALLOCATE","Agent 2",16384,"0x0000746650bb6000",35262,89659301379330,89659301380000
"MEMORY_ALLOCATION","MEMORY_ALLOCATION_ALLOCATE","Agent 2",16384,"0x0000746650bba000",35266,89659301399860,89659301400850
"MEMORY_ALLOCATION","MEMORY_ALLOCATION_ALLOCATE","Agent 2",512,"0x0000746650bbe000",35270,89659301423500,89659301426730
"MEMORY_ALLOCATION","MEMORY_ALLOCATION_ALLOCATE","Agent 2",131072,"0x0000746650bbf000",35274,89659301443211,89659301444081
"MEMORY_ALLOCATION","MEMORY_ALLOCATION_ALLOCATE","Agent 2",131072,"0x0000746650bdf000",35278,89659301590773,89659301591713
"MEMORY_ALLOCATION","MEMORY_ALLOCATION_ALLOCATE","Agent 2",16384,"0x0000746647400000",35280,89659301595343,89659301690765
"MEMORY_ALLOCATION","MEMORY_ALLOCATION_ALLOCATE","Agent 2",16384,"0x0000746647404000",35282,89659301695755,89659301696405
"MEMORY_ALLOCATION","MEMORY_ALLOCATION_ALLOCATE","Agent 2",32768,"0x0000746647408000",35284,89659301699505,89659301700175
"MEMORY_ALLOCATION","MEMORY_ALLOCATION_ALLOCATE","Agent 2",32768,"0x0000746647410000",35286,89659301703385,89659301703905
"MEMORY_ALLOCATION","MEMORY_ALLOCATION_ALLOCATE","Agent 2",16384,"0x0000746647418000",35288,89659301706955,89659301707415
"MEMORY_ALLOCATION","MEMORY_ALLOCATION_ALLOCATE","Agent 2",8192,"0x000074664741c000",35290,89659301710545,89659301711035
"MEMORY_ALLOCATION","MEMORY_ALLOCATION_ALLOCATE","Agent 2",8192,"0x000074664741e000",35292,89659301714045,89659301714565
"MEMORY_ALLOCATION","MEMORY_ALLOCATION_ALLOCATE","Agent 2",16384,"0x0000746647420000",35294,89659301717635,89659301718195
"MEMORY_ALLOCATION","MEMORY_ALLOCATION_ALLOCATE","Agent 2",128,"0x0000746650bff000",35296,89659301722415,89659301723025
"MEMORY_ALLOCATION","MEMORY_ALLOCATION_ALLOCATE","Agent 2",128,"0x0000746647424000",35298,89659301726325,89659301726905
"MEMORY_ALLOCATION","MEMORY_ALLOCATION_ALLOCATE","Agent 2",2097152,"0x0000746647000000",35300,89659301730025,89659301769686
"MEMORY_ALLOCATION","MEMORY_ALLOCATION_ALLOCATE","Agent 2",16384,"0x0000746647425000",35302,89659301773556,89659301774196
"MEMORY_ALLOCATION","MEMORY_ALLOCATION_ALLOCATE","Agent 2",16384,"0x0000746647429000",35304,89659301777286,89659301777906
"MEMORY_ALLOCATION","MEMORY_ALLOCATION_ALLOCATE","Agent 2",16384,"0x000074664742d000",35306,89659301780926,89659301781386
"MEMORY_ALLOCATION","MEMORY_ALLOCATION_ALLOCATE","Agent 2",16384,"0x0000746647431000",35308,89659301784416,89659301784876
"MEMORY_ALLOCATION","MEMORY_ALLOCATION_ALLOCATE","Agent 2",49152,"0x0000746647435000",35310,89659301787856,89659301788376
"MEMORY_ALLOCATION","MEMORY_ALLOCATION_ALLOCATE","Agent 2",16384,"0x0000746647441000",35312,89659301791377,89659301791877
"MEMORY_ALLOCATION","MEMORY_ALLOCATION_ALLOCATE","Agent 2",16777216,"0x0000746645e00000",35338,89659314862225,89659314990337
"MEMORY_ALLOCATION","MEMORY_ALLOCATION_ALLOCATE","Agent 2",2097152,"0x0000746645a00000",35468,89659328711196,89659328816568
"MEMORY_ALLOCATION","MEMORY_ALLOCATION_ALLOCATE","Agent 2",64,"0x0000746647445000",35486,89659331169898,89659331174708
"MEMORY_ALLOCATION","MEMORY_ALLOCATION_ALLOCATE","Agent 2",476,"0x0000746647446000",35496,89659331352931,89659331354261
"MEMORY_ALLOCATION","MEMORY_ALLOCATION_ALLOCATE","Agent 2",2097152,"0x0000746645600000",35512,89659332943957,89659333057439
"MEMORY_ALLOCATION","MEMORY_ALLOCATION_ALLOCATE","Agent 2",524288,"0x0000746647447000",35530,89659335721764,89659335725244
"MEMORY_ALLOCATION","MEMORY_ALLOCATION_ALLOCATE","Agent 2",64,"0x00007466474c7000",35540,89659336702740,89659336704730
"MEMORY_ALLOCATION","MEMORY_ALLOCATION_ALLOCATE","Agent 2",476,"0x00007466474c8000",35550,89659336863683,89659336864843
"MEMORY_ALLOCATION","MEMORY_ALLOCATION_ALLOCATE","Agent 2",2097152,"0x0000746645200000",35566,89659338352798,89659338436079
"MEMORY_ALLOCATION","MEMORY_ALLOCATION_ALLOCATE","Agent 2",524288,"0x00007466474c9000",35584,89659341044563,89659341047513
"MEMORY_ALLOCATION","MEMORY_ALLOCATION_ALLOCATE","Agent 2",64,"0x0000746647549000",35594,89659341987558,89659341989368
"MEMORY_ALLOCATION","MEMORY_ALLOCATION_ALLOCATE","Agent 2",476,"0x000074664754a000",35604,89659342180802,89659342181922
"MEMORY_ALLOCATION","MEMORY_ALLOCATION_ALLOCATE","Agent 2",8388608,"0x0000746644800000",35620,89659343701337,89659343784628
"MEMORY_ALLOCATION","MEMORY_ALLOCATION_ALLOCATE","Agent 2",2097152,"0x0000746644400000",35686,89659350354118,89659350443740
"MEMORY_ALLOCATION","MEMORY_ALLOCATION_ALLOCATE","Agent 2",64,"0x000074664754b000",35704,89659352818959,89659352821819
"MEMORY_ALLOCATION","MEMORY_ALLOCATION_ALLOCATE","Agent 2",476,"0x000074664754c000",35714,89659352978372,89659352979622
"MEMORY_ALLOCATION","MEMORY_ALLOCATION_ALLOCATE","Agent 2",25165824,"0x0000746642a00000",35730,89659354531878,89659354601529
"MEMORY_ALLOCATION","MEMORY_ALLOCATION_ALLOCATE","Agent 2",3145728,"0x0000746642400000",35924,89659372147463,89659372265305
"MEMORY_ALLOCATION","MEMORY_ALLOCATION_ALLOCATE","Agent 2",64,"0x000074664754d000",35950,89659377660865,89659377666675
"MEMORY_ALLOCATION","MEMORY_ALLOCATION_ALLOCATE","Agent 2",476,"0x000074664754e000",35960,89659377843558,89659377844928
"MEMORY_ALLOCATION","MEMORY_ALLOCATION_ALLOCATE","Agent 2",25165824,"0x0000746640a00000",35976,89659379489725,89659379573797
"MEMORY_ALLOCATION","MEMORY_ALLOCATION_ALLOCATE","Agent 2",3145728,"0x0000746640400000",36170,89659398561254,89659398666306
"MEMORY_ALLOCATION","MEMORY_ALLOCATION_ALLOCATE","Agent 2",64,"0x000074664754f000",36196,89659407248589,89659407253239
"MEMORY_ALLOCATION","MEMORY_ALLOCATION_ALLOCATE","Agent 2",476,"0x0000746647550000",36206,89659407419962,89659407421272
"MEMORY_ALLOCATION","MEMORY_ALLOCATION_ALLOCATE","Agent 2",25165824,"0x000074663ea00000",36222,89659408985178,89659409089460
"MEMORY_ALLOCATION","MEMORY_ALLOCATION_ALLOCATE","Agent 2",3145728,"0x000074663e400000",36416,89659427357815,89659427476947
"MEMORY_ALLOCATION","MEMORY_ALLOCATION_ALLOCATE","Agent 2",64,"0x0000746647551000",36442,89659433387716,89659433393056
"MEMORY_ALLOCATION","MEMORY_ALLOCATION_ALLOCATE","Agent 2",476,"0x0000746647552000",36452,89659433599150,89659433600620
"MEMORY_ALLOCATION","MEMORY_ALLOCATION_ALLOCATE","Agent 2",16384,"0x0000746647553000",36462,89659433786543,89659433787543
"MEMORY_ALLOCATION","MEMORY_ALLOCATION_ALLOCATE","Agent 2",1024,"0x0000746647557000",36466,89659433808843,89659433809663
"MEMORY_ALLOCATION","MEMORY_ALLOCATION_ALLOCATE","Agent 2",1024,"0x0000746647558000",36470,89659433823953,89659433824543
"MEMORY_ALLOCATION","MEMORY_ALLOCATION_ALLOCATE","Agent 2",16384,"0x0000746647559000",36474,89659433839554,89659433840404
"MEMORY_ALLOCATION","MEMORY_ALLOCATION_ALLOCATE","Agent 2",64,"0x000074664755d000",36478,89659433863284,89659433864054
"MEMORY_ALLOCATION","MEMORY_ALLOCATION_ALLOCATE","Agent 2",16384,"0x000074664755e000",36480,89659433867654,89659433868264
"MEMORY_ALLOCATION","MEMORY_ALLOCATION_ALLOCATE","Agent 2",16384,"0x0000746647562000",36482,89659433871484,89659433871934
"MEMORY_ALLOCATION","MEMORY_ALLOCATION_ALLOCATE","Agent 2",32768,"0x0000746647566000",36484,89659433875034,89659433875544
"MEMORY_ALLOCATION","MEMORY_ALLOCATION_ALLOCATE","Agent 2",16384,"0x000074664756e000",36486,89659433878744,89659433879224
"MEMORY_ALLOCATION","MEMORY_ALLOCATION_ALLOCATE","Agent 2",4096,"0x0000746647572000",36488,89659433882254,89659433882734
"MEMORY_ALLOCATION","MEMORY_ALLOCATION_ALLOCATE","Agent 2",4096,"0x0000746647573000",36490,89659433885744,89659433886194
"MEMORY_ALLOCATION","MEMORY_ALLOCATION_ALLOCATE","Agent 2",16384,"0x0000746647574000",36492,89659433889225,89659433889965
"MEMORY_ALLOCATION","MEMORY_ALLOCATION_ALLOCATE","Agent 2",4096,"0x0000746647578000",36494,89659433893245,89659433894725
"MEMORY_ALLOCATION","MEMORY_ALLOCATION_ALLOCATE","Agent 2",16384,"0x0000746647579000",36496,89659433900335,89659433900805
"MEMORY_ALLOCATION","MEMORY_ALLOCATION_ALLOCATE","Agent 2",4096,"0x000074664757d000",36498,89659433903845,89659433904325
"MEMORY_ALLOCATION","MEMORY_ALLOCATION_ALLOCATE","Agent 2",16777216,"0x000074663d200000",36500,89659433907345,89659433970346
"MEMORY_ALLOCATION","MEMORY_ALLOCATION_ALLOCATE","Agent 2",16777216,"0x000074663c000000",36502,89659433974786,89659434024067
"MEMORY_ALLOCATION","MEMORY_ALLOCATION_ALLOCATE","Agent 2",16384,"0x000074664757e000",36504,89659434028627,89659434029497
"MEMORY_ALLOCATION","MEMORY_ALLOCATION_ALLOCATE","Agent 2",16384,"0x0000746647582000",36506,89659434032757,89659434033227
"MEMORY_ALLOCATION","MEMORY_ALLOCATION_ALLOCATE","Agent 2",16384,"0x0000746647586000",36508,89659434036417,89659434036957
"MEMORY_ALLOCATION","MEMORY_ALLOCATION_ALLOCATE","Agent 2",16384,"0x000074664758a000",36510,89659434040587,89659434041047
"MEMORY_ALLOCATION","MEMORY_ALLOCATION_ALLOCATE","Agent 2",49152,"0x000074664758e000",36512,89659434044017,89659434044457
"MEMORY_ALLOCATION","MEMORY_ALLOCATION_ALLOCATE","Agent 2",16384,"0x000074664759a000",36514,89659434047547,89659434047997
"MEMORY_ALLOCATION","MEMORY_ALLOCATION_ALLOCATE","Agent 2",528384,"0x000074663bc00000",36516,89659434051767,89659434093228
"MEMORY_ALLOCATION","MEMORY_ALLOCATION_ALLOCATE","Agent 2",16777216,"0x000074663aa00000",36538,89659488901474,89659489103808
"MEMORY_ALLOCATION","MEMORY_ALLOCATION_ALLOCATE","Agent 2",2097152,"0x000074663a600000",36668,89659503501408,89659503610610
"MEMORY_ALLOCATION","MEMORY_ALLOCATION_ALLOCATE","Agent 2",64,"0x000074664759e000",36686,89659507189150,89659507198260
"MEMORY_ALLOCATION","MEMORY_ALLOCATION_ALLOCATE","Agent 2",476,"0x000074664759f000",36696,89659507367003,89659507368473
"MEMORY_ALLOCATION","MEMORY_ALLOCATION_ALLOCATE","Agent 2",65536,"0x00007466475a0000",36712,89659509057101,89659509059101
"MEMORY_ALLOCATION","MEMORY_ALLOCATION_ALLOCATE","Agent 2",8192,"0x00007466475b0000",36722,89659509496068,89659509497558
"MEMORY_ALLOCATION","MEMORY_ALLOCATION_ALLOCATE","Agent 2",64,"0x00007466475b2000",36732,89659509810334,89659509811614
"MEMORY_ALLOCATION","MEMORY_ALLOCATION_ALLOCATE","Agent 2",476,"0x00007466475b3000",36742,89659509967486,89659509968446
"MEMORY_ALLOCATION","MEMORY_ALLOCATION_ALLOCATE","Agent 2",65536,"0x00007466475b4000",36758,89659511791097,89659511793087
"MEMORY_ALLOCATION","MEMORY_ALLOCATION_ALLOCATE","Agent 2",8192,"0x00007466475c4000",36768,89659512234354,89659512235854
"MEMORY_ALLOCATION","MEMORY_ALLOCATION_ALLOCATE","Agent 2",64,"0x00007466475c6000",36778,89659512552069,89659512553849
"MEMORY_ALLOCATION","MEMORY_ALLOCATION_ALLOCATE","Agent 2",476,"0x00007466475c7000",36788,89659512711842,89659512713082
"MEMORY_ALLOCATION","MEMORY_ALLOCATION_ALLOCATE","Agent 2",8388608,"0x0000746639c00000",36804,89659514345919,89659514454121
"MEMORY_ALLOCATION","MEMORY_ALLOCATION_ALLOCATE","Agent 2",1048576,"0x000074663bc81000",36870,89659522066028,89659522074709
"MEMORY_ALLOCATION","MEMORY_ALLOCATION_ALLOCATE","Agent 2",64,"0x00007466475c8000",36880,89659523471522,89659523479792
"MEMORY_ALLOCATION","MEMORY_ALLOCATION_ALLOCATE","Agent 2",476,"0x00007466475c9000",36890,89659523644565,89659523646195
"MEMORY_ALLOCATION","MEMORY_ALLOCATION_ALLOCATE","Agent 2",8388608,"0x0000746639200000",36906,89659525393474,89659525520186
"MEMORY_ALLOCATION","MEMORY_ALLOCATION_ALLOCATE","Agent 2",2097152,"0x0000746638e00000",36972,89659532676546,89659532782478
"MEMORY_ALLOCATION","MEMORY_ALLOCATION_ALLOCATE","Agent 2",64,"0x00007466475ca000",36990,89659535160037,89659535168447
"MEMORY_ALLOCATION","MEMORY_ALLOCATION_ALLOCATE","Agent 2",476,"0x00007466475cb000",37000,89659535332930,89659535334090
"MEMORY_ALLOCATION","MEMORY_ALLOCATION_ALLOCATE","Agent 2",25165824,"0x0000746637400000",37016,89659537060449,89659537173741
"MEMORY_ALLOCATION","MEMORY_ALLOCATION_ALLOCATE","Agent 2",3145728,"0x0000746636e00000",37210,89659558659470,89659558780462
"MEMORY_ALLOCATION","MEMORY_ALLOCATION_ALLOCATE","Agent 2",64,"0x00007466475cc000",37236,89659562577696,89659562587486
"MEMORY_ALLOCATION","MEMORY_ALLOCATION_ALLOCATE","Agent 2",476,"0x00007466475cd000",37246,89659562752839,89659562754139
"MEMORY_ALLOCATION","MEMORY_ALLOCATION_ALLOCATE","Agent 2",25165824,"0x0000746635400000",37262,89659564394426,89659564499758
"MEMORY_ALLOCATION","MEMORY_ALLOCATION_ALLOCATE","Agent 2",3145728,"0x0000746634e00000",37456,89659583708929,89659583808571
"MEMORY_ALLOCATION","MEMORY_ALLOCATION_ALLOCATE","Agent 2",64,"0x00007466475ce000",37482,89659592327083,89659592333093
"MEMORY_ALLOCATION","MEMORY_ALLOCATION_ALLOCATE","Agent 2",476,"0x00007466475cf000",37492,89659592504666,89659592505856
"MEMORY_ALLOCATION","MEMORY_ALLOCATION_ALLOCATE","Agent 2",25165824,"0x0000746633400000",37508,89659594103253,89659594182554
"MEMORY_ALLOCATION","MEMORY_ALLOCATION_ALLOCATE","Agent 2",3145728,"0x0000746632e00000",37702,89659611930291,89659612058003
"MEMORY_ALLOCATION","MEMORY_ALLOCATION_ALLOCATE","Agent 2",64,"0x00007466475d0000",37728,89659616119311,89659616125691
"MEMORY_ALLOCATION","MEMORY_ALLOCATION_ALLOCATE","Agent 2",476,"0x00007466475d1000",37738,89659616294194,89659616295524
"MEMORY_ALLOCATION","MEMORY_ALLOCATION_ALLOCATE","Agent 2",128,"0x00007466475d2000",37748,89659616485197,89659616486377
"MEMORY_ALLOCATION","MEMORY_ALLOCATION_ALLOCATE","Agent 2",128,"0x00007466475d3000",37752,89659616501457,89659616502117
"MEMORY_ALLOCATION","MEMORY_ALLOCATION_ALLOCATE","Agent 2",16384,"0x00007466475d4000",37756,89659616516017,89659616516737
"MEMORY_ALLOCATION","MEMORY_ALLOCATION_ALLOCATE","Agent 2",16384,"0x00007466475d8000",37760,89659616534828,89659616535388
"MEMORY_ALLOCATION","MEMORY_ALLOCATION_ALLOCATE","Agent 2",512,"0x00007466475dc000",37764,89659616552918,89659616553508
"MEMORY_ALLOCATION","MEMORY_ALLOCATION_ALLOCATE","Agent 2",131072,"0x00007466475dd000",37768,89659616566368,89659616570798
"MEMORY_ALLOCATION","MEMORY_ALLOCATION_ALLOCATE","Agent 2",131072,"0x000074663bd81000",37772,89659616633129,89659616635479
"MEMORY_ALLOCATION","MEMORY_ALLOCATION_ALLOCATE","Agent 2",16384,"0x000074663bda1000",37774,89659616640239,89659616640819
"MEMORY_ALLOCATION","MEMORY_ALLOCATION_ALLOCATE","Agent 2",16384,"0x000074663bda5000",37776,89659616643989,89659616644469
"MEMORY_ALLOCATION","MEMORY_ALLOCATION_ALLOCATE","Agent 2",32768,"0x000074663bda9000",37778,89659616647939,89659616648459
"MEMORY_ALLOCATION","MEMORY_ALLOCATION_ALLOCATE","Agent 2",32768,"0x000074663bdb1000",37780,89659616651660,89659616652120
"MEMORY_ALLOCATION","MEMORY_ALLOCATION_ALLOCATE","Agent 2",16384,"0x000074663bdb9000",37782,89659616655340,89659616655830
"MEMORY_ALLOCATION","MEMORY_ALLOCATION_ALLOCATE","Agent 2",8192,"0x00007466475fd000",37784,89659616661480,89659616662620
"MEMORY_ALLOCATION","MEMORY_ALLOCATION_ALLOCATE","Agent 2",8192,"0x000074663bdbd000",37786,89659616666160,89659616666670
"MEMORY_ALLOCATION","MEMORY_ALLOCATION_ALLOCATE","Agent 2",16384,"0x000074663bdbf000",37788,89659616669800,89659616670320
"MEMORY_ALLOCATION","MEMORY_ALLOCATION_ALLOCATE","Agent 2",128,"0x00007466475ff000",37790,89659616673850,89659616674300
"MEMORY_ALLOCATION","MEMORY_ALLOCATION_ALLOCATE","Agent 2",128,"0x000074663bdc3000",37792,89659616677390,89659616677980
"MEMORY_ALLOCATION","MEMORY_ALLOCATION_ALLOCATE","Agent 2",2097152,"0x0000746632a00000",37794,89659616680990,89659616739941
"MEMORY_ALLOCATION","MEMORY_ALLOCATION_ALLOCATE","Agent 2",16384,"0x000074663bdc4000",37796,89659616744401,89659616745011
"MEMORY_ALLOCATION","MEMORY_ALLOCATION_ALLOCATE","Agent 2",16384,"0x000074663bdc8000",37798,89659616748251,89659616748711
"MEMORY_ALLOCATION","MEMORY_ALLOCATION_ALLOCATE","Agent 2",16384,"0x000074663bdcc000",37800,89659616751751,89659616752211
"MEMORY_ALLOCATION","MEMORY_ALLOCATION_ALLOCATE","Agent 2",16384,"0x000074663bdd0000",37802,89659616966595,89659616967575
"MEMORY_ALLOCATION","MEMORY_ALLOCATION_ALLOCATE","Agent 2",49152,"0x000074663bdd4000",37804,89659616971495,89659616972135
"MEMORY_ALLOCATION","MEMORY_ALLOCATION_ALLOCATE","Agent 2",16384,"0x000074663bde0000",37806,89659616975425,89659616975965
"MEMORY_ALLOCATION","MEMORY_ALLOCATION_ALLOCATE","Agent 2",16777216,"0x0000746631800000",37832,89659630326218,89659630401919
"MEMORY_ALLOCATION","MEMORY_ALLOCATION_ALLOCATE","Agent 2",2097152,"0x0000746631400000",37962,89659642596793,89659642703815
"MEMORY_ALLOCATION","MEMORY_ALLOCATION_ALLOCATE","Agent 2",64,"0x000074663bde4000",37980,89659645899768,89659645903928
"MEMORY_ALLOCATION","MEMORY_ALLOCATION_ALLOCATE","Agent 2",476,"0x000074663bde5000",37990,89659646091182,89659646092342
"MEMORY_ALLOCATION","MEMORY_ALLOCATION_ALLOCATE","Agent 2",65536,"0x000074663bde6000",38006,89659647891592,89659647893402
"MEMORY_ALLOCATION","MEMORY_ALLOCATION_ALLOCATE","Agent 2",8192,"0x000074663bdf6000",38016,89659648388240,89659648389770
"MEMORY_ALLOCATION","MEMORY_ALLOCATION_ALLOCATE","Agent 2",64,"0x000074663bdf8000",38026,89659648724776,89659648726036
"MEMORY_ALLOCATION","MEMORY_ALLOCATION_ALLOCATE","Agent 2",476,"0x000074663bdf9000",38036,89659648887008,89659648888128
"MEMORY_ALLOCATION","MEMORY_ALLOCATION_ALLOCATE","Agent 2",65536,"0x0000746631000000",38052,89659650376093,89659650447004
"MEMORY_ALLOCATION","MEMORY_ALLOCATION_ALLOCATE","Agent 2",8192,"0x000074663bdfa000",38062,89659650941913,89659650943623
"MEMORY_ALLOCATION","MEMORY_ALLOCATION_ALLOCATE","Agent 2",64,"0x000074663bdfc000",38072,89659651263298,89659651264608
"MEMORY_ALLOCATION","MEMORY_ALLOCATION_ALLOCATE","Agent 2",476,"0x000074663bdfd000",38082,89659651429541,89659651430541
"MEMORY_ALLOCATION","MEMORY_ALLOCATION_ALLOCATE","Agent 2",8388608,"0x0000746630600000",38098,89659652909146,89659652971147
"MEMORY_ALLOCATION","MEMORY_ALLOCATION_ALLOCATE","Agent 2",1048576,"0x0000746631010000",38164,89659659917683,89659659923943
"MEMORY_ALLOCATION","MEMORY_ALLOCATION_ALLOCATE","Agent 2",64,"0x000074663bdfe000",38174,89659661542360,89659661545110
"MEMORY_ALLOCATION","MEMORY_ALLOCATION_ALLOCATE","Agent 2",476,"0x000074663bdff000",38184,89659661707533,89659661708503
"MEMORY_ALLOCATION","MEMORY_ALLOCATION_ALLOCATE","Agent 2",8388608,"0x000074662fc00000",38200,89659663255418,89659663342060
"MEMORY_ALLOCATION","MEMORY_ALLOCATION_ALLOCATE","Agent 2",2097152,"0x000074662f800000",38266,89659669826868,89659669924520
"MEMORY_ALLOCATION","MEMORY_ALLOCATION_ALLOCATE","Agent 2",64,"0x0000746631110000",38284,89659672135167,89659672137667
"MEMORY_ALLOCATION","MEMORY_ALLOCATION_ALLOCATE","Agent 2",476,"0x0000746631111000",38294,89659672303210,89659672304590
"MEMORY_ALLOCATION","MEMORY_ALLOCATION_ALLOCATE","Agent 2",25165824,"0x000074662de00000",38310,89659673903216,89659673962907
"MEMORY_ALLOCATION","MEMORY_ALLOCATION_ALLOCATE","Agent 2",3145728,"0x000074662d800000",38504,89659691182545,89659691287537
"MEMORY_ALLOCATION","MEMORY_ALLOCATION_ALLOCATE","Agent 2",64,"0x0000746631112000",38530,89659693950722,89659693954552
"MEMORY_ALLOCATION","MEMORY_ALLOCATION_ALLOCATE","Agent 2",476,"0x0000746631113000",38540,89659694135415,89659694136705
"MEMORY_ALLOCATION","MEMORY_ALLOCATION_ALLOCATE","Agent 2",25165824,"0x000074662be00000",38556,89659695699741,89659695772672
"MEMORY_ALLOCATION","MEMORY_ALLOCATION_ALLOCATE","Agent 2",3145728,"0x000074662b800000",38750,89659713493158,89659713608940
"MEMORY_ALLOCATION","MEMORY_ALLOCATION_ALLOCATE","Agent 2",64,"0x0000746631114000",38776,89659722509489,89659722514119
"MEMORY_ALLOCATION","MEMORY_ALLOCATION_ALLOCATE","Agent 2",476,"0x0000746631115000",38786,89659722688642,89659722690072
"MEMORY_ALLOCATION","MEMORY_ALLOCATION_ALLOCATE","Agent 2",25165824,"0x0000746629e00000",38802,89659724257748,89659724335809
"MEMORY_ALLOCATION","MEMORY_ALLOCATION_ALLOCATE","Agent 2",3145728,"0x0000746629800000",38996,89659742330330,89659742430272
"MEMORY_ALLOCATION","MEMORY_ALLOCATION_ALLOCATE","Agent 2",64,"0x0000746631116000",39022,89659746328387,89659746331877
"MEMORY_ALLOCATION","MEMORY_ALLOCATION_ALLOCATE","Agent 2",476,"0x0000746631117000",39032,89659746536091,89659746537411
"MEMORY_ALLOCATION","MEMORY_ALLOCATION_ALLOCATE","Agent 2",128,"0x0000746631118000",39042,89659746720894,89659746722054
"MEMORY_ALLOCATION","MEMORY_ALLOCATION_ALLOCATE","Agent 2",128,"0x0000746631119000",39046,89659746737754,89659746738344
"MEMORY_ALLOCATION","MEMORY_ALLOCATION_ALLOCATE","Agent 2",16384,"0x000074663111a000",39050,89659746751504,89659746752164
"MEMORY_ALLOCATION","MEMORY_ALLOCATION_ALLOCATE","Agent 2",16384,"0x000074663111e000",39054,89659746771244,89659746771975
"MEMORY_ALLOCATION","MEMORY_ALLOCATION_ALLOCATE","Agent 2",512,"0x0000746631122000",39058,89659746791725,89659746792435
"MEMORY_ALLOCATION","MEMORY_ALLOCATION_ALLOCATE","Agent 2",131072,"0x0000746631123000",39062,89659746808315,89659746809275
"MEMORY_ALLOCATION","MEMORY_ALLOCATION_ALLOCATE","Agent 2",131072,"0x0000746631143000",39066,89659746870366,89659746871366
"MEMORY_ALLOCATION","MEMORY_ALLOCATION_ALLOCATE","Agent 2",16384,"0x0000746631163000",39068,89659746874996,89659746875576
"MEMORY_ALLOCATION","MEMORY_ALLOCATION_ALLOCATE","Agent 2",16384,"0x0000746631167000",39070,89659746878916,89659746879356
"MEMORY_ALLOCATION","MEMORY_ALLOCATION_ALLOCATE","Agent 2",32768,"0x000074663116b000",39072,89659746882906,89659746883396
"MEMORY_ALLOCATION","MEMORY_ALLOCATION_ALLOCATE","Agent 2",32768,"0x0000746631173000",39074,89659746886556,89659746887006
"MEMORY_ALLOCATION","MEMORY_ALLOCATION_ALLOCATE","Agent 2",16384,"0x000074663117b000",39076,89659746890036,89659746890867
"MEMORY_ALLOCATION","MEMORY_ALLOCATION_ALLOCATE","Agent 2",8192,"0x000074663117f000",39078,89659746896097,89659746896587
"MEMORY_ALLOCATION","MEMORY_ALLOCATION_ALLOCATE","Agent 2",8192,"0x0000746631181000",39080,89659746899737,89659746900157
"MEMORY_ALLOCATION","MEMORY_ALLOCATION_ALLOCATE","Agent 2",16384,"0x0000746631183000",39082,89659746903177,89659746903627
"MEMORY_ALLOCATION","MEMORY_ALLOCATION_ALLOCATE","Agent 2",128,"0x0000746631187000",39084,89659746906607,89659746907007
"MEMORY_ALLOCATION","MEMORY_ALLOCATION_ALLOCATE","Agent 2",128,"0x0000746631188000",39086,89659746910137,89659746910587
"MEMORY_ALLOCATION","MEMORY_ALLOCATION_ALLOCATE","Agent 2",2097152,"0x0000746629400000",39088,89659746913667,89659746983268
"MEMORY_ALLOCATION","MEMORY_ALLOCATION_ALLOCATE","Agent 2",16384,"0x0000746631189000",39090,89659746987888,89659746988618
"MEMORY_ALLOCATION","MEMORY_ALLOCATION_ALLOCATE","Agent 2",16384,"0x000074663118d000",39092,89659746991868,89659746992348
"MEMORY_ALLOCATION","MEMORY_ALLOCATION_ALLOCATE","Agent 2",16384,"0x0000746631191000",39094,89659746995368,89659746995858
"MEMORY_ALLOCATION","MEMORY_ALLOCATION_ALLOCATE","Agent 2",16384,"0x0000746631195000",39096,89659746999078,89659746999538
"MEMORY_ALLOCATION","MEMORY_ALLOCATION_ALLOCATE","Agent 2",49152,"0x0000746631199000",39098,89659747055389,89659747055919
"MEMORY_ALLOCATION","MEMORY_ALLOCATION_ALLOCATE","Agent 2",16384,"0x00007466311a5000",39100,89659747059539,89659747059969
"MEMORY_ALLOCATION","MEMORY_ALLOCATION_ALLOCATE","Agent 2",16777216,"0x0000746628200000",39126,89659760031906,89659760129498
"MEMORY_ALLOCATION","MEMORY_ALLOCATION_ALLOCATE","Agent 2",2097152,"0x0000746627e00000",39256,89659773095095,89659773194836
"MEMORY_ALLOCATION","MEMORY_ALLOCATION_ALLOCATE","Agent 2",64,"0x00007466311a9000",39274,89659776154976,89659776158986
"MEMORY_ALLOCATION","MEMORY_ALLOCATION_ALLOCATE","Agent 2",476,"0x00007466311aa000",39284,89659776324938,89659776326198
"MEMORY_ALLOCATION","MEMORY_ALLOCATION_ALLOCATE","Agent 2",65536,"0x00007466311ab000",39300,89659777893025,89659777894775
"MEMORY_ALLOCATION","MEMORY_ALLOCATION_ALLOCATE","Agent 2",8192,"0x00007466311bb000",39310,89659778355792,89659778357242
"MEMORY_ALLOCATION","MEMORY_ALLOCATION_ALLOCATE","Agent 2",64,"0x00007466311bd000",39320,89659778646447,89659778647867
"MEMORY_ALLOCATION","MEMORY_ALLOCATION_ALLOCATE","Agent 2",476,"0x00007466311be000",39330,89659778801180,89659778802240
"MEMORY_ALLOCATION","MEMORY_ALLOCATION_ALLOCATE","Agent 2",65536,"0x00007466311bf000",39346,89659780289555,89659780291355
"MEMORY_ALLOCATION","MEMORY_ALLOCATION_ALLOCATE","Agent 2",8192,"0x00007466311cf000",39356,89659780686691,89659780688171
"MEMORY_ALLOCATION","MEMORY_ALLOCATION_ALLOCATE","Agent 2",64,"0x00007466311d1000",39366,89659780986126,89659780987326
"MEMORY_ALLOCATION","MEMORY_ALLOCATION_ALLOCATE","Agent 2",476,"0x00007466311d2000",39376,89659781159479,89659781160689
"MEMORY_ALLOCATION","MEMORY_ALLOCATION_ALLOCATE","Agent 2",8388608,"0x0000746627400000",39392,89659782630784,89659782701145
"MEMORY_ALLOCATION","MEMORY_ALLOCATION_ALLOCATE","Agent 2",1048576,"0x0000746627000000",39458,89659789630461,89659789732793
"MEMORY_ALLOCATION","MEMORY_ALLOCATION_ALLOCATE","Agent 2",64,"0x00007466311d3000",39468,89659791019994,89659791023744
"MEMORY_ALLOCATION","MEMORY_ALLOCATION_ALLOCATE","Agent 2",476,"0x00007466311d4000",39478,89659791179507,89659791181127
"MEMORY_ALLOCATION","MEMORY_ALLOCATION_ALLOCATE","Agent 2",8388608,"0x0000746626600000",39494,89659792753193,89659792810614
"MEMORY_ALLOCATION","MEMORY_ALLOCATION_ALLOCATE","Agent 2",2097152,"0x0000746626200000",39560,89659799364684,89659799461735
"MEMORY_ALLOCATION","MEMORY_ALLOCATION_ALLOCATE","Agent 2",64,"0x00007466311d5000",39578,89659801734043,89659801738113
"MEMORY_ALLOCATION","MEMORY_ALLOCATION_ALLOCATE","Agent 2",476,"0x00007466311d6000",39588,89659801915236,89659801916476
"MEMORY_ALLOCATION","MEMORY_ALLOCATION_ALLOCATE","Agent 2",25165824,"0x0000746624800000",39604,89659803478412,89659803563444
"MEMORY_ALLOCATION","MEMORY_ALLOCATION_ALLOCATE","Agent 2",3145728,"0x0000746624200000",39798,89659821504284,89659821609225
"MEMORY_ALLOCATION","MEMORY_ALLOCATION_ALLOCATE","Agent 2",64,"0x00007466311d7000",39824,89659824381362,89659824386832
"MEMORY_ALLOCATION","MEMORY_ALLOCATION_ALLOCATE","Agent 2",476,"0x00007466311d8000",39834,89659824552505,89659824553975
"MEMORY_ALLOCATION","MEMORY_ALLOCATION_ALLOCATE","Agent 2",25165824,"0x0000746622800000",39850,89659826483397,89659826570748
"MEMORY_ALLOCATION","MEMORY_ALLOCATION_ALLOCATE","Agent 2",3145728,"0x0000746622200000",40044,89659845209310,89659845354312
"MEMORY_ALLOCATION","MEMORY_ALLOCATION_ALLOCATE","Agent 2",64,"0x00007466311d9000",40070,89659853675491,89659853684922
"MEMORY_ALLOCATION","MEMORY_ALLOCATION_ALLOCATE","Agent 2",476,"0x00007466311da000",40080,89659853868285,89659853869555
"MEMORY_ALLOCATION","MEMORY_ALLOCATION_ALLOCATE","Agent 2",25165824,"0x0000746620800000",40096,89659855592523,89659855700915
"MEMORY_ALLOCATION","MEMORY_ALLOCATION_ALLOCATE","Agent 2",3145728,"0x0000746620200000",40290,89659874759664,89659874865396
"MEMORY_ALLOCATION","MEMORY_ALLOCATION_ALLOCATE","Agent 2",64,"0x00007466311db000",40316,89659877602021,89659877610422
"MEMORY_ALLOCATION","MEMORY_ALLOCATION_ALLOCATE","Agent 2",476,"0x00007466311dc000",40326,89659877781014,89659877782624
"MEMORY_ALLOCATION","MEMORY_ALLOCATION_ALLOCATE","Agent 2",128,"0x00007466311dd000",40336,89659877979538,89659877980818
"MEMORY_ALLOCATION","MEMORY_ALLOCATION_ALLOCATE","Agent 2",128,"0x00007466311de000",40340,89659877997258,89659877997958
"MEMORY_ALLOCATION","MEMORY_ALLOCATION_ALLOCATE","Agent 2",16384,"0x00007466311df000",40344,89659878048009,89659878048689
"MEMORY_ALLOCATION","MEMORY_ALLOCATION_ALLOCATE","Agent 2",16384,"0x00007466311e3000",40348,89659878068309,89659878068949
"MEMORY_ALLOCATION","MEMORY_ALLOCATION_ALLOCATE","Agent 2",512,"0x00007466311e7000",40352,89659878088100,89659878088810
"MEMORY_ALLOCATION","MEMORY_ALLOCATION_ALLOCATE","Agent 2",131072,"0x0000746627100000",40356,89659878104050,89659878106190
"MEMORY_ALLOCATION","MEMORY_ALLOCATION_ALLOCATE","Agent 2",131072,"0x0000746627120000",40360,89659878171041,89659878172141
"MEMORY_ALLOCATION","MEMORY_ALLOCATION_ALLOCATE","Agent 2",16384,"0x00007466311e8000",40362,89659878175891,89659878177011
"MEMORY_ALLOCATION","MEMORY_ALLOCATION_ALLOCATE","Agent 2",16384,"0x00007466311ec000",40364,89659878180541,89659878181131
"MEMORY_ALLOCATION","MEMORY_ALLOCATION_ALLOCATE","Agent 2",32768,"0x00007466311f0000",40366,89659878184601,89659878185131
"MEMORY_ALLOCATION","MEMORY_ALLOCATION_ALLOCATE","Agent 2",32768,"0x00007466311f8000",40368,89659878188471,89659878188971
"MEMORY_ALLOCATION","MEMORY_ALLOCATION_ALLOCATE","Agent 2",16384,"0x0000746627140000",40370,89659878192291,89659878192891
"MEMORY_ALLOCATION","MEMORY_ALLOCATION_ALLOCATE","Agent 2",8192,"0x0000746627144000",40372,89659878196211,89659878196691
"MEMORY_ALLOCATION","MEMORY_ALLOCATION_ALLOCATE","Agent 2",8192,"0x0000746627146000",40374,89659878200121,89659878200861
"MEMORY_ALLOCATION","MEMORY_ALLOCATION_ALLOCATE","Agent 2",16384,"0x0000746627148000",40376,89659878205581,89659878206312
"MEMORY_ALLOCATION","MEMORY_ALLOCATION_ALLOCATE","Agent 2",128,"0x000074662714c000",40378,89659878209442,89659878210172
"MEMORY_ALLOCATION","MEMORY_ALLOCATION_ALLOCATE","Agent 2",128,"0x000074662714d000",40380,89659878213762,89659878214242
"MEMORY_ALLOCATION","MEMORY_ALLOCATION_ALLOCATE","Agent 2",2097152,"0x000074661fe00000",40382,89659878217372,89659878314863
"MEMORY_ALLOCATION","MEMORY_ALLOCATION_ALLOCATE","Agent 2",16384,"0x000074662714e000",40384,89659878319373,89659878320123
"MEMORY_ALLOCATION","MEMORY_ALLOCATION_ALLOCATE","Agent 2",16384,"0x0000746627152000",40386,89659878323573,89659878324063
"MEMORY_ALLOCATION","MEMORY_ALLOCATION_ALLOCATE","Agent 2",16384,"0x0000746627156000",40388,89659878327174,89659878327574
"MEMORY_ALLOCATION","MEMORY_ALLOCATION_ALLOCATE","Agent 2",16384,"0x000074662715a000",40390,89659878330724,89659878331144
"MEMORY_ALLOCATION","MEMORY_ALLOCATION_ALLOCATE","Agent 2",49152,"0x000074662715e000",40392,89659878334204,89659878334664
"MEMORY_ALLOCATION","MEMORY_ALLOCATION_ALLOCATE","Agent 2",16384,"0x000074662716a000",40394,89659878337844,89659878338314
"MEMORY_ALLOCATION","MEMORY_ALLOCATION_ALLOCATE","Agent 2",16777216,"0x000074661ec00000",40420,89659892662103,89659892838996
"MEMORY_ALLOCATION","MEMORY_ALLOCATION_ALLOCATE","Agent 2",2097152,"0x000074661e800000",40550,89659905978946,89659906172189
"MEMORY_ALLOCATION","MEMORY_ALLOCATION_ALLOCATE","Agent 2",64,"0x000074662716e000",40568,89659908545169,89659908550949
"MEMORY_ALLOCATION","MEMORY_ALLOCATION_ALLOCATE","Agent 2",476,"0x000074662716f000",40578,89659908727392,89659908728632
"MEMORY_ALLOCATION","MEMORY_ALLOCATION_ALLOCATE","Agent 2",2097152,"0x000074661e400000",40594,89659910353109,89659910465091
"MEMORY_ALLOCATION","MEMORY_ALLOCATION_ALLOCATE","Agent 2",524288,"0x0000746627170000",40612,89659913180916,89659913186836
"MEMORY_ALLOCATION","MEMORY_ALLOCATION_ALLOCATE","Agent 2",64,"0x00007466271f0000",40622,89659914105372,89659914107002
"MEMORY_ALLOCATION","MEMORY_ALLOCATION_ALLOCATE","Agent 2",476,"0x00007466271f1000",40632,89659914292945,89659914294005
"MEMORY_ALLOCATION","MEMORY_ALLOCATION_ALLOCATE","Agent 2",2097152,"0x000074661e000000",40648,89659915878351,89659916060754
"MEMORY_ALLOCATION","MEMORY_ALLOCATION_ALLOCATE","Agent 2",524288,"0x000074661dc00000",40666,89659918623007,89659918701818
"MEMORY_ALLOCATION","MEMORY_ALLOCATION_ALLOCATE","Agent 2",64,"0x00007466271f2000",40676,89659919636894,89659919639954
"MEMORY_ALLOCATION","MEMORY_ALLOCATION_ALLOCATE","Agent 2",476,"0x00007466271f3000",40686,89659919833197,89659919834427
"MEMORY_ALLOCATION","MEMORY_ALLOCATION_ALLOCATE","Agent 2",8388608,"0x000074661d200000",40702,89659921495715,89659921570876
"MEMORY_ALLOCATION","MEMORY_ALLOCATION_ALLOCATE","Agent 2",2097152,"0x000074661ce00000",40768,89659928558233,89659928666685
"MEMORY_ALLOCATION","MEMORY_ALLOCATION_ALLOCATE","Agent 2",64,"0x00007466271f4000",40786,89659931160407,89659931167707
"MEMORY_ALLOCATION","MEMORY_ALLOCATION_ALLOCATE","Agent 2",476,"0x00007466271f5000",40796,89659931345850,89659931347200
"MEMORY_ALLOCATION","MEMORY_ALLOCATION_ALLOCATE","Agent 2",25165824,"0x000074661b400000",40812,89659932998977,89659933145660
"MEMORY_ALLOCATION","MEMORY_ALLOCATION_ALLOCATE","Agent 2",3145728,"0x000074661ae00000",41006,89659951871113,89659951980805
"MEMORY_ALLOCATION","MEMORY_ALLOCATION_ALLOCATE","Agent 2",64,"0x00007466271f6000",41032,89659955020336,89659955028116
"MEMORY_ALLOCATION","MEMORY_ALLOCATION_ALLOCATE","Agent 2",476,"0x00007466271f7000",41042,89659955184078,89659955185248
"MEMORY_ALLOCATION","MEMORY_ALLOCATION_ALLOCATE","Agent 2",25165824,"0x0000746619400000",41058,89659956959238,89659957079540
"MEMORY_ALLOCATION","MEMORY_ALLOCATION_ALLOCATE","Agent 2",3145728,"0x0000746618e00000",41252,89659975525378,89659975724812
"MEMORY_ALLOCATION","MEMORY_ALLOCATION_ALLOCATE","Agent 2",64,"0x00007466271f8000",41278,89659979088958,89659979097558
"MEMORY_ALLOCATION","MEMORY_ALLOCATION_ALLOCATE","Agent 2",476,"0x00007466271f9000",41288,89659979267491,89659979268941
"MEMORY_ALLOCATION","MEMORY_ALLOCATION_ALLOCATE","Agent 2",25165824,"0x0000746617400000",41304,89659981192133,89659981296685
"MEMORY_ALLOCATION","MEMORY_ALLOCATION_ALLOCATE","Agent 2",3145728,"0x0000746616e00000",41498,89660000722009,89660000826481
"MEMORY_ALLOCATION","MEMORY_ALLOCATION_ALLOCATE","Agent 2",64,"0x00007466271fa000",41524,89660003551727,89660003559037
"MEMORY_ALLOCATION","MEMORY_ALLOCATION_ALLOCATE","Agent 2",476,"0x00007466271fb000",41534,89660003726500,89660003727940
"MEMORY_ALLOCATION","MEMORY_ALLOCATION_ALLOCATE","Agent 2",16384,"0x00007466271fc000",41544,89660003952303,89660003953303
"MEMORY_ALLOCATION","MEMORY_ALLOCATION_ALLOCATE","Agent 2",1024,"0x000074661dc80000",41548,89660003976314,89660003978294
"MEMORY_ALLOCATION","MEMORY_ALLOCATION_ALLOCATE","Agent 2",1024,"0x000074661dc81000",41552,89660003993174,89660003993904
"MEMORY_ALLOCATION","MEMORY_ALLOCATION_ALLOCATE","Agent 2",16384,"0x000074661dc82000",41556,89660004046635,89660004047745
"MEMORY_ALLOCATION","MEMORY_ALLOCATION_ALLOCATE","Agent 2",64,"0x000074661dc86000",41560,89660004066975,89660004067555
"MEMORY_ALLOCATION","MEMORY_ALLOCATION_ALLOCATE","Agent 2",16384,"0x000074661dc87000",41562,89660004070995,89660004071595
"MEMORY_ALLOCATION","MEMORY_ALLOCATION_ALLOCATE","Agent 2",16384,"0x000074661dc8b000",41564,89660004075225,89660004076025
"MEMORY_ALLOCATION","MEMORY_ALLOCATION_ALLOCATE","Agent 2",32768,"0x000074661dc8f000",41566,89660004080146,89660004080826
"MEMORY_ALLOCATION","MEMORY_ALLOCATION_ALLOCATE","Agent 2",16384,"0x000074661dc97000",41568,89660004084256,89660004084736
"MEMORY_ALLOCATION","MEMORY_ALLOCATION_ALLOCATE","Agent 2",4096,"0x000074661dc9b000",41570,89660004089306,89660004089966
"MEMORY_ALLOCATION","MEMORY_ALLOCATION_ALLOCATE","Agent 2",4096,"0x000074661dc9c000",41572,89660004093146,89660004093626
"MEMORY_ALLOCATION","MEMORY_ALLOCATION_ALLOCATE","Agent 2",16384,"0x000074661dc9d000",41574,89660004096736,89660004097306
"MEMORY_ALLOCATION","MEMORY_ALLOCATION_ALLOCATE","Agent 2",4096,"0x000074661dca1000",41576,89660004100516,89660004101006
"MEMORY_ALLOCATION","MEMORY_ALLOCATION_ALLOCATE","Agent 2",16384,"0x000074661dca2000",41578,89660004104196,89660004104726
"MEMORY_ALLOCATION","MEMORY_ALLOCATION_ALLOCATE","Agent 2",4096,"0x000074661dca6000",41580,89660004107906,89660004108386
"MEMORY_ALLOCATION","MEMORY_ALLOCATION_ALLOCATE","Agent 2",16777216,"0x0000746615c00000",41582,89660004111606,89660004196158
"MEMORY_ALLOCATION","MEMORY_ALLOCATION_ALLOCATE","Agent 2",16777216,"0x0000746614a00000",41584,89660004200858,89660004248118
"MEMORY_ALLOCATION","MEMORY_ALLOCATION_ALLOCATE","Agent 2",16384,"0x000074661dca7000",41586,89660004252758,89660004253518
"MEMORY_ALLOCATION","MEMORY_ALLOCATION_ALLOCATE","Agent 2",16384,"0x000074661dcab000",41588,89660004257199,89660004257769
"MEMORY_ALLOCATION","MEMORY_ALLOCATION_ALLOCATE","Agent 2",16384,"0x000074661dcaf000",41590,89660004260979,89660004261489
"MEMORY_ALLOCATION","MEMORY_ALLOCATION_ALLOCATE","Agent 2",16384,"0x000074661dcb3000",41592,89660004264749,89660004265229
"MEMORY_ALLOCATION","MEMORY_ALLOCATION_ALLOCATE","Agent 2",49152,"0x000074661dcb7000",41594,89660004268509,89660004269239
"MEMORY_ALLOCATION","MEMORY_ALLOCATION_ALLOCATE","Agent 2",16384,"0x000074661dcc3000",41596,89660004272639,89660004273109
"MEMORY_ALLOCATION","MEMORY_ALLOCATION_ALLOCATE","Agent 2",528384,"0x000074661dcc7000",41598,89660004276939,89660004277469
"MEMORY_ALLOCATION","MEMORY_ALLOCATION_ALLOCATE","Agent 2",508559360,"0x00007465f6200000",41614,89660051765783,89660051906135
"MEMORY_ALLOCATION","MEMORY_ALLOCATION_ALLOCATE","Agent 2",127139840,"0x00007465ee600000",45496,89660407389977,89660407515449
"MEMORY_ALLOCATION","MEMORY_ALLOCATION_ALLOCATE","Agent 2",64,"0x000074661dd48000",46474,89660496553858,89660496562608
"MEMORY_ALLOCATION","MEMORY_ALLOCATION_ALLOCATE","Agent 2",476,"0x000074661dd49000",46484,89660496736081,89660496737371
"MEMORY_ALLOCATION","MEMORY_ALLOCATION_ALLOCATE","Agent 2",16384,"0x000074661dd4a000",46494,89660496925894,89660496926954
"MEMORY_ALLOCATION","MEMORY_ALLOCATION_ALLOCATE","Agent 2",993280,"0x00007465ee200000",46496,89660496930794,89660497081137
"MEMORY_ALLOCATION","MEMORY_ALLOCATION_ALLOCATE","Agent 2",124160,"0x000074661dd4e000",46498,89660497087257,89660497088117
"MEMORY_ALLOCATION","MEMORY_ALLOCATION_ALLOCATE","Agent 2",124160,"0x000074661dd6d000",46500,89660497091777,89660497092367
"MEMORY_ALLOCATION","MEMORY_ALLOCATION_ALLOCATE","Agent 2",16384,"0x000074661dd8c000",46523,89660522676394,89660522683435
"MEMORY_ALLOCATION","MEMORY_ALLOCATION_ALLOCATE","Agent 2",16384,"0x000074661dd90000",46525,89660522690495,89660522691305
"MEMORY_ALLOCATION","MEMORY_ALLOCATION_ALLOCATE","Agent 2",2034237440,"0x0000746574c00000",46531,89660526418367,89660526574170
"MEMORY_ALLOCATION","MEMORY_ALLOCATION_ALLOCATE","Agent 2",16384,"0x000074661dd94000",50413,89661539091526,89661539100046
"MEMORY_ALLOCATION","MEMORY_ALLOCATION_ALLOCATE","Agent 2",2097152,"0x0000746574800000",50424,89661559716490,89661559774511
"MEMORY_ALLOCATION","MEMORY_ALLOCATION_ALLOCATE","Agent 2",4194304,"0x0000746574200000",50426,89661559782932,89661559816402
"MEMORY_ALLOCATION","MEMORY_ALLOCATION_ALLOCATE","Agent 2",2097152,"0x0000746573e00000",50428,89661559820452,89661559864023
"MEMORY_ALLOCATION","MEMORY_ALLOCATION_ALLOCATE","Agent 2",16384,"0x000074661dd98000",50430,89661559868083,89661559870693
"MEMORY_ALLOCATION","MEMORY_ALLOCATION_ALLOCATE","Agent 2",16384,"0x000074661dd9c000",50432,89661559875253,89661559876623
"MEMORY_ALLOCATION","MEMORY_ALLOCATION_ALLOCATE","Agent 2",4194304,"0x0000746573800000",50434,89661559882463,89661559916224
"MEMORY_ALLOCATION","MEMORY_ALLOCATION_ALLOCATE","Agent 2",1048576,"0x00007465ee2f3000",50436,89661559922434,89661559924354
"MEMORY_ALLOCATION","MEMORY_ALLOCATION_ALLOCATE","Agent 2",1048576,"0x0000746573400000",50438,89661559928234,89661559969675
"MEMORY_ALLOCATION","MEMORY_ALLOCATION_ALLOCATE","Agent 2",2097152,"0x0000746573000000",50440,89661559973215,89661560050226
"MEMORY_ALLOCATION","MEMORY_ALLOCATION_ALLOCATE","Agent 2",16384,"0x00007465ee3f3000",50442,89661560054426,89661560055796
"MEMORY_ALLOCATION","MEMORY_ALLOCATION_ALLOCATE","Agent 2",16384,"0x00007465ee3f7000",50444,89661560060396,89661560061376
"MEMORY_ALLOCATION","MEMORY_ALLOCATION_ALLOCATE","Agent 2",2097152,"0x0000746572c00000",50446,89661560064936,89661560099927
"MEMORY_ALLOCATION","MEMORY_ALLOCATION_ALLOCATE","Agent 2",2097152,"0x0000746572800000",50448,89661560103767,89661560135827
"MEMORY_ALLOCATION","MEMORY_ALLOCATION_ALLOCATE","Agent 2",2097152,"0x0000746572400000",50450,89661560139498,89661560170598
"MEMORY_ALLOCATION","MEMORY_ALLOCATION_ALLOCATE","Agent 2",2097152,"0x0000746572000000",50452,89661560173888,89661560210379
"MEMORY_ALLOCATION","MEMORY_ALLOCATION_ALLOCATE","Agent 2",2097152,"0x0000746571c00000",50454,89661560213919,89661560244729
"MEMORY_ALLOCATION","MEMORY_ALLOCATION_ALLOCATE","Agent 2",6291456,"0x0000746571400000",50456,89661560248099,89661560281820
"MEMORY_ALLOCATION","MEMORY_ALLOCATION_ALLOCATE","Agent 2",6291456,"0x0000746570c00000",50458,89661560286470,89661560324631
"MEMORY_ALLOCATION","MEMORY_ALLOCATION_ALLOCATE","Agent 2",6291456,"0x0000746570400000",50460,89661560328031,89661560360771
"MEMORY_ALLOCATION","MEMORY_ALLOCATION_ALLOCATE","Agent 2",2097152,"0x0000746570000000",50462,89661560364071,89661560447533
"MEMORY_ALLOCATION","MEMORY_ALLOCATION_ALLOCATE","Agent 2",2097152,"0x000074656fc00000",50464,89661560455333,89661560498484
"MEMORY_ALLOCATION","MEMORY_ALLOCATION_ALLOCATE","Agent 2",2097152,"0x000074656f800000",50466,89661560508304,89661560553214
"MEMORY_ALLOCATION","MEMORY_ALLOCATION_ALLOCATE","Agent 2",4194304,"0x000074656f200000",50468,89661560557765,89661560598955
"MEMORY_ALLOCATION","MEMORY_ALLOCATION_ALLOCATE","Agent 2",2097152,"0x000074656ee00000",50470,89661560602275,89661560639786
"MEMORY_ALLOCATION","MEMORY_ALLOCATION_ALLOCATE","Agent 2",524288,"0x0000746573500000",50472,89661560642966,89661560643646
"MEMORY_ALLOCATION","MEMORY_ALLOCATION_ALLOCATE","Agent 2",524288,"0x0000746573580000",50474,89661560646506,89661560646936
"MEMORY_ALLOCATION","MEMORY_ALLOCATION_ALLOCATE","Agent 2",2097152,"0x000074656ea00000",50476,89661560649846,89661560701597
"MEMORY_ALLOCATION","MEMORY_ALLOCATION_ALLOCATE","Agent 2",524288,"0x000074656e600000",50478,89661560704927,89661560732227
"MEMORY_ALLOCATION","MEMORY_ALLOCATION_ALLOCATE","Agent 2",2097152,"0x000074656e200000",50480,89661560735628,89661560762498
"MEMORY_ALLOCATION","MEMORY_ALLOCATION_ALLOCATE","Agent 2",2097152,"0x000074656de00000",50482,89661560765648,89661560804589
"MEMORY_ALLOCATION","MEMORY_ALLOCATION_ALLOCATE","Agent 2",2097152,"0x000074656da00000",50484,89661560807819,89661560846699
"MEMORY_ALLOCATION","MEMORY_ALLOCATION_ALLOCATE","Agent 2",2097152,"0x000074656d600000",50486,89661560849969,89661560884010
"MEMORY_ALLOCATION","MEMORY_ALLOCATION_ALLOCATE","Agent 2",6291456,"0x000074656ce00000",50488,89661560887050,89661560923411
"MEMORY_ALLOCATION","MEMORY_ALLOCATION_ALLOCATE","Agent 2",6291456,"0x000074656c600000",50490,89661560926781,89661560967391
"MEMORY_ALLOCATION","MEMORY_ALLOCATION_ALLOCATE","Agent 2",6291456,"0x000074656be00000",50492,89661560970711,89661561037893
"MEMORY_ALLOCATION","MEMORY_ALLOCATION_ALLOCATE","Agent 2",2097152,"0x000074656ba00000",50494,89661561041453,89661561081773
"MEMORY_ALLOCATION","MEMORY_ALLOCATION_ALLOCATE","Agent 2",2097152,"0x000074656b600000",50496,89661561085453,89661561119774
"MEMORY_ALLOCATION","MEMORY_ALLOCATION_ALLOCATE","Agent 2",2097152,"0x000074656b200000",50498,89661561123154,89661561202715
"MEMORY_ALLOCATION","MEMORY_ALLOCATION_FREE","",0,"0x0000746574c00000",133826,89665698914303,89665699210488
"MEMORY_ALLOCATION","MEMORY_ALLOCATION_FREE","",0,"0x000074661dd94000",133828,89665699221209,89665699224899
"MEMORY_ALLOCATION","MEMORY_ALLOCATION_FREE","",0,"0x0000746752336000",133830,89665699232699,89665699235499
"MEMORY_ALLOCATION","MEMORY_ALLOCATION_FREE","",0,"0x000074675233f000",133832,89665699239469,89665699239959
"MEMORY_ALLOCATION","MEMORY_ALLOCATION_FREE","",0,"0x0000746752334000",133834,89665699243479,89665699243959
"MEMORY_ALLOCATION","MEMORY_ALLOCATION_FREE","",0,"0x0000746752335000",133836,89665699247549,89665699248489
"MEMORY_ALLOCATION","MEMORY_ALLOCATION_FREE","",0,"0x000074675233e000",133838,89665699251989,89665699252569
"MEMORY_ALLOCATION","MEMORY_ALLOCATION_FREE","",0,"0x000074675233a000",133840,89665699255889,89665699256499
"MEMORY_ALLOCATION","MEMORY_ALLOCATION_FREE","",0,"0x000074674fe00000",133842,89665699312870,89665699384141
"MEMORY_ALLOCATION","MEMORY_ALLOCATION_FREE","",0,"0x000074674fa00000",133844,89665699390641,89665699391861
"MEMORY_ALLOCATION","MEMORY_ALLOCATION_FREE","",0,"0x0000746752200000",133846,89665699396932,89665699397692
"MEMORY_ALLOCATION","MEMORY_ALLOCATION_FREE","",0,"0x0000746752201000",133848,89665699403102,89665699404002
"MEMORY_ALLOCATION","MEMORY_ALLOCATION_FREE","",0,"0x0000746752202000",133850,89665699455163,89665699455823
"MEMORY_ALLOCATION","MEMORY_ALLOCATION_FREE","",0,"0x0000746752212000",133852,89665699458863,89665699459263
"MEMORY_ALLOCATION","MEMORY_ALLOCATION_FREE","",0,"0x0000746752214000",133854,89665699462343,89665699462703
"MEMORY_ALLOCATION","MEMORY_ALLOCATION_FREE","",0,"0x0000746752215000",133856,89665699475733,89665699476283
"MEMORY_ALLOCATION","MEMORY_ALLOCATION_FREE","",0,"0x0000746752216000",133858,89665699517844,89665699518394
"MEMORY_ALLOCATION","MEMORY_ALLOCATION_FREE","",0,"0x0000746752226000",133860,89665699522674,89665699523014
"MEMORY_ALLOCATION","MEMORY_ALLOCATION_FREE","",0,"0x0000746752228000",133862,89665699526214,89665699526564
"MEMORY_ALLOCATION","MEMORY_ALLOCATION_FREE","",0,"0x0000746752229000",133864,89665699529774,89665699530274
"MEMORY_ALLOCATION","MEMORY_ALLOCATION_FREE","",0,"0x000074674e200000",133866,89665699574475,89665699629075
"MEMORY_ALLOCATION","MEMORY_ALLOCATION_FREE","",0,"0x000074675222a000",133868,89665699637056,89665699637986
"MEMORY_ALLOCATION","MEMORY_ALLOCATION_FREE","",0,"0x000074675232a000",133870,89665699644936,89665699645356
"MEMORY_ALLOCATION","MEMORY_ALLOCATION_FREE","",0,"0x000074675232b000",133872,89665699648986,89665699649396
"MEMORY_ALLOCATION","MEMORY_ALLOCATION_FREE","",0,"0x000074674d800000",133874,89665699692317,89665699745697
"MEMORY_ALLOCATION","MEMORY_ALLOCATION_FREE","",0,"0x000074674d400000",133876,89665699752788,89665699753758
"MEMORY_ALLOCATION","MEMORY_ALLOCATION_FREE","",0,"0x000074675232c000",133878,89665699761988,89665699762638
"MEMORY_ALLOCATION","MEMORY_ALLOCATION_FREE","",0,"0x000074675232d000",133880,89665699765938,89665699766358
"MEMORY_ALLOCATION","MEMORY_ALLOCATION_FREE","",0,"0x000074674ba00000",133882,89665699809488,89665699859799
"MEMORY_ALLOCATION","MEMORY_ALLOCATION_FREE","",0,"0x000074674b400000",133884,89665699864089,89665699916080
"MEMORY_ALLOCATION","MEMORY_ALLOCATION_FREE","",0,"0x000074675232e000",133886,89665699921430,89665699922190
"MEMORY_ALLOCATION","MEMORY_ALLOCATION_FREE","",0,"0x000074675232f000",133888,89665699925700,89665699926050
"MEMORY_ALLOCATION","MEMORY_ALLOCATION_FREE","",0,"0x0000746749a00000",133890,89665699971191,89665700055973
"MEMORY_ALLOCATION","MEMORY_ALLOCATION_FREE","",0,"0x0000746749400000",133892,89665700064573,89665700118074
"MEMORY_ALLOCATION","MEMORY_ALLOCATION_FREE","",0,"0x0000746752330000",133894,89665700123074,89665700124184
"MEMORY_ALLOCATION","MEMORY_ALLOCATION_FREE","",0,"0x0000746752331000",133896,89665700127404,89665700127804
"MEMORY_ALLOCATION","MEMORY_ALLOCATION_FREE","",0,"0x0000746747a00000",133898,89665700163234,89665700211925
"MEMORY_ALLOCATION","MEMORY_ALLOCATION_FREE","",0,"0x0000746747400000",133900,89665700217295,89665700262916
"MEMORY_ALLOCATION","MEMORY_ALLOCATION_FREE","",0,"0x0000746752332000",133902,89665700267056,89665700267636
"MEMORY_ALLOCATION","MEMORY_ALLOCATION_FREE","",0,"0x0000746752333000",133904,89665700270796,89665700271456
"MEMORY_ALLOCATION","MEMORY_ALLOCATION_FREE","",0,"0x000074675235f000",133906,89665700274806,89665700275206
"MEMORY_ALLOCATION","MEMORY_ALLOCATION_FREE","",0,"0x0000746747000000",133908,89665700279066,89665700279756
"MEMORY_ALLOCATION","MEMORY_ALLOCATION_FREE","",0,"0x000074675237f000",133910,89665700282946,89665700283406
"MEMORY_ALLOCATION","MEMORY_ALLOCATION_FREE","",0,"0x0000746752383000",133912,89665700286976,89665700287656
"MEMORY_ALLOCATION","MEMORY_ALLOCATION_FREE","",0,"0x0000746752387000",133914,89665700291777,89665700292127
"MEMORY_ALLOCATION","MEMORY_ALLOCATION_FREE","",0,"0x000074675238f000",133916,89665700296277,89665700296637
"MEMORY_ALLOCATION","MEMORY_ALLOCATION_FREE","",0,"0x0000746752397000",133918,89665700299997,89665700300327
"MEMORY_ALLOCATION","MEMORY_ALLOCATION_FREE","",0,"0x000074675239b000",133920,89665700303557,89665700304027
"MEMORY_ALLOCATION","MEMORY_ALLOCATION_FREE","",0,"0x000074675239d000",133922,89665700306967,89665700307277
"MEMORY_ALLOCATION","MEMORY_ALLOCATION_FREE","",0,"0x000074675239f000",133924,89665700310317,89665700310647
"MEMORY_ALLOCATION","MEMORY_ALLOCATION_FREE","",0,"0x00007467523a3000",133926,89665700313647,89665700313937
"MEMORY_ALLOCATION","MEMORY_ALLOCATION_FREE","",0,"0x00007467523a4000",133928,89665700317837,89665700318257
"MEMORY_ALLOCATION","MEMORY_ALLOCATION_FREE","",0,"0x00007467523a5000",133930,89665700321317,89665700321607
"MEMORY_ALLOCATION","MEMORY_ALLOCATION_FREE","",0,"0x00007467523a9000",133932,89665700325377,89665700325687
"MEMORY_ALLOCATION","MEMORY_ALLOCATION_FREE","",0,"0x00007467523ad000",133934,89665700328607,89665700328887
"MEMORY_ALLOCATION","MEMORY_ALLOCATION_FREE","",0,"0x00007467523b1000",133936,89665700332227,89665700332757
"MEMORY_ALLOCATION","MEMORY_ALLOCATION_FREE","",0,"0x00007467523b5000",133938,89665700335987,89665700336257
"MEMORY_ALLOCATION","MEMORY_ALLOCATION_FREE","",0,"0x00007467523c1000",133940,89665700339417,89665700339697
"MEMORY_ALLOCATION","MEMORY_ALLOCATION_FREE","",0,"0x00007467523fb000",133942,89665700344947,89665700346687
"MEMORY_ALLOCATION","MEMORY_ALLOCATION_FREE","",0,"0x0000746744d04000",133944,89665700351138,89665700352538
"MEMORY_ALLOCATION","MEMORY_ALLOCATION_FREE","",0,"0x00007467523f9000",133946,89665700356438,89665700357198
"MEMORY_ALLOCATION","MEMORY_ALLOCATION_FREE","",0,"0x00007467523fa000",133948,89665700360428,89665700361098
"MEMORY_ALLOCATION","MEMORY_ALLOCATION_FREE","",0,"0x00007467523ff000",133950,89665700364838,89665700365358
"MEMORY_ALLOCATION","MEMORY_ALLOCATION_FREE","",0,"0x0000746744d00000",133952,89665700368878,89665700370288
"MEMORY_ALLOCATION","MEMORY_ALLOCATION_FREE","",0,"0x0000746745e00000",133954,89665700417359,89665700465979
"MEMORY_ALLOCATION","MEMORY_ALLOCATION_FREE","",0,"0x0000746745a00000",133956,89665700473400,89665700474170
"MEMORY_ALLOCATION","MEMORY_ALLOCATION_FREE","",0,"0x00007467523c5000",133958,89665700481110,89665700481880
"MEMORY_ALLOCATION","MEMORY_ALLOCATION_FREE","",0,"0x00007467523c6000",133960,89665700486830,89665700487480
"MEMORY_ALLOCATION","MEMORY_ALLOCATION_FREE","",0,"0x00007467523c7000",133962,89665700530791,89665700531221
"MEMORY_ALLOCATION","MEMORY_ALLOCATION_FREE","",0,"0x00007467523d7000",133964,89665700540171,89665700540561
"MEMORY_ALLOCATION","MEMORY_ALLOCATION_FREE","",0,"0x00007467523d9000",133966,89665700946657,89665700947217
"MEMORY_ALLOCATION","MEMORY_ALLOCATION_FREE","",0,"0x00007467523da000",133968,89665700951838,89665700952438
"MEMORY_ALLOCATION","MEMORY_ALLOCATION_FREE","",0,"0x00007467523db000",133970,89665701114590,89665701115050
"MEMORY_ALLOCATION","MEMORY_ALLOCATION_FREE","",0,"0x00007467523eb000",133972,89665701118510,89665701118900
"MEMORY_ALLOCATION","MEMORY_ALLOCATION_FREE","",0,"0x00007467523ed000",133974,89665701121740,89665701122060
"MEMORY_ALLOCATION","MEMORY_ALLOCATION_FREE","",0,"0x00007467523ee000",133976,89665701133581,89665701134341
"MEMORY_ALLOCATION","MEMORY_ALLOCATION_FREE","",0,"0x0000746745000000",133978,89665701177451,89665701247532
"MEMORY_ALLOCATION","MEMORY_ALLOCATION_FREE","",0,"0x0000746744c00000",133980,89665701254483,89665701255423
"MEMORY_ALLOCATION","MEMORY_ALLOCATION_FREE","",0,"0x00007467523ef000",133982,89665701260553,89665701261183
"MEMORY_ALLOCATION","MEMORY_ALLOCATION_FREE","",0,"0x00007467523f0000",133984,89665701266143,89665701266513
"MEMORY_ALLOCATION","MEMORY_ALLOCATION_FREE","",0,"0x0000746744200000",133986,89665701308953,89665701355714
"MEMORY_ALLOCATION","MEMORY_ALLOCATION_FREE","",0,"0x0000746743e00000",133988,89665701359804,89665701360624
"MEMORY_ALLOCATION","MEMORY_ALLOCATION_FREE","",0,"0x00007467523f1000",133990,89665701363964,89665701364364
"MEMORY_ALLOCATION","MEMORY_ALLOCATION_FREE","",0,"0x00007467523f2000",133992,89665701368114,89665701368564
"MEMORY_ALLOCATION","MEMORY_ALLOCATION_FREE","",0,"0x0000746742400000",133994,89665701409825,89665701456336
"MEMORY_ALLOCATION","MEMORY_ALLOCATION_FREE","",0,"0x0000746741e00000",133996,89665701460276,89665701506537
"MEMORY_ALLOCATION","MEMORY_ALLOCATION_FREE","",0,"0x00007467523f3000",133998,89665701511717,89665701512297
"MEMORY_ALLOCATION","MEMORY_ALLOCATION_FREE","",0,"0x00007467523f4000",134000,89665701516507,89665701516967
"MEMORY_ALLOCATION","MEMORY_ALLOCATION_FREE","",0,"0x0000746740400000",134002,89665701550058,89665701599288
"MEMORY_ALLOCATION","MEMORY_ALLOCATION_FREE","",0,"0x000074673fe00000",134004,89665701606248,89665701655019
"MEMORY_ALLOCATION","MEMORY_ALLOCATION_FREE","",0,"0x00007467523f5000",134006,89665701661539,89665701662129
"MEMORY_ALLOCATION","MEMORY_ALLOCATION_FREE","",0,"0x00007467523f6000",134008,89665701665619,89665701666019
"MEMORY_ALLOCATION","MEMORY_ALLOCATION_FREE","",0,"0x000074673e400000",134010,89665701709640,89665701753721
"MEMORY_ALLOCATION","MEMORY_ALLOCATION_FREE","",0,"0x000074673de00000",134012,89665701758961,89665701800732
"MEMORY_ALLOCATION","MEMORY_ALLOCATION_FREE","",0,"0x00007467523f7000",134014,89665701805092,89665701805682
"MEMORY_ALLOCATION","MEMORY_ALLOCATION_FREE","",0,"0x00007467523f8000",134016,89665701809132,89665701809952
"MEMORY_ALLOCATION","MEMORY_ALLOCATION_FREE","",0,"0x0000746744d24000",134018,89665701814282,89665701814822
"MEMORY_ALLOCATION","MEMORY_ALLOCATION_FREE","",0,"0x000074673da00000",134020,89665701818372,89665701818962
"MEMORY_ALLOCATION","MEMORY_ALLOCATION_FREE","",0,"0x0000746744d44000",134022,89665701822422,89665701822902
"MEMORY_ALLOCATION","MEMORY_ALLOCATION_FREE","",0,"0x0000746744d48000",134024,89665701826282,89665701826712
"MEMORY_ALLOCATION","MEMORY_ALLOCATION_FREE","",0,"0x0000746744d4c000",134026,89665701829712,89665701830182
"MEMORY_ALLOCATION","MEMORY_ALLOCATION_FREE","",0,"0x0000746744d54000",134028,89665701834512,89665701834872
"MEMORY_ALLOCATION","MEMORY_ALLOCATION_FREE","",0,"0x0000746744d5c000",134030,89665701838112,89665701838472
"MEMORY_ALLOCATION","MEMORY_ALLOCATION_FREE","",0,"0x0000746744d60000",134032,89665701841902,89665701842342
"MEMORY_ALLOCATION","MEMORY_ALLOCATION_FREE","",0,"0x0000746744d62000",134034,89665701845682,89665701846123
"MEMORY_ALLOCATION","MEMORY_ALLOCATION_FREE","",0,"0x0000746744d64000",134036,89665701849453,89665701849813
"MEMORY_ALLOCATION","MEMORY_ALLOCATION_FREE","",0,"0x0000746744d68000",134038,89665701852863,89665701853183
"MEMORY_ALLOCATION","MEMORY_ALLOCATION_FREE","",0,"0x0000746744d69000",134040,89665701856283,89665701856623
"MEMORY_ALLOCATION","MEMORY_ALLOCATION_FREE","",0,"0x0000746744d6a000",134042,89665701859563,89665701859973
"MEMORY_ALLOCATION","MEMORY_ALLOCATION_FREE","",0,"0x0000746744d6e000",134044,89665701863893,89665701864153
"MEMORY_ALLOCATION","MEMORY_ALLOCATION_FREE","",0,"0x0000746744d72000",134046,89665701867833,89665701868133
"MEMORY_ALLOCATION","MEMORY_ALLOCATION_FREE","",0,"0x0000746744d76000",134048,89665701871613,89665701872083
"MEMORY_ALLOCATION","MEMORY_ALLOCATION_FREE","",0,"0x0000746744d7a000",134050,89665701876003,89665701876453
"MEMORY_ALLOCATION","MEMORY_ALLOCATION_FREE","",0,"0x0000746744d86000",134052,89665701879533,89665701879863
"MEMORY_ALLOCATION","MEMORY_ALLOCATION_FREE","",0,"0x0000746744dc0000",134054,89665701884293,89665701885163
"MEMORY_ALLOCATION","MEMORY_ALLOCATION_FREE","",0,"0x0000746744dc9000",134056,89665701888853,89665701889313
"MEMORY_ALLOCATION","MEMORY_ALLOCATION_FREE","",0,"0x0000746744dbe000",134058,89665701893433,89665701893993
"MEMORY_ALLOCATION","MEMORY_ALLOCATION_FREE","",0,"0x0000746744dbf000",134060,89665701897203,89665701897733
"MEMORY_ALLOCATION","MEMORY_ALLOCATION_FREE","",0,"0x0000746744dc8000",134062,89665701901293,89665701901733
"MEMORY_ALLOCATION","MEMORY_ALLOCATION_FREE","",0,"0x0000746744dc4000",134064,89665701904763,89665701905283
"MEMORY_ALLOCATION","MEMORY_ALLOCATION_FREE","",0,"0x000074673c800000",134066,89665701953664,89665702039326
"MEMORY_ALLOCATION","MEMORY_ALLOCATION_FREE","",0,"0x000074673c400000",134068,89665702044446,89665702045396
"MEMORY_ALLOCATION","MEMORY_ALLOCATION_FREE","",0,"0x0000746744d8a000",134070,89665702048856,89665702049456
"MEMORY_ALLOCATION","MEMORY_ALLOCATION_FREE","",0,"0x0000746744d8b000",134072,89665702054666,89665702055256
"MEMORY_ALLOCATION","MEMORY_ALLOCATION_FREE","",0,"0x0000746744d8c000",134074,89665702098707,89665702099347
"MEMORY_ALLOCATION","MEMORY_ALLOCATION_FREE","",0,"0x0000746744d9c000",134076,89665702102457,89665702102797
"MEMORY_ALLOCATION","MEMORY_ALLOCATION_FREE","",0,"0x0000746744d9e000",134078,89665702106927,89665702107267
"MEMORY_ALLOCATION","MEMORY_ALLOCATION_FREE","",0,"0x0000746744d9f000",134080,89665702111127,89665702111617
"MEMORY_ALLOCATION","MEMORY_ALLOCATION_FREE","",0,"0x0000746744da0000",134082,89665702157538,89665702158008
"MEMORY_ALLOCATION","MEMORY_ALLOCATION_FREE","",0,"0x0000746744db0000",134084,89665702161588,89665702162118
"MEMORY_ALLOCATION","MEMORY_ALLOCATION_FREE","",0,"0x0000746744db2000",134086,89665702165148,89665702165548
"MEMORY_ALLOCATION","MEMORY_ALLOCATION_FREE","",0,"0x0000746744db3000",134088,89665702168888,89665702169218
"MEMORY_ALLOCATION","MEMORY_ALLOCATION_FREE","",0,"0x000074673ba00000",134090,89665702218549,89665702268140
"MEMORY_ALLOCATION","MEMORY_ALLOCATION_FREE","",0,"0x000074673b600000",134092,89665702275500,89665702276640
"MEMORY_ALLOCATION","MEMORY_ALLOCATION_FREE","",0,"0x0000746744db4000",134094,89665702280000,89665702280480
"MEMORY_ALLOCATION","MEMORY_ALLOCATION_FREE","",0,"0x0000746744db5000",134096,89665702283590,89665702283980
"MEMORY_ALLOCATION","MEMORY_ALLOCATION_FREE","",0,"0x000074673ac00000",134098,89665702325951,89665702370431
"MEMORY_ALLOCATION","MEMORY_ALLOCATION_FREE","",0,"0x000074673a800000",134100,89665702374811,89665702375321
"MEMORY_ALLOCATION","MEMORY_ALLOCATION_FREE","",0,"0x0000746744db6000",134102,89665702378471,89665702378911
"MEMORY_ALLOCATION","MEMORY_ALLOCATION_FREE","",0,"0x0000746744db7000",134104,89665702382171,89665702382591
"MEMORY_ALLOCATION","MEMORY_ALLOCATION_FREE","",0,"0x0000746738e00000",134106,89665702427262,89665702475973
"MEMORY_ALLOCATION","MEMORY_ALLOCATION_FREE","",0,"0x0000746738800000",134108,89665702481013,89665702522854
"MEMORY_ALLOCATION","MEMORY_ALLOCATION_FREE","",0,"0x0000746744db8000",134110,89665702526714,89665702527244
"MEMORY_ALLOCATION","MEMORY_ALLOCATION_FREE","",0,"0x0000746744db9000",134112,89665702530394,89665702530744
"MEMORY_ALLOCATION","MEMORY_ALLOCATION_FREE","",0,"0x0000746736e00000",134114,89665702570905,89665702621265
"MEMORY_ALLOCATION","MEMORY_ALLOCATION_FREE","",0,"0x0000746736200000",134116,89665702628986,89665702673006
"MEMORY_ALLOCATION","MEMORY_ALLOCATION_FREE","",0,"0x0000746744dba000",134118,89665702677046,89665702677586
"MEMORY_ALLOCATION","MEMORY_ALLOCATION_FREE","",0,"0x0000746744dbb000",134120,89665702681016,89665702681386
"MEMORY_ALLOCATION","MEMORY_ALLOCATION_FREE","",0,"0x0000746734800000",134122,89665702724907,89665702769508
"MEMORY_ALLOCATION","MEMORY_ALLOCATION_FREE","",0,"0x0000746734200000",134124,89665702773998,89665702817469
"MEMORY_ALLOCATION","MEMORY_ALLOCATION_FREE","",0,"0x0000746744dbc000",134126,89665702821269,89665702821949
"MEMORY_ALLOCATION","MEMORY_ALLOCATION_FREE","",0,"0x0000746744dbd000",134128,89665702825259,89665702825779
"MEMORY_ALLOCATION","MEMORY_ALLOCATION_FREE","",0,"0x000074673b700000",134130,89665702829719,89665702830509
"MEMORY_ALLOCATION","MEMORY_ALLOCATION_FREE","",0,"0x0000746733e00000",134132,89665702834079,89665702834779
"MEMORY_ALLOCATION","MEMORY_ALLOCATION_FREE","",0,"0x0000746744de9000",134134,89665702838019,89665702838469
"MEMORY_ALLOCATION","MEMORY_ALLOCATION_FREE","",0,"0x0000746744ded000",134136,89665702842609,89665702843019
"MEMORY_ALLOCATION","MEMORY_ALLOCATION_FREE","",0,"0x0000746744df1000",134138,89665702846099,89665702846519
"MEMORY_ALLOCATION","MEMORY_ALLOCATION_FREE","",0,"0x000074673b720000",134140,89665702851339,89665702851799
"MEMORY_ALLOCATION","MEMORY_ALLOCATION_FREE","",0,"0x0000746744df9000",134142,89665702855119,89665702855539
"MEMORY_ALLOCATION","MEMORY_ALLOCATION_FREE","",0,"0x0000746744dfd000",134144,89665702858669,89665702859039
"MEMORY_ALLOCATION","MEMORY_ALLOCATION_FREE","",0,"0x000074673b728000",134146,89665702862369,89665702862909
"MEMORY_ALLOCATION","MEMORY_ALLOCATION_FREE","",0,"0x000074673b72a000",134148,89665703082423,89665703082953
"MEMORY_ALLOCATION","MEMORY_ALLOCATION_FREE","",0,"0x0000746744dff000",134150,89665703086533,89665703087103
"MEMORY_ALLOCATION","MEMORY_ALLOCATION_FREE","",0,"0x000074673b72e000",134152,89665703090283,89665703090723
"MEMORY_ALLOCATION","MEMORY_ALLOCATION_FREE","",0,"0x000074673b72f000",134154,89665703094493,89665703094873
"MEMORY_ALLOCATION","MEMORY_ALLOCATION_FREE","",0,"0x000074673b733000",134156,89665703098273,89665703098863
"MEMORY_ALLOCATION","MEMORY_ALLOCATION_FREE","",0,"0x000074673b737000",134158,89665703102553,89665703102863
"MEMORY_ALLOCATION","MEMORY_ALLOCATION_FREE","",0,"0x000074673b73b000",134160,89665703105763,89665703106263
"MEMORY_ALLOCATION","MEMORY_ALLOCATION_FREE","",0,"0x000074673b73f000",134162,89665703109404,89665703109724
"MEMORY_ALLOCATION","MEMORY_ALLOCATION_FREE","",0,"0x000074673b74b000",134164,89665703113054,89665703113654
"MEMORY_ALLOCATION","MEMORY_ALLOCATION_FREE","",0,"0x000074673b7dd000",134166,89665703119044,89665703120014
"MEMORY_ALLOCATION","MEMORY_ALLOCATION_FREE","",0,"0x000074673b7e1000",134168,89665703123464,89665703124034
"MEMORY_ALLOCATION","MEMORY_ALLOCATION_FREE","",0,"0x000074673b7e2000",134170,89665703127234,89665703127624
"MEMORY_ALLOCATION","MEMORY_ALLOCATION_FREE","",0,"0x000074673b7e3000",134172,89665703131174,89665703131564
"MEMORY_ALLOCATION","MEMORY_ALLOCATION_FREE","",0,"0x0000746732c00000",134174,89665703190785,89665703240316
"MEMORY_ALLOCATION","MEMORY_ALLOCATION_FREE","",0,"0x0000746732800000",134176,89665703244456,89665703245086
"MEMORY_ALLOCATION","MEMORY_ALLOCATION_FREE","",0,"0x000074673b74f000",134178,89665703248366,89665703248786
"MEMORY_ALLOCATION","MEMORY_ALLOCATION_FREE","",0,"0x000074673b750000",134180,89665703260536,89665703261116
"MEMORY_ALLOCATION","MEMORY_ALLOCATION_FREE","",0,"0x0000746732400000",134182,89665703299957,89665703300497
"MEMORY_ALLOCATION","MEMORY_ALLOCATION_FREE","",0,"0x000074673b751000",134184,89665703303777,89665703304167
"MEMORY_ALLOCATION","MEMORY_ALLOCATION_FREE","",0,"0x000074673b7d1000",134186,89665703307367,89665703307737
"MEMORY_ALLOCATION","MEMORY_ALLOCATION_FREE","",0,"0x000074673b7d2000",134188,89665703310927,89665703311287
"MEMORY_ALLOCATION","MEMORY_ALLOCATION_FREE","",0,"0x0000746732000000",134190,89665703349548,89665703350778
"MEMORY_ALLOCATION","MEMORY_ALLOCATION_FREE","",0,"0x0000746731c00000",134192,89665703355048,89665703356578
"MEMORY_ALLOCATION","MEMORY_ALLOCATION_FREE","",0,"0x000074673b7d3000",134194,89665703359648,89665703360188
"MEMORY_ALLOCATION","MEMORY_ALLOCATION_FREE","",0,"0x000074673b7d4000",134196,89665703363638,89665703364048
"MEMORY_ALLOCATION","MEMORY_ALLOCATION_FREE","",0,"0x0000746731200000",134198,89665703406079,89665703453829
"MEMORY_ALLOCATION","MEMORY_ALLOCATION_FREE","",0,"0x0000746730e00000",134200,89665703457889,89665703458409
"MEMORY_ALLOCATION","MEMORY_ALLOCATION_FREE","",0,"0x000074673b7d5000",134202,89665703461729,89665703462289
"MEMORY_ALLOCATION","MEMORY_ALLOCATION_FREE","",0,"0x000074673b7d6000",134204,89665703465590,89665703465940
"MEMORY_ALLOCATION","MEMORY_ALLOCATION_FREE","",0,"0x000074672f400000",134206,89665703508390,89665703553681
"MEMORY_ALLOCATION","MEMORY_ALLOCATION_FREE","",0,"0x000074672ee00000",134208,89665703558461,89665703601312
"MEMORY_ALLOCATION","MEMORY_ALLOCATION_FREE","",0,"0x000074673b7d7000",134210,89665703605182,89665703605852
"MEMORY_ALLOCATION","MEMORY_ALLOCATION_FREE","",0,"0x000074673b7d8000",134212,89665703609132,89665703609492
"MEMORY_ALLOCATION","MEMORY_ALLOCATION_FREE","",0,"0x000074672d400000",134214,89665703648573,89665703696583
"MEMORY_ALLOCATION","MEMORY_ALLOCATION_FREE","",0,"0x000074672ce00000",134216,89665703702153,89665703749474
"MEMORY_ALLOCATION","MEMORY_ALLOCATION_FREE","",0,"0x000074673b7d9000",134218,89665703753254,89665703753854
"MEMORY_ALLOCATION","MEMORY_ALLOCATION_FREE","",0,"0x000074673b7da000",134220,89665703757074,89665703757394
"MEMORY_ALLOCATION","MEMORY_ALLOCATION_FREE","",0,"0x000074672b400000",134222,89665703799865,89665703847626
"MEMORY_ALLOCATION","MEMORY_ALLOCATION_FREE","",0,"0x000074672ae00000",134224,89665703852976,89665703894007
"MEMORY_ALLOCATION","MEMORY_ALLOCATION_FREE","",0,"0x000074673b7db000",134226,89665703898317,89665703898907
"MEMORY_ALLOCATION","MEMORY_ALLOCATION_FREE","",0,"0x000074673b7dc000",134228,89665703901977,89665703902447
"MEMORY_ALLOCATION","MEMORY_ALLOCATION_FREE","",0,"0x000074673b7e7000",134230,89665703905777,89665703906347
"MEMORY_ALLOCATION","MEMORY_ALLOCATION_FREE","",0,"0x000074673b7e8000",134232,89665703909387,89665703909767
"MEMORY_ALLOCATION","MEMORY_ALLOCATION_FREE","",0,"0x000074673b7ec000",134234,89665703913397,89665703913787
"MEMORY_ALLOCATION","MEMORY_ALLOCATION_FREE","",0,"0x000074673b7f0000",134236,89665703916877,89665703917187
"MEMORY_ALLOCATION","MEMORY_ALLOCATION_FREE","",0,"0x000074673b7f8000",134238,89665703920347,89665703920777
"MEMORY_ALLOCATION","MEMORY_ALLOCATION_FREE","",0,"0x000074673b7fc000",134240,89665703923937,89665703924307
"MEMORY_ALLOCATION","MEMORY_ALLOCATION_FREE","",0,"0x000074673b7fd000",134242,89665703927657,89665703928027
"MEMORY_ALLOCATION","MEMORY_ALLOCATION_FREE","",0,"0x0000746731c80000",134244,89665703932407,89665703933487
"MEMORY_ALLOCATION","MEMORY_ALLOCATION_FREE","",0,"0x000074673b7fe000",134246,89665703936847,89665703937247
"MEMORY_ALLOCATION","MEMORY_ALLOCATION_FREE","",0,"0x0000746731c84000",134248,89665703940367,89665703940788
"MEMORY_ALLOCATION","MEMORY_ALLOCATION_FREE","",0,"0x000074673b7ff000",134250,89665703943848,89665703944318
"MEMORY_ALLOCATION","MEMORY_ALLOCATION_FREE","",0,"0x0000746729c00000",134252,89665703948158,89665703992188
"MEMORY_ALLOCATION","MEMORY_ALLOCATION_FREE","",0,"0x0000746728a00000",134254,89665703996268,89665704079470
"MEMORY_ALLOCATION","MEMORY_ALLOCATION_FREE","",0,"0x0000746731c88000",134256,89665704084010,89665704084640
"MEMORY_ALLOCATION","MEMORY_ALLOCATION_FREE","",0,"0x0000746731c8c000",134258,89665704088130,89665704088520
"MEMORY_ALLOCATION","MEMORY_ALLOCATION_FREE","",0,"0x0000746731c90000",134260,89665704091440,89665704092000
"MEMORY_ALLOCATION","MEMORY_ALLOCATION_FREE","",0,"0x0000746731c94000",134262,89665704095070,89665704095470
"MEMORY_ALLOCATION","MEMORY_ALLOCATION_FREE","",0,"0x0000746731c98000",134264,89665704099620,89665704100020
"MEMORY_ALLOCATION","MEMORY_ALLOCATION_FREE","",0,"0x0000746731ca4000",134266,89665704103300,89665704103600
"MEMORY_ALLOCATION","MEMORY_ALLOCATION_FREE","",0,"0x0000746731ca8000",134268,89665704106910,89665704107690
"MEMORY_ALLOCATION","MEMORY_ALLOCATION_FREE","",0,"0x0000746731d5f000",134270,89665704112980,89665704114560
"MEMORY_ALLOCATION","MEMORY_ALLOCATION_FREE","",0,"0x0000746731d68000",134272,89665704118220,89665704118840
"MEMORY_ALLOCATION","MEMORY_ALLOCATION_FREE","",0,"0x0000746731d5d000",134274,89665704122941,89665704123621
"MEMORY_ALLOCATION","MEMORY_ALLOCATION_FREE","",0,"0x0000746731d5e000",134276,89665704126931,89665704127631
"MEMORY_ALLOCATION","MEMORY_ALLOCATION_FREE","",0,"0x0000746731d67000",134278,89665704131021,89665704131501
"MEMORY_ALLOCATION","MEMORY_ALLOCATION_FREE","",0,"0x0000746731d63000",134280,89665704134991,89665704135671
"MEMORY_ALLOCATION","MEMORY_ALLOCATION_FREE","",0,"0x0000746727800000",134282,89665704183242,89665704232212
"MEMORY_ALLOCATION","MEMORY_ALLOCATION_FREE","",0,"0x0000746727400000",134284,89665704236422,89665704237042
"MEMORY_ALLOCATION","MEMORY_ALLOCATION_FREE","",0,"0x0000746731d29000",134286,89665704241203,89665704241663
"MEMORY_ALLOCATION","MEMORY_ALLOCATION_FREE","",0,"0x0000746731d2a000",134288,89665704248483,89665704248983
"MEMORY_ALLOCATION","MEMORY_ALLOCATION_FREE","",0,"0x0000746731d2b000",134290,89665704282113,89665704282463
"MEMORY_ALLOCATION","MEMORY_ALLOCATION_FREE","",0,"0x0000746731d3b000",134292,89665704285713,89665704286183
"MEMORY_ALLOCATION","MEMORY_ALLOCATION_FREE","",0,"0x0000746731d3d000",134294,89665704289253,89665704289563
"MEMORY_ALLOCATION","MEMORY_ALLOCATION_FREE","",0,"0x0000746731d3e000",134296,89665704293433,89665704293833
"MEMORY_ALLOCATION","MEMORY_ALLOCATION_FREE","",0,"0x0000746731d3f000",134298,89665704329794,89665704330134
"MEMORY_ALLOCATION","MEMORY_ALLOCATION_FREE","",0,"0x0000746731d4f000",134300,89665704333454,89665704333934
"MEMORY_ALLOCATION","MEMORY_ALLOCATION_FREE","",0,"0x0000746731d51000",134302,89665704339744,89665704340044
"MEMORY_ALLOCATION","MEMORY_ALLOCATION_FREE","",0,"0x0000746731d52000",134304,89665704343184,89665704343514
"MEMORY_ALLOCATION","MEMORY_ALLOCATION_FREE","",0,"0x0000746726a00000",134306,89665704387715,89665704439866
"MEMORY_ALLOCATION","MEMORY_ALLOCATION_FREE","",0,"0x0000746726600000",134308,89665704445996,89665704447636
"MEMORY_ALLOCATION","MEMORY_ALLOCATION_FREE","",0,"0x0000746731d53000",134310,89665704451116,89665704451586
"MEMORY_ALLOCATION","MEMORY_ALLOCATION_FREE","",0,"0x0000746731d54000",134312,89665704454766,89665704455236
"MEMORY_ALLOCATION","MEMORY_ALLOCATION_FREE","",0,"0x0000746725c00000",134314,89665704498187,89665704547988
"MEMORY_ALLOCATION","MEMORY_ALLOCATION_FREE","",0,"0x0000746725800000",134316,89665704552618,89665704553258
"MEMORY_ALLOCATION","MEMORY_ALLOCATION_FREE","",0,"0x0000746731d55000",134318,89665704556628,89665704557088
"MEMORY_ALLOCATION","MEMORY_ALLOCATION_FREE","",0,"0x0000746731d56000",134320,89665704560908,89665704561338
"MEMORY_ALLOCATION","MEMORY_ALLOCATION_FREE","",0,"0x0000746723e00000",134322,89665704608239,89665704656460
"MEMORY_ALLOCATION","MEMORY_ALLOCATION_FREE","",0,"0x0000746723800000",134324,89665704660730,89665704706940
"MEMORY_ALLOCATION","MEMORY_ALLOCATION_FREE","",0,"0x0000746731d57000",134326,89665704712070,89665704712590
"MEMORY_ALLOCATION","MEMORY_ALLOCATION_FREE","",0,"0x0000746731d58000",134328,89665704715851,89665704716281
"MEMORY_ALLOCATION","MEMORY_ALLOCATION_FREE","",0,"0x0000746721e00000",134330,89665704757261,89665704803552
"MEMORY_ALLOCATION","MEMORY_ALLOCATION_FREE","",0,"0x0000746721800000",134332,89665704809712,89665704855783
"MEMORY_ALLOCATION","MEMORY_ALLOCATION_FREE","",0,"0x0000746731d59000",134334,89665704859713,89665704860343
"MEMORY_ALLOCATION","MEMORY_ALLOCATION_FREE","",0,"0x0000746731d5a000",134336,89665704863483,89665704863833
"MEMORY_ALLOCATION","MEMORY_ALLOCATION_FREE","",0,"0x000074671fe00000",134338,89665704905844,89665704957265
"MEMORY_ALLOCATION","MEMORY_ALLOCATION_FREE","",0,"0x000074671f800000",134340,89665704962145,89665705039846
"MEMORY_ALLOCATION","MEMORY_ALLOCATION_FREE","",0,"0x0000746731d5b000",134342,89665705044016,89665705044676
"MEMORY_ALLOCATION","MEMORY_ALLOCATION_FREE","",0,"0x0000746731d5c000",134344,89665705048146,89665705048616
"MEMORY_ALLOCATION","MEMORY_ALLOCATION_FREE","",0,"0x0000746731d88000",134346,89665705052276,89665705052636
"MEMORY_ALLOCATION","MEMORY_ALLOCATION_FREE","",0,"0x000074671f400000",134348,89665705055936,89665705057916
"MEMORY_ALLOCATION","MEMORY_ALLOCATION_FREE","",0,"0x0000746731da8000",134350,89665705060876,89665705061376
"MEMORY_ALLOCATION","MEMORY_ALLOCATION_FREE","",0,"0x0000746731dac000",134352,89665705064416,89665705064816
"MEMORY_ALLOCATION","MEMORY_ALLOCATION_FREE","",0,"0x0000746731db0000",134354,89665705067826,89665705068226
"MEMORY_ALLOCATION","MEMORY_ALLOCATION_FREE","",0,"0x0000746731db8000",134356,89665705072416,89665705072736
"MEMORY_ALLOCATION","MEMORY_ALLOCATION_FREE","",0,"0x0000746731dc0000",134358,89665705075857,89665705076217
"MEMORY_ALLOCATION","MEMORY_ALLOCATION_FREE","",0,"0x0000746731dc4000",134360,89665705079347,89665705079657
"MEMORY_ALLOCATION","MEMORY_ALLOCATION_FREE","",0,"0x0000746731dc6000",134362,89665705082647,89665705082967
"MEMORY_ALLOCATION","MEMORY_ALLOCATION_FREE","",0,"0x0000746731dc8000",134364,89665705085987,89665705086287
"MEMORY_ALLOCATION","MEMORY_ALLOCATION_FREE","",0,"0x0000746731dcc000",134366,89665705089747,89665705090137
"MEMORY_ALLOCATION","MEMORY_ALLOCATION_FREE","",0,"0x0000746731dcd000",134368,89665705093077,89665705093387
"MEMORY_ALLOCATION","MEMORY_ALLOCATION_FREE","",0,"0x0000746731dce000",134370,89665705096867,89665705097437
"MEMORY_ALLOCATION","MEMORY_ALLOCATION_FREE","",0,"0x0000746731dd2000",134372,89665705101427,89665705101707
"MEMORY_ALLOCATION","MEMORY_ALLOCATION_FREE","",0,"0x0000746731dd6000",134374,89665705105177,89665705105587
"MEMORY_ALLOCATION","MEMORY_ALLOCATION_FREE","",0,"0x0000746731dda000",134376,89665705108697,89665705108997
"MEMORY_ALLOCATION","MEMORY_ALLOCATION_FREE","",0,"0x0000746731dde000",134378,89665705112597,89665705112947
"MEMORY_ALLOCATION","MEMORY_ALLOCATION_FREE","",0,"0x0000746731dea000",134380,89665705116037,89665705116387
"MEMORY_ALLOCATION","MEMORY_ALLOCATION_FREE","",0,"0x0000746726724000",134382,89665705122107,89665705123237
"MEMORY_ALLOCATION","MEMORY_ALLOCATION_FREE","",0,"0x000074672672d000",134384,89665705126737,89665705128297
"MEMORY_ALLOCATION","MEMORY_ALLOCATION_FREE","",0,"0x0000746726722000",134386,89665705132187,89665705132957
"MEMORY_ALLOCATION","MEMORY_ALLOCATION_FREE","",0,"0x0000746726723000",134388,89665705136758,89665705137538
"MEMORY_ALLOCATION","MEMORY_ALLOCATION_FREE","",0,"0x000074672672c000",134390,89665705140938,89665705141448
"MEMORY_ALLOCATION","MEMORY_ALLOCATION_FREE","",0,"0x0000746726728000",134392,89665705144428,89665705145068
"MEMORY_ALLOCATION","MEMORY_ALLOCATION_FREE","",0,"0x000074671e200000",134394,89665705189838,89665705235559
"MEMORY_ALLOCATION","MEMORY_ALLOCATION_FREE","",0,"0x000074671de00000",134396,89665705239489,89665705240249
"MEMORY_ALLOCATION","MEMORY_ALLOCATION_FREE","",0,"0x0000746731dee000",134398,89665705245479,89665705246039
"MEMORY_ALLOCATION","MEMORY_ALLOCATION_FREE","",0,"0x0000746731def000",134400,89665705249249,89665705249659
"MEMORY_ALLOCATION","MEMORY_ALLOCATION_FREE","",0,"0x0000746731df0000",134402,89665705280170,89665705280700
"MEMORY_ALLOCATION","MEMORY_ALLOCATION_FREE","",0,"0x0000746726700000",134404,89665705284620,89665705285180
"MEMORY_ALLOCATION","MEMORY_ALLOCATION_FREE","",0,"0x0000746726702000",134406,89665705288800,89665705289220
"MEMORY_ALLOCATION","MEMORY_ALLOCATION_FREE","",0,"0x0000746726703000",134408,89665705292340,89665705292800
"MEMORY_ALLOCATION","MEMORY_ALLOCATION_FREE","",0,"0x0000746726704000",134410,89665705329831,89665705330241
"MEMORY_ALLOCATION","MEMORY_ALLOCATION_FREE","",0,"0x0000746726714000",134412,89665705333831,89665705334211
"MEMORY_ALLOCATION","MEMORY_ALLOCATION_FREE","",0,"0x0000746726716000",134414,89665705337471,89665705337801
"MEMORY_ALLOCATION","MEMORY_ALLOCATION_FREE","",0,"0x0000746726717000",134416,89665705341811,89665705342311
"MEMORY_ALLOCATION","MEMORY_ALLOCATION_FREE","",0,"0x000074671d400000",134418,89665705385222,89665705432472
"MEMORY_ALLOCATION","MEMORY_ALLOCATION_FREE","",0,"0x000074671d000000",134420,89665705439623,89665705440243
"MEMORY_ALLOCATION","MEMORY_ALLOCATION_FREE","",0,"0x0000746726718000",134422,89665705443553,89665705444083
"MEMORY_ALLOCATION","MEMORY_ALLOCATION_FREE","",0,"0x0000746726719000",134424,89665705447203,89665705447893
"MEMORY_ALLOCATION","MEMORY_ALLOCATION_FREE","",0,"0x000074671c600000",134426,89665705498454,89665705547834
"MEMORY_ALLOCATION","MEMORY_ALLOCATION_FREE","",0,"0x000074671c200000",134428,89665705553124,89665705553804
"MEMORY_ALLOCATION","MEMORY_ALLOCATION_FREE","",0,"0x000074672671a000",134430,89665705557505,89665705557965
"MEMORY_ALLOCATION","MEMORY_ALLOCATION_FREE","",0,"0x000074672671b000",134432,89665705561545,89665705562045
"MEMORY_ALLOCATION","MEMORY_ALLOCATION_FREE","",0,"0x000074671a800000",134434,89665705602095,89665705653746
"MEMORY_ALLOCATION","MEMORY_ALLOCATION_FREE","",0,"0x000074671a200000",134436,89665705657546,89665705700177
"MEMORY_ALLOCATION","MEMORY_ALLOCATION_FREE","",0,"0x000074672671c000",134438,89665705706727,89665705707347
"MEMORY_ALLOCATION","MEMORY_ALLOCATION_FREE","",0,"0x000074672671d000",134440,89665705710537,89665705711037
"MEMORY_ALLOCATION","MEMORY_ALLOCATION_FREE","",0,"0x0000746718800000",134442,89665705747738,89665705796239
"MEMORY_ALLOCATION","MEMORY_ALLOCATION_FREE","",0,"0x0000746718200000",134444,89665705800579,89665705847729
"MEMORY_ALLOCATION","MEMORY_ALLOCATION_FREE","",0,"0x000074672671e000",134446,89665705851859,89665705852429
"MEMORY_ALLOCATION","MEMORY_ALLOCATION_FREE","",0,"0x000074672671f000",134448,89665705856320,89665705856690
"MEMORY_ALLOCATION","MEMORY_ALLOCATION_FREE","",0,"0x0000746715c00000",134450,89665705907410,89665705955631
"MEMORY_ALLOCATION","MEMORY_ALLOCATION_FREE","",0,"0x0000746715600000",134452,89665705959261,89665706039743
"MEMORY_ALLOCATION","MEMORY_ALLOCATION_FREE","",0,"0x0000746726720000",134454,89665706047333,89665706047923
"MEMORY_ALLOCATION","MEMORY_ALLOCATION_FREE","",0,"0x0000746726721000",134456,89665706051293,89665706051833
"MEMORY_ALLOCATION","MEMORY_ALLOCATION_FREE","",0,"0x000074672674d000",134458,89665706055393,89665706055763
"MEMORY_ALLOCATION","MEMORY_ALLOCATION_FREE","",0,"0x0000746715200000",134460,89665706059073,89665706059423
"MEMORY_ALLOCATION","MEMORY_ALLOCATION_FREE","",0,"0x000074672676d000",134462,89665706062633,89665706063123
"MEMORY_ALLOCATION","MEMORY_ALLOCATION_FREE","",0,"0x0000746726771000",134464,89665706066453,89665706066843
"MEMORY_ALLOCATION","MEMORY_ALLOCATION_FREE","",0,"0x0000746726775000",134466,89665706070093,89665706070463
"MEMORY_ALLOCATION","MEMORY_ALLOCATION_FREE","",0,"0x000074672677d000",134468,89665706074513,89665706074803
"MEMORY_ALLOCATION","MEMORY_ALLOCATION_FREE","",0,"0x0000746726785000",134470,89665706077783,89665706078163
"MEMORY_ALLOCATION","MEMORY_ALLOCATION_FREE","",0,"0x0000746726789000",134472,89665706081243,89665706081593
"MEMORY_ALLOCATION","MEMORY_ALLOCATION_FREE","",0,"0x000074672678b000",134474,89665706084573,89665706085023
"MEMORY_ALLOCATION","MEMORY_ALLOCATION_FREE","",0,"0x000074672678d000",134476,89665706088193,89665706088493
"MEMORY_ALLOCATION","MEMORY_ALLOCATION_FREE","",0,"0x0000746726791000",134478,89665706091403,89665706091823
"MEMORY_ALLOCATION","MEMORY_ALLOCATION_FREE","",0,"0x0000746726792000",134480,89665706095834,89665706096154
"MEMORY_ALLOCATION","MEMORY_ALLOCATION_FREE","",0,"0x0000746726793000",134482,89665706099254,89665706099604
"MEMORY_ALLOCATION","MEMORY_ALLOCATION_FREE","",0,"0x0000746726797000",134484,89665706104304,89665706104614
"MEMORY_ALLOCATION","MEMORY_ALLOCATION_FREE","",0,"0x000074672679b000",134486,89665706107644,89665706107974
"MEMORY_ALLOCATION","MEMORY_ALLOCATION_FREE","",0,"0x000074672679f000",134488,89665706111444,89665706111774
"MEMORY_ALLOCATION","MEMORY_ALLOCATION_FREE","",0,"0x00007467267a3000",134490,89665706114764,89665706115174
"MEMORY_ALLOCATION","MEMORY_ALLOCATION_FREE","",0,"0x00007467267af000",134492,89665706118184,89665706118484
"MEMORY_ALLOCATION","MEMORY_ALLOCATION_FREE","",0,"0x00007467267e9000",134494,89665706123154,89665706123804
"MEMORY_ALLOCATION","MEMORY_ALLOCATION_FREE","",0,"0x000074670c000000",134496,89665706128224,89665706129464
"MEMORY_ALLOCATION","MEMORY_ALLOCATION_FREE","",0,"0x00007467267e7000",134498,89665706341128,89665706341738
"MEMORY_ALLOCATION","MEMORY_ALLOCATION_FREE","",0,"0x00007467267e8000",134500,89665706345738,89665706346318
"MEMORY_ALLOCATION","MEMORY_ALLOCATION_FREE","",0,"0x00007467267f1000",134502,89665706349818,89665706350278
"MEMORY_ALLOCATION","MEMORY_ALLOCATION_FREE","",0,"0x00007467267ed000",134504,89665706353488,89665706354038
"MEMORY_ALLOCATION","MEMORY_ALLOCATION_FREE","",0,"0x0000746714000000",134506,89665706410609,89665706459800
"MEMORY_ALLOCATION","MEMORY_ALLOCATION_FREE","",0,"0x0000746713c00000",134508,89665706464300,89665706464840
"MEMORY_ALLOCATION","MEMORY_ALLOCATION_FREE","",0,"0x00007467267b3000",134510,89665706475870,89665706476470
"MEMORY_ALLOCATION","MEMORY_ALLOCATION_FREE","",0,"0x00007467267b4000",134512,89665706479780,89665706480150
"MEMORY_ALLOCATION","MEMORY_ALLOCATION_FREE","",0,"0x00007467267b5000",134514,89665706520371,89665706520801
"MEMORY_ALLOCATION","MEMORY_ALLOCATION_FREE","",0,"0x00007467267c5000",134516,89665706524641,89665706524971
"MEMORY_ALLOCATION","MEMORY_ALLOCATION_FREE","",0,"0x00007467267c7000",134518,89665706527931,89665706528281
"MEMORY_ALLOCATION","MEMORY_ALLOCATION_FREE","",0,"0x00007467267c8000",134520,89665706532311,89665706532651
"MEMORY_ALLOCATION","MEMORY_ALLOCATION_FREE","",0,"0x00007467267c9000",134522,89665706572732,89665706573122
"MEMORY_ALLOCATION","MEMORY_ALLOCATION_FREE","",0,"0x00007467267d9000",134524,89665706577062,89665706577422
"MEMORY_ALLOCATION","MEMORY_ALLOCATION_FREE","",0,"0x00007467267db000",134526,89665706580992,89665706581412
"MEMORY_ALLOCATION","MEMORY_ALLOCATION_FREE","",0,"0x00007467267dc000",134528,89665706584902,89665706585192
"MEMORY_ALLOCATION","MEMORY_ALLOCATION_FREE","",0,"0x0000746713200000",134530,89665706618792,89665706664943
"MEMORY_ALLOCATION","MEMORY_ALLOCATION_FREE","",0,"0x000074671d100000",134532,89665706669273,89665706669913
"MEMORY_ALLOCATION","MEMORY_ALLOCATION_FREE","",0,"0x00007467267dd000",134534,89665706673523,89665706673973
"MEMORY_ALLOCATION","MEMORY_ALLOCATION_FREE","",0,"0x00007467267de000",134536,89665706677083,89665706677403
"MEMORY_ALLOCATION","MEMORY_ALLOCATION_FREE","",0,"0x0000746712800000",134538,89665706713694,89665706758085
"MEMORY_ALLOCATION","MEMORY_ALLOCATION_FREE","",0,"0x0000746712400000",134540,89665706762295,89665706762775
"MEMORY_ALLOCATION","MEMORY_ALLOCATION_FREE","",0,"0x00007467267df000",134542,89665706768875,89665706769465
"MEMORY_ALLOCATION","MEMORY_ALLOCATION_FREE","",0,"0x00007467267e0000",134544,89665706772615,89665706772915
"MEMORY_ALLOCATION","MEMORY_ALLOCATION_FREE","",0,"0x0000746710a00000",134546,89665706816306,89665706863226
"MEMORY_ALLOCATION","MEMORY_ALLOCATION_FREE","",0,"0x0000746710400000",134548,89665706867826,89665706910277
"MEMORY_ALLOCATION","MEMORY_ALLOCATION_FREE","",0,"0x00007467267e1000",134550,89665706914137,89665706914677
"MEMORY_ALLOCATION","MEMORY_ALLOCATION_FREE","",0,"0x00007467267e2000",134552,89665706917767,89665706918127
"MEMORY_ALLOCATION","MEMORY_ALLOCATION_FREE","",0,"0x000074670ea00000",134554,89665706959978,89665707042719
"MEMORY_ALLOCATION","MEMORY_ALLOCATION_FREE","",0,"0x000074670e400000",134556,89665707048049,89665707097320
"MEMORY_ALLOCATION","MEMORY_ALLOCATION_FREE","",0,"0x00007467267e3000",134558,89665707101310,89665707102090
"MEMORY_ALLOCATION","MEMORY_ALLOCATION_FREE","",0,"0x00007467267e4000",134560,89665707105370,89665707105700
"MEMORY_ALLOCATION","MEMORY_ALLOCATION_FREE","",0,"0x000074670ca00000",134562,89665707138101,89665707188402
"MEMORY_ALLOCATION","MEMORY_ALLOCATION_FREE","",0,"0x000074670c400000",134564,89665707193802,89665707237673
"MEMORY_ALLOCATION","MEMORY_ALLOCATION_FREE","",0,"0x00007467267e5000",134566,89665707241413,89665707241893
"MEMORY_ALLOCATION","MEMORY_ALLOCATION_FREE","",0,"0x00007467267e6000",134568,89665707245083,89665707245563
"MEMORY_ALLOCATION","MEMORY_ALLOCATION_FREE","",0,"0x000074670c020000",134570,89665707249143,89665707249883
"MEMORY_ALLOCATION","MEMORY_ALLOCATION_FREE","",0,"0x000074670bc00000",134572,89665707253663,89665707254373
"MEMORY_ALLOCATION","MEMORY_ALLOCATION_FREE","",0,"0x00007467267f2000",134574,89665707258063,89665707258543
"MEMORY_ALLOCATION","MEMORY_ALLOCATION_FREE","",0,"0x00007467267f6000",134576,89665707261723,89665707262073
"MEMORY_ALLOCATION","MEMORY_ALLOCATION_FREE","",0,"0x000074670c040000",134578,89665707265163,89665707265593
"MEMORY_ALLOCATION","MEMORY_ALLOCATION_FREE","",0,"0x000074670c048000",134580,89665707270103,89665707270733
"MEMORY_ALLOCATION","MEMORY_ALLOCATION_FREE","",0,"0x00007467267fa000",134582,89665707274103,89665707274523
"MEMORY_ALLOCATION","MEMORY_ALLOCATION_FREE","",0,"0x00007467267fe000",134584,89665707277663,89665707278053
"MEMORY_ALLOCATION","MEMORY_ALLOCATION_FREE","",0,"0x000074670c050000",134586,89665707281203,89665707281603
"MEMORY_ALLOCATION","MEMORY_ALLOCATION_FREE","",0,"0x000074670c052000",134588,89665707284703,89665707285133
"MEMORY_ALLOCATION","MEMORY_ALLOCATION_FREE","",0,"0x000074670c056000",134590,89665707288053,89665707288383
"MEMORY_ALLOCATION","MEMORY_ALLOCATION_FREE","",0,"0x000074670c057000",134592,89665707291754,89665707292264
"MEMORY_ALLOCATION","MEMORY_ALLOCATION_FREE","",0,"0x000074670c058000",134594,89665707295484,89665707295814
"MEMORY_ALLOCATION","MEMORY_ALLOCATION_FREE","",0,"0x000074670c05c000",134596,89665707300814,89665707301374
"MEMORY_ALLOCATION","MEMORY_ALLOCATION_FREE","",0,"0x000074670c060000",134598,89665707304404,89665707304734
"MEMORY_ALLOCATION","MEMORY_ALLOCATION_FREE","",0,"0x000074670c064000",134600,89665707307764,89665707308144
"MEMORY_ALLOCATION","MEMORY_ALLOCATION_FREE","",0,"0x000074670c068000",134602,89665707311204,89665707311514
"MEMORY_ALLOCATION","MEMORY_ALLOCATION_FREE","",0,"0x000074670c074000",134604,89665707314494,89665707314904
"MEMORY_ALLOCATION","MEMORY_ALLOCATION_FREE","",0,"0x000074670c186000",134606,89665707320804,89665707321614
"MEMORY_ALLOCATION","MEMORY_ALLOCATION_FREE","",0,"0x000074670c18a000",134608,89665707325644,89665707326744
"MEMORY_ALLOCATION","MEMORY_ALLOCATION_FREE","",0,"0x000074670c18b000",134610,89665707330544,89665707330994
"MEMORY_ALLOCATION","MEMORY_ALLOCATION_FREE","",0,"0x000074670c18c000",134612,89665707334214,89665707334654
"MEMORY_ALLOCATION","MEMORY_ALLOCATION_FREE","",0,"0x000074670aa00000",134614,89665707381105,89665707429356
"MEMORY_ALLOCATION","MEMORY_ALLOCATION_FREE","",0,"0x000074670a600000",134616,89665707433366,89665707433906
"MEMORY_ALLOCATION","MEMORY_ALLOCATION_FREE","",0,"0x000074670c078000",134618,89665707438936,89665707439366
"MEMORY_ALLOCATION","MEMORY_ALLOCATION_FREE","",0,"0x000074670c079000",134620,89665707442626,89665707443076
"MEMORY_ALLOCATION","MEMORY_ALLOCATION_FREE","",0,"0x000074670a200000",134622,89665707487297,89665707487847
"MEMORY_ALLOCATION","MEMORY_ALLOCATION_FREE","",0,"0x000074670c07a000",134624,89665707492467,89665707492777
"MEMORY_ALLOCATION","MEMORY_ALLOCATION_FREE","",0,"0x000074670c0fa000",134626,89665707496177,89665707496677
"MEMORY_ALLOCATION","MEMORY_ALLOCATION_FREE","",0,"0x000074670c0fb000",134628,89665707500357,89665707500687
"MEMORY_ALLOCATION","MEMORY_ALLOCATION_FREE","",0,"0x0000746709e00000",134630,89665707547918,89665707548428
"MEMORY_ALLOCATION","MEMORY_ALLOCATION_FREE","",0,"0x000074670c0fc000",134632,89665707552868,89665707553348
"MEMORY_ALLOCATION","MEMORY_ALLOCATION_FREE","",0,"0x000074670c17c000",134634,89665707556458,89665707556778
"MEMORY_ALLOCATION","MEMORY_ALLOCATION_FREE","",0,"0x000074670c17d000",134636,89665707562378,89665707562918
"MEMORY_ALLOCATION","MEMORY_ALLOCATION_FREE","",0,"0x0000746709400000",134638,89665707606299,89665707659190
"MEMORY_ALLOCATION","MEMORY_ALLOCATION_FREE","",0,"0x0000746709000000",134640,89665707663540,89665707663990
"MEMORY_ALLOCATION","MEMORY_ALLOCATION_FREE","",0,"0x000074670c17e000",134642,89665707667450,89665707667830
"MEMORY_ALLOCATION","MEMORY_ALLOCATION_FREE","",0,"0x000074670c17f000",134644,89665707671190,89665707671610
"MEMORY_ALLOCATION","MEMORY_ALLOCATION_FREE","",0,"0x0000746707600000",134646,89665707716761,89665707765901
"MEMORY_ALLOCATION","MEMORY_ALLOCATION_FREE","",0,"0x0000746707000000",134648,89665707771622,89665707818612
"MEMORY_ALLOCATION","MEMORY_ALLOCATION_FREE","",0,"0x000074670c180000",134650,89665707822262,89665707822792
"MEMORY_ALLOCATION","MEMORY_ALLOCATION_FREE","",0,"0x000074670c181000",134652,89665707826262,89665707826762
"MEMORY_ALLOCATION","MEMORY_ALLOCATION_FREE","",0,"0x0000746705600000",134654,89665707870843,89665707918514
"MEMORY_ALLOCATION","MEMORY_ALLOCATION_FREE","",0,"0x0000746705000000",134656,89665707922694,89665707971075
"MEMORY_ALLOCATION","MEMORY_ALLOCATION_FREE","",0,"0x000074670c182000",134658,89665707977315,89665707977885
"MEMORY_ALLOCATION","MEMORY_ALLOCATION_FREE","",0,"0x000074670c183000",134660,89665707981325,89665707981695
"MEMORY_ALLOCATION","MEMORY_ALLOCATION_FREE","",0,"0x0000746703600000",134662,89665708077127,89665708125967
"MEMORY_ALLOCATION","MEMORY_ALLOCATION_FREE","",0,"0x0000746703000000",134664,89665708130257,89665708172558
"MEMORY_ALLOCATION","MEMORY_ALLOCATION_FREE","",0,"0x000074670c184000",134666,89665708176718,89665708177278
"MEMORY_ALLOCATION","MEMORY_ALLOCATION_FREE","",0,"0x000074670c185000",134668,89665708180868,89665708181378
"MEMORY_ALLOCATION","MEMORY_ALLOCATION_FREE","",0,"0x000074670c190000",134670,89665708184808,89665708185148
"MEMORY_ALLOCATION","MEMORY_ALLOCATION_FREE","",0,"0x000074670c191000",134672,89665708188688,89665708189018
"MEMORY_ALLOCATION","MEMORY_ALLOCATION_FREE","",0,"0x000074670c195000",134674,89665708192069,89665708192369
"MEMORY_ALLOCATION","MEMORY_ALLOCATION_FREE","",0,"0x000074670c199000",134676,89665708195439,89665708195759
"MEMORY_ALLOCATION","MEMORY_ALLOCATION_FREE","",0,"0x000074670c1a1000",134678,89665708198639,89665708198919
"MEMORY_ALLOCATION","MEMORY_ALLOCATION_FREE","",0,"0x000074670c1a5000",134680,89665708202029,89665708202419
"MEMORY_ALLOCATION","MEMORY_ALLOCATION_FREE","",0,"0x000074670c1a6000",134682,89665708205279,89665708205559
"MEMORY_ALLOCATION","MEMORY_ALLOCATION_FREE","",0,"0x000074670c1a7000",134684,89665708210219,89665708210669
"MEMORY_ALLOCATION","MEMORY_ALLOCATION_FREE","",0,"0x000074670c1ab000",134686,89665708213879,89665708214159
"MEMORY_ALLOCATION","MEMORY_ALLOCATION_FREE","",0,"0x000074670c1ac000",134688,89665708217429,89665708217729
"MEMORY_ALLOCATION","MEMORY_ALLOCATION_FREE","",0,"0x000074670c1b0000",134690,89665708220639,89665708220959
"MEMORY_ALLOCATION","MEMORY_ALLOCATION_FREE","",0,"0x0000746701e00000",134692,89665708224329,89665708274260
"MEMORY_ALLOCATION","MEMORY_ALLOCATION_FREE","",0,"0x0000746700c00000",134694,89665708278230,89665708328411
"MEMORY_ALLOCATION","MEMORY_ALLOCATION_FREE","",0,"0x000074670c1b1000",134696,89665708332191,89665708332741
"MEMORY_ALLOCATION","MEMORY_ALLOCATION_FREE","",0,"0x000074670c1b5000",134698,89665708335721,89665708336031
"MEMORY_ALLOCATION","MEMORY_ALLOCATION_FREE","",0,"0x000074670c1b9000",134700,89665708339141,89665708339531
"MEMORY_ALLOCATION","MEMORY_ALLOCATION_FREE","",0,"0x000074670c1bd000",134702,89665708342651,89665708342931
"MEMORY_ALLOCATION","MEMORY_ALLOCATION_FREE","",0,"0x000074670c1c1000",134704,89665708347591,89665708348001
"MEMORY_ALLOCATION","MEMORY_ALLOCATION_FREE","",0,"0x000074670c1cd000",134706,89665708351011,89665708351271
"MEMORY_ALLOCATION","MEMORY_ALLOCATION_FREE","",0,"0x0000746700800000",134708,89665708355221,89665708356421
"MEMORY_ALLOCATION","MEMORY_ALLOCATION_FREE","",0,"0x0000746700988000",134710,89665708361711,89665708362681
"MEMORY_ALLOCATION","MEMORY_ALLOCATION_FREE","",0,"0x0000746700991000",134712,89665708366131,89665708366671
"MEMORY_ALLOCATION","MEMORY_ALLOCATION_FREE","",0,"0x0000746700986000",134714,89665708370022,89665708370672
"MEMORY_ALLOCATION","MEMORY_ALLOCATION_FREE","",0,"0x0000746700987000",134716,89665708374392,89665708375022
"MEMORY_ALLOCATION","MEMORY_ALLOCATION_FREE","",0,"0x0000746700990000",134718,89665708378302,89665708378852
"MEMORY_ALLOCATION","MEMORY_ALLOCATION_FREE","",0,"0x000074670098c000",134720,89665708382132,89665708382692
"MEMORY_ALLOCATION","MEMORY_ALLOCATION_FREE","",0,"0x00007466ff600000",134722,89665708428633,89665708478463
"MEMORY_ALLOCATION","MEMORY_ALLOCATION_FREE","",0,"0x00007466ff200000",134724,89665708483203,89665708483883
"MEMORY_ALLOCATION","MEMORY_ALLOCATION_FREE","",0,"0x000074670c1d1000",134726,89665708487303,89665708487823
"MEMORY_ALLOCATION","MEMORY_ALLOCATION_FREE","",0,"0x000074670c1d2000",134728,89665708491184,89665708491524
"MEMORY_ALLOCATION","MEMORY_ALLOCATION_FREE","",0,"0x000074670c1d3000",134730,89665708532384,89665708532924
"MEMORY_ALLOCATION","MEMORY_ALLOCATION_FREE","",0,"0x000074670c1e3000",134732,89665708535914,89665708536224
"MEMORY_ALLOCATION","MEMORY_ALLOCATION_FREE","",0,"0x000074670c1e5000",134734,89665708540684,89665708541054
"MEMORY_ALLOCATION","MEMORY_ALLOCATION_FREE","",0,"0x000074670c1e6000",134736,89665708544284,89665708544544
"MEMORY_ALLOCATION","MEMORY_ALLOCATION_FREE","",0,"0x000074670c1e7000",134738,89665708586825,89665708587245
"MEMORY_ALLOCATION","MEMORY_ALLOCATION_FREE","",0,"0x000074670c1f7000",134740,89665708591415,89665708591705
"MEMORY_ALLOCATION","MEMORY_ALLOCATION_FREE","",0,"0x000074670c1f9000",134742,89665708594725,89665708595085
"MEMORY_ALLOCATION","MEMORY_ALLOCATION_FREE","",0,"0x000074670c1fa000",134744,89665708598405,89665708598665
"MEMORY_ALLOCATION","MEMORY_ALLOCATION_FREE","",0,"0x00007466fe800000",134746,89665708639226,89665708688767
"MEMORY_ALLOCATION","MEMORY_ALLOCATION_FREE","",0,"0x0000746700881000",134748,89665708693207,89665708694017
"MEMORY_ALLOCATION","MEMORY_ALLOCATION_FREE","",0,"0x000074670c1fb000",134750,89665708698067,89665708698577
"MEMORY_ALLOCATION","MEMORY_ALLOCATION_FREE","",0,"0x000074670c1fc000",134752,89665708701957,89665708702367
"MEMORY_ALLOCATION","MEMORY_ALLOCATION_FREE","",0,"0x00007466fde00000",134754,89665708735648,89665708787379
"MEMORY_ALLOCATION","MEMORY_ALLOCATION_FREE","",0,"0x00007466fda00000",134756,89665708793749,89665708794219
"MEMORY_ALLOCATION","MEMORY_ALLOCATION_FREE","",0,"0x000074670c1fd000",134758,89665708797489,89665708797909
"MEMORY_ALLOCATION","MEMORY_ALLOCATION_FREE","",0,"0x000074670c1fe000",134760,89665708801209,89665708801529
"MEMORY_ALLOCATION","MEMORY_ALLOCATION_FREE","",0,"0x00007466fc000000",134762,89665708833549,89665708881990
"MEMORY_ALLOCATION","MEMORY_ALLOCATION_FREE","",0,"0x00007466fba00000",134764,89665708886910,89665708931381
"MEMORY_ALLOCATION","MEMORY_ALLOCATION_FREE","",0,"0x000074670c1ff000",134766,89665708935681,89665708936231
"MEMORY_ALLOCATION","MEMORY_ALLOCATION_FREE","",0,"0x0000746700981000",134768,89665708939671,89665708940061
"MEMORY_ALLOCATION","MEMORY_ALLOCATION_FREE","",0,"0x00007466fa000000",134770,89665708979522,89665709049993
"MEMORY_ALLOCATION","MEMORY_ALLOCATION_FREE","",0,"0x00007466f9a00000",134772,89665709056203,89665709102384
"MEMORY_ALLOCATION","MEMORY_ALLOCATION_FREE","",0,"0x0000746700982000",134774,89665709106474,89665709107014
"MEMORY_ALLOCATION","MEMORY_ALLOCATION_FREE","",0,"0x0000746700983000",134776,89665709110334,89665709110674
"MEMORY_ALLOCATION","MEMORY_ALLOCATION_FREE","",0,"0x00007466f8000000",134778,89665709153625,89665709200735
"MEMORY_ALLOCATION","MEMORY_ALLOCATION_FREE","",0,"0x00007466f7a00000",134780,89665709206276,89665709248296
"MEMORY_ALLOCATION","MEMORY_ALLOCATION_FREE","",0,"0x0000746700984000",134782,89665709252286,89665709253076
"MEMORY_ALLOCATION","MEMORY_ALLOCATION_FREE","",0,"0x0000746700985000",134784,89665709256456,89665709256996
"MEMORY_ALLOCATION","MEMORY_ALLOCATION_FREE","",0,"0x00007467009b1000",134786,89665709260836,89665709261306
"MEMORY_ALLOCATION","MEMORY_ALLOCATION_FREE","",0,"0x00007466f7000000",134788,89665709264697,89665709265097
"MEMORY_ALLOCATION","MEMORY_ALLOCATION_FREE","",0,"0x00007467009d1000",134790,89665709268227,89665709268587
"MEMORY_ALLOCATION","MEMORY_ALLOCATION_FREE","",0,"0x00007467009d5000",134792,89665709271677,89665709272117
"MEMORY_ALLOCATION","MEMORY_ALLOCATION_FREE","",0,"0x00007467009d9000",134794,89665709275077,89665709275377
"MEMORY_ALLOCATION","MEMORY_ALLOCATION_FREE","",0,"0x00007467009e1000",134796,89665709279987,89665709280327
"MEMORY_ALLOCATION","MEMORY_ALLOCATION_FREE","",0,"0x00007467009e9000",134798,89665709283427,89665709283697
"MEMORY_ALLOCATION","MEMORY_ALLOCATION_FREE","",0,"0x00007467009ed000",134800,89665709286997,89665709287437
"MEMORY_ALLOCATION","MEMORY_ALLOCATION_FREE","",0,"0x00007467009ef000",134802,89665709290517,89665709290877
"MEMORY_ALLOCATION","MEMORY_ALLOCATION_FREE","",0,"0x00007467009f1000",134804,89665709293897,89665709294297
"MEMORY_ALLOCATION","MEMORY_ALLOCATION_FREE","",0,"0x00007467009f5000",134806,89665709297257,89665709297587
"MEMORY_ALLOCATION","MEMORY_ALLOCATION_FREE","",0,"0x00007467009f6000",134808,89665709300717,89665709301557
"MEMORY_ALLOCATION","MEMORY_ALLOCATION_FREE","",0,"0x00007467009f7000",134810,89665709304517,89665709304857
"MEMORY_ALLOCATION","MEMORY_ALLOCATION_FREE","",0,"0x00007467009fb000",134812,89665709310207,89665709310597
"MEMORY_ALLOCATION","MEMORY_ALLOCATION_FREE","",0,"0x00007466f6c00000",134814,89665709314947,89665709316037
"MEMORY_ALLOCATION","MEMORY_ALLOCATION_FREE","",0,"0x00007466f6c04000",134816,89665709319427,89665709320167
"MEMORY_ALLOCATION","MEMORY_ALLOCATION_FREE","",0,"0x00007466f6c08000",134818,89665709323368,89665709323778
"MEMORY_ALLOCATION","MEMORY_ALLOCATION_FREE","",0,"0x00007466f6c14000",134820,89665709327328,89665709327718
"MEMORY_ALLOCATION","MEMORY_ALLOCATION_FREE","",0,"0x00007466f6d4d000",134822,89665709333278,89665709334398
"MEMORY_ALLOCATION","MEMORY_ALLOCATION_FREE","",0,"0x00007466f6d56000",134824,89665709338088,89665709338618
"MEMORY_ALLOCATION","MEMORY_ALLOCATION_FREE","",0,"0x00007466f6d4b000",134826,89665709342098,89665709342628
"MEMORY_ALLOCATION","MEMORY_ALLOCATION_FREE","",0,"0x00007466f6d4c000",134828,89665709346128,89665709346788
"MEMORY_ALLOCATION","MEMORY_ALLOCATION_FREE","",0,"0x00007466f6d55000",134830,89665709350388,89665709350928
"MEMORY_ALLOCATION","MEMORY_ALLOCATION_FREE","",0,"0x00007466f6d51000",134832,89665709354178,89665709354768
"MEMORY_ALLOCATION","MEMORY_ALLOCATION_FREE","",0,"0x00007466f5a00000",134834,89665709414289,89665709462730
"MEMORY_ALLOCATION","MEMORY_ALLOCATION_FREE","",0,"0x00007466f5600000",134836,89665709467460,89665709468350
"MEMORY_ALLOCATION","MEMORY_ALLOCATION_FREE","",0,"0x00007467009ff000",134838,89665709480630,89665709481190
"MEMORY_ALLOCATION","MEMORY_ALLOCATION_FREE","",0,"0x00007466f6c18000",134840,89665709484550,89665709485030
"MEMORY_ALLOCATION","MEMORY_ALLOCATION_FREE","",0,"0x00007466f6c19000",134842,89665709525691,89665709526361
"MEMORY_ALLOCATION","MEMORY_ALLOCATION_FREE","",0,"0x00007466f6c29000",134844,89665709533531,89665709533911
"MEMORY_ALLOCATION","MEMORY_ALLOCATION_FREE","",0,"0x00007466f6c2b000",134846,89665709537771,89665709538161
"MEMORY_ALLOCATION","MEMORY_ALLOCATION_FREE","",0,"0x00007466f6c2c000",134848,89665709750005,89665709750445
"MEMORY_ALLOCATION","MEMORY_ALLOCATION_FREE","",0,"0x00007466f6c2d000",134850,89665709805626,89665709806416
"MEMORY_ALLOCATION","MEMORY_ALLOCATION_FREE","",0,"0x00007466f6c3d000",134852,89665709809426,89665709809756
"MEMORY_ALLOCATION","MEMORY_ALLOCATION_FREE","",0,"0x00007466f6c3f000",134854,89665709818736,89665709819106
"MEMORY_ALLOCATION","MEMORY_ALLOCATION_FREE","",0,"0x00007466f6c40000",134856,89665709822576,89665709822886
"MEMORY_ALLOCATION","MEMORY_ALLOCATION_FREE","",0,"0x00007466f4c00000",134858,89665709866257,89665709922278
"MEMORY_ALLOCATION","MEMORY_ALLOCATION_FREE","",0,"0x00007466f6c41000",134860,89665709926748,89665709927458
"MEMORY_ALLOCATION","MEMORY_ALLOCATION_FREE","",0,"0x00007466f6d41000",134862,89665709931288,89665709931678
"MEMORY_ALLOCATION","MEMORY_ALLOCATION_FREE","",0,"0x00007466f6d42000",134864,89665709935198,89665709935838
"MEMORY_ALLOCATION","MEMORY_ALLOCATION_FREE","",0,"0x00007466f4200000",134866,89665709979199,89665710056450
"MEMORY_ALLOCATION","MEMORY_ALLOCATION_FREE","",0,"0x00007466f3e00000",134868,89665710061510,89665710062190
"MEMORY_ALLOCATION","MEMORY_ALLOCATION_FREE","",0,"0x00007466f6d43000",134870,89665710065630,89665710066070
"MEMORY_ALLOCATION","MEMORY_ALLOCATION_FREE","",0,"0x00007466f6d44000",134872,89665710069630,89665710070180
"MEMORY_ALLOCATION","MEMORY_ALLOCATION_FREE","",0,"0x00007466f2400000",134874,89665710113301,89665710165562
"MEMORY_ALLOCATION","MEMORY_ALLOCATION_FREE","",0,"0x00007466f1e00000",134876,89665710169692,89665710214492
"MEMORY_ALLOCATION","MEMORY_ALLOCATION_FREE","",0,"0x00007466f6d45000",134878,89665710218243,89665710218813
"MEMORY_ALLOCATION","MEMORY_ALLOCATION_FREE","",0,"0x00007466f6d46000",134880,89665710223533,89665710223943
"MEMORY_ALLOCATION","MEMORY_ALLOCATION_FREE","",0,"0x00007466f0400000",134882,89665710269073,89665710318024
"MEMORY_ALLOCATION","MEMORY_ALLOCATION_FREE","",0,"0x00007466efe00000",134884,89665710321704,89665710366245
"MEMORY_ALLOCATION","MEMORY_ALLOCATION_FREE","",0,"0x00007466f6d47000",134886,89665710371825,89665710372405
"MEMORY_ALLOCATION","MEMORY_ALLOCATION_FREE","",0,"0x00007466f6d48000",134888,89665710376025,89665710376555
"MEMORY_ALLOCATION","MEMORY_ALLOCATION_FREE","",0,"0x00007466ee400000",134890,89665710418446,89665710464417
"MEMORY_ALLOCATION","MEMORY_ALLOCATION_FREE","",0,"0x00007466ede00000",134892,89665710468107,89665710512047
"MEMORY_ALLOCATION","MEMORY_ALLOCATION_FREE","",0,"0x00007466f6d49000",134894,89665710515857,89665710516397
"MEMORY_ALLOCATION","MEMORY_ALLOCATION_FREE","",0,"0x00007466f6d4a000",134896,89665710519848,89665710520488
"MEMORY_ALLOCATION","MEMORY_ALLOCATION_FREE","",0,"0x00007466f6d76000",134898,89665710524068,89665710524468
"MEMORY_ALLOCATION","MEMORY_ALLOCATION_FREE","",0,"0x00007466eda00000",134900,89665710527698,89665710528188
"MEMORY_ALLOCATION","MEMORY_ALLOCATION_FREE","",0,"0x00007466f6d96000",134902,89665710531938,89665710532488
"MEMORY_ALLOCATION","MEMORY_ALLOCATION_FREE","",0,"0x00007466f6d9a000",134904,89665710535728,89665710536058
"MEMORY_ALLOCATION","MEMORY_ALLOCATION_FREE","",0,"0x00007466f6d9e000",134906,89665710539138,89665710539688
"MEMORY_ALLOCATION","MEMORY_ALLOCATION_FREE","",0,"0x00007466f6da6000",134908,89665710544588,89665710544998
"MEMORY_ALLOCATION","MEMORY_ALLOCATION_FREE","",0,"0x00007466f6dae000",134910,89665710548868,89665710549318
"MEMORY_ALLOCATION","MEMORY_ALLOCATION_FREE","",0,"0x00007466f6db2000",134912,89665710552928,89665710553338
"MEMORY_ALLOCATION","MEMORY_ALLOCATION_FREE","",0,"0x00007466f6db4000",134914,89665710557418,89665710557748
"MEMORY_ALLOCATION","MEMORY_ALLOCATION_FREE","",0,"0x00007466f6db6000",134916,89665710560928,89665710561268
"MEMORY_ALLOCATION","MEMORY_ALLOCATION_FREE","",0,"0x00007466f6dba000",134918,89665710565828,89665710566328
"MEMORY_ALLOCATION","MEMORY_ALLOCATION_FREE","",0,"0x00007466f6dbb000",134920,89665710569948,89665710570308
"MEMORY_ALLOCATION","MEMORY_ALLOCATION_FREE","",0,"0x00007466f6dbc000",134922,89665710573768,89665710574198
"MEMORY_ALLOCATION","MEMORY_ALLOCATION_FREE","",0,"0x00007466f6dc0000",134924,89665710578548,89665710578799
"MEMORY_ALLOCATION","MEMORY_ALLOCATION_FREE","",0,"0x00007466f6dc4000",134926,89665710582069,89665710582409
"MEMORY_ALLOCATION","MEMORY_ALLOCATION_FREE","",0,"0x00007466f6dc8000",134928,89665710585349,89665710585649
"MEMORY_ALLOCATION","MEMORY_ALLOCATION_FREE","",0,"0x00007466f6dcc000",134930,89665710588849,89665710589149
"MEMORY_ALLOCATION","MEMORY_ALLOCATION_FREE","",0,"0x00007466f6dd8000",134932,89665710592259,89665710592549
"MEMORY_ALLOCATION","MEMORY_ALLOCATION_FREE","",0,"0x00007466ec112000",134934,89665710598509,89665710599949
"MEMORY_ALLOCATION","MEMORY_ALLOCATION_FREE","",0,"0x00007466ec11b000",134936,89665710603739,89665710604179
"MEMORY_ALLOCATION","MEMORY_ALLOCATION_FREE","",0,"0x00007466ec110000",134938,89665710608079,89665710608689
"MEMORY_ALLOCATION","MEMORY_ALLOCATION_FREE","",0,"0x00007466ec111000",134940,89665710612169,89665710612909
"MEMORY_ALLOCATION","MEMORY_ALLOCATION_FREE","",0,"0x00007466ec11a000",134942,89665710616229,89665710616799
"MEMORY_ALLOCATION","MEMORY_ALLOCATION_FREE","",0,"0x00007466ec116000",134944,89665710620629,89665710621189
"MEMORY_ALLOCATION","MEMORY_ALLOCATION_FREE","",0,"0x00007466ec800000",134946,89665710666340,89665710715931
"MEMORY_ALLOCATION","MEMORY_ALLOCATION_FREE","",0,"0x00007466ec400000",134948,89665710722401,89665710722981
"MEMORY_ALLOCATION","MEMORY_ALLOCATION_FREE","",0,"0x00007466f6ddc000",134950,89665710726581,89665710727271
"MEMORY_ALLOCATION","MEMORY_ALLOCATION_FREE","",0,"0x00007466f6ddd000",134952,89665710730681,89665710731001
"MEMORY_ALLOCATION","MEMORY_ALLOCATION_FREE","",0,"0x00007466f6dde000",134954,89665710774542,89665710775032
"MEMORY_ALLOCATION","MEMORY_ALLOCATION_FREE","",0,"0x00007466f6dee000",134956,89665710779072,89665710779412
"MEMORY_ALLOCATION","MEMORY_ALLOCATION_FREE","",0,"0x00007466f6df0000",134958,89665710782902,89665710783642
"MEMORY_ALLOCATION","MEMORY_ALLOCATION_FREE","",0,"0x00007466f6df1000",134960,89665710786892,89665710787182
"MEMORY_ALLOCATION","MEMORY_ALLOCATION_FREE","",0,"0x00007466ec000000",134962,89665710828953,89665710829463
"MEMORY_ALLOCATION","MEMORY_ALLOCATION_FREE","",0,"0x00007466f6df2000",134964,89665710832493,89665710832883
"MEMORY_ALLOCATION","MEMORY_ALLOCATION_FREE","",0,"0x00007466f6df4000",134966,89665710836293,89665710836603
"MEMORY_ALLOCATION","MEMORY_ALLOCATION_FREE","",0,"0x00007466f6df5000",134968,89665710839873,89665710840343
"MEMORY_ALLOCATION","MEMORY_ALLOCATION_FREE","",0,"0x00007466eb600000",134970,89665710882344,89665710929194
"MEMORY_ALLOCATION","MEMORY_ALLOCATION_FREE","",0,"0x00007466ec010000",134972,89665710933274,89665710934094
"MEMORY_ALLOCATION","MEMORY_ALLOCATION_FREE","",0,"0x00007466f6df6000",134974,89665710940235,89665710940575
"MEMORY_ALLOCATION","MEMORY_ALLOCATION_FREE","",0,"0x00007466f6df7000",134976,89665710943655,89665710944165
"MEMORY_ALLOCATION","MEMORY_ALLOCATION_FREE","",0,"0x00007466eac00000",134978,89665710986495,89665711052976
"MEMORY_ALLOCATION","MEMORY_ALLOCATION_FREE","",0,"0x00007466ea800000",134980,89665711057806,89665711058756
"MEMORY_ALLOCATION","MEMORY_ALLOCATION_FREE","",0,"0x00007466f6df8000",134982,89665711062147,89665711062637
"MEMORY_ALLOCATION","MEMORY_ALLOCATION_FREE","",0,"0x00007466f6df9000",134984,89665711065907,89665711066347
"MEMORY_ALLOCATION","MEMORY_ALLOCATION_FREE","",0,"0x00007466e8e00000",134986,89665711110187,89665711161698
"MEMORY_ALLOCATION","MEMORY_ALLOCATION_FREE","",0,"0x00007466e8800000",134988,89665711167898,89665711213879
"MEMORY_ALLOCATION","MEMORY_ALLOCATION_FREE","",0,"0x00007466f6dfa000",134990,89665711217819,89665711218349
"MEMORY_ALLOCATION","MEMORY_ALLOCATION_FREE","",0,"0x00007466f6dfb000",134992,89665711221449,89665711221879
"MEMORY_ALLOCATION","MEMORY_ALLOCATION_FREE","",0,"0x00007466e6e00000",134994,89665711264700,89665711311311
"MEMORY_ALLOCATION","MEMORY_ALLOCATION_FREE","",0,"0x00007466e6800000",134996,89665711320911,89665711364512
"MEMORY_ALLOCATION","MEMORY_ALLOCATION_FREE","",0,"0x00007466f6dfc000",134998,89665711368732,89665711369302
"MEMORY_ALLOCATION","MEMORY_ALLOCATION_FREE","",0,"0x00007466f6dfd000",135000,89665711372522,89665711372922
"MEMORY_ALLOCATION","MEMORY_ALLOCATION_FREE","",0,"0x00007466e4e00000",135002,89665711413992,89665711458263
"MEMORY_ALLOCATION","MEMORY_ALLOCATION_FREE","",0,"0x00007466e4800000",135004,89665711463263,89665711507204
"MEMORY_ALLOCATION","MEMORY_ALLOCATION_FREE","",0,"0x00007466f6dfe000",135006,89665711511304,89665711511824
"MEMORY_ALLOCATION","MEMORY_ALLOCATION_FREE","",0,"0x00007466f6dff000",135008,89665711515074,89665711515534
"MEMORY_ALLOCATION","MEMORY_ALLOCATION_FREE","",0,"0x00007466ec13b000",135010,89665711519144,89665711519704
"MEMORY_ALLOCATION","MEMORY_ALLOCATION_FREE","",0,"0x00007466e4400000",135012,89665711522944,89665711523534
"MEMORY_ALLOCATION","MEMORY_ALLOCATION_FREE","",0,"0x00007466ec15b000",135014,89665711526624,89665711527134
"MEMORY_ALLOCATION","MEMORY_ALLOCATION_FREE","",0,"0x00007466ec15f000",135016,89665711530724,89665711531254
"MEMORY_ALLOCATION","MEMORY_ALLOCATION_FREE","",0,"0x00007466ec163000",135018,89665711534494,89665711534854
"MEMORY_ALLOCATION","MEMORY_ALLOCATION_FREE","",0,"0x00007466ec16b000",135020,89665711539485,89665711539805
"MEMORY_ALLOCATION","MEMORY_ALLOCATION_FREE","",0,"0x00007466ec173000",135022,89665711542985,89665711543345
"MEMORY_ALLOCATION","MEMORY_ALLOCATION_FREE","",0,"0x00007466ec177000",135024,89665711546615,89665711546985
"MEMORY_ALLOCATION","MEMORY_ALLOCATION_FREE","",0,"0x00007466ec179000",135026,89665711550155,89665711550445
"MEMORY_ALLOCATION","MEMORY_ALLOCATION_FREE","",0,"0x00007466ec17b000",135028,89665711553605,89665711553895
"MEMORY_ALLOCATION","MEMORY_ALLOCATION_FREE","",0,"0x00007466ec17f000",135030,89665711556895,89665711557325
"MEMORY_ALLOCATION","MEMORY_ALLOCATION_FREE","",0,"0x00007466ec180000",135032,89665711560395,89665711560865
"MEMORY_ALLOCATION","MEMORY_ALLOCATION_FREE","",0,"0x00007466ec181000",135034,89665711563965,89665711564295
"MEMORY_ALLOCATION","MEMORY_ALLOCATION_FREE","",0,"0x00007466ec185000",135036,89665711568855,89665711569165
"MEMORY_ALLOCATION","MEMORY_ALLOCATION_FREE","",0,"0x00007466ec189000",135038,89665711572355,89665711572655
"MEMORY_ALLOCATION","MEMORY_ALLOCATION_FREE","",0,"0x00007466ec18d000",135040,89665711576235,89665711576715
"MEMORY_ALLOCATION","MEMORY_ALLOCATION_FREE","",0,"0x00007466ec191000",135042,89665711580205,89665711580485
"MEMORY_ALLOCATION","MEMORY_ALLOCATION_FREE","",0,"0x00007466ec19d000",135044,89665711583555,89665711583845
"MEMORY_ALLOCATION","MEMORY_ALLOCATION_FREE","",0,"0x00007466ec1af000",135046,89665711589065,89665711590115
"MEMORY_ALLOCATION","MEMORY_ALLOCATION_FREE","",0,"0x00007466ec1b3000",135048,89665711593575,89665711594185
"MEMORY_ALLOCATION","MEMORY_ALLOCATION_FREE","",0,"0x00007466ec1b4000",135050,89665711597856,89665711598306
"MEMORY_ALLOCATION","MEMORY_ALLOCATION_FREE","",0,"0x00007466ec1b5000",135052,89665711601806,89665711602986
"MEMORY_ALLOCATION","MEMORY_ALLOCATION_FREE","",0,"0x00007466e3200000",135054,89665711639926,89665711686707
"MEMORY_ALLOCATION","MEMORY_ALLOCATION_FREE","",0,"0x00007466e2e00000",135056,89665711690797,89665711691267
"MEMORY_ALLOCATION","MEMORY_ALLOCATION_FREE","",0,"0x00007466ec1a1000",135058,89665711694567,89665711695177
"MEMORY_ALLOCATION","MEMORY_ALLOCATION_FREE","",0,"0x00007466ec1a2000",135060,89665711704337,89665711704707
"MEMORY_ALLOCATION","MEMORY_ALLOCATION_FREE","",0,"0x00007466e2a00000",135062,89665711744638,89665711745088
"MEMORY_ALLOCATION","MEMORY_ALLOCATION_FREE","",0,"0x00007466e2600000",135064,89665711749778,89665711751318
"MEMORY_ALLOCATION","MEMORY_ALLOCATION_FREE","",0,"0x00007466ec1a3000",135066,89665711754698,89665711755078
"MEMORY_ALLOCATION","MEMORY_ALLOCATION_FREE","",0,"0x00007466ec1a4000",135068,89665711758868,89665711759228
"MEMORY_ALLOCATION","MEMORY_ALLOCATION_FREE","",0,"0x00007466e2200000",135070,89665711801569,89665711802289
"MEMORY_ALLOCATION","MEMORY_ALLOCATION_FREE","",0,"0x00007466e2680000",135072,89665711805909,89665711806629
"MEMORY_ALLOCATION","MEMORY_ALLOCATION_FREE","",0,"0x00007466ec1a5000",135074,89665711809639,89665711810209
"MEMORY_ALLOCATION","MEMORY_ALLOCATION_FREE","",0,"0x00007466ec1a6000",135076,89665711813439,89665711813859
"MEMORY_ALLOCATION","MEMORY_ALLOCATION_FREE","",0,"0x00007466e1800000",135078,89665711852410,89665711899121
"MEMORY_ALLOCATION","MEMORY_ALLOCATION_FREE","",0,"0x00007466e1400000",135080,89665711903041,89665711903481
"MEMORY_ALLOCATION","MEMORY_ALLOCATION_FREE","",0,"0x00007466ec1a7000",135082,89665711907731,89665711908141
"MEMORY_ALLOCATION","MEMORY_ALLOCATION_FREE","",0,"0x00007466ec1a8000",135084,89665711911381,89665711911701
"MEMORY_ALLOCATION","MEMORY_ALLOCATION_FREE","",0,"0x00007466dfa00000",135086,89665711950561,89665711999192
"MEMORY_ALLOCATION","MEMORY_ALLOCATION_FREE","",0,"0x00007466df400000",135088,89665712040163,89665712087654
"MEMORY_ALLOCATION","MEMORY_ALLOCATION_FREE","",0,"0x00007466ec1a9000",135090,89665712091954,89665712092564
"MEMORY_ALLOCATION","MEMORY_ALLOCATION_FREE","",0,"0x00007466ec1aa000",135092,89665712095994,89665712096374
"MEMORY_ALLOCATION","MEMORY_ALLOCATION_FREE","",0,"0x00007466dda00000",135094,89665712129004,89665712176225
"MEMORY_ALLOCATION","MEMORY_ALLOCATION_FREE","",0,"0x00007466dd400000",135096,89665712182635,89665712226436
"MEMORY_ALLOCATION","MEMORY_ALLOCATION_FREE","",0,"0x00007466ec1ab000",135098,89665712230386,89665712230926
"MEMORY_ALLOCATION","MEMORY_ALLOCATION_FREE","",0,"0x00007466ec1ac000",135100,89665712234626,89665712234976
"MEMORY_ALLOCATION","MEMORY_ALLOCATION_FREE","",0,"0x00007466dba00000",135102,89665712282277,89665712327098
"MEMORY_ALLOCATION","MEMORY_ALLOCATION_FREE","",0,"0x00007466db400000",135104,89665712331528,89665712373819
"MEMORY_ALLOCATION","MEMORY_ALLOCATION_FREE","",0,"0x00007466ec1ad000",135106,89665712378459,89665712378999
"MEMORY_ALLOCATION","MEMORY_ALLOCATION_FREE","",0,"0x00007466ec1ae000",135108,89665712382029,89665712382559
"MEMORY_ALLOCATION","MEMORY_ALLOCATION_FREE","",0,"0x00007466ec1b9000",135110,89665712386019,89665712386379
"MEMORY_ALLOCATION","MEMORY_ALLOCATION_FREE","",0,"0x00007466ec1ba000",135112,89665712389659,89665712390039
"MEMORY_ALLOCATION","MEMORY_ALLOCATION_FREE","",0,"0x00007466ec1be000",135114,89665712393399,89665712393729
"MEMORY_ALLOCATION","MEMORY_ALLOCATION_FREE","",0,"0x00007466ec1c2000",135116,89665712397189,89665712397579
"MEMORY_ALLOCATION","MEMORY_ALLOCATION_FREE","",0,"0x00007466ec1ca000",135118,89665712401139,89665712401449
"MEMORY_ALLOCATION","MEMORY_ALLOCATION_FREE","",0,"0x00007466ec1ce000",135120,89665712404319,89665712404659
"MEMORY_ALLOCATION","MEMORY_ALLOCATION_FREE","",0,"0x00007466ec1cf000",135122,89665712407869,89665712408179
"MEMORY_ALLOCATION","MEMORY_ALLOCATION_FREE","",0,"0x00007466ec1d0000",135124,89665712412839,89665712413239
"MEMORY_ALLOCATION","MEMORY_ALLOCATION_FREE","",0,"0x00007466ec1d4000",135126,89665712416359,89665712416659
"MEMORY_ALLOCATION","MEMORY_ALLOCATION_FREE","",0,"0x00007466ec1d5000",135128,89665712419769,89665712420049
"MEMORY_ALLOCATION","MEMORY_ALLOCATION_FREE","",0,"0x00007466ec1d9000",135130,89665712423119,89665712423489
"MEMORY_ALLOCATION","MEMORY_ALLOCATION_FREE","",0,"0x00007466da200000",135132,89665712426709,89665712472700
"MEMORY_ALLOCATION","MEMORY_ALLOCATION_FREE","",0,"0x00007466d9000000",135134,89665712476520,89665712519451
"MEMORY_ALLOCATION","MEMORY_ALLOCATION_FREE","",0,"0x00007466ec1da000",135136,89665712523211,89665712523721
"MEMORY_ALLOCATION","MEMORY_ALLOCATION_FREE","",0,"0x00007466ec1de000",135138,89665712526831,89665712527131
"MEMORY_ALLOCATION","MEMORY_ALLOCATION_FREE","",0,"0x00007466ec1e2000",135140,89665712530081,89665712530461
"MEMORY_ALLOCATION","MEMORY_ALLOCATION_FREE","",0,"0x00007466ec1e6000",135142,89665712533451,89665712533881
"MEMORY_ALLOCATION","MEMORY_ALLOCATION_FREE","",0,"0x00007466ec1ea000",135144,89665712538681,89665712538991
"MEMORY_ALLOCATION","MEMORY_ALLOCATION_FREE","",0,"0x00007466ec1f6000",135146,89665712542081,89665712542551
"MEMORY_ALLOCATION","MEMORY_ALLOCATION_FREE","",0,"0x00007466e2700000",135148,89665712545861,89665712546721
"MEMORY_ALLOCATION","MEMORY_ALLOCATION_FREE","",0,"0x00007466e27b1000",135150,89665712550951,89665712551651
"MEMORY_ALLOCATION","MEMORY_ALLOCATION_FREE","",0,"0x00007466e27ba000",135152,89665712555262,89665712555762
"MEMORY_ALLOCATION","MEMORY_ALLOCATION_FREE","",0,"0x00007466e27af000",135154,89665712559432,89665712560012
"MEMORY_ALLOCATION","MEMORY_ALLOCATION_FREE","",0,"0x00007466e27b0000",135156,89665712563292,89665712563872
"MEMORY_ALLOCATION","MEMORY_ALLOCATION_FREE","",0,"0x00007466e27b9000",135158,89665712567192,89665712567662
"MEMORY_ALLOCATION","MEMORY_ALLOCATION_FREE","",0,"0x00007466e27b5000",135160,89665712570882,89665712571492
"MEMORY_ALLOCATION","MEMORY_ALLOCATION_FREE","",0,"0x00007466d7e00000",135162,89665712614363,89665712661493
"MEMORY_ALLOCATION","MEMORY_ALLOCATION_FREE","",0,"0x00007466d7a00000",135164,89665712666473,89665712667293
"MEMORY_ALLOCATION","MEMORY_ALLOCATION_FREE","",0,"0x00007466ec1fa000",135166,89665712673223,89665712673803
"MEMORY_ALLOCATION","MEMORY_ALLOCATION_FREE","",0,"0x00007466ec1fb000",135168,89665712677244,89665712677914
"MEMORY_ALLOCATION","MEMORY_ALLOCATION_FREE","",0,"0x00007466e2781000",135170,89665712720964,89665712721544
"MEMORY_ALLOCATION","MEMORY_ALLOCATION_FREE","",0,"0x00007466ec1fc000",135172,89665712724634,89665712725044
"MEMORY_ALLOCATION","MEMORY_ALLOCATION_FREE","",0,"0x00007466ec1fe000",135174,89665712729084,89665712729444
"MEMORY_ALLOCATION","MEMORY_ALLOCATION_FREE","",0,"0x00007466ec1ff000",135176,89665712732824,89665712733194
"MEMORY_ALLOCATION","MEMORY_ALLOCATION_FREE","",0,"0x00007466e2791000",135178,89665712767975,89665712768565
"MEMORY_ALLOCATION","MEMORY_ALLOCATION_FREE","",0,"0x00007466e27a1000",135180,89665712771795,89665712772925
"MEMORY_ALLOCATION","MEMORY_ALLOCATION_FREE","",0,"0x00007466e27a3000",135182,89665712776035,89665712776415
"MEMORY_ALLOCATION","MEMORY_ALLOCATION_FREE","",0,"0x00007466e27a4000",135184,89665712779855,89665712780175
"MEMORY_ALLOCATION","MEMORY_ALLOCATION_FREE","",0,"0x00007466d7000000",135186,89665712821956,89665712878367
"MEMORY_ALLOCATION","MEMORY_ALLOCATION_FREE","",0,"0x00007466d6c00000",135188,89665712884137,89665712885287
"MEMORY_ALLOCATION","MEMORY_ALLOCATION_FREE","",0,"0x00007466e27a5000",135190,89665712888637,89665712889197
"MEMORY_ALLOCATION","MEMORY_ALLOCATION_FREE","",0,"0x00007466e27a6000",135192,89665712892397,89665712892777
"MEMORY_ALLOCATION","MEMORY_ALLOCATION_FREE","",0,"0x00007466d6200000",135194,89665712932808,89665712976669
"MEMORY_ALLOCATION","MEMORY_ALLOCATION_FREE","",0,"0x00007466d5e00000",135196,89665712980679,89665712981139
"MEMORY_ALLOCATION","MEMORY_ALLOCATION_FREE","",0,"0x00007466e27a7000",135198,89665713221173,89665713222273
"MEMORY_ALLOCATION","MEMORY_ALLOCATION_FREE","",0,"0x00007466e27a8000",135200,89665713226223,89665713226633
"MEMORY_ALLOCATION","MEMORY_ALLOCATION_FREE","",0,"0x00007466d4400000",135202,89665713277074,89665713331134
"MEMORY_ALLOCATION","MEMORY_ALLOCATION_FREE","",0,"0x00007466d3e00000",135204,89665713342215,89665713387515
"MEMORY_ALLOCATION","MEMORY_ALLOCATION_FREE","",0,"0x00007466e27a9000",135206,89665713391955,89665713392616
"MEMORY_ALLOCATION","MEMORY_ALLOCATION_FREE","",0,"0x00007466e27aa000",135208,89665713395766,89665713396186
"MEMORY_ALLOCATION","MEMORY_ALLOCATION_FREE","",0,"0x00007466d2400000",135210,89665713438646,89665713486477
"MEMORY_ALLOCATION","MEMORY_ALLOCATION_FREE","",0,"0x00007466d1e00000",135212,89665713492767,89665713537658
"MEMORY_ALLOCATION","MEMORY_ALLOCATION_FREE","",0,"0x00007466e27ab000",135214,89665713541778,89665713542488
"MEMORY_ALLOCATION","MEMORY_ALLOCATION_FREE","",0,"0x00007466e27ac000",135216,89665713546308,89665713546848
"MEMORY_ALLOCATION","MEMORY_ALLOCATION_FREE","",0,"0x00007466d0400000",135218,89665713594299,89665713638540
"MEMORY_ALLOCATION","MEMORY_ALLOCATION_FREE","",0,"0x00007466cfe00000",135220,89665713642650,89665713688910
"MEMORY_ALLOCATION","MEMORY_ALLOCATION_FREE","",0,"0x00007466e27ad000",135222,89665713692741,89665713693261
"MEMORY_ALLOCATION","MEMORY_ALLOCATION_FREE","",0,"0x00007466e27ae000",135224,89665713696591,89665713697141
"MEMORY_ALLOCATION","MEMORY_ALLOCATION_FREE","",0,"0x00007466e27da000",135226,89665713700501,89665713700911
"MEMORY_ALLOCATION","MEMORY_ALLOCATION_FREE","",0,"0x00007466cfa00000",135228,89665713704241,89665713704661
"MEMORY_ALLOCATION","MEMORY_ALLOCATION_FREE","",0,"0x00007466e27fa000",135230,89665713707701,89665713708091
"MEMORY_ALLOCATION","MEMORY_ALLOCATION_FREE","",0,"0x00007466d6d00000",135232,89665713711501,89665713712211
"MEMORY_ALLOCATION","MEMORY_ALLOCATION_FREE","",0,"0x00007466d6d04000",135234,89665713715411,89665713715861
"MEMORY_ALLOCATION","MEMORY_ALLOCATION_FREE","",0,"0x00007466d6d0c000",135236,89665713720161,89665713720651
"MEMORY_ALLOCATION","MEMORY_ALLOCATION_FREE","",0,"0x00007466d6d14000",135238,89665713724551,89665713724921
"MEMORY_ALLOCATION","MEMORY_ALLOCATION_FREE","",0,"0x00007466e27fe000",135240,89665713727891,89665713728461
"MEMORY_ALLOCATION","MEMORY_ALLOCATION_FREE","",0,"0x00007466d6d18000",135242,89665713731421,89665713731841
"MEMORY_ALLOCATION","MEMORY_ALLOCATION_FREE","",0,"0x00007466d6d1a000",135244,89665713734981,89665713735341
"MEMORY_ALLOCATION","MEMORY_ALLOCATION_FREE","",0,"0x00007466d6d1e000",135246,89665713738501,89665713738981
"MEMORY_ALLOCATION","MEMORY_ALLOCATION_FREE","",0,"0x00007466d6d1f000",135248,89665713741941,89665713742261
"MEMORY_ALLOCATION","MEMORY_ALLOCATION_FREE","",0,"0x00007466d6d20000",135250,89665713745251,89665713745661
"MEMORY_ALLOCATION","MEMORY_ALLOCATION_FREE","",0,"0x00007466d6d24000",135252,89665713749481,89665713749791
"MEMORY_ALLOCATION","MEMORY_ALLOCATION_FREE","",0,"0x00007466d6d28000",135254,89665713753162,89665713753642
"MEMORY_ALLOCATION","MEMORY_ALLOCATION_FREE","",0,"0x00007466d6d2c000",135256,89665713756942,89665713757242
"MEMORY_ALLOCATION","MEMORY_ALLOCATION_FREE","",0,"0x00007466d6d30000",135258,89665713760222,89665713760592
"MEMORY_ALLOCATION","MEMORY_ALLOCATION_FREE","",0,"0x00007466d6d3c000",135260,89665713763772,89665713764062
"MEMORY_ALLOCATION","MEMORY_ALLOCATION_FREE","",0,"0x00007466d6d76000",135262,89665713768962,89665713770022
"MEMORY_ALLOCATION","MEMORY_ALLOCATION_FREE","",0,"0x00007466d6d7f000",135264,89665713773832,89665713774252
"MEMORY_ALLOCATION","MEMORY_ALLOCATION_FREE","",0,"0x00007466d6d74000",135266,89665713777712,89665713778282
"MEMORY_ALLOCATION","MEMORY_ALLOCATION_FREE","",0,"0x00007466d6d75000",135268,89665713781852,89665713782492
"MEMORY_ALLOCATION","MEMORY_ALLOCATION_FREE","",0,"0x00007466d6d7e000",135270,89665713785902,89665713786772
"MEMORY_ALLOCATION","MEMORY_ALLOCATION_FREE","",0,"0x00007466d6d7a000",135272,89665713789992,89665713790522
"MEMORY_ALLOCATION","MEMORY_ALLOCATION_FREE","",0,"0x00007466ce800000",135274,89665713835853,89665713884284
"MEMORY_ALLOCATION","MEMORY_ALLOCATION_FREE","",0,"0x00007466ce400000",135276,89665713888514,89665713889054
"MEMORY_ALLOCATION","MEMORY_ALLOCATION_FREE","",0,"0x00007466d6d40000",135278,89665713892394,89665713892874
"MEMORY_ALLOCATION","MEMORY_ALLOCATION_FREE","",0,"0x00007466d6d41000",135280,89665713898984,89665713899294
"MEMORY_ALLOCATION","MEMORY_ALLOCATION_FREE","",0,"0x00007466d6d42000",135282,89665713938755,89665713939205
"MEMORY_ALLOCATION","MEMORY_ALLOCATION_FREE","",0,"0x00007466d6d52000",135284,89665713943935,89665713944225
"MEMORY_ALLOCATION","MEMORY_ALLOCATION_FREE","",0,"0x00007466d6d54000",135286,89665713947605,89665713948005
"MEMORY_ALLOCATION","MEMORY_ALLOCATION_FREE","",0,"0x00007466d6d55000",135288,89665713951565,89665713951895
"MEMORY_ALLOCATION","MEMORY_ALLOCATION_FREE","",0,"0x00007466d6d56000",135290,89665713993176,89665713993596
"MEMORY_ALLOCATION","MEMORY_ALLOCATION_FREE","",0,"0x00007466d6d66000",135292,89665713998996,89665713999276
"MEMORY_ALLOCATION","MEMORY_ALLOCATION_FREE","",0,"0x00007466d6d68000",135294,89665714038486,89665714038936
"MEMORY_ALLOCATION","MEMORY_ALLOCATION_FREE","",0,"0x00007466d6d69000",135296,89665714042436,89665714042746
"MEMORY_ALLOCATION","MEMORY_ALLOCATION_FREE","",0,"0x00007466cda00000",135298,89665714087987,89665714135698
"MEMORY_ALLOCATION","MEMORY_ALLOCATION_FREE","",0,"0x00007466cd600000",135300,89665714145218,89665714147118
"MEMORY_ALLOCATION","MEMORY_ALLOCATION_FREE","",0,"0x00007466d6d6a000",135302,89665714150328,89665714150898
"MEMORY_ALLOCATION","MEMORY_ALLOCATION_FREE","",0,"0x00007466d6d6b000",135304,89665714154178,89665714154508
"MEMORY_ALLOCATION","MEMORY_ALLOCATION_FREE","",0,"0x00007466ccc00000",135306,89665714201929,89665714246040
"MEMORY_ALLOCATION","MEMORY_ALLOCATION_FREE","",0,"0x00007466cc800000",135308,89665714250070,89665714250550
"MEMORY_ALLOCATION","MEMORY_ALLOCATION_FREE","",0,"0x00007466d6d6c000",135310,89665714260880,89665714261380
"MEMORY_ALLOCATION","MEMORY_ALLOCATION_FREE","",0,"0x00007466d6d6d000",135312,89665714265040,89665714265390
"MEMORY_ALLOCATION","MEMORY_ALLOCATION_FREE","",0,"0x00007466cae00000",135314,89665714310721,89665714358222
"MEMORY_ALLOCATION","MEMORY_ALLOCATION_FREE","",0,"0x00007466ca800000",135316,89665714362392,89665714409243
"MEMORY_ALLOCATION","MEMORY_ALLOCATION_FREE","",0,"0x00007466d6d6e000",135318,89665714413573,89665714414263
"MEMORY_ALLOCATION","MEMORY_ALLOCATION_FREE","",0,"0x00007466d6d6f000",135320,89665714417313,89665714417633
"MEMORY_ALLOCATION","MEMORY_ALLOCATION_FREE","",0,"0x00007466c8e00000",135322,89665714462023,89665714510724
"MEMORY_ALLOCATION","MEMORY_ALLOCATION_FREE","",0,"0x00007466c8800000",135324,89665714515104,89665714556255
"MEMORY_ALLOCATION","MEMORY_ALLOCATION_FREE","",0,"0x00007466d6d70000",135326,89665714560125,89665714560675
"MEMORY_ALLOCATION","MEMORY_ALLOCATION_FREE","",0,"0x00007466d6d71000",135328,89665714563885,89665714564265
"MEMORY_ALLOCATION","MEMORY_ALLOCATION_FREE","",0,"0x00007466c6e00000",135330,89665714606556,89665714650287
"MEMORY_ALLOCATION","MEMORY_ALLOCATION_FREE","",0,"0x00007466c6800000",135332,89665714656347,89665714698637
"MEMORY_ALLOCATION","MEMORY_ALLOCATION_FREE","",0,"0x00007466d6d72000",135334,89665714702917,89665714703438
"MEMORY_ALLOCATION","MEMORY_ALLOCATION_FREE","",0,"0x00007466d6d73000",135336,89665714706668,89665714707138
"MEMORY_ALLOCATION","MEMORY_ALLOCATION_FREE","",0,"0x00007466d6d9f000",135338,89665714710688,89665714711198
"MEMORY_ALLOCATION","MEMORY_ALLOCATION_FREE","",0,"0x00007466c6400000",135340,89665714715508,89665714716338
"MEMORY_ALLOCATION","MEMORY_ALLOCATION_FREE","",0,"0x00007466d6dbf000",135342,89665714719608,89665714720048
"MEMORY_ALLOCATION","MEMORY_ALLOCATION_FREE","",0,"0x00007466d6dc3000",135344,89665714723788,89665714724218
"MEMORY_ALLOCATION","MEMORY_ALLOCATION_FREE","",0,"0x00007466d6dc7000",135346,89665714727228,89665714727548
"MEMORY_ALLOCATION","MEMORY_ALLOCATION_FREE","",0,"0x00007466d6dcf000",135348,89665714731758,89665714732208
"MEMORY_ALLOCATION","MEMORY_ALLOCATION_FREE","",0,"0x00007466d6dd7000",135350,89665714735128,89665714735408
"MEMORY_ALLOCATION","MEMORY_ALLOCATION_FREE","",0,"0x00007466d6ddb000",135352,89665714739138,89665714739568
"MEMORY_ALLOCATION","MEMORY_ALLOCATION_FREE","",0,"0x00007466d6ddd000",135354,89665714742758,89665714743038
"MEMORY_ALLOCATION","MEMORY_ALLOCATION_FREE","",0,"0x00007466d6ddf000",135356,89665714746548,89665714746858
"MEMORY_ALLOCATION","MEMORY_ALLOCATION_FREE","",0,"0x00007466d6de3000",135358,89665714749888,89665714750158
"MEMORY_ALLOCATION","MEMORY_ALLOCATION_FREE","",0,"0x00007466d6de4000",135360,89665714753448,89665714753768
"MEMORY_ALLOCATION","MEMORY_ALLOCATION_FREE","",0,"0x00007466d6de5000",135362,89665714763459,89665714763759
"MEMORY_ALLOCATION","MEMORY_ALLOCATION_FREE","",0,"0x00007466d6de9000",135364,89665715147025,89665715147525
"MEMORY_ALLOCATION","MEMORY_ALLOCATION_FREE","",0,"0x00007466d6ded000",135366,89665715150575,89665715150855
"MEMORY_ALLOCATION","MEMORY_ALLOCATION_FREE","",0,"0x00007466d6df1000",135368,89665715155185,89665715155725
"MEMORY_ALLOCATION","MEMORY_ALLOCATION_FREE","",0,"0x00007466cd700000",135370,89665715158945,89665715160195
"MEMORY_ALLOCATION","MEMORY_ALLOCATION_FREE","",0,"0x00007466d6df5000",135372,89665715163495,89665715163825
"MEMORY_ALLOCATION","MEMORY_ALLOCATION_FREE","",0,"0x00007466cd73b000",135374,89665715168905,89665715169915
"MEMORY_ALLOCATION","MEMORY_ALLOCATION_FREE","",0,"0x00007466cd744000",135376,89665715173615,89665715174125
"MEMORY_ALLOCATION","MEMORY_ALLOCATION_FREE","",0,"0x00007466cd739000",135378,89665715177585,89665715178225
"MEMORY_ALLOCATION","MEMORY_ALLOCATION_FREE","",0,"0x00007466cd73a000",135380,89665715181545,89665715182106
"MEMORY_ALLOCATION","MEMORY_ALLOCATION_FREE","",0,"0x00007466cd743000",135382,89665715185316,89665715186026
"MEMORY_ALLOCATION","MEMORY_ALLOCATION_FREE","",0,"0x00007466cd73f000",135384,89665715189236,89665715189876
"MEMORY_ALLOCATION","MEMORY_ALLOCATION_FREE","",0,"0x00007466c5200000",135386,89665715314848,89665715369629
"MEMORY_ALLOCATION","MEMORY_ALLOCATION_FREE","",0,"0x00007466c4e00000",135388,89665715394749,89665715395569
"MEMORY_ALLOCATION","MEMORY_ALLOCATION_FREE","",0,"0x00007466d6df9000",135390,89665715399159,89665715399729
"MEMORY_ALLOCATION","MEMORY_ALLOCATION_FREE","",0,"0x00007466d6dfa000",135392,89665715403159,89665715403559
"MEMORY_ALLOCATION","MEMORY_ALLOCATION_FREE","",0,"0x00007466cd70c000",135394,89665715444710,89665715445290
"MEMORY_ALLOCATION","MEMORY_ALLOCATION_FREE","",0,"0x00007466d6dfb000",135396,89665715449000,89665715449620
"MEMORY_ALLOCATION","MEMORY_ALLOCATION_FREE","",0,"0x00007466d6dfd000",135398,89665715454230,89665715454600
"MEMORY_ALLOCATION","MEMORY_ALLOCATION_FREE","",0,"0x00007466d6dfe000",135400,89665715458780,89665715459150
"MEMORY_ALLOCATION","MEMORY_ALLOCATION_FREE","",0,"0x00007466cd71c000",135402,89665715490801,89665715491221
"MEMORY_ALLOCATION","MEMORY_ALLOCATION_FREE","",0,"0x00007466cd72c000",135404,89665715494491,89665715494891
"MEMORY_ALLOCATION","MEMORY_ALLOCATION_FREE","",0,"0x00007466d6dff000",135406,89665715497931,89665715498371
"MEMORY_ALLOCATION","MEMORY_ALLOCATION_FREE","",0,"0x00007466cd72e000",135408,89665715502421,89665715502911
"MEMORY_ALLOCATION","MEMORY_ALLOCATION_FREE","",0,"0x00007466c4400000",135410,89665715544462,89665715597022
"MEMORY_ALLOCATION","MEMORY_ALLOCATION_FREE","",0,"0x00007466c4000000",135412,89665715601022,89665715601582
"MEMORY_ALLOCATION","MEMORY_ALLOCATION_FREE","",0,"0x00007466cd72f000",135414,89665715606213,89665715606723
"MEMORY_ALLOCATION","MEMORY_ALLOCATION_FREE","",0,"0x00007466cd730000",135416,89665715610093,89665715610393
"MEMORY_ALLOCATION","MEMORY_ALLOCATION_FREE","",0,"0x00007466c3600000",135418,89665715659773,89665715704014
"MEMORY_ALLOCATION","MEMORY_ALLOCATION_FREE","",0,"0x00007466c3200000",135420,89665715708784,89665715709314
"MEMORY_ALLOCATION","MEMORY_ALLOCATION_FREE","",0,"0x00007466cd731000",135422,89665715712804,89665715713334
"MEMORY_ALLOCATION","MEMORY_ALLOCATION_FREE","",0,"0x00007466cd732000",135424,89665715716624,89665715717144
"MEMORY_ALLOCATION","MEMORY_ALLOCATION_FREE","",0,"0x00007466c1800000",135426,89665715757645,89665715807716
"MEMORY_ALLOCATION","MEMORY_ALLOCATION_FREE","",0,"0x00007466c1200000",135428,89665715813156,89665715861937
"MEMORY_ALLOCATION","MEMORY_ALLOCATION_FREE","",0,"0x00007466cd733000",135430,89665715866357,89665715866967
"MEMORY_ALLOCATION","MEMORY_ALLOCATION_FREE","",0,"0x00007466cd734000",135432,89665715870527,89665715870957
"MEMORY_ALLOCATION","MEMORY_ALLOCATION_FREE","",0,"0x00007466bf800000",135434,89665715912498,89665715958728
"MEMORY_ALLOCATION","MEMORY_ALLOCATION_FREE","",0,"0x00007466bf200000",135436,89665715963498,89665716042960
"MEMORY_ALLOCATION","MEMORY_ALLOCATION_FREE","",0,"0x00007466cd735000",135438,89665716048420,89665716049090
"MEMORY_ALLOCATION","MEMORY_ALLOCATION_FREE","",0,"0x00007466cd736000",135440,89665716052490,89665716052970
"MEMORY_ALLOCATION","MEMORY_ALLOCATION_FREE","",0,"0x00007466bd800000",135442,89665716093371,89665716139191
"MEMORY_ALLOCATION","MEMORY_ALLOCATION_FREE","",0,"0x00007466bd200000",135444,89665716145562,89665716189082
"MEMORY_ALLOCATION","MEMORY_ALLOCATION_FREE","",0,"0x00007466cd737000",135446,89665716194112,89665716194792
"MEMORY_ALLOCATION","MEMORY_ALLOCATION_FREE","",0,"0x00007466cd738000",135448,89665716198032,89665716198612
"MEMORY_ALLOCATION","MEMORY_ALLOCATION_FREE","",0,"0x00007466cd764000",135450,89665716201972,89665716202393
"MEMORY_ALLOCATION","MEMORY_ALLOCATION_FREE","",0,"0x00007466bce00000",135452,89665716205703,89665716206093
"MEMORY_ALLOCATION","MEMORY_ALLOCATION_FREE","",0,"0x00007466cd784000",135454,89665716209243,89665716209643
"MEMORY_ALLOCATION","MEMORY_ALLOCATION_FREE","",0,"0x00007466cd788000",135456,89665716213483,89665716213923
"MEMORY_ALLOCATION","MEMORY_ALLOCATION_FREE","",0,"0x00007466cd78c000",135458,89665716217053,89665716217493
"MEMORY_ALLOCATION","MEMORY_ALLOCATION_FREE","",0,"0x00007466cd794000",135460,89665716221743,89665716222113
"MEMORY_ALLOCATION","MEMORY_ALLOCATION_FREE","",0,"0x00007466cd79c000",135462,89665716225193,89665716225493
"MEMORY_ALLOCATION","MEMORY_ALLOCATION_FREE","",0,"0x00007466cd7a0000",135464,89665716228953,89665716229333
"MEMORY_ALLOCATION","MEMORY_ALLOCATION_FREE","",0,"0x00007466cd7a2000",135466,89665716232263,89665716232553
"MEMORY_ALLOCATION","MEMORY_ALLOCATION_FREE","",0,"0x00007466cd7a4000",135468,89665716235533,89665716236283
"MEMORY_ALLOCATION","MEMORY_ALLOCATION_FREE","",0,"0x00007466cd7a8000",135470,89665716239533,89665716239813
"MEMORY_ALLOCATION","MEMORY_ALLOCATION_FREE","",0,"0x00007466cd7a9000",135472,89665716243123,89665716243563
"MEMORY_ALLOCATION","MEMORY_ALLOCATION_FREE","",0,"0x00007466cd7aa000",135474,89665716246973,89665716247333
"MEMORY_ALLOCATION","MEMORY_ALLOCATION_FREE","",0,"0x00007466cd7ae000",135476,89665716252093,89665716252413
"MEMORY_ALLOCATION","MEMORY_ALLOCATION_FREE","",0,"0x00007466cd7b2000",135478,89665716255653,89665716255913
"MEMORY_ALLOCATION","MEMORY_ALLOCATION_FREE","",0,"0x00007466cd7b6000",135480,89665716259853,89665716260283
"MEMORY_ALLOCATION","MEMORY_ALLOCATION_FREE","",0,"0x00007466cd7ba000",135482,89665716263274,89665716263584
"MEMORY_ALLOCATION","MEMORY_ALLOCATION_FREE","",0,"0x00007466cd7c6000",135484,89665716266594,89665716266914
"MEMORY_ALLOCATION","MEMORY_ALLOCATION_FREE","",0,"0x00007466cd7d8000",135486,89665716272134,89665716273084
"MEMORY_ALLOCATION","MEMORY_ALLOCATION_FREE","",0,"0x00007466cd7dc000",135488,89665716276594,89665716277204
"MEMORY_ALLOCATION","MEMORY_ALLOCATION_FREE","",0,"0x00007466cd7dd000",135490,89665716280814,89665716281294
"MEMORY_ALLOCATION","MEMORY_ALLOCATION_FREE","",0,"0x00007466cd7de000",135492,89665716284954,89665716285344
"MEMORY_ALLOCATION","MEMORY_ALLOCATION_FREE","",0,"0x00007466bbc00000",135494,89665716326265,89665716370905
"MEMORY_ALLOCATION","MEMORY_ALLOCATION_FREE","",0,"0x00007466bb800000",135496,89665716374865,89665716375375
"MEMORY_ALLOCATION","MEMORY_ALLOCATION_FREE","",0,"0x00007466cd7ca000",135498,89665716380735,89665716381095
"MEMORY_ALLOCATION","MEMORY_ALLOCATION_FREE","",0,"0x00007466cd7cb000",135500,89665716384846,89665716385316
"MEMORY_ALLOCATION","MEMORY_ALLOCATION_FREE","",0,"0x00007466bb400000",135502,89665716421876,89665716422506
"MEMORY_ALLOCATION","MEMORY_ALLOCATION_FREE","",0,"0x00007466c4100000",135504,89665716426156,89665716426686
"MEMORY_ALLOCATION","MEMORY_ALLOCATION_FREE","",0,"0x00007466cd7cc000",135506,89665716433256,89665716433736
"MEMORY_ALLOCATION","MEMORY_ALLOCATION_FREE","",0,"0x00007466cd7cd000",135508,89665716436766,89665716437176
"MEMORY_ALLOCATION","MEMORY_ALLOCATION_FREE","",0,"0x00007466bb000000",135510,89665716475067,89665716475737
"MEMORY_ALLOCATION","MEMORY_ALLOCATION_FREE","",0,"0x00007466c4180000",135512,89665716479697,89665716480207
"MEMORY_ALLOCATION","MEMORY_ALLOCATION_FREE","",0,"0x00007466cd7ce000",135514,89665716483467,89665716483837
"MEMORY_ALLOCATION","MEMORY_ALLOCATION_FREE","",0,"0x00007466cd7cf000",135516,89665716486917,89665716487267
"MEMORY_ALLOCATION","MEMORY_ALLOCATION_FREE","",0,"0x00007466ba600000",135518,89665716529288,89665716574959
"MEMORY_ALLOCATION","MEMORY_ALLOCATION_FREE","",0,"0x00007466ba200000",135520,89665716580719,89665716581449
"MEMORY_ALLOCATION","MEMORY_ALLOCATION_FREE","",0,"0x00007466cd7d0000",135522,89665716584739,89665716585119
"MEMORY_ALLOCATION","MEMORY_ALLOCATION_FREE","",0,"0x00007466cd7d1000",135524,89665716588449,89665716588809
"MEMORY_ALLOCATION","MEMORY_ALLOCATION_FREE","",0,"0x00007466b8800000",135526,89665716631780,89665716676660
"MEMORY_ALLOCATION","MEMORY_ALLOCATION_FREE","",0,"0x00007466b8200000",135528,89665716682401,89665716726621
"MEMORY_ALLOCATION","MEMORY_ALLOCATION_FREE","",0,"0x00007466cd7d2000",135530,89665716731111,89665716731621
"MEMORY_ALLOCATION","MEMORY_ALLOCATION_FREE","",0,"0x00007466cd7d3000",135532,89665716734881,89665716735241
"MEMORY_ALLOCATION","MEMORY_ALLOCATION_FREE","",0,"0x00007466b6800000",135534,89665716773852,89665716823663
"MEMORY_ALLOCATION","MEMORY_ALLOCATION_FREE","",0,"0x00007466b6200000",135536,89665716829283,89665716877424
"MEMORY_ALLOCATION","MEMORY_ALLOCATION_FREE","",0,"0x00007466cd7d4000",135538,89665716881434,89665716881944
"MEMORY_ALLOCATION","MEMORY_ALLOCATION_FREE","",0,"0x00007466cd7d5000",135540,89665716885494,89665716885804
"MEMORY_ALLOCATION","MEMORY_ALLOCATION_FREE","",0,"0x00007466b4800000",135542,89665716933075,89665716980306
"MEMORY_ALLOCATION","MEMORY_ALLOCATION_FREE","",0,"0x00007466b4200000",135544,89665716991376,89665717185069
"MEMORY_ALLOCATION","MEMORY_ALLOCATION_FREE","",0,"0x00007466cd7d6000",135546,89665717229340,89665717235410
"MEMORY_ALLOCATION","MEMORY_ALLOCATION_FREE","",0,"0x00007466cd7d7000",135548,89665717436683,89665717439733
"MEMORY_ALLOCATION","MEMORY_ALLOCATION_FREE","",0,"0x00007466cd7e2000",135550,89665717451533,89665717452323
"MEMORY_ALLOCATION","MEMORY_ALLOCATION_FREE","",0,"0x00007466cd7e3000",135552,89665717458144,89665717458684
"MEMORY_ALLOCATION","MEMORY_ALLOCATION_FREE","",0,"0x00007466cd7e7000",135554,89665717464724,89665717465214
"MEMORY_ALLOCATION","MEMORY_ALLOCATION_FREE","",0,"0x00007466cd7eb000",135556,89665717472204,89665717473314
"MEMORY_ALLOCATION","MEMORY_ALLOCATION_FREE","",0,"0x00007466cd7f3000",135558,89665717478744,89665717479234
"MEMORY_ALLOCATION","MEMORY_ALLOCATION_FREE","",0,"0x00007466cd7f7000",135560,89665717483854,89665717484424
"MEMORY_ALLOCATION","MEMORY_ALLOCATION_FREE","",0,"0x00007466cd7f8000",135562,89665717489644,89665717490134
"MEMORY_ALLOCATION","MEMORY_ALLOCATION_FREE","",0,"0x00007466cd7f9000",135564,89665717495734,89665717496624
"MEMORY_ALLOCATION","MEMORY_ALLOCATION_FREE","",0,"0x00007466cd7fd000",135566,89665717501704,89665717502184
"MEMORY_ALLOCATION","MEMORY_ALLOCATION_FREE","",0,"0x00007466b3e00000",135568,89665717508644,89665717510674
"MEMORY_ALLOCATION","MEMORY_ALLOCATION_FREE","",0,"0x00007466cd7fe000",135570,89665717516064,89665717516804
"MEMORY_ALLOCATION","MEMORY_ALLOCATION_FREE","",0,"0x00007466b2c00000",135572,89665717522905,89665717602516
"MEMORY_ALLOCATION","MEMORY_ALLOCATION_FREE","",0,"0x00007466b1a00000",135574,89665717609756,89665717665927
"MEMORY_ALLOCATION","MEMORY_ALLOCATION_FREE","",0,"0x00007466b3e04000",135576,89665717672397,89665717673627
"MEMORY_ALLOCATION","MEMORY_ALLOCATION_FREE","",0,"0x00007466b3e08000",135578,89665717678917,89665717679607
"MEMORY_ALLOCATION","MEMORY_ALLOCATION_FREE","",0,"0x00007466b3e0c000",135580,89665717684107,89665717684667
"MEMORY_ALLOCATION","MEMORY_ALLOCATION_FREE","",0,"0x00007466b3e10000",135582,89665717690027,89665717690517
"MEMORY_ALLOCATION","MEMORY_ALLOCATION_FREE","",0,"0x00007466b3e14000",135584,89665717695647,89665717696347
"MEMORY_ALLOCATION","MEMORY_ALLOCATION_FREE","",0,"0x00007466b3e20000",135586,89665717701748,89665717702958
"MEMORY_ALLOCATION","MEMORY_ALLOCATION_FREE","",0,"0x00007466b3e24000",135588,89665717707898,89665717708438
"MEMORY_ALLOCATION","MEMORY_ALLOCATION_FREE","",0,"0x00007466b3fda000",135590,89665717716408,89665717717878
"MEMORY_ALLOCATION","MEMORY_ALLOCATION_FREE","",0,"0x00007466a8800000",135592,89665717724978,89665717727838
"MEMORY_ALLOCATION","MEMORY_ALLOCATION_FREE","",0,"0x00007466b3fd8000",135594,89665717734388,89665717735558
"MEMORY_ALLOCATION","MEMORY_ALLOCATION_FREE","",0,"0x00007466b3fd9000",135596,89665717740988,89665717741948
"MEMORY_ALLOCATION","MEMORY_ALLOCATION_FREE","",0,"0x00007466b3fe2000",135598,89665717746768,89665717747338
"MEMORY_ALLOCATION","MEMORY_ALLOCATION_FREE","",0,"0x00007466b3fde000",135600,89665717752178,89665717752848
"MEMORY_ALLOCATION","MEMORY_ALLOCATION_FREE","",0,"0x00007466b0800000",135602,89665717852170,89665717906991
"MEMORY_ALLOCATION","MEMORY_ALLOCATION_FREE","",0,"0x00007466b0400000",135604,89665717912971,89665717913911
"MEMORY_ALLOCATION","MEMORY_ALLOCATION_FREE","",0,"0x00007466cd7ff000",135606,89665717918711,89665717919541
"MEMORY_ALLOCATION","MEMORY_ALLOCATION_FREE","",0,"0x00007466b3ea5000",135608,89665717945102,89665717945802
"MEMORY_ALLOCATION","MEMORY_ALLOCATION_FREE","",0,"0x00007466b3ea6000",135610,89665717995052,89665717995882
"MEMORY_ALLOCATION","MEMORY_ALLOCATION_FREE","",0,"0x00007466b3eb6000",135612,89665718020203,89665718020843
"MEMORY_ALLOCATION","MEMORY_ALLOCATION_FREE","",0,"0x00007466b3eb8000",135614,89665718026083,89665718026683
"MEMORY_ALLOCATION","MEMORY_ALLOCATION_FREE","",0,"0x00007466b3eb9000",135616,89665718032883,89665718033723
"MEMORY_ALLOCATION","MEMORY_ALLOCATION_FREE","",0,"0x00007466b3eba000",135618,89665718085944,89665718086804
"MEMORY_ALLOCATION","MEMORY_ALLOCATION_FREE","",0,"0x00007466b3eca000",135620,89665718091664,89665718092174
"MEMORY_ALLOCATION","MEMORY_ALLOCATION_FREE","",0,"0x00007466b3ecc000",135622,89665718097504,89665718098044
"MEMORY_ALLOCATION","MEMORY_ALLOCATION_FREE","",0,"0x00007466b3ecd000",135624,89665718102444,89665718102864
"MEMORY_ALLOCATION","MEMORY_ALLOCATION_FREE","",0,"0x00007466afa00000",135626,89665718141955,89665718210266
"MEMORY_ALLOCATION","MEMORY_ALLOCATION_FREE","",0,"0x00007466b3ece000",135628,89665718219926,89665718220776
"MEMORY_ALLOCATION","MEMORY_ALLOCATION_FREE","",0,"0x00007466b3fce000",135630,89665718225846,89665718226376
"MEMORY_ALLOCATION","MEMORY_ALLOCATION_FREE","",0,"0x00007466b3fcf000",135632,89665718231136,89665718231676
"MEMORY_ALLOCATION","MEMORY_ALLOCATION_FREE","",0,"0x00007466af000000",135634,89665718325848,89665718378909
"MEMORY_ALLOCATION","MEMORY_ALLOCATION_FREE","",0,"0x00007466aec00000",135636,89665718398959,89665718399729
"MEMORY_ALLOCATION","MEMORY_ALLOCATION_FREE","",0,"0x00007466b3fd0000",135638,89665718404299,89665718404899
"MEMORY_ALLOCATION","MEMORY_ALLOCATION_FREE","",0,"0x00007466b3fd1000",135640,89665718409479,89665718410269
"MEMORY_ALLOCATION","MEMORY_ALLOCATION_FREE","",0,"0x00007466ad200000",135642,89665718460290,89665718515661
"MEMORY_ALLOCATION","MEMORY_ALLOCATION_FREE","",0,"0x00007466acc00000",135644,89665718523181,89665718573152
"MEMORY_ALLOCATION","MEMORY_ALLOCATION_FREE","",0,"0x00007466b3fd2000",135646,89665718577332,89665718577812
"MEMORY_ALLOCATION","MEMORY_ALLOCATION_FREE","",0,"0x00007466b3fd3000",135648,89665718581082,89665718581562
"MEMORY_ALLOCATION","MEMORY_ALLOCATION_FREE","",0,"0x00007466ab200000",135650,89665718624943,89665718671014
"MEMORY_ALLOCATION","MEMORY_ALLOCATION_FREE","",0,"0x00007466aac00000",135652,89665718678094,89665718722505
"MEMORY_ALLOCATION","MEMORY_ALLOCATION_FREE","",0,"0x00007466b3fd4000",135654,89665718726485,89665718726955
"MEMORY_ALLOCATION","MEMORY_ALLOCATION_FREE","",0,"0x00007466b3fd5000",135656,89665718730605,89665718730995
"MEMORY_ALLOCATION","MEMORY_ALLOCATION_FREE","",0,"0x00007466a9200000",135658,89665718764275,89665718814016
"MEMORY_ALLOCATION","MEMORY_ALLOCATION_FREE","",0,"0x00007466a8c00000",135660,89665718822396,89665718869747
"MEMORY_ALLOCATION","MEMORY_ALLOCATION_FREE","",0,"0x00007466b3fd6000",135662,89665718874177,89665718874717
"MEMORY_ALLOCATION","MEMORY_ALLOCATION_FREE","",0,"0x00007466b3fd7000",135664,89665718878117,89665718878577
"MEMORY_ALLOCATION","MEMORY_ALLOCATION_FREE","",0,"0x00007466a8820000",135666,89665718883177,89665718883977
"MEMORY_ALLOCATION","MEMORY_ALLOCATION_FREE","",0,"0x00007466a8400000",135668,89665718887917,89665718888777
"MEMORY_ALLOCATION","MEMORY_ALLOCATION_FREE","",0,"0x00007466b3fe3000",135670,89665718892497,89665718892997
"MEMORY_ALLOCATION","MEMORY_ALLOCATION_FREE","",0,"0x00007466b3fe7000",135672,89665718896488,89665718896828
"MEMORY_ALLOCATION","MEMORY_ALLOCATION_FREE","",0,"0x00007466b3feb000",135674,89665718900218,89665718900648
"MEMORY_ALLOCATION","MEMORY_ALLOCATION_FREE","",0,"0x00007466b3ff3000",135676,89665718905768,89665718906208
"MEMORY_ALLOCATION","MEMORY_ALLOCATION_FREE","",0,"0x00007466b3ffb000",135678,89665718909388,89665718909808
"MEMORY_ALLOCATION","MEMORY_ALLOCATION_FREE","",0,"0x00007466a8840000",135680,89665718913378,89665718913768
"MEMORY_ALLOCATION","MEMORY_ALLOCATION_FREE","",0,"0x00007466a8842000",135682,89665718917368,89665718917808
"MEMORY_ALLOCATION","MEMORY_ALLOCATION_FREE","",0,"0x00007466a8844000",135684,89665718920898,89665718921248
"MEMORY_ALLOCATION","MEMORY_ALLOCATION_FREE","",0,"0x00007466b3fff000",135686,89665718924578,89665718924988
"MEMORY_ALLOCATION","MEMORY_ALLOCATION_FREE","",0,"0x00007466a8848000",135688,89665718928488,89665718929078
"MEMORY_ALLOCATION","MEMORY_ALLOCATION_FREE","",0,"0x00007466a8849000",135690,89665718932408,89665718932748
"MEMORY_ALLOCATION","MEMORY_ALLOCATION_FREE","",0,"0x00007466a884d000",135692,89665718937808,89665718938358
"MEMORY_ALLOCATION","MEMORY_ALLOCATION_FREE","",0,"0x00007466a8851000",135694,89665718941668,89665718941958
"MEMORY_ALLOCATION","MEMORY_ALLOCATION_FREE","",0,"0x00007466a8855000",135696,89665718945228,89665718945588
"MEMORY_ALLOCATION","MEMORY_ALLOCATION_FREE","",0,"0x00007466a8859000",135698,89665718948878,89665718949188
"MEMORY_ALLOCATION","MEMORY_ALLOCATION_FREE","",0,"0x00007466a8865000",135700,89665718953079,89665718953409
"MEMORY_ALLOCATION","MEMORY_ALLOCATION_FREE","",0,"0x00007466a899f000",135702,89665718959479,89665718960529
"MEMORY_ALLOCATION","MEMORY_ALLOCATION_FREE","",0,"0x00007466a89a8000",135704,89665718964549,89665718964899
"MEMORY_ALLOCATION","MEMORY_ALLOCATION_FREE","",0,"0x00007466a899d000",135706,89665718968589,89665718969099
"MEMORY_ALLOCATION","MEMORY_ALLOCATION_FREE","",0,"0x00007466a899e000",135708,89665718972509,89665718973049
"MEMORY_ALLOCATION","MEMORY_ALLOCATION_FREE","",0,"0x00007466a89a7000",135710,89665718976989,89665718977499
"MEMORY_ALLOCATION","MEMORY_ALLOCATION_FREE","",0,"0x00007466a89a3000",135712,89665718981049,89665718982059
"MEMORY_ALLOCATION","MEMORY_ALLOCATION_FREE","",0,"0x00007466a7200000",135714,89665719044720,89665719104921
"MEMORY_ALLOCATION","MEMORY_ALLOCATION_FREE","",0,"0x00007466a6e00000",135716,89665719116791,89665719117371
"MEMORY_ALLOCATION","MEMORY_ALLOCATION_FREE","",0,"0x00007466a8869000",135718,89665719120961,89665719121421
"MEMORY_ALLOCATION","MEMORY_ALLOCATION_FREE","",0,"0x00007466a886a000",135720,89665719125211,89665719125981
"MEMORY_ALLOCATION","MEMORY_ALLOCATION_FREE","",0,"0x00007466a886b000",135722,89665719170832,89665719171222
"MEMORY_ALLOCATION","MEMORY_ALLOCATION_FREE","",0,"0x00007466a887b000",135724,89665719174852,89665719175662
"MEMORY_ALLOCATION","MEMORY_ALLOCATION_FREE","",0,"0x00007466a887d000",135726,89665719180822,89665719181122
"MEMORY_ALLOCATION","MEMORY_ALLOCATION_FREE","",0,"0x00007466a887e000",135728,89665719184342,89665719185002
"MEMORY_ALLOCATION","MEMORY_ALLOCATION_FREE","",0,"0x00007466a887f000",135730,89665719222593,89665719222903
"MEMORY_ALLOCATION","MEMORY_ALLOCATION_FREE","",0,"0x00007466a888f000",135732,89665719228153,89665719228533
"MEMORY_ALLOCATION","MEMORY_ALLOCATION_FREE","",0,"0x00007466a8891000",135734,89665719232213,89665719232493
"MEMORY_ALLOCATION","MEMORY_ALLOCATION_FREE","",0,"0x00007466a8892000",135736,89665719235933,89665719236273
"MEMORY_ALLOCATION","MEMORY_ALLOCATION_FREE","",0,"0x00007466a6400000",135738,89665719278134,89665719327915
"MEMORY_ALLOCATION","MEMORY_ALLOCATION_FREE","",0,"0x00007466a8893000",135740,89665719334765,89665719335245
"MEMORY_ALLOCATION","MEMORY_ALLOCATION_FREE","",0,"0x00007466a8993000",135742,89665719338795,89665719339235
"MEMORY_ALLOCATION","MEMORY_ALLOCATION_FREE","",0,"0x00007466a8994000",135744,89665719342685,89665719343015
"MEMORY_ALLOCATION","MEMORY_ALLOCATION_FREE","",0,"0x00007466a5a00000",135746,89665719383396,89665719435797
"MEMORY_ALLOCATION","MEMORY_ALLOCATION_FREE","",0,"0x00007466a5600000",135748,89665719439707,89665719440247
"MEMORY_ALLOCATION","MEMORY_ALLOCATION_FREE","",0,"0x00007466a8995000",135750,89665719443757,89665719444167
"MEMORY_ALLOCATION","MEMORY_ALLOCATION_FREE","",0,"0x00007466a8996000",135752,89665719447657,89665719447957
"MEMORY_ALLOCATION","MEMORY_ALLOCATION_FREE","",0,"0x00007466a3c00000",135754,89665719485037,89665719532728
"MEMORY_ALLOCATION","MEMORY_ALLOCATION_FREE","",0,"0x00007466a3600000",135756,89665719537828,89665719580469
"MEMORY_ALLOCATION","MEMORY_ALLOCATION_FREE","",0,"0x00007466a8997000",135758,89665719584729,89665719585259
"MEMORY_ALLOCATION","MEMORY_ALLOCATION_FREE","",0,"0x00007466a8998000",135760,89665719588749,89665719589029
"MEMORY_ALLOCATION","MEMORY_ALLOCATION_FREE","",0,"0x00007466a1c00000",135762,89665719632610,89665719678431
"MEMORY_ALLOCATION","MEMORY_ALLOCATION_FREE","",0,"0x00007466a1600000",135764,89665719685001,89665719730812
"MEMORY_ALLOCATION","MEMORY_ALLOCATION_FREE","",0,"0x00007466a8999000",135766,89665719735012,89665719735682
"MEMORY_ALLOCATION","MEMORY_ALLOCATION_FREE","",0,"0x00007466a899a000",135768,89665719739792,89665719740112
"MEMORY_ALLOCATION","MEMORY_ALLOCATION_FREE","",0,"0x000074669fc00000",135770,89665719782362,89665719825513
"MEMORY_ALLOCATION","MEMORY_ALLOCATION_FREE","",0,"0x000074669f600000",135772,89665719829803,89665719876534
"MEMORY_ALLOCATION","MEMORY_ALLOCATION_FREE","",0,"0x00007466a899b000",135774,89665719882414,89665719883114
"MEMORY_ALLOCATION","MEMORY_ALLOCATION_FREE","",0,"0x00007466a899c000",135776,89665719886524,89665719886954
"MEMORY_ALLOCATION","MEMORY_ALLOCATION_FREE","",0,"0x00007466a89c8000",135778,89665719890704,89665719891064
"MEMORY_ALLOCATION","MEMORY_ALLOCATION_FREE","",0,"0x000074669ee00000",135780,89665719896254,89665719897464
"MEMORY_ALLOCATION","MEMORY_ALLOCATION_FREE","",0,"0x00007466a89e8000",135782,89665719901034,89665719901734
"MEMORY_ALLOCATION","MEMORY_ALLOCATION_FREE","",0,"0x00007466a89ec000",135784,89665719905624,89665719905965
"MEMORY_ALLOCATION","MEMORY_ALLOCATION_FREE","",0,"0x00007466a89f0000",135786,89665719909465,89665719909815
"MEMORY_ALLOCATION","MEMORY_ALLOCATION_FREE","",0,"0x00007466a89f8000",135788,89665719914695,89665719915275
"MEMORY_ALLOCATION","MEMORY_ALLOCATION_FREE","",0,"0x000074669f200000",135790,89665719918955,89665719919325
"MEMORY_ALLOCATION","MEMORY_ALLOCATION_FREE","",0,"0x000074669f204000",135792,89665719922665,89665719923275
"MEMORY_ALLOCATION","MEMORY_ALLOCATION_FREE","",0,"0x000074669f206000",135794,89665719926815,89665719927135
"MEMORY_ALLOCATION","MEMORY_ALLOCATION_FREE","",0,"0x000074669f208000",135796,89665719930235,89665719930705
"MEMORY_ALLOCATION","MEMORY_ALLOCATION_FREE","",0,"0x000074669f20c000",135798,89665719934045,89665719934355
"MEMORY_ALLOCATION","MEMORY_ALLOCATION_FREE","",0,"0x000074669f20d000",135800,89665719937955,89665719938285
"MEMORY_ALLOCATION","MEMORY_ALLOCATION_FREE","",0,"0x000074669f20e000",135802,89665719941335,89665719941595
"MEMORY_ALLOCATION","MEMORY_ALLOCATION_FREE","",0,"0x000074669f212000",135804,89665719948425,89665719949085
"MEMORY_ALLOCATION","MEMORY_ALLOCATION_FREE","",0,"0x000074669f216000",135806,89665719954815,89665719955325
"MEMORY_ALLOCATION","MEMORY_ALLOCATION_FREE","",0,"0x000074669f21a000",135808,89665719961315,89665719962015
"MEMORY_ALLOCATION","MEMORY_ALLOCATION_FREE","",0,"0x000074669f21e000",135810,89665719966256,89665719966506
"MEMORY_ALLOCATION","MEMORY_ALLOCATION_FREE","",0,"0x000074669f22a000",135812,89665719970036,89665719970396
"MEMORY_ALLOCATION","MEMORY_ALLOCATION_FREE","",0,"0x000074669f364000",135814,89665719976376,89665719977466
"MEMORY_ALLOCATION","MEMORY_ALLOCATION_FREE","",0,"0x000074669f36d000",135816,89665719981666,89665719982036
"MEMORY_ALLOCATION","MEMORY_ALLOCATION_FREE","",0,"0x000074669f362000",135818,89665719985626,89665719986046
"MEMORY_ALLOCATION","MEMORY_ALLOCATION_FREE","",0,"0x000074669f363000",135820,89665719989606,89665719990266
"MEMORY_ALLOCATION","MEMORY_ALLOCATION_FREE","",0,"0x000074669f36c000",135822,89665719993856,89665719994386
"MEMORY_ALLOCATION","MEMORY_ALLOCATION_FREE","",0,"0x000074669f368000",135824,89665719998156,89665719998566
"MEMORY_ALLOCATION","MEMORY_ALLOCATION_FREE","",0,"0x000074669dc00000",135826,89665720064947,89665720116548
"MEMORY_ALLOCATION","MEMORY_ALLOCATION_FREE","",0,"0x000074669d800000",135828,89665720120638,89665720121248
"MEMORY_ALLOCATION","MEMORY_ALLOCATION_FREE","",0,"0x000074669f22e000",135830,89665720127818,89665720128328
"MEMORY_ALLOCATION","MEMORY_ALLOCATION_FREE","",0,"0x000074669f22f000",135832,89665720131558,89665720132028
"MEMORY_ALLOCATION","MEMORY_ALLOCATION_FREE","",0,"0x000074669f230000",135834,89665720180069,89665720180689
"MEMORY_ALLOCATION","MEMORY_ALLOCATION_FREE","",0,"0x000074669f240000",135836,89665720186959,89665720187679
"MEMORY_ALLOCATION","MEMORY_ALLOCATION_FREE","",0,"0x000074669f242000",135838,89665720192739,89665720193029
"MEMORY_ALLOCATION","MEMORY_ALLOCATION_FREE","",0,"0x000074669f243000",135840,89665720196639,89665720197019
"MEMORY_ALLOCATION","MEMORY_ALLOCATION_FREE","",0,"0x000074669f244000",135842,89665720239470,89665720239810
"MEMORY_ALLOCATION","MEMORY_ALLOCATION_FREE","",0,"0x000074669f254000",135844,89665720243870,89665720244290
"MEMORY_ALLOCATION","MEMORY_ALLOCATION_FREE","",0,"0x000074669f256000",135846,89665720247440,89665720247800
"MEMORY_ALLOCATION","MEMORY_ALLOCATION_FREE","",0,"0x000074669f257000",135848,89665720250810,89665720251250
"MEMORY_ALLOCATION","MEMORY_ALLOCATION_FREE","",0,"0x000074669ce00000",135850,89665720285911,89665720339572
"MEMORY_ALLOCATION","MEMORY_ALLOCATION_FREE","",0,"0x000074669f258000",135852,89665720344222,89665720344922
"MEMORY_ALLOCATION","MEMORY_ALLOCATION_FREE","",0,"0x000074669f358000",135854,89665720352792,89665720353232
"MEMORY_ALLOCATION","MEMORY_ALLOCATION_FREE","",0,"0x000074669f359000",135856,89665720357222,89665720357552
"MEMORY_ALLOCATION","MEMORY_ALLOCATION_FREE","",0,"0x000074669c400000",135858,89665720396353,89665720442443
"MEMORY_ALLOCATION","MEMORY_ALLOCATION_FREE","",0,"0x000074669c000000",135860,89665720446724,89665720447364
"MEMORY_ALLOCATION","MEMORY_ALLOCATION_FREE","",0,"0x000074669f35a000",135862,89665720451144,89665720451594
"MEMORY_ALLOCATION","MEMORY_ALLOCATION_FREE","",0,"0x000074669f35b000",135864,89665720455064,89665720455384
"MEMORY_ALLOCATION","MEMORY_ALLOCATION_FREE","",0,"0x000074669a600000",135866,89665720488524,89665720535875
"MEMORY_ALLOCATION","MEMORY_ALLOCATION_FREE","",0,"0x000074669a000000",135868,89665720542765,89665720586116
"MEMORY_ALLOCATION","MEMORY_ALLOCATION_FREE","",0,"0x000074669f35c000",135870,89665720590356,89665720590826
"MEMORY_ALLOCATION","MEMORY_ALLOCATION_FREE","",0,"0x000074669f35d000",135872,89665720594196,89665720594506
"MEMORY_ALLOCATION","MEMORY_ALLOCATION_FREE","",0,"0x0000746698600000",135874,89665720647827,89665720691798
"MEMORY_ALLOCATION","MEMORY_ALLOCATION_FREE","",0,"0x0000746698000000",135876,89665720696568,89665720743238
"MEMORY_ALLOCATION","MEMORY_ALLOCATION_FREE","",0,"0x000074669f35e000",135878,89665720747449,89665720747989
"MEMORY_ALLOCATION","MEMORY_ALLOCATION_FREE","",0,"0x000074669f35f000",135880,89665720751409,89665720751729
"MEMORY_ALLOCATION","MEMORY_ALLOCATION_FREE","",0,"0x0000746696600000",135882,89665720783499,89665720832030
"MEMORY_ALLOCATION","MEMORY_ALLOCATION_FREE","",0,"0x0000746696000000",135884,89665720837830,89665720880551
"MEMORY_ALLOCATION","MEMORY_ALLOCATION_FREE","",0,"0x000074669f360000",135886,89665720884661,89665720885191
"MEMORY_ALLOCATION","MEMORY_ALLOCATION_FREE","",0,"0x000074669f361000",135888,89665720888721,89665720889201
"MEMORY_ALLOCATION","MEMORY_ALLOCATION_FREE","",0,"0x000074669f38d000",135890,89665720893441,89665720893971
"MEMORY_ALLOCATION","MEMORY_ALLOCATION_FREE","",0,"0x0000746695c00000",135892,89665720897261,89665720897551
"MEMORY_ALLOCATION","MEMORY_ALLOCATION_FREE","",0,"0x000074669f3ad000",135894,89665720900791,89665720901141
"MEMORY_ALLOCATION","MEMORY_ALLOCATION_FREE","",0,"0x000074669f3b1000",135896,89665720904451,89665720904891
"MEMORY_ALLOCATION","MEMORY_ALLOCATION_FREE","",0,"0x000074669f3b5000",135898,89665721214326,89665721215136
"MEMORY_ALLOCATION","MEMORY_ALLOCATION_FREE","",0,"0x000074669f3bd000",135900,89665721219406,89665721219876
"MEMORY_ALLOCATION","MEMORY_ALLOCATION_FREE","",0,"0x000074669f3c5000",135902,89665721223086,89665721223406
"MEMORY_ALLOCATION","MEMORY_ALLOCATION_FREE","",0,"0x000074669f3c9000",135904,89665721226587,89665721227037
"MEMORY_ALLOCATION","MEMORY_ALLOCATION_FREE","",0,"0x000074669f3cb000",135906,89665721231137,89665721231457
"MEMORY_ALLOCATION","MEMORY_ALLOCATION_FREE","",0,"0x000074669f3cd000",135908,89665721234777,89665721235227
"MEMORY_ALLOCATION","MEMORY_ALLOCATION_FREE","",0,"0x000074669f3d1000",135910,89665721238597,89665721238887
"MEMORY_ALLOCATION","MEMORY_ALLOCATION_FREE","",0,"0x000074669f3d2000",135912,89665721242017,89665721242377
"MEMORY_ALLOCATION","MEMORY_ALLOCATION_FREE","",0,"0x000074669f3d3000",135914,89665721245877,89665721246167
"MEMORY_ALLOCATION","MEMORY_ALLOCATION_FREE","",0,"0x000074669f3d7000",135916,89665721249527,89665721249927
"MEMORY_ALLOCATION","MEMORY_ALLOCATION_FREE","",0,"0x000074669f3db000",135918,89665721253487,89665721253787
"MEMORY_ALLOCATION","MEMORY_ALLOCATION_FREE","",0,"0x000074669f3df000",135920,89665721257207,89665721257547
"MEMORY_ALLOCATION","MEMORY_ALLOCATION_FREE","",0,"0x000074669f3e3000",135922,89665721261937,89665721262217
"MEMORY_ALLOCATION","MEMORY_ALLOCATION_FREE","",0,"0x000074669f3ef000",135924,89665721265517,89665721265927
"MEMORY_ALLOCATION","MEMORY_ALLOCATION_FREE","",0,"0x0000746693f01000",135926,89665721273387,89665721274747
"MEMORY_ALLOCATION","MEMORY_ALLOCATION_FREE","",0,"0x0000746693f05000",135928,89665721279137,89665721279727
"MEMORY_ALLOCATION","MEMORY_ALLOCATION_FREE","",0,"0x0000746693f06000",135930,89665721283427,89665721283807
"MEMORY_ALLOCATION","MEMORY_ALLOCATION_FREE","",0,"0x0000746693f07000",135932,89665721287238,89665721287618
"MEMORY_ALLOCATION","MEMORY_ALLOCATION_FREE","",0,"0x0000746694a00000",135934,89665721369259,89665721419540
"MEMORY_ALLOCATION","MEMORY_ALLOCATION_FREE","",0,"0x0000746694600000",135936,89665721435430,89665721436070
"MEMORY_ALLOCATION","MEMORY_ALLOCATION_FREE","",0,"0x000074669f3f3000",135938,89665721439670,89665721440150
"MEMORY_ALLOCATION","MEMORY_ALLOCATION_FREE","",0,"0x000074669f3f4000",135940,89665721443580,89665721444130
"MEMORY_ALLOCATION","MEMORY_ALLOCATION_FREE","",0,"0x0000746694200000",135942,89665721489351,89665721489721
"MEMORY_ALLOCATION","MEMORY_ALLOCATION_FREE","",0,"0x0000746693e00000",135944,89665721493121,89665721494061
"MEMORY_ALLOCATION","MEMORY_ALLOCATION_FREE","",0,"0x000074669f3f5000",135946,89665721497341,89665721497701
"MEMORY_ALLOCATION","MEMORY_ALLOCATION_FREE","",0,"0x000074669f3f6000",135948,89665721500971,89665721501331
"MEMORY_ALLOCATION","MEMORY_ALLOCATION_FREE","",0,"0x0000746693a00000",135950,89665721539042,89665721539402
"MEMORY_ALLOCATION","MEMORY_ALLOCATION_FREE","",0,"0x0000746693e80000",135952,89665721543742,89665721544162
"MEMORY_ALLOCATION","MEMORY_ALLOCATION_FREE","",0,"0x000074669f3f7000",135954,89665721547782,89665721548122
"MEMORY_ALLOCATION","MEMORY_ALLOCATION_FREE","",0,"0x000074669f3f8000",135956,89665721551382,89665721551762
"MEMORY_ALLOCATION","MEMORY_ALLOCATION_FREE","",0,"0x0000746693000000",135958,89665721596503,89665721651484
"MEMORY_ALLOCATION","MEMORY_ALLOCATION_FREE","",0,"0x0000746692c00000",135960,89665721660294,89665721660774
"MEMORY_ALLOCATION","MEMORY_ALLOCATION_FREE","",0,"0x000074669f3f9000",135962,89665721664054,89665721664404
"MEMORY_ALLOCATION","MEMORY_ALLOCATION_FREE","",0,"0x000074669f3fa000",135964,89665721667694,89665721668124
"MEMORY_ALLOCATION","MEMORY_ALLOCATION_FREE","",0,"0x0000746691200000",135966,89665721706925,89665721756225
"MEMORY_ALLOCATION","MEMORY_ALLOCATION_FREE","",0,"0x0000746690c00000",135968,89665721761915,89665721807616
"MEMORY_ALLOCATION","MEMORY_ALLOCATION_FREE","",0,"0x000074669f3fb000",135970,89665721811516,89665721811976
"MEMORY_ALLOCATION","MEMORY_ALLOCATION_FREE","",0,"0x000074669f3fc000",135972,89665721815716,89665721816406
"MEMORY_ALLOCATION","MEMORY_ALLOCATION_FREE","",0,"0x000074668f200000",135974,89665721858107,89665721905708
"MEMORY_ALLOCATION","MEMORY_ALLOCATION_FREE","",0,"0x000074668ec00000",135976,89665721909658,89665721956839
"MEMORY_ALLOCATION","MEMORY_ALLOCATION_FREE","",0,"0x000074669f3fd000",135978,89665721960549,89665721961049
"MEMORY_ALLOCATION","MEMORY_ALLOCATION_FREE","",0,"0x000074669f3fe000",135980,89665721964779,89665721965139
"MEMORY_ALLOCATION","MEMORY_ALLOCATION_FREE","",0,"0x000074668d200000",135982,89665722028070,89665722113111
"MEMORY_ALLOCATION","MEMORY_ALLOCATION_FREE","",0,"0x000074668cc00000",135984,89665722117111,89665722164922
"MEMORY_ALLOCATION","MEMORY_ALLOCATION_FREE","",0,"0x000074669f3ff000",135986,89665722168752,89665722169392
"MEMORY_ALLOCATION","MEMORY_ALLOCATION_FREE","",0,"0x0000746693f00000",135988,89665722172922,89665722173742
"MEMORY_ALLOCATION","MEMORY_ALLOCATION_FREE","",0,"0x0000746693f0b000",135990,89665722179002,89665722179552
"MEMORY_ALLOCATION","MEMORY_ALLOCATION_FREE","",0,"0x0000746693f0c000",135992,89665722183473,89665722183823
"MEMORY_ALLOCATION","MEMORY_ALLOCATION_FREE","",0,"0x0000746693f10000",135994,89665722187013,89665722187503
"MEMORY_ALLOCATION","MEMORY_ALLOCATION_FREE","",0,"0x0000746693f14000",135996,89665722190423,89665722190773
"MEMORY_ALLOCATION","MEMORY_ALLOCATION_FREE","",0,"0x0000746693f1c000",135998,89665722194073,89665722194463
"MEMORY_ALLOCATION","MEMORY_ALLOCATION_FREE","",0,"0x0000746693f20000",136000,89665722198483,89665722199153
"MEMORY_ALLOCATION","MEMORY_ALLOCATION_FREE","",0,"0x0000746693f21000",136002,89665722205373,89665722205993
"MEMORY_ALLOCATION","MEMORY_ALLOCATION_FREE","",0,"0x0000746693f22000",136004,89665722213433,89665722213973
"MEMORY_ALLOCATION","MEMORY_ALLOCATION_FREE","",0,"0x0000746693f26000",136006,89665722219943,89665722220443
"MEMORY_ALLOCATION","MEMORY_ALLOCATION_FREE","",0,"0x0000746693f27000",136008,89665722225963,89665722226363
"MEMORY_ALLOCATION","MEMORY_ALLOCATION_FREE","",0,"0x0000746693f2b000",136010,89665722229923,89665722230273
"MEMORY_ALLOCATION","MEMORY_ALLOCATION_FREE","",0,"0x000074668ba00000",136012,89665722233273,89665722286754
"MEMORY_ALLOCATION","MEMORY_ALLOCATION_FREE","",0,"0x000074668a800000",136014,89665722292584,89665722338585
"MEMORY_ALLOCATION","MEMORY_ALLOCATION_FREE","",0,"0x0000746693f2c000",136016,89665722342465,89665722342925
"MEMORY_ALLOCATION","MEMORY_ALLOCATION_FREE","",0,"0x0000746693f30000",136018,89665722346035,89665722346325
"MEMORY_ALLOCATION","MEMORY_ALLOCATION_FREE","",0,"0x0000746693f34000",136020,89665722349695,89665722350095
"MEMORY_ALLOCATION","MEMORY_ALLOCATION_FREE","",0,"0x0000746693f38000",136022,89665722353385,89665722353745
"MEMORY_ALLOCATION","MEMORY_ALLOCATION_FREE","",0,"0x0000746693f3c000",136024,89665722358475,89665722358775
"MEMORY_ALLOCATION","MEMORY_ALLOCATION_FREE","",0,"0x0000746693f48000",136026,89665722362036,89665722362326
"MEMORY_ALLOCATION","MEMORY_ALLOCATION_FREE","",0,"0x0000746693f4c000",136028,89665722365526,89665722365946
"MEMORY_ALLOCATION","MEMORY_ALLOCATION_FREE","",0,"0x0000746688503000",136030,89665722372526,89665722374156
"MEMORY_ALLOCATION","MEMORY_ALLOCATION_FREE","",0,"0x000074668850c000",136032,89665722378136,89665722378606
"MEMORY_ALLOCATION","MEMORY_ALLOCATION_FREE","",0,"0x0000746688501000",136034,89665722382746,89665722383726
"MEMORY_ALLOCATION","MEMORY_ALLOCATION_FREE","",0,"0x0000746688502000",136036,89665722387326,89665722388116
"MEMORY_ALLOCATION","MEMORY_ALLOCATION_FREE","",0,"0x000074668850b000",136038,89665722391276,89665722391746
"MEMORY_ALLOCATION","MEMORY_ALLOCATION_FREE","",0,"0x0000746688507000",136040,89665722394926,89665722395376
"MEMORY_ALLOCATION","MEMORY_ALLOCATION_FREE","",0,"0x0000746689600000",136042,89665722440177,89665722485698
"MEMORY_ALLOCATION","MEMORY_ALLOCATION_FREE","",0,"0x0000746689200000",136044,89665722489798,89665722490408
"MEMORY_ALLOCATION","MEMORY_ALLOCATION_FREE","",0,"0x0000746693fcd000",136046,89665722497298,89665722497788
"MEMORY_ALLOCATION","MEMORY_ALLOCATION_FREE","",0,"0x0000746693fce000",136048,89665722501048,89665722501388
"MEMORY_ALLOCATION","MEMORY_ALLOCATION_FREE","",0,"0x0000746693fcf000",136050,89665722545129,89665722545509
"MEMORY_ALLOCATION","MEMORY_ALLOCATION_FREE","",0,"0x0000746693fdf000",136052,89665722548619,89665722549079
"MEMORY_ALLOCATION","MEMORY_ALLOCATION_FREE","",0,"0x0000746693fe1000",136054,89665722553769,89665722554189
"MEMORY_ALLOCATION","MEMORY_ALLOCATION_FREE","",0,"0x0000746693fe2000",136056,89665722558039,89665722558379
"MEMORY_ALLOCATION","MEMORY_ALLOCATION_FREE","",0,"0x0000746693fe3000",136058,89665722605120,89665722605450
"MEMORY_ALLOCATION","MEMORY_ALLOCATION_FREE","",0,"0x0000746693ff3000",136060,89665722608690,89665722609620
"MEMORY_ALLOCATION","MEMORY_ALLOCATION_FREE","",0,"0x0000746693ff5000",136062,89665722612700,89665722613100
"MEMORY_ALLOCATION","MEMORY_ALLOCATION_FREE","",0,"0x0000746693ff6000",136064,89665722620780,89665722621150
"MEMORY_ALLOCATION","MEMORY_ALLOCATION_FREE","",0,"0x0000746688800000",136066,89665722663261,89665722714001
"MEMORY_ALLOCATION","MEMORY_ALLOCATION_FREE","",0,"0x0000746688400000",136068,89665722718161,89665722718671
"MEMORY_ALLOCATION","MEMORY_ALLOCATION_FREE","",0,"0x0000746693ff7000",136070,89665722722181,89665722722732
"MEMORY_ALLOCATION","MEMORY_ALLOCATION_FREE","",0,"0x0000746693ff8000",136072,89665722726602,89665722726922
"MEMORY_ALLOCATION","MEMORY_ALLOCATION_FREE","",0,"0x0000746687a00000",136074,89665722767422,89665722814613
"MEMORY_ALLOCATION","MEMORY_ALLOCATION_FREE","",0,"0x0000746687600000",136076,89665722819373,89665722820223
"MEMORY_ALLOCATION","MEMORY_ALLOCATION_FREE","",0,"0x0000746693ff9000",136078,89665722823453,89665722823863
"MEMORY_ALLOCATION","MEMORY_ALLOCATION_FREE","",0,"0x0000746693ffa000",136080,89665722827153,89665722827973
"MEMORY_ALLOCATION","MEMORY_ALLOCATION_FREE","",0,"0x0000746685c00000",136082,89665722869694,89665722918225
"MEMORY_ALLOCATION","MEMORY_ALLOCATION_FREE","",0,"0x0000746685600000",136084,89665722923465,89665722966636
"MEMORY_ALLOCATION","MEMORY_ALLOCATION_FREE","",0,"0x0000746693ffb000",136086,89665722970406,89665722970926
"MEMORY_ALLOCATION","MEMORY_ALLOCATION_FREE","",0,"0x0000746693ffc000",136088,89665722974176,89665722974596
"MEMORY_ALLOCATION","MEMORY_ALLOCATION_FREE","",0,"0x0000746683c00000",136090,89665723047817,89665723094458
"MEMORY_ALLOCATION","MEMORY_ALLOCATION_FREE","",0,"0x0000746683600000",136092,89665723099198,89665723141518
"MEMORY_ALLOCATION","MEMORY_ALLOCATION_FREE","",0,"0x0000746693ffd000",136094,89665723146519,89665723146959
"MEMORY_ALLOCATION","MEMORY_ALLOCATION_FREE","",0,"0x0000746693ffe000",136096,89665723150439,89665723150779
"MEMORY_ALLOCATION","MEMORY_ALLOCATION_FREE","",0,"0x0000746681c00000",136098,89665723183659,89665723230850
"MEMORY_ALLOCATION","MEMORY_ALLOCATION_FREE","",0,"0x0000746681600000",136100,89665723235130,89665723279501
"MEMORY_ALLOCATION","MEMORY_ALLOCATION_FREE","",0,"0x0000746693fff000",136102,89665723283691,89665723284231
"MEMORY_ALLOCATION","MEMORY_ALLOCATION_FREE","",0,"0x0000746688500000",136104,89665723287651,89665723288371
"MEMORY_ALLOCATION","MEMORY_ALLOCATION_FREE","",0,"0x000074668852c000",136106,89665723291721,89665723292111
"MEMORY_ALLOCATION","MEMORY_ALLOCATION_FREE","",0,"0x0000746681200000",136108,89665723295451,89665723295791
"MEMORY_ALLOCATION","MEMORY_ALLOCATION_FREE","",0,"0x000074668854c000",136110,89665723299121,89665723299591
"MEMORY_ALLOCATION","MEMORY_ALLOCATION_FREE","",0,"0x0000746688550000",136112,89665723302781,89665723303141
"MEMORY_ALLOCATION","MEMORY_ALLOCATION_FREE","",0,"0x0000746688554000",136114,89665723306961,89665723307501
"MEMORY_ALLOCATION","MEMORY_ALLOCATION_FREE","",0,"0x000074668855c000",136116,89665723313081,89665723313411
"MEMORY_ALLOCATION","MEMORY_ALLOCATION_FREE","",0,"0x0000746688564000",136118,89665723316571,89665723316921
"MEMORY_ALLOCATION","MEMORY_ALLOCATION_FREE","",0,"0x0000746688568000",136120,89665723319961,89665723320271
"MEMORY_ALLOCATION","MEMORY_ALLOCATION_FREE","",0,"0x000074668856a000",136122,89665723323432,89665723323752
"MEMORY_ALLOCATION","MEMORY_ALLOCATION_FREE","",0,"0x000074668856c000",136124,89665723327382,89665723327652
"MEMORY_ALLOCATION","MEMORY_ALLOCATION_FREE","",0,"0x0000746688570000",136126,89665723331052,89665723331412
"MEMORY_ALLOCATION","MEMORY_ALLOCATION_FREE","",0,"0x0000746688571000",136128,89665723334412,89665723334672
"MEMORY_ALLOCATION","MEMORY_ALLOCATION_FREE","",0,"0x0000746688572000",136130,89665723338462,89665723338832
"MEMORY_ALLOCATION","MEMORY_ALLOCATION_FREE","",0,"0x0000746688576000",136132,89665723343622,89665723343972
"MEMORY_ALLOCATION","MEMORY_ALLOCATION_FREE","",0,"0x000074668857a000",136134,89665723347262,89665723347702
"MEMORY_ALLOCATION","MEMORY_ALLOCATION_FREE","",0,"0x000074668857e000",136136,89665723351012,89665723351322
"MEMORY_ALLOCATION","MEMORY_ALLOCATION_FREE","",0,"0x0000746688582000",136138,89665723354322,89665723354732
"MEMORY_ALLOCATION","MEMORY_ALLOCATION_FREE","",0,"0x000074668858e000",136140,89665723357702,89665723358042
"MEMORY_ALLOCATION","MEMORY_ALLOCATION_FREE","",0,"0x00007466885c8000",136142,89665723362942,89665723363782
"MEMORY_ALLOCATION","MEMORY_ALLOCATION_FREE","",0,"0x00007466885d1000",136144,89665723367252,89665723367602
"MEMORY_ALLOCATION","MEMORY_ALLOCATION_FREE","",0,"0x00007466885c6000",136146,89665723370942,89665723371382
"MEMORY_ALLOCATION","MEMORY_ALLOCATION_FREE","",0,"0x00007466885c7000",136148,89665723375112,89665723375682
"MEMORY_ALLOCATION","MEMORY_ALLOCATION_FREE","",0,"0x00007466885d0000",136150,89665723379042,89665723379632
"MEMORY_ALLOCATION","MEMORY_ALLOCATION_FREE","",0,"0x00007466885cc000",136152,89665723382903,89665723383383
"MEMORY_ALLOCATION","MEMORY_ALLOCATION_FREE","",0,"0x0000746680000000",136154,89665723433243,89665723477774
"MEMORY_ALLOCATION","MEMORY_ALLOCATION_FREE","",0,"0x000074667fc00000",136156,89665723481594,89665723482044
"MEMORY_ALLOCATION","MEMORY_ALLOCATION_FREE","",0,"0x0000746688592000",136158,89665723485074,89665723485594
"MEMORY_ALLOCATION","MEMORY_ALLOCATION_FREE","",0,"0x0000746688593000",136160,89665723491324,89665723491734
"MEMORY_ALLOCATION","MEMORY_ALLOCATION_FREE","",0,"0x0000746688594000",136162,89665723535975,89665723536575
"MEMORY_ALLOCATION","MEMORY_ALLOCATION_FREE","",0,"0x00007466885a4000",136164,89665723540235,89665723540615
"MEMORY_ALLOCATION","MEMORY_ALLOCATION_FREE","",0,"0x00007466885a6000",136166,89665723544045,89665723544435
"MEMORY_ALLOCATION","MEMORY_ALLOCATION_FREE","",0,"0x00007466885a7000",136168,89665723547415,89665723547725
"MEMORY_ALLOCATION","MEMORY_ALLOCATION_FREE","",0,"0x00007466885a8000",136170,89665723580696,89665723581096
"MEMORY_ALLOCATION","MEMORY_ALLOCATION_FREE","",0,"0x00007466885b8000",136172,89665723584006,89665723584286
"MEMORY_ALLOCATION","MEMORY_ALLOCATION_FREE","",0,"0x00007466885ba000",136174,89665723587356,89665723587736
"MEMORY_ALLOCATION","MEMORY_ALLOCATION_FREE","",0,"0x00007466885bb000",136176,89665723590706,89665723590986
"MEMORY_ALLOCATION","MEMORY_ALLOCATION_FREE","",0,"0x000074667f200000",136178,89665723635837,89665723683398
"MEMORY_ALLOCATION","MEMORY_ALLOCATION_FREE","",0,"0x000074667ee00000",136180,89665723692708,89665723693988
"MEMORY_ALLOCATION","MEMORY_ALLOCATION_FREE","",0,"0x00007466885bc000",136182,89665723697638,89665723698128
"MEMORY_ALLOCATION","MEMORY_ALLOCATION_FREE","",0,"0x00007466885bd000",136184,89665723701458,89665723701788
"MEMORY_ALLOCATION","MEMORY_ALLOCATION_FREE","",0,"0x000074667e400000",136186,89665723751929,89665723794809
"MEMORY_ALLOCATION","MEMORY_ALLOCATION_FREE","",0,"0x000074667e000000",136188,89665723798770,89665723799160
"MEMORY_ALLOCATION","MEMORY_ALLOCATION_FREE","",0,"0x00007466885be000",136190,89665723802390,89665723803030
"MEMORY_ALLOCATION","MEMORY_ALLOCATION_FREE","",0,"0x00007466885bf000",136192,89665723806060,89665723806410
"MEMORY_ALLOCATION","MEMORY_ALLOCATION_FREE","",0,"0x000074667c600000",136194,89665723906591,89665723958122
"MEMORY_ALLOCATION","MEMORY_ALLOCATION_FREE","",0,"0x000074667c000000",136196,89665723963012,89665724024103
"MEMORY_ALLOCATION","MEMORY_ALLOCATION_FREE","",0,"0x00007466885c0000",136198,89665724028313,89665724028913
"MEMORY_ALLOCATION","MEMORY_ALLOCATION_FREE","",0,"0x00007466885c1000",136200,89665724032283,89665724032553
"MEMORY_ALLOCATION","MEMORY_ALLOCATION_FREE","",0,"0x000074667a600000",136202,89665724080964,89665724135435
"MEMORY_ALLOCATION","MEMORY_ALLOCATION_FREE","",0,"0x000074667a000000",136204,89665724139625,89665724185246
"MEMORY_ALLOCATION","MEMORY_ALLOCATION_FREE","",0,"0x00007466885c2000",136206,89665724189256,89665724189746
"MEMORY_ALLOCATION","MEMORY_ALLOCATION_FREE","",0,"0x00007466885c3000",136208,89665724193166,89665724193466
"MEMORY_ALLOCATION","MEMORY_ALLOCATION_FREE","",0,"0x0000746678600000",136210,89665724238677,89665724285068
"MEMORY_ALLOCATION","MEMORY_ALLOCATION_FREE","",0,"0x0000746678000000",136212,89665724290528,89665724329458
"MEMORY_ALLOCATION","MEMORY_ALLOCATION_FREE","",0,"0x00007466885c4000",136214,89665724333728,89665724334209
"MEMORY_ALLOCATION","MEMORY_ALLOCATION_FREE","",0,"0x00007466885c5000",136216,89665724337739,89665724338149
"MEMORY_ALLOCATION","MEMORY_ALLOCATION_FREE","",0,"0x000074667ef00000",136218,89665724341759,89665724342389
"MEMORY_ALLOCATION","MEMORY_ALLOCATION_FREE","",0,"0x0000746677c00000",136220,89665724346249,89665724347069
"MEMORY_ALLOCATION","MEMORY_ALLOCATION_FREE","",0,"0x00007466885f1000",136222,89665724350329,89665724350679
"MEMORY_ALLOCATION","MEMORY_ALLOCATION_FREE","",0,"0x00007466885f5000",136224,89665724353829,89665724354189
"MEMORY_ALLOCATION","MEMORY_ALLOCATION_FREE","",0,"0x000074667ef20000",136226,89665724357459,89665724357869
"MEMORY_ALLOCATION","MEMORY_ALLOCATION_FREE","",0,"0x000074667ef28000",136228,89665724362499,89665724362879
"MEMORY_ALLOCATION","MEMORY_ALLOCATION_FREE","",0,"0x00007466885f9000",136230,89665724366029,89665724366369
"MEMORY_ALLOCATION","MEMORY_ALLOCATION_FREE","",0,"0x00007466885fd000",136232,89665724369449,89665724369729
"MEMORY_ALLOCATION","MEMORY_ALLOCATION_FREE","",0,"0x000074667ef30000",136234,89665724373459,89665724374099
"MEMORY_ALLOCATION","MEMORY_ALLOCATION_FREE","",0,"0x000074667ef32000",136236,89665724377369,89665724377739
"MEMORY_ALLOCATION","MEMORY_ALLOCATION_FREE","",0,"0x00007466885ff000",136238,89665724381139,89665724381689
"MEMORY_ALLOCATION","MEMORY_ALLOCATION_FREE","",0,"0x000074667ef36000",136240,89665724384929,89665724385289
"MEMORY_ALLOCATION","MEMORY_ALLOCATION_FREE","",0,"0x000074667ef37000",136242,89665724388919,89665724389229
"MEMORY_ALLOCATION","MEMORY_ALLOCATION_FREE","",0,"0x000074667ef3b000",136244,89665724393449,89665724393930
"MEMORY_ALLOCATION","MEMORY_ALLOCATION_FREE","",0,"0x000074667ef3f000",136246,89665724396920,89665724397370
"MEMORY_ALLOCATION","MEMORY_ALLOCATION_FREE","",0,"0x000074667ef43000",136248,89665724608753,89665724609333
"MEMORY_ALLOCATION","MEMORY_ALLOCATION_FREE","",0,"0x000074667ef47000",136250,89665724612923,89665724613243
"MEMORY_ALLOCATION","MEMORY_ALLOCATION_FREE","",0,"0x000074667ef53000",136252,89665724616773,89665724617163
"MEMORY_ALLOCATION","MEMORY_ALLOCATION_FREE","",0,"0x000074667ef8d000",136254,89665724622923,89665724623783
"MEMORY_ALLOCATION","MEMORY_ALLOCATION_FREE","",0,"0x000074667ef96000",136256,89665724628023,89665724628403
"MEMORY_ALLOCATION","MEMORY_ALLOCATION_FREE","",0,"0x000074667ef8b000",136258,89665724632684,89665724633104
"MEMORY_ALLOCATION","MEMORY_ALLOCATION_FREE","",0,"0x000074667ef8c000",136260,89665724636744,89665724637674
"MEMORY_ALLOCATION","MEMORY_ALLOCATION_FREE","",0,"0x000074667ef95000",136262,89665724641004,89665724641334
"MEMORY_ALLOCATION","MEMORY_ALLOCATION_FREE","",0,"0x000074667ef91000",136264,89665724644424,89665724645464
"MEMORY_ALLOCATION","MEMORY_ALLOCATION_FREE","",0,"0x0000746676a00000",136266,89665724728415,89665724780436
"MEMORY_ALLOCATION","MEMORY_ALLOCATION_FREE","",0,"0x0000746676600000",136268,89665724785166,89665724786456
"MEMORY_ALLOCATION","MEMORY_ALLOCATION_FREE","",0,"0x000074667ef57000",136270,89665724799236,89665724799756
"MEMORY_ALLOCATION","MEMORY_ALLOCATION_FREE","",0,"0x000074667ef58000",136272,89665724802986,89665724803376
"MEMORY_ALLOCATION","MEMORY_ALLOCATION_FREE","",0,"0x000074667ef59000",136274,89665724847337,89665724847677
"MEMORY_ALLOCATION","MEMORY_ALLOCATION_FREE","",0,"0x000074667ef69000",136276,89665724851227,89665724851597
"MEMORY_ALLOCATION","MEMORY_ALLOCATION_FREE","",0,"0x000074667ef6b000",136278,89665724855367,89665724855997
"MEMORY_ALLOCATION","MEMORY_ALLOCATION_FREE","",0,"0x000074667ef6c000",136280,89665724859477,89665724859787
"MEMORY_ALLOCATION","MEMORY_ALLOCATION_FREE","",0,"0x000074667ef6d000",136282,89665724890148,89665724890438
"MEMORY_ALLOCATION","MEMORY_ALLOCATION_FREE","",0,"0x000074667ef7d000",136284,89665724893628,89665724893988
"MEMORY_ALLOCATION","MEMORY_ALLOCATION_FREE","",0,"0x000074667ef7f000",136286,89665724898888,89665724899318
"MEMORY_ALLOCATION","MEMORY_ALLOCATION_FREE","",0,"0x000074667ef80000",136288,89665724902998,89665724903308
"MEMORY_ALLOCATION","MEMORY_ALLOCATION_FREE","",0,"0x0000746675c00000",136290,89665724946679,89665724992440
"MEMORY_ALLOCATION","MEMORY_ALLOCATION_FREE","",0,"0x0000746675800000",136292,89665724997930,89665724998810
"MEMORY_ALLOCATION","MEMORY_ALLOCATION_FREE","",0,"0x000074667ef81000",136294,89665725015550,89665725016010
"MEMORY_ALLOCATION","MEMORY_ALLOCATION_FREE","",0,"0x000074667ef82000",136296,89665725020000,89665725020390
"MEMORY_ALLOCATION","MEMORY_ALLOCATION_FREE","",0,"0x0000746674e00000",136298,89665725063341,89665725110312
"MEMORY_ALLOCATION","MEMORY_ALLOCATION_FREE","",0,"0x0000746674a00000",136300,89665725116972,89665725117422
"MEMORY_ALLOCATION","MEMORY_ALLOCATION_FREE","",0,"0x000074667ef83000",136302,89665725120432,89665725121352
"MEMORY_ALLOCATION","MEMORY_ALLOCATION_FREE","",0,"0x000074667ef84000",136304,89665725124232,89665725124582
"MEMORY_ALLOCATION","MEMORY_ALLOCATION_FREE","",0,"0x0000746673000000",136306,89665725165692,89665725218843
"MEMORY_ALLOCATION","MEMORY_ALLOCATION_FREE","",0,"0x0000746672a00000",136308,89665725223493,89665725270364
"MEMORY_ALLOCATION","MEMORY_ALLOCATION_FREE","",0,"0x000074667ef85000",136310,89665725274194,89665725274624
"MEMORY_ALLOCATION","MEMORY_ALLOCATION_FREE","",0,"0x000074667ef86000",136312,89665725278194,89665725278514
"MEMORY_ALLOCATION","MEMORY_ALLOCATION_FREE","",0,"0x0000746671000000",136314,89665725320605,89665725363296
"MEMORY_ALLOCATION","MEMORY_ALLOCATION_FREE","",0,"0x0000746670a00000",136316,89665725367006,89665725409366
"MEMORY_ALLOCATION","MEMORY_ALLOCATION_FREE","",0,"0x000074667ef87000",136318,89665725414447,89665725414867
"MEMORY_ALLOCATION","MEMORY_ALLOCATION_FREE","",0,"0x000074667ef88000",136320,89665725418657,89665725419017
"MEMORY_ALLOCATION","MEMORY_ALLOCATION_FREE","",0,"0x000074666f000000",136322,89665725463437,89665725507078
"MEMORY_ALLOCATION","MEMORY_ALLOCATION_FREE","",0,"0x000074666ea00000",136324,89665725513228,89665725558849
"MEMORY_ALLOCATION","MEMORY_ALLOCATION_FREE","",0,"0x000074667ef89000",136326,89665725562639,89665725563089
"MEMORY_ALLOCATION","MEMORY_ALLOCATION_FREE","",0,"0x000074667ef8a000",136328,89665725566209,89665725566749
"MEMORY_ALLOCATION","MEMORY_ALLOCATION_FREE","",0,"0x000074667efb6000",136330,89665725570149,89665725570449
"MEMORY_ALLOCATION","MEMORY_ALLOCATION_FREE","",0,"0x000074666e600000",136332,89665725574019,89665725574639
"MEMORY_ALLOCATION","MEMORY_ALLOCATION_FREE","",0,"0x000074667efd6000",136334,89665725577739,89665725578139
"MEMORY_ALLOCATION","MEMORY_ALLOCATION_FREE","",0,"0x000074667efda000",136336,89665725581819,89665725582209
"MEMORY_ALLOCATION","MEMORY_ALLOCATION_FREE","",0,"0x000074667efde000",136338,89665725585279,89665725585659
"MEMORY_ALLOCATION","MEMORY_ALLOCATION_FREE","",0,"0x000074667efe6000",136340,89665725591020,89665725591320
"MEMORY_ALLOCATION","MEMORY_ALLOCATION_FREE","",0,"0x000074667efee000",136342,89665725594500,89665725594820
"MEMORY_ALLOCATION","MEMORY_ALLOCATION_FREE","",0,"0x000074667eff2000",136344,89665725597800,89665725598120
"MEMORY_ALLOCATION","MEMORY_ALLOCATION_FREE","",0,"0x000074667eff4000",136346,89665725601090,89665725601390
"MEMORY_ALLOCATION","MEMORY_ALLOCATION_FREE","",0,"0x000074667eff6000",136348,89665725604630,89665725605480
"MEMORY_ALLOCATION","MEMORY_ALLOCATION_FREE","",0,"0x000074667effa000",136350,89665725608280,89665725608670
"MEMORY_ALLOCATION","MEMORY_ALLOCATION_FREE","",0,"0x000074667effb000",136352,89665725611740,89665725612050
"MEMORY_ALLOCATION","MEMORY_ALLOCATION_FREE","",0,"0x000074667effc000",136354,89665725615510,89665725615860
"MEMORY_ALLOCATION","MEMORY_ALLOCATION_FREE","",0,"0x0000746675900000",136356,89665725620790,89665725621360
"MEMORY_ALLOCATION","MEMORY_ALLOCATION_FREE","",0,"0x0000746675904000",136358,89665725624720,89665725625050
"MEMORY_ALLOCATION","MEMORY_ALLOCATION_FREE","",0,"0x0000746675908000",136360,89665725629010,89665725629750
"MEMORY_ALLOCATION","MEMORY_ALLOCATION_FREE","",0,"0x000074667590c000",136362,89665725632860,89665725633220
"MEMORY_ALLOCATION","MEMORY_ALLOCATION_FREE","",0,"0x0000746675918000",136364,89665725637480,89665725638770
"MEMORY_ALLOCATION","MEMORY_ALLOCATION_FREE","",0,"0x00007466759aa000",136366,89665725644270,89665725645380
"MEMORY_ALLOCATION","MEMORY_ALLOCATION_FREE","",0,"0x00007466759ae000",136368,89665725648690,89665725649310
"MEMORY_ALLOCATION","MEMORY_ALLOCATION_FREE","",0,"0x00007466759af000",136370,89665725652991,89665725653631
"MEMORY_ALLOCATION","MEMORY_ALLOCATION_FREE","",0,"0x00007466759b0000",136372,89665725657181,89665725657481
"MEMORY_ALLOCATION","MEMORY_ALLOCATION_FREE","",0,"0x000074666d400000",136374,89665725692631,89665725739522
"MEMORY_ALLOCATION","MEMORY_ALLOCATION_FREE","",0,"0x000074666d000000",136376,89665725744102,89665725744572
"MEMORY_ALLOCATION","MEMORY_ALLOCATION_FREE","",0,"0x000074667591c000",136378,89665725748092,89665725748532
"MEMORY_ALLOCATION","MEMORY_ALLOCATION_FREE","",0,"0x000074667591d000",136380,89665725751772,89665725752172
"MEMORY_ALLOCATION","MEMORY_ALLOCATION_FREE","",0,"0x000074666cc00000",136382,89665725785353,89665725786013
"MEMORY_ALLOCATION","MEMORY_ALLOCATION_FREE","",0,"0x000074667591e000",136384,89665725789013,89665725789373
"MEMORY_ALLOCATION","MEMORY_ALLOCATION_FREE","",0,"0x000074667599e000",136386,89665725797173,89665725797593
"MEMORY_ALLOCATION","MEMORY_ALLOCATION_FREE","",0,"0x000074667599f000",136388,89665725800793,89665725801123
"MEMORY_ALLOCATION","MEMORY_ALLOCATION_FREE","",0,"0x000074666c800000",136390,89665725844404,89665725844884
"MEMORY_ALLOCATION","MEMORY_ALLOCATION_FREE","",0,"0x000074666c400000",136392,89665725849884,89665725851054
"MEMORY_ALLOCATION","MEMORY_ALLOCATION_FREE","",0,"0x00007466759a0000",136394,89665725854794,89665725855144
"MEMORY_ALLOCATION","MEMORY_ALLOCATION_FREE","",0,"0x00007466759a1000",136396,89665725858444,89665725858774
"MEMORY_ALLOCATION","MEMORY_ALLOCATION_FREE","",0,"0x000074666ba00000",136398,89665725902075,89665725951205
"MEMORY_ALLOCATION","MEMORY_ALLOCATION_FREE","",0,"0x000074666b600000",136400,89665725956816,89665725957246
"MEMORY_ALLOCATION","MEMORY_ALLOCATION_FREE","",0,"0x00007466759a2000",136402,89665725960966,89665725961346
"MEMORY_ALLOCATION","MEMORY_ALLOCATION_FREE","",0,"0x00007466759a3000",136404,89665725964576,89665725964876
"MEMORY_ALLOCATION","MEMORY_ALLOCATION_FREE","",0,"0x0000746669c00000",136406,89665725999086,89665726062027
"MEMORY_ALLOCATION","MEMORY_ALLOCATION_FREE","",0,"0x0000746669600000",136408,89665726066217,89665726110658
"MEMORY_ALLOCATION","MEMORY_ALLOCATION_FREE","",0,"0x00007466759a4000",136410,89665726117278,89665726117848
"MEMORY_ALLOCATION","MEMORY_ALLOCATION_FREE","",0,"0x00007466759a5000",136412,89665726121558,89665726121888
"MEMORY_ALLOCATION","MEMORY_ALLOCATION_FREE","",0,"0x0000746667c00000",136414,89665726164219,89665726213120
"MEMORY_ALLOCATION","MEMORY_ALLOCATION_FREE","",0,"0x0000746667600000",136416,89665726217710,89665726262871
"MEMORY_ALLOCATION","MEMORY_ALLOCATION_FREE","",0,"0x00007466759a6000",136418,89665726267081,89665726267751
"MEMORY_ALLOCATION","MEMORY_ALLOCATION_FREE","",0,"0x00007466759a7000",136420,89665726270791,89665726271091
"MEMORY_ALLOCATION","MEMORY_ALLOCATION_FREE","",0,"0x0000746665c00000",136422,89665726331312,89665726378533
"MEMORY_ALLOCATION","MEMORY_ALLOCATION_FREE","",0,"0x0000746665600000",136424,89665726382923,89665726427543
"MEMORY_ALLOCATION","MEMORY_ALLOCATION_FREE","",0,"0x00007466759a8000",136426,89665726431574,89665726432044
"MEMORY_ALLOCATION","MEMORY_ALLOCATION_FREE","",0,"0x00007466759a9000",136428,89665726435234,89665726435624
"MEMORY_ALLOCATION","MEMORY_ALLOCATION_FREE","",0,"0x00007466759b4000",136430,89665726439114,89665726439454
"MEMORY_ALLOCATION","MEMORY_ALLOCATION_FREE","",0,"0x00007466759b5000",136432,89665726442604,89665726442924
"MEMORY_ALLOCATION","MEMORY_ALLOCATION_FREE","",0,"0x00007466759b9000",136434,89665726445974,89665726446384
"MEMORY_ALLOCATION","MEMORY_ALLOCATION_FREE","",0,"0x00007466759bd000",136436,89665726449684,89665726450024
"MEMORY_ALLOCATION","MEMORY_ALLOCATION_FREE","",0,"0x00007466759c5000",136438,89665726453134,89665726453554
"MEMORY_ALLOCATION","MEMORY_ALLOCATION_FREE","",0,"0x00007466759c9000",136440,89665726456594,89665726456884
"MEMORY_ALLOCATION","MEMORY_ALLOCATION_FREE","",0,"0x00007466759ca000",136442,89665726459744,89665726460034
"MEMORY_ALLOCATION","MEMORY_ALLOCATION_FREE","",0,"0x00007466759cb000",136444,89665726464314,89665726464614
"MEMORY_ALLOCATION","MEMORY_ALLOCATION_FREE","",0,"0x00007466759cf000",136446,89665726467664,89665726468094
"MEMORY_ALLOCATION","MEMORY_ALLOCATION_FREE","",0,"0x00007466759d0000",136448,89665726471124,89665726471464
"MEMORY_ALLOCATION","MEMORY_ALLOCATION_FREE","",0,"0x00007466759d4000",136450,89665726474904,89665726475334
"MEMORY_ALLOCATION","MEMORY_ALLOCATION_FREE","",0,"0x0000746664400000",136452,89665726478544,89665726522275
"MEMORY_ALLOCATION","MEMORY_ALLOCATION_FREE","",0,"0x0000746663200000",136454,89665726526245,89665726570026
"MEMORY_ALLOCATION","MEMORY_ALLOCATION_FREE","",0,"0x00007466759d5000",136456,89665726573936,89665726574376
"MEMORY_ALLOCATION","MEMORY_ALLOCATION_FREE","",0,"0x00007466759d9000",136458,89665726577616,89665726578066
"MEMORY_ALLOCATION","MEMORY_ALLOCATION_FREE","",0,"0x00007466759dd000",136460,89665726581326,89665726581626
"MEMORY_ALLOCATION","MEMORY_ALLOCATION_FREE","",0,"0x00007466759e1000",136462,89665726584466,89665726584786
"MEMORY_ALLOCATION","MEMORY_ALLOCATION_FREE","",0,"0x00007466759e5000",136464,89665726588906,89665726589206
"MEMORY_ALLOCATION","MEMORY_ALLOCATION_FREE","",0,"0x00007466759f1000",136466,89665726592406,89665726592786
"MEMORY_ALLOCATION","MEMORY_ALLOCATION_FREE","",0,"0x000074666c480000",136468,89665726595816,89665726596596
"MEMORY_ALLOCATION","MEMORY_ALLOCATION_FREE","",0,"0x000074666c52c000",136470,89665726601266,89665726602266
"MEMORY_ALLOCATION","MEMORY_ALLOCATION_FREE","",0,"0x000074666c535000",136472,89665726605856,89665726606326
"MEMORY_ALLOCATION","MEMORY_ALLOCATION_FREE","",0,"0x000074666c52a000",136474,89665726609617,89665726610087
"MEMORY_ALLOCATION","MEMORY_ALLOCATION_FREE","",0,"0x000074666c52b000",136476,89665726613217,89665726614057
"MEMORY_ALLOCATION","MEMORY_ALLOCATION_FREE","",0,"0x000074666c534000",136478,89665726617987,89665726618557
"MEMORY_ALLOCATION","MEMORY_ALLOCATION_FREE","",0,"0x000074666c530000",136480,89665726621907,89665726622547
"MEMORY_ALLOCATION","MEMORY_ALLOCATION_FREE","",0,"0x0000746662000000",136482,89665726669608,89665726720618
"MEMORY_ALLOCATION","MEMORY_ALLOCATION_FREE","",0,"0x0000746661c00000",136484,89665726724628,89665726725028
"MEMORY_ALLOCATION","MEMORY_ALLOCATION_FREE","",0,"0x00007466759f5000",136486,89665726728429,89665726728859
"MEMORY_ALLOCATION","MEMORY_ALLOCATION_FREE","",0,"0x00007466759f6000",136488,89665726736229,89665726736749
"MEMORY_ALLOCATION","MEMORY_ALLOCATION_FREE","",0,"0x000074666c501000",136490,89665726778519,89665726778969
"MEMORY_ALLOCATION","MEMORY_ALLOCATION_FREE","",0,"0x00007466759f7000",136492,89665726781869,89665726782259
"MEMORY_ALLOCATION","MEMORY_ALLOCATION_FREE","",0,"0x00007466759f9000",136494,89665726786530,89665726786880
"MEMORY_ALLOCATION","MEMORY_ALLOCATION_FREE","",0,"0x00007466759fa000",136496,89665726789860,89665726790140
"MEMORY_ALLOCATION","MEMORY_ALLOCATION_FREE","",0,"0x000074666c511000",136498,89665726832480,89665726832920
"MEMORY_ALLOCATION","MEMORY_ALLOCATION_FREE","",0,"0x00007466759fb000",136500,89665726836150,89665726836510
"MEMORY_ALLOCATION","MEMORY_ALLOCATION_FREE","",0,"0x00007466759fd000",136502,89665726840360,89665726840680
"MEMORY_ALLOCATION","MEMORY_ALLOCATION_FREE","",0,"0x00007466759fe000",136504,89665726843780,89665726844080
"MEMORY_ALLOCATION","MEMORY_ALLOCATION_FREE","",0,"0x0000746661200000",136506,89665726886561,89665726934652
"MEMORY_ALLOCATION","MEMORY_ALLOCATION_FREE","",0,"0x0000746660e00000",136508,89665726940162,89665726940712
"MEMORY_ALLOCATION","MEMORY_ALLOCATION_FREE","",0,"0x00007466759ff000",136510,89665726943942,89665726944422
"MEMORY_ALLOCATION","MEMORY_ALLOCATION_FREE","",0,"0x000074666c521000",136512,89665726947982,89665726948442
"MEMORY_ALLOCATION","MEMORY_ALLOCATION_FREE","",0,"0x0000746660400000",136514,89665726982163,89665727032864
"MEMORY_ALLOCATION","MEMORY_ALLOCATION_FREE","",0,"0x0000746660000000",136516,89665727040134,89665727040624
"MEMORY_ALLOCATION","MEMORY_ALLOCATION_FREE","",0,"0x000074666c522000",136518,89665727043974,89665727044504
"MEMORY_ALLOCATION","MEMORY_ALLOCATION_FREE","",0,"0x000074666c523000",136520,89665727048614,89665727049004
"MEMORY_ALLOCATION","MEMORY_ALLOCATION_FREE","",0,"0x000074665e600000",136522,89665727089705,89665727142695
"MEMORY_ALLOCATION","MEMORY_ALLOCATION_FREE","",0,"0x000074665e000000",136524,89665727149046,89665727194636
"MEMORY_ALLOCATION","MEMORY_ALLOCATION_FREE","",0,"0x000074666c524000",136526,89665727199026,89665727199526
"MEMORY_ALLOCATION","MEMORY_ALLOCATION_FREE","",0,"0x000074666c525000",136528,89665727202966,89665727203276
"MEMORY_ALLOCATION","MEMORY_ALLOCATION_FREE","",0,"0x000074665c600000",136530,89665727242407,89665727288508
"MEMORY_ALLOCATION","MEMORY_ALLOCATION_FREE","",0,"0x000074665c000000",136532,89665727294088,89665727333599
"MEMORY_ALLOCATION","MEMORY_ALLOCATION_FREE","",0,"0x000074666c526000",136534,89665727337639,89665727338149
"MEMORY_ALLOCATION","MEMORY_ALLOCATION_FREE","",0,"0x000074666c527000",136536,89665727341219,89665727341589
"MEMORY_ALLOCATION","MEMORY_ALLOCATION_FREE","",0,"0x000074665a600000",136538,89665727382399,89665727426810
"MEMORY_ALLOCATION","MEMORY_ALLOCATION_FREE","",0,"0x000074665a000000",136540,89665727432680,89665727474881
"MEMORY_ALLOCATION","MEMORY_ALLOCATION_FREE","",0,"0x000074666c528000",136542,89665727478641,89665727479071
"MEMORY_ALLOCATION","MEMORY_ALLOCATION_FREE","",0,"0x000074666c529000",136544,89665727481941,89665727482561
"MEMORY_ALLOCATION","MEMORY_ALLOCATION_FREE","",0,"0x000074666c555000",136546,89665727486291,89665727486761
"MEMORY_ALLOCATION","MEMORY_ALLOCATION_FREE","",0,"0x0000746659c00000",136548,89665727490141,89665727490751
"MEMORY_ALLOCATION","MEMORY_ALLOCATION_FREE","",0,"0x000074666c575000",136550,89665727493841,89665727494211
"MEMORY_ALLOCATION","MEMORY_ALLOCATION_FREE","",0,"0x000074666c579000",136552,89665727497241,89665727497721
"MEMORY_ALLOCATION","MEMORY_ALLOCATION_FREE","",0,"0x000074666c57d000",136554,89665727500661,89665727501021
"MEMORY_ALLOCATION","MEMORY_ALLOCATION_FREE","",0,"0x000074666c585000",136556,89665727505321,89665727505661
"MEMORY_ALLOCATION","MEMORY_ALLOCATION_FREE","",0,"0x000074666c58d000",136558,89665727508622,89665727508992
"MEMORY_ALLOCATION","MEMORY_ALLOCATION_FREE","",0,"0x000074666c591000",136560,89665727512162,89665727512732
"MEMORY_ALLOCATION","MEMORY_ALLOCATION_FREE","",0,"0x000074666c593000",136562,89665727515602,89665727515862
"MEMORY_ALLOCATION","MEMORY_ALLOCATION_FREE","",0,"0x000074666c595000",136564,89665727518852,89665727519282
"MEMORY_ALLOCATION","MEMORY_ALLOCATION_FREE","",0,"0x000074666c599000",136566,89665727522362,89665727522632
"MEMORY_ALLOCATION","MEMORY_ALLOCATION_FREE","",0,"0x000074666c59a000",136568,89665727525762,89665727526152
"MEMORY_ALLOCATION","MEMORY_ALLOCATION_FREE","",0,"0x000074666c59b000",136570,89665727529012,89665727529302
"MEMORY_ALLOCATION","MEMORY_ALLOCATION_FREE","",0,"0x000074666c59f000",136572,89665727533662,89665727534052
"MEMORY_ALLOCATION","MEMORY_ALLOCATION_FREE","",0,"0x000074666c5a3000",136574,89665727537172,89665727537452
"MEMORY_ALLOCATION","MEMORY_ALLOCATION_FREE","",0,"0x000074666c5a7000",136576,89665727540492,89665727540862
"MEMORY_ALLOCATION","MEMORY_ALLOCATION_FREE","",0,"0x000074666c5ab000",136578,89665727543882,89665727544162
"MEMORY_ALLOCATION","MEMORY_ALLOCATION_FREE","",0,"0x000074666c5b7000",136580,89665727547842,89665727548202
"MEMORY_ALLOCATION","MEMORY_ALLOCATION_FREE","",0,"0x000074666c5f1000",136582,89665727553072,89665727553762
"MEMORY_ALLOCATION","MEMORY_ALLOCATION_FREE","",0,"0x0000746650a00000",136584,89665727557792,89665727559502
"MEMORY_ALLOCATION","MEMORY_ALLOCATION_FREE","",0,"0x000074666c5ef000",136586,89665727563162,89665727563522
"MEMORY_ALLOCATION","MEMORY_ALLOCATION_FREE","",0,"0x000074666c5f0000",136588,89665727566953,89665727567473
"MEMORY_ALLOCATION","MEMORY_ALLOCATION_FREE","",0,"0x000074666c5f9000",136590,89665727571253,89665727571593
"MEMORY_ALLOCATION","MEMORY_ALLOCATION_FREE","",0,"0x000074666c5f5000",136592,89665727574903,89665727575363
"MEMORY_ALLOCATION","MEMORY_ALLOCATION_FREE","",0,"0x0000746658a00000",136594,89665727623623,89665727670134
"MEMORY_ALLOCATION","MEMORY_ALLOCATION_FREE","",0,"0x0000746658600000",136596,89665727674704,89665727675324
"MEMORY_ALLOCATION","MEMORY_ALLOCATION_FREE","",0,"0x000074666c5bb000",136598,89665727885238,89665727885678
"MEMORY_ALLOCATION","MEMORY_ALLOCATION_FREE","",0,"0x000074666c5bc000",136600,89665727900838,89665727901378
"MEMORY_ALLOCATION","MEMORY_ALLOCATION_FREE","",0,"0x000074666c5bd000",136602,89665727973609,89665727973919
"MEMORY_ALLOCATION","MEMORY_ALLOCATION_FREE","",0,"0x000074666c5cd000",136604,89665727981959,89665727982439
"MEMORY_ALLOCATION","MEMORY_ALLOCATION_FREE","",0,"0x000074666c5cf000",136606,89665727985689,89665727985979
"MEMORY_ALLOCATION","MEMORY_ALLOCATION_FREE","",0,"0x000074666c5d0000",136608,89665727989430,89665727989860
"MEMORY_ALLOCATION","MEMORY_ALLOCATION_FREE","",0,"0x000074666c5d1000",136610,89665728046540,89665728046880
"MEMORY_ALLOCATION","MEMORY_ALLOCATION_FREE","",0,"0x000074666c5e1000",136612,89665728051851,89665728052271
"MEMORY_ALLOCATION","MEMORY_ALLOCATION_FREE","",0,"0x000074666c5e3000",136614,89665728055561,89665728055801
"MEMORY_ALLOCATION","MEMORY_ALLOCATION_FREE","",0,"0x000074666c5e4000",136616,89665728059051,89665728059421
"MEMORY_ALLOCATION","MEMORY_ALLOCATION_FREE","",0,"0x0000746657c00000",136618,89665728103771,89665728154682
"MEMORY_ALLOCATION","MEMORY_ALLOCATION_FREE","",0,"0x0000746660f00000",136620,89665728159572,89665728160612
"MEMORY_ALLOCATION","MEMORY_ALLOCATION_FREE","",0,"0x000074666c5e5000",136622,89665728164452,89665728164742
"MEMORY_ALLOCATION","MEMORY_ALLOCATION_FREE","",0,"0x000074666c5e6000",136624,89665728167913,89665728168353
"MEMORY_ALLOCATION","MEMORY_ALLOCATION_FREE","",0,"0x0000746657200000",136626,89665728207103,89665728253024
"MEMORY_ALLOCATION","MEMORY_ALLOCATION_FREE","",0,"0x0000746656e00000",136628,89665728259724,89665728398656
"MEMORY_ALLOCATION","MEMORY_ALLOCATION_FREE","",0,"0x000074666c5e7000",136630,89665728403386,89665728403886
"MEMORY_ALLOCATION","MEMORY_ALLOCATION_FREE","",0,"0x000074666c5e8000",136632,89665728407637,89665728408107
"MEMORY_ALLOCATION","MEMORY_ALLOCATION_FREE","",0,"0x0000746655400000",136634,89665728448527,89665728492698
"MEMORY_ALLOCATION","MEMORY_ALLOCATION_FREE","",0,"0x0000746654e00000",136636,89665728498488,89665728546489
"MEMORY_ALLOCATION","MEMORY_ALLOCATION_FREE","",0,"0x000074666c5e9000",136638,89665728550299,89665728550769
"MEMORY_ALLOCATION","MEMORY_ALLOCATION_FREE","",0,"0x000074666c5ea000",136640,89665728553969,89665728554329
"MEMORY_ALLOCATION","MEMORY_ALLOCATION_FREE","",0,"0x0000746653400000",136642,89665728591440,89665728639310
"MEMORY_ALLOCATION","MEMORY_ALLOCATION_FREE","",0,"0x0000746652e00000",136644,89665728645701,89665728692361
"MEMORY_ALLOCATION","MEMORY_ALLOCATION_FREE","",0,"0x000074666c5eb000",136646,89665728697141,89665728697701
"MEMORY_ALLOCATION","MEMORY_ALLOCATION_FREE","",0,"0x000074666c5ec000",136648,89665728701001,89665728701311
"MEMORY_ALLOCATION","MEMORY_ALLOCATION_FREE","",0,"0x0000746651400000",136650,89665728745222,89665728797893
"MEMORY_ALLOCATION","MEMORY_ALLOCATION_FREE","",0,"0x0000746650e00000",136652,89665728804593,89665728849364
"MEMORY_ALLOCATION","MEMORY_ALLOCATION_FREE","",0,"0x000074666c5ed000",136654,89665728853974,89665728854584
"MEMORY_ALLOCATION","MEMORY_ALLOCATION_FREE","",0,"0x000074666c5ee000",136656,89665728857654,89665728858094
"MEMORY_ALLOCATION","MEMORY_ALLOCATION_FREE","",0,"0x0000746650a20000",136658,89665728861964,89665728862794
"MEMORY_ALLOCATION","MEMORY_ALLOCATION_FREE","",0,"0x0000746650600000",136660,89665728866604,89665729020507
"MEMORY_ALLOCATION","MEMORY_ALLOCATION_FREE","",0,"0x000074666c5fa000",136662,89665729026347,89665729026857
"MEMORY_ALLOCATION","MEMORY_ALLOCATION_FREE","",0,"0x0000746650a40000",136664,89665729030507,89665729030927
"MEMORY_ALLOCATION","MEMORY_ALLOCATION_FREE","",0,"0x0000746650a44000",136666,89665729034197,89665729034717
"MEMORY_ALLOCATION","MEMORY_ALLOCATION_FREE","",0,"0x0000746650a4c000",136668,89665729037867,89665729038187
"MEMORY_ALLOCATION","MEMORY_ALLOCATION_FREE","",0,"0x0000746650a54000",136670,89665729041407,89665729041837
"MEMORY_ALLOCATION","MEMORY_ALLOCATION_FREE","",0,"0x000074666c5fe000",136672,89665729046397,89665729178459
"MEMORY_ALLOCATION","MEMORY_ALLOCATION_FREE","",0,"0x0000746650a58000",136674,89665729183570,89665729184250
"MEMORY_ALLOCATION","MEMORY_ALLOCATION_FREE","",0,"0x0000746650a5a000",136676,89665729187890,89665729188310
"MEMORY_ALLOCATION","MEMORY_ALLOCATION_FREE","",0,"0x0000746650a5e000",136678,89665729191650,89665729192030
"MEMORY_ALLOCATION","MEMORY_ALLOCATION_FREE","",0,"0x0000746650a5f000",136680,89665729195770,89665729196310
"MEMORY_ALLOCATION","MEMORY_ALLOCATION_FREE","",0,"0x0000746650a60000",136682,89665729199070,89665729199400
"MEMORY_ALLOCATION","MEMORY_ALLOCATION_FREE","",0,"0x0000746650a64000",136684,89665729202490,89665729202920
"MEMORY_ALLOCATION","MEMORY_ALLOCATION_FREE","",0,"0x0000746650a68000",136686,89665729205880,89665729206220
"MEMORY_ALLOCATION","MEMORY_ALLOCATION_FREE","",0,"0x0000746650a6c000",136688,89665729209230,89665729209610
"MEMORY_ALLOCATION","MEMORY_ALLOCATION_FREE","",0,"0x0000746650a70000",136690,89665729212720,89665729213050
"MEMORY_ALLOCATION","MEMORY_ALLOCATION_FREE","",0,"0x0000746650a7c000",136692,89665729217660,89665729218500
"MEMORY_ALLOCATION","MEMORY_ALLOCATION_FREE","",0,"0x0000746650bb6000",136694,89665729223060,89665729223740
"MEMORY_ALLOCATION","MEMORY_ALLOCATION_FREE","",0,"0x0000746650bbf000",136696,89665729227210,89665729227510
"MEMORY_ALLOCATION","MEMORY_ALLOCATION_FREE","",0,"0x0000746650bb4000",136698,89665729230900,89665729231450
"MEMORY_ALLOCATION","MEMORY_ALLOCATION_FREE","",0,"0x0000746650bb5000",136700,89665729235160,89665729235670
"MEMORY_ALLOCATION","MEMORY_ALLOCATION_FREE","",0,"0x0000746650bbe000",136702,89665729238831,89665729239211
"MEMORY_ALLOCATION","MEMORY_ALLOCATION_FREE","",0,"0x0000746650bba000",136704,89665729242781,89665729243221
"MEMORY_ALLOCATION","MEMORY_ALLOCATION_FREE","",0,"0x000074664f400000",136706,89665729288121,89665729335752
"MEMORY_ALLOCATION","MEMORY_ALLOCATION_FREE","",0,"0x000074664f000000",136708,89665729342232,89665729478015
"MEMORY_ALLOCATION","MEMORY_ALLOCATION_FREE","",0,"0x0000746650a80000",136710,89665729483205,89665729483805
"MEMORY_ALLOCATION","MEMORY_ALLOCATION_FREE","",0,"0x0000746650a81000",136712,89665729487185,89665729487635
"MEMORY_ALLOCATION","MEMORY_ALLOCATION_FREE","",0,"0x0000746650a82000",136714,89665729530095,89665729530405
"MEMORY_ALLOCATION","MEMORY_ALLOCATION_FREE","",0,"0x0000746650a92000",136716,89665729535325,89665729535645
"MEMORY_ALLOCATION","MEMORY_ALLOCATION_FREE","",0,"0x0000746650a94000",136718,89665729539196,89665729539476
"MEMORY_ALLOCATION","MEMORY_ALLOCATION_FREE","",0,"0x0000746650a95000",136720,89665729542866,89665729543246
"MEMORY_ALLOCATION","MEMORY_ALLOCATION_FREE","",0,"0x0000746650a96000",136722,89665729580266,89665729580576
"MEMORY_ALLOCATION","MEMORY_ALLOCATION_FREE","",0,"0x0000746650aa6000",136724,89665729587546,89665729587936
"MEMORY_ALLOCATION","MEMORY_ALLOCATION_FREE","",0,"0x0000746650aa8000",136726,89665729591796,89665729592076
"MEMORY_ALLOCATION","MEMORY_ALLOCATION_FREE","",0,"0x0000746650aa9000",136728,89665729595366,89665729595736
"MEMORY_ALLOCATION","MEMORY_ALLOCATION_FREE","",0,"0x000074664e600000",136730,89665729634937,89665729683368
"MEMORY_ALLOCATION","MEMORY_ALLOCATION_FREE","",0,"0x0000746650aaa000",136732,89665729689068,89665729689618
"MEMORY_ALLOCATION","MEMORY_ALLOCATION_FREE","",0,"0x0000746650baa000",136734,89665729693348,89665729693728
"MEMORY_ALLOCATION","MEMORY_ALLOCATION_FREE","",0,"0x0000746650bab000",136736,89665729696908,89665729697228
"MEMORY_ALLOCATION","MEMORY_ALLOCATION_FREE","",0,"0x000074664dc00000",136738,89665729740879,89665729789000
"MEMORY_ALLOCATION","MEMORY_ALLOCATION_FREE","",0,"0x000074664d800000",136740,89665729792980,89665729925862
"MEMORY_ALLOCATION","MEMORY_ALLOCATION_FREE","",0,"0x0000746650bac000",136742,89665729931132,89665729931892
"MEMORY_ALLOCATION","MEMORY_ALLOCATION_FREE","",0,"0x0000746650bad000",136744,89665729934862,89665729935202
"MEMORY_ALLOCATION","MEMORY_ALLOCATION_FREE","",0,"0x000074664be00000",136746,89665729978403,89665730029164
"MEMORY_ALLOCATION","MEMORY_ALLOCATION_FREE","",0,"0x000074664b800000",136748,89665730037184,89665730087015
"MEMORY_ALLOCATION","MEMORY_ALLOCATION_FREE","",0,"0x0000746650bae000",136750,89665730091205,89665730091905
"MEMORY_ALLOCATION","MEMORY_ALLOCATION_FREE","",0,"0x0000746650baf000",136752,89665730095425,89665730095775
"MEMORY_ALLOCATION","MEMORY_ALLOCATION_FREE","",0,"0x0000746649e00000",136754,89665730147286,89665730196997
"MEMORY_ALLOCATION","MEMORY_ALLOCATION_FREE","",0,"0x0000746649800000",136756,89665730200747,89665730243887
"MEMORY_ALLOCATION","MEMORY_ALLOCATION_FREE","",0,"0x0000746650bb0000",136758,89665730258348,89665730258858
"MEMORY_ALLOCATION","MEMORY_ALLOCATION_FREE","",0,"0x0000746650bb1000",136760,89665730266398,89665730266688
"MEMORY_ALLOCATION","MEMORY_ALLOCATION_FREE","",0,"0x0000746647e00000",136762,89665730794716,89665730866878
"MEMORY_ALLOCATION","MEMORY_ALLOCATION_FREE","",0,"0x0000746647800000",136764,89665730871688,89665730920179
"MEMORY_ALLOCATION","MEMORY_ALLOCATION_FREE","",0,"0x0000746650bb2000",136766,89665730945439,89665730946299
"MEMORY_ALLOCATION","MEMORY_ALLOCATION_FREE","",0,"0x0000746650bb3000",136768,89665730949489,89665730949969
"MEMORY_ALLOCATION","MEMORY_ALLOCATION_FREE","",0,"0x0000746650bdf000",136770,89665730953759,89665730954239
"MEMORY_ALLOCATION","MEMORY_ALLOCATION_FREE","",0,"0x0000746647000000",136772,89665730958599,89665731108202
"MEMORY_ALLOCATION","MEMORY_ALLOCATION_FREE","",0,"0x0000746647400000",136774,89665731113872,89665731114762
"MEMORY_ALLOCATION","MEMORY_ALLOCATION_FREE","",0,"0x0000746647404000",136776,89665731117772,89665731118632
"MEMORY_ALLOCATION","MEMORY_ALLOCATION_FREE","",0,"0x0000746647408000",136778,89665731121412,89665731121752
"MEMORY_ALLOCATION","MEMORY_ALLOCATION_FREE","",0,"0x0000746647410000",136780,89665731124852,89665731125332
"MEMORY_ALLOCATION","MEMORY_ALLOCATION_FREE","",0,"0x0000746647418000",136782,89665731128952,89665731129222
"MEMORY_ALLOCATION","MEMORY_ALLOCATION_FREE","",0,"0x000074664741c000",136784,89665731133582,89665731133882
"MEMORY_ALLOCATION","MEMORY_ALLOCATION_FREE","",0,"0x000074664741e000",136786,89665731137022,89665731137302
"MEMORY_ALLOCATION","MEMORY_ALLOCATION_FREE","",0,"0x0000746647420000",136788,89665731140652,89665731141142
"MEMORY_ALLOCATION","MEMORY_ALLOCATION_FREE","",0,"0x0000746650bff000",136790,89665731144422,89665731276665
"MEMORY_ALLOCATION","MEMORY_ALLOCATION_FREE","",0,"0x0000746647424000",136792,89665731281335,89665731281895
"MEMORY_ALLOCATION","MEMORY_ALLOCATION_FREE","",0,"0x0000746647425000",136794,89665731284915,89665731285345
"MEMORY_ALLOCATION","MEMORY_ALLOCATION_FREE","",0,"0x0000746647429000",136796,89665731288395,89665731288705
"MEMORY_ALLOCATION","MEMORY_ALLOCATION_FREE","",0,"0x000074664742d000",136798,89665731292175,89665731292615
"MEMORY_ALLOCATION","MEMORY_ALLOCATION_FREE","",0,"0x0000746647431000",136800,89665731295705,89665731295995
"MEMORY_ALLOCATION","MEMORY_ALLOCATION_FREE","",0,"0x0000746647435000",136802,89665731298875,89665731299715
"MEMORY_ALLOCATION","MEMORY_ALLOCATION_FREE","",0,"0x0000746647441000",136804,89665731302505,89665731302795
"MEMORY_ALLOCATION","MEMORY_ALLOCATION_FREE","",0,"0x0000746647553000",136806,89665731308555,89665731309905
"MEMORY_ALLOCATION","MEMORY_ALLOCATION_FREE","",0,"0x0000746647557000",136808,89665731313455,89665731314155
"MEMORY_ALLOCATION","MEMORY_ALLOCATION_FREE","",0,"0x0000746647558000",136810,89665731318005,89665731318355
"MEMORY_ALLOCATION","MEMORY_ALLOCATION_FREE","",0,"0x0000746647559000",136812,89665731321595,89665731321935
"MEMORY_ALLOCATION","MEMORY_ALLOCATION_FREE","",0,"0x0000746645e00000",136814,89665731385546,89665731433327
"MEMORY_ALLOCATION","MEMORY_ALLOCATION_FREE","",0,"0x0000746645a00000",136816,89665731437427,89665731569529
"MEMORY_ALLOCATION","MEMORY_ALLOCATION_FREE","",0,"0x0000746647445000",136818,89665731586010,89665731586840
"MEMORY_ALLOCATION","MEMORY_ALLOCATION_FREE","",0,"0x0000746647446000",136820,89665731590870,89665731591230
"MEMORY_ALLOCATION","MEMORY_ALLOCATION_FREE","",0,"0x0000746645600000",136822,89665731631851,89665731763773
"MEMORY_ALLOCATION","MEMORY_ALLOCATION_FREE","",0,"0x0000746647447000",136824,89665731769003,89665731769663
"MEMORY_ALLOCATION","MEMORY_ALLOCATION_FREE","",0,"0x00007466474c7000",136826,89665731772933,89665731773293
"MEMORY_ALLOCATION","MEMORY_ALLOCATION_FREE","",0,"0x00007466474c8000",136828,89665731776813,89665731777163
"MEMORY_ALLOCATION","MEMORY_ALLOCATION_FREE","",0,"0x0000746645200000",136830,89665731817744,89665731949186
"MEMORY_ALLOCATION","MEMORY_ALLOCATION_FREE","",0,"0x00007466474c9000",136832,89665731955636,89665731956186
"MEMORY_ALLOCATION","MEMORY_ALLOCATION_FREE","",0,"0x0000746647549000",136834,89665731959556,89665731959986
"MEMORY_ALLOCATION","MEMORY_ALLOCATION_FREE","",0,"0x000074664754a000",136836,89665731963226,89665731963536
"MEMORY_ALLOCATION","MEMORY_ALLOCATION_FREE","",0,"0x0000746644800000",136838,89665732024137,89665732074908
"MEMORY_ALLOCATION","MEMORY_ALLOCATION_FREE","",0,"0x0000746644400000",136840,89665732078748,89665732212780
"MEMORY_ALLOCATION","MEMORY_ALLOCATION_FREE","",0,"0x000074664754b000",136842,89665732223320,89665732224020
"MEMORY_ALLOCATION","MEMORY_ALLOCATION_FREE","",0,"0x000074664754c000",136844,89665732227090,89665732227400
"MEMORY_ALLOCATION","MEMORY_ALLOCATION_FREE","",0,"0x0000746642a00000",136846,89665732269051,89665732316282
"MEMORY_ALLOCATION","MEMORY_ALLOCATION_FREE","",0,"0x0000746642400000",136848,89665732320132,89665732362183
"MEMORY_ALLOCATION","MEMORY_ALLOCATION_FREE","",0,"0x000074664754d000",136850,89665732366373,89665732366963
"MEMORY_ALLOCATION","MEMORY_ALLOCATION_FREE","",0,"0x000074664754e000",136852,89665732370543,89665732370953
"MEMORY_ALLOCATION","MEMORY_ALLOCATION_FREE","",0,"0x0000746640a00000",136854,89665732410704,89665732461854
"MEMORY_ALLOCATION","MEMORY_ALLOCATION_FREE","",0,"0x0000746640400000",136856,89665732465724,89665732506905
"MEMORY_ALLOCATION","MEMORY_ALLOCATION_FREE","",0,"0x000074664754f000",136858,89665732510985,89665732511595
"MEMORY_ALLOCATION","MEMORY_ALLOCATION_FREE","",0,"0x0000746647550000",136860,89665732516595,89665732516985
"MEMORY_ALLOCATION","MEMORY_ALLOCATION_FREE","",0,"0x000074663ea00000",136862,89665732550686,89665732599757
"MEMORY_ALLOCATION","MEMORY_ALLOCATION_FREE","",0,"0x000074663e400000",136864,89665732605557,89665732648977
"MEMORY_ALLOCATION","MEMORY_ALLOCATION_FREE","",0,"0x0000746647551000",136866,89665732653068,89665732653598
"MEMORY_ALLOCATION","MEMORY_ALLOCATION_FREE","",0,"0x0000746647552000",136868,89665732656728,89665732657228
"MEMORY_ALLOCATION","MEMORY_ALLOCATION_FREE","",0,"0x000074664755d000",136870,89665732660638,89665732661048
"MEMORY_ALLOCATION","MEMORY_ALLOCATION_FREE","",0,"0x000074664755e000",136872,89665732664048,89665732664348
"MEMORY_ALLOCATION","MEMORY_ALLOCATION_FREE","",0,"0x0000746647562000",136874,89665732667428,89665732667758
"MEMORY_ALLOCATION","MEMORY_ALLOCATION_FREE","",0,"0x0000746647566000",136876,89665732670698,89665732671038
"MEMORY_ALLOCATION","MEMORY_ALLOCATION_FREE","",0,"0x000074664756e000",136878,89665732674318,89665732674748
"MEMORY_ALLOCATION","MEMORY_ALLOCATION_FREE","",0,"0x0000746647572000",136880,89665732677728,89665732677998
"MEMORY_ALLOCATION","MEMORY_ALLOCATION_FREE","",0,"0x0000746647573000",136882,89665732682178,89665732682538
"MEMORY_ALLOCATION","MEMORY_ALLOCATION_FREE","",0,"0x0000746647574000",136884,89665732685538,89665732685808
"MEMORY_ALLOCATION","MEMORY_ALLOCATION_FREE","",0,"0x0000746647578000",136886,89665732689618,89665732689938
"MEMORY_ALLOCATION","MEMORY_ALLOCATION_FREE","",0,"0x0000746647579000",136888,89665732692848,89665732693138
"MEMORY_ALLOCATION","MEMORY_ALLOCATION_FREE","",0,"0x000074664757d000",136890,89665732695978,89665732696388
"MEMORY_ALLOCATION","MEMORY_ALLOCATION_FREE","",0,"0x000074663d200000",136892,89665732699798,89665732741439
"MEMORY_ALLOCATION","MEMORY_ALLOCATION_FREE","",0,"0x000074663c000000",136894,89665732745739,89665732786670
"MEMORY_ALLOCATION","MEMORY_ALLOCATION_FREE","",0,"0x000074664757e000",136896,89665732790310,89665732790730
"MEMORY_ALLOCATION","MEMORY_ALLOCATION_FREE","",0,"0x0000746647582000",136898,89665732795110,89665732795610
"MEMORY_ALLOCATION","MEMORY_ALLOCATION_FREE","",0,"0x0000746647586000",136900,89665732798620,89665732798940
"MEMORY_ALLOCATION","MEMORY_ALLOCATION_FREE","",0,"0x000074664758a000",136902,89665732803250,89665732803720
"MEMORY_ALLOCATION","MEMORY_ALLOCATION_FREE","",0,"0x000074664758e000",136904,89665732806890,89665732807170
"MEMORY_ALLOCATION","MEMORY_ALLOCATION_FREE","",0,"0x000074664759a000",136906,89665732810470,89665732810840
"MEMORY_ALLOCATION","MEMORY_ALLOCATION_FREE","",0,"0x000074663bc00000",136908,89665732814490,89665732815700
"MEMORY_ALLOCATION","MEMORY_ALLOCATION_FREE","",0,"0x00007466475d4000",136910,89665732820490,89665732821620
"MEMORY_ALLOCATION","MEMORY_ALLOCATION_FREE","",0,"0x00007466475dd000",136912,89665732825300,89665732825650
"MEMORY_ALLOCATION","MEMORY_ALLOCATION_FREE","",0,"0x00007466475d2000",136914,89665732829310,89665732829750
"MEMORY_ALLOCATION","MEMORY_ALLOCATION_FREE","",0,"0x00007466475d3000",136916,89665732833231,89665732833751
"MEMORY_ALLOCATION","MEMORY_ALLOCATION_FREE","",0,"0x00007466475dc000",136918,89665732837071,89665732837481
"MEMORY_ALLOCATION","MEMORY_ALLOCATION_FREE","",0,"0x00007466475d8000",136920,89665732840531,89665732840971
"MEMORY_ALLOCATION","MEMORY_ALLOCATION_FREE","",0,"0x000074663aa00000",136922,89665732889431,89665732939592
"MEMORY_ALLOCATION","MEMORY_ALLOCATION_FREE","",0,"0x000074663a600000",136924,89665732944132,89665733116705
"MEMORY_ALLOCATION","MEMORY_ALLOCATION_FREE","",0,"0x000074664759e000",136926,89665733122055,89665733122625
"MEMORY_ALLOCATION","MEMORY_ALLOCATION_FREE","",0,"0x000074664759f000",136928,89665733126265,89665733126655
"MEMORY_ALLOCATION","MEMORY_ALLOCATION_FREE","",0,"0x00007466475a0000",136930,89665733167406,89665733167716
"MEMORY_ALLOCATION","MEMORY_ALLOCATION_FREE","",0,"0x00007466475b0000",136932,89665733170916,89665733171336
"MEMORY_ALLOCATION","MEMORY_ALLOCATION_FREE","",0,"0x00007466475b2000",136934,89665733179136,89665733179396
"MEMORY_ALLOCATION","MEMORY_ALLOCATION_FREE","",0,"0x00007466475b3000",136936,89665733182806,89665733183176
"MEMORY_ALLOCATION","MEMORY_ALLOCATION_FREE","",0,"0x00007466475b4000",136938,89665733221507,89665733221787
"MEMORY_ALLOCATION","MEMORY_ALLOCATION_FREE","",0,"0x00007466475c4000",136940,89665733224957,89665733225337
"MEMORY_ALLOCATION","MEMORY_ALLOCATION_FREE","",0,"0x00007466475c6000",136942,89665733229157,89665733229427
"MEMORY_ALLOCATION","MEMORY_ALLOCATION_FREE","",0,"0x00007466475c7000",136944,89665733232857,89665733233307
"MEMORY_ALLOCATION","MEMORY_ALLOCATION_FREE","",0,"0x0000746639c00000",136946,89665733266978,89665733317059
"MEMORY_ALLOCATION","MEMORY_ALLOCATION_FREE","",0,"0x000074663bc81000",136948,89665733592593,89665733593573
"MEMORY_ALLOCATION","MEMORY_ALLOCATION_FREE","",0,"0x00007466475c8000",136950,89665733597553,89665733598003
"MEMORY_ALLOCATION","MEMORY_ALLOCATION_FREE","",0,"0x00007466475c9000",136952,89665733603163,89665733603523
"MEMORY_ALLOCATION","MEMORY_ALLOCATION_FREE","",0,"0x0000746639200000",136954,89665733679665,89665733732686
"MEMORY_ALLOCATION","MEMORY_ALLOCATION_FREE","",0,"0x0000746638e00000",136956,89665733736756,89665733879478
"MEMORY_ALLOCATION","MEMORY_ALLOCATION_FREE","",0,"0x00007466475ca000",136958,89665733892388,89665733892958
"MEMORY_ALLOCATION","MEMORY_ALLOCATION_FREE","",0,"0x00007466475cb000",136960,89665733896178,89665733896658
"MEMORY_ALLOCATION","MEMORY_ALLOCATION_FREE","",0,"0x0000746637400000",136962,89665733940779,89665733988840
"MEMORY_ALLOCATION","MEMORY_ALLOCATION_FREE","",0,"0x0000746636e00000",136964,89665733992390,89665734055811
"MEMORY_ALLOCATION","MEMORY_ALLOCATION_FREE","",0,"0x00007466475cc000",136966,89665734061531,89665734062061
"MEMORY_ALLOCATION","MEMORY_ALLOCATION_FREE","",0,"0x00007466475cd000",136968,89665734065091,89665734065441
"MEMORY_ALLOCATION","MEMORY_ALLOCATION_FREE","",0,"0x0000746635400000",136970,89665734111422,89665734161273
"MEMORY_ALLOCATION","MEMORY_ALLOCATION_FREE","",0,"0x0000746634e00000",136972,89665734168013,89665734213174
"MEMORY_ALLOCATION","MEMORY_ALLOCATION_FREE","",0,"0x00007466475ce000",136974,89665734217304,89665734217764
"MEMORY_ALLOCATION","MEMORY_ALLOCATION_FREE","",0,"0x00007466475cf000",136976,89665734220954,89665734221354
"MEMORY_ALLOCATION","MEMORY_ALLOCATION_FREE","",0,"0x0000746633400000",136978,89665734265475,89665734314415
"MEMORY_ALLOCATION","MEMORY_ALLOCATION_FREE","",0,"0x0000746632e00000",136980,89665734318465,89665734362386
"MEMORY_ALLOCATION","MEMORY_ALLOCATION_FREE","",0,"0x00007466475d0000",136982,89665734365936,89665734366576
"MEMORY_ALLOCATION","MEMORY_ALLOCATION_FREE","",0,"0x00007466475d1000",136984,89665734369596,89665734370146
"MEMORY_ALLOCATION","MEMORY_ALLOCATION_FREE","",0,"0x000074663bd81000",136986,89665734373806,89665734374346
"MEMORY_ALLOCATION","MEMORY_ALLOCATION_FREE","",0,"0x0000746632a00000",136988,89665734378116,89665734511329
"MEMORY_ALLOCATION","MEMORY_ALLOCATION_FREE","",0,"0x000074663bda1000",136990,89665734516199,89665734516979
"MEMORY_ALLOCATION","MEMORY_ALLOCATION_FREE","",0,"0x000074663bda5000",136992,89665734520149,89665734520499
"MEMORY_ALLOCATION","MEMORY_ALLOCATION_FREE","",0,"0x000074663bda9000",136994,89665734523669,89665734524039
"MEMORY_ALLOCATION","MEMORY_ALLOCATION_FREE","",0,"0x000074663bdb1000",136996,89665734527269,89665734527739
"MEMORY_ALLOCATION","MEMORY_ALLOCATION_FREE","",0,"0x000074663bdb9000",136998,89665734530679,89665734531129
"MEMORY_ALLOCATION","MEMORY_ALLOCATION_FREE","",0,"0x00007466475fd000",137000,89665734534089,89665734534479
"MEMORY_ALLOCATION","MEMORY_ALLOCATION_FREE","",0,"0x000074663bdbd000",137002,89665734538449,89665734538739
"MEMORY_ALLOCATION","MEMORY_ALLOCATION_FREE","",0,"0x000074663bdbf000",137004,89665734541829,89665734542199
"MEMORY_ALLOCATION","MEMORY_ALLOCATION_FREE","",0,"0x00007466475ff000",137006,89665734545579,89665734685222
"MEMORY_ALLOCATION","MEMORY_ALLOCATION_FREE","",0,"0x000074663bdc3000",137008,89665734689632,89665734690152
"MEMORY_ALLOCATION","MEMORY_ALLOCATION_FREE","",0,"0x000074663bdc4000",137010,89665734693972,89665734694392
"MEMORY_ALLOCATION","MEMORY_ALLOCATION_FREE","",0,"0x000074663bdc8000",137012,89665734697822,89665734698142
"MEMORY_ALLOCATION","MEMORY_ALLOCATION_FREE","",0,"0x000074663bdcc000",137014,89665734701422,89665734701812
"MEMORY_ALLOCATION","MEMORY_ALLOCATION_FREE","",0,"0x000074663bdd0000",137016,89665734704942,89665734705262
"MEMORY_ALLOCATION","MEMORY_ALLOCATION_FREE","",0,"0x000074663bdd4000",137018,89665734709252,89665734709612
"MEMORY_ALLOCATION","MEMORY_ALLOCATION_FREE","",0,"0x000074663bde0000",137020,89665734712632,89665734712892
"MEMORY_ALLOCATION","MEMORY_ALLOCATION_FREE","",0,"0x000074663111a000",137022,89665734718892,89665734720252
"MEMORY_ALLOCATION","MEMORY_ALLOCATION_FREE","",0,"0x0000746631123000",137024,89665734723542,89665734724092
"MEMORY_ALLOCATION","MEMORY_ALLOCATION_FREE","",0,"0x0000746631118000",137026,89665734728342,89665734729392
"MEMORY_ALLOCATION","MEMORY_ALLOCATION_FREE","",0,"0x0000746631119000",137028,89665734732762,89665734733622
"MEMORY_ALLOCATION","MEMORY_ALLOCATION_FREE","",0,"0x0000746631122000",137030,89665734737032,89665734737582
"MEMORY_ALLOCATION","MEMORY_ALLOCATION_FREE","",0,"0x000074663111e000",137032,89665734740853,89665734741363
"MEMORY_ALLOCATION","MEMORY_ALLOCATION_FREE","",0,"0x0000746631800000",137034,89665734783863,89665734829604
"MEMORY_ALLOCATION","MEMORY_ALLOCATION_FREE","",0,"0x0000746631400000",137036,89665734834154,89665734970156
"MEMORY_ALLOCATION","MEMORY_ALLOCATION_FREE","",0,"0x000074663bde4000",137038,89665734974766,89665734975556
"MEMORY_ALLOCATION","MEMORY_ALLOCATION_FREE","",0,"0x000074663bde5000",137040,89665734981557,89665734981877
"MEMORY_ALLOCATION","MEMORY_ALLOCATION_FREE","",0,"0x000074663bde6000",137042,89665735040538,89665735041238
"MEMORY_ALLOCATION","MEMORY_ALLOCATION_FREE","",0,"0x000074663bdf6000",137044,89665735044498,89665735044808
"MEMORY_ALLOCATION","MEMORY_ALLOCATION_FREE","",0,"0x000074663bdf8000",137046,89665735047898,89665735048228
"MEMORY_ALLOCATION","MEMORY_ALLOCATION_FREE","",0,"0x000074663bdf9000",137048,89665735051838,89665735052128
"MEMORY_ALLOCATION","MEMORY_ALLOCATION_FREE","",0,"0x0000746631000000",137050,89665735096318,89665735096978
"MEMORY_ALLOCATION","MEMORY_ALLOCATION_FREE","",0,"0x000074663bdfa000",137052,89665735100199,89665735100549
"MEMORY_ALLOCATION","MEMORY_ALLOCATION_FREE","",0,"0x000074663bdfc000",137054,89665735104169,89665735104519
"MEMORY_ALLOCATION","MEMORY_ALLOCATION_FREE","",0,"0x000074663bdfd000",137056,89665735107769,89665735108109
"MEMORY_ALLOCATION","MEMORY_ALLOCATION_FREE","",0,"0x0000746630600000",137058,89665735153999,89665735203480
"MEMORY_ALLOCATION","MEMORY_ALLOCATION_FREE","",0,"0x0000746631010000",137060,89665735207290,89665735208040
"MEMORY_ALLOCATION","MEMORY_ALLOCATION_FREE","",0,"0x000074663bdfe000",137062,89665735215780,89665735216150
"MEMORY_ALLOCATION","MEMORY_ALLOCATION_FREE","",0,"0x000074663bdff000",137064,89665735219141,89665735345833
"MEMORY_ALLOCATION","MEMORY_ALLOCATION_FREE","",0,"0x000074662fc00000",137066,89665735388463,89665735435344
"MEMORY_ALLOCATION","MEMORY_ALLOCATION_FREE","",0,"0x000074662f800000",137068,89665735448804,89665735573496
"MEMORY_ALLOCATION","MEMORY_ALLOCATION_FREE","",0,"0x0000746631110000",137070,89665735578336,89665735579017
"MEMORY_ALLOCATION","MEMORY_ALLOCATION_FREE","",0,"0x0000746631111000",137072,89665735582717,89665735583197
"MEMORY_ALLOCATION","MEMORY_ALLOCATION_FREE","",0,"0x000074662de00000",137074,89665735625817,89665735673508
"MEMORY_ALLOCATION","MEMORY_ALLOCATION_FREE","",0,"0x000074662d800000",137076,89665735679738,89665735720389
"MEMORY_ALLOCATION","MEMORY_ALLOCATION_FREE","",0,"0x0000746631112000",137078,89665735724219,89665735724619
"MEMORY_ALLOCATION","MEMORY_ALLOCATION_FREE","",0,"0x0000746631113000",137080,89665735727839,89665735728179
"MEMORY_ALLOCATION","MEMORY_ALLOCATION_FREE","",0,"0x000074662be00000",137082,89665735771050,89665735815040
"MEMORY_ALLOCATION","MEMORY_ALLOCATION_FREE","",0,"0x000074662b800000",137084,89665735819321,89665735865371
"MEMORY_ALLOCATION","MEMORY_ALLOCATION_FREE","",0,"0x0000746631114000",137086,89665735869521,89665735870151
"MEMORY_ALLOCATION","MEMORY_ALLOCATION_FREE","",0,"0x0000746631115000",137088,89665735873691,89665735874041
"MEMORY_ALLOCATION","MEMORY_ALLOCATION_FREE","",0,"0x0000746629e00000",137090,89665735916302,89665735962273
"MEMORY_ALLOCATION","MEMORY_ALLOCATION_FREE","",0,"0x0000746629800000",137092,89665735969333,89665736029944
"MEMORY_ALLOCATION","MEMORY_ALLOCATION_FREE","",0,"0x0000746631116000",137094,89665736034374,89665736034874
"MEMORY_ALLOCATION","MEMORY_ALLOCATION_FREE","",0,"0x0000746631117000",137096,89665736038534,89665736039324
"MEMORY_ALLOCATION","MEMORY_ALLOCATION_FREE","",0,"0x0000746631143000",137098,89665736043414,89665736043884
"MEMORY_ALLOCATION","MEMORY_ALLOCATION_FREE","",0,"0x0000746629400000",137100,89665736047344,89665736183577
"MEMORY_ALLOCATION","MEMORY_ALLOCATION_FREE","",0,"0x0000746631163000",137102,89665736188387,89665736189027
"MEMORY_ALLOCATION","MEMORY_ALLOCATION_FREE","",0,"0x0000746631167000",137104,89665736192127,89665736192447
"MEMORY_ALLOCATION","MEMORY_ALLOCATION_FREE","",0,"0x000074663116b000",137106,89665736195387,89665736195707
"MEMORY_ALLOCATION","MEMORY_ALLOCATION_FREE","",0,"0x0000746631173000",137108,89665736198987,89665736199377
"MEMORY_ALLOCATION","MEMORY_ALLOCATION_FREE","",0,"0x000074663117b000",137110,89665736202487,89665736202817
"MEMORY_ALLOCATION","MEMORY_ALLOCATION_FREE","",0,"0x000074663117f000",137112,89665736205727,89665736206057
"MEMORY_ALLOCATION","MEMORY_ALLOCATION_FREE","",0,"0x0000746631181000",137114,89665736209877,89665736210267
"MEMORY_ALLOCATION","MEMORY_ALLOCATION_FREE","",0,"0x0000746631183000",137116,89665736214427,89665736214847
"MEMORY_ALLOCATION","MEMORY_ALLOCATION_FREE","",0,"0x0000746631187000",137118,89665736218067,89665736218617
"MEMORY_ALLOCATION","MEMORY_ALLOCATION_FREE","",0,"0x0000746631188000",137120,89665736222127,89665736222457
"MEMORY_ALLOCATION","MEMORY_ALLOCATION_FREE","",0,"0x0000746631189000",137122,89665736225567,89665736225937
"MEMORY_ALLOCATION","MEMORY_ALLOCATION_FREE","",0,"0x000074663118d000",137124,89665736229097,89665736230057
"MEMORY_ALLOCATION","MEMORY_ALLOCATION_FREE","",0,"0x0000746631191000",137126,89665736233337,89665736233747
"MEMORY_ALLOCATION","MEMORY_ALLOCATION_FREE","",0,"0x0000746631195000",137128,89665736236667,89665736236957
"MEMORY_ALLOCATION","MEMORY_ALLOCATION_FREE","",0,"0x0000746631199000",137130,89665736240878,89665736241158
"MEMORY_ALLOCATION","MEMORY_ALLOCATION_FREE","",0,"0x00007466311a5000",137132,89665736244488,89665736245278
"MEMORY_ALLOCATION","MEMORY_ALLOCATION_FREE","",0,"0x00007466311df000",137134,89665736249778,89665736250408
"MEMORY_ALLOCATION","MEMORY_ALLOCATION_FREE","",0,"0x0000746627100000",137136,89665736254668,89665736255978
"MEMORY_ALLOCATION","MEMORY_ALLOCATION_FREE","",0,"0x00007466311dd000",137138,89665736259678,89665736260068
"MEMORY_ALLOCATION","MEMORY_ALLOCATION_FREE","",0,"0x00007466311de000",137140,89665736263428,89665736264048
"MEMORY_ALLOCATION","MEMORY_ALLOCATION_FREE","",0,"0x00007466311e7000",137142,89665736267268,89665736267608
"MEMORY_ALLOCATION","MEMORY_ALLOCATION_FREE","",0,"0x00007466311e3000",137144,89665736271238,89665736271718
"MEMORY_ALLOCATION","MEMORY_ALLOCATION_FREE","",0,"0x0000746628200000",137146,89665736316439,89665736363140
"MEMORY_ALLOCATION","MEMORY_ALLOCATION_FREE","",0,"0x0000746627e00000",137148,89665736367060,89665736502592
"MEMORY_ALLOCATION","MEMORY_ALLOCATION_FREE","",0,"0x00007466311a9000",137150,89665736507222,89665736507932
"MEMORY_ALLOCATION","MEMORY_ALLOCATION_FREE","",0,"0x00007466311aa000",137152,89665736515262,89665736515592
"MEMORY_ALLOCATION","MEMORY_ALLOCATION_FREE","",0,"0x00007466311ab000",137154,89665736556703,89665736557053
"MEMORY_ALLOCATION","MEMORY_ALLOCATION_FREE","",0,"0x00007466311bb000",137156,89665736560243,89665736560663
"MEMORY_ALLOCATION","MEMORY_ALLOCATION_FREE","",0,"0x00007466311bd000",137158,89665736565673,89665736566033
"MEMORY_ALLOCATION","MEMORY_ALLOCATION_FREE","",0,"0x00007466311be000",137160,89665736569463,89665736569783
"MEMORY_ALLOCATION","MEMORY_ALLOCATION_FREE","",0,"0x00007466311bf000",137162,89665736609494,89665736609774
"MEMORY_ALLOCATION","MEMORY_ALLOCATION_FREE","",0,"0x00007466311cf000",137164,89665736615184,89665736615564
"MEMORY_ALLOCATION","MEMORY_ALLOCATION_FREE","",0,"0x00007466311d1000",137166,89665736619054,89665736619374
"MEMORY_ALLOCATION","MEMORY_ALLOCATION_FREE","",0,"0x00007466311d2000",137168,89665736622394,89665736622714
"MEMORY_ALLOCATION","MEMORY_ALLOCATION_FREE","",0,"0x0000746627400000",137170,89665736663065,89665736710795
"MEMORY_ALLOCATION","MEMORY_ALLOCATION_FREE","",0,"0x0000746627000000",137172,89665736714786,89665736715436
"MEMORY_ALLOCATION","MEMORY_ALLOCATION_FREE","",0,"0x00007466311d3000",137174,89665736721346,89665736721736
"MEMORY_ALLOCATION","MEMORY_ALLOCATION_FREE","",0,"0x00007466311d4000",137176,89665736725246,89665736725656
"MEMORY_ALLOCATION","MEMORY_ALLOCATION_FREE","",0,"0x0000746626600000",137178,89665736763466,89665736812147
"MEMORY_ALLOCATION","MEMORY_ALLOCATION_FREE","",0,"0x0000746626200000",137180,89665736816187,89665736955160
"MEMORY_ALLOCATION","MEMORY_ALLOCATION_FREE","",0,"0x00007466311d5000",137182,89665736959580,89665736960170
"MEMORY_ALLOCATION","MEMORY_ALLOCATION_FREE","",0,"0x00007466311d6000",137184,89665736963550,89665736963910
"MEMORY_ALLOCATION","MEMORY_ALLOCATION_FREE","",0,"0x0000746624800000",137186,89665737019341,89665737067151
"MEMORY_ALLOCATION","MEMORY_ALLOCATION_FREE","",0,"0x0000746624200000",137188,89665737071121,89665737114722
"MEMORY_ALLOCATION","MEMORY_ALLOCATION_FREE","",0,"0x00007466311d7000",137190,89665737118372,89665737118832
"MEMORY_ALLOCATION","MEMORY_ALLOCATION_FREE","",0,"0x00007466311d8000",137192,89665737122152,89665737122552
"MEMORY_ALLOCATION","MEMORY_ALLOCATION_FREE","",0,"0x0000746622800000",137194,89665737163883,89665737208054
"MEMORY_ALLOCATION","MEMORY_ALLOCATION_FREE","",0,"0x0000746622200000",137196,89665737213944,89665737260205
"MEMORY_ALLOCATION","MEMORY_ALLOCATION_FREE","",0,"0x00007466311d9000",137198,89665737264245,89665737264745
"MEMORY_ALLOCATION","MEMORY_ALLOCATION_FREE","",0,"0x00007466311da000",137200,89665737267945,89665737268295
"MEMORY_ALLOCATION","MEMORY_ALLOCATION_FREE","",0,"0x0000746620800000",137202,89665737311435,89665737354296
"MEMORY_ALLOCATION","MEMORY_ALLOCATION_FREE","",0,"0x0000746620200000",137204,89665737357906,89665737403707
"MEMORY_ALLOCATION","MEMORY_ALLOCATION_FREE","",0,"0x00007466311db000",137206,89665737410157,89665737410687
"MEMORY_ALLOCATION","MEMORY_ALLOCATION_FREE","",0,"0x00007466311dc000",137208,89665737413817,89665737414267
"MEMORY_ALLOCATION","MEMORY_ALLOCATION_FREE","",0,"0x0000746627120000",137210,89665737418017,89665737418567
"MEMORY_ALLOCATION","MEMORY_ALLOCATION_FREE","",0,"0x000074661fe00000",137212,89665737422207,89665737555170
"MEMORY_ALLOCATION","MEMORY_ALLOCATION_FREE","",0,"0x00007466311e8000",137214,89665737560870,89665737561410
"MEMORY_ALLOCATION","MEMORY_ALLOCATION_FREE","",0,"0x00007466311ec000",137216,89665737564470,89665737564790
"MEMORY_ALLOCATION","MEMORY_ALLOCATION_FREE","",0,"0x00007466311f0000",137218,89665737567890,89665737568180
"MEMORY_ALLOCATION","MEMORY_ALLOCATION_FREE","",0,"0x00007466311f8000",137220,89665737571550,89665737699782
"MEMORY_ALLOCATION","MEMORY_ALLOCATION_FREE","",0,"0x0000746627140000",137222,89665737704492,89665737705122
"MEMORY_ALLOCATION","MEMORY_ALLOCATION_FREE","",0,"0x0000746627144000",137224,89665737708562,89665737708902
"MEMORY_ALLOCATION","MEMORY_ALLOCATION_FREE","",0,"0x0000746627146000",137226,89665737712592,89665737712952
"MEMORY_ALLOCATION","MEMORY_ALLOCATION_FREE","",0,"0x0000746627148000",137228,89665737717602,89665737717962
"MEMORY_ALLOCATION","MEMORY_ALLOCATION_FREE","",0,"0x000074662714c000",137230,89665737721542,89665737721832
"MEMORY_ALLOCATION","MEMORY_ALLOCATION_FREE","",0,"0x000074662714d000",137232,89665737724902,89665737725192
"MEMORY_ALLOCATION","MEMORY_ALLOCATION_FREE","",0,"0x000074662714e000",137234,89665737728582,89665737729052
"MEMORY_ALLOCATION","MEMORY_ALLOCATION_FREE","",0,"0x0000746627152000",137236,89665737732622,89665737733272
"MEMORY_ALLOCATION","MEMORY_ALLOCATION_FREE","",0,"0x0000746627156000",137238,89665737736373,89665737736683
"MEMORY_ALLOCATION","MEMORY_ALLOCATION_FREE","",0,"0x000074662715a000",137240,89665737739923,89665737740203
"MEMORY_ALLOCATION","MEMORY_ALLOCATION_FREE","",0,"0x000074662715e000",137242,89665737743703,89665737744143
"MEMORY_ALLOCATION","MEMORY_ALLOCATION_FREE","",0,"0x000074662716a000",137244,89665737748503,89665737748903
"MEMORY_ALLOCATION","MEMORY_ALLOCATION_FREE","",0,"0x00007466271fc000",137246,89665737754253,89665737754713
"MEMORY_ALLOCATION","MEMORY_ALLOCATION_FREE","",0,"0x000074661dc80000",137248,89665737759533,89665737760773
"MEMORY_ALLOCATION","MEMORY_ALLOCATION_FREE","",0,"0x000074661dc81000",137250,89665737764333,89665737764993
"MEMORY_ALLOCATION","MEMORY_ALLOCATION_FREE","",0,"0x000074661dc82000",137252,89665737768833,89665737769263
"MEMORY_ALLOCATION","MEMORY_ALLOCATION_FREE","",0,"0x000074661ec00000",137254,89665737814274,89665737861205
"MEMORY_ALLOCATION","MEMORY_ALLOCATION_FREE","",0,"0x000074661e800000",137256,89665737866965,89665738018577
"MEMORY_ALLOCATION","MEMORY_ALLOCATION_FREE","",0,"0x000074662716e000",137258,89665738024067,89665738024667
"MEMORY_ALLOCATION","MEMORY_ALLOCATION_FREE","",0,"0x000074662716f000",137260,89665738027887,89665738028217
"MEMORY_ALLOCATION","MEMORY_ALLOCATION_FREE","",0,"0x000074661e400000",137262,89665738071328,89665738201010
"MEMORY_ALLOCATION","MEMORY_ALLOCATION_FREE","",0,"0x0000746627170000",137264,89665738205150,89665738205600
"MEMORY_ALLOCATION","MEMORY_ALLOCATION_FREE","",0,"0x00007466271f0000",137266,89665738209150,89665738209590
"MEMORY_ALLOCATION","MEMORY_ALLOCATION_FREE","",0,"0x00007466271f1000",137268,89665738217521,89665738217851
"MEMORY_ALLOCATION","MEMORY_ALLOCATION_FREE","",0,"0x000074661e000000",137270,89665738259851,89665738386053
"MEMORY_ALLOCATION","MEMORY_ALLOCATION_FREE","",0,"0x000074661dc00000",137272,89665738390443,89665738391113
"MEMORY_ALLOCATION","MEMORY_ALLOCATION_FREE","",0,"0x00007466271f2000",137274,89665738394504,89665738394924
"MEMORY_ALLOCATION","MEMORY_ALLOCATION_FREE","",0,"0x00007466271f3000",137276,89665738397914,89665738398244
"MEMORY_ALLOCATION","MEMORY_ALLOCATION_FREE","",0,"0x000074661d200000",137278,89665738440634,89665738487845
"MEMORY_ALLOCATION","MEMORY_ALLOCATION_FREE","",0,"0x000074661ce00000",137280,89665738493635,89665738616717
"MEMORY_ALLOCATION","MEMORY_ALLOCATION_FREE","",0,"0x00007466271f4000",137282,89665738621527,89665738622047
"MEMORY_ALLOCATION","MEMORY_ALLOCATION_FREE","",0,"0x00007466271f5000",137284,89665738625077,89665738625467
"MEMORY_ALLOCATION","MEMORY_ALLOCATION_FREE","",0,"0x000074661b400000",137286,89665738667678,89665738714159
"MEMORY_ALLOCATION","MEMORY_ALLOCATION_FREE","",0,"0x000074661ae00000",137288,89665738718369,89665738759050
"MEMORY_ALLOCATION","MEMORY_ALLOCATION_FREE","",0,"0x00007466271f6000",137290,89665738765020,89665738765440
"MEMORY_ALLOCATION","MEMORY_ALLOCATION_FREE","",0,"0x00007466271f7000",137292,89665738768630,89665738769070
"MEMORY_ALLOCATION","MEMORY_ALLOCATION_FREE","",0,"0x0000746619400000",137294,89665738811031,89665738857971
"MEMORY_ALLOCATION","MEMORY_ALLOCATION_FREE","",0,"0x0000746618e00000",137296,89665738861861,89665738907382
"MEMORY_ALLOCATION","MEMORY_ALLOCATION_FREE","",0,"0x00007466271f8000",137298,89665739146806,89665739147496
"MEMORY_ALLOCATION","MEMORY_ALLOCATION_FREE","",0,"0x00007466271f9000",137300,89665739151086,89665739151456
"MEMORY_ALLOCATION","MEMORY_ALLOCATION_FREE","",0,"0x0000746617400000",137302,89665739233868,89665739283358
"MEMORY_ALLOCATION","MEMORY_ALLOCATION_FREE","",0,"0x0000746616e00000",137304,89665739301049,89665739350400
"MEMORY_ALLOCATION","MEMORY_ALLOCATION_FREE","",0,"0x00007466271fa000",137306,89665739354290,89665739354740
"MEMORY_ALLOCATION","MEMORY_ALLOCATION_FREE","",0,"0x00007466271fb000",137308,89665739358180,89665739489482
"MEMORY_ALLOCATION","MEMORY_ALLOCATION_FREE","",0,"0x000074661dc86000",137310,89665739495242,89665739496042
"MEMORY_ALLOCATION","MEMORY_ALLOCATION_FREE","",0,"0x000074661dc87000",137312,89665739499462,89665739499862
"MEMORY_ALLOCATION","MEMORY_ALLOCATION_FREE","",0,"0x000074661dc8b000",137314,89665739503182,89665739503502
"MEMORY_ALLOCATION","MEMORY_ALLOCATION_FREE","",0,"0x000074661dc8f000",137316,89665739506612,89665739506932
"MEMORY_ALLOCATION","MEMORY_ALLOCATION_FREE","",0,"0x000074661dc97000",137318,89665739510502,89665739510892
"MEMORY_ALLOCATION","MEMORY_ALLOCATION_FREE","",0,"0x000074661dc9b000",137320,89665739514072,89665739514472
"MEMORY_ALLOCATION","MEMORY_ALLOCATION_FREE","",0,"0x000074661dc9c000",137322,89665739517682,89665739517972
"MEMORY_ALLOCATION","MEMORY_ALLOCATION_FREE","",0,"0x000074661dc9d000",137324,89665739521742,89665739522042
"MEMORY_ALLOCATION","MEMORY_ALLOCATION_FREE","",0,"0x000074661dca1000",137326,89665739525533,89665739525953
"MEMORY_ALLOCATION","MEMORY_ALLOCATION_FREE","",0,"0x000074661dca2000",137328,89665739529153,89665739529523
"MEMORY_ALLOCATION","MEMORY_ALLOCATION_FREE","",0,"0x000074661dca6000",137330,89665739534123,89665739534493
"MEMORY_ALLOCATION","MEMORY_ALLOCATION_FREE","",0,"0x0000746615c00000",137332,89665739538983,89665739587804
"MEMORY_ALLOCATION","MEMORY_ALLOCATION_FREE","",0,"0x0000746614a00000",137334,89665739591984,89665739632864
"MEMORY_ALLOCATION","MEMORY_ALLOCATION_FREE","",0,"0x000074661dca7000",137336,89665739636274,89665739636714
"MEMORY_ALLOCATION","MEMORY_ALLOCATION_FREE","",0,"0x000074661dcab000",137338,89665739639964,89665739640364
"MEMORY_ALLOCATION","MEMORY_ALLOCATION_FREE","",0,"0x000074661dcaf000",137340,89665739643454,89665739643835
"MEMORY_ALLOCATION","MEMORY_ALLOCATION_FREE","",0,"0x000074661dcb3000",137342,89665739647345,89665739647765
"MEMORY_ALLOCATION","MEMORY_ALLOCATION_FREE","",0,"0x000074661dcb7000",137344,89665739650775,89665739651055
"MEMORY_ALLOCATION","MEMORY_ALLOCATION_FREE","",0,"0x000074661dcc3000",137346,89665739654755,89665739655045
"MEMORY_ALLOCATION","MEMORY_ALLOCATION_FREE","",0,"0x000074661dcc7000",137348,89665739658155,89665739658555
"MEMORY_ALLOCATION","MEMORY_ALLOCATION_FREE","",0,"0x000074661dd8c000",137350,89665739667385,89665739667915
"MEMORY_ALLOCATION","MEMORY_ALLOCATION_FREE","",0,"0x000074661dd90000",137352,89665739671365,89665739671975
"MEMORY_ALLOCATION","MEMORY_ALLOCATION_FREE","",0,"0x00007465f6200000",137354,89665739713326,89665739778927
"MEMORY_ALLOCATION","MEMORY_ALLOCATION_FREE","",0,"0x00007465ee600000",137356,89665739783197,89665739874568
"MEMORY_ALLOCATION","MEMORY_ALLOCATION_FREE","",0,"0x000074661dd48000",137358,89665739880458,89665739881018
"MEMORY_ALLOCATION","MEMORY_ALLOCATION_FREE","",0,"0x000074661dd49000",137360,89665739884609,89665739885009
"MEMORY_ALLOCATION","MEMORY_ALLOCATION_FREE","",0,"0x000074661dd4a000",137362,89665739888489,89665739888829
"MEMORY_ALLOCATION","MEMORY_ALLOCATION_FREE","",0,"0x00007465ee200000",137364,89665739892269,89665739892759
"MEMORY_ALLOCATION","MEMORY_ALLOCATION_FREE","",0,"0x000074661dd4e000",137366,89665739895859,89665739896189
"MEMORY_ALLOCATION","MEMORY_ALLOCATION_FREE","",0,"0x000074661dd6d000",137368,89665739899379,89665739899769
"MEMORY_ALLOCATION","MEMORY_ALLOCATION_FREE","",0,"0x0000746574800000",137370,89665739905089,89665740031411
"MEMORY_ALLOCATION","MEMORY_ALLOCATION_FREE","",0,"0x0000746574200000",137372,89665740037831,89665740084872
"MEMORY_ALLOCATION","MEMORY_ALLOCATION_FREE","",0,"0x0000746573e00000",137374,89665740088902,89665740212644
"MEMORY_ALLOCATION","MEMORY_ALLOCATION_FREE","",0,"0x000074661dd98000",137376,89665740218294,89665740218854
"MEMORY_ALLOCATION","MEMORY_ALLOCATION_FREE","",0,"0x000074661dd9c000",137378,89665740222434,89665740344716
"MEMORY_ALLOCATION","MEMORY_ALLOCATION_FREE","",0,"0x0000746573800000",137380,89665740349536,89665740389997
"MEMORY_ALLOCATION","MEMORY_ALLOCATION_FREE","",0,"0x00007465ee2f3000",137382,89665740393987,89665740394497
"MEMORY_ALLOCATION","MEMORY_ALLOCATION_FREE","",0,"0x0000746573400000",137384,89665740397697,89665740398087
"MEMORY_ALLOCATION","MEMORY_ALLOCATION_FREE","",0,"0x0000746573000000",137386,89665740401407,89665740524629
"MEMORY_ALLOCATION","MEMORY_ALLOCATION_FREE","",0,"0x00007465ee3f3000",137388,89665740530229,89665740530929
"MEMORY_ALLOCATION","MEMORY_ALLOCATION_FREE","",0,"0x00007465ee3f7000",137390,89665740534009,89665740659511
"MEMORY_ALLOCATION","MEMORY_ALLOCATION_FREE","",0,"0x0000746572c00000",137392,89665740664822,89665740790774
"MEMORY_ALLOCATION","MEMORY_ALLOCATION_FREE","",0,"0x0000746572800000",137394,89665740796234,89665740928676
"MEMORY_ALLOCATION","MEMORY_ALLOCATION_FREE","",0,"0x0000746572400000",137396,89665740933726,89665741066238
"MEMORY_ALLOCATION","MEMORY_ALLOCATION_FREE","",0,"0x0000746572000000",137398,89665741071338,89665741200260
"MEMORY_ALLOCATION","MEMORY_ALLOCATION_FREE","",0,"0x0000746571c00000",137400,89665741205131,89665741327523
"MEMORY_ALLOCATION","MEMORY_ALLOCATION_FREE","",0,"0x0000746571400000",137402,89665741332233,89665741376083
"MEMORY_ALLOCATION","MEMORY_ALLOCATION_FREE","",0,"0x0000746570c00000",137404,89665741380743,89665741424974
"MEMORY_ALLOCATION","MEMORY_ALLOCATION_FREE","",0,"0x0000746570400000",137406,89665741428714,89665741473675
"MEMORY_ALLOCATION","MEMORY_ALLOCATION_FREE","",0,"0x0000746570000000",137408,89665741477345,89665741605377
"MEMORY_ALLOCATION","MEMORY_ALLOCATION_FREE","",0,"0x000074656fc00000",137410,89665741616097,89665741749100
"MEMORY_ALLOCATION","MEMORY_ALLOCATION_FREE","",0,"0x000074656f800000",137412,89665741754700,89665741882182
"MEMORY_ALLOCATION","MEMORY_ALLOCATION_FREE","",0,"0x000074656f200000",137414,89665741888052,89665741930213
"MEMORY_ALLOCATION","MEMORY_ALLOCATION_FREE","",0,"0x000074656ee00000",137416,89665741934263,89665742102006
"MEMORY_ALLOCATION","MEMORY_ALLOCATION_FREE","",0,"0x0000746573500000",137418,89665742108906,89665742109666
"MEMORY_ALLOCATION","MEMORY_ALLOCATION_FREE","",0,"0x0000746573580000",137420,89665742113646,89665742239368
"MEMORY_ALLOCATION","MEMORY_ALLOCATION_FREE","",0,"0x000074656ea00000",137422,89665742245998,89665742379570
"MEMORY_ALLOCATION","MEMORY_ALLOCATION_FREE","",0,"0x000074656e600000",137424,89665742385240,89665742514072
"MEMORY_ALLOCATION","MEMORY_ALLOCATION_FREE","",0,"0x000074656e200000",137426,89665742518703,89665742637324
"MEMORY_ALLOCATION","MEMORY_ALLOCATION_FREE","",0,"0x000074656de00000",137428,89665742642825,89665742765457
"MEMORY_ALLOCATION","MEMORY_ALLOCATION_FREE","",0,"0x000074656da00000",137430,89665742770697,89665742905169
"MEMORY_ALLOCATION","MEMORY_ALLOCATION_FREE","",0,"0x000074656d600000",137432,89665742912399,89665743046601
"MEMORY_ALLOCATION","MEMORY_ALLOCATION_FREE","",0,"0x000074656ce00000",137434,89665743051601,89665743098022
"MEMORY_ALLOCATION","MEMORY_ALLOCATION_FREE","",0,"0x000074656c600000",137436,89665743101932,89665743142543
"MEMORY_ALLOCATION","MEMORY_ALLOCATION_FREE","",0,"0x000074656be00000",137438,89665743146313,89665743192184
"MEMORY_ALLOCATION","MEMORY_ALLOCATION_FREE","",0,"0x000074656ba00000",137440,89665743195874,89665743316096
"MEMORY_ALLOCATION","MEMORY_ALLOCATION_FREE","",0,"0x000074656b600000",137442,89665743320986,89665743441048
"MEMORY_ALLOCATION","MEMORY_ALLOCATION_FREE","",0,"0x000074656b200000",137444,89665743445518,89665743534289
"MEMORY_ALLOCATION","MEMORY_ALLOCATION_FREE","",0,"0x0000000000000000",137446,89665743551790,89665743551820
"MEMORY_ALLOCATION","MEMORY_ALLOCATION_FREE","",0,"0x0000746752c00000",137446,89665743556800,89665744169320
"MEMORY_ALLOCATION","MEMORY_ALLOCATION_FREE","",0,"0x0000746752600000",137446,89665744174360,89665744714179
