"Correlation_Id","Dispatch_Id","Agent_Id","Queue_Id","Process_Id","Thread_Id","Grid_Size","Kernel_Id","Kernel_Name","Workgroup_Size","LDS_Block_Size","Scratch_Size","VGPR_Count","Accum_VGPR_Count","SGPR_Count","Counter_Name","Counter_Value","Start_Timestamp","End_Timestamp"
1015,1015,"Agent 2",1,1137476,1137476,1310720,84,"ullm_cached_prefix_attn_f32_flash2_kernel",256,1536,0,24,0,128,"FETCH_SIZE",0.00000000e+00,15387997060377,15387998127552
1015,1015,"Agent 2",1,1137476,1137476,1310720,84,"ullm_cached_prefix_attn_f32_flash2_kernel",256,1536,0,24,0,128,"VALUInsts",0.00000000e+00,15387997060377,15387998127552
1015,1015,"Agent 2",1,1137476,1137476,1310720,84,"ullm_cached_prefix_attn_f32_flash2_kernel",256,1536,0,24,0,128,"Wavefronts",40960.000000,15387997060377,15387998127552
1428,1428,"Agent 2",1,1137476,1137476,1310720,84,"ullm_cached_prefix_attn_f32_flash2_kernel",256,1536,0,24,0,128,"FETCH_SIZE",0.00000000e+00,15388046310489,15388047375303
1428,1428,"Agent 2",1,1137476,1137476,1310720,84,"ullm_cached_prefix_attn_f32_flash2_kernel",256,1536,0,24,0,128,"VALUInsts",0.00000000e+00,15388046310489,15388047375303
1428,1428,"Agent 2",1,1137476,1137476,1310720,84,"ullm_cached_prefix_attn_f32_flash2_kernel",256,1536,0,24,0,128,"Wavefronts",40960.000000,15388046310489,15388047375303
1841,1841,"Agent 2",1,1137476,1137476,1310720,84,"ullm_cached_prefix_attn_f32_flash2_kernel",256,1536,0,24,0,128,"FETCH_SIZE",0.00000000e+00,15388059439268,15388060493122
1841,1841,"Agent 2",1,1137476,1137476,1310720,84,"ullm_cached_prefix_attn_f32_flash2_kernel",256,1536,0,24,0,128,"VALUInsts",0.00000000e+00,15388059439268,15388060493122
1841,1841,"Agent 2",1,1137476,1137476,1310720,84,"ullm_cached_prefix_attn_f32_flash2_kernel",256,1536,0,24,0,128,"Wavefronts",40960.000000,15388059439268,15388060493122
2254,2254,"Agent 2",1,1137476,1137476,1310720,84,"ullm_cached_prefix_attn_f32_flash2_kernel",256,1536,0,24,0,128,"FETCH_SIZE",0.00000000e+00,15388071848010,15388072758022
2254,2254,"Agent 2",1,1137476,1137476,1310720,84,"ullm_cached_prefix_attn_f32_flash2_kernel",256,1536,0,24,0,128,"VALUInsts",0.00000000e+00,15388071848010,15388072758022
2254,2254,"Agent 2",1,1137476,1137476,1310720,84,"ullm_cached_prefix_attn_f32_flash2_kernel",256,1536,0,24,0,128,"Wavefronts",40960.000000,15388071848010,15388072758022
2667,2667,"Agent 2",1,1137476,1137476,1310720,84,"ullm_cached_prefix_attn_f32_flash2_kernel",256,1536,0,24,0,128,"FETCH_SIZE",0.00000000e+00,15388084101057,15388085020629
2667,2667,"Agent 2",1,1137476,1137476,1310720,84,"ullm_cached_prefix_attn_f32_flash2_kernel",256,1536,0,24,0,128,"VALUInsts",0.00000000e+00,15388084101057,15388085020629
2667,2667,"Agent 2",1,1137476,1137476,1310720,84,"ullm_cached_prefix_attn_f32_flash2_kernel",256,1536,0,24,0,128,"Wavefronts",40960.000000,15388084101057,15388085020629
3080,3080,"Agent 2",1,1137476,1137476,1310720,84,"ullm_cached_prefix_attn_f32_flash2_kernel",256,1536,0,24,0,128,"FETCH_SIZE",0.00000000e+00,15388096182462,15388097100354
3080,3080,"Agent 2",1,1137476,1137476,1310720,84,"ullm_cached_prefix_attn_f32_flash2_kernel",256,1536,0,24,0,128,"VALUInsts",0.00000000e+00,15388096182462,15388097100354
3080,3080,"Agent 2",1,1137476,1137476,1310720,84,"ullm_cached_prefix_attn_f32_flash2_kernel",256,1536,0,24,0,128,"Wavefronts",40960.000000,15388096182462,15388097100354
3493,3493,"Agent 2",1,1137476,1137476,1310720,84,"ullm_cached_prefix_attn_f32_flash2_kernel",256,1536,0,24,0,128,"FETCH_SIZE",0.00000000e+00,15388108543591,15388109460363
3493,3493,"Agent 2",1,1137476,1137476,1310720,84,"ullm_cached_prefix_attn_f32_flash2_kernel",256,1536,0,24,0,128,"VALUInsts",0.00000000e+00,15388108543591,15388109460363
3493,3493,"Agent 2",1,1137476,1137476,1310720,84,"ullm_cached_prefix_attn_f32_flash2_kernel",256,1536,0,24,0,128,"Wavefronts",40960.000000,15388108543591,15388109460363
3906,3906,"Agent 2",1,1137476,1137476,1310720,84,"ullm_cached_prefix_attn_f32_flash2_kernel",256,1536,0,24,0,128,"FETCH_SIZE",0.00000000e+00,15388120560555,15388121476487
3906,3906,"Agent 2",1,1137476,1137476,1310720,84,"ullm_cached_prefix_attn_f32_flash2_kernel",256,1536,0,24,0,128,"VALUInsts",0.00000000e+00,15388120560555,15388121476487
3906,3906,"Agent 2",1,1137476,1137476,1310720,84,"ullm_cached_prefix_attn_f32_flash2_kernel",256,1536,0,24,0,128,"Wavefronts",40960.000000,15388120560555,15388121476487
4319,4319,"Agent 2",1,1137476,1137476,1310720,84,"ullm_cached_prefix_attn_f32_flash2_kernel",256,1536,0,24,0,128,"FETCH_SIZE",0.00000000e+00,15388132617931,15388133532943
4319,4319,"Agent 2",1,1137476,1137476,1310720,84,"ullm_cached_prefix_attn_f32_flash2_kernel",256,1536,0,24,0,128,"VALUInsts",0.00000000e+00,15388132617931,15388133532943
4319,4319,"Agent 2",1,1137476,1137476,1310720,84,"ullm_cached_prefix_attn_f32_flash2_kernel",256,1536,0,24,0,128,"Wavefronts",40960.000000,15388132617931,15388133532943
4732,4732,"Agent 2",1,1137476,1137476,1310720,84,"ullm_cached_prefix_attn_f32_flash2_kernel",256,1536,0,24,0,128,"FETCH_SIZE",0.00000000e+00,15388144997780,15388145916352
4732,4732,"Agent 2",1,1137476,1137476,1310720,84,"ullm_cached_prefix_attn_f32_flash2_kernel",256,1536,0,24,0,128,"VALUInsts",0.00000000e+00,15388144997780,15388145916352
4732,4732,"Agent 2",1,1137476,1137476,1310720,84,"ullm_cached_prefix_attn_f32_flash2_kernel",256,1536,0,24,0,128,"Wavefronts",40960.000000,15388144997780,15388145916352
5145,5145,"Agent 2",1,1137476,1137476,1310720,84,"ullm_cached_prefix_attn_f32_flash2_kernel",256,1536,0,24,0,128,"FETCH_SIZE",0.00000000e+00,15388156938303,15388157858756
5145,5145,"Agent 2",1,1137476,1137476,1310720,84,"ullm_cached_prefix_attn_f32_flash2_kernel",256,1536,0,24,0,128,"VALUInsts",0.00000000e+00,15388156938303,15388157858756
5145,5145,"Agent 2",1,1137476,1137476,1310720,84,"ullm_cached_prefix_attn_f32_flash2_kernel",256,1536,0,24,0,128,"Wavefronts",40960.000000,15388156938303,15388157858756
5558,5558,"Agent 2",1,1137476,1137476,1310720,84,"ullm_cached_prefix_attn_f32_flash2_kernel",256,1536,0,24,0,128,"FETCH_SIZE",0.00000000e+00,15388169215071,15388170134683
5558,5558,"Agent 2",1,1137476,1137476,1310720,84,"ullm_cached_prefix_attn_f32_flash2_kernel",256,1536,0,24,0,128,"VALUInsts",0.00000000e+00,15388169215071,15388170134683
5558,5558,"Agent 2",1,1137476,1137476,1310720,84,"ullm_cached_prefix_attn_f32_flash2_kernel",256,1536,0,24,0,128,"Wavefronts",40960.000000,15388169215071,15388170134683
5971,5971,"Agent 2",1,1137476,1137476,1310720,84,"ullm_cached_prefix_attn_f32_flash2_kernel",256,1536,0,24,0,128,"FETCH_SIZE",0.00000000e+00,15388181312316,15388182231088
5971,5971,"Agent 2",1,1137476,1137476,1310720,84,"ullm_cached_prefix_attn_f32_flash2_kernel",256,1536,0,24,0,128,"VALUInsts",0.00000000e+00,15388181312316,15388182231088
5971,5971,"Agent 2",1,1137476,1137476,1310720,84,"ullm_cached_prefix_attn_f32_flash2_kernel",256,1536,0,24,0,128,"Wavefronts",40960.000000,15388181312316,15388182231088
6384,6384,"Agent 2",1,1137476,1137476,1310720,84,"ullm_cached_prefix_attn_f32_flash2_kernel",256,1536,0,24,0,128,"FETCH_SIZE",0.00000000e+00,15388193601835,15388194521008
6384,6384,"Agent 2",1,1137476,1137476,1310720,84,"ullm_cached_prefix_attn_f32_flash2_kernel",256,1536,0,24,0,128,"VALUInsts",0.00000000e+00,15388193601835,15388194521008
6384,6384,"Agent 2",1,1137476,1137476,1310720,84,"ullm_cached_prefix_attn_f32_flash2_kernel",256,1536,0,24,0,128,"Wavefronts",40960.000000,15388193601835,15388194521008
6797,6797,"Agent 2",1,1137476,1137476,1310720,84,"ullm_cached_prefix_attn_f32_flash2_kernel",256,1536,0,24,0,128,"FETCH_SIZE",0.00000000e+00,15388205598959,15388206515411
6797,6797,"Agent 2",1,1137476,1137476,1310720,84,"ullm_cached_prefix_attn_f32_flash2_kernel",256,1536,0,24,0,128,"VALUInsts",0.00000000e+00,15388205598959,15388206515411
6797,6797,"Agent 2",1,1137476,1137476,1310720,84,"ullm_cached_prefix_attn_f32_flash2_kernel",256,1536,0,24,0,128,"Wavefronts",40960.000000,15388205598959,15388206515411
7210,7210,"Agent 2",1,1137476,1137476,1310720,84,"ullm_cached_prefix_attn_f32_flash2_kernel",256,1536,0,24,0,128,"FETCH_SIZE",0.00000000e+00,15388217639723,15388218555176
7210,7210,"Agent 2",1,1137476,1137476,1310720,84,"ullm_cached_prefix_attn_f32_flash2_kernel",256,1536,0,24,0,128,"VALUInsts",0.00000000e+00,15388217639723,15388218555176
7210,7210,"Agent 2",1,1137476,1137476,1310720,84,"ullm_cached_prefix_attn_f32_flash2_kernel",256,1536,0,24,0,128,"Wavefronts",40960.000000,15388217639723,15388218555176
7623,7623,"Agent 2",1,1137476,1137476,1310720,84,"ullm_cached_prefix_attn_f32_flash2_kernel",256,1536,0,24,0,128,"FETCH_SIZE",0.00000000e+00,15388229812490,15388230728542
7623,7623,"Agent 2",1,1137476,1137476,1310720,84,"ullm_cached_prefix_attn_f32_flash2_kernel",256,1536,0,24,0,128,"VALUInsts",0.00000000e+00,15388229812490,15388230728542
7623,7623,"Agent 2",1,1137476,1137476,1310720,84,"ullm_cached_prefix_attn_f32_flash2_kernel",256,1536,0,24,0,128,"Wavefronts",40960.000000,15388229812490,15388230728542
8036,8036,"Agent 2",1,1137476,1137476,1310720,84,"ullm_cached_prefix_attn_f32_flash2_kernel",256,1536,0,24,0,128,"FETCH_SIZE",0.00000000e+00,15388241932095,15388242850548
8036,8036,"Agent 2",1,1137476,1137476,1310720,84,"ullm_cached_prefix_attn_f32_flash2_kernel",256,1536,0,24,0,128,"VALUInsts",0.00000000e+00,15388241932095,15388242850548
8036,8036,"Agent 2",1,1137476,1137476,1310720,84,"ullm_cached_prefix_attn_f32_flash2_kernel",256,1536,0,24,0,128,"Wavefronts",40960.000000,15388241932095,15388242850548
8449,8449,"Agent 2",1,1137476,1137476,1310720,84,"ullm_cached_prefix_attn_f32_flash2_kernel",256,1536,0,24,0,128,"FETCH_SIZE",0.00000000e+00,15388254225214,15388255145227
8449,8449,"Agent 2",1,1137476,1137476,1310720,84,"ullm_cached_prefix_attn_f32_flash2_kernel",256,1536,0,24,0,128,"VALUInsts",0.00000000e+00,15388254225214,15388255145227
8449,8449,"Agent 2",1,1137476,1137476,1310720,84,"ullm_cached_prefix_attn_f32_flash2_kernel",256,1536,0,24,0,128,"Wavefronts",40960.000000,15388254225214,15388255145227
8862,8862,"Agent 2",1,1137476,1137476,1310720,84,"ullm_cached_prefix_attn_f32_flash2_kernel",256,1536,0,24,0,128,"FETCH_SIZE",0.00000000e+00,15388266227858,15388267148351
8862,8862,"Agent 2",1,1137476,1137476,1310720,84,"ullm_cached_prefix_attn_f32_flash2_kernel",256,1536,0,24,0,128,"VALUInsts",0.00000000e+00,15388266227858,15388267148351
8862,8862,"Agent 2",1,1137476,1137476,1310720,84,"ullm_cached_prefix_attn_f32_flash2_kernel",256,1536,0,24,0,128,"Wavefronts",40960.000000,15388266227858,15388267148351
9275,9275,"Agent 2",1,1137476,1137476,1310720,84,"ullm_cached_prefix_attn_f32_flash2_kernel",256,1536,0,24,0,128,"FETCH_SIZE",0.00000000e+00,15388278265022,15388279184035
9275,9275,"Agent 2",1,1137476,1137476,1310720,84,"ullm_cached_prefix_attn_f32_flash2_kernel",256,1536,0,24,0,128,"VALUInsts",0.00000000e+00,15388278265022,15388279184035
9275,9275,"Agent 2",1,1137476,1137476,1310720,84,"ullm_cached_prefix_attn_f32_flash2_kernel",256,1536,0,24,0,128,"Wavefronts",40960.000000,15388278265022,15388279184035
9688,9688,"Agent 2",1,1137476,1137476,1310720,84,"ullm_cached_prefix_attn_f32_flash2_kernel",256,1536,0,24,0,128,"FETCH_SIZE",0.00000000e+00,15388290606871,15388291525763
9688,9688,"Agent 2",1,1137476,1137476,1310720,84,"ullm_cached_prefix_attn_f32_flash2_kernel",256,1536,0,24,0,128,"VALUInsts",0.00000000e+00,15388290606871,15388291525763
9688,9688,"Agent 2",1,1137476,1137476,1310720,84,"ullm_cached_prefix_attn_f32_flash2_kernel",256,1536,0,24,0,128,"Wavefronts",40960.000000,15388290606871,15388291525763
10101,10101,"Agent 2",1,1137476,1137476,1310720,84,"ullm_cached_prefix_attn_f32_flash2_kernel",256,1536,0,24,0,128,"FETCH_SIZE",0.00000000e+00,15388302653115,15388303571088
10101,10101,"Agent 2",1,1137476,1137476,1310720,84,"ullm_cached_prefix_attn_f32_flash2_kernel",256,1536,0,24,0,128,"VALUInsts",0.00000000e+00,15388302653115,15388303571088
10101,10101,"Agent 2",1,1137476,1137476,1310720,84,"ullm_cached_prefix_attn_f32_flash2_kernel",256,1536,0,24,0,128,"Wavefronts",40960.000000,15388302653115,15388303571088
10514,10514,"Agent 2",1,1137476,1137476,1310720,84,"ullm_cached_prefix_attn_f32_flash2_kernel",256,1536,0,24,0,128,"FETCH_SIZE",0.00000000e+00,15388314923685,15388315838458
10514,10514,"Agent 2",1,1137476,1137476,1310720,84,"ullm_cached_prefix_attn_f32_flash2_kernel",256,1536,0,24,0,128,"VALUInsts",0.00000000e+00,15388314923685,15388315838458
10514,10514,"Agent 2",1,1137476,1137476,1310720,84,"ullm_cached_prefix_attn_f32_flash2_kernel",256,1536,0,24,0,128,"Wavefronts",40960.000000,15388314923685,15388315838458
10927,10927,"Agent 2",1,1137476,1137476,1310720,84,"ullm_cached_prefix_attn_f32_flash2_kernel",256,1536,0,24,0,128,"FETCH_SIZE",0.00000000e+00,15388326918449,15388327835181
10927,10927,"Agent 2",1,1137476,1137476,1310720,84,"ullm_cached_prefix_attn_f32_flash2_kernel",256,1536,0,24,0,128,"VALUInsts",0.00000000e+00,15388326918449,15388327835181
10927,10927,"Agent 2",1,1137476,1137476,1310720,84,"ullm_cached_prefix_attn_f32_flash2_kernel",256,1536,0,24,0,128,"Wavefronts",40960.000000,15388326918449,15388327835181
11340,11340,"Agent 2",1,1137476,1137476,1310720,84,"ullm_cached_prefix_attn_f32_flash2_kernel",256,1536,0,24,0,128,"FETCH_SIZE",0.00000000e+00,15388338983894,15388339898106
11340,11340,"Agent 2",1,1137476,1137476,1310720,84,"ullm_cached_prefix_attn_f32_flash2_kernel",256,1536,0,24,0,128,"VALUInsts",0.00000000e+00,15388338983894,15388339898106
11340,11340,"Agent 2",1,1137476,1137476,1310720,84,"ullm_cached_prefix_attn_f32_flash2_kernel",256,1536,0,24,0,128,"Wavefronts",40960.000000,15388338983894,15388339898106
11753,11753,"Agent 2",1,1137476,1137476,1310720,84,"ullm_cached_prefix_attn_f32_flash2_kernel",256,1536,0,24,0,128,"FETCH_SIZE",0.00000000e+00,15388351339302,15388352256715
11753,11753,"Agent 2",1,1137476,1137476,1310720,84,"ullm_cached_prefix_attn_f32_flash2_kernel",256,1536,0,24,0,128,"VALUInsts",0.00000000e+00,15388351339302,15388352256715
11753,11753,"Agent 2",1,1137476,1137476,1310720,84,"ullm_cached_prefix_attn_f32_flash2_kernel",256,1536,0,24,0,128,"Wavefronts",40960.000000,15388351339302,15388352256715
12166,12166,"Agent 2",1,1137476,1137476,1310720,84,"ullm_cached_prefix_attn_f32_flash2_kernel",256,1536,0,24,0,128,"FETCH_SIZE",0.00000000e+00,15388363385467,15388364305319
12166,12166,"Agent 2",1,1137476,1137476,1310720,84,"ullm_cached_prefix_attn_f32_flash2_kernel",256,1536,0,24,0,128,"VALUInsts",0.00000000e+00,15388363385467,15388364305319
12166,12166,"Agent 2",1,1137476,1137476,1310720,84,"ullm_cached_prefix_attn_f32_flash2_kernel",256,1536,0,24,0,128,"Wavefronts",40960.000000,15388363385467,15388364305319
12579,12579,"Agent 2",1,1137476,1137476,1310720,84,"ullm_cached_prefix_attn_f32_flash2_kernel",256,1536,0,24,0,128,"FETCH_SIZE",0.00000000e+00,15388375787307,15388376700600
12579,12579,"Agent 2",1,1137476,1137476,1310720,84,"ullm_cached_prefix_attn_f32_flash2_kernel",256,1536,0,24,0,128,"VALUInsts",0.00000000e+00,15388375787307,15388376700600
12579,12579,"Agent 2",1,1137476,1137476,1310720,84,"ullm_cached_prefix_attn_f32_flash2_kernel",256,1536,0,24,0,128,"Wavefronts",40960.000000,15388375787307,15388376700600
12992,12992,"Agent 2",1,1137476,1137476,1310720,84,"ullm_cached_prefix_attn_f32_flash2_kernel",256,1536,0,24,0,128,"FETCH_SIZE",0.00000000e+00,15388387824152,15388388743164
12992,12992,"Agent 2",1,1137476,1137476,1310720,84,"ullm_cached_prefix_attn_f32_flash2_kernel",256,1536,0,24,0,128,"VALUInsts",0.00000000e+00,15388387824152,15388388743164
12992,12992,"Agent 2",1,1137476,1137476,1310720,84,"ullm_cached_prefix_attn_f32_flash2_kernel",256,1536,0,24,0,128,"Wavefronts",40960.000000,15388387824152,15388388743164
13405,13405,"Agent 2",1,1137476,1137476,1310720,84,"ullm_cached_prefix_attn_f32_flash2_kernel",256,1536,0,24,0,128,"FETCH_SIZE",0.00000000e+00,15388400086679,15388401006292
13405,13405,"Agent 2",1,1137476,1137476,1310720,84,"ullm_cached_prefix_attn_f32_flash2_kernel",256,1536,0,24,0,128,"VALUInsts",0.00000000e+00,15388400086679,15388401006292
13405,13405,"Agent 2",1,1137476,1137476,1310720,84,"ullm_cached_prefix_attn_f32_flash2_kernel",256,1536,0,24,0,128,"Wavefronts",40960.000000,15388400086679,15388401006292
13818,13818,"Agent 2",1,1137476,1137476,1310720,84,"ullm_cached_prefix_attn_f32_flash2_kernel",256,1536,0,24,0,128,"FETCH_SIZE",0.00000000e+00,15388412202405,15388413116377
13818,13818,"Agent 2",1,1137476,1137476,1310720,84,"ullm_cached_prefix_attn_f32_flash2_kernel",256,1536,0,24,0,128,"VALUInsts",0.00000000e+00,15388412202405,15388413116377
13818,13818,"Agent 2",1,1137476,1137476,1310720,84,"ullm_cached_prefix_attn_f32_flash2_kernel",256,1536,0,24,0,128,"Wavefronts",40960.000000,15388412202405,15388413116377
14231,14231,"Agent 2",1,1137476,1137476,1310720,84,"ullm_cached_prefix_attn_f32_flash2_kernel",256,1536,0,24,0,128,"FETCH_SIZE",0.00000000e+00,15388424329891,15388425247063
14231,14231,"Agent 2",1,1137476,1137476,1310720,84,"ullm_cached_prefix_attn_f32_flash2_kernel",256,1536,0,24,0,128,"VALUInsts",0.00000000e+00,15388424329891,15388425247063
14231,14231,"Agent 2",1,1137476,1137476,1310720,84,"ullm_cached_prefix_attn_f32_flash2_kernel",256,1536,0,24,0,128,"Wavefronts",40960.000000,15388424329891,15388425247063
14644,14644,"Agent 2",1,1137476,1137476,1310720,84,"ullm_cached_prefix_attn_f32_flash2_kernel",256,1536,0,24,0,128,"FETCH_SIZE",0.00000000e+00,15388436588590,15388437508522
14644,14644,"Agent 2",1,1137476,1137476,1310720,84,"ullm_cached_prefix_attn_f32_flash2_kernel",256,1536,0,24,0,128,"VALUInsts",0.00000000e+00,15388436588590,15388437508522
14644,14644,"Agent 2",1,1137476,1137476,1310720,84,"ullm_cached_prefix_attn_f32_flash2_kernel",256,1536,0,24,0,128,"Wavefronts",40960.000000,15388436588590,15388437508522
15057,15057,"Agent 2",1,1137476,1137476,1310720,84,"ullm_cached_prefix_attn_f32_flash2_kernel",256,1536,0,24,0,128,"FETCH_SIZE",0.00000000e+00,15388448591474,15388449508086
15057,15057,"Agent 2",1,1137476,1137476,1310720,84,"ullm_cached_prefix_attn_f32_flash2_kernel",256,1536,0,24,0,128,"VALUInsts",0.00000000e+00,15388448591474,15388449508086
15057,15057,"Agent 2",1,1137476,1137476,1310720,84,"ullm_cached_prefix_attn_f32_flash2_kernel",256,1536,0,24,0,128,"Wavefronts",40960.000000,15388448591474,15388449508086
15470,15470,"Agent 2",1,1137476,1137476,1310720,84,"ullm_cached_prefix_attn_f32_flash2_kernel",256,1536,0,24,0,128,"FETCH_SIZE",0.00000000e+00,15388460774720,15388461692773
15470,15470,"Agent 2",1,1137476,1137476,1310720,84,"ullm_cached_prefix_attn_f32_flash2_kernel",256,1536,0,24,0,128,"VALUInsts",0.00000000e+00,15388460774720,15388461692773
15470,15470,"Agent 2",1,1137476,1137476,1310720,84,"ullm_cached_prefix_attn_f32_flash2_kernel",256,1536,0,24,0,128,"Wavefronts",40960.000000,15388460774720,15388461692773
15883,15883,"Agent 2",1,1137476,1137476,1310720,84,"ullm_cached_prefix_attn_f32_flash2_kernel",256,1536,0,24,0,128,"FETCH_SIZE",0.00000000e+00,15388472802444,15388473717377
15883,15883,"Agent 2",1,1137476,1137476,1310720,84,"ullm_cached_prefix_attn_f32_flash2_kernel",256,1536,0,24,0,128,"VALUInsts",0.00000000e+00,15388472802444,15388473717377
15883,15883,"Agent 2",1,1137476,1137476,1310720,84,"ullm_cached_prefix_attn_f32_flash2_kernel",256,1536,0,24,0,128,"Wavefronts",40960.000000,15388472802444,15388473717377
16296,16296,"Agent 2",1,1137476,1137476,1310720,84,"ullm_cached_prefix_attn_f32_flash2_kernel",256,1536,0,24,0,128,"FETCH_SIZE",0.00000000e+00,15388484843929,15388485757381
16296,16296,"Agent 2",1,1137476,1137476,1310720,84,"ullm_cached_prefix_attn_f32_flash2_kernel",256,1536,0,24,0,128,"VALUInsts",0.00000000e+00,15388484843929,15388485757381
16296,16296,"Agent 2",1,1137476,1137476,1310720,84,"ullm_cached_prefix_attn_f32_flash2_kernel",256,1536,0,24,0,128,"Wavefronts",40960.000000,15388484843929,15388485757381
16709,16709,"Agent 2",1,1137476,1137476,1310720,84,"ullm_cached_prefix_attn_f32_flash2_kernel",256,1536,0,24,0,128,"FETCH_SIZE",0.00000000e+00,15388497161377,15388498076509
16709,16709,"Agent 2",1,1137476,1137476,1310720,84,"ullm_cached_prefix_attn_f32_flash2_kernel",256,1536,0,24,0,128,"VALUInsts",0.00000000e+00,15388497161377,15388498076509
16709,16709,"Agent 2",1,1137476,1137476,1310720,84,"ullm_cached_prefix_attn_f32_flash2_kernel",256,1536,0,24,0,128,"Wavefronts",40960.000000,15388497161377,15388498076509
17122,17122,"Agent 2",1,1137476,1137476,1310720,84,"ullm_cached_prefix_attn_f32_flash2_kernel",256,1536,0,24,0,128,"FETCH_SIZE",0.00000000e+00,15388509264473,15388510179366
17122,17122,"Agent 2",1,1137476,1137476,1310720,84,"ullm_cached_prefix_attn_f32_flash2_kernel",256,1536,0,24,0,128,"VALUInsts",0.00000000e+00,15388509264473,15388510179366
17122,17122,"Agent 2",1,1137476,1137476,1310720,84,"ullm_cached_prefix_attn_f32_flash2_kernel",256,1536,0,24,0,128,"Wavefronts",40960.000000,15388509264473,15388510179366
26990,27642,"Agent 2",1,1137476,1137476,1310720,84,"ullm_cached_prefix_attn_f32_flash2_kernel",256,1536,0,24,0,128,"FETCH_SIZE",0.00000000e+00,15389068475463,15389069382475
26990,27642,"Agent 2",1,1137476,1137476,1310720,84,"ullm_cached_prefix_attn_f32_flash2_kernel",256,1536,0,24,0,128,"VALUInsts",0.00000000e+00,15389068475463,15389069382475
26990,27642,"Agent 2",1,1137476,1137476,1310720,84,"ullm_cached_prefix_attn_f32_flash2_kernel",256,1536,0,24,0,128,"Wavefronts",40960.000000,15389068475463,15389069382475
26990,28055,"Agent 2",1,1137476,1137476,1310720,84,"ullm_cached_prefix_attn_f32_flash2_kernel",256,1536,0,24,0,128,"FETCH_SIZE",0.00000000e+00,15389080956366,15389081867818
26990,28055,"Agent 2",1,1137476,1137476,1310720,84,"ullm_cached_prefix_attn_f32_flash2_kernel",256,1536,0,24,0,128,"VALUInsts",0.00000000e+00,15389080956366,15389081867818
26990,28055,"Agent 2",1,1137476,1137476,1310720,84,"ullm_cached_prefix_attn_f32_flash2_kernel",256,1536,0,24,0,128,"Wavefronts",40960.000000,15389080956366,15389081867818
26990,28468,"Agent 2",1,1137476,1137476,1310720,84,"ullm_cached_prefix_attn_f32_flash2_kernel",256,1536,0,24,0,128,"FETCH_SIZE",0.00000000e+00,15389093169053,15389094083425
26990,28468,"Agent 2",1,1137476,1137476,1310720,84,"ullm_cached_prefix_attn_f32_flash2_kernel",256,1536,0,24,0,128,"VALUInsts",0.00000000e+00,15389093169053,15389094083425
26990,28468,"Agent 2",1,1137476,1137476,1310720,84,"ullm_cached_prefix_attn_f32_flash2_kernel",256,1536,0,24,0,128,"Wavefronts",40960.000000,15389093169053,15389094083425
26990,28881,"Agent 2",1,1137476,1137476,1310720,84,"ullm_cached_prefix_attn_f32_flash2_kernel",256,1536,0,24,0,128,"FETCH_SIZE",0.00000000e+00,15389105375139,15389106287912
26990,28881,"Agent 2",1,1137476,1137476,1310720,84,"ullm_cached_prefix_attn_f32_flash2_kernel",256,1536,0,24,0,128,"VALUInsts",0.00000000e+00,15389105375139,15389106287912
26990,28881,"Agent 2",1,1137476,1137476,1310720,84,"ullm_cached_prefix_attn_f32_flash2_kernel",256,1536,0,24,0,128,"Wavefronts",40960.000000,15389105375139,15389106287912
26990,29294,"Agent 2",1,1137476,1137476,1310720,84,"ullm_cached_prefix_attn_f32_flash2_kernel",256,1536,0,24,0,128,"FETCH_SIZE",0.00000000e+00,15389117639947,15389118547799
26990,29294,"Agent 2",1,1137476,1137476,1310720,84,"ullm_cached_prefix_attn_f32_flash2_kernel",256,1536,0,24,0,128,"VALUInsts",0.00000000e+00,15389117639947,15389118547799
26990,29294,"Agent 2",1,1137476,1137476,1310720,84,"ullm_cached_prefix_attn_f32_flash2_kernel",256,1536,0,24,0,128,"Wavefronts",40960.000000,15389117639947,15389118547799
26990,29707,"Agent 2",1,1137476,1137476,1310720,84,"ullm_cached_prefix_attn_f32_flash2_kernel",256,1536,0,24,0,128,"FETCH_SIZE",0.00000000e+00,15389129886514,15389130802486
26990,29707,"Agent 2",1,1137476,1137476,1310720,84,"ullm_cached_prefix_attn_f32_flash2_kernel",256,1536,0,24,0,128,"VALUInsts",0.00000000e+00,15389129886514,15389130802486
26990,29707,"Agent 2",1,1137476,1137476,1310720,84,"ullm_cached_prefix_attn_f32_flash2_kernel",256,1536,0,24,0,128,"Wavefronts",40960.000000,15389129886514,15389130802486
26990,30120,"Agent 2",1,1137476,1137476,1310720,84,"ullm_cached_prefix_attn_f32_flash2_kernel",256,1536,0,24,0,128,"FETCH_SIZE",0.00000000e+00,15389142093280,15389143006893
26990,30120,"Agent 2",1,1137476,1137476,1310720,84,"ullm_cached_prefix_attn_f32_flash2_kernel",256,1536,0,24,0,128,"VALUInsts",0.00000000e+00,15389142093280,15389143006893
26990,30120,"Agent 2",1,1137476,1137476,1310720,84,"ullm_cached_prefix_attn_f32_flash2_kernel",256,1536,0,24,0,128,"Wavefronts",40960.000000,15389142093280,15389143006893
26990,30533,"Agent 2",1,1137476,1137476,1310720,84,"ullm_cached_prefix_attn_f32_flash2_kernel",256,1536,0,24,0,128,"FETCH_SIZE",0.00000000e+00,15389154444500,15389155357513
26990,30533,"Agent 2",1,1137476,1137476,1310720,84,"ullm_cached_prefix_attn_f32_flash2_kernel",256,1536,0,24,0,128,"VALUInsts",0.00000000e+00,15389154444500,15389155357513
26990,30533,"Agent 2",1,1137476,1137476,1310720,84,"ullm_cached_prefix_attn_f32_flash2_kernel",256,1536,0,24,0,128,"Wavefronts",40960.000000,15389154444500,15389155357513
26990,30946,"Agent 2",1,1137476,1137476,1310720,84,"ullm_cached_prefix_attn_f32_flash2_kernel",256,1536,0,24,0,128,"FETCH_SIZE",0.00000000e+00,15389166595226,15389167511958
26990,30946,"Agent 2",1,1137476,1137476,1310720,84,"ullm_cached_prefix_attn_f32_flash2_kernel",256,1536,0,24,0,128,"VALUInsts",0.00000000e+00,15389166595226,15389167511958
26990,30946,"Agent 2",1,1137476,1137476,1310720,84,"ullm_cached_prefix_attn_f32_flash2_kernel",256,1536,0,24,0,128,"Wavefronts",40960.000000,15389166595226,15389167511958
26990,31359,"Agent 2",1,1137476,1137476,1310720,84,"ullm_cached_prefix_attn_f32_flash2_kernel",256,1536,0,24,0,128,"FETCH_SIZE",0.00000000e+00,15389179071556,15389179983249
26990,31359,"Agent 2",1,1137476,1137476,1310720,84,"ullm_cached_prefix_attn_f32_flash2_kernel",256,1536,0,24,0,128,"VALUInsts",0.00000000e+00,15389179071556,15389179983249
26990,31359,"Agent 2",1,1137476,1137476,1310720,84,"ullm_cached_prefix_attn_f32_flash2_kernel",256,1536,0,24,0,128,"Wavefronts",40960.000000,15389179071556,15389179983249
26990,31772,"Agent 2",1,1137476,1137476,1310720,84,"ullm_cached_prefix_attn_f32_flash2_kernel",256,1536,0,24,0,128,"FETCH_SIZE",0.00000000e+00,15389191245442,15389192157695
26990,31772,"Agent 2",1,1137476,1137476,1310720,84,"ullm_cached_prefix_attn_f32_flash2_kernel",256,1536,0,24,0,128,"VALUInsts",0.00000000e+00,15389191245442,15389192157695
26990,31772,"Agent 2",1,1137476,1137476,1310720,84,"ullm_cached_prefix_attn_f32_flash2_kernel",256,1536,0,24,0,128,"Wavefronts",40960.000000,15389191245442,15389192157695
26990,32185,"Agent 2",1,1137476,1137476,1310720,84,"ullm_cached_prefix_attn_f32_flash2_kernel",256,1536,0,24,0,128,"FETCH_SIZE",0.00000000e+00,15389203635531,15389204547944
26990,32185,"Agent 2",1,1137476,1137476,1310720,84,"ullm_cached_prefix_attn_f32_flash2_kernel",256,1536,0,24,0,128,"VALUInsts",0.00000000e+00,15389203635531,15389204547944
26990,32185,"Agent 2",1,1137476,1137476,1310720,84,"ullm_cached_prefix_attn_f32_flash2_kernel",256,1536,0,24,0,128,"Wavefronts",40960.000000,15389203635531,15389204547944
26990,32598,"Agent 2",1,1137476,1137476,1310720,84,"ullm_cached_prefix_attn_f32_flash2_kernel",256,1536,0,24,0,128,"FETCH_SIZE",0.00000000e+00,15389215809940,15389216720592
26990,32598,"Agent 2",1,1137476,1137476,1310720,84,"ullm_cached_prefix_attn_f32_flash2_kernel",256,1536,0,24,0,128,"VALUInsts",0.00000000e+00,15389215809940,15389216720592
26990,32598,"Agent 2",1,1137476,1137476,1310720,84,"ullm_cached_prefix_attn_f32_flash2_kernel",256,1536,0,24,0,128,"Wavefronts",40960.000000,15389215809940,15389216720592
26990,33011,"Agent 2",1,1137476,1137476,1310720,84,"ullm_cached_prefix_attn_f32_flash2_kernel",256,1536,0,24,0,128,"FETCH_SIZE",0.00000000e+00,15389228185789,15389229089921
26990,33011,"Agent 2",1,1137476,1137476,1310720,84,"ullm_cached_prefix_attn_f32_flash2_kernel",256,1536,0,24,0,128,"VALUInsts",0.00000000e+00,15389228185789,15389229089921
26990,33011,"Agent 2",1,1137476,1137476,1310720,84,"ullm_cached_prefix_attn_f32_flash2_kernel",256,1536,0,24,0,128,"Wavefronts",40960.000000,15389228185789,15389229089921
26990,33424,"Agent 2",1,1137476,1137476,1310720,84,"ullm_cached_prefix_attn_f32_flash2_kernel",256,1536,0,24,0,128,"FETCH_SIZE",0.00000000e+00,15389240445116,15389241354568
26990,33424,"Agent 2",1,1137476,1137476,1310720,84,"ullm_cached_prefix_attn_f32_flash2_kernel",256,1536,0,24,0,128,"VALUInsts",0.00000000e+00,15389240445116,15389241354568
26990,33424,"Agent 2",1,1137476,1137476,1310720,84,"ullm_cached_prefix_attn_f32_flash2_kernel",256,1536,0,24,0,128,"Wavefronts",40960.000000,15389240445116,15389241354568
26990,33837,"Agent 2",1,1137476,1137476,1310720,84,"ullm_cached_prefix_attn_f32_flash2_kernel",256,1536,0,24,0,128,"FETCH_SIZE",0.00000000e+00,15389252830405,15389253735577
26990,33837,"Agent 2",1,1137476,1137476,1310720,84,"ullm_cached_prefix_attn_f32_flash2_kernel",256,1536,0,24,0,128,"VALUInsts",0.00000000e+00,15389252830405,15389253735577
26990,33837,"Agent 2",1,1137476,1137476,1310720,84,"ullm_cached_prefix_attn_f32_flash2_kernel",256,1536,0,24,0,128,"Wavefronts",40960.000000,15389252830405,15389253735577
26990,34250,"Agent 2",1,1137476,1137476,1310720,84,"ullm_cached_prefix_attn_f32_flash2_kernel",256,1536,0,24,0,128,"FETCH_SIZE",0.00000000e+00,15389265211094,15389266118706
26990,34250,"Agent 2",1,1137476,1137476,1310720,84,"ullm_cached_prefix_attn_f32_flash2_kernel",256,1536,0,24,0,128,"VALUInsts",0.00000000e+00,15389265211094,15389266118706
26990,34250,"Agent 2",1,1137476,1137476,1310720,84,"ullm_cached_prefix_attn_f32_flash2_kernel",256,1536,0,24,0,128,"Wavefronts",40960.000000,15389265211094,15389266118706
26990,34663,"Agent 2",1,1137476,1137476,1310720,84,"ullm_cached_prefix_attn_f32_flash2_kernel",256,1536,0,24,0,128,"FETCH_SIZE",0.00000000e+00,15389277405302,15389278309834
26990,34663,"Agent 2",1,1137476,1137476,1310720,84,"ullm_cached_prefix_attn_f32_flash2_kernel",256,1536,0,24,0,128,"VALUInsts",0.00000000e+00,15389277405302,15389278309834
26990,34663,"Agent 2",1,1137476,1137476,1310720,84,"ullm_cached_prefix_attn_f32_flash2_kernel",256,1536,0,24,0,128,"Wavefronts",40960.000000,15389277405302,15389278309834
26990,35076,"Agent 2",1,1137476,1137476,1310720,84,"ullm_cached_prefix_attn_f32_flash2_kernel",256,1536,0,24,0,128,"FETCH_SIZE",0.00000000e+00,15389290058195,15389290969287
26990,35076,"Agent 2",1,1137476,1137476,1310720,84,"ullm_cached_prefix_attn_f32_flash2_kernel",256,1536,0,24,0,128,"VALUInsts",0.00000000e+00,15389290058195,15389290969287
26990,35076,"Agent 2",1,1137476,1137476,1310720,84,"ullm_cached_prefix_attn_f32_flash2_kernel",256,1536,0,24,0,128,"Wavefronts",40960.000000,15389290058195,15389290969287
26990,35489,"Agent 2",1,1137476,1137476,1310720,84,"ullm_cached_prefix_attn_f32_flash2_kernel",256,1536,0,24,0,128,"FETCH_SIZE",0.00000000e+00,15389302237881,15389303146733
26990,35489,"Agent 2",1,1137476,1137476,1310720,84,"ullm_cached_prefix_attn_f32_flash2_kernel",256,1536,0,24,0,128,"VALUInsts",0.00000000e+00,15389302237881,15389303146733
26990,35489,"Agent 2",1,1137476,1137476,1310720,84,"ullm_cached_prefix_attn_f32_flash2_kernel",256,1536,0,24,0,128,"Wavefronts",40960.000000,15389302237881,15389303146733
26990,35902,"Agent 2",1,1137476,1137476,1310720,84,"ullm_cached_prefix_attn_f32_flash2_kernel",256,1536,0,24,0,128,"FETCH_SIZE",0.00000000e+00,15389314509889,15389315413421
26990,35902,"Agent 2",1,1137476,1137476,1310720,84,"ullm_cached_prefix_attn_f32_flash2_kernel",256,1536,0,24,0,128,"VALUInsts",0.00000000e+00,15389314509889,15389315413421
26990,35902,"Agent 2",1,1137476,1137476,1310720,84,"ullm_cached_prefix_attn_f32_flash2_kernel",256,1536,0,24,0,128,"Wavefronts",40960.000000,15389314509889,15389315413421
26990,36315,"Agent 2",1,1137476,1137476,1310720,84,"ullm_cached_prefix_attn_f32_flash2_kernel",256,1536,0,24,0,128,"FETCH_SIZE",0.00000000e+00,15389326978059,15389327886671
26990,36315,"Agent 2",1,1137476,1137476,1310720,84,"ullm_cached_prefix_attn_f32_flash2_kernel",256,1536,0,24,0,128,"VALUInsts",0.00000000e+00,15389326978059,15389327886671
26990,36315,"Agent 2",1,1137476,1137476,1310720,84,"ullm_cached_prefix_attn_f32_flash2_kernel",256,1536,0,24,0,128,"Wavefronts",40960.000000,15389326978059,15389327886671
26990,36728,"Agent 2",1,1137476,1137476,1310720,84,"ullm_cached_prefix_attn_f32_flash2_kernel",256,1536,0,24,0,128,"FETCH_SIZE",0.00000000e+00,15389339481712,15389340398484
26990,36728,"Agent 2",1,1137476,1137476,1310720,84,"ullm_cached_prefix_attn_f32_flash2_kernel",256,1536,0,24,0,128,"VALUInsts",0.00000000e+00,15389339481712,15389340398484
26990,36728,"Agent 2",1,1137476,1137476,1310720,84,"ullm_cached_prefix_attn_f32_flash2_kernel",256,1536,0,24,0,128,"Wavefronts",40960.000000,15389339481712,15389340398484
26990,37141,"Agent 2",1,1137476,1137476,1310720,84,"ullm_cached_prefix_attn_f32_flash2_kernel",256,1536,0,24,0,128,"FETCH_SIZE",0.00000000e+00,15389351921002,15389352819334
26990,37141,"Agent 2",1,1137476,1137476,1310720,84,"ullm_cached_prefix_attn_f32_flash2_kernel",256,1536,0,24,0,128,"VALUInsts",0.00000000e+00,15389351921002,15389352819334
26990,37141,"Agent 2",1,1137476,1137476,1310720,84,"ullm_cached_prefix_attn_f32_flash2_kernel",256,1536,0,24,0,128,"Wavefronts",40960.000000,15389351921002,15389352819334
26990,37554,"Agent 2",1,1137476,1137476,1310720,84,"ullm_cached_prefix_attn_f32_flash2_kernel",256,1536,0,24,0,128,"FETCH_SIZE",0.00000000e+00,15389364172489,15389365086981
26990,37554,"Agent 2",1,1137476,1137476,1310720,84,"ullm_cached_prefix_attn_f32_flash2_kernel",256,1536,0,24,0,128,"VALUInsts",0.00000000e+00,15389364172489,15389365086981
26990,37554,"Agent 2",1,1137476,1137476,1310720,84,"ullm_cached_prefix_attn_f32_flash2_kernel",256,1536,0,24,0,128,"Wavefronts",40960.000000,15389364172489,15389365086981
26990,37967,"Agent 2",1,1137476,1137476,1310720,84,"ullm_cached_prefix_attn_f32_flash2_kernel",256,1536,0,24,0,128,"FETCH_SIZE",0.00000000e+00,15389376459336,15389377363029
26990,37967,"Agent 2",1,1137476,1137476,1310720,84,"ullm_cached_prefix_attn_f32_flash2_kernel",256,1536,0,24,0,128,"VALUInsts",0.00000000e+00,15389376459336,15389377363029
26990,37967,"Agent 2",1,1137476,1137476,1310720,84,"ullm_cached_prefix_attn_f32_flash2_kernel",256,1536,0,24,0,128,"Wavefronts",40960.000000,15389376459336,15389377363029
26990,38380,"Agent 2",1,1137476,1137476,1310720,84,"ullm_cached_prefix_attn_f32_flash2_kernel",256,1536,0,24,0,128,"FETCH_SIZE",0.00000000e+00,15389391399780,15389392306673
26990,38380,"Agent 2",1,1137476,1137476,1310720,84,"ullm_cached_prefix_attn_f32_flash2_kernel",256,1536,0,24,0,128,"VALUInsts",0.00000000e+00,15389391399780,15389392306673
26990,38380,"Agent 2",1,1137476,1137476,1310720,84,"ullm_cached_prefix_attn_f32_flash2_kernel",256,1536,0,24,0,128,"Wavefronts",40960.000000,15389391399780,15389392306673
26990,38793,"Agent 2",1,1137476,1137476,1310720,84,"ullm_cached_prefix_attn_f32_flash2_kernel",256,1536,0,24,0,128,"FETCH_SIZE",0.00000000e+00,15389403897073,15389404796605
26990,38793,"Agent 2",1,1137476,1137476,1310720,84,"ullm_cached_prefix_attn_f32_flash2_kernel",256,1536,0,24,0,128,"VALUInsts",0.00000000e+00,15389403897073,15389404796605
26990,38793,"Agent 2",1,1137476,1137476,1310720,84,"ullm_cached_prefix_attn_f32_flash2_kernel",256,1536,0,24,0,128,"Wavefronts",40960.000000,15389403897073,15389404796605
26990,39206,"Agent 2",1,1137476,1137476,1310720,84,"ullm_cached_prefix_attn_f32_flash2_kernel",256,1536,0,24,0,128,"FETCH_SIZE",0.00000000e+00,15389416228961,15389417134574
26990,39206,"Agent 2",1,1137476,1137476,1310720,84,"ullm_cached_prefix_attn_f32_flash2_kernel",256,1536,0,24,0,128,"VALUInsts",0.00000000e+00,15389416228961,15389417134574
26990,39206,"Agent 2",1,1137476,1137476,1310720,84,"ullm_cached_prefix_attn_f32_flash2_kernel",256,1536,0,24,0,128,"Wavefronts",40960.000000,15389416228961,15389417134574
26990,39619,"Agent 2",1,1137476,1137476,1310720,84,"ullm_cached_prefix_attn_f32_flash2_kernel",256,1536,0,24,0,128,"FETCH_SIZE",0.00000000e+00,15389428498329,15389429400101
26990,39619,"Agent 2",1,1137476,1137476,1310720,84,"ullm_cached_prefix_attn_f32_flash2_kernel",256,1536,0,24,0,128,"VALUInsts",0.00000000e+00,15389428498329,15389429400101
26990,39619,"Agent 2",1,1137476,1137476,1310720,84,"ullm_cached_prefix_attn_f32_flash2_kernel",256,1536,0,24,0,128,"Wavefronts",40960.000000,15389428498329,15389429400101
26990,40032,"Agent 2",1,1137476,1137476,1310720,84,"ullm_cached_prefix_attn_f32_flash2_kernel",256,1536,0,24,0,128,"FETCH_SIZE",0.00000000e+00,15389441300744,15389442203196
26990,40032,"Agent 2",1,1137476,1137476,1310720,84,"ullm_cached_prefix_attn_f32_flash2_kernel",256,1536,0,24,0,128,"VALUInsts",0.00000000e+00,15389441300744,15389442203196
26990,40032,"Agent 2",1,1137476,1137476,1310720,84,"ullm_cached_prefix_attn_f32_flash2_kernel",256,1536,0,24,0,128,"Wavefronts",40960.000000,15389441300744,15389442203196
26990,40445,"Agent 2",1,1137476,1137476,1310720,84,"ullm_cached_prefix_attn_f32_flash2_kernel",256,1536,0,24,0,128,"FETCH_SIZE",0.00000000e+00,15389453476390,15389454372362
26990,40445,"Agent 2",1,1137476,1137476,1310720,84,"ullm_cached_prefix_attn_f32_flash2_kernel",256,1536,0,24,0,128,"VALUInsts",0.00000000e+00,15389453476390,15389454372362
26990,40445,"Agent 2",1,1137476,1137476,1310720,84,"ullm_cached_prefix_attn_f32_flash2_kernel",256,1536,0,24,0,128,"Wavefronts",40960.000000,15389453476390,15389454372362
26990,40858,"Agent 2",1,1137476,1137476,1310720,84,"ullm_cached_prefix_attn_f32_flash2_kernel",256,1536,0,24,0,128,"FETCH_SIZE",0.00000000e+00,15389465804960,15389466703413
26990,40858,"Agent 2",1,1137476,1137476,1310720,84,"ullm_cached_prefix_attn_f32_flash2_kernel",256,1536,0,24,0,128,"VALUInsts",0.00000000e+00,15389465804960,15389466703413
26990,40858,"Agent 2",1,1137476,1137476,1310720,84,"ullm_cached_prefix_attn_f32_flash2_kernel",256,1536,0,24,0,128,"Wavefronts",40960.000000,15389465804960,15389466703413
26990,41271,"Agent 2",1,1137476,1137476,1310720,84,"ullm_cached_prefix_attn_f32_flash2_kernel",256,1536,0,24,0,128,"FETCH_SIZE",0.00000000e+00,15389478391372,15389479290944
26990,41271,"Agent 2",1,1137476,1137476,1310720,84,"ullm_cached_prefix_attn_f32_flash2_kernel",256,1536,0,24,0,128,"VALUInsts",0.00000000e+00,15389478391372,15389479290944
26990,41271,"Agent 2",1,1137476,1137476,1310720,84,"ullm_cached_prefix_attn_f32_flash2_kernel",256,1536,0,24,0,128,"Wavefronts",40960.000000,15389478391372,15389479290944
26990,41684,"Agent 2",1,1137476,1137476,1310720,84,"ullm_cached_prefix_attn_f32_flash2_kernel",256,1536,0,24,0,128,"FETCH_SIZE",0.00000000e+00,15389490535858,15389491431750
26990,41684,"Agent 2",1,1137476,1137476,1310720,84,"ullm_cached_prefix_attn_f32_flash2_kernel",256,1536,0,24,0,128,"VALUInsts",0.00000000e+00,15389490535858,15389491431750
26990,41684,"Agent 2",1,1137476,1137476,1310720,84,"ullm_cached_prefix_attn_f32_flash2_kernel",256,1536,0,24,0,128,"Wavefronts",40960.000000,15389490535858,15389491431750
26990,42097,"Agent 2",1,1137476,1137476,1310720,84,"ullm_cached_prefix_attn_f32_flash2_kernel",256,1536,0,24,0,128,"FETCH_SIZE",0.00000000e+00,15389503092669,15389503990922
26990,42097,"Agent 2",1,1137476,1137476,1310720,84,"ullm_cached_prefix_attn_f32_flash2_kernel",256,1536,0,24,0,128,"VALUInsts",0.00000000e+00,15389503092669,15389503990922
26990,42097,"Agent 2",1,1137476,1137476,1310720,84,"ullm_cached_prefix_attn_f32_flash2_kernel",256,1536,0,24,0,128,"Wavefronts",40960.000000,15389503092669,15389503990922
26990,42510,"Agent 2",1,1137476,1137476,1310720,84,"ullm_cached_prefix_attn_f32_flash2_kernel",256,1536,0,24,0,128,"FETCH_SIZE",0.00000000e+00,15389515408717,15389516304130
26990,42510,"Agent 2",1,1137476,1137476,1310720,84,"ullm_cached_prefix_attn_f32_flash2_kernel",256,1536,0,24,0,128,"VALUInsts",0.00000000e+00,15389515408717,15389516304130
26990,42510,"Agent 2",1,1137476,1137476,1310720,84,"ullm_cached_prefix_attn_f32_flash2_kernel",256,1536,0,24,0,128,"Wavefronts",40960.000000,15389515408717,15389516304130
26990,42923,"Agent 2",1,1137476,1137476,1310720,84,"ullm_cached_prefix_attn_f32_flash2_kernel",256,1536,0,24,0,128,"FETCH_SIZE",0.00000000e+00,15389527600536,15389528495268
26990,42923,"Agent 2",1,1137476,1137476,1310720,84,"ullm_cached_prefix_attn_f32_flash2_kernel",256,1536,0,24,0,128,"VALUInsts",0.00000000e+00,15389527600536,15389528495268
26990,42923,"Agent 2",1,1137476,1137476,1310720,84,"ullm_cached_prefix_attn_f32_flash2_kernel",256,1536,0,24,0,128,"Wavefronts",40960.000000,15389527600536,15389528495268
26990,43336,"Agent 2",1,1137476,1137476,1310720,84,"ullm_cached_prefix_attn_f32_flash2_kernel",256,1536,0,24,0,128,"FETCH_SIZE",0.00000000e+00,15389539954544,15389540853077
26990,43336,"Agent 2",1,1137476,1137476,1310720,84,"ullm_cached_prefix_attn_f32_flash2_kernel",256,1536,0,24,0,128,"VALUInsts",0.00000000e+00,15389539954544,15389540853077
26990,43336,"Agent 2",1,1137476,1137476,1310720,84,"ullm_cached_prefix_attn_f32_flash2_kernel",256,1536,0,24,0,128,"Wavefronts",40960.000000,15389539954544,15389540853077
26990,43749,"Agent 2",1,1137476,1137476,1310720,84,"ullm_cached_prefix_attn_f32_flash2_kernel",256,1536,0,24,0,128,"FETCH_SIZE",0.00000000e+00,15389552365634,15389553261046
26990,43749,"Agent 2",1,1137476,1137476,1310720,84,"ullm_cached_prefix_attn_f32_flash2_kernel",256,1536,0,24,0,128,"VALUInsts",0.00000000e+00,15389552365634,15389553261046
26990,43749,"Agent 2",1,1137476,1137476,1310720,84,"ullm_cached_prefix_attn_f32_flash2_kernel",256,1536,0,24,0,128,"Wavefronts",40960.000000,15389552365634,15389553261046
26990,44419,"Agent 2",1,1137476,1137476,1310720,84,"ullm_cached_prefix_attn_f32_flash2_kernel",256,1536,0,24,0,128,"FETCH_SIZE",0.00000000e+00,15389571172230,15389573908308
26990,44419,"Agent 2",1,1137476,1137476,1310720,84,"ullm_cached_prefix_attn_f32_flash2_kernel",256,1536,0,24,0,128,"VALUInsts",0.00000000e+00,15389571172230,15389573908308
26990,44419,"Agent 2",1,1137476,1137476,1310720,84,"ullm_cached_prefix_attn_f32_flash2_kernel",256,1536,0,24,0,128,"Wavefronts",40960.000000,15389571172230,15389573908308
26990,44832,"Agent 2",1,1137476,1137476,1310720,84,"ullm_cached_prefix_attn_f32_flash2_kernel",256,1536,0,24,0,128,"FETCH_SIZE",0.00000000e+00,15389587172970,15389589894447
26990,44832,"Agent 2",1,1137476,1137476,1310720,84,"ullm_cached_prefix_attn_f32_flash2_kernel",256,1536,0,24,0,128,"VALUInsts",0.00000000e+00,15389587172970,15389589894447
26990,44832,"Agent 2",1,1137476,1137476,1310720,84,"ullm_cached_prefix_attn_f32_flash2_kernel",256,1536,0,24,0,128,"Wavefronts",40960.000000,15389587172970,15389589894447
26990,45245,"Agent 2",1,1137476,1137476,1310720,84,"ullm_cached_prefix_attn_f32_flash2_kernel",256,1536,0,24,0,128,"FETCH_SIZE",0.00000000e+00,15389604425606,15389607137523
26990,45245,"Agent 2",1,1137476,1137476,1310720,84,"ullm_cached_prefix_attn_f32_flash2_kernel",256,1536,0,24,0,128,"VALUInsts",0.00000000e+00,15389604425606,15389607137523
26990,45245,"Agent 2",1,1137476,1137476,1310720,84,"ullm_cached_prefix_attn_f32_flash2_kernel",256,1536,0,24,0,128,"Wavefronts",40960.000000,15389604425606,15389607137523
26990,45658,"Agent 2",1,1137476,1137476,1310720,84,"ullm_cached_prefix_attn_f32_flash2_kernel",256,1536,0,24,0,128,"FETCH_SIZE",0.00000000e+00,15389621636721,15389624358838
26990,45658,"Agent 2",1,1137476,1137476,1310720,84,"ullm_cached_prefix_attn_f32_flash2_kernel",256,1536,0,24,0,128,"VALUInsts",0.00000000e+00,15389621636721,15389624358838
26990,45658,"Agent 2",1,1137476,1137476,1310720,84,"ullm_cached_prefix_attn_f32_flash2_kernel",256,1536,0,24,0,128,"Wavefronts",40960.000000,15389621636721,15389624358838
26990,46071,"Agent 2",1,1137476,1137476,1310720,84,"ullm_cached_prefix_attn_f32_flash2_kernel",256,1536,0,24,0,128,"FETCH_SIZE",0.00000000e+00,15389639982171,15389642719088
26990,46071,"Agent 2",1,1137476,1137476,1310720,84,"ullm_cached_prefix_attn_f32_flash2_kernel",256,1536,0,24,0,128,"VALUInsts",0.00000000e+00,15389639982171,15389642719088
26990,46071,"Agent 2",1,1137476,1137476,1310720,84,"ullm_cached_prefix_attn_f32_flash2_kernel",256,1536,0,24,0,128,"Wavefronts",40960.000000,15389639982171,15389642719088
26990,46484,"Agent 2",1,1137476,1137476,1310720,84,"ullm_cached_prefix_attn_f32_flash2_kernel",256,1536,0,24,0,128,"FETCH_SIZE",0.00000000e+00,15389657282249,15389660014686
26990,46484,"Agent 2",1,1137476,1137476,1310720,84,"ullm_cached_prefix_attn_f32_flash2_kernel",256,1536,0,24,0,128,"VALUInsts",0.00000000e+00,15389657282249,15389660014686
26990,46484,"Agent 2",1,1137476,1137476,1310720,84,"ullm_cached_prefix_attn_f32_flash2_kernel",256,1536,0,24,0,128,"Wavefronts",40960.000000,15389657282249,15389660014686
26990,46897,"Agent 2",1,1137476,1137476,1310720,84,"ullm_cached_prefix_attn_f32_flash2_kernel",256,1536,0,24,0,128,"FETCH_SIZE",0.00000000e+00,15389674766207,15389677493324
26990,46897,"Agent 2",1,1137476,1137476,1310720,84,"ullm_cached_prefix_attn_f32_flash2_kernel",256,1536,0,24,0,128,"VALUInsts",0.00000000e+00,15389674766207,15389677493324
26990,46897,"Agent 2",1,1137476,1137476,1310720,84,"ullm_cached_prefix_attn_f32_flash2_kernel",256,1536,0,24,0,128,"Wavefronts",40960.000000,15389674766207,15389677493324
26990,47310,"Agent 2",1,1137476,1137476,1310720,84,"ullm_cached_prefix_attn_f32_flash2_kernel",256,1536,0,24,0,128,"FETCH_SIZE",0.00000000e+00,15389691894201,15389694657079
26990,47310,"Agent 2",1,1137476,1137476,1310720,84,"ullm_cached_prefix_attn_f32_flash2_kernel",256,1536,0,24,0,128,"VALUInsts",0.00000000e+00,15389691894201,15389694657079
26990,47310,"Agent 2",1,1137476,1137476,1310720,84,"ullm_cached_prefix_attn_f32_flash2_kernel",256,1536,0,24,0,128,"Wavefronts",40960.000000,15389691894201,15389694657079
26990,47723,"Agent 2",1,1137476,1137476,1310720,84,"ullm_cached_prefix_attn_f32_flash2_kernel",256,1536,0,24,0,128,"FETCH_SIZE",0.00000000e+00,15389710061641,15389712807079
26990,47723,"Agent 2",1,1137476,1137476,1310720,84,"ullm_cached_prefix_attn_f32_flash2_kernel",256,1536,0,24,0,128,"VALUInsts",0.00000000e+00,15389710061641,15389712807079
26990,47723,"Agent 2",1,1137476,1137476,1310720,84,"ullm_cached_prefix_attn_f32_flash2_kernel",256,1536,0,24,0,128,"Wavefronts",40960.000000,15389710061641,15389712807079
26990,48136,"Agent 2",1,1137476,1137476,1310720,84,"ullm_cached_prefix_attn_f32_flash2_kernel",256,1536,0,24,0,128,"FETCH_SIZE",0.00000000e+00,15389728331330,15389731097368
26990,48136,"Agent 2",1,1137476,1137476,1310720,84,"ullm_cached_prefix_attn_f32_flash2_kernel",256,1536,0,24,0,128,"VALUInsts",0.00000000e+00,15389728331330,15389731097368
26990,48136,"Agent 2",1,1137476,1137476,1310720,84,"ullm_cached_prefix_attn_f32_flash2_kernel",256,1536,0,24,0,128,"Wavefronts",40960.000000,15389728331330,15389731097368
26990,48549,"Agent 2",1,1137476,1137476,1310720,84,"ullm_cached_prefix_attn_f32_flash2_kernel",256,1536,0,24,0,128,"FETCH_SIZE",0.00000000e+00,15389745556445,15389748265882
26990,48549,"Agent 2",1,1137476,1137476,1310720,84,"ullm_cached_prefix_attn_f32_flash2_kernel",256,1536,0,24,0,128,"VALUInsts",0.00000000e+00,15389745556445,15389748265882
26990,48549,"Agent 2",1,1137476,1137476,1310720,84,"ullm_cached_prefix_attn_f32_flash2_kernel",256,1536,0,24,0,128,"Wavefronts",40960.000000,15389745556445,15389748265882
26990,48962,"Agent 2",1,1137476,1137476,1310720,84,"ullm_cached_prefix_attn_f32_flash2_kernel",256,1536,0,24,0,128,"FETCH_SIZE",0.00000000e+00,15389763297208,15389766046565
26990,48962,"Agent 2",1,1137476,1137476,1310720,84,"ullm_cached_prefix_attn_f32_flash2_kernel",256,1536,0,24,0,128,"VALUInsts",0.00000000e+00,15389763297208,15389766046565
26990,48962,"Agent 2",1,1137476,1137476,1310720,84,"ullm_cached_prefix_attn_f32_flash2_kernel",256,1536,0,24,0,128,"Wavefronts",40960.000000,15389763297208,15389766046565
26990,49375,"Agent 2",1,1137476,1137476,1310720,84,"ullm_cached_prefix_attn_f32_flash2_kernel",256,1536,0,24,0,128,"FETCH_SIZE",0.00000000e+00,15389779762574,15389782521732
26990,49375,"Agent 2",1,1137476,1137476,1310720,84,"ullm_cached_prefix_attn_f32_flash2_kernel",256,1536,0,24,0,128,"VALUInsts",0.00000000e+00,15389779762574,15389782521732
26990,49375,"Agent 2",1,1137476,1137476,1310720,84,"ullm_cached_prefix_attn_f32_flash2_kernel",256,1536,0,24,0,128,"Wavefronts",40960.000000,15389779762574,15389782521732
26990,49788,"Agent 2",1,1137476,1137476,1310720,84,"ullm_cached_prefix_attn_f32_flash2_kernel",256,1536,0,24,0,128,"FETCH_SIZE",0.00000000e+00,15389796636525,15389799375442
26990,49788,"Agent 2",1,1137476,1137476,1310720,84,"ullm_cached_prefix_attn_f32_flash2_kernel",256,1536,0,24,0,128,"VALUInsts",0.00000000e+00,15389796636525,15389799375442
26990,49788,"Agent 2",1,1137476,1137476,1310720,84,"ullm_cached_prefix_attn_f32_flash2_kernel",256,1536,0,24,0,128,"Wavefronts",40960.000000,15389796636525,15389799375442
26990,50201,"Agent 2",1,1137476,1137476,1310720,84,"ullm_cached_prefix_attn_f32_flash2_kernel",256,1536,0,24,0,128,"FETCH_SIZE",0.00000000e+00,15389813710118,15389816461276
26990,50201,"Agent 2",1,1137476,1137476,1310720,84,"ullm_cached_prefix_attn_f32_flash2_kernel",256,1536,0,24,0,128,"VALUInsts",0.00000000e+00,15389813710118,15389816461276
26990,50201,"Agent 2",1,1137476,1137476,1310720,84,"ullm_cached_prefix_attn_f32_flash2_kernel",256,1536,0,24,0,128,"Wavefronts",40960.000000,15389813710118,15389816461276
26990,50614,"Agent 2",1,1137476,1137476,1310720,84,"ullm_cached_prefix_attn_f32_flash2_kernel",256,1536,0,24,0,128,"FETCH_SIZE",0.00000000e+00,15389829964229,15389832691146
26990,50614,"Agent 2",1,1137476,1137476,1310720,84,"ullm_cached_prefix_attn_f32_flash2_kernel",256,1536,0,24,0,128,"VALUInsts",0.00000000e+00,15389829964229,15389832691146
26990,50614,"Agent 2",1,1137476,1137476,1310720,84,"ullm_cached_prefix_attn_f32_flash2_kernel",256,1536,0,24,0,128,"Wavefronts",40960.000000,15389829964229,15389832691146
26990,51027,"Agent 2",1,1137476,1137476,1310720,84,"ullm_cached_prefix_attn_f32_flash2_kernel",256,1536,0,24,0,128,"FETCH_SIZE",0.00000000e+00,15389846608215,15389849317132
26990,51027,"Agent 2",1,1137476,1137476,1310720,84,"ullm_cached_prefix_attn_f32_flash2_kernel",256,1536,0,24,0,128,"VALUInsts",0.00000000e+00,15389846608215,15389849317132
26990,51027,"Agent 2",1,1137476,1137476,1310720,84,"ullm_cached_prefix_attn_f32_flash2_kernel",256,1536,0,24,0,128,"Wavefronts",40960.000000,15389846608215,15389849317132
26990,51440,"Agent 2",1,1137476,1137476,1310720,84,"ullm_cached_prefix_attn_f32_flash2_kernel",256,1536,0,24,0,128,"FETCH_SIZE",0.00000000e+00,15389863288403,15389865978399
26990,51440,"Agent 2",1,1137476,1137476,1310720,84,"ullm_cached_prefix_attn_f32_flash2_kernel",256,1536,0,24,0,128,"VALUInsts",0.00000000e+00,15389863288403,15389865978399
26990,51440,"Agent 2",1,1137476,1137476,1310720,84,"ullm_cached_prefix_attn_f32_flash2_kernel",256,1536,0,24,0,128,"Wavefronts",40960.000000,15389863288403,15389865978399
26990,51853,"Agent 2",1,1137476,1137476,1310720,84,"ullm_cached_prefix_attn_f32_flash2_kernel",256,1536,0,24,0,128,"FETCH_SIZE",0.00000000e+00,15389879919710,15389882606626
26990,51853,"Agent 2",1,1137476,1137476,1310720,84,"ullm_cached_prefix_attn_f32_flash2_kernel",256,1536,0,24,0,128,"VALUInsts",0.00000000e+00,15389879919710,15389882606626
26990,51853,"Agent 2",1,1137476,1137476,1310720,84,"ullm_cached_prefix_attn_f32_flash2_kernel",256,1536,0,24,0,128,"Wavefronts",40960.000000,15389879919710,15389882606626
26990,52266,"Agent 2",1,1137476,1137476,1310720,84,"ullm_cached_prefix_attn_f32_flash2_kernel",256,1536,0,24,0,128,"FETCH_SIZE",0.00000000e+00,15389896816142,15389899541339
26990,52266,"Agent 2",1,1137476,1137476,1310720,84,"ullm_cached_prefix_attn_f32_flash2_kernel",256,1536,0,24,0,128,"VALUInsts",0.00000000e+00,15389896816142,15389899541339
26990,52266,"Agent 2",1,1137476,1137476,1310720,84,"ullm_cached_prefix_attn_f32_flash2_kernel",256,1536,0,24,0,128,"Wavefronts",40960.000000,15389896816142,15389899541339
26990,52679,"Agent 2",1,1137476,1137476,1310720,84,"ullm_cached_prefix_attn_f32_flash2_kernel",256,1536,0,24,0,128,"FETCH_SIZE",0.00000000e+00,15389913787413,15389916520171
26990,52679,"Agent 2",1,1137476,1137476,1310720,84,"ullm_cached_prefix_attn_f32_flash2_kernel",256,1536,0,24,0,128,"VALUInsts",0.00000000e+00,15389913787413,15389916520171
26990,52679,"Agent 2",1,1137476,1137476,1310720,84,"ullm_cached_prefix_attn_f32_flash2_kernel",256,1536,0,24,0,128,"Wavefronts",40960.000000,15389913787413,15389916520171
26990,53092,"Agent 2",1,1137476,1137476,1310720,84,"ullm_cached_prefix_attn_f32_flash2_kernel",256,1536,0,24,0,128,"FETCH_SIZE",0.00000000e+00,15389931289612,15389933999769
26990,53092,"Agent 2",1,1137476,1137476,1310720,84,"ullm_cached_prefix_attn_f32_flash2_kernel",256,1536,0,24,0,128,"VALUInsts",0.00000000e+00,15389931289612,15389933999769
26990,53092,"Agent 2",1,1137476,1137476,1310720,84,"ullm_cached_prefix_attn_f32_flash2_kernel",256,1536,0,24,0,128,"Wavefronts",40960.000000,15389931289612,15389933999769
26990,53505,"Agent 2",1,1137476,1137476,1310720,84,"ullm_cached_prefix_attn_f32_flash2_kernel",256,1536,0,24,0,128,"FETCH_SIZE",0.00000000e+00,15389947816918,15389950541595
26990,53505,"Agent 2",1,1137476,1137476,1310720,84,"ullm_cached_prefix_attn_f32_flash2_kernel",256,1536,0,24,0,128,"VALUInsts",0.00000000e+00,15389947816918,15389950541595
26990,53505,"Agent 2",1,1137476,1137476,1310720,84,"ullm_cached_prefix_attn_f32_flash2_kernel",256,1536,0,24,0,128,"Wavefronts",40960.000000,15389947816918,15389950541595
26990,53918,"Agent 2",1,1137476,1137476,1310720,84,"ullm_cached_prefix_attn_f32_flash2_kernel",256,1536,0,24,0,128,"FETCH_SIZE",0.00000000e+00,15389965379889,15389968096686
26990,53918,"Agent 2",1,1137476,1137476,1310720,84,"ullm_cached_prefix_attn_f32_flash2_kernel",256,1536,0,24,0,128,"VALUInsts",0.00000000e+00,15389965379889,15389968096686
26990,53918,"Agent 2",1,1137476,1137476,1310720,84,"ullm_cached_prefix_attn_f32_flash2_kernel",256,1536,0,24,0,128,"Wavefronts",40960.000000,15389965379889,15389968096686
26990,54331,"Agent 2",1,1137476,1137476,1310720,84,"ullm_cached_prefix_attn_f32_flash2_kernel",256,1536,0,24,0,128,"FETCH_SIZE",0.00000000e+00,15389981875074,15389984580111
26990,54331,"Agent 2",1,1137476,1137476,1310720,84,"ullm_cached_prefix_attn_f32_flash2_kernel",256,1536,0,24,0,128,"VALUInsts",0.00000000e+00,15389981875074,15389984580111
26990,54331,"Agent 2",1,1137476,1137476,1310720,84,"ullm_cached_prefix_attn_f32_flash2_kernel",256,1536,0,24,0,128,"Wavefronts",40960.000000,15389981875074,15389984580111
26990,54744,"Agent 2",1,1137476,1137476,1310720,84,"ullm_cached_prefix_attn_f32_flash2_kernel",256,1536,0,24,0,128,"FETCH_SIZE",0.00000000e+00,15389999186150,15390001896027
26990,54744,"Agent 2",1,1137476,1137476,1310720,84,"ullm_cached_prefix_attn_f32_flash2_kernel",256,1536,0,24,0,128,"VALUInsts",0.00000000e+00,15389999186150,15390001896027
26990,54744,"Agent 2",1,1137476,1137476,1310720,84,"ullm_cached_prefix_attn_f32_flash2_kernel",256,1536,0,24,0,128,"Wavefronts",40960.000000,15389999186150,15390001896027
26990,55157,"Agent 2",1,1137476,1137476,1310720,84,"ullm_cached_prefix_attn_f32_flash2_kernel",256,1536,0,24,0,128,"FETCH_SIZE",0.00000000e+00,15390016752910,15390019452387
26990,55157,"Agent 2",1,1137476,1137476,1310720,84,"ullm_cached_prefix_attn_f32_flash2_kernel",256,1536,0,24,0,128,"VALUInsts",0.00000000e+00,15390016752910,15390019452387
26990,55157,"Agent 2",1,1137476,1137476,1310720,84,"ullm_cached_prefix_attn_f32_flash2_kernel",256,1536,0,24,0,128,"Wavefronts",40960.000000,15390016752910,15390019452387
26990,55570,"Agent 2",1,1137476,1137476,1310720,84,"ullm_cached_prefix_attn_f32_flash2_kernel",256,1536,0,24,0,128,"FETCH_SIZE",0.00000000e+00,15390033541962,15390036263879
26990,55570,"Agent 2",1,1137476,1137476,1310720,84,"ullm_cached_prefix_attn_f32_flash2_kernel",256,1536,0,24,0,128,"VALUInsts",0.00000000e+00,15390033541962,15390036263879
26990,55570,"Agent 2",1,1137476,1137476,1310720,84,"ullm_cached_prefix_attn_f32_flash2_kernel",256,1536,0,24,0,128,"Wavefronts",40960.000000,15390033541962,15390036263879
26990,55983,"Agent 2",1,1137476,1137476,1310720,84,"ullm_cached_prefix_attn_f32_flash2_kernel",256,1536,0,24,0,128,"FETCH_SIZE",0.00000000e+00,15390051204403,15390053873560
26990,55983,"Agent 2",1,1137476,1137476,1310720,84,"ullm_cached_prefix_attn_f32_flash2_kernel",256,1536,0,24,0,128,"VALUInsts",0.00000000e+00,15390051204403,15390053873560
26990,55983,"Agent 2",1,1137476,1137476,1310720,84,"ullm_cached_prefix_attn_f32_flash2_kernel",256,1536,0,24,0,128,"Wavefronts",40960.000000,15390051204403,15390053873560
26990,56396,"Agent 2",1,1137476,1137476,1310720,84,"ullm_cached_prefix_attn_f32_flash2_kernel",256,1536,0,24,0,128,"FETCH_SIZE",0.00000000e+00,15390068507359,15390071227316
26990,56396,"Agent 2",1,1137476,1137476,1310720,84,"ullm_cached_prefix_attn_f32_flash2_kernel",256,1536,0,24,0,128,"VALUInsts",0.00000000e+00,15390068507359,15390071227316
26990,56396,"Agent 2",1,1137476,1137476,1310720,84,"ullm_cached_prefix_attn_f32_flash2_kernel",256,1536,0,24,0,128,"Wavefronts",40960.000000,15390068507359,15390071227316
26990,56809,"Agent 2",1,1137476,1137476,1310720,84,"ullm_cached_prefix_attn_f32_flash2_kernel",256,1536,0,24,0,128,"FETCH_SIZE",0.00000000e+00,15390085889048,15390088584045
26990,56809,"Agent 2",1,1137476,1137476,1310720,84,"ullm_cached_prefix_attn_f32_flash2_kernel",256,1536,0,24,0,128,"VALUInsts",0.00000000e+00,15390085889048,15390088584045
26990,56809,"Agent 2",1,1137476,1137476,1310720,84,"ullm_cached_prefix_attn_f32_flash2_kernel",256,1536,0,24,0,128,"Wavefronts",40960.000000,15390085889048,15390088584045
26990,57222,"Agent 2",1,1137476,1137476,1310720,84,"ullm_cached_prefix_attn_f32_flash2_kernel",256,1536,0,24,0,128,"FETCH_SIZE",0.00000000e+00,15390103433408,15390106145445
26990,57222,"Agent 2",1,1137476,1137476,1310720,84,"ullm_cached_prefix_attn_f32_flash2_kernel",256,1536,0,24,0,128,"VALUInsts",0.00000000e+00,15390103433408,15390106145445
26990,57222,"Agent 2",1,1137476,1137476,1310720,84,"ullm_cached_prefix_attn_f32_flash2_kernel",256,1536,0,24,0,128,"Wavefronts",40960.000000,15390103433408,15390106145445
26990,57635,"Agent 2",1,1137476,1137476,1310720,84,"ullm_cached_prefix_attn_f32_flash2_kernel",256,1536,0,24,0,128,"FETCH_SIZE",0.00000000e+00,15390120244917,15390122953554
26990,57635,"Agent 2",1,1137476,1137476,1310720,84,"ullm_cached_prefix_attn_f32_flash2_kernel",256,1536,0,24,0,128,"VALUInsts",0.00000000e+00,15390120244917,15390122953554
26990,57635,"Agent 2",1,1137476,1137476,1310720,84,"ullm_cached_prefix_attn_f32_flash2_kernel",256,1536,0,24,0,128,"Wavefronts",40960.000000,15390120244917,15390122953554
26990,58048,"Agent 2",1,1137476,1137476,1310720,84,"ullm_cached_prefix_attn_f32_flash2_kernel",256,1536,0,24,0,128,"FETCH_SIZE",0.00000000e+00,15390135425964,15390138182322
26990,58048,"Agent 2",1,1137476,1137476,1310720,84,"ullm_cached_prefix_attn_f32_flash2_kernel",256,1536,0,24,0,128,"VALUInsts",0.00000000e+00,15390135425964,15390138182322
26990,58048,"Agent 2",1,1137476,1137476,1310720,84,"ullm_cached_prefix_attn_f32_flash2_kernel",256,1536,0,24,0,128,"Wavefronts",40960.000000,15390135425964,15390138182322
26990,58461,"Agent 2",1,1137476,1137476,1310720,84,"ullm_cached_prefix_attn_f32_flash2_kernel",256,1536,0,24,0,128,"FETCH_SIZE",0.00000000e+00,15390150894857,15390153568414
26990,58461,"Agent 2",1,1137476,1137476,1310720,84,"ullm_cached_prefix_attn_f32_flash2_kernel",256,1536,0,24,0,128,"VALUInsts",0.00000000e+00,15390150894857,15390153568414
26990,58461,"Agent 2",1,1137476,1137476,1310720,84,"ullm_cached_prefix_attn_f32_flash2_kernel",256,1536,0,24,0,128,"Wavefronts",40960.000000,15390150894857,15390153568414
26990,58874,"Agent 2",1,1137476,1137476,1310720,84,"ullm_cached_prefix_attn_f32_flash2_kernel",256,1536,0,24,0,128,"FETCH_SIZE",0.00000000e+00,15390165759100,15390168455017
26990,58874,"Agent 2",1,1137476,1137476,1310720,84,"ullm_cached_prefix_attn_f32_flash2_kernel",256,1536,0,24,0,128,"VALUInsts",0.00000000e+00,15390165759100,15390168455017
26990,58874,"Agent 2",1,1137476,1137476,1310720,84,"ullm_cached_prefix_attn_f32_flash2_kernel",256,1536,0,24,0,128,"Wavefronts",40960.000000,15390165759100,15390168455017
26990,59287,"Agent 2",1,1137476,1137476,1310720,84,"ullm_cached_prefix_attn_f32_flash2_kernel",256,1536,0,24,0,128,"FETCH_SIZE",0.00000000e+00,15390180556902,15390183250779
26990,59287,"Agent 2",1,1137476,1137476,1310720,84,"ullm_cached_prefix_attn_f32_flash2_kernel",256,1536,0,24,0,128,"VALUInsts",0.00000000e+00,15390180556902,15390183250779
26990,59287,"Agent 2",1,1137476,1137476,1310720,84,"ullm_cached_prefix_attn_f32_flash2_kernel",256,1536,0,24,0,128,"Wavefronts",40960.000000,15390180556902,15390183250779
26990,59700,"Agent 2",1,1137476,1137476,1310720,84,"ullm_cached_prefix_attn_f32_flash2_kernel",256,1536,0,24,0,128,"FETCH_SIZE",0.00000000e+00,15390196423559,15390199114995
26990,59700,"Agent 2",1,1137476,1137476,1310720,84,"ullm_cached_prefix_attn_f32_flash2_kernel",256,1536,0,24,0,128,"VALUInsts",0.00000000e+00,15390196423559,15390199114995
26990,59700,"Agent 2",1,1137476,1137476,1310720,84,"ullm_cached_prefix_attn_f32_flash2_kernel",256,1536,0,24,0,128,"Wavefronts",40960.000000,15390196423559,15390199114995
26990,60113,"Agent 2",1,1137476,1137476,1310720,84,"ullm_cached_prefix_attn_f32_flash2_kernel",256,1536,0,24,0,128,"FETCH_SIZE",0.00000000e+00,15390212789864,15390215495621
26990,60113,"Agent 2",1,1137476,1137476,1310720,84,"ullm_cached_prefix_attn_f32_flash2_kernel",256,1536,0,24,0,128,"VALUInsts",0.00000000e+00,15390212789864,15390215495621
26990,60113,"Agent 2",1,1137476,1137476,1310720,84,"ullm_cached_prefix_attn_f32_flash2_kernel",256,1536,0,24,0,128,"Wavefronts",40960.000000,15390212789864,15390215495621
26990,60526,"Agent 2",1,1137476,1137476,1310720,84,"ullm_cached_prefix_attn_f32_flash2_kernel",256,1536,0,24,0,128,"FETCH_SIZE",0.00000000e+00,15390228426997,15390231138754
26990,60526,"Agent 2",1,1137476,1137476,1310720,84,"ullm_cached_prefix_attn_f32_flash2_kernel",256,1536,0,24,0,128,"VALUInsts",0.00000000e+00,15390228426997,15390231138754
26990,60526,"Agent 2",1,1137476,1137476,1310720,84,"ullm_cached_prefix_attn_f32_flash2_kernel",256,1536,0,24,0,128,"Wavefronts",40960.000000,15390228426997,15390231138754
26990,61196,"Agent 2",1,1137476,1137476,1310720,84,"ullm_cached_prefix_attn_f32_flash2_kernel",256,1536,0,24,0,128,"FETCH_SIZE",0.00000000e+00,15390249101799,15390253501499
26990,61196,"Agent 2",1,1137476,1137476,1310720,84,"ullm_cached_prefix_attn_f32_flash2_kernel",256,1536,0,24,0,128,"VALUInsts",0.00000000e+00,15390249101799,15390253501499
26990,61196,"Agent 2",1,1137476,1137476,1310720,84,"ullm_cached_prefix_attn_f32_flash2_kernel",256,1536,0,24,0,128,"Wavefronts",40960.000000,15390249101799,15390253501499
26990,61609,"Agent 2",1,1137476,1137476,1310720,84,"ullm_cached_prefix_attn_f32_flash2_kernel",256,1536,0,24,0,128,"FETCH_SIZE",0.00000000e+00,15390268260022,15390272655642
26990,61609,"Agent 2",1,1137476,1137476,1310720,84,"ullm_cached_prefix_attn_f32_flash2_kernel",256,1536,0,24,0,128,"VALUInsts",0.00000000e+00,15390268260022,15390272655642
26990,61609,"Agent 2",1,1137476,1137476,1310720,84,"ullm_cached_prefix_attn_f32_flash2_kernel",256,1536,0,24,0,128,"Wavefronts",40960.000000,15390268260022,15390272655642
26990,62022,"Agent 2",1,1137476,1137476,1310720,84,"ullm_cached_prefix_attn_f32_flash2_kernel",256,1536,0,24,0,128,"FETCH_SIZE",0.00000000e+00,15390289808035,15390294149414
26990,62022,"Agent 2",1,1137476,1137476,1310720,84,"ullm_cached_prefix_attn_f32_flash2_kernel",256,1536,0,24,0,128,"VALUInsts",0.00000000e+00,15390289808035,15390294149414
26990,62022,"Agent 2",1,1137476,1137476,1310720,84,"ullm_cached_prefix_attn_f32_flash2_kernel",256,1536,0,24,0,128,"Wavefronts",40960.000000,15390289808035,15390294149414
26990,62435,"Agent 2",1,1137476,1137476,1310720,84,"ullm_cached_prefix_attn_f32_flash2_kernel",256,1536,0,24,0,128,"FETCH_SIZE",0.00000000e+00,15390324211384,15390328605844
26990,62435,"Agent 2",1,1137476,1137476,1310720,84,"ullm_cached_prefix_attn_f32_flash2_kernel",256,1536,0,24,0,128,"VALUInsts",0.00000000e+00,15390324211384,15390328605844
26990,62435,"Agent 2",1,1137476,1137476,1310720,84,"ullm_cached_prefix_attn_f32_flash2_kernel",256,1536,0,24,0,128,"Wavefronts",40960.000000,15390324211384,15390328605844
26990,62848,"Agent 2",1,1137476,1137476,1310720,84,"ullm_cached_prefix_attn_f32_flash2_kernel",256,1536,0,24,0,128,"FETCH_SIZE",0.00000000e+00,15390375470875,15390379821935
26990,62848,"Agent 2",1,1137476,1137476,1310720,84,"ullm_cached_prefix_attn_f32_flash2_kernel",256,1536,0,24,0,128,"VALUInsts",0.00000000e+00,15390375470875,15390379821935
26990,62848,"Agent 2",1,1137476,1137476,1310720,84,"ullm_cached_prefix_attn_f32_flash2_kernel",256,1536,0,24,0,128,"Wavefronts",40960.000000,15390375470875,15390379821935
26990,63261,"Agent 2",1,1137476,1137476,1310720,84,"ullm_cached_prefix_attn_f32_flash2_kernel",256,1536,0,24,0,128,"FETCH_SIZE",0.00000000e+00,15390434458554,15390438860614
26990,63261,"Agent 2",1,1137476,1137476,1310720,84,"ullm_cached_prefix_attn_f32_flash2_kernel",256,1536,0,24,0,128,"VALUInsts",0.00000000e+00,15390434458554,15390438860614
26990,63261,"Agent 2",1,1137476,1137476,1310720,84,"ullm_cached_prefix_attn_f32_flash2_kernel",256,1536,0,24,0,128,"Wavefronts",40960.000000,15390434458554,15390438860614
26990,63674,"Agent 2",1,1137476,1137476,1310720,84,"ullm_cached_prefix_attn_f32_flash2_kernel",256,1536,0,24,0,128,"FETCH_SIZE",0.00000000e+00,15390468604703,15390472951522
26990,63674,"Agent 2",1,1137476,1137476,1310720,84,"ullm_cached_prefix_attn_f32_flash2_kernel",256,1536,0,24,0,128,"VALUInsts",0.00000000e+00,15390468604703,15390472951522
26990,63674,"Agent 2",1,1137476,1137476,1310720,84,"ullm_cached_prefix_attn_f32_flash2_kernel",256,1536,0,24,0,128,"Wavefronts",40960.000000,15390468604703,15390472951522
26990,64087,"Agent 2",1,1137476,1137476,1310720,84,"ullm_cached_prefix_attn_f32_flash2_kernel",256,1536,0,24,0,128,"FETCH_SIZE",0.00000000e+00,15390497563218,15390501932437
26990,64087,"Agent 2",1,1137476,1137476,1310720,84,"ullm_cached_prefix_attn_f32_flash2_kernel",256,1536,0,24,0,128,"VALUInsts",0.00000000e+00,15390497563218,15390501932437
26990,64087,"Agent 2",1,1137476,1137476,1310720,84,"ullm_cached_prefix_attn_f32_flash2_kernel",256,1536,0,24,0,128,"Wavefronts",40960.000000,15390497563218,15390501932437
26990,64500,"Agent 2",1,1137476,1137476,1310720,84,"ullm_cached_prefix_attn_f32_flash2_kernel",256,1536,0,24,0,128,"FETCH_SIZE",0.00000000e+00,15390527940284,15390532349504
26990,64500,"Agent 2",1,1137476,1137476,1310720,84,"ullm_cached_prefix_attn_f32_flash2_kernel",256,1536,0,24,0,128,"VALUInsts",0.00000000e+00,15390527940284,15390532349504
26990,64500,"Agent 2",1,1137476,1137476,1310720,84,"ullm_cached_prefix_attn_f32_flash2_kernel",256,1536,0,24,0,128,"Wavefronts",40960.000000,15390527940284,15390532349504
26990,64913,"Agent 2",1,1137476,1137476,1310720,84,"ullm_cached_prefix_attn_f32_flash2_kernel",256,1536,0,24,0,128,"FETCH_SIZE",0.00000000e+00,15390557407006,15390561729625
26990,64913,"Agent 2",1,1137476,1137476,1310720,84,"ullm_cached_prefix_attn_f32_flash2_kernel",256,1536,0,24,0,128,"VALUInsts",0.00000000e+00,15390557407006,15390561729625
26990,64913,"Agent 2",1,1137476,1137476,1310720,84,"ullm_cached_prefix_attn_f32_flash2_kernel",256,1536,0,24,0,128,"Wavefronts",40960.000000,15390557407006,15390561729625
26990,65326,"Agent 2",1,1137476,1137476,1310720,84,"ullm_cached_prefix_attn_f32_flash2_kernel",256,1536,0,24,0,128,"FETCH_SIZE",0.00000000e+00,15390586091367,15390590471587
26990,65326,"Agent 2",1,1137476,1137476,1310720,84,"ullm_cached_prefix_attn_f32_flash2_kernel",256,1536,0,24,0,128,"VALUInsts",0.00000000e+00,15390586091367,15390590471587
26990,65326,"Agent 2",1,1137476,1137476,1310720,84,"ullm_cached_prefix_attn_f32_flash2_kernel",256,1536,0,24,0,128,"Wavefronts",40960.000000,15390586091367,15390590471587
26990,65739,"Agent 2",1,1137476,1137476,1310720,84,"ullm_cached_prefix_attn_f32_flash2_kernel",256,1536,0,24,0,128,"FETCH_SIZE",0.00000000e+00,15390616561382,15390620921242
26990,65739,"Agent 2",1,1137476,1137476,1310720,84,"ullm_cached_prefix_attn_f32_flash2_kernel",256,1536,0,24,0,128,"VALUInsts",0.00000000e+00,15390616561382,15390620921242
26990,65739,"Agent 2",1,1137476,1137476,1310720,84,"ullm_cached_prefix_attn_f32_flash2_kernel",256,1536,0,24,0,128,"Wavefronts",40960.000000,15390616561382,15390620921242
26990,66152,"Agent 2",1,1137476,1137476,1310720,84,"ullm_cached_prefix_attn_f32_flash2_kernel",256,1536,0,24,0,128,"FETCH_SIZE",0.00000000e+00,15390646204466,15390650614247
26990,66152,"Agent 2",1,1137476,1137476,1310720,84,"ullm_cached_prefix_attn_f32_flash2_kernel",256,1536,0,24,0,128,"VALUInsts",0.00000000e+00,15390646204466,15390650614247
26990,66152,"Agent 2",1,1137476,1137476,1310720,84,"ullm_cached_prefix_attn_f32_flash2_kernel",256,1536,0,24,0,128,"Wavefronts",40960.000000,15390646204466,15390650614247
26990,66565,"Agent 2",1,1137476,1137476,1310720,84,"ullm_cached_prefix_attn_f32_flash2_kernel",256,1536,0,24,0,128,"FETCH_SIZE",0.00000000e+00,15390675383898,15390679756397
26990,66565,"Agent 2",1,1137476,1137476,1310720,84,"ullm_cached_prefix_attn_f32_flash2_kernel",256,1536,0,24,0,128,"VALUInsts",0.00000000e+00,15390675383898,15390679756397
26990,66565,"Agent 2",1,1137476,1137476,1310720,84,"ullm_cached_prefix_attn_f32_flash2_kernel",256,1536,0,24,0,128,"Wavefronts",40960.000000,15390675383898,15390679756397
26990,66978,"Agent 2",1,1137476,1137476,1310720,84,"ullm_cached_prefix_attn_f32_flash2_kernel",256,1536,0,24,0,128,"FETCH_SIZE",0.00000000e+00,15390705085463,15390709444522
26990,66978,"Agent 2",1,1137476,1137476,1310720,84,"ullm_cached_prefix_attn_f32_flash2_kernel",256,1536,0,24,0,128,"VALUInsts",0.00000000e+00,15390705085463,15390709444522
26990,66978,"Agent 2",1,1137476,1137476,1310720,84,"ullm_cached_prefix_attn_f32_flash2_kernel",256,1536,0,24,0,128,"Wavefronts",40960.000000,15390705085463,15390709444522
26990,67391,"Agent 2",1,1137476,1137476,1310720,84,"ullm_cached_prefix_attn_f32_flash2_kernel",256,1536,0,24,0,128,"FETCH_SIZE",0.00000000e+00,15390734404286,15390738776265
26990,67391,"Agent 2",1,1137476,1137476,1310720,84,"ullm_cached_prefix_attn_f32_flash2_kernel",256,1536,0,24,0,128,"VALUInsts",0.00000000e+00,15390734404286,15390738776265
26990,67391,"Agent 2",1,1137476,1137476,1310720,84,"ullm_cached_prefix_attn_f32_flash2_kernel",256,1536,0,24,0,128,"Wavefronts",40960.000000,15390734404286,15390738776265
26990,67804,"Agent 2",1,1137476,1137476,1310720,84,"ullm_cached_prefix_attn_f32_flash2_kernel",256,1536,0,24,0,128,"FETCH_SIZE",0.00000000e+00,15390764237573,15390768659313
26990,67804,"Agent 2",1,1137476,1137476,1310720,84,"ullm_cached_prefix_attn_f32_flash2_kernel",256,1536,0,24,0,128,"VALUInsts",0.00000000e+00,15390764237573,15390768659313
26990,67804,"Agent 2",1,1137476,1137476,1310720,84,"ullm_cached_prefix_attn_f32_flash2_kernel",256,1536,0,24,0,128,"Wavefronts",40960.000000,15390764237573,15390768659313
26990,68217,"Agent 2",1,1137476,1137476,1310720,84,"ullm_cached_prefix_attn_f32_flash2_kernel",256,1536,0,24,0,128,"FETCH_SIZE",0.00000000e+00,15390795364891,15390799737511
26990,68217,"Agent 2",1,1137476,1137476,1310720,84,"ullm_cached_prefix_attn_f32_flash2_kernel",256,1536,0,24,0,128,"VALUInsts",0.00000000e+00,15390795364891,15390799737511
26990,68217,"Agent 2",1,1137476,1137476,1310720,84,"ullm_cached_prefix_attn_f32_flash2_kernel",256,1536,0,24,0,128,"Wavefronts",40960.000000,15390795364891,15390799737511
26990,68630,"Agent 2",1,1137476,1137476,1310720,84,"ullm_cached_prefix_attn_f32_flash2_kernel",256,1536,0,24,0,128,"FETCH_SIZE",0.00000000e+00,15390823824199,15390828204859
26990,68630,"Agent 2",1,1137476,1137476,1310720,84,"ullm_cached_prefix_attn_f32_flash2_kernel",256,1536,0,24,0,128,"VALUInsts",0.00000000e+00,15390823824199,15390828204859
26990,68630,"Agent 2",1,1137476,1137476,1310720,84,"ullm_cached_prefix_attn_f32_flash2_kernel",256,1536,0,24,0,128,"Wavefronts",40960.000000,15390823824199,15390828204859
26990,69043,"Agent 2",1,1137476,1137476,1310720,84,"ullm_cached_prefix_attn_f32_flash2_kernel",256,1536,0,24,0,128,"FETCH_SIZE",0.00000000e+00,15390853402585,15390857763284
26990,69043,"Agent 2",1,1137476,1137476,1310720,84,"ullm_cached_prefix_attn_f32_flash2_kernel",256,1536,0,24,0,128,"VALUInsts",0.00000000e+00,15390853402585,15390857763284
26990,69043,"Agent 2",1,1137476,1137476,1310720,84,"ullm_cached_prefix_attn_f32_flash2_kernel",256,1536,0,24,0,128,"Wavefronts",40960.000000,15390853402585,15390857763284
26990,69456,"Agent 2",1,1137476,1137476,1310720,84,"ullm_cached_prefix_attn_f32_flash2_kernel",256,1536,0,24,0,128,"FETCH_SIZE",0.00000000e+00,15390882050895,15390886394235
26990,69456,"Agent 2",1,1137476,1137476,1310720,84,"ullm_cached_prefix_attn_f32_flash2_kernel",256,1536,0,24,0,128,"VALUInsts",0.00000000e+00,15390882050895,15390886394235
26990,69456,"Agent 2",1,1137476,1137476,1310720,84,"ullm_cached_prefix_attn_f32_flash2_kernel",256,1536,0,24,0,128,"Wavefronts",40960.000000,15390882050895,15390886394235
26990,69869,"Agent 2",1,1137476,1137476,1310720,84,"ullm_cached_prefix_attn_f32_flash2_kernel",256,1536,0,24,0,128,"FETCH_SIZE",0.00000000e+00,15390911412439,15390915758138
26990,69869,"Agent 2",1,1137476,1137476,1310720,84,"ullm_cached_prefix_attn_f32_flash2_kernel",256,1536,0,24,0,128,"VALUInsts",0.00000000e+00,15390911412439,15390915758138
26990,69869,"Agent 2",1,1137476,1137476,1310720,84,"ullm_cached_prefix_attn_f32_flash2_kernel",256,1536,0,24,0,128,"Wavefronts",40960.000000,15390911412439,15390915758138
26990,70282,"Agent 2",1,1137476,1137476,1310720,84,"ullm_cached_prefix_attn_f32_flash2_kernel",256,1536,0,24,0,128,"FETCH_SIZE",0.00000000e+00,15390938621130,15390942923229
26990,70282,"Agent 2",1,1137476,1137476,1310720,84,"ullm_cached_prefix_attn_f32_flash2_kernel",256,1536,0,24,0,128,"VALUInsts",0.00000000e+00,15390938621130,15390942923229
26990,70282,"Agent 2",1,1137476,1137476,1310720,84,"ullm_cached_prefix_attn_f32_flash2_kernel",256,1536,0,24,0,128,"Wavefronts",40960.000000,15390938621130,15390942923229
26990,70695,"Agent 2",1,1137476,1137476,1310720,84,"ullm_cached_prefix_attn_f32_flash2_kernel",256,1536,0,24,0,128,"FETCH_SIZE",0.00000000e+00,15390967260143,15390971606963
26990,70695,"Agent 2",1,1137476,1137476,1310720,84,"ullm_cached_prefix_attn_f32_flash2_kernel",256,1536,0,24,0,128,"VALUInsts",0.00000000e+00,15390967260143,15390971606963
26990,70695,"Agent 2",1,1137476,1137476,1310720,84,"ullm_cached_prefix_attn_f32_flash2_kernel",256,1536,0,24,0,128,"Wavefronts",40960.000000,15390967260143,15390971606963
26990,71108,"Agent 2",1,1137476,1137476,1310720,84,"ullm_cached_prefix_attn_f32_flash2_kernel",256,1536,0,24,0,128,"FETCH_SIZE",0.00000000e+00,15390994063509,15390998460409
26990,71108,"Agent 2",1,1137476,1137476,1310720,84,"ullm_cached_prefix_attn_f32_flash2_kernel",256,1536,0,24,0,128,"VALUInsts",0.00000000e+00,15390994063509,15390998460409
26990,71108,"Agent 2",1,1137476,1137476,1310720,84,"ullm_cached_prefix_attn_f32_flash2_kernel",256,1536,0,24,0,128,"Wavefronts",40960.000000,15390994063509,15390998460409
26990,71521,"Agent 2",1,1137476,1137476,1310720,84,"ullm_cached_prefix_attn_f32_flash2_kernel",256,1536,0,24,0,128,"FETCH_SIZE",0.00000000e+00,15391021456403,15391025817102
26990,71521,"Agent 2",1,1137476,1137476,1310720,84,"ullm_cached_prefix_attn_f32_flash2_kernel",256,1536,0,24,0,128,"VALUInsts",0.00000000e+00,15391021456403,15391025817102
26990,71521,"Agent 2",1,1137476,1137476,1310720,84,"ullm_cached_prefix_attn_f32_flash2_kernel",256,1536,0,24,0,128,"Wavefronts",40960.000000,15391021456403,15391025817102
26990,71934,"Agent 2",1,1137476,1137476,1310720,84,"ullm_cached_prefix_attn_f32_flash2_kernel",256,1536,0,24,0,128,"FETCH_SIZE",0.00000000e+00,15391048809828,15391053156327
26990,71934,"Agent 2",1,1137476,1137476,1310720,84,"ullm_cached_prefix_attn_f32_flash2_kernel",256,1536,0,24,0,128,"VALUInsts",0.00000000e+00,15391048809828,15391053156327
26990,71934,"Agent 2",1,1137476,1137476,1310720,84,"ullm_cached_prefix_attn_f32_flash2_kernel",256,1536,0,24,0,128,"Wavefronts",40960.000000,15391048809828,15391053156327
26990,72347,"Agent 2",1,1137476,1137476,1310720,84,"ullm_cached_prefix_attn_f32_flash2_kernel",256,1536,0,24,0,128,"FETCH_SIZE",0.00000000e+00,15391076236802,15391080588501
26990,72347,"Agent 2",1,1137476,1137476,1310720,84,"ullm_cached_prefix_attn_f32_flash2_kernel",256,1536,0,24,0,128,"VALUInsts",0.00000000e+00,15391076236802,15391080588501
26990,72347,"Agent 2",1,1137476,1137476,1310720,84,"ullm_cached_prefix_attn_f32_flash2_kernel",256,1536,0,24,0,128,"Wavefronts",40960.000000,15391076236802,15391080588501
26990,72760,"Agent 2",1,1137476,1137476,1310720,84,"ullm_cached_prefix_attn_f32_flash2_kernel",256,1536,0,24,0,128,"FETCH_SIZE",0.00000000e+00,15391102004215,15391106350075
26990,72760,"Agent 2",1,1137476,1137476,1310720,84,"ullm_cached_prefix_attn_f32_flash2_kernel",256,1536,0,24,0,128,"VALUInsts",0.00000000e+00,15391102004215,15391106350075
26990,72760,"Agent 2",1,1137476,1137476,1310720,84,"ullm_cached_prefix_attn_f32_flash2_kernel",256,1536,0,24,0,128,"Wavefronts",40960.000000,15391102004215,15391106350075
26990,73173,"Agent 2",1,1137476,1137476,1310720,84,"ullm_cached_prefix_attn_f32_flash2_kernel",256,1536,0,24,0,128,"FETCH_SIZE",0.00000000e+00,15391129475990,15391133830450
26990,73173,"Agent 2",1,1137476,1137476,1310720,84,"ullm_cached_prefix_attn_f32_flash2_kernel",256,1536,0,24,0,128,"VALUInsts",0.00000000e+00,15391129475990,15391133830450
26990,73173,"Agent 2",1,1137476,1137476,1310720,84,"ullm_cached_prefix_attn_f32_flash2_kernel",256,1536,0,24,0,128,"Wavefronts",40960.000000,15391129475990,15391133830450
26990,73586,"Agent 2",1,1137476,1137476,1310720,84,"ullm_cached_prefix_attn_f32_flash2_kernel",256,1536,0,24,0,128,"FETCH_SIZE",0.00000000e+00,15391156303910,15391160679210
26990,73586,"Agent 2",1,1137476,1137476,1310720,84,"ullm_cached_prefix_attn_f32_flash2_kernel",256,1536,0,24,0,128,"VALUInsts",0.00000000e+00,15391156303910,15391160679210
26990,73586,"Agent 2",1,1137476,1137476,1310720,84,"ullm_cached_prefix_attn_f32_flash2_kernel",256,1536,0,24,0,128,"Wavefronts",40960.000000,15391156303910,15391160679210
26990,73999,"Agent 2",1,1137476,1137476,1310720,84,"ullm_cached_prefix_attn_f32_flash2_kernel",256,1536,0,24,0,128,"FETCH_SIZE",0.00000000e+00,15391183943527,15391188293867
26990,73999,"Agent 2",1,1137476,1137476,1310720,84,"ullm_cached_prefix_attn_f32_flash2_kernel",256,1536,0,24,0,128,"VALUInsts",0.00000000e+00,15391183943527,15391188293867
26990,73999,"Agent 2",1,1137476,1137476,1310720,84,"ullm_cached_prefix_attn_f32_flash2_kernel",256,1536,0,24,0,128,"Wavefronts",40960.000000,15391183943527,15391188293867
26990,74412,"Agent 2",1,1137476,1137476,1310720,84,"ullm_cached_prefix_attn_f32_flash2_kernel",256,1536,0,24,0,128,"FETCH_SIZE",0.00000000e+00,15391210625451,15391214959830
26990,74412,"Agent 2",1,1137476,1137476,1310720,84,"ullm_cached_prefix_attn_f32_flash2_kernel",256,1536,0,24,0,128,"VALUInsts",0.00000000e+00,15391210625451,15391214959830
26990,74412,"Agent 2",1,1137476,1137476,1310720,84,"ullm_cached_prefix_attn_f32_flash2_kernel",256,1536,0,24,0,128,"Wavefronts",40960.000000,15391210625451,15391214959830
26990,74825,"Agent 2",1,1137476,1137476,1310720,84,"ullm_cached_prefix_attn_f32_flash2_kernel",256,1536,0,24,0,128,"FETCH_SIZE",0.00000000e+00,15391238186291,15391242561630
26990,74825,"Agent 2",1,1137476,1137476,1310720,84,"ullm_cached_prefix_attn_f32_flash2_kernel",256,1536,0,24,0,128,"VALUInsts",0.00000000e+00,15391238186291,15391242561630
26990,74825,"Agent 2",1,1137476,1137476,1310720,84,"ullm_cached_prefix_attn_f32_flash2_kernel",256,1536,0,24,0,128,"Wavefronts",40960.000000,15391238186291,15391242561630
26990,75238,"Agent 2",1,1137476,1137476,1310720,84,"ullm_cached_prefix_attn_f32_flash2_kernel",256,1536,0,24,0,128,"FETCH_SIZE",0.00000000e+00,15391263683799,15391268013698
26990,75238,"Agent 2",1,1137476,1137476,1310720,84,"ullm_cached_prefix_attn_f32_flash2_kernel",256,1536,0,24,0,128,"VALUInsts",0.00000000e+00,15391263683799,15391268013698
26990,75238,"Agent 2",1,1137476,1137476,1310720,84,"ullm_cached_prefix_attn_f32_flash2_kernel",256,1536,0,24,0,128,"Wavefronts",40960.000000,15391263683799,15391268013698
26990,75651,"Agent 2",1,1137476,1137476,1310720,84,"ullm_cached_prefix_attn_f32_flash2_kernel",256,1536,0,24,0,128,"FETCH_SIZE",0.00000000e+00,15391290958173,15391295297312
26990,75651,"Agent 2",1,1137476,1137476,1310720,84,"ullm_cached_prefix_attn_f32_flash2_kernel",256,1536,0,24,0,128,"VALUInsts",0.00000000e+00,15391290958173,15391295297312
26990,75651,"Agent 2",1,1137476,1137476,1310720,84,"ullm_cached_prefix_attn_f32_flash2_kernel",256,1536,0,24,0,128,"Wavefronts",40960.000000,15391290958173,15391295297312
26990,76064,"Agent 2",1,1137476,1137476,1310720,84,"ullm_cached_prefix_attn_f32_flash2_kernel",256,1536,0,24,0,128,"FETCH_SIZE",0.00000000e+00,15391316918847,15391321263946
26990,76064,"Agent 2",1,1137476,1137476,1310720,84,"ullm_cached_prefix_attn_f32_flash2_kernel",256,1536,0,24,0,128,"VALUInsts",0.00000000e+00,15391316918847,15391321263946
26990,76064,"Agent 2",1,1137476,1137476,1310720,84,"ullm_cached_prefix_attn_f32_flash2_kernel",256,1536,0,24,0,128,"Wavefronts",40960.000000,15391316918847,15391321263946
26990,76477,"Agent 2",1,1137476,1137476,1310720,84,"ullm_cached_prefix_attn_f32_flash2_kernel",256,1536,0,24,0,128,"FETCH_SIZE",0.00000000e+00,15391344659868,15391349037168
26990,76477,"Agent 2",1,1137476,1137476,1310720,84,"ullm_cached_prefix_attn_f32_flash2_kernel",256,1536,0,24,0,128,"VALUInsts",0.00000000e+00,15391344659868,15391349037168
26990,76477,"Agent 2",1,1137476,1137476,1310720,84,"ullm_cached_prefix_attn_f32_flash2_kernel",256,1536,0,24,0,128,"Wavefronts",40960.000000,15391344659868,15391349037168
26990,76890,"Agent 2",1,1137476,1137476,1310720,84,"ullm_cached_prefix_attn_f32_flash2_kernel",256,1536,0,24,0,128,"FETCH_SIZE",0.00000000e+00,15391402858951,15391407225891
26990,76890,"Agent 2",1,1137476,1137476,1310720,84,"ullm_cached_prefix_attn_f32_flash2_kernel",256,1536,0,24,0,128,"VALUInsts",0.00000000e+00,15391402858951,15391407225891
26990,76890,"Agent 2",1,1137476,1137476,1310720,84,"ullm_cached_prefix_attn_f32_flash2_kernel",256,1536,0,24,0,128,"Wavefronts",40960.000000,15391402858951,15391407225891
26990,77303,"Agent 2",1,1137476,1137476,1310720,84,"ullm_cached_prefix_attn_f32_flash2_kernel",256,1536,0,24,0,128,"FETCH_SIZE",0.00000000e+00,15391450768163,15391455123303
26990,77303,"Agent 2",1,1137476,1137476,1310720,84,"ullm_cached_prefix_attn_f32_flash2_kernel",256,1536,0,24,0,128,"VALUInsts",0.00000000e+00,15391450768163,15391455123303
26990,77303,"Agent 2",1,1137476,1137476,1310720,84,"ullm_cached_prefix_attn_f32_flash2_kernel",256,1536,0,24,0,128,"Wavefronts",40960.000000,15391450768163,15391455123303
26990,77973,"Agent 2",1,1137476,1137476,1310720,84,"ullm_cached_prefix_attn_f32_flash2_kernel",256,1536,0,24,0,128,"FETCH_SIZE",0.00000000e+00,15391473107220,15391479201864
26990,77973,"Agent 2",1,1137476,1137476,1310720,84,"ullm_cached_prefix_attn_f32_flash2_kernel",256,1536,0,24,0,128,"VALUInsts",0.00000000e+00,15391473107220,15391479201864
26990,77973,"Agent 2",1,1137476,1137476,1310720,84,"ullm_cached_prefix_attn_f32_flash2_kernel",256,1536,0,24,0,128,"Wavefronts",40960.000000,15391473107220,15391479201864
26990,78386,"Agent 2",1,1137476,1137476,1310720,84,"ullm_cached_prefix_attn_f32_flash2_kernel",256,1536,0,24,0,128,"FETCH_SIZE",0.00000000e+00,15391524672604,15391530679686
26990,78386,"Agent 2",1,1137476,1137476,1310720,84,"ullm_cached_prefix_attn_f32_flash2_kernel",256,1536,0,24,0,128,"VALUInsts",0.00000000e+00,15391524672604,15391530679686
26990,78386,"Agent 2",1,1137476,1137476,1310720,84,"ullm_cached_prefix_attn_f32_flash2_kernel",256,1536,0,24,0,128,"Wavefronts",40960.000000,15391524672604,15391530679686
26990,78799,"Agent 2",1,1137476,1137476,1310720,84,"ullm_cached_prefix_attn_f32_flash2_kernel",256,1536,0,24,0,128,"FETCH_SIZE",0.00000000e+00,15391575991376,15391582015498
26990,78799,"Agent 2",1,1137476,1137476,1310720,84,"ullm_cached_prefix_attn_f32_flash2_kernel",256,1536,0,24,0,128,"VALUInsts",0.00000000e+00,15391575991376,15391582015498
26990,78799,"Agent 2",1,1137476,1137476,1310720,84,"ullm_cached_prefix_attn_f32_flash2_kernel",256,1536,0,24,0,128,"Wavefronts",40960.000000,15391575991376,15391582015498
26990,79212,"Agent 2",1,1137476,1137476,1310720,84,"ullm_cached_prefix_attn_f32_flash2_kernel",256,1536,0,24,0,128,"FETCH_SIZE",0.00000000e+00,15391601443605,15391607474448
26990,79212,"Agent 2",1,1137476,1137476,1310720,84,"ullm_cached_prefix_attn_f32_flash2_kernel",256,1536,0,24,0,128,"VALUInsts",0.00000000e+00,15391601443605,15391607474448
26990,79212,"Agent 2",1,1137476,1137476,1310720,84,"ullm_cached_prefix_attn_f32_flash2_kernel",256,1536,0,24,0,128,"Wavefronts",40960.000000,15391601443605,15391607474448
26990,79625,"Agent 2",1,1137476,1137476,1310720,84,"ullm_cached_prefix_attn_f32_flash2_kernel",256,1536,0,24,0,128,"FETCH_SIZE",0.00000000e+00,15391630102116,15391636137798
26990,79625,"Agent 2",1,1137476,1137476,1310720,84,"ullm_cached_prefix_attn_f32_flash2_kernel",256,1536,0,24,0,128,"VALUInsts",0.00000000e+00,15391630102116,15391636137798
26990,79625,"Agent 2",1,1137476,1137476,1310720,84,"ullm_cached_prefix_attn_f32_flash2_kernel",256,1536,0,24,0,128,"Wavefronts",40960.000000,15391630102116,15391636137798
26990,80038,"Agent 2",1,1137476,1137476,1310720,84,"ullm_cached_prefix_attn_f32_flash2_kernel",256,1536,0,24,0,128,"FETCH_SIZE",0.00000000e+00,15391654836260,15391660857422
26990,80038,"Agent 2",1,1137476,1137476,1310720,84,"ullm_cached_prefix_attn_f32_flash2_kernel",256,1536,0,24,0,128,"VALUInsts",0.00000000e+00,15391654836260,15391660857422
26990,80038,"Agent 2",1,1137476,1137476,1310720,84,"ullm_cached_prefix_attn_f32_flash2_kernel",256,1536,0,24,0,128,"Wavefronts",40960.000000,15391654836260,15391660857422
26990,80451,"Agent 2",1,1137476,1137476,1310720,84,"ullm_cached_prefix_attn_f32_flash2_kernel",256,1536,0,24,0,128,"FETCH_SIZE",0.00000000e+00,15391683369968,15391689383610
26990,80451,"Agent 2",1,1137476,1137476,1310720,84,"ullm_cached_prefix_attn_f32_flash2_kernel",256,1536,0,24,0,128,"VALUInsts",0.00000000e+00,15391683369968,15391689383610
26990,80451,"Agent 2",1,1137476,1137476,1310720,84,"ullm_cached_prefix_attn_f32_flash2_kernel",256,1536,0,24,0,128,"Wavefronts",40960.000000,15391683369968,15391689383610
26990,80864,"Agent 2",1,1137476,1137476,1310720,84,"ullm_cached_prefix_attn_f32_flash2_kernel",256,1536,0,24,0,128,"FETCH_SIZE",0.00000000e+00,15391708912196,15391714937718
26990,80864,"Agent 2",1,1137476,1137476,1310720,84,"ullm_cached_prefix_attn_f32_flash2_kernel",256,1536,0,24,0,128,"VALUInsts",0.00000000e+00,15391708912196,15391714937718
26990,80864,"Agent 2",1,1137476,1137476,1310720,84,"ullm_cached_prefix_attn_f32_flash2_kernel",256,1536,0,24,0,128,"Wavefronts",40960.000000,15391708912196,15391714937718
26990,81277,"Agent 2",1,1137476,1137476,1310720,84,"ullm_cached_prefix_attn_f32_flash2_kernel",256,1536,0,24,0,128,"FETCH_SIZE",0.00000000e+00,15391736261692,15391742339134
26990,81277,"Agent 2",1,1137476,1137476,1310720,84,"ullm_cached_prefix_attn_f32_flash2_kernel",256,1536,0,24,0,128,"VALUInsts",0.00000000e+00,15391736261692,15391742339134
26990,81277,"Agent 2",1,1137476,1137476,1310720,84,"ullm_cached_prefix_attn_f32_flash2_kernel",256,1536,0,24,0,128,"Wavefronts",40960.000000,15391736261692,15391742339134
26990,81690,"Agent 2",1,1137476,1137476,1310720,84,"ullm_cached_prefix_attn_f32_flash2_kernel",256,1536,0,24,0,128,"FETCH_SIZE",0.00000000e+00,15391761237352,15391767229234
26990,81690,"Agent 2",1,1137476,1137476,1310720,84,"ullm_cached_prefix_attn_f32_flash2_kernel",256,1536,0,24,0,128,"VALUInsts",0.00000000e+00,15391761237352,15391767229234
26990,81690,"Agent 2",1,1137476,1137476,1310720,84,"ullm_cached_prefix_attn_f32_flash2_kernel",256,1536,0,24,0,128,"Wavefronts",40960.000000,15391761237352,15391767229234
26990,82103,"Agent 2",1,1137476,1137476,1310720,84,"ullm_cached_prefix_attn_f32_flash2_kernel",256,1536,0,24,0,128,"FETCH_SIZE",0.00000000e+00,15391790324552,15391796435315
26990,82103,"Agent 2",1,1137476,1137476,1310720,84,"ullm_cached_prefix_attn_f32_flash2_kernel",256,1536,0,24,0,128,"VALUInsts",0.00000000e+00,15391790324552,15391796435315
26990,82103,"Agent 2",1,1137476,1137476,1310720,84,"ullm_cached_prefix_attn_f32_flash2_kernel",256,1536,0,24,0,128,"Wavefronts",40960.000000,15391790324552,15391796435315
26990,82516,"Agent 2",1,1137476,1137476,1310720,84,"ullm_cached_prefix_attn_f32_flash2_kernel",256,1536,0,24,0,128,"FETCH_SIZE",0.00000000e+00,15391814973888,15391821024731
26990,82516,"Agent 2",1,1137476,1137476,1310720,84,"ullm_cached_prefix_attn_f32_flash2_kernel",256,1536,0,24,0,128,"VALUInsts",0.00000000e+00,15391814973888,15391821024731
26990,82516,"Agent 2",1,1137476,1137476,1310720,84,"ullm_cached_prefix_attn_f32_flash2_kernel",256,1536,0,24,0,128,"Wavefronts",40960.000000,15391814973888,15391821024731
26990,82929,"Agent 2",1,1137476,1137476,1310720,84,"ullm_cached_prefix_attn_f32_flash2_kernel",256,1536,0,24,0,128,"FETCH_SIZE",0.00000000e+00,15391843589886,15391849679609
26990,82929,"Agent 2",1,1137476,1137476,1310720,84,"ullm_cached_prefix_attn_f32_flash2_kernel",256,1536,0,24,0,128,"VALUInsts",0.00000000e+00,15391843589886,15391849679609
26990,82929,"Agent 2",1,1137476,1137476,1310720,84,"ullm_cached_prefix_attn_f32_flash2_kernel",256,1536,0,24,0,128,"Wavefronts",40960.000000,15391843589886,15391849679609
26990,83342,"Agent 2",1,1137476,1137476,1310720,84,"ullm_cached_prefix_attn_f32_flash2_kernel",256,1536,0,24,0,128,"FETCH_SIZE",0.00000000e+00,15391870538013,15391876561775
26990,83342,"Agent 2",1,1137476,1137476,1310720,84,"ullm_cached_prefix_attn_f32_flash2_kernel",256,1536,0,24,0,128,"VALUInsts",0.00000000e+00,15391870538013,15391876561775
26990,83342,"Agent 2",1,1137476,1137476,1310720,84,"ullm_cached_prefix_attn_f32_flash2_kernel",256,1536,0,24,0,128,"Wavefronts",40960.000000,15391870538013,15391876561775
26990,83755,"Agent 2",1,1137476,1137476,1310720,84,"ullm_cached_prefix_attn_f32_flash2_kernel",256,1536,0,24,0,128,"FETCH_SIZE",0.00000000e+00,15391898244310,15391904301073
26990,83755,"Agent 2",1,1137476,1137476,1310720,84,"ullm_cached_prefix_attn_f32_flash2_kernel",256,1536,0,24,0,128,"VALUInsts",0.00000000e+00,15391898244310,15391904301073
26990,83755,"Agent 2",1,1137476,1137476,1310720,84,"ullm_cached_prefix_attn_f32_flash2_kernel",256,1536,0,24,0,128,"Wavefronts",40960.000000,15391898244310,15391904301073
26990,84168,"Agent 2",1,1137476,1137476,1310720,84,"ullm_cached_prefix_attn_f32_flash2_kernel",256,1536,0,24,0,128,"FETCH_SIZE",0.00000000e+00,15391922950309,15391929022112
26990,84168,"Agent 2",1,1137476,1137476,1310720,84,"ullm_cached_prefix_attn_f32_flash2_kernel",256,1536,0,24,0,128,"VALUInsts",0.00000000e+00,15391922950309,15391929022112
26990,84168,"Agent 2",1,1137476,1137476,1310720,84,"ullm_cached_prefix_attn_f32_flash2_kernel",256,1536,0,24,0,128,"Wavefronts",40960.000000,15391922950309,15391929022112
26990,84581,"Agent 2",1,1137476,1137476,1310720,84,"ullm_cached_prefix_attn_f32_flash2_kernel",256,1536,0,24,0,128,"FETCH_SIZE",0.00000000e+00,15391950064999,15391956165522
26990,84581,"Agent 2",1,1137476,1137476,1310720,84,"ullm_cached_prefix_attn_f32_flash2_kernel",256,1536,0,24,0,128,"VALUInsts",0.00000000e+00,15391950064999,15391956165522
26990,84581,"Agent 2",1,1137476,1137476,1310720,84,"ullm_cached_prefix_attn_f32_flash2_kernel",256,1536,0,24,0,128,"Wavefronts",40960.000000,15391950064999,15391956165522
26990,84994,"Agent 2",1,1137476,1137476,1310720,84,"ullm_cached_prefix_attn_f32_flash2_kernel",256,1536,0,24,0,128,"FETCH_SIZE",0.00000000e+00,15391975771923,15391981807405
26990,84994,"Agent 2",1,1137476,1137476,1310720,84,"ullm_cached_prefix_attn_f32_flash2_kernel",256,1536,0,24,0,128,"VALUInsts",0.00000000e+00,15391975771923,15391981807405
26990,84994,"Agent 2",1,1137476,1137476,1310720,84,"ullm_cached_prefix_attn_f32_flash2_kernel",256,1536,0,24,0,128,"Wavefronts",40960.000000,15391975771923,15391981807405
26990,85407,"Agent 2",1,1137476,1137476,1310720,84,"ullm_cached_prefix_attn_f32_flash2_kernel",256,1536,0,24,0,128,"FETCH_SIZE",0.00000000e+00,15392004512115,15392010580598
26990,85407,"Agent 2",1,1137476,1137476,1310720,84,"ullm_cached_prefix_attn_f32_flash2_kernel",256,1536,0,24,0,128,"VALUInsts",0.00000000e+00,15392004512115,15392010580598
26990,85407,"Agent 2",1,1137476,1137476,1310720,84,"ullm_cached_prefix_attn_f32_flash2_kernel",256,1536,0,24,0,128,"Wavefronts",40960.000000,15392004512115,15392010580598
26990,85820,"Agent 2",1,1137476,1137476,1310720,84,"ullm_cached_prefix_attn_f32_flash2_kernel",256,1536,0,24,0,128,"FETCH_SIZE",0.00000000e+00,15392030345907,15392036425990
26990,85820,"Agent 2",1,1137476,1137476,1310720,84,"ullm_cached_prefix_attn_f32_flash2_kernel",256,1536,0,24,0,128,"VALUInsts",0.00000000e+00,15392030345907,15392036425990
26990,85820,"Agent 2",1,1137476,1137476,1310720,84,"ullm_cached_prefix_attn_f32_flash2_kernel",256,1536,0,24,0,128,"Wavefronts",40960.000000,15392030345907,15392036425990
26990,86233,"Agent 2",1,1137476,1137476,1310720,84,"ullm_cached_prefix_attn_f32_flash2_kernel",256,1536,0,24,0,128,"FETCH_SIZE",0.00000000e+00,15392057159056,15392063226619
26990,86233,"Agent 2",1,1137476,1137476,1310720,84,"ullm_cached_prefix_attn_f32_flash2_kernel",256,1536,0,24,0,128,"VALUInsts",0.00000000e+00,15392057159056,15392063226619
26990,86233,"Agent 2",1,1137476,1137476,1310720,84,"ullm_cached_prefix_attn_f32_flash2_kernel",256,1536,0,24,0,128,"Wavefronts",40960.000000,15392057159056,15392063226619
26990,86646,"Agent 2",1,1137476,1137476,1310720,84,"ullm_cached_prefix_attn_f32_flash2_kernel",256,1536,0,24,0,128,"FETCH_SIZE",0.00000000e+00,15392081827353,15392087902196
26990,86646,"Agent 2",1,1137476,1137476,1310720,84,"ullm_cached_prefix_attn_f32_flash2_kernel",256,1536,0,24,0,128,"VALUInsts",0.00000000e+00,15392081827353,15392087902196
26990,86646,"Agent 2",1,1137476,1137476,1310720,84,"ullm_cached_prefix_attn_f32_flash2_kernel",256,1536,0,24,0,128,"Wavefronts",40960.000000,15392081827353,15392087902196
26990,87059,"Agent 2",1,1137476,1137476,1310720,84,"ullm_cached_prefix_attn_f32_flash2_kernel",256,1536,0,24,0,128,"FETCH_SIZE",0.00000000e+00,15392108638601,15392114720404
26990,87059,"Agent 2",1,1137476,1137476,1310720,84,"ullm_cached_prefix_attn_f32_flash2_kernel",256,1536,0,24,0,128,"VALUInsts",0.00000000e+00,15392108638601,15392114720404
26990,87059,"Agent 2",1,1137476,1137476,1310720,84,"ullm_cached_prefix_attn_f32_flash2_kernel",256,1536,0,24,0,128,"Wavefronts",40960.000000,15392108638601,15392114720404
26990,87472,"Agent 2",1,1137476,1137476,1310720,84,"ullm_cached_prefix_attn_f32_flash2_kernel",256,1536,0,24,0,128,"FETCH_SIZE",0.00000000e+00,15392135191283,15392141191645
26990,87472,"Agent 2",1,1137476,1137476,1310720,84,"ullm_cached_prefix_attn_f32_flash2_kernel",256,1536,0,24,0,128,"VALUInsts",0.00000000e+00,15392135191283,15392141191645
26990,87472,"Agent 2",1,1137476,1137476,1310720,84,"ullm_cached_prefix_attn_f32_flash2_kernel",256,1536,0,24,0,128,"Wavefronts",40960.000000,15392135191283,15392141191645
26990,87885,"Agent 2",1,1137476,1137476,1310720,84,"ullm_cached_prefix_attn_f32_flash2_kernel",256,1536,0,24,0,128,"FETCH_SIZE",0.00000000e+00,15392161291348,15392167358991
26990,87885,"Agent 2",1,1137476,1137476,1310720,84,"ullm_cached_prefix_attn_f32_flash2_kernel",256,1536,0,24,0,128,"VALUInsts",0.00000000e+00,15392161291348,15392167358991
26990,87885,"Agent 2",1,1137476,1137476,1310720,84,"ullm_cached_prefix_attn_f32_flash2_kernel",256,1536,0,24,0,128,"Wavefronts",40960.000000,15392161291348,15392167358991
26990,88298,"Agent 2",1,1137476,1137476,1310720,84,"ullm_cached_prefix_attn_f32_flash2_kernel",256,1536,0,24,0,128,"FETCH_SIZE",0.00000000e+00,15392188833443,15392194852685
26990,88298,"Agent 2",1,1137476,1137476,1310720,84,"ullm_cached_prefix_attn_f32_flash2_kernel",256,1536,0,24,0,128,"VALUInsts",0.00000000e+00,15392188833443,15392194852685
26990,88298,"Agent 2",1,1137476,1137476,1310720,84,"ullm_cached_prefix_attn_f32_flash2_kernel",256,1536,0,24,0,128,"Wavefronts",40960.000000,15392188833443,15392194852685
26990,88711,"Agent 2",1,1137476,1137476,1310720,84,"ullm_cached_prefix_attn_f32_flash2_kernel",256,1536,0,24,0,128,"FETCH_SIZE",0.00000000e+00,15392215391085,15392221455928
26990,88711,"Agent 2",1,1137476,1137476,1310720,84,"ullm_cached_prefix_attn_f32_flash2_kernel",256,1536,0,24,0,128,"VALUInsts",0.00000000e+00,15392215391085,15392221455928
26990,88711,"Agent 2",1,1137476,1137476,1310720,84,"ullm_cached_prefix_attn_f32_flash2_kernel",256,1536,0,24,0,128,"Wavefronts",40960.000000,15392215391085,15392221455928
26990,89124,"Agent 2",1,1137476,1137476,1310720,84,"ullm_cached_prefix_attn_f32_flash2_kernel",256,1536,0,24,0,128,"FETCH_SIZE",0.00000000e+00,15392242039740,15392248085623
26990,89124,"Agent 2",1,1137476,1137476,1310720,84,"ullm_cached_prefix_attn_f32_flash2_kernel",256,1536,0,24,0,128,"VALUInsts",0.00000000e+00,15392242039740,15392248085623
26990,89124,"Agent 2",1,1137476,1137476,1310720,84,"ullm_cached_prefix_attn_f32_flash2_kernel",256,1536,0,24,0,128,"Wavefronts",40960.000000,15392242039740,15392248085623
26990,89537,"Agent 2",1,1137476,1137476,1310720,84,"ullm_cached_prefix_attn_f32_flash2_kernel",256,1536,0,24,0,128,"FETCH_SIZE",0.00000000e+00,15392268843306,15392274914829
26990,89537,"Agent 2",1,1137476,1137476,1310720,84,"ullm_cached_prefix_attn_f32_flash2_kernel",256,1536,0,24,0,128,"VALUInsts",0.00000000e+00,15392268843306,15392274914829
26990,89537,"Agent 2",1,1137476,1137476,1310720,84,"ullm_cached_prefix_attn_f32_flash2_kernel",256,1536,0,24,0,128,"Wavefronts",40960.000000,15392268843306,15392274914829
26990,89950,"Agent 2",1,1137476,1137476,1310720,84,"ullm_cached_prefix_attn_f32_flash2_kernel",256,1536,0,24,0,128,"FETCH_SIZE",0.00000000e+00,15392294146124,15392300237807
26990,89950,"Agent 2",1,1137476,1137476,1310720,84,"ullm_cached_prefix_attn_f32_flash2_kernel",256,1536,0,24,0,128,"VALUInsts",0.00000000e+00,15392294146124,15392300237807
26990,89950,"Agent 2",1,1137476,1137476,1310720,84,"ullm_cached_prefix_attn_f32_flash2_kernel",256,1536,0,24,0,128,"Wavefronts",40960.000000,15392294146124,15392300237807
26990,90363,"Agent 2",1,1137476,1137476,1310720,84,"ullm_cached_prefix_attn_f32_flash2_kernel",256,1536,0,24,0,128,"FETCH_SIZE",0.00000000e+00,15392321134492,15392327192415
26990,90363,"Agent 2",1,1137476,1137476,1310720,84,"ullm_cached_prefix_attn_f32_flash2_kernel",256,1536,0,24,0,128,"VALUInsts",0.00000000e+00,15392321134492,15392327192415
26990,90363,"Agent 2",1,1137476,1137476,1310720,84,"ullm_cached_prefix_attn_f32_flash2_kernel",256,1536,0,24,0,128,"Wavefronts",40960.000000,15392321134492,15392327192415
26990,90776,"Agent 2",1,1137476,1137476,1310720,84,"ullm_cached_prefix_attn_f32_flash2_kernel",256,1536,0,24,0,128,"FETCH_SIZE",0.00000000e+00,15392347748815,15392353781097
26990,90776,"Agent 2",1,1137476,1137476,1310720,84,"ullm_cached_prefix_attn_f32_flash2_kernel",256,1536,0,24,0,128,"VALUInsts",0.00000000e+00,15392347748815,15392353781097
26990,90776,"Agent 2",1,1137476,1137476,1310720,84,"ullm_cached_prefix_attn_f32_flash2_kernel",256,1536,0,24,0,128,"Wavefronts",40960.000000,15392347748815,15392353781097
26990,91189,"Agent 2",1,1137476,1137476,1310720,84,"ullm_cached_prefix_attn_f32_flash2_kernel",256,1536,0,24,0,128,"FETCH_SIZE",0.00000000e+00,15392374605674,15392380678637
26990,91189,"Agent 2",1,1137476,1137476,1310720,84,"ullm_cached_prefix_attn_f32_flash2_kernel",256,1536,0,24,0,128,"VALUInsts",0.00000000e+00,15392374605674,15392380678637
26990,91189,"Agent 2",1,1137476,1137476,1310720,84,"ullm_cached_prefix_attn_f32_flash2_kernel",256,1536,0,24,0,128,"Wavefronts",40960.000000,15392374605674,15392380678637
26990,91602,"Agent 2",1,1137476,1137476,1310720,84,"ullm_cached_prefix_attn_f32_flash2_kernel",256,1536,0,24,0,128,"FETCH_SIZE",0.00000000e+00,15392401967128,15392408014690
26990,91602,"Agent 2",1,1137476,1137476,1310720,84,"ullm_cached_prefix_attn_f32_flash2_kernel",256,1536,0,24,0,128,"VALUInsts",0.00000000e+00,15392401967128,15392408014690
26990,91602,"Agent 2",1,1137476,1137476,1310720,84,"ullm_cached_prefix_attn_f32_flash2_kernel",256,1536,0,24,0,128,"Wavefronts",40960.000000,15392401967128,15392408014690
26990,92015,"Agent 2",1,1137476,1137476,1310720,84,"ullm_cached_prefix_attn_f32_flash2_kernel",256,1536,0,24,0,128,"FETCH_SIZE",0.00000000e+00,15392428911107,15392434966830
26990,92015,"Agent 2",1,1137476,1137476,1310720,84,"ullm_cached_prefix_attn_f32_flash2_kernel",256,1536,0,24,0,128,"VALUInsts",0.00000000e+00,15392428911107,15392434966830
26990,92015,"Agent 2",1,1137476,1137476,1310720,84,"ullm_cached_prefix_attn_f32_flash2_kernel",256,1536,0,24,0,128,"Wavefronts",40960.000000,15392428911107,15392434966830
26990,92428,"Agent 2",1,1137476,1137476,1310720,84,"ullm_cached_prefix_attn_f32_flash2_kernel",256,1536,0,24,0,128,"FETCH_SIZE",0.00000000e+00,15392457531538,15392463540779
26990,92428,"Agent 2",1,1137476,1137476,1310720,84,"ullm_cached_prefix_attn_f32_flash2_kernel",256,1536,0,24,0,128,"VALUInsts",0.00000000e+00,15392457531538,15392463540779
26990,92428,"Agent 2",1,1137476,1137476,1310720,84,"ullm_cached_prefix_attn_f32_flash2_kernel",256,1536,0,24,0,128,"Wavefronts",40960.000000,15392457531538,15392463540779
26990,92841,"Agent 2",1,1137476,1137476,1310720,84,"ullm_cached_prefix_attn_f32_flash2_kernel",256,1536,0,24,0,128,"FETCH_SIZE",0.00000000e+00,15392489452785,15392495511748
26990,92841,"Agent 2",1,1137476,1137476,1310720,84,"ullm_cached_prefix_attn_f32_flash2_kernel",256,1536,0,24,0,128,"VALUInsts",0.00000000e+00,15392489452785,15392495511748
26990,92841,"Agent 2",1,1137476,1137476,1310720,84,"ullm_cached_prefix_attn_f32_flash2_kernel",256,1536,0,24,0,128,"Wavefronts",40960.000000,15392489452785,15392495511748
26990,93254,"Agent 2",1,1137476,1137476,1310720,84,"ullm_cached_prefix_attn_f32_flash2_kernel",256,1536,0,24,0,128,"FETCH_SIZE",0.00000000e+00,15392517959054,15392523961056
26990,93254,"Agent 2",1,1137476,1137476,1310720,84,"ullm_cached_prefix_attn_f32_flash2_kernel",256,1536,0,24,0,128,"VALUInsts",0.00000000e+00,15392517959054,15392523961056
26990,93254,"Agent 2",1,1137476,1137476,1310720,84,"ullm_cached_prefix_attn_f32_flash2_kernel",256,1536,0,24,0,128,"Wavefronts",40960.000000,15392517959054,15392523961056
26990,93667,"Agent 2",1,1137476,1137476,1310720,84,"ullm_cached_prefix_attn_f32_flash2_kernel",256,1536,0,24,0,128,"FETCH_SIZE",0.00000000e+00,15392568880071,15392574923234
26990,93667,"Agent 2",1,1137476,1137476,1310720,84,"ullm_cached_prefix_attn_f32_flash2_kernel",256,1536,0,24,0,128,"VALUInsts",0.00000000e+00,15392568880071,15392574923234
26990,93667,"Agent 2",1,1137476,1137476,1310720,84,"ullm_cached_prefix_attn_f32_flash2_kernel",256,1536,0,24,0,128,"Wavefronts",40960.000000,15392568880071,15392574923234
26990,94080,"Agent 2",1,1137476,1137476,1310720,84,"ullm_cached_prefix_attn_f32_flash2_kernel",256,1536,0,24,0,128,"FETCH_SIZE",0.00000000e+00,15392618122055,15392624154777
26990,94080,"Agent 2",1,1137476,1137476,1310720,84,"ullm_cached_prefix_attn_f32_flash2_kernel",256,1536,0,24,0,128,"VALUInsts",0.00000000e+00,15392618122055,15392624154777
26990,94080,"Agent 2",1,1137476,1137476,1310720,84,"ullm_cached_prefix_attn_f32_flash2_kernel",256,1536,0,24,0,128,"Wavefronts",40960.000000,15392618122055,15392624154777
26990,94750,"Agent 2",1,1137476,1137476,1310720,84,"ullm_cached_prefix_attn_f32_flash2_kernel",256,1536,0,24,0,128,"FETCH_SIZE",0.00000000e+00,15392646606284,15392654303669
26990,94750,"Agent 2",1,1137476,1137476,1310720,84,"ullm_cached_prefix_attn_f32_flash2_kernel",256,1536,0,24,0,128,"VALUInsts",0.00000000e+00,15392646606284,15392654303669
26990,94750,"Agent 2",1,1137476,1137476,1310720,84,"ullm_cached_prefix_attn_f32_flash2_kernel",256,1536,0,24,0,128,"Wavefronts",40960.000000,15392646606284,15392654303669
26990,95163,"Agent 2",1,1137476,1137476,1310720,84,"ullm_cached_prefix_attn_f32_flash2_kernel",256,1536,0,24,0,128,"FETCH_SIZE",0.00000000e+00,15392694856504,15392702618690
26990,95163,"Agent 2",1,1137476,1137476,1310720,84,"ullm_cached_prefix_attn_f32_flash2_kernel",256,1536,0,24,0,128,"VALUInsts",0.00000000e+00,15392694856504,15392702618690
26990,95163,"Agent 2",1,1137476,1137476,1310720,84,"ullm_cached_prefix_attn_f32_flash2_kernel",256,1536,0,24,0,128,"Wavefronts",40960.000000,15392694856504,15392702618690
26990,95576,"Agent 2",1,1137476,1137476,1310720,84,"ullm_cached_prefix_attn_f32_flash2_kernel",256,1536,0,24,0,128,"FETCH_SIZE",0.00000000e+00,15392741059837,15392748792942
26990,95576,"Agent 2",1,1137476,1137476,1310720,84,"ullm_cached_prefix_attn_f32_flash2_kernel",256,1536,0,24,0,128,"VALUInsts",0.00000000e+00,15392741059837,15392748792942
26990,95576,"Agent 2",1,1137476,1137476,1310720,84,"ullm_cached_prefix_attn_f32_flash2_kernel",256,1536,0,24,0,128,"Wavefronts",40960.000000,15392741059837,15392748792942
26990,95989,"Agent 2",1,1137476,1137476,1310720,84,"ullm_cached_prefix_attn_f32_flash2_kernel",256,1536,0,24,0,128,"FETCH_SIZE",0.00000000e+00,15392771071406,15392778789911
26990,95989,"Agent 2",1,1137476,1137476,1310720,84,"ullm_cached_prefix_attn_f32_flash2_kernel",256,1536,0,24,0,128,"VALUInsts",0.00000000e+00,15392771071406,15392778789911
26990,95989,"Agent 2",1,1137476,1137476,1310720,84,"ullm_cached_prefix_attn_f32_flash2_kernel",256,1536,0,24,0,128,"Wavefronts",40960.000000,15392771071406,15392778789911
26990,96402,"Agent 2",1,1137476,1137476,1310720,84,"ullm_cached_prefix_attn_f32_flash2_kernel",256,1536,0,24,0,128,"FETCH_SIZE",0.00000000e+00,15392803927377,15392811634202
26990,96402,"Agent 2",1,1137476,1137476,1310720,84,"ullm_cached_prefix_attn_f32_flash2_kernel",256,1536,0,24,0,128,"VALUInsts",0.00000000e+00,15392803927377,15392811634202
26990,96402,"Agent 2",1,1137476,1137476,1310720,84,"ullm_cached_prefix_attn_f32_flash2_kernel",256,1536,0,24,0,128,"Wavefronts",40960.000000,15392803927377,15392811634202
26990,96815,"Agent 2",1,1137476,1137476,1310720,84,"ullm_cached_prefix_attn_f32_flash2_kernel",256,1536,0,24,0,128,"FETCH_SIZE",0.00000000e+00,15392830209256,15392837968761
26990,96815,"Agent 2",1,1137476,1137476,1310720,84,"ullm_cached_prefix_attn_f32_flash2_kernel",256,1536,0,24,0,128,"VALUInsts",0.00000000e+00,15392830209256,15392837968761
26990,96815,"Agent 2",1,1137476,1137476,1310720,84,"ullm_cached_prefix_attn_f32_flash2_kernel",256,1536,0,24,0,128,"Wavefronts",40960.000000,15392830209256,15392837968761
26990,97228,"Agent 2",1,1137476,1137476,1310720,84,"ullm_cached_prefix_attn_f32_flash2_kernel",256,1536,0,24,0,128,"FETCH_SIZE",0.00000000e+00,15392858173839,15392865899425
26990,97228,"Agent 2",1,1137476,1137476,1310720,84,"ullm_cached_prefix_attn_f32_flash2_kernel",256,1536,0,24,0,128,"VALUInsts",0.00000000e+00,15392858173839,15392865899425
26990,97228,"Agent 2",1,1137476,1137476,1310720,84,"ullm_cached_prefix_attn_f32_flash2_kernel",256,1536,0,24,0,128,"Wavefronts",40960.000000,15392858173839,15392865899425
26990,97641,"Agent 2",1,1137476,1137476,1310720,84,"ullm_cached_prefix_attn_f32_flash2_kernel",256,1536,0,24,0,128,"FETCH_SIZE",0.00000000e+00,15392884243475,15392891960820
26990,97641,"Agent 2",1,1137476,1137476,1310720,84,"ullm_cached_prefix_attn_f32_flash2_kernel",256,1536,0,24,0,128,"VALUInsts",0.00000000e+00,15392884243475,15392891960820
26990,97641,"Agent 2",1,1137476,1137476,1310720,84,"ullm_cached_prefix_attn_f32_flash2_kernel",256,1536,0,24,0,128,"Wavefronts",40960.000000,15392884243475,15392891960820
26990,98054,"Agent 2",1,1137476,1137476,1310720,84,"ullm_cached_prefix_attn_f32_flash2_kernel",256,1536,0,24,0,128,"FETCH_SIZE",0.00000000e+00,15392910794637,15392918542822
26990,98054,"Agent 2",1,1137476,1137476,1310720,84,"ullm_cached_prefix_attn_f32_flash2_kernel",256,1536,0,24,0,128,"VALUInsts",0.00000000e+00,15392910794637,15392918542822
26990,98054,"Agent 2",1,1137476,1137476,1310720,84,"ullm_cached_prefix_attn_f32_flash2_kernel",256,1536,0,24,0,128,"Wavefronts",40960.000000,15392910794637,15392918542822
26990,98467,"Agent 2",1,1137476,1137476,1310720,84,"ullm_cached_prefix_attn_f32_flash2_kernel",256,1536,0,24,0,128,"FETCH_SIZE",0.00000000e+00,15392938456917,15392946294344
26990,98467,"Agent 2",1,1137476,1137476,1310720,84,"ullm_cached_prefix_attn_f32_flash2_kernel",256,1536,0,24,0,128,"VALUInsts",0.00000000e+00,15392938456917,15392946294344
26990,98467,"Agent 2",1,1137476,1137476,1310720,84,"ullm_cached_prefix_attn_f32_flash2_kernel",256,1536,0,24,0,128,"Wavefronts",40960.000000,15392938456917,15392946294344
26990,98880,"Agent 2",1,1137476,1137476,1310720,84,"ullm_cached_prefix_attn_f32_flash2_kernel",256,1536,0,24,0,128,"FETCH_SIZE",0.00000000e+00,15392965421645,15392973178351
26990,98880,"Agent 2",1,1137476,1137476,1310720,84,"ullm_cached_prefix_attn_f32_flash2_kernel",256,1536,0,24,0,128,"VALUInsts",0.00000000e+00,15392965421645,15392973178351
26990,98880,"Agent 2",1,1137476,1137476,1310720,84,"ullm_cached_prefix_attn_f32_flash2_kernel",256,1536,0,24,0,128,"Wavefronts",40960.000000,15392965421645,15392973178351
26990,99293,"Agent 2",1,1137476,1137476,1310720,84,"ullm_cached_prefix_attn_f32_flash2_kernel",256,1536,0,24,0,128,"FETCH_SIZE",0.00000000e+00,15392992841021,15393000551646
26990,99293,"Agent 2",1,1137476,1137476,1310720,84,"ullm_cached_prefix_attn_f32_flash2_kernel",256,1536,0,24,0,128,"VALUInsts",0.00000000e+00,15392992841021,15393000551646
26990,99293,"Agent 2",1,1137476,1137476,1310720,84,"ullm_cached_prefix_attn_f32_flash2_kernel",256,1536,0,24,0,128,"Wavefronts",40960.000000,15392992841021,15393000551646
26990,99706,"Agent 2",1,1137476,1137476,1310720,84,"ullm_cached_prefix_attn_f32_flash2_kernel",256,1536,0,24,0,128,"FETCH_SIZE",0.00000000e+00,15393021725575,15393029465241
26990,99706,"Agent 2",1,1137476,1137476,1310720,84,"ullm_cached_prefix_attn_f32_flash2_kernel",256,1536,0,24,0,128,"VALUInsts",0.00000000e+00,15393021725575,15393029465241
26990,99706,"Agent 2",1,1137476,1137476,1310720,84,"ullm_cached_prefix_attn_f32_flash2_kernel",256,1536,0,24,0,128,"Wavefronts",40960.000000,15393021725575,15393029465241
26990,100119,"Agent 2",1,1137476,1137476,1310720,84,"ullm_cached_prefix_attn_f32_flash2_kernel",256,1536,0,24,0,128,"FETCH_SIZE",0.00000000e+00,15393053988417,15393061696402
26990,100119,"Agent 2",1,1137476,1137476,1310720,84,"ullm_cached_prefix_attn_f32_flash2_kernel",256,1536,0,24,0,128,"VALUInsts",0.00000000e+00,15393053988417,15393061696402
26990,100119,"Agent 2",1,1137476,1137476,1310720,84,"ullm_cached_prefix_attn_f32_flash2_kernel",256,1536,0,24,0,128,"Wavefronts",40960.000000,15393053988417,15393061696402
26990,100532,"Agent 2",1,1137476,1137476,1310720,84,"ullm_cached_prefix_attn_f32_flash2_kernel",256,1536,0,24,0,128,"FETCH_SIZE",0.00000000e+00,15393085434246,15393093148431
26990,100532,"Agent 2",1,1137476,1137476,1310720,84,"ullm_cached_prefix_attn_f32_flash2_kernel",256,1536,0,24,0,128,"VALUInsts",0.00000000e+00,15393085434246,15393093148431
26990,100532,"Agent 2",1,1137476,1137476,1310720,84,"ullm_cached_prefix_attn_f32_flash2_kernel",256,1536,0,24,0,128,"Wavefronts",40960.000000,15393085434246,15393093148431
26990,100945,"Agent 2",1,1137476,1137476,1310720,84,"ullm_cached_prefix_attn_f32_flash2_kernel",256,1536,0,24,0,128,"FETCH_SIZE",0.00000000e+00,15393117098900,15393124875446
26990,100945,"Agent 2",1,1137476,1137476,1310720,84,"ullm_cached_prefix_attn_f32_flash2_kernel",256,1536,0,24,0,128,"VALUInsts",0.00000000e+00,15393117098900,15393124875446
26990,100945,"Agent 2",1,1137476,1137476,1310720,84,"ullm_cached_prefix_attn_f32_flash2_kernel",256,1536,0,24,0,128,"Wavefronts",40960.000000,15393117098900,15393124875446
26990,101358,"Agent 2",1,1137476,1137476,1310720,84,"ullm_cached_prefix_attn_f32_flash2_kernel",256,1536,0,24,0,128,"FETCH_SIZE",0.00000000e+00,15393148125923,15393155893669
26990,101358,"Agent 2",1,1137476,1137476,1310720,84,"ullm_cached_prefix_attn_f32_flash2_kernel",256,1536,0,24,0,128,"VALUInsts",0.00000000e+00,15393148125923,15393155893669
26990,101358,"Agent 2",1,1137476,1137476,1310720,84,"ullm_cached_prefix_attn_f32_flash2_kernel",256,1536,0,24,0,128,"Wavefronts",40960.000000,15393148125923,15393155893669
26990,101771,"Agent 2",1,1137476,1137476,1310720,84,"ullm_cached_prefix_attn_f32_flash2_kernel",256,1536,0,24,0,128,"FETCH_SIZE",0.00000000e+00,15393178872835,15393186583780
26990,101771,"Agent 2",1,1137476,1137476,1310720,84,"ullm_cached_prefix_attn_f32_flash2_kernel",256,1536,0,24,0,128,"VALUInsts",0.00000000e+00,15393178872835,15393186583780
26990,101771,"Agent 2",1,1137476,1137476,1310720,84,"ullm_cached_prefix_attn_f32_flash2_kernel",256,1536,0,24,0,128,"Wavefronts",40960.000000,15393178872835,15393186583780
26990,102184,"Agent 2",1,1137476,1137476,1310720,84,"ullm_cached_prefix_attn_f32_flash2_kernel",256,1536,0,24,0,128,"FETCH_SIZE",0.00000000e+00,15393214885766,15393222640152
26990,102184,"Agent 2",1,1137476,1137476,1310720,84,"ullm_cached_prefix_attn_f32_flash2_kernel",256,1536,0,24,0,128,"VALUInsts",0.00000000e+00,15393214885766,15393222640152
26990,102184,"Agent 2",1,1137476,1137476,1310720,84,"ullm_cached_prefix_attn_f32_flash2_kernel",256,1536,0,24,0,128,"Wavefronts",40960.000000,15393214885766,15393222640152
26990,102597,"Agent 2",1,1137476,1137476,1310720,84,"ullm_cached_prefix_attn_f32_flash2_kernel",256,1536,0,24,0,128,"FETCH_SIZE",0.00000000e+00,15393246910005,15393254626990
26990,102597,"Agent 2",1,1137476,1137476,1310720,84,"ullm_cached_prefix_attn_f32_flash2_kernel",256,1536,0,24,0,128,"VALUInsts",0.00000000e+00,15393246910005,15393254626990
26990,102597,"Agent 2",1,1137476,1137476,1310720,84,"ullm_cached_prefix_attn_f32_flash2_kernel",256,1536,0,24,0,128,"Wavefronts",40960.000000,15393246910005,15393254626990
26990,103010,"Agent 2",1,1137476,1137476,1310720,84,"ullm_cached_prefix_attn_f32_flash2_kernel",256,1536,0,24,0,128,"FETCH_SIZE",0.00000000e+00,15393279834734,15393287593760
26990,103010,"Agent 2",1,1137476,1137476,1310720,84,"ullm_cached_prefix_attn_f32_flash2_kernel",256,1536,0,24,0,128,"VALUInsts",0.00000000e+00,15393279834734,15393287593760
26990,103010,"Agent 2",1,1137476,1137476,1310720,84,"ullm_cached_prefix_attn_f32_flash2_kernel",256,1536,0,24,0,128,"Wavefronts",40960.000000,15393279834734,15393287593760
26990,103423,"Agent 2",1,1137476,1137476,1310720,84,"ullm_cached_prefix_attn_f32_flash2_kernel",256,1536,0,24,0,128,"FETCH_SIZE",0.00000000e+00,15393309068404,15393316837630
26990,103423,"Agent 2",1,1137476,1137476,1310720,84,"ullm_cached_prefix_attn_f32_flash2_kernel",256,1536,0,24,0,128,"VALUInsts",0.00000000e+00,15393309068404,15393316837630
26990,103423,"Agent 2",1,1137476,1137476,1310720,84,"ullm_cached_prefix_attn_f32_flash2_kernel",256,1536,0,24,0,128,"Wavefronts",40960.000000,15393309068404,15393316837630
26990,103836,"Agent 2",1,1137476,1137476,1310720,84,"ullm_cached_prefix_attn_f32_flash2_kernel",256,1536,0,24,0,128,"FETCH_SIZE",0.00000000e+00,15393337954718,15393345728664
26990,103836,"Agent 2",1,1137476,1137476,1310720,84,"ullm_cached_prefix_attn_f32_flash2_kernel",256,1536,0,24,0,128,"VALUInsts",0.00000000e+00,15393337954718,15393345728664
26990,103836,"Agent 2",1,1137476,1137476,1310720,84,"ullm_cached_prefix_attn_f32_flash2_kernel",256,1536,0,24,0,128,"Wavefronts",40960.000000,15393337954718,15393345728664
26990,104249,"Agent 2",1,1137476,1137476,1310720,84,"ullm_cached_prefix_attn_f32_flash2_kernel",256,1536,0,24,0,128,"FETCH_SIZE",0.00000000e+00,15393367700016,15393375464242
26990,104249,"Agent 2",1,1137476,1137476,1310720,84,"ullm_cached_prefix_attn_f32_flash2_kernel",256,1536,0,24,0,128,"VALUInsts",0.00000000e+00,15393367700016,15393375464242
26990,104249,"Agent 2",1,1137476,1137476,1310720,84,"ullm_cached_prefix_attn_f32_flash2_kernel",256,1536,0,24,0,128,"Wavefronts",40960.000000,15393367700016,15393375464242
26990,104662,"Agent 2",1,1137476,1137476,1310720,84,"ullm_cached_prefix_attn_f32_flash2_kernel",256,1536,0,24,0,128,"FETCH_SIZE",0.00000000e+00,15393396935814,15393404655680
26990,104662,"Agent 2",1,1137476,1137476,1310720,84,"ullm_cached_prefix_attn_f32_flash2_kernel",256,1536,0,24,0,128,"VALUInsts",0.00000000e+00,15393396935814,15393404655680
26990,104662,"Agent 2",1,1137476,1137476,1310720,84,"ullm_cached_prefix_attn_f32_flash2_kernel",256,1536,0,24,0,128,"Wavefronts",40960.000000,15393396935814,15393404655680
26990,105075,"Agent 2",1,1137476,1137476,1310720,84,"ullm_cached_prefix_attn_f32_flash2_kernel",256,1536,0,24,0,128,"FETCH_SIZE",0.00000000e+00,15393425442165,15393433245632
26990,105075,"Agent 2",1,1137476,1137476,1310720,84,"ullm_cached_prefix_attn_f32_flash2_kernel",256,1536,0,24,0,128,"VALUInsts",0.00000000e+00,15393425442165,15393433245632
26990,105075,"Agent 2",1,1137476,1137476,1310720,84,"ullm_cached_prefix_attn_f32_flash2_kernel",256,1536,0,24,0,128,"Wavefronts",40960.000000,15393425442165,15393433245632
26990,105488,"Agent 2",1,1137476,1137476,1310720,84,"ullm_cached_prefix_attn_f32_flash2_kernel",256,1536,0,24,0,128,"FETCH_SIZE",0.00000000e+00,15393459559711,15393467368617
26990,105488,"Agent 2",1,1137476,1137476,1310720,84,"ullm_cached_prefix_attn_f32_flash2_kernel",256,1536,0,24,0,128,"VALUInsts",0.00000000e+00,15393459559711,15393467368617
26990,105488,"Agent 2",1,1137476,1137476,1310720,84,"ullm_cached_prefix_attn_f32_flash2_kernel",256,1536,0,24,0,128,"Wavefronts",40960.000000,15393459559711,15393467368617
26990,105901,"Agent 2",1,1137476,1137476,1310720,84,"ullm_cached_prefix_attn_f32_flash2_kernel",256,1536,0,24,0,128,"FETCH_SIZE",0.00000000e+00,15393493169921,15393500961067
26990,105901,"Agent 2",1,1137476,1137476,1310720,84,"ullm_cached_prefix_attn_f32_flash2_kernel",256,1536,0,24,0,128,"VALUInsts",0.00000000e+00,15393493169921,15393500961067
26990,105901,"Agent 2",1,1137476,1137476,1310720,84,"ullm_cached_prefix_attn_f32_flash2_kernel",256,1536,0,24,0,128,"Wavefronts",40960.000000,15393493169921,15393500961067
26990,106314,"Agent 2",1,1137476,1137476,1310720,84,"ullm_cached_prefix_attn_f32_flash2_kernel",256,1536,0,24,0,128,"FETCH_SIZE",0.00000000e+00,15393528558604,15393536285589
26990,106314,"Agent 2",1,1137476,1137476,1310720,84,"ullm_cached_prefix_attn_f32_flash2_kernel",256,1536,0,24,0,128,"VALUInsts",0.00000000e+00,15393528558604,15393536285589
26990,106314,"Agent 2",1,1137476,1137476,1310720,84,"ullm_cached_prefix_attn_f32_flash2_kernel",256,1536,0,24,0,128,"Wavefronts",40960.000000,15393528558604,15393536285589
26990,106727,"Agent 2",1,1137476,1137476,1310720,84,"ullm_cached_prefix_attn_f32_flash2_kernel",256,1536,0,24,0,128,"FETCH_SIZE",0.00000000e+00,15393563431143,15393571251410
26990,106727,"Agent 2",1,1137476,1137476,1310720,84,"ullm_cached_prefix_attn_f32_flash2_kernel",256,1536,0,24,0,128,"VALUInsts",0.00000000e+00,15393563431143,15393571251410
26990,106727,"Agent 2",1,1137476,1137476,1310720,84,"ullm_cached_prefix_attn_f32_flash2_kernel",256,1536,0,24,0,128,"Wavefronts",40960.000000,15393563431143,15393571251410
26990,107140,"Agent 2",1,1137476,1137476,1310720,84,"ullm_cached_prefix_attn_f32_flash2_kernel",256,1536,0,24,0,128,"FETCH_SIZE",0.00000000e+00,15393598972588,15393606727893
26990,107140,"Agent 2",1,1137476,1137476,1310720,84,"ullm_cached_prefix_attn_f32_flash2_kernel",256,1536,0,24,0,128,"VALUInsts",0.00000000e+00,15393598972588,15393606727893
26990,107140,"Agent 2",1,1137476,1137476,1310720,84,"ullm_cached_prefix_attn_f32_flash2_kernel",256,1536,0,24,0,128,"Wavefronts",40960.000000,15393598972588,15393606727893
26990,107553,"Agent 2",1,1137476,1137476,1310720,84,"ullm_cached_prefix_attn_f32_flash2_kernel",256,1536,0,24,0,128,"FETCH_SIZE",0.00000000e+00,15393630945256,15393638726882
26990,107553,"Agent 2",1,1137476,1137476,1310720,84,"ullm_cached_prefix_attn_f32_flash2_kernel",256,1536,0,24,0,128,"VALUInsts",0.00000000e+00,15393630945256,15393638726882
26990,107553,"Agent 2",1,1137476,1137476,1310720,84,"ullm_cached_prefix_attn_f32_flash2_kernel",256,1536,0,24,0,128,"Wavefronts",40960.000000,15393630945256,15393638726882
26990,107966,"Agent 2",1,1137476,1137476,1310720,84,"ullm_cached_prefix_attn_f32_flash2_kernel",256,1536,0,24,0,128,"FETCH_SIZE",0.00000000e+00,15393662537487,15393670250512
26990,107966,"Agent 2",1,1137476,1137476,1310720,84,"ullm_cached_prefix_attn_f32_flash2_kernel",256,1536,0,24,0,128,"VALUInsts",0.00000000e+00,15393662537487,15393670250512
26990,107966,"Agent 2",1,1137476,1137476,1310720,84,"ullm_cached_prefix_attn_f32_flash2_kernel",256,1536,0,24,0,128,"Wavefronts",40960.000000,15393662537487,15393670250512
26990,108379,"Agent 2",1,1137476,1137476,1310720,84,"ullm_cached_prefix_attn_f32_flash2_kernel",256,1536,0,24,0,128,"FETCH_SIZE",0.00000000e+00,15393694294415,15393702016600
26990,108379,"Agent 2",1,1137476,1137476,1310720,84,"ullm_cached_prefix_attn_f32_flash2_kernel",256,1536,0,24,0,128,"VALUInsts",0.00000000e+00,15393694294415,15393702016600
26990,108379,"Agent 2",1,1137476,1137476,1310720,84,"ullm_cached_prefix_attn_f32_flash2_kernel",256,1536,0,24,0,128,"Wavefronts",40960.000000,15393694294415,15393702016600
26990,108792,"Agent 2",1,1137476,1137476,1310720,84,"ullm_cached_prefix_attn_f32_flash2_kernel",256,1536,0,24,0,128,"FETCH_SIZE",0.00000000e+00,15393725669403,15393733381068
26990,108792,"Agent 2",1,1137476,1137476,1310720,84,"ullm_cached_prefix_attn_f32_flash2_kernel",256,1536,0,24,0,128,"VALUInsts",0.00000000e+00,15393725669403,15393733381068
26990,108792,"Agent 2",1,1137476,1137476,1310720,84,"ullm_cached_prefix_attn_f32_flash2_kernel",256,1536,0,24,0,128,"Wavefronts",40960.000000,15393725669403,15393733381068
26990,109205,"Agent 2",1,1137476,1137476,1310720,84,"ullm_cached_prefix_attn_f32_flash2_kernel",256,1536,0,24,0,128,"FETCH_SIZE",0.00000000e+00,15393757006872,15393764776098
26990,109205,"Agent 2",1,1137476,1137476,1310720,84,"ullm_cached_prefix_attn_f32_flash2_kernel",256,1536,0,24,0,128,"VALUInsts",0.00000000e+00,15393757006872,15393764776098
26990,109205,"Agent 2",1,1137476,1137476,1310720,84,"ullm_cached_prefix_attn_f32_flash2_kernel",256,1536,0,24,0,128,"Wavefronts",40960.000000,15393757006872,15393764776098
26990,109618,"Agent 2",1,1137476,1137476,1310720,84,"ullm_cached_prefix_attn_f32_flash2_kernel",256,1536,0,24,0,128,"FETCH_SIZE",0.00000000e+00,15393788917674,15393796655700
26990,109618,"Agent 2",1,1137476,1137476,1310720,84,"ullm_cached_prefix_attn_f32_flash2_kernel",256,1536,0,24,0,128,"VALUInsts",0.00000000e+00,15393788917674,15393796655700
26990,109618,"Agent 2",1,1137476,1137476,1310720,84,"ullm_cached_prefix_attn_f32_flash2_kernel",256,1536,0,24,0,128,"Wavefronts",40960.000000,15393788917674,15393796655700
26990,110031,"Agent 2",1,1137476,1137476,1310720,84,"ullm_cached_prefix_attn_f32_flash2_kernel",256,1536,0,24,0,128,"FETCH_SIZE",0.00000000e+00,15393817432142,15393825216928
26990,110031,"Agent 2",1,1137476,1137476,1310720,84,"ullm_cached_prefix_attn_f32_flash2_kernel",256,1536,0,24,0,128,"VALUInsts",0.00000000e+00,15393817432142,15393825216928
26990,110031,"Agent 2",1,1137476,1137476,1310720,84,"ullm_cached_prefix_attn_f32_flash2_kernel",256,1536,0,24,0,128,"Wavefronts",40960.000000,15393817432142,15393825216928
26990,110444,"Agent 2",1,1137476,1137476,1310720,84,"ullm_cached_prefix_attn_f32_flash2_kernel",256,1536,0,24,0,128,"FETCH_SIZE",0.00000000e+00,15393880940120,15393888634665
26990,110444,"Agent 2",1,1137476,1137476,1310720,84,"ullm_cached_prefix_attn_f32_flash2_kernel",256,1536,0,24,0,128,"VALUInsts",0.00000000e+00,15393880940120,15393888634665
26990,110444,"Agent 2",1,1137476,1137476,1310720,84,"ullm_cached_prefix_attn_f32_flash2_kernel",256,1536,0,24,0,128,"Wavefronts",40960.000000,15393880940120,15393888634665
26990,110857,"Agent 2",1,1137476,1137476,1310720,84,"ullm_cached_prefix_attn_f32_flash2_kernel",256,1536,0,24,0,128,"FETCH_SIZE",0.00000000e+00,15393934137298,15393941897684
26990,110857,"Agent 2",1,1137476,1137476,1310720,84,"ullm_cached_prefix_attn_f32_flash2_kernel",256,1536,0,24,0,128,"VALUInsts",0.00000000e+00,15393934137298,15393941897684
26990,110857,"Agent 2",1,1137476,1137476,1310720,84,"ullm_cached_prefix_attn_f32_flash2_kernel",256,1536,0,24,0,128,"Wavefronts",40960.000000,15393934137298,15393941897684
26990,111527,"Agent 2",1,1137476,1137476,1310720,84,"ullm_cached_prefix_attn_f32_flash2_kernel",256,1536,0,24,0,128,"FETCH_SIZE",0.00000000e+00,15393959935230,15393969357198
26990,111527,"Agent 2",1,1137476,1137476,1310720,84,"ullm_cached_prefix_attn_f32_flash2_kernel",256,1536,0,24,0,128,"VALUInsts",0.00000000e+00,15393959935230,15393969357198
26990,111527,"Agent 2",1,1137476,1137476,1310720,84,"ullm_cached_prefix_attn_f32_flash2_kernel",256,1536,0,24,0,128,"Wavefronts",40960.000000,15393959935230,15393969357198
26990,111940,"Agent 2",1,1137476,1137476,1310720,84,"ullm_cached_prefix_attn_f32_flash2_kernel",256,1536,0,24,0,128,"FETCH_SIZE",0.00000000e+00,15394023111063,15394032537432
26990,111940,"Agent 2",1,1137476,1137476,1310720,84,"ullm_cached_prefix_attn_f32_flash2_kernel",256,1536,0,24,0,128,"VALUInsts",0.00000000e+00,15394023111063,15394032537432
26990,111940,"Agent 2",1,1137476,1137476,1310720,84,"ullm_cached_prefix_attn_f32_flash2_kernel",256,1536,0,24,0,128,"Wavefronts",40960.000000,15394023111063,15394032537432
26990,112353,"Agent 2",1,1137476,1137476,1310720,84,"ullm_cached_prefix_attn_f32_flash2_kernel",256,1536,0,24,0,128,"FETCH_SIZE",0.00000000e+00,15394058845483,15394068265892
26990,112353,"Agent 2",1,1137476,1137476,1310720,84,"ullm_cached_prefix_attn_f32_flash2_kernel",256,1536,0,24,0,128,"VALUInsts",0.00000000e+00,15394058845483,15394068265892
26990,112353,"Agent 2",1,1137476,1137476,1310720,84,"ullm_cached_prefix_attn_f32_flash2_kernel",256,1536,0,24,0,128,"Wavefronts",40960.000000,15394058845483,15394068265892
26990,112766,"Agent 2",1,1137476,1137476,1310720,84,"ullm_cached_prefix_attn_f32_flash2_kernel",256,1536,0,24,0,128,"FETCH_SIZE",0.00000000e+00,15394087948880,15394097392969
26990,112766,"Agent 2",1,1137476,1137476,1310720,84,"ullm_cached_prefix_attn_f32_flash2_kernel",256,1536,0,24,0,128,"VALUInsts",0.00000000e+00,15394087948880,15394097392969
26990,112766,"Agent 2",1,1137476,1137476,1310720,84,"ullm_cached_prefix_attn_f32_flash2_kernel",256,1536,0,24,0,128,"Wavefronts",40960.000000,15394087948880,15394097392969
26990,113179,"Agent 2",1,1137476,1137476,1310720,84,"ullm_cached_prefix_attn_f32_flash2_kernel",256,1536,0,24,0,128,"FETCH_SIZE",0.00000000e+00,15394117186930,15394126698900
26990,113179,"Agent 2",1,1137476,1137476,1310720,84,"ullm_cached_prefix_attn_f32_flash2_kernel",256,1536,0,24,0,128,"VALUInsts",0.00000000e+00,15394117186930,15394126698900
26990,113179,"Agent 2",1,1137476,1137476,1310720,84,"ullm_cached_prefix_attn_f32_flash2_kernel",256,1536,0,24,0,128,"Wavefronts",40960.000000,15394117186930,15394126698900
26990,113592,"Agent 2",1,1137476,1137476,1310720,84,"ullm_cached_prefix_attn_f32_flash2_kernel",256,1536,0,24,0,128,"FETCH_SIZE",0.00000000e+00,15394145959322,15394155344050
26990,113592,"Agent 2",1,1137476,1137476,1310720,84,"ullm_cached_prefix_attn_f32_flash2_kernel",256,1536,0,24,0,128,"VALUInsts",0.00000000e+00,15394145959322,15394155344050
26990,113592,"Agent 2",1,1137476,1137476,1310720,84,"ullm_cached_prefix_attn_f32_flash2_kernel",256,1536,0,24,0,128,"Wavefronts",40960.000000,15394145959322,15394155344050
26990,114005,"Agent 2",1,1137476,1137476,1310720,84,"ullm_cached_prefix_attn_f32_flash2_kernel",256,1536,0,24,0,128,"FETCH_SIZE",0.00000000e+00,15394174881330,15394184299258
26990,114005,"Agent 2",1,1137476,1137476,1310720,84,"ullm_cached_prefix_attn_f32_flash2_kernel",256,1536,0,24,0,128,"VALUInsts",0.00000000e+00,15394174881330,15394184299258
26990,114005,"Agent 2",1,1137476,1137476,1310720,84,"ullm_cached_prefix_attn_f32_flash2_kernel",256,1536,0,24,0,128,"Wavefronts",40960.000000,15394174881330,15394184299258
26990,114418,"Agent 2",1,1137476,1137476,1310720,84,"ullm_cached_prefix_attn_f32_flash2_kernel",256,1536,0,24,0,128,"FETCH_SIZE",0.00000000e+00,15394205956353,15394215425802
26990,114418,"Agent 2",1,1137476,1137476,1310720,84,"ullm_cached_prefix_attn_f32_flash2_kernel",256,1536,0,24,0,128,"VALUInsts",0.00000000e+00,15394205956353,15394215425802
26990,114418,"Agent 2",1,1137476,1137476,1310720,84,"ullm_cached_prefix_attn_f32_flash2_kernel",256,1536,0,24,0,128,"Wavefronts",40960.000000,15394205956353,15394215425802
26990,114831,"Agent 2",1,1137476,1137476,1310720,84,"ullm_cached_prefix_attn_f32_flash2_kernel",256,1536,0,24,0,128,"FETCH_SIZE",0.00000000e+00,15394240976403,15394250428892
26990,114831,"Agent 2",1,1137476,1137476,1310720,84,"ullm_cached_prefix_attn_f32_flash2_kernel",256,1536,0,24,0,128,"VALUInsts",0.00000000e+00,15394240976403,15394250428892
26990,114831,"Agent 2",1,1137476,1137476,1310720,84,"ullm_cached_prefix_attn_f32_flash2_kernel",256,1536,0,24,0,128,"Wavefronts",40960.000000,15394240976403,15394250428892
26990,115244,"Agent 2",1,1137476,1137476,1310720,84,"ullm_cached_prefix_attn_f32_flash2_kernel",256,1536,0,24,0,128,"FETCH_SIZE",0.00000000e+00,15394278086949,15394287528758
26990,115244,"Agent 2",1,1137476,1137476,1310720,84,"ullm_cached_prefix_attn_f32_flash2_kernel",256,1536,0,24,0,128,"VALUInsts",0.00000000e+00,15394278086949,15394287528758
26990,115244,"Agent 2",1,1137476,1137476,1310720,84,"ullm_cached_prefix_attn_f32_flash2_kernel",256,1536,0,24,0,128,"Wavefronts",40960.000000,15394278086949,15394287528758
26990,115657,"Agent 2",1,1137476,1137476,1310720,84,"ullm_cached_prefix_attn_f32_flash2_kernel",256,1536,0,24,0,128,"FETCH_SIZE",0.00000000e+00,15394314206603,15394323702813
26990,115657,"Agent 2",1,1137476,1137476,1310720,84,"ullm_cached_prefix_attn_f32_flash2_kernel",256,1536,0,24,0,128,"VALUInsts",0.00000000e+00,15394314206603,15394323702813
26990,115657,"Agent 2",1,1137476,1137476,1310720,84,"ullm_cached_prefix_attn_f32_flash2_kernel",256,1536,0,24,0,128,"Wavefronts",40960.000000,15394314206603,15394323702813
26990,116070,"Agent 2",1,1137476,1137476,1310720,84,"ullm_cached_prefix_attn_f32_flash2_kernel",256,1536,0,24,0,128,"FETCH_SIZE",0.00000000e+00,15394350860048,15394360317977
26990,116070,"Agent 2",1,1137476,1137476,1310720,84,"ullm_cached_prefix_attn_f32_flash2_kernel",256,1536,0,24,0,128,"VALUInsts",0.00000000e+00,15394350860048,15394360317977
26990,116070,"Agent 2",1,1137476,1137476,1310720,84,"ullm_cached_prefix_attn_f32_flash2_kernel",256,1536,0,24,0,128,"Wavefronts",40960.000000,15394350860048,15394360317977
26990,116483,"Agent 2",1,1137476,1137476,1310720,84,"ullm_cached_prefix_attn_f32_flash2_kernel",256,1536,0,24,0,128,"FETCH_SIZE",0.00000000e+00,15394385974325,15394395484575
26990,116483,"Agent 2",1,1137476,1137476,1310720,84,"ullm_cached_prefix_attn_f32_flash2_kernel",256,1536,0,24,0,128,"VALUInsts",0.00000000e+00,15394385974325,15394395484575
26990,116483,"Agent 2",1,1137476,1137476,1310720,84,"ullm_cached_prefix_attn_f32_flash2_kernel",256,1536,0,24,0,128,"Wavefronts",40960.000000,15394385974325,15394395484575
26990,116896,"Agent 2",1,1137476,1137476,1310720,84,"ullm_cached_prefix_attn_f32_flash2_kernel",256,1536,0,24,0,128,"FETCH_SIZE",0.00000000e+00,15394425037810,15394434487499
26990,116896,"Agent 2",1,1137476,1137476,1310720,84,"ullm_cached_prefix_attn_f32_flash2_kernel",256,1536,0,24,0,128,"VALUInsts",0.00000000e+00,15394425037810,15394434487499
26990,116896,"Agent 2",1,1137476,1137476,1310720,84,"ullm_cached_prefix_attn_f32_flash2_kernel",256,1536,0,24,0,128,"Wavefronts",40960.000000,15394425037810,15394434487499
26990,117309,"Agent 2",1,1137476,1137476,1310720,84,"ullm_cached_prefix_attn_f32_flash2_kernel",256,1536,0,24,0,128,"FETCH_SIZE",0.00000000e+00,15394461616429,15394471095078
26990,117309,"Agent 2",1,1137476,1137476,1310720,84,"ullm_cached_prefix_attn_f32_flash2_kernel",256,1536,0,24,0,128,"VALUInsts",0.00000000e+00,15394461616429,15394471095078
26990,117309,"Agent 2",1,1137476,1137476,1310720,84,"ullm_cached_prefix_attn_f32_flash2_kernel",256,1536,0,24,0,128,"Wavefronts",40960.000000,15394461616429,15394471095078
26990,117722,"Agent 2",1,1137476,1137476,1310720,84,"ullm_cached_prefix_attn_f32_flash2_kernel",256,1536,0,24,0,128,"FETCH_SIZE",0.00000000e+00,15394501695788,15394511164318
26990,117722,"Agent 2",1,1137476,1137476,1310720,84,"ullm_cached_prefix_attn_f32_flash2_kernel",256,1536,0,24,0,128,"VALUInsts",0.00000000e+00,15394501695788,15394511164318
26990,117722,"Agent 2",1,1137476,1137476,1310720,84,"ullm_cached_prefix_attn_f32_flash2_kernel",256,1536,0,24,0,128,"Wavefronts",40960.000000,15394501695788,15394511164318
26990,118135,"Agent 2",1,1137476,1137476,1310720,84,"ullm_cached_prefix_attn_f32_flash2_kernel",256,1536,0,24,0,128,"FETCH_SIZE",0.00000000e+00,15394542058755,15394551485524
26990,118135,"Agent 2",1,1137476,1137476,1310720,84,"ullm_cached_prefix_attn_f32_flash2_kernel",256,1536,0,24,0,128,"VALUInsts",0.00000000e+00,15394542058755,15394551485524
26990,118135,"Agent 2",1,1137476,1137476,1310720,84,"ullm_cached_prefix_attn_f32_flash2_kernel",256,1536,0,24,0,128,"Wavefronts",40960.000000,15394542058755,15394551485524
26990,118548,"Agent 2",1,1137476,1137476,1310720,84,"ullm_cached_prefix_attn_f32_flash2_kernel",256,1536,0,24,0,128,"FETCH_SIZE",0.00000000e+00,15394583118074,15394592571003
26990,118548,"Agent 2",1,1137476,1137476,1310720,84,"ullm_cached_prefix_attn_f32_flash2_kernel",256,1536,0,24,0,128,"VALUInsts",0.00000000e+00,15394583118074,15394592571003
26990,118548,"Agent 2",1,1137476,1137476,1310720,84,"ullm_cached_prefix_attn_f32_flash2_kernel",256,1536,0,24,0,128,"Wavefronts",40960.000000,15394583118074,15394592571003
26990,118961,"Agent 2",1,1137476,1137476,1310720,84,"ullm_cached_prefix_attn_f32_flash2_kernel",256,1536,0,24,0,128,"FETCH_SIZE",0.00000000e+00,15394622060047,15394631502336
26990,118961,"Agent 2",1,1137476,1137476,1310720,84,"ullm_cached_prefix_attn_f32_flash2_kernel",256,1536,0,24,0,128,"VALUInsts",0.00000000e+00,15394622060047,15394631502336
26990,118961,"Agent 2",1,1137476,1137476,1310720,84,"ullm_cached_prefix_attn_f32_flash2_kernel",256,1536,0,24,0,128,"Wavefronts",40960.000000,15394622060047,15394631502336
26990,119374,"Agent 2",1,1137476,1137476,1310720,84,"ullm_cached_prefix_attn_f32_flash2_kernel",256,1536,0,24,0,128,"FETCH_SIZE",0.00000000e+00,15394662387557,15394671855726
26990,119374,"Agent 2",1,1137476,1137476,1310720,84,"ullm_cached_prefix_attn_f32_flash2_kernel",256,1536,0,24,0,128,"VALUInsts",0.00000000e+00,15394662387557,15394671855726
26990,119374,"Agent 2",1,1137476,1137476,1310720,84,"ullm_cached_prefix_attn_f32_flash2_kernel",256,1536,0,24,0,128,"Wavefronts",40960.000000,15394662387557,15394671855726
26990,119787,"Agent 2",1,1137476,1137476,1310720,84,"ullm_cached_prefix_attn_f32_flash2_kernel",256,1536,0,24,0,128,"FETCH_SIZE",0.00000000e+00,15394704805718,15394714276447
26990,119787,"Agent 2",1,1137476,1137476,1310720,84,"ullm_cached_prefix_attn_f32_flash2_kernel",256,1536,0,24,0,128,"VALUInsts",0.00000000e+00,15394704805718,15394714276447
26990,119787,"Agent 2",1,1137476,1137476,1310720,84,"ullm_cached_prefix_attn_f32_flash2_kernel",256,1536,0,24,0,128,"Wavefronts",40960.000000,15394704805718,15394714276447
26990,120200,"Agent 2",1,1137476,1137476,1310720,84,"ullm_cached_prefix_attn_f32_flash2_kernel",256,1536,0,24,0,128,"FETCH_SIZE",0.00000000e+00,15394745519246,15394754975934
26990,120200,"Agent 2",1,1137476,1137476,1310720,84,"ullm_cached_prefix_attn_f32_flash2_kernel",256,1536,0,24,0,128,"VALUInsts",0.00000000e+00,15394745519246,15394754975934
26990,120200,"Agent 2",1,1137476,1137476,1310720,84,"ullm_cached_prefix_attn_f32_flash2_kernel",256,1536,0,24,0,128,"Wavefronts",40960.000000,15394745519246,15394754975934
26990,120613,"Agent 2",1,1137476,1137476,1310720,84,"ullm_cached_prefix_attn_f32_flash2_kernel",256,1536,0,24,0,128,"FETCH_SIZE",0.00000000e+00,15394783634565,15394793086094
26990,120613,"Agent 2",1,1137476,1137476,1310720,84,"ullm_cached_prefix_attn_f32_flash2_kernel",256,1536,0,24,0,128,"VALUInsts",0.00000000e+00,15394783634565,15394793086094
26990,120613,"Agent 2",1,1137476,1137476,1310720,84,"ullm_cached_prefix_attn_f32_flash2_kernel",256,1536,0,24,0,128,"Wavefronts",40960.000000,15394783634565,15394793086094
26990,121026,"Agent 2",1,1137476,1137476,1310720,84,"ullm_cached_prefix_attn_f32_flash2_kernel",256,1536,0,24,0,128,"FETCH_SIZE",0.00000000e+00,15394823999618,15394833441947
26990,121026,"Agent 2",1,1137476,1137476,1310720,84,"ullm_cached_prefix_attn_f32_flash2_kernel",256,1536,0,24,0,128,"VALUInsts",0.00000000e+00,15394823999618,15394833441947
26990,121026,"Agent 2",1,1137476,1137476,1310720,84,"ullm_cached_prefix_attn_f32_flash2_kernel",256,1536,0,24,0,128,"Wavefronts",40960.000000,15394823999618,15394833441947
26990,121439,"Agent 2",1,1137476,1137476,1310720,84,"ullm_cached_prefix_attn_f32_flash2_kernel",256,1536,0,24,0,128,"FETCH_SIZE",0.00000000e+00,15394861377985,15394870887835
26990,121439,"Agent 2",1,1137476,1137476,1310720,84,"ullm_cached_prefix_attn_f32_flash2_kernel",256,1536,0,24,0,128,"VALUInsts",0.00000000e+00,15394861377985,15394870887835
26990,121439,"Agent 2",1,1137476,1137476,1310720,84,"ullm_cached_prefix_attn_f32_flash2_kernel",256,1536,0,24,0,128,"Wavefronts",40960.000000,15394861377985,15394870887835
26990,121852,"Agent 2",1,1137476,1137476,1310720,84,"ullm_cached_prefix_attn_f32_flash2_kernel",256,1536,0,24,0,128,"FETCH_SIZE",0.00000000e+00,15394902527265,15394912003514
26990,121852,"Agent 2",1,1137476,1137476,1310720,84,"ullm_cached_prefix_attn_f32_flash2_kernel",256,1536,0,24,0,128,"VALUInsts",0.00000000e+00,15394902527265,15394912003514
26990,121852,"Agent 2",1,1137476,1137476,1310720,84,"ullm_cached_prefix_attn_f32_flash2_kernel",256,1536,0,24,0,128,"Wavefronts",40960.000000,15394902527265,15394912003514
26990,122265,"Agent 2",1,1137476,1137476,1310720,84,"ullm_cached_prefix_attn_f32_flash2_kernel",256,1536,0,24,0,128,"FETCH_SIZE",0.00000000e+00,15394942595454,15394952075583
26990,122265,"Agent 2",1,1137476,1137476,1310720,84,"ullm_cached_prefix_attn_f32_flash2_kernel",256,1536,0,24,0,128,"VALUInsts",0.00000000e+00,15394942595454,15394952075583
26990,122265,"Agent 2",1,1137476,1137476,1310720,84,"ullm_cached_prefix_attn_f32_flash2_kernel",256,1536,0,24,0,128,"Wavefronts",40960.000000,15394942595454,15394952075583
26990,122678,"Agent 2",1,1137476,1137476,1310720,84,"ullm_cached_prefix_attn_f32_flash2_kernel",256,1536,0,24,0,128,"FETCH_SIZE",0.00000000e+00,15394984542265,15394994019035
26990,122678,"Agent 2",1,1137476,1137476,1310720,84,"ullm_cached_prefix_attn_f32_flash2_kernel",256,1536,0,24,0,128,"VALUInsts",0.00000000e+00,15394984542265,15394994019035
26990,122678,"Agent 2",1,1137476,1137476,1310720,84,"ullm_cached_prefix_attn_f32_flash2_kernel",256,1536,0,24,0,128,"Wavefronts",40960.000000,15394984542265,15394994019035
26990,123091,"Agent 2",1,1137476,1137476,1310720,84,"ullm_cached_prefix_attn_f32_flash2_kernel",256,1536,0,24,0,128,"FETCH_SIZE",0.00000000e+00,15395027150538,15395036649708
26990,123091,"Agent 2",1,1137476,1137476,1310720,84,"ullm_cached_prefix_attn_f32_flash2_kernel",256,1536,0,24,0,128,"VALUInsts",0.00000000e+00,15395027150538,15395036649708
26990,123091,"Agent 2",1,1137476,1137476,1310720,84,"ullm_cached_prefix_attn_f32_flash2_kernel",256,1536,0,24,0,128,"Wavefronts",40960.000000,15395027150538,15395036649708
26990,123504,"Agent 2",1,1137476,1137476,1310720,84,"ullm_cached_prefix_attn_f32_flash2_kernel",256,1536,0,24,0,128,"FETCH_SIZE",0.00000000e+00,15395068913581,15395078395630
26990,123504,"Agent 2",1,1137476,1137476,1310720,84,"ullm_cached_prefix_attn_f32_flash2_kernel",256,1536,0,24,0,128,"VALUInsts",0.00000000e+00,15395068913581,15395078395630
26990,123504,"Agent 2",1,1137476,1137476,1310720,84,"ullm_cached_prefix_attn_f32_flash2_kernel",256,1536,0,24,0,128,"Wavefronts",40960.000000,15395068913581,15395078395630
26990,123917,"Agent 2",1,1137476,1137476,1310720,84,"ullm_cached_prefix_attn_f32_flash2_kernel",256,1536,0,24,0,128,"FETCH_SIZE",0.00000000e+00,15395111668363,15395121130652
26990,123917,"Agent 2",1,1137476,1137476,1310720,84,"ullm_cached_prefix_attn_f32_flash2_kernel",256,1536,0,24,0,128,"VALUInsts",0.00000000e+00,15395111668363,15395121130652
26990,123917,"Agent 2",1,1137476,1137476,1310720,84,"ullm_cached_prefix_attn_f32_flash2_kernel",256,1536,0,24,0,128,"Wavefronts",40960.000000,15395111668363,15395121130652
26990,124330,"Agent 2",1,1137476,1137476,1310720,84,"ullm_cached_prefix_attn_f32_flash2_kernel",256,1536,0,24,0,128,"FETCH_SIZE",0.00000000e+00,15395153884802,15395163316171
26990,124330,"Agent 2",1,1137476,1137476,1310720,84,"ullm_cached_prefix_attn_f32_flash2_kernel",256,1536,0,24,0,128,"VALUInsts",0.00000000e+00,15395153884802,15395163316171
26990,124330,"Agent 2",1,1137476,1137476,1310720,84,"ullm_cached_prefix_attn_f32_flash2_kernel",256,1536,0,24,0,128,"Wavefronts",40960.000000,15395153884802,15395163316171
26990,124743,"Agent 2",1,1137476,1137476,1310720,84,"ullm_cached_prefix_attn_f32_flash2_kernel",256,1536,0,24,0,128,"FETCH_SIZE",0.00000000e+00,15395198090947,15395207530516
26990,124743,"Agent 2",1,1137476,1137476,1310720,84,"ullm_cached_prefix_attn_f32_flash2_kernel",256,1536,0,24,0,128,"VALUInsts",0.00000000e+00,15395198090947,15395207530516
26990,124743,"Agent 2",1,1137476,1137476,1310720,84,"ullm_cached_prefix_attn_f32_flash2_kernel",256,1536,0,24,0,128,"Wavefronts",40960.000000,15395198090947,15395207530516
26990,125156,"Agent 2",1,1137476,1137476,1310720,84,"ullm_cached_prefix_attn_f32_flash2_kernel",256,1536,0,24,0,128,"FETCH_SIZE",0.00000000e+00,15395242867473,15395252344922
26990,125156,"Agent 2",1,1137476,1137476,1310720,84,"ullm_cached_prefix_attn_f32_flash2_kernel",256,1536,0,24,0,128,"VALUInsts",0.00000000e+00,15395242867473,15395252344922
26990,125156,"Agent 2",1,1137476,1137476,1310720,84,"ullm_cached_prefix_attn_f32_flash2_kernel",256,1536,0,24,0,128,"Wavefronts",40960.000000,15395242867473,15395252344922
26990,125569,"Agent 2",1,1137476,1137476,1310720,84,"ullm_cached_prefix_attn_f32_flash2_kernel",256,1536,0,24,0,128,"FETCH_SIZE",0.00000000e+00,15395287451840,15395296934729
26990,125569,"Agent 2",1,1137476,1137476,1310720,84,"ullm_cached_prefix_attn_f32_flash2_kernel",256,1536,0,24,0,128,"VALUInsts",0.00000000e+00,15395287451840,15395296934729
26990,125569,"Agent 2",1,1137476,1137476,1310720,84,"ullm_cached_prefix_attn_f32_flash2_kernel",256,1536,0,24,0,128,"Wavefronts",40960.000000,15395287451840,15395296934729
26990,125982,"Agent 2",1,1137476,1137476,1310720,84,"ullm_cached_prefix_attn_f32_flash2_kernel",256,1536,0,24,0,128,"FETCH_SIZE",0.00000000e+00,15395327060962,15395336542171
26990,125982,"Agent 2",1,1137476,1137476,1310720,84,"ullm_cached_prefix_attn_f32_flash2_kernel",256,1536,0,24,0,128,"VALUInsts",0.00000000e+00,15395327060962,15395336542171
26990,125982,"Agent 2",1,1137476,1137476,1310720,84,"ullm_cached_prefix_attn_f32_flash2_kernel",256,1536,0,24,0,128,"Wavefronts",40960.000000,15395327060962,15395336542171
26990,126395,"Agent 2",1,1137476,1137476,1310720,84,"ullm_cached_prefix_attn_f32_flash2_kernel",256,1536,0,24,0,128,"FETCH_SIZE",0.00000000e+00,15395361132666,15395370579275
26990,126395,"Agent 2",1,1137476,1137476,1310720,84,"ullm_cached_prefix_attn_f32_flash2_kernel",256,1536,0,24,0,128,"VALUInsts",0.00000000e+00,15395361132666,15395370579275
26990,126395,"Agent 2",1,1137476,1137476,1310720,84,"ullm_cached_prefix_attn_f32_flash2_kernel",256,1536,0,24,0,128,"Wavefronts",40960.000000,15395361132666,15395370579275
26990,126808,"Agent 2",1,1137476,1137476,1310720,84,"ullm_cached_prefix_attn_f32_flash2_kernel",256,1536,0,24,0,128,"FETCH_SIZE",0.00000000e+00,15395391956489,15395401456619
26990,126808,"Agent 2",1,1137476,1137476,1310720,84,"ullm_cached_prefix_attn_f32_flash2_kernel",256,1536,0,24,0,128,"VALUInsts",0.00000000e+00,15395391956489,15395401456619
26990,126808,"Agent 2",1,1137476,1137476,1310720,84,"ullm_cached_prefix_attn_f32_flash2_kernel",256,1536,0,24,0,128,"Wavefronts",40960.000000,15395391956489,15395401456619
26990,127221,"Agent 2",1,1137476,1137476,1310720,84,"ullm_cached_prefix_attn_f32_flash2_kernel",256,1536,0,24,0,128,"FETCH_SIZE",0.00000000e+00,15395456281839,15395465742328
26990,127221,"Agent 2",1,1137476,1137476,1310720,84,"ullm_cached_prefix_attn_f32_flash2_kernel",256,1536,0,24,0,128,"VALUInsts",0.00000000e+00,15395456281839,15395465742328
26990,127221,"Agent 2",1,1137476,1137476,1310720,84,"ullm_cached_prefix_attn_f32_flash2_kernel",256,1536,0,24,0,128,"Wavefronts",40960.000000,15395456281839,15395465742328
26990,127634,"Agent 2",1,1137476,1137476,1310720,84,"ullm_cached_prefix_attn_f32_flash2_kernel",256,1536,0,24,0,128,"FETCH_SIZE",0.00000000e+00,15395507012004,15395516452732
26990,127634,"Agent 2",1,1137476,1137476,1310720,84,"ullm_cached_prefix_attn_f32_flash2_kernel",256,1536,0,24,0,128,"VALUInsts",0.00000000e+00,15395507012004,15395516452732
26990,127634,"Agent 2",1,1137476,1137476,1310720,84,"ullm_cached_prefix_attn_f32_flash2_kernel",256,1536,0,24,0,128,"Wavefronts",40960.000000,15395507012004,15395516452732
26990,128304,"Agent 2",1,1137476,1137476,1310720,84,"ullm_cached_prefix_attn_f32_flash2_kernel",256,1536,0,24,0,128,"FETCH_SIZE",0.00000000e+00,15395539437796,15395550586588
26990,128304,"Agent 2",1,1137476,1137476,1310720,84,"ullm_cached_prefix_attn_f32_flash2_kernel",256,1536,0,24,0,128,"VALUInsts",0.00000000e+00,15395539437796,15395550586588
26990,128304,"Agent 2",1,1137476,1137476,1310720,84,"ullm_cached_prefix_attn_f32_flash2_kernel",256,1536,0,24,0,128,"Wavefronts",40960.000000,15395539437796,15395550586588
26990,128717,"Agent 2",1,1137476,1137476,1310720,84,"ullm_cached_prefix_attn_f32_flash2_kernel",256,1536,0,24,0,128,"FETCH_SIZE",0.00000000e+00,15395594900023,15395606001335
26990,128717,"Agent 2",1,1137476,1137476,1310720,84,"ullm_cached_prefix_attn_f32_flash2_kernel",256,1536,0,24,0,128,"VALUInsts",0.00000000e+00,15395594900023,15395606001335
26990,128717,"Agent 2",1,1137476,1137476,1310720,84,"ullm_cached_prefix_attn_f32_flash2_kernel",256,1536,0,24,0,128,"Wavefronts",40960.000000,15395594900023,15395606001335
26990,129130,"Agent 2",1,1137476,1137476,1310720,84,"ullm_cached_prefix_attn_f32_flash2_kernel",256,1536,0,24,0,128,"FETCH_SIZE",0.00000000e+00,15395642092621,15395653204492
26990,129130,"Agent 2",1,1137476,1137476,1310720,84,"ullm_cached_prefix_attn_f32_flash2_kernel",256,1536,0,24,0,128,"VALUInsts",0.00000000e+00,15395642092621,15395653204492
26990,129130,"Agent 2",1,1137476,1137476,1310720,84,"ullm_cached_prefix_attn_f32_flash2_kernel",256,1536,0,24,0,128,"Wavefronts",40960.000000,15395642092621,15395653204492
26990,129543,"Agent 2",1,1137476,1137476,1310720,84,"ullm_cached_prefix_attn_f32_flash2_kernel",256,1536,0,24,0,128,"FETCH_SIZE",0.00000000e+00,15395673275006,15395684397357
26990,129543,"Agent 2",1,1137476,1137476,1310720,84,"ullm_cached_prefix_attn_f32_flash2_kernel",256,1536,0,24,0,128,"VALUInsts",0.00000000e+00,15395673275006,15395684397357
26990,129543,"Agent 2",1,1137476,1137476,1310720,84,"ullm_cached_prefix_attn_f32_flash2_kernel",256,1536,0,24,0,128,"Wavefronts",40960.000000,15395673275006,15395684397357
26990,129956,"Agent 2",1,1137476,1137476,1310720,84,"ullm_cached_prefix_attn_f32_flash2_kernel",256,1536,0,24,0,128,"FETCH_SIZE",0.00000000e+00,15395706954238,15395718091310
26990,129956,"Agent 2",1,1137476,1137476,1310720,84,"ullm_cached_prefix_attn_f32_flash2_kernel",256,1536,0,24,0,128,"VALUInsts",0.00000000e+00,15395706954238,15395718091310
26990,129956,"Agent 2",1,1137476,1137476,1310720,84,"ullm_cached_prefix_attn_f32_flash2_kernel",256,1536,0,24,0,128,"Wavefronts",40960.000000,15395706954238,15395718091310
26990,130369,"Agent 2",1,1137476,1137476,1310720,84,"ullm_cached_prefix_attn_f32_flash2_kernel",256,1536,0,24,0,128,"FETCH_SIZE",0.00000000e+00,15395738702471,15395749824462
26990,130369,"Agent 2",1,1137476,1137476,1310720,84,"ullm_cached_prefix_attn_f32_flash2_kernel",256,1536,0,24,0,128,"VALUInsts",0.00000000e+00,15395738702471,15395749824462
26990,130369,"Agent 2",1,1137476,1137476,1310720,84,"ullm_cached_prefix_attn_f32_flash2_kernel",256,1536,0,24,0,128,"Wavefronts",40960.000000,15395738702471,15395749824462
26990,130782,"Agent 2",1,1137476,1137476,1310720,84,"ullm_cached_prefix_attn_f32_flash2_kernel",256,1536,0,24,0,128,"FETCH_SIZE",0.00000000e+00,15395773491408,15395784598639
26990,130782,"Agent 2",1,1137476,1137476,1310720,84,"ullm_cached_prefix_attn_f32_flash2_kernel",256,1536,0,24,0,128,"VALUInsts",0.00000000e+00,15395773491408,15395784598639
26990,130782,"Agent 2",1,1137476,1137476,1310720,84,"ullm_cached_prefix_attn_f32_flash2_kernel",256,1536,0,24,0,128,"Wavefronts",40960.000000,15395773491408,15395784598639
26990,131195,"Agent 2",1,1137476,1137476,1310720,84,"ullm_cached_prefix_attn_f32_flash2_kernel",256,1536,0,24,0,128,"FETCH_SIZE",0.00000000e+00,15395810566675,15395821678787
26990,131195,"Agent 2",1,1137476,1137476,1310720,84,"ullm_cached_prefix_attn_f32_flash2_kernel",256,1536,0,24,0,128,"VALUInsts",0.00000000e+00,15395810566675,15395821678787
26990,131195,"Agent 2",1,1137476,1137476,1310720,84,"ullm_cached_prefix_attn_f32_flash2_kernel",256,1536,0,24,0,128,"Wavefronts",40960.000000,15395810566675,15395821678787
26990,131608,"Agent 2",1,1137476,1137476,1310720,84,"ullm_cached_prefix_attn_f32_flash2_kernel",256,1536,0,24,0,128,"FETCH_SIZE",0.00000000e+00,15395848851236,15395860007548
26990,131608,"Agent 2",1,1137476,1137476,1310720,84,"ullm_cached_prefix_attn_f32_flash2_kernel",256,1536,0,24,0,128,"VALUInsts",0.00000000e+00,15395848851236,15395860007548
26990,131608,"Agent 2",1,1137476,1137476,1310720,84,"ullm_cached_prefix_attn_f32_flash2_kernel",256,1536,0,24,0,128,"Wavefronts",40960.000000,15395848851236,15395860007548
26990,132021,"Agent 2",1,1137476,1137476,1310720,84,"ullm_cached_prefix_attn_f32_flash2_kernel",256,1536,0,24,0,128,"FETCH_SIZE",0.00000000e+00,15395890891151,15395902072944
26990,132021,"Agent 2",1,1137476,1137476,1310720,84,"ullm_cached_prefix_attn_f32_flash2_kernel",256,1536,0,24,0,128,"VALUInsts",0.00000000e+00,15395890891151,15395902072944
26990,132021,"Agent 2",1,1137476,1137476,1310720,84,"ullm_cached_prefix_attn_f32_flash2_kernel",256,1536,0,24,0,128,"Wavefronts",40960.000000,15395890891151,15395902072944
26990,132434,"Agent 2",1,1137476,1137476,1310720,84,"ullm_cached_prefix_attn_f32_flash2_kernel",256,1536,0,24,0,128,"FETCH_SIZE",0.00000000e+00,15395933248209,15395944376440
26990,132434,"Agent 2",1,1137476,1137476,1310720,84,"ullm_cached_prefix_attn_f32_flash2_kernel",256,1536,0,24,0,128,"VALUInsts",0.00000000e+00,15395933248209,15395944376440
26990,132434,"Agent 2",1,1137476,1137476,1310720,84,"ullm_cached_prefix_attn_f32_flash2_kernel",256,1536,0,24,0,128,"Wavefronts",40960.000000,15395933248209,15395944376440
26990,132847,"Agent 2",1,1137476,1137476,1310720,84,"ullm_cached_prefix_attn_f32_flash2_kernel",256,1536,0,24,0,128,"FETCH_SIZE",0.00000000e+00,15395981216135,15395992380487
26990,132847,"Agent 2",1,1137476,1137476,1310720,84,"ullm_cached_prefix_attn_f32_flash2_kernel",256,1536,0,24,0,128,"VALUInsts",0.00000000e+00,15395981216135,15395992380487
26990,132847,"Agent 2",1,1137476,1137476,1310720,84,"ullm_cached_prefix_attn_f32_flash2_kernel",256,1536,0,24,0,128,"Wavefronts",40960.000000,15395981216135,15395992380487
26990,133260,"Agent 2",1,1137476,1137476,1310720,84,"ullm_cached_prefix_attn_f32_flash2_kernel",256,1536,0,24,0,128,"FETCH_SIZE",0.00000000e+00,15396031371201,15396042501553
26990,133260,"Agent 2",1,1137476,1137476,1310720,84,"ullm_cached_prefix_attn_f32_flash2_kernel",256,1536,0,24,0,128,"VALUInsts",0.00000000e+00,15396031371201,15396042501553
26990,133260,"Agent 2",1,1137476,1137476,1310720,84,"ullm_cached_prefix_attn_f32_flash2_kernel",256,1536,0,24,0,128,"Wavefronts",40960.000000,15396031371201,15396042501553
26990,133673,"Agent 2",1,1137476,1137476,1310720,84,"ullm_cached_prefix_attn_f32_flash2_kernel",256,1536,0,24,0,128,"FETCH_SIZE",0.00000000e+00,15396080763307,15396091923379
26990,133673,"Agent 2",1,1137476,1137476,1310720,84,"ullm_cached_prefix_attn_f32_flash2_kernel",256,1536,0,24,0,128,"VALUInsts",0.00000000e+00,15396080763307,15396091923379
26990,133673,"Agent 2",1,1137476,1137476,1310720,84,"ullm_cached_prefix_attn_f32_flash2_kernel",256,1536,0,24,0,128,"Wavefronts",40960.000000,15396080763307,15396091923379
26990,134086,"Agent 2",1,1137476,1137476,1310720,84,"ullm_cached_prefix_attn_f32_flash2_kernel",256,1536,0,24,0,128,"FETCH_SIZE",0.00000000e+00,15396124504551,15396135636143
26990,134086,"Agent 2",1,1137476,1137476,1310720,84,"ullm_cached_prefix_attn_f32_flash2_kernel",256,1536,0,24,0,128,"VALUInsts",0.00000000e+00,15396124504551,15396135636143
26990,134086,"Agent 2",1,1137476,1137476,1310720,84,"ullm_cached_prefix_attn_f32_flash2_kernel",256,1536,0,24,0,128,"Wavefronts",40960.000000,15396124504551,15396135636143
26990,134499,"Agent 2",1,1137476,1137476,1310720,84,"ullm_cached_prefix_attn_f32_flash2_kernel",256,1536,0,24,0,128,"FETCH_SIZE",0.00000000e+00,15396178678728,15396189845201
26990,134499,"Agent 2",1,1137476,1137476,1310720,84,"ullm_cached_prefix_attn_f32_flash2_kernel",256,1536,0,24,0,128,"VALUInsts",0.00000000e+00,15396178678728,15396189845201
26990,134499,"Agent 2",1,1137476,1137476,1310720,84,"ullm_cached_prefix_attn_f32_flash2_kernel",256,1536,0,24,0,128,"Wavefronts",40960.000000,15396178678728,15396189845201
26990,134912,"Agent 2",1,1137476,1137476,1310720,84,"ullm_cached_prefix_attn_f32_flash2_kernel",256,1536,0,24,0,128,"FETCH_SIZE",0.00000000e+00,15396224680798,15396235836750
26990,134912,"Agent 2",1,1137476,1137476,1310720,84,"ullm_cached_prefix_attn_f32_flash2_kernel",256,1536,0,24,0,128,"VALUInsts",0.00000000e+00,15396224680798,15396235836750
26990,134912,"Agent 2",1,1137476,1137476,1310720,84,"ullm_cached_prefix_attn_f32_flash2_kernel",256,1536,0,24,0,128,"Wavefronts",40960.000000,15396224680798,15396235836750
26990,135325,"Agent 2",1,1137476,1137476,1310720,84,"ullm_cached_prefix_attn_f32_flash2_kernel",256,1536,0,24,0,128,"FETCH_SIZE",0.00000000e+00,15396276038960,15396287133351
26990,135325,"Agent 2",1,1137476,1137476,1310720,84,"ullm_cached_prefix_attn_f32_flash2_kernel",256,1536,0,24,0,128,"VALUInsts",0.00000000e+00,15396276038960,15396287133351
26990,135325,"Agent 2",1,1137476,1137476,1310720,84,"ullm_cached_prefix_attn_f32_flash2_kernel",256,1536,0,24,0,128,"Wavefronts",40960.000000,15396276038960,15396287133351
26990,135738,"Agent 2",1,1137476,1137476,1310720,84,"ullm_cached_prefix_attn_f32_flash2_kernel",256,1536,0,24,0,128,"FETCH_SIZE",0.00000000e+00,15396333823451,15396344954202
26990,135738,"Agent 2",1,1137476,1137476,1310720,84,"ullm_cached_prefix_attn_f32_flash2_kernel",256,1536,0,24,0,128,"VALUInsts",0.00000000e+00,15396333823451,15396344954202
26990,135738,"Agent 2",1,1137476,1137476,1310720,84,"ullm_cached_prefix_attn_f32_flash2_kernel",256,1536,0,24,0,128,"Wavefronts",40960.000000,15396333823451,15396344954202
26990,136151,"Agent 2",1,1137476,1137476,1310720,84,"ullm_cached_prefix_attn_f32_flash2_kernel",256,1536,0,24,0,128,"FETCH_SIZE",0.00000000e+00,15396379463651,15396390624084
26990,136151,"Agent 2",1,1137476,1137476,1310720,84,"ullm_cached_prefix_attn_f32_flash2_kernel",256,1536,0,24,0,128,"VALUInsts",0.00000000e+00,15396379463651,15396390624084
26990,136151,"Agent 2",1,1137476,1137476,1310720,84,"ullm_cached_prefix_attn_f32_flash2_kernel",256,1536,0,24,0,128,"Wavefronts",40960.000000,15396379463651,15396390624084
26990,136564,"Agent 2",1,1137476,1137476,1310720,84,"ullm_cached_prefix_attn_f32_flash2_kernel",256,1536,0,24,0,128,"FETCH_SIZE",0.00000000e+00,15396436606509,15396447730861
26990,136564,"Agent 2",1,1137476,1137476,1310720,84,"ullm_cached_prefix_attn_f32_flash2_kernel",256,1536,0,24,0,128,"VALUInsts",0.00000000e+00,15396436606509,15396447730861
26990,136564,"Agent 2",1,1137476,1137476,1310720,84,"ullm_cached_prefix_attn_f32_flash2_kernel",256,1536,0,24,0,128,"Wavefronts",40960.000000,15396436606509,15396447730861
26990,136977,"Agent 2",1,1137476,1137476,1310720,84,"ullm_cached_prefix_attn_f32_flash2_kernel",256,1536,0,24,0,128,"FETCH_SIZE",0.00000000e+00,15396487759381,15396498878052
26990,136977,"Agent 2",1,1137476,1137476,1310720,84,"ullm_cached_prefix_attn_f32_flash2_kernel",256,1536,0,24,0,128,"VALUInsts",0.00000000e+00,15396487759381,15396498878052
26990,136977,"Agent 2",1,1137476,1137476,1310720,84,"ullm_cached_prefix_attn_f32_flash2_kernel",256,1536,0,24,0,128,"Wavefronts",40960.000000,15396487759381,15396498878052
26990,137390,"Agent 2",1,1137476,1137476,1310720,84,"ullm_cached_prefix_attn_f32_flash2_kernel",256,1536,0,24,0,128,"FETCH_SIZE",0.00000000e+00,15396551012376,15396562097727
26990,137390,"Agent 2",1,1137476,1137476,1310720,84,"ullm_cached_prefix_attn_f32_flash2_kernel",256,1536,0,24,0,128,"VALUInsts",0.00000000e+00,15396551012376,15396562097727
26990,137390,"Agent 2",1,1137476,1137476,1310720,84,"ullm_cached_prefix_attn_f32_flash2_kernel",256,1536,0,24,0,128,"Wavefronts",40960.000000,15396551012376,15396562097727
26990,137803,"Agent 2",1,1137476,1137476,1310720,84,"ullm_cached_prefix_attn_f32_flash2_kernel",256,1536,0,24,0,128,"FETCH_SIZE",0.00000000e+00,15396608641983,15396619797855
26990,137803,"Agent 2",1,1137476,1137476,1310720,84,"ullm_cached_prefix_attn_f32_flash2_kernel",256,1536,0,24,0,128,"VALUInsts",0.00000000e+00,15396608641983,15396619797855
26990,137803,"Agent 2",1,1137476,1137476,1310720,84,"ullm_cached_prefix_attn_f32_flash2_kernel",256,1536,0,24,0,128,"Wavefronts",40960.000000,15396608641983,15396619797855
26990,138216,"Agent 2",1,1137476,1137476,1310720,84,"ullm_cached_prefix_attn_f32_flash2_kernel",256,1536,0,24,0,128,"FETCH_SIZE",0.00000000e+00,15396669185400,15396680332192
26990,138216,"Agent 2",1,1137476,1137476,1310720,84,"ullm_cached_prefix_attn_f32_flash2_kernel",256,1536,0,24,0,128,"VALUInsts",0.00000000e+00,15396669185400,15396680332192
26990,138216,"Agent 2",1,1137476,1137476,1310720,84,"ullm_cached_prefix_attn_f32_flash2_kernel",256,1536,0,24,0,128,"Wavefronts",40960.000000,15396669185400,15396680332192
26990,138629,"Agent 2",1,1137476,1137476,1310720,84,"ullm_cached_prefix_attn_f32_flash2_kernel",256,1536,0,24,0,128,"FETCH_SIZE",0.00000000e+00,15396741342197,15396752449308
26990,138629,"Agent 2",1,1137476,1137476,1310720,84,"ullm_cached_prefix_attn_f32_flash2_kernel",256,1536,0,24,0,128,"VALUInsts",0.00000000e+00,15396741342197,15396752449308
26990,138629,"Agent 2",1,1137476,1137476,1310720,84,"ullm_cached_prefix_attn_f32_flash2_kernel",256,1536,0,24,0,128,"Wavefronts",40960.000000,15396741342197,15396752449308
26990,139042,"Agent 2",1,1137476,1137476,1310720,84,"ullm_cached_prefix_attn_f32_flash2_kernel",256,1536,0,24,0,128,"FETCH_SIZE",0.00000000e+00,15396815812415,15396826938046
26990,139042,"Agent 2",1,1137476,1137476,1310720,84,"ullm_cached_prefix_attn_f32_flash2_kernel",256,1536,0,24,0,128,"VALUInsts",0.00000000e+00,15396815812415,15396826938046
26990,139042,"Agent 2",1,1137476,1137476,1310720,84,"ullm_cached_prefix_attn_f32_flash2_kernel",256,1536,0,24,0,128,"Wavefronts",40960.000000,15396815812415,15396826938046
26990,139455,"Agent 2",1,1137476,1137476,1310720,84,"ullm_cached_prefix_attn_f32_flash2_kernel",256,1536,0,24,0,128,"FETCH_SIZE",0.00000000e+00,15396869062473,15396880224266
26990,139455,"Agent 2",1,1137476,1137476,1310720,84,"ullm_cached_prefix_attn_f32_flash2_kernel",256,1536,0,24,0,128,"VALUInsts",0.00000000e+00,15396869062473,15396880224266
26990,139455,"Agent 2",1,1137476,1137476,1310720,84,"ullm_cached_prefix_attn_f32_flash2_kernel",256,1536,0,24,0,128,"Wavefronts",40960.000000,15396869062473,15396880224266
26990,139868,"Agent 2",1,1137476,1137476,1310720,84,"ullm_cached_prefix_attn_f32_flash2_kernel",256,1536,0,24,0,128,"FETCH_SIZE",0.00000000e+00,15396930239200,15396941349351
26990,139868,"Agent 2",1,1137476,1137476,1310720,84,"ullm_cached_prefix_attn_f32_flash2_kernel",256,1536,0,24,0,128,"VALUInsts",0.00000000e+00,15396930239200,15396941349351
26990,139868,"Agent 2",1,1137476,1137476,1310720,84,"ullm_cached_prefix_attn_f32_flash2_kernel",256,1536,0,24,0,128,"Wavefronts",40960.000000,15396930239200,15396941349351
26990,140281,"Agent 2",1,1137476,1137476,1310720,84,"ullm_cached_prefix_attn_f32_flash2_kernel",256,1536,0,24,0,128,"FETCH_SIZE",0.00000000e+00,15396983443117,15396994552468
26990,140281,"Agent 2",1,1137476,1137476,1310720,84,"ullm_cached_prefix_attn_f32_flash2_kernel",256,1536,0,24,0,128,"VALUInsts",0.00000000e+00,15396983443117,15396994552468
26990,140281,"Agent 2",1,1137476,1137476,1310720,84,"ullm_cached_prefix_attn_f32_flash2_kernel",256,1536,0,24,0,128,"Wavefronts",40960.000000,15396983443117,15396994552468
26990,140694,"Agent 2",1,1137476,1137476,1310720,84,"ullm_cached_prefix_attn_f32_flash2_kernel",256,1536,0,24,0,128,"FETCH_SIZE",0.00000000e+00,15397029451177,15397040584969
26990,140694,"Agent 2",1,1137476,1137476,1310720,84,"ullm_cached_prefix_attn_f32_flash2_kernel",256,1536,0,24,0,128,"VALUInsts",0.00000000e+00,15397029451177,15397040584969
26990,140694,"Agent 2",1,1137476,1137476,1310720,84,"ullm_cached_prefix_attn_f32_flash2_kernel",256,1536,0,24,0,128,"Wavefronts",40960.000000,15397029451177,15397040584969
26990,141107,"Agent 2",1,1137476,1137476,1310720,84,"ullm_cached_prefix_attn_f32_flash2_kernel",256,1536,0,24,0,128,"FETCH_SIZE",0.00000000e+00,15397076342417,15397087483009
26990,141107,"Agent 2",1,1137476,1137476,1310720,84,"ullm_cached_prefix_attn_f32_flash2_kernel",256,1536,0,24,0,128,"VALUInsts",0.00000000e+00,15397076342417,15397087483009
26990,141107,"Agent 2",1,1137476,1137476,1310720,84,"ullm_cached_prefix_attn_f32_flash2_kernel",256,1536,0,24,0,128,"Wavefronts",40960.000000,15397076342417,15397087483009
26990,141520,"Agent 2",1,1137476,1137476,1310720,84,"ullm_cached_prefix_attn_f32_flash2_kernel",256,1536,0,24,0,128,"FETCH_SIZE",0.00000000e+00,15397121329429,15397132488021
26990,141520,"Agent 2",1,1137476,1137476,1310720,84,"ullm_cached_prefix_attn_f32_flash2_kernel",256,1536,0,24,0,128,"VALUInsts",0.00000000e+00,15397121329429,15397132488021
26990,141520,"Agent 2",1,1137476,1137476,1310720,84,"ullm_cached_prefix_attn_f32_flash2_kernel",256,1536,0,24,0,128,"Wavefronts",40960.000000,15397121329429,15397132488021
26990,141933,"Agent 2",1,1137476,1137476,1310720,84,"ullm_cached_prefix_attn_f32_flash2_kernel",256,1536,0,24,0,128,"FETCH_SIZE",0.00000000e+00,15397161906214,15397173053766
26990,141933,"Agent 2",1,1137476,1137476,1310720,84,"ullm_cached_prefix_attn_f32_flash2_kernel",256,1536,0,24,0,128,"VALUInsts",0.00000000e+00,15397161906214,15397173053766
26990,141933,"Agent 2",1,1137476,1137476,1310720,84,"ullm_cached_prefix_attn_f32_flash2_kernel",256,1536,0,24,0,128,"Wavefronts",40960.000000,15397161906214,15397173053766
26990,142346,"Agent 2",1,1137476,1137476,1310720,84,"ullm_cached_prefix_attn_f32_flash2_kernel",256,1536,0,24,0,128,"FETCH_SIZE",0.00000000e+00,15397197925745,15397209061537
26990,142346,"Agent 2",1,1137476,1137476,1310720,84,"ullm_cached_prefix_attn_f32_flash2_kernel",256,1536,0,24,0,128,"VALUInsts",0.00000000e+00,15397197925745,15397209061537
26990,142346,"Agent 2",1,1137476,1137476,1310720,84,"ullm_cached_prefix_attn_f32_flash2_kernel",256,1536,0,24,0,128,"Wavefronts",40960.000000,15397197925745,15397209061537
26990,142759,"Agent 2",1,1137476,1137476,1310720,84,"ullm_cached_prefix_attn_f32_flash2_kernel",256,1536,0,24,0,128,"FETCH_SIZE",0.00000000e+00,15397228579265,15397239775378
26990,142759,"Agent 2",1,1137476,1137476,1310720,84,"ullm_cached_prefix_attn_f32_flash2_kernel",256,1536,0,24,0,128,"VALUInsts",0.00000000e+00,15397228579265,15397239775378
26990,142759,"Agent 2",1,1137476,1137476,1310720,84,"ullm_cached_prefix_attn_f32_flash2_kernel",256,1536,0,24,0,128,"Wavefronts",40960.000000,15397228579265,15397239775378
26990,143172,"Agent 2",1,1137476,1137476,1310720,84,"ullm_cached_prefix_attn_f32_flash2_kernel",256,1536,0,24,0,128,"FETCH_SIZE",0.00000000e+00,15397254316976,15397265412327
26990,143172,"Agent 2",1,1137476,1137476,1310720,84,"ullm_cached_prefix_attn_f32_flash2_kernel",256,1536,0,24,0,128,"VALUInsts",0.00000000e+00,15397254316976,15397265412327
26990,143172,"Agent 2",1,1137476,1137476,1310720,84,"ullm_cached_prefix_attn_f32_flash2_kernel",256,1536,0,24,0,128,"Wavefronts",40960.000000,15397254316976,15397265412327
26990,143585,"Agent 2",1,1137476,1137476,1310720,84,"ullm_cached_prefix_attn_f32_flash2_kernel",256,1536,0,24,0,128,"FETCH_SIZE",0.00000000e+00,15397277803978,15397288900089
26990,143585,"Agent 2",1,1137476,1137476,1310720,84,"ullm_cached_prefix_attn_f32_flash2_kernel",256,1536,0,24,0,128,"VALUInsts",0.00000000e+00,15397277803978,15397288900089
26990,143585,"Agent 2",1,1137476,1137476,1310720,84,"ullm_cached_prefix_attn_f32_flash2_kernel",256,1536,0,24,0,128,"Wavefronts",40960.000000,15397277803978,15397288900089
26990,143998,"Agent 2",1,1137476,1137476,1310720,84,"ullm_cached_prefix_attn_f32_flash2_kernel",256,1536,0,24,0,128,"FETCH_SIZE",0.00000000e+00,15397325797992,15397336942344
26990,143998,"Agent 2",1,1137476,1137476,1310720,84,"ullm_cached_prefix_attn_f32_flash2_kernel",256,1536,0,24,0,128,"VALUInsts",0.00000000e+00,15397325797992,15397336942344
26990,143998,"Agent 2",1,1137476,1137476,1310720,84,"ullm_cached_prefix_attn_f32_flash2_kernel",256,1536,0,24,0,128,"Wavefronts",40960.000000,15397325797992,15397336942344
27374,144411,"Agent 2",1,1137476,1137485,1310720,84,"ullm_cached_prefix_attn_f32_flash2_kernel",256,1536,0,24,0,128,"FETCH_SIZE",0.00000000e+00,15397381843499,15397392929330
27374,144411,"Agent 2",1,1137476,1137485,1310720,84,"ullm_cached_prefix_attn_f32_flash2_kernel",256,1536,0,24,0,128,"VALUInsts",0.00000000e+00,15397381843499,15397392929330
27374,144411,"Agent 2",1,1137476,1137485,1310720,84,"ullm_cached_prefix_attn_f32_flash2_kernel",256,1536,0,24,0,128,"Wavefronts",40960.000000,15397381843499,15397392929330
26990,145081,"Agent 2",1,1137476,1137476,1310720,84,"ullm_cached_prefix_attn_f32_flash2_kernel",256,1536,0,24,0,128,"FETCH_SIZE",0.00000000e+00,15397412700751,15397425728249
26990,145081,"Agent 2",1,1137476,1137476,1310720,84,"ullm_cached_prefix_attn_f32_flash2_kernel",256,1536,0,24,0,128,"VALUInsts",0.00000000e+00,15397412700751,15397425728249
26990,145081,"Agent 2",1,1137476,1137476,1310720,84,"ullm_cached_prefix_attn_f32_flash2_kernel",256,1536,0,24,0,128,"Wavefronts",40960.000000,15397412700751,15397425728249
26990,145494,"Agent 2",1,1137476,1137476,1310720,84,"ullm_cached_prefix_attn_f32_flash2_kernel",256,1536,0,24,0,128,"FETCH_SIZE",0.00000000e+00,15397480615910,15397493723488
26990,145494,"Agent 2",1,1137476,1137476,1310720,84,"ullm_cached_prefix_attn_f32_flash2_kernel",256,1536,0,24,0,128,"VALUInsts",0.00000000e+00,15397480615910,15397493723488
26990,145494,"Agent 2",1,1137476,1137476,1310720,84,"ullm_cached_prefix_attn_f32_flash2_kernel",256,1536,0,24,0,128,"Wavefronts",40960.000000,15397480615910,15397493723488
26990,145907,"Agent 2",1,1137476,1137476,1310720,84,"ullm_cached_prefix_attn_f32_flash2_kernel",256,1536,0,24,0,128,"FETCH_SIZE",0.00000000e+00,15397516489268,15397529574766
26990,145907,"Agent 2",1,1137476,1137476,1310720,84,"ullm_cached_prefix_attn_f32_flash2_kernel",256,1536,0,24,0,128,"VALUInsts",0.00000000e+00,15397516489268,15397529574766
26990,145907,"Agent 2",1,1137476,1137476,1310720,84,"ullm_cached_prefix_attn_f32_flash2_kernel",256,1536,0,24,0,128,"Wavefronts",40960.000000,15397516489268,15397529574766
26990,146320,"Agent 2",1,1137476,1137476,1310720,84,"ullm_cached_prefix_attn_f32_flash2_kernel",256,1536,0,24,0,128,"FETCH_SIZE",0.00000000e+00,15397549453676,15397562545615
26990,146320,"Agent 2",1,1137476,1137476,1310720,84,"ullm_cached_prefix_attn_f32_flash2_kernel",256,1536,0,24,0,128,"VALUInsts",0.00000000e+00,15397549453676,15397562545615
26990,146320,"Agent 2",1,1137476,1137476,1310720,84,"ullm_cached_prefix_attn_f32_flash2_kernel",256,1536,0,24,0,128,"Wavefronts",40960.000000,15397549453676,15397562545615
26990,146733,"Agent 2",1,1137476,1137476,1310720,84,"ullm_cached_prefix_attn_f32_flash2_kernel",256,1536,0,24,0,128,"FETCH_SIZE",0.00000000e+00,15397582415800,15397595576220
26990,146733,"Agent 2",1,1137476,1137476,1310720,84,"ullm_cached_prefix_attn_f32_flash2_kernel",256,1536,0,24,0,128,"VALUInsts",0.00000000e+00,15397582415800,15397595576220
26990,146733,"Agent 2",1,1137476,1137476,1310720,84,"ullm_cached_prefix_attn_f32_flash2_kernel",256,1536,0,24,0,128,"Wavefronts",40960.000000,15397582415800,15397595576220
26990,147146,"Agent 2",1,1137476,1137476,1310720,84,"ullm_cached_prefix_attn_f32_flash2_kernel",256,1536,0,24,0,128,"FETCH_SIZE",0.00000000e+00,15397617746561,15397630810339
26990,147146,"Agent 2",1,1137476,1137476,1310720,84,"ullm_cached_prefix_attn_f32_flash2_kernel",256,1536,0,24,0,128,"VALUInsts",0.00000000e+00,15397617746561,15397630810339
26990,147146,"Agent 2",1,1137476,1137476,1310720,84,"ullm_cached_prefix_attn_f32_flash2_kernel",256,1536,0,24,0,128,"Wavefronts",40960.000000,15397617746561,15397630810339
26990,147559,"Agent 2",1,1137476,1137476,1310720,84,"ullm_cached_prefix_attn_f32_flash2_kernel",256,1536,0,24,0,128,"FETCH_SIZE",0.00000000e+00,15397656738860,15397669878199
26990,147559,"Agent 2",1,1137476,1137476,1310720,84,"ullm_cached_prefix_attn_f32_flash2_kernel",256,1536,0,24,0,128,"VALUInsts",0.00000000e+00,15397656738860,15397669878199
26990,147559,"Agent 2",1,1137476,1137476,1310720,84,"ullm_cached_prefix_attn_f32_flash2_kernel",256,1536,0,24,0,128,"Wavefronts",40960.000000,15397656738860,15397669878199
26990,147972,"Agent 2",1,1137476,1137476,1310720,84,"ullm_cached_prefix_attn_f32_flash2_kernel",256,1536,0,24,0,128,"FETCH_SIZE",0.00000000e+00,15397697578055,15397710712674
26990,147972,"Agent 2",1,1137476,1137476,1310720,84,"ullm_cached_prefix_attn_f32_flash2_kernel",256,1536,0,24,0,128,"VALUInsts",0.00000000e+00,15397697578055,15397710712674
26990,147972,"Agent 2",1,1137476,1137476,1310720,84,"ullm_cached_prefix_attn_f32_flash2_kernel",256,1536,0,24,0,128,"Wavefronts",40960.000000,15397697578055,15397710712674
26990,148385,"Agent 2",1,1137476,1137476,1310720,84,"ullm_cached_prefix_attn_f32_flash2_kernel",256,1536,0,24,0,128,"FETCH_SIZE",0.00000000e+00,15397741875141,15397755006440
26990,148385,"Agent 2",1,1137476,1137476,1310720,84,"ullm_cached_prefix_attn_f32_flash2_kernel",256,1536,0,24,0,128,"VALUInsts",0.00000000e+00,15397741875141,15397755006440
26990,148385,"Agent 2",1,1137476,1137476,1310720,84,"ullm_cached_prefix_attn_f32_flash2_kernel",256,1536,0,24,0,128,"Wavefronts",40960.000000,15397741875141,15397755006440
26990,148798,"Agent 2",1,1137476,1137476,1310720,84,"ullm_cached_prefix_attn_f32_flash2_kernel",256,1536,0,24,0,128,"FETCH_SIZE",0.00000000e+00,15397789088114,15397802216493
26990,148798,"Agent 2",1,1137476,1137476,1310720,84,"ullm_cached_prefix_attn_f32_flash2_kernel",256,1536,0,24,0,128,"VALUInsts",0.00000000e+00,15397789088114,15397802216493
26990,148798,"Agent 2",1,1137476,1137476,1310720,84,"ullm_cached_prefix_attn_f32_flash2_kernel",256,1536,0,24,0,128,"Wavefronts",40960.000000,15397789088114,15397802216493
26990,149211,"Agent 2",1,1137476,1137476,1310720,84,"ullm_cached_prefix_attn_f32_flash2_kernel",256,1536,0,24,0,128,"FETCH_SIZE",0.00000000e+00,15397840668537,15397853815676
26990,149211,"Agent 2",1,1137476,1137476,1310720,84,"ullm_cached_prefix_attn_f32_flash2_kernel",256,1536,0,24,0,128,"VALUInsts",0.00000000e+00,15397840668537,15397853815676
26990,149211,"Agent 2",1,1137476,1137476,1310720,84,"ullm_cached_prefix_attn_f32_flash2_kernel",256,1536,0,24,0,128,"Wavefronts",40960.000000,15397840668537,15397853815676
26990,149624,"Agent 2",1,1137476,1137476,1310720,84,"ullm_cached_prefix_attn_f32_flash2_kernel",256,1536,0,24,0,128,"FETCH_SIZE",0.00000000e+00,15397898856892,15397911930111
26990,149624,"Agent 2",1,1137476,1137476,1310720,84,"ullm_cached_prefix_attn_f32_flash2_kernel",256,1536,0,24,0,128,"VALUInsts",0.00000000e+00,15397898856892,15397911930111
26990,149624,"Agent 2",1,1137476,1137476,1310720,84,"ullm_cached_prefix_attn_f32_flash2_kernel",256,1536,0,24,0,128,"Wavefronts",40960.000000,15397898856892,15397911930111
26990,150037,"Agent 2",1,1137476,1137476,1310720,84,"ullm_cached_prefix_attn_f32_flash2_kernel",256,1536,0,24,0,128,"FETCH_SIZE",0.00000000e+00,15397951279949,15397964383088
26990,150037,"Agent 2",1,1137476,1137476,1310720,84,"ullm_cached_prefix_attn_f32_flash2_kernel",256,1536,0,24,0,128,"VALUInsts",0.00000000e+00,15397951279949,15397964383088
26990,150037,"Agent 2",1,1137476,1137476,1310720,84,"ullm_cached_prefix_attn_f32_flash2_kernel",256,1536,0,24,0,128,"Wavefronts",40960.000000,15397951279949,15397964383088
26990,150450,"Agent 2",1,1137476,1137476,1310720,84,"ullm_cached_prefix_attn_f32_flash2_kernel",256,1536,0,24,0,128,"FETCH_SIZE",0.00000000e+00,15398011987129,15398025126388
26990,150450,"Agent 2",1,1137476,1137476,1310720,84,"ullm_cached_prefix_attn_f32_flash2_kernel",256,1536,0,24,0,128,"VALUInsts",0.00000000e+00,15398011987129,15398025126388
26990,150450,"Agent 2",1,1137476,1137476,1310720,84,"ullm_cached_prefix_attn_f32_flash2_kernel",256,1536,0,24,0,128,"Wavefronts",40960.000000,15398011987129,15398025126388
26990,150863,"Agent 2",1,1137476,1137476,1310720,84,"ullm_cached_prefix_attn_f32_flash2_kernel",256,1536,0,24,0,128,"FETCH_SIZE",0.00000000e+00,15398078951613,15398092052352
26990,150863,"Agent 2",1,1137476,1137476,1310720,84,"ullm_cached_prefix_attn_f32_flash2_kernel",256,1536,0,24,0,128,"VALUInsts",0.00000000e+00,15398078951613,15398092052352
26990,150863,"Agent 2",1,1137476,1137476,1310720,84,"ullm_cached_prefix_attn_f32_flash2_kernel",256,1536,0,24,0,128,"Wavefronts",40960.000000,15398078951613,15398092052352
26990,151276,"Agent 2",1,1137476,1137476,1310720,84,"ullm_cached_prefix_attn_f32_flash2_kernel",256,1536,0,24,0,128,"FETCH_SIZE",0.00000000e+00,15398147904265,15398161044084
26990,151276,"Agent 2",1,1137476,1137476,1310720,84,"ullm_cached_prefix_attn_f32_flash2_kernel",256,1536,0,24,0,128,"VALUInsts",0.00000000e+00,15398147904265,15398161044084
26990,151276,"Agent 2",1,1137476,1137476,1310720,84,"ullm_cached_prefix_attn_f32_flash2_kernel",256,1536,0,24,0,128,"Wavefronts",40960.000000,15398147904265,15398161044084
26990,151689,"Agent 2",1,1137476,1137476,1310720,84,"ullm_cached_prefix_attn_f32_flash2_kernel",256,1536,0,24,0,128,"FETCH_SIZE",0.00000000e+00,15398223273266,15398236382004
26990,151689,"Agent 2",1,1137476,1137476,1310720,84,"ullm_cached_prefix_attn_f32_flash2_kernel",256,1536,0,24,0,128,"VALUInsts",0.00000000e+00,15398223273266,15398236382004
26990,151689,"Agent 2",1,1137476,1137476,1310720,84,"ullm_cached_prefix_attn_f32_flash2_kernel",256,1536,0,24,0,128,"Wavefronts",40960.000000,15398223273266,15398236382004
26990,152102,"Agent 2",1,1137476,1137476,1310720,84,"ullm_cached_prefix_attn_f32_flash2_kernel",256,1536,0,24,0,128,"FETCH_SIZE",0.00000000e+00,15398297682083,15398310822942
26990,152102,"Agent 2",1,1137476,1137476,1310720,84,"ullm_cached_prefix_attn_f32_flash2_kernel",256,1536,0,24,0,128,"VALUInsts",0.00000000e+00,15398297682083,15398310822942
26990,152102,"Agent 2",1,1137476,1137476,1310720,84,"ullm_cached_prefix_attn_f32_flash2_kernel",256,1536,0,24,0,128,"Wavefronts",40960.000000,15398297682083,15398310822942
26990,152515,"Agent 2",1,1137476,1137476,1310720,84,"ullm_cached_prefix_attn_f32_flash2_kernel",256,1536,0,24,0,128,"FETCH_SIZE",0.00000000e+00,15398409184574,15398422324393
26990,152515,"Agent 2",1,1137476,1137476,1310720,84,"ullm_cached_prefix_attn_f32_flash2_kernel",256,1536,0,24,0,128,"VALUInsts",0.00000000e+00,15398409184574,15398422324393
26990,152515,"Agent 2",1,1137476,1137476,1310720,84,"ullm_cached_prefix_attn_f32_flash2_kernel",256,1536,0,24,0,128,"Wavefronts",40960.000000,15398409184574,15398422324393
26990,152928,"Agent 2",1,1137476,1137476,1310720,84,"ullm_cached_prefix_attn_f32_flash2_kernel",256,1536,0,24,0,128,"FETCH_SIZE",0.00000000e+00,15398502960257,15398516050396
26990,152928,"Agent 2",1,1137476,1137476,1310720,84,"ullm_cached_prefix_attn_f32_flash2_kernel",256,1536,0,24,0,128,"VALUInsts",0.00000000e+00,15398502960257,15398516050396
26990,152928,"Agent 2",1,1137476,1137476,1310720,84,"ullm_cached_prefix_attn_f32_flash2_kernel",256,1536,0,24,0,128,"Wavefronts",40960.000000,15398502960257,15398516050396
26990,153341,"Agent 2",1,1137476,1137476,1310720,84,"ullm_cached_prefix_attn_f32_flash2_kernel",256,1536,0,24,0,128,"FETCH_SIZE",0.00000000e+00,15398581299687,15398594454507
26990,153341,"Agent 2",1,1137476,1137476,1310720,84,"ullm_cached_prefix_attn_f32_flash2_kernel",256,1536,0,24,0,128,"VALUInsts",0.00000000e+00,15398581299687,15398594454507
26990,153341,"Agent 2",1,1137476,1137476,1310720,84,"ullm_cached_prefix_attn_f32_flash2_kernel",256,1536,0,24,0,128,"Wavefronts",40960.000000,15398581299687,15398594454507
26990,153754,"Agent 2",1,1137476,1137476,1310720,84,"ullm_cached_prefix_attn_f32_flash2_kernel",256,1536,0,24,0,128,"FETCH_SIZE",0.00000000e+00,15398668078853,15398681220792
26990,153754,"Agent 2",1,1137476,1137476,1310720,84,"ullm_cached_prefix_attn_f32_flash2_kernel",256,1536,0,24,0,128,"VALUInsts",0.00000000e+00,15398668078853,15398681220792
26990,153754,"Agent 2",1,1137476,1137476,1310720,84,"ullm_cached_prefix_attn_f32_flash2_kernel",256,1536,0,24,0,128,"Wavefronts",40960.000000,15398668078853,15398681220792
26990,154167,"Agent 2",1,1137476,1137476,1310720,84,"ullm_cached_prefix_attn_f32_flash2_kernel",256,1536,0,24,0,128,"FETCH_SIZE",0.00000000e+00,15398755656151,15398768721969
26990,154167,"Agent 2",1,1137476,1137476,1310720,84,"ullm_cached_prefix_attn_f32_flash2_kernel",256,1536,0,24,0,128,"VALUInsts",0.00000000e+00,15398755656151,15398768721969
26990,154167,"Agent 2",1,1137476,1137476,1310720,84,"ullm_cached_prefix_attn_f32_flash2_kernel",256,1536,0,24,0,128,"Wavefronts",40960.000000,15398755656151,15398768721969
26990,154580,"Agent 2",1,1137476,1137476,1310720,84,"ullm_cached_prefix_attn_f32_flash2_kernel",256,1536,0,24,0,128,"FETCH_SIZE",0.00000000e+00,15398827940569,15398841074428
26990,154580,"Agent 2",1,1137476,1137476,1310720,84,"ullm_cached_prefix_attn_f32_flash2_kernel",256,1536,0,24,0,128,"VALUInsts",0.00000000e+00,15398827940569,15398841074428
26990,154580,"Agent 2",1,1137476,1137476,1310720,84,"ullm_cached_prefix_attn_f32_flash2_kernel",256,1536,0,24,0,128,"Wavefronts",40960.000000,15398827940569,15398841074428
26990,154993,"Agent 2",1,1137476,1137476,1310720,84,"ullm_cached_prefix_attn_f32_flash2_kernel",256,1536,0,24,0,128,"FETCH_SIZE",0.00000000e+00,15398890954330,15398904093749
26990,154993,"Agent 2",1,1137476,1137476,1310720,84,"ullm_cached_prefix_attn_f32_flash2_kernel",256,1536,0,24,0,128,"VALUInsts",0.00000000e+00,15398890954330,15398904093749
26990,154993,"Agent 2",1,1137476,1137476,1310720,84,"ullm_cached_prefix_attn_f32_flash2_kernel",256,1536,0,24,0,128,"Wavefronts",40960.000000,15398890954330,15398904093749
26990,155406,"Agent 2",1,1137476,1137476,1310720,84,"ullm_cached_prefix_attn_f32_flash2_kernel",256,1536,0,24,0,128,"FETCH_SIZE",0.00000000e+00,15398957929234,15398971065533
26990,155406,"Agent 2",1,1137476,1137476,1310720,84,"ullm_cached_prefix_attn_f32_flash2_kernel",256,1536,0,24,0,128,"VALUInsts",0.00000000e+00,15398957929234,15398971065533
26990,155406,"Agent 2",1,1137476,1137476,1310720,84,"ullm_cached_prefix_attn_f32_flash2_kernel",256,1536,0,24,0,128,"Wavefronts",40960.000000,15398957929234,15398971065533
26990,155819,"Agent 2",1,1137476,1137476,1310720,84,"ullm_cached_prefix_attn_f32_flash2_kernel",256,1536,0,24,0,128,"FETCH_SIZE",0.00000000e+00,15399018800966,15399031952905
26990,155819,"Agent 2",1,1137476,1137476,1310720,84,"ullm_cached_prefix_attn_f32_flash2_kernel",256,1536,0,24,0,128,"VALUInsts",0.00000000e+00,15399018800966,15399031952905
26990,155819,"Agent 2",1,1137476,1137476,1310720,84,"ullm_cached_prefix_attn_f32_flash2_kernel",256,1536,0,24,0,128,"Wavefronts",40960.000000,15399018800966,15399031952905
26990,156232,"Agent 2",1,1137476,1137476,1310720,84,"ullm_cached_prefix_attn_f32_flash2_kernel",256,1536,0,24,0,128,"FETCH_SIZE",0.00000000e+00,15399097701164,15399110740502
26990,156232,"Agent 2",1,1137476,1137476,1310720,84,"ullm_cached_prefix_attn_f32_flash2_kernel",256,1536,0,24,0,128,"VALUInsts",0.00000000e+00,15399097701164,15399110740502
26990,156232,"Agent 2",1,1137476,1137476,1310720,84,"ullm_cached_prefix_attn_f32_flash2_kernel",256,1536,0,24,0,128,"Wavefronts",40960.000000,15399097701164,15399110740502
26990,156645,"Agent 2",1,1137476,1137476,1310720,84,"ullm_cached_prefix_attn_f32_flash2_kernel",256,1536,0,24,0,128,"FETCH_SIZE",0.00000000e+00,15399158360603,15399171550422
26990,156645,"Agent 2",1,1137476,1137476,1310720,84,"ullm_cached_prefix_attn_f32_flash2_kernel",256,1536,0,24,0,128,"VALUInsts",0.00000000e+00,15399158360603,15399171550422
26990,156645,"Agent 2",1,1137476,1137476,1310720,84,"ullm_cached_prefix_attn_f32_flash2_kernel",256,1536,0,24,0,128,"Wavefronts",40960.000000,15399158360603,15399171550422
26990,157058,"Agent 2",1,1137476,1137476,1310720,84,"ullm_cached_prefix_attn_f32_flash2_kernel",256,1536,0,24,0,128,"FETCH_SIZE",0.00000000e+00,15399256790831,15399269880009
26990,157058,"Agent 2",1,1137476,1137476,1310720,84,"ullm_cached_prefix_attn_f32_flash2_kernel",256,1536,0,24,0,128,"VALUInsts",0.00000000e+00,15399256790831,15399269880009
26990,157058,"Agent 2",1,1137476,1137476,1310720,84,"ullm_cached_prefix_attn_f32_flash2_kernel",256,1536,0,24,0,128,"Wavefronts",40960.000000,15399256790831,15399269880009
26990,157471,"Agent 2",1,1137476,1137476,1310720,84,"ullm_cached_prefix_attn_f32_flash2_kernel",256,1536,0,24,0,128,"FETCH_SIZE",0.00000000e+00,15399315961228,15399329099527
26990,157471,"Agent 2",1,1137476,1137476,1310720,84,"ullm_cached_prefix_attn_f32_flash2_kernel",256,1536,0,24,0,128,"VALUInsts",0.00000000e+00,15399315961228,15399329099527
26990,157471,"Agent 2",1,1137476,1137476,1310720,84,"ullm_cached_prefix_attn_f32_flash2_kernel",256,1536,0,24,0,128,"Wavefronts",40960.000000,15399315961228,15399329099527
26990,157884,"Agent 2",1,1137476,1137476,1310720,84,"ullm_cached_prefix_attn_f32_flash2_kernel",256,1536,0,24,0,128,"FETCH_SIZE",0.00000000e+00,15399367283300,15399380620522
26990,157884,"Agent 2",1,1137476,1137476,1310720,84,"ullm_cached_prefix_attn_f32_flash2_kernel",256,1536,0,24,0,128,"VALUInsts",0.00000000e+00,15399367283300,15399380620522
26990,157884,"Agent 2",1,1137476,1137476,1310720,84,"ullm_cached_prefix_attn_f32_flash2_kernel",256,1536,0,24,0,128,"Wavefronts",40960.000000,15399367283300,15399380620522
26990,158297,"Agent 2",1,1137476,1137476,1310720,84,"ullm_cached_prefix_attn_f32_flash2_kernel",256,1536,0,24,0,128,"FETCH_SIZE",0.00000000e+00,15399419803818,15399433050479
26990,158297,"Agent 2",1,1137476,1137476,1310720,84,"ullm_cached_prefix_attn_f32_flash2_kernel",256,1536,0,24,0,128,"VALUInsts",0.00000000e+00,15399419803818,15399433050479
26990,158297,"Agent 2",1,1137476,1137476,1310720,84,"ullm_cached_prefix_attn_f32_flash2_kernel",256,1536,0,24,0,128,"Wavefronts",40960.000000,15399419803818,15399433050479
26990,158710,"Agent 2",1,1137476,1137476,1310720,84,"ullm_cached_prefix_attn_f32_flash2_kernel",256,1536,0,24,0,128,"FETCH_SIZE",0.00000000e+00,15399470528671,15399483630650
26990,158710,"Agent 2",1,1137476,1137476,1310720,84,"ullm_cached_prefix_attn_f32_flash2_kernel",256,1536,0,24,0,128,"VALUInsts",0.00000000e+00,15399470528671,15399483630650
26990,158710,"Agent 2",1,1137476,1137476,1310720,84,"ullm_cached_prefix_attn_f32_flash2_kernel",256,1536,0,24,0,128,"Wavefronts",40960.000000,15399470528671,15399483630650
26990,159123,"Agent 2",1,1137476,1137476,1310720,84,"ullm_cached_prefix_attn_f32_flash2_kernel",256,1536,0,24,0,128,"FETCH_SIZE",0.00000000e+00,15399517074715,15399530172214
26990,159123,"Agent 2",1,1137476,1137476,1310720,84,"ullm_cached_prefix_attn_f32_flash2_kernel",256,1536,0,24,0,128,"VALUInsts",0.00000000e+00,15399517074715,15399530172214
26990,159123,"Agent 2",1,1137476,1137476,1310720,84,"ullm_cached_prefix_attn_f32_flash2_kernel",256,1536,0,24,0,128,"Wavefronts",40960.000000,15399517074715,15399530172214
26990,159536,"Agent 2",1,1137476,1137476,1310720,84,"ullm_cached_prefix_attn_f32_flash2_kernel",256,1536,0,24,0,128,"FETCH_SIZE",0.00000000e+00,15399559313050,15399572438189
26990,159536,"Agent 2",1,1137476,1137476,1310720,84,"ullm_cached_prefix_attn_f32_flash2_kernel",256,1536,0,24,0,128,"VALUInsts",0.00000000e+00,15399559313050,15399572438189
26990,159536,"Agent 2",1,1137476,1137476,1310720,84,"ullm_cached_prefix_attn_f32_flash2_kernel",256,1536,0,24,0,128,"Wavefronts",40960.000000,15399559313050,15399572438189
26990,159949,"Agent 2",1,1137476,1137476,1310720,84,"ullm_cached_prefix_attn_f32_flash2_kernel",256,1536,0,24,0,128,"FETCH_SIZE",0.00000000e+00,15399591654438,15399604822458
26990,159949,"Agent 2",1,1137476,1137476,1310720,84,"ullm_cached_prefix_attn_f32_flash2_kernel",256,1536,0,24,0,128,"VALUInsts",0.00000000e+00,15399591654438,15399604822458
26990,159949,"Agent 2",1,1137476,1137476,1310720,84,"ullm_cached_prefix_attn_f32_flash2_kernel",256,1536,0,24,0,128,"Wavefronts",40960.000000,15399591654438,15399604822458
26990,160362,"Agent 2",1,1137476,1137476,1310720,84,"ullm_cached_prefix_attn_f32_flash2_kernel",256,1536,0,24,0,128,"FETCH_SIZE",0.00000000e+00,15399618939129,15399632012468
26990,160362,"Agent 2",1,1137476,1137476,1310720,84,"ullm_cached_prefix_attn_f32_flash2_kernel",256,1536,0,24,0,128,"VALUInsts",0.00000000e+00,15399618939129,15399632012468
26990,160362,"Agent 2",1,1137476,1137476,1310720,84,"ullm_cached_prefix_attn_f32_flash2_kernel",256,1536,0,24,0,128,"Wavefronts",40960.000000,15399618939129,15399632012468
27440,160775,"Agent 2",1,1137476,1137485,1310720,84,"ullm_cached_prefix_attn_f32_flash2_kernel",256,1536,0,24,0,128,"FETCH_SIZE",0.00000000e+00,15399649343744,15399662442803
27440,160775,"Agent 2",1,1137476,1137485,1310720,84,"ullm_cached_prefix_attn_f32_flash2_kernel",256,1536,0,24,0,128,"VALUInsts",0.00000000e+00,15399649343744,15399662442803
27440,160775,"Agent 2",1,1137476,1137485,1310720,84,"ullm_cached_prefix_attn_f32_flash2_kernel",256,1536,0,24,0,128,"Wavefronts",40960.000000,15399649343744,15399662442803
27853,161188,"Agent 2",1,1137476,1137485,1310720,84,"ullm_cached_prefix_attn_f32_flash2_kernel",256,1536,0,24,0,128,"FETCH_SIZE",0.00000000e+00,15399707542400,15399720575617
27853,161188,"Agent 2",1,1137476,1137485,1310720,84,"ullm_cached_prefix_attn_f32_flash2_kernel",256,1536,0,24,0,128,"VALUInsts",0.00000000e+00,15399707542400,15399720575617
27853,161188,"Agent 2",1,1137476,1137485,1310720,84,"ullm_cached_prefix_attn_f32_flash2_kernel",256,1536,0,24,0,128,"Wavefronts",40960.000000,15399707542400,15399720575617
