"Kind","Direction","Stream_Id","Source_Agent_Id","Destination_Agent_Id","Correlation_Id","Start_Timestamp","End_Timestamp"
"MEMORY_COPY","MEMORY_COPY_HOST_TO_DEVICE",1,"Agent 0","Agent 2",34,143927730614742,143927731075144
"MEMORY_COPY","MEMORY_COPY_HOST_TO_DEVICE",1,"Agent 0","Agent 2",64,143927791010646,143927791454888
"MEMORY_COPY","MEMORY_COPY_HOST_TO_DEVICE",1,"Agent 0","Agent 2",106,143927847745795,143927848188477
"MEMORY_COPY","MEMORY_COPY_HOST_TO_DEVICE",1,"Agent 0","Agent 2",136,143927904015014,143927904462096
"MEMORY_COPY","MEMORY_COPY_HOST_TO_DEVICE",1,"Agent 0","Agent 2",190,143927919331656,143927919447456
"MEMORY_COPY","MEMORY_COPY_HOST_TO_DEVICE",1,"Agent 0","Agent 2",220,143927947350178,143927947579339
"MEMORY_COPY","MEMORY_COPY_HOST_TO_DEVICE",1,"Agent 0","Agent 2",274,143927962276839,143927962392520
"MEMORY_COPY","MEMORY_COPY_HOST_TO_DEVICE",1,"Agent 0","Agent 2",310,143927976060674,143927976181075
"MEMORY_COPY","MEMORY_COPY_HOST_TO_DEVICE",1,"Agent 0","Agent 2",340,143927990128458,143927990249938
"MEMORY_COPY","MEMORY_COPY_HOST_TO_DEVICE",1,"Agent 0","Agent 2",358,143927997507728,143927997627809
"MEMORY_COPY","MEMORY_COPY_HOST_TO_DEVICE",1,"Agent 0","Agent 2",376,143928011566348,143928011685708
"MEMORY_COPY","MEMORY_COPY_HOST_TO_DEVICE",1,"Agent 0","Agent 2",406,143928068346555,143928068794117
"MEMORY_COPY","MEMORY_COPY_HOST_TO_DEVICE",1,"Agent 0","Agent 2",436,143928123920789,143928124370072
"MEMORY_COPY","MEMORY_COPY_HOST_TO_DEVICE",1,"Agent 0","Agent 2",478,143928181049762,143928181503524
"MEMORY_COPY","MEMORY_COPY_HOST_TO_DEVICE",1,"Agent 0","Agent 2",508,143928236955734,143928237407616
"MEMORY_COPY","MEMORY_COPY_HOST_TO_DEVICE",1,"Agent 0","Agent 2",562,143928252285298,143928252400658
"MEMORY_COPY","MEMORY_COPY_HOST_TO_DEVICE",1,"Agent 0","Agent 2",592,143928280341803,143928280571925
"MEMORY_COPY","MEMORY_COPY_HOST_TO_DEVICE",1,"Agent 0","Agent 2",646,143928295197756,143928295312557
"MEMORY_COPY","MEMORY_COPY_HOST_TO_DEVICE",1,"Agent 0","Agent 2",682,143928309528516,143928309649597
"MEMORY_COPY","MEMORY_COPY_HOST_TO_DEVICE",1,"Agent 0","Agent 2",712,143928323896632,143928324016992
"MEMORY_COPY","MEMORY_COPY_HOST_TO_DEVICE",1,"Agent 0","Agent 2",730,143928330129705,143928330251105
"MEMORY_COPY","MEMORY_COPY_HOST_TO_DEVICE",1,"Agent 0","Agent 2",748,143928344378602,143928344499082
"MEMORY_COPY","MEMORY_COPY_HOST_TO_DEVICE",1,"Agent 0","Agent 2",778,143928401428059,143928401882581
"MEMORY_COPY","MEMORY_COPY_HOST_TO_DEVICE",1,"Agent 0","Agent 2",808,143928457951079,143928458398641
"MEMORY_COPY","MEMORY_COPY_HOST_TO_DEVICE",1,"Agent 0","Agent 2",850,143928515608499,143928516057501
"MEMORY_COPY","MEMORY_COPY_HOST_TO_DEVICE",1,"Agent 0","Agent 2",880,143928571862842,143928572309924
"MEMORY_COPY","MEMORY_COPY_HOST_TO_DEVICE",1,"Agent 0","Agent 2",934,143928586955576,143928587071056
"MEMORY_COPY","MEMORY_COPY_HOST_TO_DEVICE",1,"Agent 0","Agent 2",964,143928614625135,143928614854496
"MEMORY_COPY","MEMORY_COPY_HOST_TO_DEVICE",1,"Agent 0","Agent 2",1018,143928629316055,143928629431535
"MEMORY_COPY","MEMORY_COPY_HOST_TO_DEVICE",1,"Agent 0","Agent 2",1054,143928643908964,143928644029324
"MEMORY_COPY","MEMORY_COPY_HOST_TO_DEVICE",1,"Agent 0","Agent 2",1084,143928658044992,143928658160312
"MEMORY_COPY","MEMORY_COPY_HOST_TO_DEVICE",1,"Agent 0","Agent 2",1102,143928663897483,143928664011764
"MEMORY_COPY","MEMORY_COPY_HOST_TO_DEVICE",1,"Agent 0","Agent 2",1120,143928678097862,143928678219263
"MEMORY_COPY","MEMORY_COPY_HOST_TO_DEVICE",1,"Agent 0","Agent 2",1150,143928735889924,143928736342006
"MEMORY_COPY","MEMORY_COPY_HOST_TO_DEVICE",1,"Agent 0","Agent 2",1180,143928792441035,143928792890278
"MEMORY_COPY","MEMORY_COPY_HOST_TO_DEVICE",1,"Agent 0","Agent 2",1222,143928849422084,143928849869446
"MEMORY_COPY","MEMORY_COPY_HOST_TO_DEVICE",1,"Agent 0","Agent 2",1252,143928905011739,143928905460462
"MEMORY_COPY","MEMORY_COPY_HOST_TO_DEVICE",1,"Agent 0","Agent 2",1306,143928920337325,143928920452365
"MEMORY_COPY","MEMORY_COPY_HOST_TO_DEVICE",1,"Agent 0","Agent 2",1336,143928948676801,143928948906842
"MEMORY_COPY","MEMORY_COPY_HOST_TO_DEVICE",1,"Agent 0","Agent 2",1390,143928963937296,143928964051696
"MEMORY_COPY","MEMORY_COPY_HOST_TO_DEVICE",1,"Agent 0","Agent 2",1426,143928979679913,143928979801114
"MEMORY_COPY","MEMORY_COPY_HOST_TO_DEVICE",1,"Agent 0","Agent 2",1456,143928994645820,143928994766220
"MEMORY_COPY","MEMORY_COPY_HOST_TO_DEVICE",1,"Agent 0","Agent 2",1474,143929000489191,143929000604992
"MEMORY_COPY","MEMORY_COPY_HOST_TO_DEVICE",1,"Agent 0","Agent 2",1492,143929015353344,143929015467745
"MEMORY_COPY","MEMORY_COPY_HOST_TO_DEVICE",1,"Agent 0","Agent 2",1522,143929074454872,143929074905394
"MEMORY_COPY","MEMORY_COPY_HOST_TO_DEVICE",1,"Agent 0","Agent 2",1552,143929133759567,143929134211329
"MEMORY_COPY","MEMORY_COPY_HOST_TO_DEVICE",1,"Agent 0","Agent 2",1594,143929193597887,143929194054409
"MEMORY_COPY","MEMORY_COPY_HOST_TO_DEVICE",1,"Agent 0","Agent 2",1624,143929251115979,143929251566461
"MEMORY_COPY","MEMORY_COPY_HOST_TO_DEVICE",1,"Agent 0","Agent 2",1678,143929267612895,143929267728495
"MEMORY_COPY","MEMORY_COPY_HOST_TO_DEVICE",1,"Agent 0","Agent 2",1708,143929296756256,143929296987137
"MEMORY_COPY","MEMORY_COPY_HOST_TO_DEVICE",1,"Agent 0","Agent 2",1762,143929312561064,143929312675665
"MEMORY_COPY","MEMORY_COPY_HOST_TO_DEVICE",1,"Agent 0","Agent 2",1798,143929326931314,143929327051435
"MEMORY_COPY","MEMORY_COPY_HOST_TO_DEVICE",1,"Agent 0","Agent 2",1828,143929341455233,143929341576393
"MEMORY_COPY","MEMORY_COPY_HOST_TO_DEVICE",1,"Agent 0","Agent 2",1846,143929348367989,143929348488190
"MEMORY_COPY","MEMORY_COPY_HOST_TO_DEVICE",1,"Agent 0","Agent 2",1864,143929362564537,143929362680257
"MEMORY_COPY","MEMORY_COPY_HOST_TO_DEVICE",1,"Agent 0","Agent 2",1894,143929419685651,143929420133173
"MEMORY_COPY","MEMORY_COPY_HOST_TO_DEVICE",1,"Agent 0","Agent 2",1924,143929475517370,143929475965653
"MEMORY_COPY","MEMORY_COPY_HOST_TO_DEVICE",1,"Agent 0","Agent 2",1966,143929532531360,143929532975042
"MEMORY_COPY","MEMORY_COPY_HOST_TO_DEVICE",1,"Agent 0","Agent 2",1996,143929588336153,143929588779436
"MEMORY_COPY","MEMORY_COPY_HOST_TO_DEVICE",1,"Agent 0","Agent 2",2050,143929603319620,143929603434340
"MEMORY_COPY","MEMORY_COPY_HOST_TO_DEVICE",1,"Agent 0","Agent 2",2080,143929630810921,143929631042202
"MEMORY_COPY","MEMORY_COPY_HOST_TO_DEVICE",1,"Agent 0","Agent 2",2134,143929646097665,143929646220546
"MEMORY_COPY","MEMORY_COPY_HOST_TO_DEVICE",1,"Agent 0","Agent 2",2170,143929660556115,143929660677436
"MEMORY_COPY","MEMORY_COPY_HOST_TO_DEVICE",1,"Agent 0","Agent 2",2200,143929674957025,143929675077625
"MEMORY_COPY","MEMORY_COPY_HOST_TO_DEVICE",1,"Agent 0","Agent 2",2218,143929680958187,143929681079428
"MEMORY_COPY","MEMORY_COPY_HOST_TO_DEVICE",1,"Agent 0","Agent 2",2236,143929695612458,143929695727099
"MEMORY_COPY","MEMORY_COPY_HOST_TO_DEVICE",1,"Agent 0","Agent 2",2266,143929752700305,143929753157667
"MEMORY_COPY","MEMORY_COPY_HOST_TO_DEVICE",1,"Agent 0","Agent 2",2296,143929807653522,143929808099645
"MEMORY_COPY","MEMORY_COPY_HOST_TO_DEVICE",1,"Agent 0","Agent 2",2338,143929863355841,143929863797603
"MEMORY_COPY","MEMORY_COPY_HOST_TO_DEVICE",1,"Agent 0","Agent 2",2368,143929917144664,143929917585907
"MEMORY_COPY","MEMORY_COPY_HOST_TO_DEVICE",1,"Agent 0","Agent 2",2422,143929931463830,143929931577670
"MEMORY_COPY","MEMORY_COPY_HOST_TO_DEVICE",1,"Agent 0","Agent 2",2452,143929958183267,143929958406228
"MEMORY_COPY","MEMORY_COPY_HOST_TO_DEVICE",1,"Agent 0","Agent 2",2506,143929972475916,143929972589836
"MEMORY_COPY","MEMORY_COPY_HOST_TO_DEVICE",1,"Agent 0","Agent 2",2542,143929986376272,143929986490873
"MEMORY_COPY","MEMORY_COPY_HOST_TO_DEVICE",1,"Agent 0","Agent 2",2572,143930000210622,143930000324622
"MEMORY_COPY","MEMORY_COPY_HOST_TO_DEVICE",1,"Agent 0","Agent 2",2590,143930005842452,143930005956292
"MEMORY_COPY","MEMORY_COPY_HOST_TO_DEVICE",1,"Agent 0","Agent 2",2608,143930019591737,143930019705618
"MEMORY_COPY","MEMORY_COPY_HOST_TO_DEVICE",1,"Agent 0","Agent 2",2638,143930076114635,143930076561077
"MEMORY_COPY","MEMORY_COPY_HOST_TO_DEVICE",1,"Agent 0","Agent 2",2668,143930131678255,143930132128097
"MEMORY_COPY","MEMORY_COPY_HOST_TO_DEVICE",1,"Agent 0","Agent 2",2710,143930188624879,143930189075401
"MEMORY_COPY","MEMORY_COPY_HOST_TO_DEVICE",1,"Agent 0","Agent 2",2740,143930244159081,143930244602123
"MEMORY_COPY","MEMORY_COPY_HOST_TO_DEVICE",1,"Agent 0","Agent 2",2794,143930259081924,143930259195884
"MEMORY_COPY","MEMORY_COPY_HOST_TO_DEVICE",1,"Agent 0","Agent 2",2824,143930286918226,143930287141947
"MEMORY_COPY","MEMORY_COPY_HOST_TO_DEVICE",1,"Agent 0","Agent 2",2878,143930301445296,143930301559016
"MEMORY_COPY","MEMORY_COPY_HOST_TO_DEVICE",1,"Agent 0","Agent 2",2914,143930315688224,143930315803025
"MEMORY_COPY","MEMORY_COPY_HOST_TO_DEVICE",1,"Agent 0","Agent 2",2944,143930330027638,143930330141678
"MEMORY_COPY","MEMORY_COPY_HOST_TO_DEVICE",1,"Agent 0","Agent 2",2962,143930336477642,143930336591443
"MEMORY_COPY","MEMORY_COPY_HOST_TO_DEVICE",1,"Agent 0","Agent 2",2980,143930350485459,143930350600740
"MEMORY_COPY","MEMORY_COPY_HOST_TO_DEVICE",1,"Agent 0","Agent 2",3010,143930407184200,143930407633322
"MEMORY_COPY","MEMORY_COPY_HOST_TO_DEVICE",1,"Agent 0","Agent 2",3040,143930463181088,143930463635330
"MEMORY_COPY","MEMORY_COPY_HOST_TO_DEVICE",1,"Agent 0","Agent 2",3082,143930520508647,143930520957569
"MEMORY_COPY","MEMORY_COPY_HOST_TO_DEVICE",1,"Agent 0","Agent 2",3112,143930576268833,143930576715875
"MEMORY_COPY","MEMORY_COPY_HOST_TO_DEVICE",1,"Agent 0","Agent 2",3166,143930591434259,143930591549819
"MEMORY_COPY","MEMORY_COPY_HOST_TO_DEVICE",1,"Agent 0","Agent 2",3196,143930618952229,143930619181711
"MEMORY_COPY","MEMORY_COPY_HOST_TO_DEVICE",1,"Agent 0","Agent 2",3250,143930634653506,143930634768307
"MEMORY_COPY","MEMORY_COPY_HOST_TO_DEVICE",1,"Agent 0","Agent 2",3286,143930648886944,143930649007225
"MEMORY_COPY","MEMORY_COPY_HOST_TO_DEVICE",1,"Agent 0","Agent 2",3316,143930662655368,143930662770928
"MEMORY_COPY","MEMORY_COPY_HOST_TO_DEVICE",1,"Agent 0","Agent 2",3334,143930668701640,143930668816081
"MEMORY_COPY","MEMORY_COPY_HOST_TO_DEVICE",1,"Agent 0","Agent 2",3352,143930682685747,143930682807028
"MEMORY_COPY","MEMORY_COPY_HOST_TO_DEVICE",1,"Agent 0","Agent 2",3382,143930739034008,143930739481090
"MEMORY_COPY","MEMORY_COPY_HOST_TO_DEVICE",1,"Agent 0","Agent 2",3412,143930794713354,143930795162316
"MEMORY_COPY","MEMORY_COPY_HOST_TO_DEVICE",1,"Agent 0","Agent 2",3454,143930851753356,143930852200998
"MEMORY_COPY","MEMORY_COPY_HOST_TO_DEVICE",1,"Agent 0","Agent 2",3484,143930907579830,143930908029593
"MEMORY_COPY","MEMORY_COPY_HOST_TO_DEVICE",1,"Agent 0","Agent 2",3538,143930922754648,143930922868448
"MEMORY_COPY","MEMORY_COPY_HOST_TO_DEVICE",1,"Agent 0","Agent 2",3568,143930950148688,143930950372289
"MEMORY_COPY","MEMORY_COPY_HOST_TO_DEVICE",1,"Agent 0","Agent 2",3622,143930964611538,143930964725338
"MEMORY_COPY","MEMORY_COPY_HOST_TO_DEVICE",1,"Agent 0","Agent 2",3658,143930978756306,143930978870986
"MEMORY_COPY","MEMORY_COPY_HOST_TO_DEVICE",1,"Agent 0","Agent 2",3688,143930992562356,143930992676236
"MEMORY_COPY","MEMORY_COPY_HOST_TO_DEVICE",1,"Agent 0","Agent 2",3706,143930997836684,143930997950524
"MEMORY_COPY","MEMORY_COPY_HOST_TO_DEVICE",1,"Agent 0","Agent 2",3724,143931011844861,143931011958782
"MEMORY_COPY","MEMORY_COPY_HOST_TO_DEVICE",1,"Agent 0","Agent 2",3754,143931068699413,143931069147735
"MEMORY_COPY","MEMORY_COPY_HOST_TO_DEVICE",1,"Agent 0","Agent 2",3784,143931123630422,143931124079345
"MEMORY_COPY","MEMORY_COPY_HOST_TO_DEVICE",1,"Agent 0","Agent 2",3826,143931178553487,143931178995290
"MEMORY_COPY","MEMORY_COPY_HOST_TO_DEVICE",1,"Agent 0","Agent 2",3856,143931231030901,143931231472385
"MEMORY_COPY","MEMORY_COPY_HOST_TO_DEVICE",1,"Agent 0","Agent 2",3910,143931244803639,143931244919479
"MEMORY_COPY","MEMORY_COPY_HOST_TO_DEVICE",1,"Agent 0","Agent 2",3940,143931269917486,143931270146807
"MEMORY_COPY","MEMORY_COPY_HOST_TO_DEVICE",1,"Agent 0","Agent 2",3994,143931283159288,143931283274769
"MEMORY_COPY","MEMORY_COPY_HOST_TO_DEVICE",1,"Agent 0","Agent 2",4030,143931295772878,143931295892918
"MEMORY_COPY","MEMORY_COPY_HOST_TO_DEVICE",1,"Agent 0","Agent 2",4060,143931308125118,143931308246158
"MEMORY_COPY","MEMORY_COPY_HOST_TO_DEVICE",1,"Agent 0","Agent 2",4078,143931312821883,143931312942003
"MEMORY_COPY","MEMORY_COPY_HOST_TO_DEVICE",1,"Agent 0","Agent 2",4096,143931325192541,143931325308102
"MEMORY_COPY","MEMORY_COPY_HOST_TO_DEVICE",1,"Agent 0","Agent 2",4126,143931373687755,143931374135437
"MEMORY_COPY","MEMORY_COPY_HOST_TO_DEVICE",1,"Agent 0","Agent 2",4156,143931420097999,143931420545602
"MEMORY_COPY","MEMORY_COPY_HOST_TO_DEVICE",1,"Agent 0","Agent 2",4198,143931468677444,143931469125206
"MEMORY_COPY","MEMORY_COPY_HOST_TO_DEVICE",1,"Agent 0","Agent 2",4228,143931514211082,143931514652884
"MEMORY_COPY","MEMORY_COPY_HOST_TO_DEVICE",1,"Agent 0","Agent 2",4282,143931526645860,143931526760020
"MEMORY_COPY","MEMORY_COPY_HOST_TO_DEVICE",1,"Agent 0","Agent 2",4312,143931549162681,143931549385562
"MEMORY_COPY","MEMORY_COPY_HOST_TO_DEVICE",1,"Agent 0","Agent 2",4366,143931561050216,143931561163937
"MEMORY_COPY","MEMORY_COPY_HOST_TO_DEVICE",1,"Agent 0","Agent 2",4402,143931572688810,143931572802691
"MEMORY_COPY","MEMORY_COPY_HOST_TO_DEVICE",1,"Agent 0","Agent 2",4432,143931584258564,143931584372125
"MEMORY_COPY","MEMORY_COPY_HOST_TO_DEVICE",1,"Agent 0","Agent 2",4450,143931589390942,143931589505543
"MEMORY_COPY","MEMORY_COPY_HOST_TO_DEVICE",1,"Agent 0","Agent 2",4468,143931600653465,143931600767585
"MEMORY_COPY","MEMORY_COPY_HOST_TO_DEVICE",1,"Agent 0","Agent 2",4492,143931601805771,143931601974692
"MEMORY_COPY","MEMORY_COPY_HOST_TO_DEVICE",1,"Agent 0","Agent 2",4498,143931602519065,143931602632666
"MEMORY_COPY","MEMORY_COPY_HOST_TO_DEVICE",1,"Agent 0","Agent 2",4516,143931602826927,143931602836327
"MEMORY_COPY","MEMORY_COPY_HOST_TO_DEVICE",1,"Agent 0","Agent 2",4528,143931604194034,143931604443916
"MEMORY_COPY","MEMORY_COPY_HOST_TO_DEVICE",1,"Agent 0","Agent 2",4534,143931605113389,143931605212550
"MEMORY_COPY","MEMORY_COPY_HOST_TO_DEVICE",1,"Agent 0","Agent 2",4540,143931617053977,143931617951101
"MEMORY_COPY","MEMORY_COPY_HOST_TO_DEVICE",1,"Agent 0","Agent 2",4544,143931628710659,143931629609304
"MEMORY_COPY","MEMORY_COPY_HOST_TO_DEVICE",1,"Agent 0","Agent 2",4548,143931635307705,143931635957709
"MEMORY_COPY","MEMORY_COPY_HOST_TO_DEVICE",1,"Agent 0","Agent 2",4552,143931642097222,143931642724905
"MEMORY_COPY","MEMORY_COPY_HOST_TO_DEVICE",1,"Agent 0","Agent 2",4556,143931648677818,143931649317821
"MEMORY_COPY","MEMORY_COPY_HOST_TO_DEVICE",1,"Agent 0","Agent 2",4560,143931655171363,143931655809527
"MEMORY_COPY","MEMORY_COPY_HOST_TO_DEVICE",1,"Agent 0","Agent 2",4564,143931661710019,143931662486063
"MEMORY_COPY","MEMORY_COPY_HOST_TO_DEVICE",1,"Agent 0","Agent 2",4568,143931668413715,143931669062679
"MEMORY_COPY","MEMORY_COPY_HOST_TO_DEVICE",1,"Agent 0","Agent 2",4572,143931674846820,143931675469944
"MEMORY_COPY","MEMORY_COPY_HOST_TO_DEVICE",1,"Agent 0","Agent 2",4576,143931681321241,143931682206205
"MEMORY_COPY","MEMORY_COPY_HOST_TO_DEVICE",1,"Agent 0","Agent 2",4580,143931688013196,143931688648840
"MEMORY_COPY","MEMORY_COPY_HOST_TO_DEVICE",1,"Agent 0","Agent 2",4584,143931694414941,143931695057224
"MEMORY_COPY","MEMORY_COPY_HOST_TO_DEVICE",1,"Agent 0","Agent 2",4588,143931700707265,143931701346549
"MEMORY_COPY","MEMORY_COPY_HOST_TO_DEVICE",1,"Agent 0","Agent 2",4592,143931706922579,143931707561182
"MEMORY_COPY","MEMORY_COPY_HOST_TO_DEVICE",1,"Agent 0","Agent 2",4596,143931713067092,143931713702736
"MEMORY_COPY","MEMORY_COPY_HOST_TO_DEVICE",1,"Agent 0","Agent 2",4600,143931719399457,143931720073581
"MEMORY_COPY","MEMORY_COPY_HOST_TO_DEVICE",1,"Agent 0","Agent 2",4604,143931725734091,143931726389535
"MEMORY_COPY","MEMORY_COPY_HOST_TO_DEVICE",1,"Agent 0","Agent 2",4608,143931731998066,143931732636069
"MEMORY_COPY","MEMORY_COPY_HOST_TO_DEVICE",1,"Agent 0","Agent 2",4612,143931738162399,143931738809723
"MEMORY_COPY","MEMORY_COPY_HOST_TO_DEVICE",1,"Agent 0","Agent 2",4616,143931744499416,143931745157259
"MEMORY_COPY","MEMORY_COPY_HOST_TO_DEVICE",1,"Agent 0","Agent 2",4620,143931750619178,143931751278502
"MEMORY_COPY","MEMORY_COPY_HOST_TO_DEVICE",1,"Agent 0","Agent 2",4624,143931756783331,143931757442375
"MEMORY_COPY","MEMORY_COPY_HOST_TO_DEVICE",1,"Agent 0","Agent 2",4628,143931762879484,143931763534728
"MEMORY_COPY","MEMORY_COPY_HOST_TO_DEVICE",1,"Agent 0","Agent 2",4632,143931769081928,143931769722571
"MEMORY_COPY","MEMORY_COPY_HOST_TO_DEVICE",1,"Agent 0","Agent 2",4636,143931775466692,143931776120096
"MEMORY_COPY","MEMORY_COPY_HOST_TO_DEVICE",1,"Agent 0","Agent 2",4640,143931781670986,143931782322430
"MEMORY_COPY","MEMORY_COPY_HOST_TO_DEVICE",1,"Agent 0","Agent 2",4644,143931787835629,143931788508353
"MEMORY_COPY","MEMORY_COPY_HOST_TO_DEVICE",1,"Agent 0","Agent 2",4648,143931794232804,143931794866087
"MEMORY_COPY","MEMORY_COPY_HOST_TO_DEVICE",1,"Agent 0","Agent 2",4652,143931800618309,143931801247152
"MEMORY_COPY","MEMORY_COPY_HOST_TO_DEVICE",1,"Agent 0","Agent 2",4656,143931807203406,143931807825529
"MEMORY_COPY","MEMORY_COPY_HOST_TO_DEVICE",1,"Agent 0","Agent 2",4660,143931813646230,143931814285394
"MEMORY_COPY","MEMORY_COPY_HOST_TO_DEVICE",1,"Agent 0","Agent 2",4664,143931819911464,143931820551788
"MEMORY_COPY","MEMORY_COPY_HOST_TO_DEVICE",1,"Agent 0","Agent 2",4668,143931826220478,143931826854882
"MEMORY_COPY","MEMORY_COPY_HOST_TO_DEVICE",1,"Agent 0","Agent 2",4672,143931832481552,143931833138076
"MEMORY_COPY","MEMORY_COPY_HOST_TO_DEVICE",1,"Agent 0","Agent 2",4676,143931838719356,143931839365160
"MEMORY_COPY","MEMORY_COPY_HOST_TO_DEVICE",1,"Agent 0","Agent 2",4680,143931845072251,143931845708814
"MEMORY_COPY","MEMORY_COPY_HOST_TO_DEVICE",1,"Agent 0","Agent 2",4684,143931851278754,143931851946718
"MEMORY_COPY","MEMORY_COPY_HOST_TO_DEVICE",1,"Agent 0","Agent 2",4688,143931857553818,143931858211102
"MEMORY_COPY","MEMORY_COPY_HOST_TO_DEVICE",1,"Agent 0","Agent 2",4692,143931863720582,143931864374385
"MEMORY_COPY","MEMORY_COPY_HOST_TO_DEVICE",1,"Agent 0","Agent 2",4696,143931870005308,143931870657711
"MEMORY_COPY","MEMORY_COPY_HOST_TO_DEVICE",1,"Agent 0","Agent 2",4700,143931876441162,143931877090045
"MEMORY_COPY","MEMORY_COPY_HOST_TO_DEVICE",1,"Agent 0","Agent 2",4704,143931882708116,143931883360959
"MEMORY_COPY","MEMORY_COPY_HOST_TO_DEVICE",1,"Agent 0","Agent 2",4708,143931888977840,143931889614923
"MEMORY_COPY","MEMORY_COPY_HOST_TO_DEVICE",1,"Agent 0","Agent 2",4712,143931895438845,143931896092929
"MEMORY_COPY","MEMORY_COPY_HOST_TO_DEVICE",1,"Agent 0","Agent 2",4716,143931901692189,143931902355593
"MEMORY_COPY","MEMORY_COPY_HOST_TO_DEVICE",1,"Agent 0","Agent 2",4720,143931907884653,143931908526376
"MEMORY_COPY","MEMORY_COPY_HOST_TO_DEVICE",1,"Agent 0","Agent 2",4724,143931914109086,143931914750010
"MEMORY_COPY","MEMORY_COPY_HOST_TO_DEVICE",1,"Agent 0","Agent 2",4728,143931920446381,143931921096544
"MEMORY_COPY","MEMORY_COPY_HOST_TO_DEVICE",1,"Agent 0","Agent 2",4734,143931927111837,143931927780521
"MEMORY_COPY","MEMORY_COPY_HOST_TO_DEVICE",1,"Agent 0","Agent 2",4738,143931933415009,143931934084332
"MEMORY_COPY","MEMORY_COPY_HOST_TO_DEVICE",1,"Agent 0","Agent 2",4742,143931939656812,143931940310575
"MEMORY_COPY","MEMORY_COPY_HOST_TO_DEVICE",1,"Agent 0","Agent 2",4746,143931945973766,143931946628370
"MEMORY_COPY","MEMORY_COPY_HOST_TO_DEVICE",1,"Agent 0","Agent 2",4750,143931952124349,143931952760753
"MEMORY_COPY","MEMORY_COPY_HOST_TO_DEVICE",1,"Agent 0","Agent 2",4754,143931958312233,143931958962717
"MEMORY_COPY","MEMORY_COPY_HOST_TO_DEVICE",1,"Agent 0","Agent 2",4758,143931964539447,143931965193090
"MEMORY_COPY","MEMORY_COPY_HOST_TO_DEVICE",1,"Agent 0","Agent 2",4762,143931970858471,143931971494155
"MEMORY_COPY","MEMORY_COPY_HOST_TO_DEVICE",1,"Agent 0","Agent 2",4766,143931977082645,143931977721008
"MEMORY_COPY","MEMORY_COPY_HOST_TO_DEVICE",1,"Agent 0","Agent 2",4770,143931983439989,143931984095313
"MEMORY_COPY","MEMORY_COPY_HOST_TO_DEVICE",1,"Agent 0","Agent 2",4774,143931989695653,143931990355697
"MEMORY_COPY","MEMORY_COPY_HOST_TO_DEVICE",1,"Agent 0","Agent 2",4778,143931996067688,143931996711611
"MEMORY_COPY","MEMORY_COPY_HOST_TO_DEVICE",1,"Agent 0","Agent 2",4782,143932002295871,143932002943514
"MEMORY_COPY","MEMORY_COPY_HOST_TO_DEVICE",1,"Agent 0","Agent 2",4786,143932008705426,143932009368789
"MEMORY_COPY","MEMORY_COPY_HOST_TO_DEVICE",1,"Agent 0","Agent 2",4790,143932015002100,143932015640063
"MEMORY_COPY","MEMORY_COPY_HOST_TO_DEVICE",1,"Agent 0","Agent 2",4794,143932021228244,143932021885367
"MEMORY_COPY","MEMORY_COPY_HOST_TO_DEVICE",1,"Agent 0","Agent 2",4798,143932027535728,143932028195211
"MEMORY_COPY","MEMORY_COPY_HOST_TO_DEVICE",1,"Agent 0","Agent 2",4802,143932033784812,143932034448215
"MEMORY_COPY","MEMORY_COPY_HOST_TO_DEVICE",1,"Agent 0","Agent 2",4806,143932040238977,143932040875660
"MEMORY_COPY","MEMORY_COPY_HOST_TO_DEVICE",1,"Agent 0","Agent 2",4810,143932046617531,143932047272375
"MEMORY_COPY","MEMORY_COPY_HOST_TO_DEVICE",1,"Agent 0","Agent 2",4814,143932052924296,143932053574939
"MEMORY_COPY","MEMORY_COPY_HOST_TO_DEVICE",1,"Agent 0","Agent 2",4818,143932059114974,143932059770017
"MEMORY_COPY","MEMORY_COPY_HOST_TO_DEVICE",1,"Agent 0","Agent 2",4822,143932065448057,143932066102421
"MEMORY_COPY","MEMORY_COPY_HOST_TO_DEVICE",1,"Agent 0","Agent 2",4826,143932071838242,143932072475806
"MEMORY_COPY","MEMORY_COPY_HOST_TO_DEVICE",1,"Agent 0","Agent 2",4830,143932078313978,143932078962261
"MEMORY_COPY","MEMORY_COPY_HOST_TO_DEVICE",1,"Agent 0","Agent 2",4834,143932084845063,143932085618707
"MEMORY_COPY","MEMORY_COPY_HOST_TO_DEVICE",1,"Agent 0","Agent 2",4838,143932091631120,143932092279604
"MEMORY_COPY","MEMORY_COPY_HOST_TO_DEVICE",1,"Agent 0","Agent 2",4842,143932098242086,143932098886330
"MEMORY_COPY","MEMORY_COPY_HOST_TO_DEVICE",1,"Agent 0","Agent 2",4846,143932104764542,143932105402705
"MEMORY_COPY","MEMORY_COPY_HOST_TO_DEVICE",1,"Agent 0","Agent 2",4850,143932111461748,143932112116352
"MEMORY_COPY","MEMORY_COPY_HOST_TO_DEVICE",1,"Agent 0","Agent 2",4854,143932118059504,143932118691508
"MEMORY_COPY","MEMORY_COPY_HOST_TO_DEVICE",1,"Agent 0","Agent 2",4858,143932124449314,143932125105877
"MEMORY_COPY","MEMORY_COPY_HOST_TO_DEVICE",1,"Agent 0","Agent 2",4862,143932130985448,143932131610132
"MEMORY_COPY","MEMORY_COPY_HOST_TO_DEVICE",1,"Agent 0","Agent 2",4866,143932137685035,143932138421559
"MEMORY_COPY","MEMORY_COPY_HOST_TO_DEVICE",1,"Agent 0","Agent 2",4870,143932144358511,143932145000794
"MEMORY_COPY","MEMORY_COPY_HOST_TO_DEVICE",1,"Agent 0","Agent 2",4874,143932150965767,143932151608810
"MEMORY_COPY","MEMORY_COPY_HOST_TO_DEVICE",1,"Agent 0","Agent 2",4878,143932157558362,143932158247126
"MEMORY_COPY","MEMORY_COPY_HOST_TO_DEVICE",1,"Agent 0","Agent 2",4882,143932164078998,143932164707041
"MEMORY_COPY","MEMORY_COPY_HOST_TO_DEVICE",1,"Agent 0","Agent 2",4886,143932170421632,143932171073596
"MEMORY_COPY","MEMORY_COPY_HOST_TO_DEVICE",1,"Agent 0","Agent 2",4890,143932176644796,143932177319559
"MEMORY_COPY","MEMORY_COPY_HOST_TO_DEVICE",1,"Agent 0","Agent 2",4894,143932182960950,143932183613954
"MEMORY_COPY","MEMORY_COPY_HOST_TO_DEVICE",1,"Agent 0","Agent 2",4898,143932189148825,143932189786068
"MEMORY_COPY","MEMORY_COPY_HOST_TO_DEVICE",1,"Agent 0","Agent 2",4902,143932195424108,143932196089592
"MEMORY_COPY","MEMORY_COPY_HOST_TO_DEVICE",1,"Agent 0","Agent 2",4906,143932201950243,143932202615407
"MEMORY_COPY","MEMORY_COPY_HOST_TO_DEVICE",1,"Agent 0","Agent 2",4910,143932208194947,143932208829231
"MEMORY_COPY","MEMORY_COPY_HOST_TO_DEVICE",1,"Agent 0","Agent 2",4914,143932214438881,143932215086925
"MEMORY_COPY","MEMORY_COPY_HOST_TO_DEVICE",1,"Agent 0","Agent 2",4918,143932220694185,143932221346189
"MEMORY_COPY","MEMORY_COPY_HOST_TO_DEVICE",1,"Agent 0","Agent 2",4922,143932227005680,143932227658763
"MEMORY_COPY","MEMORY_COPY_HOST_TO_DEVICE",1,"Agent 0","Agent 2",4926,143932233171813,143932233813376
"MEMORY_COPY","MEMORY_COPY_HOST_TO_DEVICE",1,"Agent 0","Agent 2",4930,143932239373097,143932240028140
"MEMORY_COPY","MEMORY_COPY_HOST_TO_DEVICE",1,"Agent 0","Agent 2",4934,143932245638441,143932246289324
"MEMORY_COPY","MEMORY_COPY_HOST_TO_DEVICE",1,"Agent 0","Agent 2",4938,143932252033318,143932252701881
"MEMORY_COPY","MEMORY_COPY_HOST_TO_DEVICE",1,"Agent 0","Agent 2",4942,143932258467002,143932259117646
"MEMORY_COPY","MEMORY_COPY_HOST_TO_DEVICE",1,"Agent 0","Agent 2",4946,143932264730116,143932265385840
"MEMORY_COPY","MEMORY_COPY_HOST_TO_DEVICE",1,"Agent 0","Agent 2",4950,143932271100741,143932271744385
"MEMORY_COPY","MEMORY_COPY_HOST_TO_DEVICE",1,"Agent 0","Agent 2",4954,143932277459006,143932278133530
"MEMORY_COPY","MEMORY_COPY_HOST_TO_DEVICE",1,"Agent 0","Agent 2",4958,143932284073082,143932284711806
"MEMORY_COPY","MEMORY_COPY_HOST_TO_DEVICE",1,"Agent 0","Agent 2",4962,143932290661068,143932291381672
"MEMORY_COPY","MEMORY_COPY_HOST_TO_DEVICE",1,"Agent 0","Agent 2",4966,143932297221094,143932297856818
"MEMORY_COPY","MEMORY_COPY_HOST_TO_DEVICE",1,"Agent 0","Agent 2",4970,143932303735640,143932304378484
"MEMORY_COPY","MEMORY_COPY_HOST_TO_DEVICE",1,"Agent 0","Agent 2",4974,143932309979554,143932310617158
"MEMORY_COPY","MEMORY_COPY_HOST_TO_DEVICE",1,"Agent 0","Agent 2",4978,143932316316242,143932316952765
"MEMORY_COPY","MEMORY_COPY_HOST_TO_DEVICE",1,"Agent 0","Agent 2",4982,143932322729616,143932323369899
"MEMORY_COPY","MEMORY_COPY_HOST_TO_DEVICE",1,"Agent 0","Agent 2",4986,143932328954640,143932329592563
"MEMORY_COPY","MEMORY_COPY_HOST_TO_DEVICE",1,"Agent 0","Agent 2",4990,143932335177294,143932335814377
"MEMORY_COPY","MEMORY_COPY_HOST_TO_DEVICE",1,"Agent 0","Agent 2",4994,143932341493098,143932342134102
"MEMORY_COPY","MEMORY_COPY_HOST_TO_DEVICE",1,"Agent 0","Agent 2",4998,143932347701272,143932348342236
"MEMORY_COPY","MEMORY_COPY_HOST_TO_DEVICE",1,"Agent 0","Agent 2",5002,143932354021487,143932354659170
"MEMORY_COPY","MEMORY_COPY_HOST_TO_DEVICE",1,"Agent 0","Agent 2",5006,143932360327191,143932360964355
"MEMORY_COPY","MEMORY_COPY_HOST_TO_DEVICE",1,"Agent 0","Agent 2",5010,143932366566975,143932367213299
"MEMORY_COPY","MEMORY_COPY_HOST_TO_DEVICE",1,"Agent 0","Agent 2",5014,143932372764059,143932373415743
"MEMORY_COPY","MEMORY_COPY_HOST_TO_DEVICE",1,"Agent 0","Agent 2",5018,143932378968942,143932379605465
"MEMORY_COPY","MEMORY_COPY_HOST_TO_DEVICE",1,"Agent 0","Agent 2",5022,143932385135685,143932385811008
"MEMORY_COPY","MEMORY_COPY_HOST_TO_DEVICE",1,"Agent 0","Agent 2",5026,143932391342248,143932391999412
"MEMORY_COPY","MEMORY_COPY_HOST_TO_DEVICE",1,"Agent 0","Agent 2",5030,143932397649153,143932398313876
"MEMORY_COPY","MEMORY_COPY_HOST_TO_DEVICE",1,"Agent 0","Agent 2",5034,143932404032427,143932404670191
"MEMORY_COPY","MEMORY_COPY_HOST_TO_DEVICE",1,"Agent 0","Agent 2",5038,143932410270421,143932410917505
"MEMORY_COPY","MEMORY_COPY_HOST_TO_DEVICE",1,"Agent 0","Agent 2",5042,143932416770326,143932417394730
"MEMORY_COPY","MEMORY_COPY_HOST_TO_DEVICE",1,"Agent 0","Agent 2",5046,143932423125681,143932423778324
"MEMORY_COPY","MEMORY_COPY_HOST_TO_DEVICE",1,"Agent 0","Agent 2",5050,143932429313395,143932429970918
"MEMORY_COPY","MEMORY_COPY_HOST_TO_DEVICE",1,"Agent 0","Agent 2",5054,143932435612319,143932436272802
"MEMORY_COPY","MEMORY_COPY_HOST_TO_DEVICE",1,"Agent 0","Agent 2",5058,143932441817794,143932442461117
"MEMORY_COPY","MEMORY_COPY_HOST_TO_DEVICE",1,"Agent 0","Agent 2",5062,143932448063087,143932448716130
"MEMORY_COPY","MEMORY_COPY_HOST_TO_DEVICE",1,"Agent 0","Agent 2",5066,143932454501302,143932455192546
"MEMORY_COPY","MEMORY_COPY_HOST_TO_DEVICE",1,"Agent 0","Agent 2",5070,143932460824316,143932461483840
"MEMORY_COPY","MEMORY_COPY_HOST_TO_DEVICE",1,"Agent 0","Agent 2",5074,143932466992770,143932467646613
"MEMORY_COPY","MEMORY_COPY_HOST_TO_DEVICE",1,"Agent 0","Agent 2",5078,143932473181693,143932473834497
"MEMORY_COPY","MEMORY_COPY_HOST_TO_DEVICE",1,"Agent 0","Agent 2",5082,143932479470628,143932480123831
"MEMORY_COPY","MEMORY_COPY_HOST_TO_DEVICE",1,"Agent 0","Agent 2",5086,143932485724742,143932486390105
"MEMORY_COPY","MEMORY_COPY_HOST_TO_DEVICE",1,"Agent 0","Agent 2",5090,143932491992516,143932492646199
"MEMORY_COPY","MEMORY_COPY_HOST_TO_DEVICE",1,"Agent 0","Agent 2",5094,143932498175789,143932498830073
"MEMORY_COPY","MEMORY_COPY_HOST_TO_DEVICE",1,"Agent 0","Agent 2",5098,143932504649697,143932505310220
"MEMORY_COPY","MEMORY_COPY_HOST_TO_DEVICE",1,"Agent 0","Agent 2",5102,143932510970380,143932511607824
"MEMORY_COPY","MEMORY_COPY_HOST_TO_DEVICE",1,"Agent 0","Agent 2",5106,143932517491396,143932518135319
"MEMORY_COPY","MEMORY_COPY_HOST_TO_DEVICE",1,"Agent 0","Agent 2",5110,143932523822210,143932524467294
"MEMORY_COPY","MEMORY_COPY_HOST_TO_DEVICE",1,"Agent 0","Agent 2",5114,143932529963064,143932530845988
"MEMORY_COPY","MEMORY_COPY_HOST_TO_DEVICE",1,"Agent 0","Agent 2",5118,143932536455669,143932537108993
"MEMORY_COPY","MEMORY_COPY_HOST_TO_DEVICE",1,"Agent 0","Agent 2",5122,143932542689963,143932543339686
"MEMORY_COPY","MEMORY_COPY_HOST_TO_DEVICE",1,"Agent 0","Agent 2",5126,143932549186268,143932549835272
"MEMORY_COPY","MEMORY_COPY_HOST_TO_DEVICE",1,"Agent 0","Agent 2",5130,143932555778404,143932556549728
"MEMORY_COPY","MEMORY_COPY_HOST_TO_DEVICE",1,"Agent 0","Agent 2",5134,143932562509311,143932563159874
"MEMORY_COPY","MEMORY_COPY_HOST_TO_DEVICE",1,"Agent 0","Agent 2",5138,143932568955851,143932569597574
"MEMORY_COPY","MEMORY_COPY_HOST_TO_DEVICE",1,"Agent 0","Agent 2",5142,143932575429195,143932576095479
"MEMORY_COPY","MEMORY_COPY_HOST_TO_DEVICE",1,"Agent 0","Agent 2",5146,143932581860710,143932582586954
"MEMORY_COPY","MEMORY_COPY_HOST_TO_DEVICE",1,"Agent 0","Agent 2",5150,143932588528237,143932589237681
"MEMORY_COPY","MEMORY_COPY_HOST_TO_DEVICE",1,"Agent 0","Agent 2",5154,143932594978852,143932595618415
"MEMORY_COPY","MEMORY_COPY_HOST_TO_DEVICE",1,"Agent 0","Agent 2",5158,143932601461637,143932602106321
"MEMORY_COPY","MEMORY_COPY_HOST_TO_DEVICE",1,"Agent 0","Agent 2",5162,143932607940722,143932608576166
"MEMORY_COPY","MEMORY_COPY_HOST_TO_DEVICE",1,"Agent 0","Agent 2",5166,143932614187987,143932614824430
"MEMORY_COPY","MEMORY_COPY_HOST_TO_DEVICE",1,"Agent 0","Agent 2",5170,143932620493461,143932621165785
"MEMORY_COPY","MEMORY_COPY_HOST_TO_DEVICE",1,"Agent 0","Agent 2",5174,143932626785505,143932627435349
"MEMORY_COPY","MEMORY_COPY_HOST_TO_DEVICE",1,"Agent 0","Agent 2",5178,143932633192835,143932633828558
"MEMORY_COPY","MEMORY_COPY_HOST_TO_DEVICE",1,"Agent 0","Agent 2",5182,143932639753510,143932640454434
"MEMORY_COPY","MEMORY_COPY_HOST_TO_DEVICE",1,"Agent 0","Agent 2",5186,143932646205535,143932646847258
"MEMORY_COPY","MEMORY_COPY_HOST_TO_DEVICE",1,"Agent 0","Agent 2",5190,143932652546430,143932653191273
"MEMORY_COPY","MEMORY_COPY_HOST_TO_DEVICE",1,"Agent 0","Agent 2",5194,143932658980445,143932659615888
"MEMORY_COPY","MEMORY_COPY_HOST_TO_DEVICE",1,"Agent 0","Agent 2",5198,143932665151818,143932665801542
"MEMORY_COPY","MEMORY_COPY_HOST_TO_DEVICE",1,"Agent 0","Agent 2",5202,143932671470083,143932672115326
"MEMORY_COPY","MEMORY_COPY_HOST_TO_DEVICE",1,"Agent 0","Agent 2",5206,143932677701007,143932678386210
"MEMORY_COPY","MEMORY_COPY_HOST_TO_DEVICE",1,"Agent 0","Agent 2",5210,143932684095502,143932684750345
"MEMORY_COPY","MEMORY_COPY_HOST_TO_DEVICE",1,"Agent 0","Agent 2",5214,143932690373906,143932691028429
"MEMORY_COPY","MEMORY_COPY_HOST_TO_DEVICE",1,"Agent 0","Agent 2",5218,143932696640817,143932697291420
"MEMORY_COPY","MEMORY_COPY_HOST_TO_DEVICE",1,"Agent 0","Agent 2",5222,143932702896410,143932703534414
"MEMORY_COPY","MEMORY_COPY_HOST_TO_DEVICE",1,"Agent 0","Agent 2",5226,143932709134174,143932709787538
"MEMORY_COPY","MEMORY_COPY_HOST_TO_DEVICE",1,"Agent 0","Agent 2",5230,143932715398379,143932716040062
"MEMORY_COPY","MEMORY_COPY_HOST_TO_DEVICE",1,"Agent 0","Agent 2",5234,143932721587003,143932722228446
"MEMORY_COPY","MEMORY_COPY_HOST_TO_DEVICE",1,"Agent 0","Agent 2",5238,143932727924527,143932728577251
"MEMORY_COPY","MEMORY_COPY_HOST_TO_DEVICE",1,"Agent 0","Agent 2",5242,143932734229162,143932734867365
"MEMORY_COPY","MEMORY_COPY_HOST_TO_DEVICE",1,"Agent 0","Agent 2",5246,143932740502386,143932741164990
"MEMORY_COPY","MEMORY_COPY_HOST_TO_DEVICE",1,"Agent 0","Agent 2",5250,143932746744200,143932747409124
"MEMORY_COPY","MEMORY_COPY_HOST_TO_DEVICE",1,"Agent 0","Agent 2",5254,143932753312506,143932753963790
"MEMORY_COPY","MEMORY_COPY_HOST_TO_DEVICE",1,"Agent 0","Agent 2",5258,143932759735264,143932760444587
"MEMORY_COPY","MEMORY_COPY_HOST_TO_DEVICE",1,"Agent 0","Agent 2",5262,143932765954057,143932766616180
"MEMORY_COPY","MEMORY_COPY_HOST_TO_DEVICE",1,"Agent 0","Agent 2",5266,143932772526373,143932773168936
"MEMORY_COPY","MEMORY_COPY_HOST_TO_DEVICE",1,"Agent 0","Agent 2",5270,143932779156119,143932779784203
"MEMORY_COPY","MEMORY_COPY_HOST_TO_DEVICE",1,"Agent 0","Agent 2",5274,143932785646245,143932786342929
"MEMORY_COPY","MEMORY_COPY_HOST_TO_DEVICE",1,"Agent 0","Agent 2",5278,143932792043280,143932792679244
"MEMORY_COPY","MEMORY_COPY_HOST_TO_DEVICE",1,"Agent 0","Agent 2",5282,143932798230344,143932798880788
"MEMORY_COPY","MEMORY_COPY_HOST_TO_DEVICE",1,"Agent 0","Agent 2",5286,143932804520749,143932805172752
"MEMORY_COPY","MEMORY_COPY_HOST_TO_DEVICE",1,"Agent 0","Agent 2",5290,143932810966044,143932811602248
"MEMORY_COPY","MEMORY_COPY_HOST_TO_DEVICE",1,"Agent 0","Agent 2",5294,143932817172628,143932817807472
"MEMORY_COPY","MEMORY_COPY_HOST_TO_DEVICE",1,"Agent 0","Agent 2",5298,143932823438749,143932824092912
"MEMORY_COPY","MEMORY_COPY_HOST_TO_DEVICE",1,"Agent 0","Agent 2",5302,143932829606012,143932830275815
"MEMORY_COPY","MEMORY_COPY_HOST_TO_DEVICE",1,"Agent 0","Agent 2",5306,143932835906496,143932836542019
"MEMORY_COPY","MEMORY_COPY_HOST_TO_DEVICE",1,"Agent 0","Agent 2",5310,143932842227650,143932842871694
"MEMORY_COPY","MEMORY_COPY_HOST_TO_DEVICE",1,"Agent 0","Agent 2",5314,143932848733026,143932849500950
"MEMORY_COPY","MEMORY_COPY_HOST_TO_DEVICE",1,"Agent 0","Agent 2",5318,143932855131831,143932855794915
"MEMORY_COPY","MEMORY_COPY_HOST_TO_DEVICE",1,"Agent 0","Agent 2",5322,143932861738387,143932862406991
"MEMORY_COPY","MEMORY_COPY_HOST_TO_DEVICE",1,"Agent 0","Agent 2",5326,143932868310483,143932868957606
"MEMORY_COPY","MEMORY_COPY_HOST_TO_DEVICE",1,"Agent 0","Agent 2",5330,143932874654807,143932875309491
"MEMORY_COPY","MEMORY_COPY_HOST_TO_DEVICE",1,"Agent 0","Agent 2",5334,143932880961742,143932881617265
"MEMORY_COPY","MEMORY_COPY_HOST_TO_DEVICE",1,"Agent 0","Agent 2",5338,143932887196495,143932887874138
"MEMORY_COPY","MEMORY_COPY_HOST_TO_DEVICE",1,"Agent 0","Agent 2",5342,143932893476338,143932894137982
"MEMORY_COPY","MEMORY_COPY_HOST_TO_DEVICE",1,"Agent 0","Agent 2",5346,143932899753362,143932900422486
"MEMORY_COPY","MEMORY_COPY_HOST_TO_DEVICE",1,"Agent 0","Agent 2",5350,143932906023537,143932906674500
"MEMORY_COPY","MEMORY_COPY_HOST_TO_DEVICE",1,"Agent 0","Agent 2",5354,143932912407682,143932913071005
"MEMORY_COPY","MEMORY_COPY_HOST_TO_DEVICE",1,"Agent 0","Agent 2",5358,143932918681076,143932919320759
"MEMORY_COPY","MEMORY_COPY_HOST_TO_DEVICE",1,"Agent 0","Agent 2",5362,143932924900580,143932925555183
"MEMORY_COPY","MEMORY_COPY_HOST_TO_DEVICE",1,"Agent 0","Agent 2",5366,143932931102754,143932931758957
"MEMORY_COPY","MEMORY_COPY_HOST_TO_DEVICE",1,"Agent 0","Agent 2",5370,143932937561149,143932938277793
"MEMORY_COPY","MEMORY_COPY_HOST_TO_DEVICE",1,"Agent 0","Agent 2",5374,143932944080365,143932944733608
"MEMORY_COPY","MEMORY_COPY_HOST_TO_DEVICE",1,"Agent 0","Agent 2",5378,143932950488005,143932951150568
"MEMORY_COPY","MEMORY_COPY_HOST_TO_DEVICE",1,"Agent 0","Agent 2",5382,143932956847288,143932957499732
"MEMORY_COPY","MEMORY_COPY_HOST_TO_DEVICE",1,"Agent 0","Agent 2",5386,143932963274763,143932963929047
"MEMORY_COPY","MEMORY_COPY_HOST_TO_DEVICE",1,"Agent 0","Agent 2",5390,143932969560097,143932970209381
"MEMORY_COPY","MEMORY_COPY_HOST_TO_DEVICE",1,"Agent 0","Agent 2",5394,143932975847082,143932976501045
"MEMORY_COPY","MEMORY_COPY_HOST_TO_DEVICE",1,"Agent 0","Agent 2",5398,143932982112496,143932982756059
"MEMORY_COPY","MEMORY_COPY_HOST_TO_DEVICE",1,"Agent 0","Agent 2",5402,143932988365180,143932989042983
"MEMORY_COPY","MEMORY_COPY_HOST_TO_DEVICE",1,"Agent 0","Agent 2",5406,143932994788454,143932995447338
"MEMORY_COPY","MEMORY_COPY_HOST_TO_DEVICE",1,"Agent 0","Agent 2",5410,143933001070239,143933001720482
"MEMORY_COPY","MEMORY_COPY_HOST_TO_DEVICE",1,"Agent 0","Agent 2",5414,143933007371213,143933008033016
"MEMORY_COPY","MEMORY_COPY_HOST_TO_DEVICE",1,"Agent 0","Agent 2",5418,143933013674163,143933014355086
"MEMORY_COPY","MEMORY_COPY_HOST_TO_DEVICE",1,"Agent 0","Agent 2",5422,143933019956736,143933020620420
"MEMORY_COPY","MEMORY_COPY_HOST_TO_DEVICE",1,"Agent 0","Agent 2",5426,143933026180590,143933026829914
"MEMORY_COPY","MEMORY_COPY_HOST_TO_DEVICE",1,"Agent 0","Agent 2",5430,143933032439154,143933033083678
"MEMORY_COPY","MEMORY_COPY_HOST_TO_DEVICE",1,"Agent 0","Agent 2",5434,143933038742419,143933039411782
"MEMORY_COPY","MEMORY_COPY_HOST_TO_DEVICE",1,"Agent 0","Agent 2",5438,143933045148484,143933045783607
"MEMORY_COPY","MEMORY_COPY_HOST_TO_DEVICE",1,"Agent 0","Agent 2",5442,143933051454188,143933052093192
"MEMORY_COPY","MEMORY_COPY_HOST_TO_DEVICE",1,"Agent 0","Agent 2",5446,143933057720262,143933058380026
"MEMORY_COPY","MEMORY_COPY_HOST_TO_DEVICE",1,"Agent 0","Agent 2",5450,143933064199348,143933064854471
"MEMORY_COPY","MEMORY_COPY_HOST_TO_DEVICE",1,"Agent 0","Agent 2",5454,143933070655973,143933071367697
"MEMORY_COPY","MEMORY_COPY_HOST_TO_DEVICE",1,"Agent 0","Agent 2",5458,143933077249636,143933077869159
"MEMORY_COPY","MEMORY_COPY_HOST_TO_DEVICE",1,"Agent 0","Agent 2",5462,143933083647370,143933084299294
"MEMORY_COPY","MEMORY_COPY_HOST_TO_DEVICE",1,"Agent 0","Agent 2",5466,143933090198706,143933090830869
"MEMORY_COPY","MEMORY_COPY_HOST_TO_DEVICE",1,"Agent 0","Agent 2",5470,143933096794432,143933097450475
"MEMORY_COPY","MEMORY_COPY_HOST_TO_DEVICE",1,"Agent 0","Agent 2",5474,143933103341568,143933103979691
"MEMORY_COPY","MEMORY_COPY_HOST_TO_DEVICE",1,"Agent 0","Agent 2",5478,143933109927534,143933110577137
"MEMORY_COPY","MEMORY_COPY_HOST_TO_DEVICE",1,"Agent 0","Agent 2",5482,143933116559160,143933117219484
"MEMORY_COPY","MEMORY_COPY_HOST_TO_DEVICE",1,"Agent 0","Agent 2",5486,143933123053755,143933123713359
"MEMORY_COPY","MEMORY_COPY_HOST_TO_DEVICE",1,"Agent 0","Agent 2",5490,143933129611211,143933130261215
"MEMORY_COPY","MEMORY_COPY_HOST_TO_DEVICE",1,"Agent 0","Agent 2",5494,143933136091557,143933136718440
"MEMORY_COPY","MEMORY_COPY_HOST_TO_DEVICE",1,"Agent 0","Agent 2",5498,143933142435064,143933143080547
"MEMORY_COPY","MEMORY_COPY_HOST_TO_DEVICE",1,"Agent 0","Agent 2",5502,143933148751397,143933149397041
"MEMORY_COPY","MEMORY_COPY_HOST_TO_DEVICE",1,"Agent 0","Agent 2",5506,143933155023962,143933155672325
"MEMORY_COPY","MEMORY_COPY_HOST_TO_DEVICE",1,"Agent 0","Agent 2",5510,143933161407466,143933162045630
"MEMORY_COPY","MEMORY_COPY_HOST_TO_DEVICE",1,"Agent 0","Agent 2",5514,143933167831391,143933168485195
"MEMORY_COPY","MEMORY_COPY_HOST_TO_DEVICE",1,"Agent 0","Agent 2",5518,143933174129226,143933174784349
"MEMORY_COPY","MEMORY_COPY_HOST_TO_DEVICE",1,"Agent 0","Agent 2",5522,143933180355660,143933181007143
"MEMORY_COPY","MEMORY_COPY_HOST_TO_DEVICE",1,"Agent 0","Agent 2",5526,143933186789135,143933187474778
"MEMORY_COPY","MEMORY_COPY_HOST_TO_DEVICE",1,"Agent 0","Agent 2",5530,143933193119929,143933193772133
"MEMORY_COPY","MEMORY_COPY_HOST_TO_DEVICE",1,"Agent 0","Agent 2",5534,143933199337383,143933200008907
"MEMORY_COPY","MEMORY_COPY_HOST_TO_DEVICE",1,"Agent 0","Agent 2",5538,143933205656413,143933206314936
"MEMORY_COPY","MEMORY_COPY_HOST_TO_DEVICE",1,"Agent 0","Agent 2",5542,143933211820446,143933212479329
"MEMORY_COPY","MEMORY_COPY_HOST_TO_DEVICE",1,"Agent 0","Agent 2",5546,143933218244731,143933218899254
"MEMORY_COPY","MEMORY_COPY_HOST_TO_DEVICE",1,"Agent 0","Agent 2",5550,143933224431684,143933225093448
"MEMORY_COPY","MEMORY_COPY_HOST_TO_DEVICE",1,"Agent 0","Agent 2",5554,143933230714089,143933231377372
"MEMORY_COPY","MEMORY_COPY_HOST_TO_DEVICE",1,"Agent 0","Agent 2",5558,143933236953093,143933237603736
"MEMORY_COPY","MEMORY_COPY_HOST_TO_DEVICE",1,"Agent 0","Agent 2",5562,143933243190517,143933243855201
"MEMORY_COPY","MEMORY_COPY_HOST_TO_DEVICE",1,"Agent 0","Agent 2",5566,143933249570322,143933250270326
"MEMORY_COPY","MEMORY_COPY_HOST_TO_DEVICE",1,"Agent 0","Agent 2",5570,143933255822596,143933256517440
"MEMORY_COPY","MEMORY_COPY_HOST_TO_DEVICE",1,"Agent 0","Agent 2",5574,143933262043750,143933262699154
"MEMORY_COPY","MEMORY_COPY_HOST_TO_DEVICE",1,"Agent 0","Agent 2",5578,143933268402024,143933269060387
"MEMORY_COPY","MEMORY_COPY_HOST_TO_DEVICE",1,"Agent 0","Agent 2",5582,143933274501776,143933275156420
"MEMORY_COPY","MEMORY_COPY_HOST_TO_DEVICE",1,"Agent 0","Agent 2",5586,143933280593759,143933281248763
"MEMORY_COPY","MEMORY_COPY_HOST_TO_DEVICE",1,"Agent 0","Agent 2",5590,143933286721203,143933287375286
"MEMORY_COPY","MEMORY_COPY_HOST_TO_DEVICE",1,"Agent 0","Agent 2",5594,143933293505960,143933294169043
"MEMORY_COPY","MEMORY_COPY_HOST_TO_DEVICE",1,"Agent 0","Agent 2",5598,143933299879024,143933300517148
"MEMORY_COPY","MEMORY_COPY_HOST_TO_DEVICE",1,"Agent 0","Agent 2",5602,143933306283669,143933306935513
"MEMORY_COPY","MEMORY_COPY_HOST_TO_DEVICE",1,"Agent 0","Agent 2",5606,143933312711254,143933313478738
"MEMORY_COPY","MEMORY_COPY_HOST_TO_DEVICE",1,"Agent 0","Agent 2",5610,143933319720522,143933320346806
"MEMORY_COPY","MEMORY_COPY_HOST_TO_DEVICE",1,"Agent 0","Agent 2",5614,143933326490889,143933327129733
"MEMORY_COPY","MEMORY_COPY_HOST_TO_DEVICE",1,"Agent 0","Agent 2",5618,143933332842041,143933333492644
"MEMORY_COPY","MEMORY_COPY_HOST_TO_DEVICE",1,"Agent 0","Agent 2",5622,143933339125264,143933339759548
"MEMORY_COPY","MEMORY_COPY_HOST_TO_DEVICE",1,"Agent 0","Agent 2",5626,143933345399708,143933346042832
"MEMORY_COPY","MEMORY_COPY_HOST_TO_DEVICE",1,"Agent 0","Agent 2",5630,143933351607362,143933352270086
"MEMORY_COPY","MEMORY_COPY_HOST_TO_DEVICE",1,"Agent 0","Agent 2",5634,143933357842676,143933358495320
"MEMORY_COPY","MEMORY_COPY_HOST_TO_DEVICE",1,"Agent 0","Agent 2",5638,143933364144151,143933364779754
"MEMORY_COPY","MEMORY_COPY_HOST_TO_DEVICE",1,"Agent 0","Agent 2",5642,143933370546246,143933371190289
"MEMORY_COPY","MEMORY_COPY_HOST_TO_DEVICE",1,"Agent 0","Agent 2",5646,143933376765800,143933377422083
"MEMORY_COPY","MEMORY_COPY_HOST_TO_DEVICE",1,"Agent 0","Agent 2",5650,143933383245365,143933383881129
"MEMORY_COPY","MEMORY_COPY_HOST_TO_DEVICE",1,"Agent 0","Agent 2",5654,143933389514259,143933390154903
"MEMORY_COPY","MEMORY_COPY_HOST_TO_DEVICE",1,"Agent 0","Agent 2",5658,143933395722414,143933396364977
"MEMORY_COPY","MEMORY_COPY_HOST_TO_DEVICE",1,"Agent 0","Agent 2",5662,143933401978907,143933402616271
"MEMORY_COPY","MEMORY_COPY_HOST_TO_DEVICE",1,"Agent 0","Agent 2",5666,143933408254461,143933408895185
"MEMORY_COPY","MEMORY_COPY_HOST_TO_DEVICE",1,"Agent 0","Agent 2",5670,143933414404545,143933415046268
"MEMORY_COPY","MEMORY_COPY_HOST_TO_DEVICE",1,"Agent 0","Agent 2",5674,143933420837520,143933421493724
"MEMORY_COPY","MEMORY_COPY_HOST_TO_DEVICE",1,"Agent 0","Agent 2",5678,143933427169195,143933427804398
"MEMORY_COPY","MEMORY_COPY_HOST_TO_DEVICE",1,"Agent 0","Agent 2",5682,143933433343218,143933433980502
"MEMORY_COPY","MEMORY_COPY_HOST_TO_DEVICE",1,"Agent 0","Agent 2",5686,143933439519352,143933440161236
"MEMORY_COPY","MEMORY_COPY_HOST_TO_DEVICE",1,"Agent 0","Agent 2",5690,143933445797796,143933446438760
"MEMORY_COPY","MEMORY_COPY_HOST_TO_DEVICE",1,"Agent 0","Agent 2",5694,143933451979830,143933452615634
"MEMORY_COPY","MEMORY_COPY_HOST_TO_DEVICE",1,"Agent 0","Agent 2",5698,143933458156454,143933458795337
"MEMORY_COPY","MEMORY_COPY_HOST_TO_DEVICE",1,"Agent 0","Agent 2",5702,143933464734541,143933465491505
"MEMORY_COPY","MEMORY_COPY_HOST_TO_DEVICE",1,"Agent 0","Agent 2",5706,143933471487527,143933472136651
"MEMORY_COPY","MEMORY_COPY_HOST_TO_DEVICE",1,"Agent 0","Agent 2",5710,143933477681981,143933478324305
"MEMORY_COPY","MEMORY_COPY_HOST_TO_DEVICE",1,"Agent 0","Agent 2",5714,143933483806915,143933484458358
"MEMORY_COPY","MEMORY_COPY_HOST_TO_DEVICE",1,"Agent 0","Agent 2",5718,143933490002609,143933490638372
"MEMORY_COPY","MEMORY_COPY_HOST_TO_DEVICE",1,"Agent 0","Agent 2",5722,143933496252553,143933496890357
"MEMORY_COPY","MEMORY_COPY_HOST_TO_DEVICE",1,"Agent 0","Agent 2",5726,143933502357747,143933503009950
"MEMORY_COPY","MEMORY_COPY_HOST_TO_DEVICE",1,"Agent 0","Agent 2",5730,143933508539110,143933509210034
"MEMORY_COPY","MEMORY_COPY_HOST_TO_DEVICE",1,"Agent 0","Agent 2",5734,143933514742884,143933515390768
"MEMORY_COPY","MEMORY_COPY_HOST_TO_DEVICE",1,"Agent 0","Agent 2",5738,143933521084749,143933521794513
"MEMORY_COPY","MEMORY_COPY_HOST_TO_DEVICE",1,"Agent 0","Agent 2",5742,143933527796446,143933528443049
"MEMORY_COPY","MEMORY_COPY_HOST_TO_DEVICE",1,"Agent 0","Agent 2",5746,143933534013719,143933534650162
"MEMORY_COPY","MEMORY_COPY_HOST_TO_DEVICE",1,"Agent 0","Agent 2",5750,143933540195173,143933540832856
"MEMORY_COPY","MEMORY_COPY_HOST_TO_DEVICE",1,"Agent 0","Agent 2",5754,143933546559647,143933547214171
"MEMORY_COPY","MEMORY_COPY_HOST_TO_DEVICE",1,"Agent 0","Agent 2",5758,143933552790481,143933553448005
"MEMORY_COPY","MEMORY_COPY_HOST_TO_DEVICE",1,"Agent 0","Agent 2",5762,143933559047546,143933559692189
"MEMORY_COPY","MEMORY_COPY_HOST_TO_DEVICE",1,"Agent 0","Agent 2",5766,143933565303600,143933565952523
"MEMORY_COPY","MEMORY_COPY_HOST_TO_DEVICE",1,"Agent 0","Agent 2",5770,143933571600384,143933572254508
"MEMORY_COPY","MEMORY_COPY_HOST_TO_DEVICE",1,"Agent 0","Agent 2",5774,143933577764898,143933578413461
"MEMORY_COPY","MEMORY_COPY_HOST_TO_DEVICE",1,"Agent 0","Agent 2",5778,143933584007492,143933584639775
"MEMORY_COPY","MEMORY_COPY_HOST_TO_DEVICE",1,"Agent 0","Agent 2",5782,143933590516567,143933591166050
"MEMORY_COPY","MEMORY_COPY_HOST_TO_DEVICE",1,"Agent 0","Agent 2",5786,143933596940191,143933597588995
"MEMORY_COPY","MEMORY_COPY_HOST_TO_DEVICE",1,"Agent 0","Agent 2",5790,143933603497737,143933604159540
"MEMORY_COPY","MEMORY_COPY_HOST_TO_DEVICE",1,"Agent 0","Agent 2",5794,143933609884292,143933610527615
"MEMORY_COPY","MEMORY_COPY_HOST_TO_DEVICE",1,"Agent 0","Agent 2",5798,143933616277767,143933617129931
"MEMORY_COPY","MEMORY_COPY_HOST_TO_DEVICE",1,"Agent 0","Agent 2",5802,143933623256805,143933623895008
"MEMORY_COPY","MEMORY_COPY_HOST_TO_DEVICE",1,"Agent 0","Agent 2",5806,143933629749100,143933630511984
"MEMORY_COPY","MEMORY_COPY_HOST_TO_DEVICE",1,"Agent 0","Agent 2",5810,143933636496847,143933637145771
"MEMORY_COPY","MEMORY_COPY_HOST_TO_DEVICE",1,"Agent 0","Agent 2",5814,143933642961382,143933643603906
"MEMORY_COPY","MEMORY_COPY_HOST_TO_DEVICE",1,"Agent 0","Agent 2",5818,143933649376017,143933650035981
"MEMORY_COPY","MEMORY_COPY_HOST_TO_DEVICE",1,"Agent 0","Agent 2",5822,143933655912358,143933656547841
"MEMORY_COPY","MEMORY_COPY_HOST_TO_DEVICE",1,"Agent 0","Agent 2",5826,143933662141241,143933662777525
"MEMORY_COPY","MEMORY_COPY_HOST_TO_DEVICE",1,"Agent 0","Agent 2",5830,143933668640637,143933669380881
"MEMORY_COPY","MEMORY_COPY_HOST_TO_DEVICE",1,"Agent 0","Agent 2",5834,143933675485334,143933676141138
"MEMORY_COPY","MEMORY_COPY_HOST_TO_DEVICE",1,"Agent 0","Agent 2",5838,143933681897949,143933682531673
"MEMORY_COPY","MEMORY_COPY_HOST_TO_DEVICE",1,"Agent 0","Agent 2",5842,143933688095733,143933688742136
"MEMORY_COPY","MEMORY_COPY_HOST_TO_DEVICE",1,"Agent 0","Agent 2",5846,143933694341097,143933694988061
"MEMORY_COPY","MEMORY_COPY_HOST_TO_DEVICE",1,"Agent 0","Agent 2",5850,143933700566151,143933701219395
"MEMORY_COPY","MEMORY_COPY_HOST_TO_DEVICE",1,"Agent 0","Agent 2",5868,143933706936536,143933707570459
"MEMORY_COPY","MEMORY_COPY_HOST_TO_DEVICE",1,"Agent 0","Agent 2",5872,143933708196183,143933708284983
"MEMORY_COPY","MEMORY_COPY_HOST_TO_DEVICE",1,"Agent 0","Agent 2",5878,143933713823344,143933714463787
"MEMORY_COPY","MEMORY_COPY_HOST_TO_DEVICE",1,"Agent 0","Agent 2",5882,143933715095131,143933715184931
"MEMORY_COPY","MEMORY_COPY_HOST_TO_DEVICE",1,"Agent 0","Agent 2",5888,143933720864703,143933721499426
"MEMORY_COPY","MEMORY_COPY_HOST_TO_DEVICE",1,"Agent 0","Agent 2",5892,143933722094299,143933722183899
"MEMORY_COPY","MEMORY_COPY_HOST_TO_DEVICE",1,"Agent 0","Agent 2",5898,143933722478241,143933722514641
"MEMORY_COPY","MEMORY_COPY_HOST_TO_DEVICE",1,"Agent 0","Agent 2",5904,143933722856773,143933722900253
"MEMORY_COPY","MEMORY_COPY_HOST_TO_DEVICE",1,"Agent 0","Agent 2",5940,143933723418176,143933723454456
"MEMORY_COPY","MEMORY_COPY_HOST_TO_DEVICE",1,"Agent 0","Agent 2",5946,143933725297236,143933725551598
"MEMORY_COPY","MEMORY_COPY_HOST_TO_DEVICE",1,"Agent 0","Agent 2",5958,143933727507198,143933727761400
"MEMORY_COPY","MEMORY_COPY_HOST_TO_DEVICE",1,"Agent 0","Agent 2",5964,143933728159412,143933728196572
"MEMORY_COPY","MEMORY_COPY_HOST_TO_DEVICE",1,"Agent 0","Agent 2",5982,143933733622072,143933734370076
"MEMORY_COPY","MEMORY_COPY_HOST_TO_DEVICE",1,"Agent 0","Agent 2",5986,143933734927539,143933735027139
"MEMORY_COPY","MEMORY_COPY_HOST_TO_DEVICE",1,"Agent 0","Agent 2",5992,143933740564500,143933741203983
"MEMORY_COPY","MEMORY_COPY_HOST_TO_DEVICE",1,"Agent 0","Agent 2",5996,143933741749536,143933741838017
"MEMORY_COPY","MEMORY_COPY_HOST_TO_DEVICE",1,"Agent 0","Agent 2",6002,143933747347007,143933747996050
"MEMORY_COPY","MEMORY_COPY_HOST_TO_DEVICE",1,"Agent 0","Agent 2",6006,143933748586964,143933748676124
"MEMORY_COPY","MEMORY_COPY_HOST_TO_DEVICE",1,"Agent 0","Agent 2",6012,143933748971926,143933749010286
"MEMORY_COPY","MEMORY_COPY_HOST_TO_DEVICE",1,"Agent 0","Agent 2",6018,143933749347848,143933749384968
"MEMORY_COPY","MEMORY_COPY_HOST_TO_DEVICE",1,"Agent 0","Agent 2",6054,143933749901021,143933749936981
"MEMORY_COPY","MEMORY_COPY_HOST_TO_DEVICE",1,"Agent 0","Agent 2",6060,143933751797361,143933752068443
"MEMORY_COPY","MEMORY_COPY_HOST_TO_DEVICE",1,"Agent 0","Agent 2",6072,143933753770392,143933754025913
"MEMORY_COPY","MEMORY_COPY_HOST_TO_DEVICE",1,"Agent 0","Agent 2",6078,143933754400825,143933754437306
"MEMORY_COPY","MEMORY_COPY_HOST_TO_DEVICE",1,"Agent 0","Agent 2",6096,143933759954856,143933760590659
"MEMORY_COPY","MEMORY_COPY_HOST_TO_DEVICE",1,"Agent 0","Agent 2",6100,143933761219023,143933761312463
"MEMORY_COPY","MEMORY_COPY_HOST_TO_DEVICE",1,"Agent 0","Agent 2",6106,143933766925164,143933767562887
"MEMORY_COPY","MEMORY_COPY_HOST_TO_DEVICE",1,"Agent 0","Agent 2",6110,143933768146421,143933768235461
"MEMORY_COPY","MEMORY_COPY_HOST_TO_DEVICE",1,"Agent 0","Agent 2",6116,143933773902662,143933774538945
"MEMORY_COPY","MEMORY_COPY_HOST_TO_DEVICE",1,"Agent 0","Agent 2",6120,143933775077468,143933775167829
"MEMORY_COPY","MEMORY_COPY_HOST_TO_DEVICE",1,"Agent 0","Agent 2",6126,143933775458171,143933775495371
"MEMORY_COPY","MEMORY_COPY_HOST_TO_DEVICE",1,"Agent 0","Agent 2",6132,143933775832293,143933775870253
"MEMORY_COPY","MEMORY_COPY_HOST_TO_DEVICE",1,"Agent 0","Agent 2",6168,143933776404916,143933776441796
"MEMORY_COPY","MEMORY_COPY_HOST_TO_DEVICE",1,"Agent 0","Agent 2",6174,143933778332026,143933778587588
"MEMORY_COPY","MEMORY_COPY_HOST_TO_DEVICE",1,"Agent 0","Agent 2",6186,143933780309367,143933780563728
"MEMORY_COPY","MEMORY_COPY_HOST_TO_DEVICE",1,"Agent 0","Agent 2",6192,143933780912740,143933780949181
"MEMORY_COPY","MEMORY_COPY_HOST_TO_DEVICE",1,"Agent 0","Agent 2",6210,143933786375077,143933787026960
"MEMORY_COPY","MEMORY_COPY_HOST_TO_DEVICE",1,"Agent 0","Agent 2",6214,143933787600173,143933787689453
"MEMORY_COPY","MEMORY_COPY_HOST_TO_DEVICE",1,"Agent 0","Agent 2",6220,143933793193793,143933793830037
"MEMORY_COPY","MEMORY_COPY_HOST_TO_DEVICE",1,"Agent 0","Agent 2",6224,143933794412250,143933794501050
"MEMORY_COPY","MEMORY_COPY_HOST_TO_DEVICE",1,"Agent 0","Agent 2",6230,143933799971800,143933800622844
"MEMORY_COPY","MEMORY_COPY_HOST_TO_DEVICE",1,"Agent 0","Agent 2",6234,143933801184807,143933801273527
"MEMORY_COPY","MEMORY_COPY_HOST_TO_DEVICE",1,"Agent 0","Agent 2",6240,143933801565609,143933801602049
"MEMORY_COPY","MEMORY_COPY_HOST_TO_DEVICE",1,"Agent 0","Agent 2",6246,143933801941381,143933801982101
"MEMORY_COPY","MEMORY_COPY_HOST_TO_DEVICE",1,"Agent 0","Agent 2",6282,143933802549154,143933802585315
"MEMORY_COPY","MEMORY_COPY_HOST_TO_DEVICE",1,"Agent 0","Agent 2",6288,143933804450325,143933804705526
"MEMORY_COPY","MEMORY_COPY_HOST_TO_DEVICE",1,"Agent 0","Agent 2",6300,143933806459826,143933806714427
"MEMORY_COPY","MEMORY_COPY_HOST_TO_DEVICE",1,"Agent 0","Agent 2",6306,143933807328820,143933807366141
"MEMORY_COPY","MEMORY_COPY_HOST_TO_DEVICE",1,"Agent 0","Agent 2",6324,143933812958821,143933813795586
"MEMORY_COPY","MEMORY_COPY_HOST_TO_DEVICE",1,"Agent 0","Agent 2",6328,143933814429089,143933814517850
"MEMORY_COPY","MEMORY_COPY_HOST_TO_DEVICE",1,"Agent 0","Agent 2",6334,143933820274471,143933820926835
"MEMORY_COPY","MEMORY_COPY_HOST_TO_DEVICE",1,"Agent 0","Agent 2",6338,143933821517398,143933821606799
"MEMORY_COPY","MEMORY_COPY_HOST_TO_DEVICE",1,"Agent 0","Agent 2",6344,143933827384750,143933828028994
"MEMORY_COPY","MEMORY_COPY_HOST_TO_DEVICE",1,"Agent 0","Agent 2",6348,143933828710827,143933828800108
"MEMORY_COPY","MEMORY_COPY_HOST_TO_DEVICE",1,"Agent 0","Agent 2",6354,143933829119270,143933829156350
"MEMORY_COPY","MEMORY_COPY_HOST_TO_DEVICE",1,"Agent 0","Agent 2",6360,143933829528072,143933829567432
"MEMORY_COPY","MEMORY_COPY_HOST_TO_DEVICE",1,"Agent 0","Agent 2",6396,143933830168805,143933830205086
"MEMORY_COPY","MEMORY_COPY_HOST_TO_DEVICE",1,"Agent 0","Agent 2",6402,143933832326747,143933832582509
"MEMORY_COPY","MEMORY_COPY_HOST_TO_DEVICE",1,"Agent 0","Agent 2",6414,143933834517419,143933834772821
"MEMORY_COPY","MEMORY_COPY_HOST_TO_DEVICE",1,"Agent 0","Agent 2",6420,143933835174993,143933835211793
"MEMORY_COPY","MEMORY_COPY_HOST_TO_DEVICE",1,"Agent 0","Agent 2",6438,143933840907744,143933841737749
"MEMORY_COPY","MEMORY_COPY_HOST_TO_DEVICE",1,"Agent 0","Agent 2",6442,143933842378952,143933842467953
"MEMORY_COPY","MEMORY_COPY_HOST_TO_DEVICE",1,"Agent 0","Agent 2",6448,143933848343095,143933848969778
"MEMORY_COPY","MEMORY_COPY_HOST_TO_DEVICE",1,"Agent 0","Agent 2",6452,143933849601380,143933849691020
"MEMORY_COPY","MEMORY_COPY_HOST_TO_DEVICE",1,"Agent 0","Agent 2",6458,143933861509084,143933862406129
"MEMORY_COPY","MEMORY_COPY_HOST_TO_DEVICE",1,"Agent 0","Agent 2",6462,143933863091903,143933863181623
"MEMORY_COPY","MEMORY_COPY_HOST_TO_DEVICE",1,"Agent 0","Agent 2",6468,143933863461085,143933863498205
"MEMORY_COPY","MEMORY_COPY_HOST_TO_DEVICE",1,"Agent 0","Agent 2",6474,143933863837747,143933863875307
"MEMORY_COPY","MEMORY_COPY_HOST_TO_DEVICE",1,"Agent 0","Agent 2",6510,143933864456160,143933864494600
"MEMORY_COPY","MEMORY_COPY_HOST_TO_DEVICE",1,"Agent 0","Agent 2",6516,143933866583722,143933866837203
"MEMORY_COPY","MEMORY_COPY_HOST_TO_DEVICE",1,"Agent 0","Agent 2",6528,143933868978145,143933869230666
"MEMORY_COPY","MEMORY_COPY_HOST_TO_DEVICE",1,"Agent 0","Agent 2",6534,143933869615268,143933869653789
"MEMORY_COPY","MEMORY_COPY_HOST_TO_DEVICE",1,"Agent 0","Agent 2",6552,143933876046534,143933876942898
"MEMORY_COPY","MEMORY_COPY_HOST_TO_DEVICE",1,"Agent 0","Agent 2",6556,143933877643002,143933877731963
"MEMORY_COPY","MEMORY_COPY_HOST_TO_DEVICE",1,"Agent 0","Agent 2",6562,143933883632845,143933884287529
"MEMORY_COPY","MEMORY_COPY_HOST_TO_DEVICE",1,"Agent 0","Agent 2",6566,143933884853292,143933884955172
"MEMORY_COPY","MEMORY_COPY_HOST_TO_DEVICE",1,"Agent 0","Agent 2",6572,143933890948175,143933891582179
"MEMORY_COPY","MEMORY_COPY_HOST_TO_DEVICE",1,"Agent 0","Agent 2",6576,143933892212432,143933892301192
"MEMORY_COPY","MEMORY_COPY_HOST_TO_DEVICE",1,"Agent 0","Agent 2",6582,143933892561644,143933892597884
"MEMORY_COPY","MEMORY_COPY_HOST_TO_DEVICE",1,"Agent 0","Agent 2",6588,143933892943256,143933892980336
"MEMORY_COPY","MEMORY_COPY_HOST_TO_DEVICE",1,"Agent 0","Agent 2",6624,143933893731320,143933893798601
"MEMORY_COPY","MEMORY_COPY_HOST_TO_DEVICE",1,"Agent 0","Agent 2",6630,143933900115845,143933900787569
"MEMORY_COPY","MEMORY_COPY_HOST_TO_DEVICE",1,"Agent 0","Agent 2",6642,143933905036812,143933905527055
"MEMORY_COPY","MEMORY_COPY_HOST_TO_DEVICE",1,"Agent 0","Agent 2",6648,143933906080588,143933906149068
"MEMORY_COPY","MEMORY_COPY_HOST_TO_DEVICE",1,"Agent 0","Agent 2",6666,143933912219857,143933913093261
"MEMORY_COPY","MEMORY_COPY_HOST_TO_DEVICE",1,"Agent 0","Agent 2",6670,143933919059463,143933919686826
"MEMORY_COPY","MEMORY_COPY_HOST_TO_DEVICE",1,"Agent 0","Agent 2",6674,143933921149864,143933921327985
"MEMORY_COPY","MEMORY_COPY_HOST_TO_DEVICE",1,"Agent 0","Agent 2",6680,143933927353698,143933928024102
"MEMORY_COPY","MEMORY_COPY_HOST_TO_DEVICE",1,"Agent 0","Agent 2",6684,143933934533677,143933935437362
"MEMORY_COPY","MEMORY_COPY_HOST_TO_DEVICE",1,"Agent 0","Agent 2",6688,143933936923060,143933937108501
"MEMORY_COPY","MEMORY_COPY_HOST_TO_DEVICE",1,"Agent 0","Agent 2",6694,143933943161624,143933943792508
"MEMORY_COPY","MEMORY_COPY_HOST_TO_DEVICE",1,"Agent 0","Agent 2",6698,143933949463829,143933950117312
"MEMORY_COPY","MEMORY_COPY_HOST_TO_DEVICE",1,"Agent 0","Agent 2",6702,143933951301349,143933951473670
"MEMORY_COPY","MEMORY_COPY_HOST_TO_DEVICE",1,"Agent 0","Agent 2",6708,143933951733451,143933951770611
"MEMORY_COPY","MEMORY_COPY_HOST_TO_DEVICE",1,"Agent 0","Agent 2",6714,143933952147333,143933952183294
"MEMORY_COPY","MEMORY_COPY_HOST_TO_DEVICE",1,"Agent 0","Agent 2",6750,143933952726317,143933952763597
"MEMORY_COPY","MEMORY_COPY_HOST_TO_DEVICE",1,"Agent 0","Agent 2",6756,143933954716287,143933954970209
"MEMORY_COPY","MEMORY_COPY_HOST_TO_DEVICE",1,"Agent 0","Agent 2",6768,143933956752499,143933957021020
"MEMORY_COPY","MEMORY_COPY_HOST_TO_DEVICE",1,"Agent 0","Agent 2",6774,143933957364332,143933957400252
"MEMORY_COPY","MEMORY_COPY_HOST_TO_DEVICE",1,"Agent 0","Agent 2",6792,143933963052813,143933963939898
"MEMORY_COPY","MEMORY_COPY_HOST_TO_DEVICE",1,"Agent 0","Agent 2",6796,143933969593739,143933970249942
"MEMORY_COPY","MEMORY_COPY_HOST_TO_DEVICE",1,"Agent 0","Agent 2",6800,143933971441309,143933971614790
"MEMORY_COPY","MEMORY_COPY_HOST_TO_DEVICE",1,"Agent 0","Agent 2",6806,143933977338692,143933977973855
"MEMORY_COPY","MEMORY_COPY_HOST_TO_DEVICE",1,"Agent 0","Agent 2",6810,143933983751386,143933984401710
"MEMORY_COPY","MEMORY_COPY_HOST_TO_DEVICE",1,"Agent 0","Agent 2",6814,143933985690747,143933985862548
"MEMORY_COPY","MEMORY_COPY_HOST_TO_DEVICE",1,"Agent 0","Agent 2",6820,143933991475368,143933992128652
"MEMORY_COPY","MEMORY_COPY_HOST_TO_DEVICE",1,"Agent 0","Agent 2",6824,143933997637662,143933998292106
"MEMORY_COPY","MEMORY_COPY_HOST_TO_DEVICE",1,"Agent 0","Agent 2",6828,143933999441542,143933999613743
"MEMORY_COPY","MEMORY_COPY_HOST_TO_DEVICE",1,"Agent 0","Agent 2",6834,143933999871134,143933999907454
"MEMORY_COPY","MEMORY_COPY_HOST_TO_DEVICE",1,"Agent 0","Agent 2",6840,143934000304937,143934000341657
"MEMORY_COPY","MEMORY_COPY_HOST_TO_DEVICE",1,"Agent 0","Agent 2",6876,143934000842689,143934000878730
"MEMORY_COPY","MEMORY_COPY_HOST_TO_DEVICE",1,"Agent 0","Agent 2",6882,143934002643029,143934002897631
"MEMORY_COPY","MEMORY_COPY_HOST_TO_DEVICE",1,"Agent 0","Agent 2",6894,143934004659060,143934004914382
"MEMORY_COPY","MEMORY_COPY_HOST_TO_DEVICE",1,"Agent 0","Agent 2",6900,143934005266424,143934005303904
"MEMORY_COPY","MEMORY_COPY_HOST_TO_DEVICE",1,"Agent 0","Agent 2",6918,143934010882274,143934011711319
"MEMORY_COPY","MEMORY_COPY_HOST_TO_DEVICE",1,"Agent 0","Agent 2",6922,143934017201539,143934017850662
"MEMORY_COPY","MEMORY_COPY_HOST_TO_DEVICE",1,"Agent 0","Agent 2",6926,143934019147490,143934019319811
"MEMORY_COPY","MEMORY_COPY_HOST_TO_DEVICE",1,"Agent 0","Agent 2",6932,143934024827851,143934025473734
"MEMORY_COPY","MEMORY_COPY_HOST_TO_DEVICE",1,"Agent 0","Agent 2",6936,143934031028185,143934031664508
"MEMORY_COPY","MEMORY_COPY_HOST_TO_DEVICE",1,"Agent 0","Agent 2",6940,143934032814304,143934032986625
"MEMORY_COPY","MEMORY_COPY_HOST_TO_DEVICE",1,"Agent 0","Agent 2",6946,143934038692726,143934039345890
"MEMORY_COPY","MEMORY_COPY_HOST_TO_DEVICE",1,"Agent 0","Agent 2",6950,143934044848345,143934045487228
"MEMORY_COPY","MEMORY_COPY_HOST_TO_DEVICE",1,"Agent 0","Agent 2",6954,143934046659924,143934046831085
"MEMORY_COPY","MEMORY_COPY_HOST_TO_DEVICE",1,"Agent 0","Agent 2",6960,143934047129836,143934047166877
"MEMORY_COPY","MEMORY_COPY_HOST_TO_DEVICE",1,"Agent 0","Agent 2",6966,143934047516919,143934047553159
"MEMORY_COPY","MEMORY_COPY_HOST_TO_DEVICE",1,"Agent 0","Agent 2",7002,143934048180232,143934048217032
"MEMORY_COPY","MEMORY_COPY_HOST_TO_DEVICE",1,"Agent 0","Agent 2",7008,143934049998942,143934050256184
"MEMORY_COPY","MEMORY_COPY_HOST_TO_DEVICE",1,"Agent 0","Agent 2",7020,143934051937373,143934052196214
"MEMORY_COPY","MEMORY_COPY_HOST_TO_DEVICE",1,"Agent 0","Agent 2",7026,143934052523806,143934052560846
"MEMORY_COPY","MEMORY_COPY_HOST_TO_DEVICE",1,"Agent 0","Agent 2",7044,143934058240177,143934058875341
"MEMORY_COPY","MEMORY_COPY_HOST_TO_DEVICE",1,"Agent 0","Agent 2",7048,143934064513221,143934065171345
"MEMORY_COPY","MEMORY_COPY_HOST_TO_DEVICE",1,"Agent 0","Agent 2",7052,143934066394452,143934066567253
"MEMORY_COPY","MEMORY_COPY_HOST_TO_DEVICE",1,"Agent 0","Agent 2",7058,143934072162283,143934072798047
"MEMORY_COPY","MEMORY_COPY_HOST_TO_DEVICE",1,"Agent 0","Agent 2",7062,143934078474438,143934079128841
"MEMORY_COPY","MEMORY_COPY_HOST_TO_DEVICE",1,"Agent 0","Agent 2",7066,143934080319678,143934080491399
"MEMORY_COPY","MEMORY_COPY_HOST_TO_DEVICE",1,"Agent 0","Agent 2",7072,143934086337711,143934086987194
"MEMORY_COPY","MEMORY_COPY_HOST_TO_DEVICE",1,"Agent 0","Agent 2",7076,143934092709526,143934093362209
"MEMORY_COPY","MEMORY_COPY_HOST_TO_DEVICE",1,"Agent 0","Agent 2",7080,143934094517936,143934094689337
"MEMORY_COPY","MEMORY_COPY_HOST_TO_DEVICE",1,"Agent 0","Agent 2",7086,143934094953938,143934094990378
"MEMORY_COPY","MEMORY_COPY_HOST_TO_DEVICE",1,"Agent 0","Agent 2",7092,143934095362500,143934095399340
"MEMORY_COPY","MEMORY_COPY_HOST_TO_DEVICE",1,"Agent 0","Agent 2",7128,143934095904883,143934095947163
"MEMORY_COPY","MEMORY_COPY_HOST_TO_DEVICE",1,"Agent 0","Agent 2",7134,143934097741403,143934098009525
"MEMORY_COPY","MEMORY_COPY_HOST_TO_DEVICE",1,"Agent 0","Agent 2",7146,143934099760234,143934100015636
"MEMORY_COPY","MEMORY_COPY_HOST_TO_DEVICE",1,"Agent 0","Agent 2",7152,143934100340457,143934100377578
"MEMORY_COPY","MEMORY_COPY_HOST_TO_DEVICE",1,"Agent 0","Agent 2",7170,143934105982548,143934106864793
"MEMORY_COPY","MEMORY_COPY_HOST_TO_DEVICE",1,"Agent 0","Agent 2",7174,143934112563033,143934113234836
"MEMORY_COPY","MEMORY_COPY_HOST_TO_DEVICE",1,"Agent 0","Agent 2",7178,143934114481332,143934114654133
"MEMORY_COPY","MEMORY_COPY_HOST_TO_DEVICE",1,"Agent 0","Agent 2",7184,143934120166803,143934120803007
"MEMORY_COPY","MEMORY_COPY_HOST_TO_DEVICE",1,"Agent 0","Agent 2",7188,143934126566818,143934127221662
"MEMORY_COPY","MEMORY_COPY_HOST_TO_DEVICE",1,"Agent 0","Agent 2",7192,143934128380418,143934128552339
"MEMORY_COPY","MEMORY_COPY_HOST_TO_DEVICE",1,"Agent 0","Agent 2",7198,143934134358521,143934134997524
"MEMORY_COPY","MEMORY_COPY_HOST_TO_DEVICE",1,"Agent 0","Agent 2",7202,143934140778676,143934141418479
"MEMORY_COPY","MEMORY_COPY_HOST_TO_DEVICE",1,"Agent 0","Agent 2",7206,143934142679606,143934142852327
"MEMORY_COPY","MEMORY_COPY_HOST_TO_DEVICE",1,"Agent 0","Agent 2",7212,143934143183339,143934143220699
"MEMORY_COPY","MEMORY_COPY_HOST_TO_DEVICE",1,"Agent 0","Agent 2",7218,143934143550111,143934143586711
"MEMORY_COPY","MEMORY_COPY_HOST_TO_DEVICE",1,"Agent 0","Agent 2",7254,143934144283855,143934144357535
"MEMORY_COPY","MEMORY_COPY_HOST_TO_DEVICE",1,"Agent 0","Agent 2",7260,143934148662839,143934149163241
"MEMORY_COPY","MEMORY_COPY_HOST_TO_DEVICE",1,"Agent 0","Agent 2",7272,143934153568935,143934154063578
"MEMORY_COPY","MEMORY_COPY_HOST_TO_DEVICE",1,"Agent 0","Agent 2",7278,143934154635171,143934154703572
"MEMORY_COPY","MEMORY_COPY_HOST_TO_DEVICE",1,"Agent 0","Agent 2",7296,143934160600814,143934161494779
"MEMORY_COPY","MEMORY_COPY_HOST_TO_DEVICE",1,"Agent 0","Agent 2",7300,143934162129442,143934162219003
"MEMORY_COPY","MEMORY_COPY_HOST_TO_DEVICE",1,"Agent 0","Agent 2",7306,143934168113145,143934168843549
"MEMORY_COPY","MEMORY_COPY_HOST_TO_DEVICE",1,"Agent 0","Agent 2",7310,143934169543362,143934169639723
"MEMORY_COPY","MEMORY_COPY_HOST_TO_DEVICE",1,"Agent 0","Agent 2",7316,143934175569218,143934176223501
"MEMORY_COPY","MEMORY_COPY_HOST_TO_DEVICE",1,"Agent 0","Agent 2",7320,143934176828554,143934176918634
"MEMORY_COPY","MEMORY_COPY_HOST_TO_DEVICE",1,"Agent 0","Agent 2",7326,143934177217236,143934177255396
"MEMORY_COPY","MEMORY_COPY_HOST_TO_DEVICE",1,"Agent 0","Agent 2",7332,143934177592408,143934177631408
"MEMORY_COPY","MEMORY_COPY_HOST_TO_DEVICE",1,"Agent 0","Agent 2",7368,143934178415632,143934178453753
"MEMORY_COPY","MEMORY_COPY_HOST_TO_DEVICE",1,"Agent 0","Agent 2",7374,143934180402243,143934180658885
"MEMORY_COPY","MEMORY_COPY_HOST_TO_DEVICE",1,"Agent 0","Agent 2",7386,143934182651716,143934182910797
"MEMORY_COPY","MEMORY_COPY_HOST_TO_DEVICE",1,"Agent 0","Agent 2",7392,143934183330959,143934183367600
"MEMORY_COPY","MEMORY_COPY_HOST_TO_DEVICE",1,"Agent 0","Agent 2",7410,143934189425303,143934190252187
"MEMORY_COPY","MEMORY_COPY_HOST_TO_DEVICE",1,"Agent 0","Agent 2",7414,143934196195320,143934196816683
"MEMORY_COPY","MEMORY_COPY_HOST_TO_DEVICE",1,"Agent 0","Agent 2",7418,143934198212631,143934198384632
"MEMORY_COPY","MEMORY_COPY_HOST_TO_DEVICE",1,"Agent 0","Agent 2",7424,143934204258994,143934204894437
"MEMORY_COPY","MEMORY_COPY_HOST_TO_DEVICE",1,"Agent 0","Agent 2",7428,143934211051301,143934211949266
"MEMORY_COPY","MEMORY_COPY_HOST_TO_DEVICE",1,"Agent 0","Agent 2",7432,143934213434514,143934213607715
"MEMORY_COPY","MEMORY_COPY_HOST_TO_DEVICE",1,"Agent 0","Agent 2",7438,143934219652288,143934220293292
"MEMORY_COPY","MEMORY_COPY_HOST_TO_DEVICE",1,"Agent 0","Agent 2",7442,143934226278314,143934226929238
"MEMORY_COPY","MEMORY_COPY_HOST_TO_DEVICE",1,"Agent 0","Agent 2",7446,143934228295365,143934228468326
"MEMORY_COPY","MEMORY_COPY_HOST_TO_DEVICE",1,"Agent 0","Agent 2",7452,143934228747868,143934228784748
"MEMORY_COPY","MEMORY_COPY_HOST_TO_DEVICE",1,"Agent 0","Agent 2",7458,143934229161540,143934229198380
"MEMORY_COPY","MEMORY_COPY_HOST_TO_DEVICE",1,"Agent 0","Agent 2",7494,143934229737403,143934229773563
"MEMORY_COPY","MEMORY_COPY_HOST_TO_DEVICE",1,"Agent 0","Agent 2",7500,143934231658774,143934231921215
"MEMORY_COPY","MEMORY_COPY_HOST_TO_DEVICE",1,"Agent 0","Agent 2",7512,143934233739715,143934234006637
"MEMORY_COPY","MEMORY_COPY_HOST_TO_DEVICE",1,"Agent 0","Agent 2",7518,143934234362388,143934234399469
"MEMORY_COPY","MEMORY_COPY_HOST_TO_DEVICE",1,"Agent 0","Agent 2",7536,143934240260681,143934241110645
"MEMORY_COPY","MEMORY_COPY_HOST_TO_DEVICE",1,"Agent 0","Agent 2",7540,143934246978977,143934247614380
"MEMORY_COPY","MEMORY_COPY_HOST_TO_DEVICE",1,"Agent 0","Agent 2",7544,143934248815797,143934248999678
"MEMORY_COPY","MEMORY_COPY_HOST_TO_DEVICE",1,"Agent 0","Agent 2",7550,143934254803329,143934255444533
"MEMORY_COPY","MEMORY_COPY_HOST_TO_DEVICE",1,"Agent 0","Agent 2",7554,143934261207784,143934261857148
"MEMORY_COPY","MEMORY_COPY_HOST_TO_DEVICE",1,"Agent 0","Agent 2",7558,143934263175405,143934263348446
"MEMORY_COPY","MEMORY_COPY_HOST_TO_DEVICE",1,"Agent 0","Agent 2",7564,143934269131978,143934269768021
"MEMORY_COPY","MEMORY_COPY_HOST_TO_DEVICE",1,"Agent 0","Agent 2",7568,143934275580403,143934276298247
"MEMORY_COPY","MEMORY_COPY_HOST_TO_DEVICE",1,"Agent 0","Agent 2",7572,143934277514304,143934277685865
"MEMORY_COPY","MEMORY_COPY_HOST_TO_DEVICE",1,"Agent 0","Agent 2",7578,143934277942386,143934277979506
"MEMORY_COPY","MEMORY_COPY_HOST_TO_DEVICE",1,"Agent 0","Agent 2",7584,143934278339678,143934278375638
"MEMORY_COPY","MEMORY_COPY_HOST_TO_DEVICE",1,"Agent 0","Agent 2",7620,143934278886431,143934278927831
"MEMORY_COPY","MEMORY_COPY_HOST_TO_DEVICE",1,"Agent 0","Agent 2",7626,143934280720361,143934280974483
"MEMORY_COPY","MEMORY_COPY_HOST_TO_DEVICE",1,"Agent 0","Agent 2",7638,143934282766942,143934283036504
"MEMORY_COPY","MEMORY_COPY_HOST_TO_DEVICE",1,"Agent 0","Agent 2",7644,143934283375096,143934283411496
"MEMORY_COPY","MEMORY_COPY_HOST_TO_DEVICE",1,"Agent 0","Agent 2",7662,143934289088767,143934289726410
"MEMORY_COPY","MEMORY_COPY_HOST_TO_DEVICE",1,"Agent 0","Agent 2",7666,143934295543712,143934296180716
"MEMORY_COPY","MEMORY_COPY_HOST_TO_DEVICE",1,"Agent 0","Agent 2",7670,143934297393912,143934297566153
"MEMORY_COPY","MEMORY_COPY_HOST_TO_DEVICE",1,"Agent 0","Agent 2",7676,143934303201753,143934303838076
"MEMORY_COPY","MEMORY_COPY_HOST_TO_DEVICE",1,"Agent 0","Agent 2",7680,143934309493886,143934310166650
"MEMORY_COPY","MEMORY_COPY_HOST_TO_DEVICE",1,"Agent 0","Agent 2",7684,143934311429187,143934311601708
"MEMORY_COPY","MEMORY_COPY_HOST_TO_DEVICE",1,"Agent 0","Agent 2",7690,143934317326789,143934317962473
"MEMORY_COPY","MEMORY_COPY_HOST_TO_DEVICE",1,"Agent 0","Agent 2",7694,143934323598344,143934324322388
"MEMORY_COPY","MEMORY_COPY_HOST_TO_DEVICE",1,"Agent 0","Agent 2",7698,143934325466404,143934325638125
"MEMORY_COPY","MEMORY_COPY_HOST_TO_DEVICE",1,"Agent 0","Agent 2",7704,143934326227288,143934326263648
"MEMORY_COPY","MEMORY_COPY_HOST_TO_DEVICE",1,"Agent 0","Agent 2",7710,143934326593240,143934326630320
"MEMORY_COPY","MEMORY_COPY_HOST_TO_DEVICE",1,"Agent 0","Agent 2",7746,143934327186853,143934327222853
"MEMORY_COPY","MEMORY_COPY_HOST_TO_DEVICE",1,"Agent 0","Agent 2",7752,143934328979883,143934329236525
"MEMORY_COPY","MEMORY_COPY_HOST_TO_DEVICE",1,"Agent 0","Agent 2",7764,143934330953834,143934331211795
"MEMORY_COPY","MEMORY_COPY_HOST_TO_DEVICE",1,"Agent 0","Agent 2",7770,143934331555077,143934331591997
"MEMORY_COPY","MEMORY_COPY_HOST_TO_DEVICE",1,"Agent 0","Agent 2",7788,143934337257188,143934337892832
"MEMORY_COPY","MEMORY_COPY_HOST_TO_DEVICE",1,"Agent 0","Agent 2",7792,143934343770474,143934344418038
"MEMORY_COPY","MEMORY_COPY_HOST_TO_DEVICE",1,"Agent 0","Agent 2",7796,143934345635744,143934345808305
"MEMORY_COPY","MEMORY_COPY_HOST_TO_DEVICE",1,"Agent 0","Agent 2",7802,143934351792558,143934352446402
"MEMORY_COPY","MEMORY_COPY_HOST_TO_DEVICE",1,"Agent 0","Agent 2",7806,143934358512535,143934359148818
"MEMORY_COPY","MEMORY_COPY_HOST_TO_DEVICE",1,"Agent 0","Agent 2",7810,143934360510566,143934360684647
"MEMORY_COPY","MEMORY_COPY_HOST_TO_DEVICE",1,"Agent 0","Agent 2",7816,143934366587195,143934367287118
"MEMORY_COPY","MEMORY_COPY_HOST_TO_DEVICE",1,"Agent 0","Agent 2",7820,143934373263550,143934373901474
"MEMORY_COPY","MEMORY_COPY_HOST_TO_DEVICE",1,"Agent 0","Agent 2",7824,143934375164111,143934375338592
"MEMORY_COPY","MEMORY_COPY_HOST_TO_DEVICE",1,"Agent 0","Agent 2",7830,143934375614763,143934375652484
"MEMORY_COPY","MEMORY_COPY_HOST_TO_DEVICE",1,"Agent 0","Agent 2",7836,143934375982945,143934376020986
"MEMORY_COPY","MEMORY_COPY_HOST_TO_DEVICE",1,"Agent 0","Agent 2",7872,143934376582259,143934376621179
"MEMORY_COPY","MEMORY_COPY_HOST_TO_DEVICE",1,"Agent 0","Agent 2",7878,143934378479169,143934378736371
"MEMORY_COPY","MEMORY_COPY_HOST_TO_DEVICE",1,"Agent 0","Agent 2",7890,143934380578511,143934380835592
"MEMORY_COPY","MEMORY_COPY_HOST_TO_DEVICE",1,"Agent 0","Agent 2",7896,143934381208474,143934381245114
"MEMORY_COPY","MEMORY_COPY_HOST_TO_DEVICE",1,"Agent 0","Agent 2",7914,143934387008146,143934387824471
"MEMORY_COPY","MEMORY_COPY_HOST_TO_DEVICE",1,"Agent 0","Agent 2",7918,143934393747343,143934394388787
"MEMORY_COPY","MEMORY_COPY_HOST_TO_DEVICE",1,"Agent 0","Agent 2",7922,143934395599444,143934395772204
"MEMORY_COPY","MEMORY_COPY_HOST_TO_DEVICE",1,"Agent 0","Agent 2",7928,143934401587667,143934402252430
"MEMORY_COPY","MEMORY_COPY_HOST_TO_DEVICE",1,"Agent 0","Agent 2",7932,143934408065022,143934408715426
"MEMORY_COPY","MEMORY_COPY_HOST_TO_DEVICE",1,"Agent 0","Agent 2",7936,143934409983873,143934410161794
"MEMORY_COPY","MEMORY_COPY_HOST_TO_DEVICE",1,"Agent 0","Agent 2",7942,143934415948996,143934416767080
"MEMORY_COPY","MEMORY_COPY_HOST_TO_DEVICE",1,"Agent 0","Agent 2",7946,143934422892434,143934423521277
"MEMORY_COPY","MEMORY_COPY_HOST_TO_DEVICE",1,"Agent 0","Agent 2",7950,143934424798574,143934424977575
"MEMORY_COPY","MEMORY_COPY_HOST_TO_DEVICE",1,"Agent 0","Agent 2",7956,143934425294877,143934425331237
"MEMORY_COPY","MEMORY_COPY_HOST_TO_DEVICE",1,"Agent 0","Agent 2",7962,143934425662089,143934425699169
"MEMORY_COPY","MEMORY_COPY_HOST_TO_DEVICE",1,"Agent 0","Agent 2",7998,143934426437784,143934426504344
"MEMORY_COPY","MEMORY_COPY_HOST_TO_DEVICE",1,"Agent 0","Agent 2",8004,143934430812687,143934431319289
"MEMORY_COPY","MEMORY_COPY_HOST_TO_DEVICE",1,"Agent 0","Agent 2",8016,143934435423951,143934435914554
"MEMORY_COPY","MEMORY_COPY_HOST_TO_DEVICE",1,"Agent 0","Agent 2",8022,143934436487457,143934436555617
"MEMORY_COPY","MEMORY_COPY_HOST_TO_DEVICE",1,"Agent 0","Agent 2",8040,143934442442199,143934443097163
"MEMORY_COPY","MEMORY_COPY_HOST_TO_DEVICE",1,"Agent 0","Agent 2",8044,143934448977305,143934449794030
"MEMORY_COPY","MEMORY_COPY_HOST_TO_DEVICE",1,"Agent 0","Agent 2",8048,143934451010466,143934451182947
"MEMORY_COPY","MEMORY_COPY_HOST_TO_DEVICE",1,"Agent 0","Agent 2",8054,143934457130130,143934457781373
"MEMORY_COPY","MEMORY_COPY_HOST_TO_DEVICE",1,"Agent 0","Agent 2",8058,143934463808596,143934464458520
"MEMORY_COPY","MEMORY_COPY_HOST_TO_DEVICE",1,"Agent 0","Agent 2",8062,143934465666306,143934465839747
"MEMORY_COPY","MEMORY_COPY_HOST_TO_DEVICE",1,"Agent 0","Agent 2",8068,143934471620879,143934472332843
"MEMORY_COPY","MEMORY_COPY_HOST_TO_DEVICE",1,"Agent 0","Agent 2",8072,143934477948264,143934478584867
"MEMORY_COPY","MEMORY_COPY_HOST_TO_DEVICE",1,"Agent 0","Agent 2",8076,143934479761233,143934479933034
"MEMORY_COPY","MEMORY_COPY_HOST_TO_DEVICE",1,"Agent 0","Agent 2",8082,143934480231896,143934480269376
"MEMORY_COPY","MEMORY_COPY_HOST_TO_DEVICE",1,"Agent 0","Agent 2",8088,143934480608928,143934480645168
"MEMORY_COPY","MEMORY_COPY_HOST_TO_DEVICE",1,"Agent 0","Agent 2",8124,143934481203771,143934481240852
"MEMORY_COPY","MEMORY_COPY_HOST_TO_DEVICE",1,"Agent 0","Agent 2",8130,143934483030261,143934483285543
"MEMORY_COPY","MEMORY_COPY_HOST_TO_DEVICE",1,"Agent 0","Agent 2",8142,143934485026112,143934485283634
"MEMORY_COPY","MEMORY_COPY_HOST_TO_DEVICE",1,"Agent 0","Agent 2",8148,143934485604165,143934485641246
"MEMORY_COPY","MEMORY_COPY_HOST_TO_DEVICE",1,"Agent 0","Agent 2",8166,143934491373557,143934492012520
"MEMORY_COPY","MEMORY_COPY_HOST_TO_DEVICE",1,"Agent 0","Agent 2",8170,143934497926717,143934498703121
"MEMORY_COPY","MEMORY_COPY_HOST_TO_DEVICE",1,"Agent 0","Agent 2",8174,143934499920707,143934500100068
"MEMORY_COPY","MEMORY_COPY_HOST_TO_DEVICE",1,"Agent 0","Agent 2",8180,143934505862850,143934506519493
"MEMORY_COPY","MEMORY_COPY_HOST_TO_DEVICE",1,"Agent 0","Agent 2",8184,143934512221015,143934512868698
"MEMORY_COPY","MEMORY_COPY_HOST_TO_DEVICE",1,"Agent 0","Agent 2",8188,143934514093875,143934514269836
"MEMORY_COPY","MEMORY_COPY_HOST_TO_DEVICE",1,"Agent 0","Agent 2",8194,143934519993248,143934520632531
"MEMORY_COPY","MEMORY_COPY_HOST_TO_DEVICE",1,"Agent 0","Agent 2",8198,143934526222582,143934526861465
"MEMORY_COPY","MEMORY_COPY_HOST_TO_DEVICE",1,"Agent 0","Agent 2",8202,143934528021252,143934528194893
"MEMORY_COPY","MEMORY_COPY_HOST_TO_DEVICE",1,"Agent 0","Agent 2",8208,143934528460044,143934528496364
"MEMORY_COPY","MEMORY_COPY_HOST_TO_DEVICE",1,"Agent 0","Agent 2",8214,143934528816146,143934528853586
"MEMORY_COPY","MEMORY_COPY_HOST_TO_DEVICE",1,"Agent 0","Agent 2",8250,143934529416809,143934529452850
"MEMORY_COPY","MEMORY_COPY_HOST_TO_DEVICE",1,"Agent 0","Agent 2",8256,143934531347250,143934531602372
"MEMORY_COPY","MEMORY_COPY_HOST_TO_DEVICE",1,"Agent 0","Agent 2",8268,143934533398061,143934533651863
"MEMORY_COPY","MEMORY_COPY_HOST_TO_DEVICE",1,"Agent 0","Agent 2",8274,143934533976845,143934534020125
"MEMORY_COPY","MEMORY_COPY_HOST_TO_DEVICE",1,"Agent 0","Agent 2",8292,143934539690086,143934540410410
"MEMORY_COPY","MEMORY_COPY_HOST_TO_DEVICE",1,"Agent 0","Agent 2",8296,143934546115041,143934546768125
"MEMORY_COPY","MEMORY_COPY_HOST_TO_DEVICE",1,"Agent 0","Agent 2",8300,143934548026412,143934548200213
"MEMORY_COPY","MEMORY_COPY_HOST_TO_DEVICE",1,"Agent 0","Agent 2",8306,143934553928404,143934554570928
"MEMORY_COPY","MEMORY_COPY_HOST_TO_DEVICE",1,"Agent 0","Agent 2",8310,143934560275959,143934560916443
"MEMORY_COPY","MEMORY_COPY_HOST_TO_DEVICE",1,"Agent 0","Agent 2",8314,143934562116545,143934562288625
"MEMORY_COPY","MEMORY_COPY_HOST_TO_DEVICE",1,"Agent 0","Agent 2",8320,143934567948905,143934568590789
"MEMORY_COPY","MEMORY_COPY_HOST_TO_DEVICE",1,"Agent 0","Agent 2",8324,143934574215470,143934574851353
"MEMORY_COPY","MEMORY_COPY_HOST_TO_DEVICE",1,"Agent 0","Agent 2",8328,143934576083290,143934576255571
"MEMORY_COPY","MEMORY_COPY_HOST_TO_DEVICE",1,"Agent 0","Agent 2",8334,143934576531862,143934576569142
"MEMORY_COPY","MEMORY_COPY_HOST_TO_DEVICE",1,"Agent 0","Agent 2",8340,143934576903674,143934576940235
"MEMORY_COPY","MEMORY_COPY_HOST_TO_DEVICE",1,"Agent 0","Agent 2",8376,143934577503618,143934577540778
"MEMORY_COPY","MEMORY_COPY_HOST_TO_DEVICE",1,"Agent 0","Agent 2",8382,143934579317678,143934579572719
"MEMORY_COPY","MEMORY_COPY_HOST_TO_DEVICE",1,"Agent 0","Agent 2",8394,143934581351249,143934581606250
"MEMORY_COPY","MEMORY_COPY_HOST_TO_DEVICE",1,"Agent 0","Agent 2",8400,143934581945032,143934581994192
"MEMORY_COPY","MEMORY_COPY_HOST_TO_DEVICE",1,"Agent 0","Agent 2",8418,143934588036395,143934588862360
"MEMORY_COPY","MEMORY_COPY_HOST_TO_DEVICE",1,"Agent 0","Agent 2",8422,143934594664631,143934595329755
"MEMORY_COPY","MEMORY_COPY_HOST_TO_DEVICE",1,"Agent 0","Agent 2",8426,143934596700712,143934596873633
"MEMORY_COPY","MEMORY_COPY_HOST_TO_DEVICE",1,"Agent 0","Agent 2",8432,143934602632845,143934603279568
"MEMORY_COPY","MEMORY_COPY_HOST_TO_DEVICE",1,"Agent 0","Agent 2",8436,143934608915349,143934609562793
"MEMORY_COPY","MEMORY_COPY_HOST_TO_DEVICE",1,"Agent 0","Agent 2",8440,143934610818400,143934610995041
"MEMORY_COPY","MEMORY_COPY_HOST_TO_DEVICE",1,"Agent 0","Agent 2",8446,143934616861123,143934617512046
"MEMORY_COPY","MEMORY_COPY_HOST_TO_DEVICE",1,"Agent 0","Agent 2",8450,143934623176767,143934623828491
"MEMORY_COPY","MEMORY_COPY_HOST_TO_DEVICE",1,"Agent 0","Agent 2",8454,143934625021689,143934625195089
"MEMORY_COPY","MEMORY_COPY_HOST_TO_DEVICE",1,"Agent 0","Agent 2",8460,143934625470360,143934625507480
"MEMORY_COPY","MEMORY_COPY_HOST_TO_DEVICE",1,"Agent 0","Agent 2",8466,143934625870942,143934625908502
"MEMORY_COPY","MEMORY_COPY_HOST_TO_DEVICE",1,"Agent 0","Agent 2",8502,143934626485646,143934626522006
"MEMORY_COPY","MEMORY_COPY_HOST_TO_DEVICE",1,"Agent 0","Agent 2",8508,143934628349016,143934628603497
"MEMORY_COPY","MEMORY_COPY_HOST_TO_DEVICE",1,"Agent 0","Agent 2",8520,143934630437287,143934630692409
"MEMORY_COPY","MEMORY_COPY_HOST_TO_DEVICE",1,"Agent 0","Agent 2",8526,143934631071751,143934631108351
"MEMORY_COPY","MEMORY_COPY_HOST_TO_DEVICE",1,"Agent 0","Agent 2",8544,143934636803442,143934637581926
"MEMORY_COPY","MEMORY_COPY_HOST_TO_DEVICE",1,"Agent 0","Agent 2",8548,143934643270148,143934643929431
"MEMORY_COPY","MEMORY_COPY_HOST_TO_DEVICE",1,"Agent 0","Agent 2",8552,143934645255678,143934645431839
"MEMORY_COPY","MEMORY_COPY_HOST_TO_DEVICE",1,"Agent 0","Agent 2",8558,143934651254841,143934651904125
"MEMORY_COPY","MEMORY_COPY_HOST_TO_DEVICE",1,"Agent 0","Agent 2",8562,143934657653446,143934658320330
"MEMORY_COPY","MEMORY_COPY_HOST_TO_DEVICE",1,"Agent 0","Agent 2",8566,143934659569827,143934659742748
"MEMORY_COPY","MEMORY_COPY_HOST_TO_DEVICE",1,"Agent 0","Agent 2",8572,143934665648950,143934666352314
"MEMORY_COPY","MEMORY_COPY_HOST_TO_DEVICE",1,"Agent 0","Agent 2",8576,143934672088986,143934672724909
"MEMORY_COPY","MEMORY_COPY_HOST_TO_DEVICE",1,"Agent 0","Agent 2",8580,143934673969086,143934674144207
"MEMORY_COPY","MEMORY_COPY_HOST_TO_DEVICE",1,"Agent 0","Agent 2",8586,143934674423398,143934674461759
"MEMORY_COPY","MEMORY_COPY_HOST_TO_DEVICE",1,"Agent 0","Agent 2",8592,143934674808290,143934674845451
"MEMORY_COPY","MEMORY_COPY_HOST_TO_DEVICE",1,"Agent 0","Agent 2",8628,143934675564205,143934675632365
"MEMORY_COPY","MEMORY_COPY_HOST_TO_DEVICE",1,"Agent 0","Agent 2",8634,143934679942429,143934680445671
"MEMORY_COPY","MEMORY_COPY_HOST_TO_DEVICE",1,"Agent 0","Agent 2",8646,143934684861206,143934685365488
"MEMORY_COPY","MEMORY_COPY_HOST_TO_DEVICE",1,"Agent 0","Agent 2",8652,143934685899101,143934685972422
"MEMORY_COPY","MEMORY_COPY_HOST_TO_DEVICE",1,"Agent 0","Agent 2",8670,143934691810737,143934692594621
"MEMORY_COPY","MEMORY_COPY_HOST_TO_DEVICE",1,"Agent 0","Agent 2",8674,143934693275764,143934693363965
"MEMORY_COPY","MEMORY_COPY_HOST_TO_DEVICE",1,"Agent 0","Agent 2",8680,143934699297907,143934699944151
"MEMORY_COPY","MEMORY_COPY_HOST_TO_DEVICE",1,"Agent 0","Agent 2",8684,143934700589814,143934700678495
"MEMORY_COPY","MEMORY_COPY_HOST_TO_DEVICE",1,"Agent 0","Agent 2",8690,143934706543677,143934707193761
"MEMORY_COPY","MEMORY_COPY_HOST_TO_DEVICE",1,"Agent 0","Agent 2",8694,143934707779984,143934707868385
"MEMORY_COPY","MEMORY_COPY_HOST_TO_DEVICE",1,"Agent 0","Agent 2",8700,143934708204826,143934708241907
"MEMORY_COPY","MEMORY_COPY_HOST_TO_DEVICE",1,"Agent 0","Agent 2",8706,143934708568538,143934708606339
"MEMORY_COPY","MEMORY_COPY_HOST_TO_DEVICE",1,"Agent 0","Agent 2",8742,143934709202032,143934709239512
"MEMORY_COPY","MEMORY_COPY_HOST_TO_DEVICE",1,"Agent 0","Agent 2",8748,143934711146863,143934711403184
"MEMORY_COPY","MEMORY_COPY_HOST_TO_DEVICE",1,"Agent 0","Agent 2",8760,143934713499696,143934713754697
"MEMORY_COPY","MEMORY_COPY_HOST_TO_DEVICE",1,"Agent 0","Agent 2",8766,143934714177059,143934714213339
"MEMORY_COPY","MEMORY_COPY_HOST_TO_DEVICE",1,"Agent 0","Agent 2",8784,143934719878521,143934720681605
"MEMORY_COPY","MEMORY_COPY_HOST_TO_DEVICE",1,"Agent 0","Agent 2",8788,143934726574508,143934727228111
"MEMORY_COPY","MEMORY_COPY_HOST_TO_DEVICE",1,"Agent 0","Agent 2",8792,143934728476138,143934728648219
"MEMORY_COPY","MEMORY_COPY_HOST_TO_DEVICE",1,"Agent 0","Agent 2",8798,143934734403121,143934735067964
"MEMORY_COPY","MEMORY_COPY_HOST_TO_DEVICE",1,"Agent 0","Agent 2",8802,143934740872936,143934741559100
"MEMORY_COPY","MEMORY_COPY_HOST_TO_DEVICE",1,"Agent 0","Agent 2",8806,143934742887497,143934743274419
"MEMORY_COPY","MEMORY_COPY_HOST_TO_DEVICE",1,"Agent 0","Agent 2",8812,143934749135892,143934750022417
"MEMORY_COPY","MEMORY_COPY_HOST_TO_DEVICE",1,"Agent 0","Agent 2",8816,143934755878587,143934756538950
"MEMORY_COPY","MEMORY_COPY_HOST_TO_DEVICE",1,"Agent 0","Agent 2",8820,143934757792296,143934757971057
"MEMORY_COPY","MEMORY_COPY_HOST_TO_DEVICE",1,"Agent 0","Agent 2",8826,143934758318839,143934758355079
"MEMORY_COPY","MEMORY_COPY_HOST_TO_DEVICE",1,"Agent 0","Agent 2",8832,143934758715051,143934758751932
"MEMORY_COPY","MEMORY_COPY_HOST_TO_DEVICE",1,"Agent 0","Agent 2",8868,143934759304685,143934759342765
"MEMORY_COPY","MEMORY_COPY_HOST_TO_DEVICE",1,"Agent 0","Agent 2",8874,143934761220295,143934761487297
"MEMORY_COPY","MEMORY_COPY_HOST_TO_DEVICE",1,"Agent 0","Agent 2",8886,143934763332107,143934763591948
"MEMORY_COPY","MEMORY_COPY_HOST_TO_DEVICE",1,"Agent 0","Agent 2",8892,143934763956650,143934763993770
"MEMORY_COPY","MEMORY_COPY_HOST_TO_DEVICE",1,"Agent 0","Agent 2",8910,143934769753832,143934770510036
"MEMORY_COPY","MEMORY_COPY_HOST_TO_DEVICE",1,"Agent 0","Agent 2",8914,143934776380928,143934777037812
"MEMORY_COPY","MEMORY_COPY_HOST_TO_DEVICE",1,"Agent 0","Agent 2",8918,143934778380559,143934778564040
"MEMORY_COPY","MEMORY_COPY_HOST_TO_DEVICE",1,"Agent 0","Agent 2",8924,143934784350502,143934784984705
"MEMORY_COPY","MEMORY_COPY_HOST_TO_DEVICE",1,"Agent 0","Agent 2",8928,143934790965938,143934791628662
"MEMORY_COPY","MEMORY_COPY_HOST_TO_DEVICE",1,"Agent 0","Agent 2",8932,143934793088860,143934793264341
"MEMORY_COPY","MEMORY_COPY_HOST_TO_DEVICE",1,"Agent 0","Agent 2",8938,143934799174943,143934800064828
"MEMORY_COPY","MEMORY_COPY_HOST_TO_DEVICE",1,"Agent 0","Agent 2",8942,143934806046161,143934806696404
"MEMORY_COPY","MEMORY_COPY_HOST_TO_DEVICE",1,"Agent 0","Agent 2",8946,143934807954531,143934808127572
"MEMORY_COPY","MEMORY_COPY_HOST_TO_DEVICE",1,"Agent 0","Agent 2",8952,143934808401904,143934808438584
"MEMORY_COPY","MEMORY_COPY_HOST_TO_DEVICE",1,"Agent 0","Agent 2",8958,143934808781856,143934808819576
"MEMORY_COPY","MEMORY_COPY_HOST_TO_DEVICE",1,"Agent 0","Agent 2",8994,143934809416009,143934809452889
"MEMORY_COPY","MEMORY_COPY_HOST_TO_DEVICE",1,"Agent 0","Agent 2",9000,143934811384880,143934811648121
"MEMORY_COPY","MEMORY_COPY_HOST_TO_DEVICE",1,"Agent 0","Agent 2",9012,143934813559692,143934813827533
"MEMORY_COPY","MEMORY_COPY_HOST_TO_DEVICE",1,"Agent 0","Agent 2",9018,143934814239426,143934814275506
"MEMORY_COPY","MEMORY_COPY_HOST_TO_DEVICE",1,"Agent 0","Agent 2",9036,143934820092493,143934820976937
"MEMORY_COPY","MEMORY_COPY_HOST_TO_DEVICE",1,"Agent 0","Agent 2",9040,143934826838389,143934827481232
"MEMORY_COPY","MEMORY_COPY_HOST_TO_DEVICE",1,"Agent 0","Agent 2",9044,143934828736609,143934828911130
"MEMORY_COPY","MEMORY_COPY_HOST_TO_DEVICE",1,"Agent 0","Agent 2",9050,143934834744032,143934835403236
"MEMORY_COPY","MEMORY_COPY_HOST_TO_DEVICE",1,"Agent 0","Agent 2",9054,143934841302448,143934841968452
"MEMORY_COPY","MEMORY_COPY_HOST_TO_DEVICE",1,"Agent 0","Agent 2",9058,143934843551741,143934843733182
"MEMORY_COPY","MEMORY_COPY_HOST_TO_DEVICE",1,"Agent 0","Agent 2",9064,143934849932756,143934850764641
"MEMORY_COPY","MEMORY_COPY_HOST_TO_DEVICE",1,"Agent 0","Agent 2",9068,143934857103945,143934857753389
"MEMORY_COPY","MEMORY_COPY_HOST_TO_DEVICE",1,"Agent 0","Agent 2",9072,143934859166087,143934859352848
"MEMORY_COPY","MEMORY_COPY_HOST_TO_DEVICE",1,"Agent 0","Agent 2",9078,143934859668540,143934859705180
"MEMORY_COPY","MEMORY_COPY_HOST_TO_DEVICE",1,"Agent 0","Agent 2",9084,143934860073242,143934860115402
"MEMORY_COPY","MEMORY_COPY_HOST_TO_DEVICE",1,"Agent 0","Agent 2",9120,143934860925757,143934860963237
"MEMORY_COPY","MEMORY_COPY_HOST_TO_DEVICE",1,"Agent 0","Agent 2",9126,143934862971408,143934863231289
"MEMORY_COPY","MEMORY_COPY_HOST_TO_DEVICE",1,"Agent 0","Agent 2",9138,143934865177430,143934865436311
"MEMORY_COPY","MEMORY_COPY_HOST_TO_DEVICE",1,"Agent 0","Agent 2",9144,143934865824924,143934865862204
"MEMORY_COPY","MEMORY_COPY_HOST_TO_DEVICE",1,"Agent 0","Agent 2",9162,143934871800846,143934872685171
"MEMORY_COPY","MEMORY_COPY_HOST_TO_DEVICE",1,"Agent 0","Agent 2",9166,143934878538744,143934879194107
"MEMORY_COPY","MEMORY_COPY_HOST_TO_DEVICE",1,"Agent 0","Agent 2",9170,143934880463614,143934880644215
"MEMORY_COPY","MEMORY_COPY_HOST_TO_DEVICE",1,"Agent 0","Agent 2",9176,143934886485007,143934887135730
"MEMORY_COPY","MEMORY_COPY_HOST_TO_DEVICE",1,"Agent 0","Agent 2",9180,143934892889821,143934893539905
"MEMORY_COPY","MEMORY_COPY_HOST_TO_DEVICE",1,"Agent 0","Agent 2",9184,143934894808612,143934894986772
"MEMORY_COPY","MEMORY_COPY_HOST_TO_DEVICE",1,"Agent 0","Agent 2",9190,143934900894735,143934901532458
"MEMORY_COPY","MEMORY_COPY_HOST_TO_DEVICE",1,"Agent 0","Agent 2",9194,143934907352180,143934907998824
"MEMORY_COPY","MEMORY_COPY_HOST_TO_DEVICE",1,"Agent 0","Agent 2",9198,143934909389871,143934909561192
"MEMORY_COPY","MEMORY_COPY_HOST_TO_DEVICE",1,"Agent 0","Agent 2",9204,143934909862104,143934909899704
"MEMORY_COPY","MEMORY_COPY_HOST_TO_DEVICE",1,"Agent 0","Agent 2",9210,143934910277576,143934910313776
"MEMORY_COPY","MEMORY_COPY_HOST_TO_DEVICE",1,"Agent 0","Agent 2",9246,143934910882010,143934910919370
"MEMORY_COPY","MEMORY_COPY_HOST_TO_DEVICE",1,"Agent 0","Agent 2",9252,143934912840250,143934913099492
"MEMORY_COPY","MEMORY_COPY_HOST_TO_DEVICE",1,"Agent 0","Agent 2",9264,143934915018312,143934915275394
"MEMORY_COPY","MEMORY_COPY_HOST_TO_DEVICE",1,"Agent 0","Agent 2",9270,143934915638706,143934915676466
"MEMORY_COPY","MEMORY_COPY_HOST_TO_DEVICE",1,"Agent 0","Agent 2",9288,143934921549868,143934922435393
"MEMORY_COPY","MEMORY_COPY_HOST_TO_DEVICE",1,"Agent 0","Agent 2",9292,143934928280365,143934928922608
"MEMORY_COPY","MEMORY_COPY_HOST_TO_DEVICE",1,"Agent 0","Agent 2",9296,143934930245806,143934930423167
"MEMORY_COPY","MEMORY_COPY_HOST_TO_DEVICE",1,"Agent 0","Agent 2",9302,143934936264339,143934936900582
"MEMORY_COPY","MEMORY_COPY_HOST_TO_DEVICE",1,"Agent 0","Agent 2",9306,143934942859375,143934943502098
"MEMORY_COPY","MEMORY_COPY_HOST_TO_DEVICE",1,"Agent 0","Agent 2",9310,143934944956366,143934945140487
"MEMORY_COPY","MEMORY_COPY_HOST_TO_DEVICE",1,"Agent 0","Agent 2",9316,143934951128548,143934951760671
"MEMORY_COPY","MEMORY_COPY_HOST_TO_DEVICE",1,"Agent 0","Agent 2",9320,143934957891564,143934958700728
"MEMORY_COPY","MEMORY_COPY_HOST_TO_DEVICE",1,"Agent 0","Agent 2",9324,143934960106396,143934960286037
"MEMORY_COPY","MEMORY_COPY_HOST_TO_DEVICE",1,"Agent 0","Agent 2",9330,143934960617529,143934960654369
"MEMORY_COPY","MEMORY_COPY_HOST_TO_DEVICE",1,"Agent 0","Agent 2",9336,143934961019411,143934961057731
"MEMORY_COPY","MEMORY_COPY_HOST_TO_DEVICE",1,"Agent 0","Agent 2",9372,143934961841206,143934961910406
"MEMORY_COPY","MEMORY_COPY_HOST_TO_DEVICE",1,"Agent 0","Agent 2",9378,143934966692252,143934967188455
"MEMORY_COPY","MEMORY_COPY_HOST_TO_DEVICE",1,"Agent 0","Agent 2",9390,143934971962371,143934972451013
"MEMORY_COPY","MEMORY_COPY_HOST_TO_DEVICE",1,"Agent 0","Agent 2",9396,143934973062997,143934973131597
"MEMORY_COPY","MEMORY_COPY_HOST_TO_DEVICE",1,"Agent 0","Agent 2",9414,143934979796024,143934980681908
"MEMORY_COPY","MEMORY_COPY_HOST_TO_DEVICE",1,"Agent 0","Agent 2",9418,143934981344922,143934981433963
"MEMORY_COPY","MEMORY_COPY_HOST_TO_DEVICE",1,"Agent 0","Agent 2",9424,143934987596916,143934988251560
"MEMORY_COPY","MEMORY_COPY_HOST_TO_DEVICE",1,"Agent 0","Agent 2",9428,143934988875953,143934988964874
"MEMORY_COPY","MEMORY_COPY_HOST_TO_DEVICE",1,"Agent 0","Agent 2",9434,143934994928726,143934995567570
"MEMORY_COPY","MEMORY_COPY_HOST_TO_DEVICE",1,"Agent 0","Agent 2",9438,143934996251103,143934996341984
"MEMORY_COPY","MEMORY_COPY_HOST_TO_DEVICE",1,"Agent 0","Agent 2",9444,143934996699096,143934996735736
"MEMORY_COPY","MEMORY_COPY_HOST_TO_DEVICE",1,"Agent 0","Agent 2",9450,143934997120948,143934997164948
"MEMORY_COPY","MEMORY_COPY_HOST_TO_DEVICE",1,"Agent 0","Agent 2",9486,143934998091244,143934998158644
"MEMORY_COPY","MEMORY_COPY_HOST_TO_DEVICE",1,"Agent 0","Agent 2",9492,143935002586368,143935003077091
"MEMORY_COPY","MEMORY_COPY_HOST_TO_DEVICE",1,"Agent 0","Agent 2",9504,143935007239134,143935007731216
"MEMORY_COPY","MEMORY_COPY_HOST_TO_DEVICE",1,"Agent 0","Agent 2",9510,143935008333139,143935008400620
"MEMORY_COPY","MEMORY_COPY_HOST_TO_DEVICE",1,"Agent 0","Agent 2",9528,143935014369999,143935015207163
"MEMORY_COPY","MEMORY_COPY_HOST_TO_DEVICE",1,"Agent 0","Agent 2",9532,143935015804216,143935015893016
"MEMORY_COPY","MEMORY_COPY_HOST_TO_DEVICE",1,"Agent 0","Agent 2",9538,143935022026970,143935022669933
"MEMORY_COPY","MEMORY_COPY_HOST_TO_DEVICE",1,"Agent 0","Agent 2",9542,143935023315857,143935023404577
"MEMORY_COPY","MEMORY_COPY_HOST_TO_DEVICE",1,"Agent 0","Agent 2",9548,143935029373990,143935030018353
"MEMORY_COPY","MEMORY_COPY_HOST_TO_DEVICE",1,"Agent 0","Agent 2",9552,143935030629877,143935030718597
"MEMORY_COPY","MEMORY_COPY_HOST_TO_DEVICE",1,"Agent 0","Agent 2",9558,143935031060459,143935031096819
"MEMORY_COPY","MEMORY_COPY_HOST_TO_DEVICE",1,"Agent 0","Agent 2",9564,143935031432401,143935031469001
"MEMORY_COPY","MEMORY_COPY_HOST_TO_DEVICE",1,"Agent 0","Agent 2",9600,143935031987814,143935032033094
"MEMORY_COPY","MEMORY_COPY_HOST_TO_DEVICE",1,"Agent 0","Agent 2",9606,143935033922655,143935034180616
"MEMORY_COPY","MEMORY_COPY_HOST_TO_DEVICE",1,"Agent 0","Agent 2",9618,143935036009506,143935036265748
"MEMORY_COPY","MEMORY_COPY_HOST_TO_DEVICE",1,"Agent 0","Agent 2",9624,143935036656850,143935036694210
"MEMORY_COPY","MEMORY_COPY_HOST_TO_DEVICE",1,"Agent 0","Agent 2",9642,143935042786403,143935043672248
"MEMORY_COPY","MEMORY_COPY_HOST_TO_DEVICE",1,"Agent 0","Agent 2",9646,143935044552733,143935044654533
"MEMORY_COPY","MEMORY_COPY_HOST_TO_DEVICE",1,"Agent 0","Agent 2",9652,143935051369670,143935052006554
"MEMORY_COPY","MEMORY_COPY_HOST_TO_DEVICE",1,"Agent 0","Agent 2",9656,143935052662407,143935052750888
"MEMORY_COPY","MEMORY_COPY_HOST_TO_DEVICE",1,"Agent 0","Agent 2",9662,143935058877771,143935059521775
"MEMORY_COPY","MEMORY_COPY_HOST_TO_DEVICE",1,"Agent 0","Agent 2",9666,143935060381439,143935060470200
"MEMORY_COPY","MEMORY_COPY_HOST_TO_DEVICE",1,"Agent 0","Agent 2",9672,143935060794362,143935060830762
"MEMORY_COPY","MEMORY_COPY_HOST_TO_DEVICE",1,"Agent 0","Agent 2",9678,143935061207754,143935061244394
"MEMORY_COPY","MEMORY_COPY_HOST_TO_DEVICE",1,"Agent 0","Agent 2",9714,143935061801767,143935061837887
"MEMORY_COPY","MEMORY_COPY_HOST_TO_DEVICE",1,"Agent 0","Agent 2",9720,143935063800588,143935064057750
"MEMORY_COPY","MEMORY_COPY_HOST_TO_DEVICE",1,"Agent 0","Agent 2",9732,143935065909970,143935066166371
"MEMORY_COPY","MEMORY_COPY_HOST_TO_DEVICE",1,"Agent 0","Agent 2",9738,143935066568843,143935066605763
"MEMORY_COPY","MEMORY_COPY_HOST_TO_DEVICE",1,"Agent 0","Agent 2",9756,143935072905858,143935073788263
"MEMORY_COPY","MEMORY_COPY_HOST_TO_DEVICE",1,"Agent 0","Agent 2",9760,143935074426876,143935074514957
"MEMORY_COPY","MEMORY_COPY_HOST_TO_DEVICE",1,"Agent 0","Agent 2",9766,143935080574701,143935081222304
"MEMORY_COPY","MEMORY_COPY_HOST_TO_DEVICE",1,"Agent 0","Agent 2",9770,143935081849477,143935081938277
"MEMORY_COPY","MEMORY_COPY_HOST_TO_DEVICE",1,"Agent 0","Agent 2",9776,143935088075361,143935088712724
"MEMORY_COPY","MEMORY_COPY_HOST_TO_DEVICE",1,"Agent 0","Agent 2",9780,143935089385918,143935089474519
"MEMORY_COPY","MEMORY_COPY_HOST_TO_DEVICE",1,"Agent 0","Agent 2",9786,143935089875291,143935089911451
"MEMORY_COPY","MEMORY_COPY_HOST_TO_DEVICE",1,"Agent 0","Agent 2",9792,143935090328583,143935090365583
"MEMORY_COPY","MEMORY_COPY_HOST_TO_DEVICE",1,"Agent 0","Agent 2",9828,143935091291849,143935091328689
"MEMORY_COPY","MEMORY_COPY_HOST_TO_DEVICE",1,"Agent 0","Agent 2",9834,143935093383760,143935093637681
"MEMORY_COPY","MEMORY_COPY_HOST_TO_DEVICE",1,"Agent 0","Agent 2",9846,143935095474021,143935095727863
"MEMORY_COPY","MEMORY_COPY_HOST_TO_DEVICE",1,"Agent 0","Agent 2",9852,143935096192845,143935096228726
"MEMORY_COPY","MEMORY_COPY_HOST_TO_DEVICE",1,"Agent 0","Agent 2",9870,143935101894677,143935102777081
"MEMORY_COPY","MEMORY_COPY_HOST_TO_DEVICE",1,"Agent 0","Agent 2",9874,143935103408715,143935103496995
"MEMORY_COPY","MEMORY_COPY_HOST_TO_DEVICE",1,"Agent 0","Agent 2",9880,143935109312737,143935109947981
"MEMORY_COPY","MEMORY_COPY_HOST_TO_DEVICE",1,"Agent 0","Agent 2",9884,143935110577784,143935110666785
"MEMORY_COPY","MEMORY_COPY_HOST_TO_DEVICE",1,"Agent 0","Agent 2",9890,143935116562207,143935117241610
"MEMORY_COPY","MEMORY_COPY_HOST_TO_DEVICE",1,"Agent 0","Agent 2",9894,143935117848134,143935117940574
"MEMORY_COPY","MEMORY_COPY_HOST_TO_DEVICE",1,"Agent 0","Agent 2",9900,143935118284806,143935118322166
"MEMORY_COPY","MEMORY_COPY_HOST_TO_DEVICE",1,"Agent 0","Agent 2",9906,143935118650038,143935118688278
"MEMORY_COPY","MEMORY_COPY_HOST_TO_DEVICE",1,"Agent 0","Agent 2",9942,143935119255542,143935119293102
"MEMORY_COPY","MEMORY_COPY_HOST_TO_DEVICE",1,"Agent 0","Agent 2",9948,143935121325783,143935121580904
"MEMORY_COPY","MEMORY_COPY_HOST_TO_DEVICE",1,"Agent 0","Agent 2",9960,143935123521605,143935123776846
"MEMORY_COPY","MEMORY_COPY_HOST_TO_DEVICE",1,"Agent 0","Agent 2",9966,143935124224639,143935124262519
"MEMORY_COPY","MEMORY_COPY_HOST_TO_DEVICE",1,"Agent 0","Agent 2",9984,143935130291762,143935131165687
"MEMORY_COPY","MEMORY_COPY_HOST_TO_DEVICE",1,"Agent 0","Agent 2",9988,143935131776240,143935131866400
"MEMORY_COPY","MEMORY_COPY_HOST_TO_DEVICE",1,"Agent 0","Agent 2",9994,143935137741993,143935138398436
"MEMORY_COPY","MEMORY_COPY_HOST_TO_DEVICE",1,"Agent 0","Agent 2",9998,143935139011770,143935139104410
"MEMORY_COPY","MEMORY_COPY_HOST_TO_DEVICE",1,"Agent 0","Agent 2",10004,143935145009528,143935145652851
"MEMORY_COPY","MEMORY_COPY_HOST_TO_DEVICE",1,"Agent 0","Agent 2",10008,143935146324864,143935146413745
"MEMORY_COPY","MEMORY_COPY_HOST_TO_DEVICE",1,"Agent 0","Agent 2",10014,143935146725066,143935146762267
"MEMORY_COPY","MEMORY_COPY_HOST_TO_DEVICE",1,"Agent 0","Agent 2",10020,143935147142799,143935147180319
"MEMORY_COPY","MEMORY_COPY_HOST_TO_DEVICE",1,"Agent 0","Agent 2",10056,143935147866123,143935147933163
"MEMORY_COPY","MEMORY_COPY_HOST_TO_DEVICE",1,"Agent 0","Agent 2",10062,143935152331327,143935152855290
"MEMORY_COPY","MEMORY_COPY_HOST_TO_DEVICE",1,"Agent 0","Agent 2",10074,143935157663586,143935158162309
"MEMORY_COPY","MEMORY_COPY_HOST_TO_DEVICE",1,"Agent 0","Agent 2",10080,143935158889853,143935158976613
"MEMORY_COPY","MEMORY_COPY_HOST_TO_DEVICE",1,"Agent 0","Agent 2",10092,143935165451859,143935166129822
"MEMORY_COPY","MEMORY_COPY_HOST_TO_DEVICE",1,"Agent 0","Agent 2",10096,143935169821823,143935170249385
"MEMORY_COPY","MEMORY_COPY_HOST_TO_DEVICE",1,"Agent 0","Agent 2",10126,143935172039165,143935172231286
"MEMORY_COPY","MEMORY_COPY_HOST_TO_DEVICE",1,"Agent 0","Agent 2",10156,143935174035216,143935174229297
"MEMORY_COPY","MEMORY_COPY_HOST_TO_DEVICE",1,"Agent 0","Agent 2",10186,143935175776505,143935175968866
"MEMORY_COPY","MEMORY_COPY_HOST_TO_DEVICE",1,"Agent 0","Agent 2",10240,143935176769181,143935176821461
"MEMORY_COPY","MEMORY_COPY_HOST_TO_DEVICE",1,"Agent 0","Agent 2",10270,143935177444954,143935177496235
"MEMORY_COPY","MEMORY_COPY_HOST_TO_DEVICE",1,"Agent 0","Agent 2",10306,143935178130708,143935178182508
"MEMORY_COPY","MEMORY_COPY_HOST_TO_DEVICE",1,"Agent 0","Agent 2",10336,143935178710031,143935178763832
"MEMORY_COPY","MEMORY_COPY_HOST_TO_DEVICE",1,"Agent 0","Agent 2",10372,143935181087614,143935181279775
"MEMORY_COPY","MEMORY_COPY_HOST_TO_DEVICE",1,"Agent 0","Agent 2",10402,143935182851974,143935183059135
"MEMORY_COPY","MEMORY_COPY_HOST_TO_DEVICE",1,"Agent 0","Agent 2",10432,143935184663594,143935184857395
"MEMORY_COPY","MEMORY_COPY_HOST_TO_DEVICE",1,"Agent 0","Agent 2",10486,143935185721880,143935185774360
"MEMORY_COPY","MEMORY_COPY_HOST_TO_DEVICE",1,"Agent 0","Agent 2",10516,143935186639095,143935186692895
"MEMORY_COPY","MEMORY_COPY_HOST_TO_DEVICE",1,"Agent 0","Agent 2",10552,143935187359619,143935187413379
"MEMORY_COPY","MEMORY_COPY_HOST_TO_DEVICE",1,"Agent 0","Agent 2",10582,143935187953252,143935188019452
"MEMORY_COPY","MEMORY_COPY_HOST_TO_DEVICE",1,"Agent 0","Agent 2",10618,143935189727911,143935189920113
"MEMORY_COPY","MEMORY_COPY_HOST_TO_DEVICE",1,"Agent 0","Agent 2",10648,143935191554841,143935191747603
"MEMORY_COPY","MEMORY_COPY_HOST_TO_DEVICE",1,"Agent 0","Agent 2",10678,143935193361881,143935193554122
"MEMORY_COPY","MEMORY_COPY_HOST_TO_DEVICE",1,"Agent 0","Agent 2",10732,143935194404807,143935194457327
"MEMORY_COPY","MEMORY_COPY_HOST_TO_DEVICE",1,"Agent 0","Agent 2",10762,143935194998400,143935195060241
"MEMORY_COPY","MEMORY_COPY_HOST_TO_DEVICE",1,"Agent 0","Agent 2",10798,143935195664344,143935195716784
"MEMORY_COPY","MEMORY_COPY_HOST_TO_DEVICE",1,"Agent 0","Agent 2",10828,143935196323828,143935196375268
"MEMORY_COPY","MEMORY_COPY_HOST_TO_DEVICE",1,"Agent 0","Agent 2",10864,143935198377029,143935198571070
"MEMORY_COPY","MEMORY_COPY_HOST_TO_DEVICE",1,"Agent 0","Agent 2",10894,143935200278809,143935200471850
"MEMORY_COPY","MEMORY_COPY_HOST_TO_DEVICE",1,"Agent 0","Agent 2",10924,143935202107529,143935202300410
"MEMORY_COPY","MEMORY_COPY_HOST_TO_DEVICE",1,"Agent 0","Agent 2",10978,143935203201905,143935203253745
"MEMORY_COPY","MEMORY_COPY_HOST_TO_DEVICE",1,"Agent 0","Agent 2",11008,143935203810768,143935203863729
"MEMORY_COPY","MEMORY_COPY_HOST_TO_DEVICE",1,"Agent 0","Agent 2",11044,143935204512592,143935204564153
"MEMORY_COPY","MEMORY_COPY_HOST_TO_DEVICE",1,"Agent 0","Agent 2",11074,143935205168316,143935205220436
"MEMORY_COPY","MEMORY_COPY_HOST_TO_DEVICE",1,"Agent 0","Agent 2",11110,143935206930786,143935207137307
"MEMORY_COPY","MEMORY_COPY_HOST_TO_DEVICE",1,"Agent 0","Agent 2",11140,143935208763790,143935208956711
"MEMORY_COPY","MEMORY_COPY_HOST_TO_DEVICE",1,"Agent 0","Agent 2",11170,143935210567879,143935210760400
"MEMORY_COPY","MEMORY_COPY_HOST_TO_DEVICE",1,"Agent 0","Agent 2",11224,143935211857036,143935211910277
"MEMORY_COPY","MEMORY_COPY_HOST_TO_DEVICE",1,"Agent 0","Agent 2",11254,143935212498390,143935212549910
"MEMORY_COPY","MEMORY_COPY_HOST_TO_DEVICE",1,"Agent 0","Agent 2",11290,143935213164394,143935213216554
"MEMORY_COPY","MEMORY_COPY_HOST_TO_DEVICE",1,"Agent 0","Agent 2",11320,143935213755357,143935213806717
"MEMORY_COPY","MEMORY_COPY_HOST_TO_DEVICE",1,"Agent 0","Agent 2",11356,143935215460696,143935215654137
"MEMORY_COPY","MEMORY_COPY_HOST_TO_DEVICE",1,"Agent 0","Agent 2",11386,143935217140435,143935217331996
"MEMORY_COPY","MEMORY_COPY_HOST_TO_DEVICE",1,"Agent 0","Agent 2",11416,143935218778164,143935218970445
"MEMORY_COPY","MEMORY_COPY_HOST_TO_DEVICE",1,"Agent 0","Agent 2",11470,143935219847080,143935219898241
"MEMORY_COPY","MEMORY_COPY_HOST_TO_DEVICE",1,"Agent 0","Agent 2",11500,143935220493314,143935220545154
"MEMORY_COPY","MEMORY_COPY_HOST_TO_DEVICE",1,"Agent 0","Agent 2",11536,143935221167947,143935221219268
"MEMORY_COPY","MEMORY_COPY_HOST_TO_DEVICE",1,"Agent 0","Agent 2",11566,143935221966632,143935222037792
"MEMORY_COPY","MEMORY_COPY_HOST_TO_DEVICE",1,"Agent 0","Agent 2",11602,143935223576521,143935223768162
"MEMORY_COPY","MEMORY_COPY_HOST_TO_DEVICE",1,"Agent 0","Agent 2",11632,143935225176139,143935225368221
"MEMORY_COPY","MEMORY_COPY_HOST_TO_DEVICE",1,"Agent 0","Agent 2",11662,143935226780738,143935226973179
"MEMORY_COPY","MEMORY_COPY_HOST_TO_DEVICE",1,"Agent 0","Agent 2",11716,143935227842934,143935227895094
"MEMORY_COPY","MEMORY_COPY_HOST_TO_DEVICE",1,"Agent 0","Agent 2",11746,143935228456627,143935228508028
"MEMORY_COPY","MEMORY_COPY_HOST_TO_DEVICE",1,"Agent 0","Agent 2",11782,143935229130871,143935229182911
"MEMORY_COPY","MEMORY_COPY_HOST_TO_DEVICE",1,"Agent 0","Agent 2",11812,143935229702504,143935229754305
"MEMORY_COPY","MEMORY_COPY_HOST_TO_DEVICE",1,"Agent 0","Agent 2",11848,143935231296113,143935231488834
"MEMORY_COPY","MEMORY_COPY_HOST_TO_DEVICE",1,"Agent 0","Agent 2",11878,143935232915932,143935233117053
"MEMORY_COPY","MEMORY_COPY_HOST_TO_DEVICE",1,"Agent 0","Agent 2",11908,143935234792312,143935234985193
"MEMORY_COPY","MEMORY_COPY_HOST_TO_DEVICE",1,"Agent 0","Agent 2",11962,143935235835128,143935235887008
"MEMORY_COPY","MEMORY_COPY_HOST_TO_DEVICE",1,"Agent 0","Agent 2",11992,143935236492852,143935236544932
"MEMORY_COPY","MEMORY_COPY_HOST_TO_DEVICE",1,"Agent 0","Agent 2",12028,143935237154955,143935237206356
"MEMORY_COPY","MEMORY_COPY_HOST_TO_DEVICE",1,"Agent 0","Agent 2",12058,143935237737718,143935237790399
"MEMORY_COPY","MEMORY_COPY_HOST_TO_DEVICE",1,"Agent 0","Agent 2",12094,143935239466298,143935239658659
"MEMORY_COPY","MEMORY_COPY_HOST_TO_DEVICE",1,"Agent 0","Agent 2",12124,143935241097257,143935241289978
"MEMORY_COPY","MEMORY_COPY_HOST_TO_DEVICE",1,"Agent 0","Agent 2",12154,143935242793366,143935242983727
"MEMORY_COPY","MEMORY_COPY_HOST_TO_DEVICE",1,"Agent 0","Agent 2",12208,143935243840322,143935243892522
"MEMORY_COPY","MEMORY_COPY_HOST_TO_DEVICE",1,"Agent 0","Agent 2",12238,143935244460095,143935244511456
"MEMORY_COPY","MEMORY_COPY_HOST_TO_DEVICE",1,"Agent 0","Agent 2",12274,143935245379850,143935245431971
"MEMORY_COPY","MEMORY_COPY_HOST_TO_DEVICE",1,"Agent 0","Agent 2",12304,143935245943813,143935245995534
"MEMORY_COPY","MEMORY_COPY_HOST_TO_DEVICE",1,"Agent 0","Agent 2",12340,143935247615503,143935247809344
"MEMORY_COPY","MEMORY_COPY_HOST_TO_DEVICE",1,"Agent 0","Agent 2",12370,143935249306532,143935249498653
"MEMORY_COPY","MEMORY_COPY_HOST_TO_DEVICE",1,"Agent 0","Agent 2",12400,143935250911351,143935251124832
"MEMORY_COPY","MEMORY_COPY_HOST_TO_DEVICE",1,"Agent 0","Agent 2",12454,143935251943656,143935251995057
"MEMORY_COPY","MEMORY_COPY_HOST_TO_DEVICE",1,"Agent 0","Agent 2",12484,143935252585690,143935252637530
"MEMORY_COPY","MEMORY_COPY_HOST_TO_DEVICE",1,"Agent 0","Agent 2",12520,143935253285594,143935253336754
"MEMORY_COPY","MEMORY_COPY_HOST_TO_DEVICE",1,"Agent 0","Agent 2",12550,143935253858097,143935253910417
"MEMORY_COPY","MEMORY_COPY_HOST_TO_DEVICE",1,"Agent 0","Agent 2",12586,143935255474536,143935255666377
"MEMORY_COPY","MEMORY_COPY_HOST_TO_DEVICE",1,"Agent 0","Agent 2",12616,143935257350536,143935257543457
"MEMORY_COPY","MEMORY_COPY_HOST_TO_DEVICE",1,"Agent 0","Agent 2",12646,143935258941275,143935259147796
"MEMORY_COPY","MEMORY_COPY_HOST_TO_DEVICE",1,"Agent 0","Agent 2",12700,143935259963320,143935260034481
"MEMORY_COPY","MEMORY_COPY_HOST_TO_DEVICE",1,"Agent 0","Agent 2",12730,143935260597764,143935260649084
"MEMORY_COPY","MEMORY_COPY_HOST_TO_DEVICE",1,"Agent 0","Agent 2",12766,143935261283308,143935261335308
"MEMORY_COPY","MEMORY_COPY_HOST_TO_DEVICE",1,"Agent 0","Agent 2",12796,143935261874971,143935261926691
"MEMORY_COPY","MEMORY_COPY_HOST_TO_DEVICE",1,"Agent 0","Agent 2",12832,143935263432759,143935263624840
"MEMORY_COPY","MEMORY_COPY_HOST_TO_DEVICE",1,"Agent 0","Agent 2",12862,143935265028828,143935265221069
"MEMORY_COPY","MEMORY_COPY_HOST_TO_DEVICE",1,"Agent 0","Agent 2",12892,143935266607887,143935266800888
"MEMORY_COPY","MEMORY_COPY_HOST_TO_DEVICE",1,"Agent 0","Agent 2",12946,143935267617152,143935267668353
"MEMORY_COPY","MEMORY_COPY_HOST_TO_DEVICE",1,"Agent 0","Agent 2",12976,143935268509037,143935268561038
"MEMORY_COPY","MEMORY_COPY_HOST_TO_DEVICE",1,"Agent 0","Agent 2",13012,143935269172881,143935269224201
"MEMORY_COPY","MEMORY_COPY_HOST_TO_DEVICE",1,"Agent 0","Agent 2",13042,143935269755014,143935269806814
"MEMORY_COPY","MEMORY_COPY_HOST_TO_DEVICE",1,"Agent 0","Agent 2",13078,143935271336899,143935271528020
"MEMORY_COPY","MEMORY_COPY_HOST_TO_DEVICE",1,"Agent 0","Agent 2",13108,143935272978207,143935273187089
"MEMORY_COPY","MEMORY_COPY_HOST_TO_DEVICE",1,"Agent 0","Agent 2",13138,143935274586186,143935274778027
"MEMORY_COPY","MEMORY_COPY_HOST_TO_DEVICE",1,"Agent 0","Agent 2",13192,143935275603762,143935275655842
"MEMORY_COPY","MEMORY_COPY_HOST_TO_DEVICE",1,"Agent 0","Agent 2",13222,143935276246435,143935276297476
"MEMORY_COPY","MEMORY_COPY_HOST_TO_DEVICE",1,"Agent 0","Agent 2",13258,143935276848899,143935276900939
"MEMORY_COPY","MEMORY_COPY_HOST_TO_DEVICE",1,"Agent 0","Agent 2",13288,143935277513992,143935277565273
"MEMORY_COPY","MEMORY_COPY_HOST_TO_DEVICE",1,"Agent 0","Agent 2",13324,143935279341422,143935279534263
"MEMORY_COPY","MEMORY_COPY_HOST_TO_DEVICE",1,"Agent 0","Agent 2",13354,143935280949691,143935281143732
"MEMORY_COPY","MEMORY_COPY_HOST_TO_DEVICE",1,"Agent 0","Agent 2",13384,143935282558110,143935282751311
"MEMORY_COPY","MEMORY_COPY_HOST_TO_DEVICE",1,"Agent 0","Agent 2",13438,143935283572155,143935283623796
"MEMORY_COPY","MEMORY_COPY_HOST_TO_DEVICE",1,"Agent 0","Agent 2",13468,143935284228199,143935284280399
"MEMORY_COPY","MEMORY_COPY_HOST_TO_DEVICE",1,"Agent 0","Agent 2",13504,143935284854942,143935284907143
"MEMORY_COPY","MEMORY_COPY_HOST_TO_DEVICE",1,"Agent 0","Agent 2",13534,143935285486096,143935285538296
"MEMORY_COPY","MEMORY_COPY_HOST_TO_DEVICE",1,"Agent 0","Agent 2",13570,143935287102085,143935287294366
"MEMORY_COPY","MEMORY_COPY_HOST_TO_DEVICE",1,"Agent 0","Agent 2",13600,143935288703023,143935288895345
"MEMORY_COPY","MEMORY_COPY_HOST_TO_DEVICE",1,"Agent 0","Agent 2",13630,143935290304502,143935290496903
"MEMORY_COPY","MEMORY_COPY_HOST_TO_DEVICE",1,"Agent 0","Agent 2",13684,143935291527099,143935291579219
"MEMORY_COPY","MEMORY_COPY_HOST_TO_DEVICE",1,"Agent 0","Agent 2",13714,143935292139132,143935292190293
"MEMORY_COPY","MEMORY_COPY_HOST_TO_DEVICE",1,"Agent 0","Agent 2",13750,143935292769736,143935292821216
"MEMORY_COPY","MEMORY_COPY_HOST_TO_DEVICE",1,"Agent 0","Agent 2",13780,143935293401759,143935293453079
"MEMORY_COPY","MEMORY_COPY_HOST_TO_DEVICE",1,"Agent 0","Agent 2",13816,143935294912777,143935295120099
"MEMORY_COPY","MEMORY_COPY_HOST_TO_DEVICE",1,"Agent 0","Agent 2",13846,143935296617607,143935296810048
"MEMORY_COPY","MEMORY_COPY_HOST_TO_DEVICE",1,"Agent 0","Agent 2",13876,143935298222676,143935298414637
"MEMORY_COPY","MEMORY_COPY_HOST_TO_DEVICE",1,"Agent 0","Agent 2",13930,143935299247781,143935299299422
"MEMORY_COPY","MEMORY_COPY_HOST_TO_DEVICE",1,"Agent 0","Agent 2",13960,143935299819994,143935299872355
"MEMORY_COPY","MEMORY_COPY_HOST_TO_DEVICE",1,"Agent 0","Agent 2",13996,143935300490348,143935300541828
"MEMORY_COPY","MEMORY_COPY_HOST_TO_DEVICE",1,"Agent 0","Agent 2",14026,143935301344353,143935301397153
"MEMORY_COPY","MEMORY_COPY_HOST_TO_DEVICE",1,"Agent 0","Agent 2",14044,143935301818815,143935301870536
"MEMORY_COPY","MEMORY_COPY_HOST_TO_DEVICE",1,"Agent 0","Agent 2",14050,143935307612647,143935308500772
"MEMORY_COPY","MEMORY_COPY_HOST_TO_DEVICE",1,"Agent 0","Agent 2",14054,143935313453469,143935314025472
"MEMORY_COPY","MEMORY_COPY_HOST_TO_DEVICE",1,"Agent 0","Agent 2",14140,143935316024443,143935316050083
"MEMORY_COPY","MEMORY_COPY_HOST_TO_DEVICE",1,"Agent 0","Agent 2",14226,143935318259955,143935318284515
"MEMORY_COPY","MEMORY_COPY_HOST_TO_DEVICE",1,"Agent 0","Agent 2",14312,143935319906064,143935319930864
"MEMORY_COPY","MEMORY_COPY_DEVICE_TO_HOST",1,"Agent 2","Agent 0",14335,143936097886241,143936097901081
"MEMORY_COPY","MEMORY_COPY_DEVICE_TO_HOST",1,"Agent 2","Agent 0",14352,143936118510354,143936118524394
"MEMORY_COPY","MEMORY_COPY_DEVICE_TO_HOST",1,"Agent 2","Agent 0",14518,143936163780598,143936163785998
"MEMORY_COPY","MEMORY_COPY_DEVICE_TO_HOST",1,"Agent 2","Agent 0",14526,143936163943428,143936163948829
"MEMORY_COPY","MEMORY_COPY_HOST_TO_DEVICE",1,"Agent 0","Agent 2",14534,143936164161130,143936164167810
"MEMORY_COPY","MEMORY_COPY_DEVICE_TO_HOST",1,"Agent 2","Agent 0",14658,143936166177991,143936166182991
"MEMORY_COPY","MEMORY_COPY_DEVICE_TO_HOST",1,"Agent 2","Agent 0",14666,143936166308932,143936166313532
"MEMORY_COPY","MEMORY_COPY_HOST_TO_DEVICE",1,"Agent 0","Agent 2",14670,143936166494613,143936166500253
"MEMORY_COPY","MEMORY_COPY_DEVICE_TO_HOST",1,"Agent 2","Agent 0",14794,143936168675965,143936168680525
"MEMORY_COPY","MEMORY_COPY_DEVICE_TO_HOST",1,"Agent 2","Agent 0",14802,143936168814075,143936168819075
"MEMORY_COPY","MEMORY_COPY_HOST_TO_DEVICE",1,"Agent 0","Agent 2",14806,143936169070927,143936169076487
"MEMORY_COPY","MEMORY_COPY_DEVICE_TO_HOST",1,"Agent 2","Agent 0",14930,143936170819346,143936170823906
"MEMORY_COPY","MEMORY_COPY_DEVICE_TO_HOST",1,"Agent 2","Agent 0",14938,143936171071998,143936171076958
"MEMORY_COPY","MEMORY_COPY_HOST_TO_DEVICE",1,"Agent 0","Agent 2",14942,143936171302469,143936171308069
"MEMORY_COPY","MEMORY_COPY_DEVICE_TO_HOST",1,"Agent 2","Agent 0",15080,143936173306050,143936173310650
"MEMORY_COPY","MEMORY_COPY_DEVICE_TO_HOST",1,"Agent 2","Agent 0",15088,143936173460931,143936173465891
"MEMORY_COPY","MEMORY_COPY_HOST_TO_DEVICE",1,"Agent 0","Agent 2",15092,143936173672712,143936173678752
"MEMORY_COPY","MEMORY_COPY_DEVICE_TO_HOST",1,"Agent 2","Agent 0",15216,143936175334901,143936175339861
"MEMORY_COPY","MEMORY_COPY_DEVICE_TO_HOST",1,"Agent 2","Agent 0",15224,143936175469272,143936175473832
"MEMORY_COPY","MEMORY_COPY_HOST_TO_DEVICE",1,"Agent 0","Agent 2",15228,143936175666723,143936175672323
"MEMORY_COPY","MEMORY_COPY_DEVICE_TO_HOST",1,"Agent 2","Agent 0",15352,143936177409843,143936177414483
"MEMORY_COPY","MEMORY_COPY_DEVICE_TO_HOST",1,"Agent 2","Agent 0",15360,143936177543013,143936177547573
"MEMORY_COPY","MEMORY_COPY_HOST_TO_DEVICE",1,"Agent 0","Agent 2",15364,143936177741564,143936177747885
"MEMORY_COPY","MEMORY_COPY_DEVICE_TO_HOST",1,"Agent 2","Agent 0",15488,143936179660395,143936179665395
"MEMORY_COPY","MEMORY_COPY_DEVICE_TO_HOST",1,"Agent 2","Agent 0",15496,143936179790346,143936179794946
"MEMORY_COPY","MEMORY_COPY_HOST_TO_DEVICE",1,"Agent 0","Agent 2",15500,143936179983397,143936179988957
"MEMORY_COPY","MEMORY_COPY_DEVICE_TO_HOST",1,"Agent 2","Agent 0",15624,143936181668056,143936181673016
"MEMORY_COPY","MEMORY_COPY_DEVICE_TO_HOST",1,"Agent 2","Agent 0",15632,143936181796047,143936181800687
"MEMORY_COPY","MEMORY_COPY_HOST_TO_DEVICE",1,"Agent 0","Agent 2",15636,143936181979568,143936181985608
"MEMORY_COPY","MEMORY_COPY_DEVICE_TO_HOST",1,"Agent 2","Agent 0",15758,143936183977569,143936183982609
"MEMORY_COPY","MEMORY_COPY_DEVICE_TO_HOST",1,"Agent 2","Agent 0",15766,143936184147920,143936184152560
"MEMORY_COPY","MEMORY_COPY_HOST_TO_DEVICE",1,"Agent 0","Agent 2",15770,143936184305361,143936184310921
"MEMORY_COPY","MEMORY_COPY_DEVICE_TO_HOST",1,"Agent 2","Agent 0",15894,143936185948050,143936185952610
"MEMORY_COPY","MEMORY_COPY_DEVICE_TO_HOST",1,"Agent 2","Agent 0",15902,143936186074450,143936186079530
"MEMORY_COPY","MEMORY_COPY_HOST_TO_DEVICE",1,"Agent 0","Agent 2",15906,143936186291672,143936186297232
"MEMORY_COPY","MEMORY_COPY_DEVICE_TO_HOST",1,"Agent 2","Agent 0",16030,143936187951531,143936187956171
"MEMORY_COPY","MEMORY_COPY_DEVICE_TO_HOST",1,"Agent 2","Agent 0",16038,143936188078281,143936188083001
"MEMORY_COPY","MEMORY_COPY_HOST_TO_DEVICE",1,"Agent 0","Agent 2",16042,143936188241292,143936188247012
"MEMORY_COPY","MEMORY_COPY_DEVICE_TO_HOST",1,"Agent 2","Agent 0",16166,143936190136553,143936190141153
"MEMORY_COPY","MEMORY_COPY_DEVICE_TO_HOST",1,"Agent 2","Agent 0",16174,143936190261193,143936190266153
"MEMORY_COPY","MEMORY_COPY_HOST_TO_DEVICE",1,"Agent 0","Agent 2",16178,143936190419934,143936190425494
"MEMORY_COPY","MEMORY_COPY_DEVICE_TO_HOST",1,"Agent 2","Agent 0",16302,143936192057213,143936192061773
"MEMORY_COPY","MEMORY_COPY_DEVICE_TO_HOST",1,"Agent 2","Agent 0",16310,143936192182414,143936192186974
"MEMORY_COPY","MEMORY_COPY_HOST_TO_DEVICE",1,"Agent 0","Agent 2",16314,143936192350715,143936192356235
"MEMORY_COPY","MEMORY_COPY_DEVICE_TO_HOST",1,"Agent 2","Agent 0",16436,143936194059444,143936194064004
"MEMORY_COPY","MEMORY_COPY_DEVICE_TO_HOST",1,"Agent 2","Agent 0",16444,143936194190275,143936194194875
"MEMORY_COPY","MEMORY_COPY_HOST_TO_DEVICE",1,"Agent 0","Agent 2",16448,143936194367196,143936194372756
"MEMORY_COPY","MEMORY_COPY_DEVICE_TO_HOST",1,"Agent 2","Agent 0",16546,143936195921675,143936195927155
"MEMORY_COPY","MEMORY_COPY_DEVICE_TO_HOST",1,"Agent 2","Agent 0",16554,143936196087805,143936196093406
"MEMORY_COPY","MEMORY_COPY_HOST_TO_DEVICE",1,"Agent 0","Agent 2",16562,143936196422127,143936196429047
"MEMORY_COPY","MEMORY_COPY_DEVICE_TO_HOST",1,"Agent 2","Agent 0",16656,143936197919306,143936197924906
"MEMORY_COPY","MEMORY_COPY_DEVICE_TO_HOST",1,"Agent 2","Agent 0",16664,143936198082956,143936198088917
"MEMORY_COPY","MEMORY_COPY_HOST_TO_DEVICE",1,"Agent 0","Agent 2",16668,143936198374008,143936198381288
"MEMORY_COPY","MEMORY_COPY_DEVICE_TO_HOST",1,"Agent 2","Agent 0",16762,143936199793106,143936199798546
"MEMORY_COPY","MEMORY_COPY_DEVICE_TO_HOST",1,"Agent 2","Agent 0",16770,143936199956487,143936199962007
"MEMORY_COPY","MEMORY_COPY_HOST_TO_DEVICE",1,"Agent 0","Agent 2",16774,143936200293749,143936200300789
"MEMORY_COPY","MEMORY_COPY_DEVICE_TO_HOST",1,"Agent 2","Agent 0",16868,143936201913308,143936201918788
"MEMORY_COPY","MEMORY_COPY_DEVICE_TO_HOST",1,"Agent 2","Agent 0",16876,143936202075738,143936202081658
"MEMORY_COPY","MEMORY_COPY_HOST_TO_DEVICE",1,"Agent 0","Agent 2",16880,143936202385070,143936202391910
"MEMORY_COPY","MEMORY_COPY_DEVICE_TO_HOST",1,"Agent 2","Agent 0",16974,143936203935159,143936203940799
"MEMORY_COPY","MEMORY_COPY_DEVICE_TO_HOST",1,"Agent 2","Agent 0",16982,143936204099160,143936204105240
"MEMORY_COPY","MEMORY_COPY_HOST_TO_DEVICE",1,"Agent 0","Agent 2",16986,143936204409971,143936204416811
"MEMORY_COPY","MEMORY_COPY_DEVICE_TO_HOST",1,"Agent 2","Agent 0",17080,143936205974030,143936205979470
"MEMORY_COPY","MEMORY_COPY_DEVICE_TO_HOST",1,"Agent 2","Agent 0",17088,143936206162221,143936206168181
"MEMORY_COPY","MEMORY_COPY_HOST_TO_DEVICE",1,"Agent 0","Agent 2",17092,143936206468993,143936206475833
"MEMORY_COPY","MEMORY_COPY_DEVICE_TO_HOST",1,"Agent 2","Agent 0",17186,143936208049411,143936208054811
"MEMORY_COPY","MEMORY_COPY_DEVICE_TO_HOST",1,"Agent 2","Agent 0",17194,143936208206632,143936208212072
"MEMORY_COPY","MEMORY_COPY_HOST_TO_DEVICE",1,"Agent 0","Agent 2",17198,143936208511514,143936208518354
"MEMORY_COPY","MEMORY_COPY_DEVICE_TO_HOST",1,"Agent 2","Agent 0",17292,143936209887361,143936209892722
"MEMORY_COPY","MEMORY_COPY_DEVICE_TO_HOST",1,"Agent 2","Agent 0",17300,143936210052342,143936210057822
"MEMORY_COPY","MEMORY_COPY_HOST_TO_DEVICE",1,"Agent 0","Agent 2",17304,143936210359164,143936210365964
"MEMORY_COPY","MEMORY_COPY_DEVICE_TO_HOST",1,"Agent 2","Agent 0",17398,143936211736362,143936211741762
"MEMORY_COPY","MEMORY_COPY_DEVICE_TO_HOST",1,"Agent 2","Agent 0",17406,143936211892513,143936211897913
"MEMORY_COPY","MEMORY_COPY_HOST_TO_DEVICE",1,"Agent 0","Agent 2",17410,143936212283565,143936212290365
"MEMORY_COPY","MEMORY_COPY_DEVICE_TO_HOST",1,"Agent 2","Agent 0",17504,143936213889744,143936213894984
"MEMORY_COPY","MEMORY_COPY_DEVICE_TO_HOST",1,"Agent 2","Agent 0",17512,143936214052854,143936214058254
"MEMORY_COPY","MEMORY_COPY_HOST_TO_DEVICE",1,"Agent 0","Agent 2",17516,143936214355116,143936214361916
"MEMORY_COPY","MEMORY_COPY_DEVICE_TO_HOST",1,"Agent 2","Agent 0",17610,143936215748464,143936215753864
"MEMORY_COPY","MEMORY_COPY_DEVICE_TO_HOST",1,"Agent 2","Agent 0",17618,143936215903295,143936215908695
"MEMORY_COPY","MEMORY_COPY_HOST_TO_DEVICE",1,"Agent 0","Agent 2",17622,143936216235876,143936216242676
"MEMORY_COPY","MEMORY_COPY_DEVICE_TO_HOST",1,"Agent 2","Agent 0",17716,143936217610154,143936217615594
"MEMORY_COPY","MEMORY_COPY_DEVICE_TO_HOST",1,"Agent 2","Agent 0",17724,143936217763935,143936217769735
"MEMORY_COPY","MEMORY_COPY_HOST_TO_DEVICE",1,"Agent 0","Agent 2",17728,143936218103517,143936218110357
"MEMORY_COPY","MEMORY_COPY_DEVICE_TO_HOST",1,"Agent 2","Agent 0",17822,143936219491484,143936219496964
"MEMORY_COPY","MEMORY_COPY_DEVICE_TO_HOST",1,"Agent 2","Agent 0",17830,143936219646515,143936219651995
"MEMORY_COPY","MEMORY_COPY_HOST_TO_DEVICE",1,"Agent 0","Agent 2",17834,143936219947047,143936219953887
"MEMORY_COPY","MEMORY_COPY_DEVICE_TO_HOST",1,"Agent 2","Agent 0",17928,143936221527926,143936221533646
"MEMORY_COPY","MEMORY_COPY_DEVICE_TO_HOST",1,"Agent 2","Agent 0",17936,143936221684446,143936221689966
"MEMORY_COPY","MEMORY_COPY_HOST_TO_DEVICE",1,"Agent 0","Agent 2",17940,143936221975858,143936221982778
"MEMORY_COPY","MEMORY_COPY_DEVICE_TO_HOST",1,"Agent 2","Agent 0",18034,143936223454016,143936223459416
"MEMORY_COPY","MEMORY_COPY_DEVICE_TO_HOST",1,"Agent 2","Agent 0",18042,143936223609097,143936223614537
"MEMORY_COPY","MEMORY_COPY_HOST_TO_DEVICE",1,"Agent 0","Agent 2",18046,143936223877419,143936223884219
"MEMORY_COPY","MEMORY_COPY_DEVICE_TO_HOST",1,"Agent 2","Agent 0",18140,143936225241166,143936225246606
"MEMORY_COPY","MEMORY_COPY_DEVICE_TO_HOST",1,"Agent 2","Agent 0",18148,143936225408017,143936225413457
"MEMORY_COPY","MEMORY_COPY_HOST_TO_DEVICE",1,"Agent 0","Agent 2",18152,143936225659478,143936225666278
"MEMORY_COPY","MEMORY_COPY_DEVICE_TO_HOST",1,"Agent 2","Agent 0",18246,143936227154821,143936227160181
"MEMORY_COPY","MEMORY_COPY_DEVICE_TO_HOST",1,"Agent 2","Agent 0",18254,143936227304202,143936227309682
"MEMORY_COPY","MEMORY_COPY_HOST_TO_DEVICE",1,"Agent 0","Agent 2",18258,143936227560663,143936227567464
"MEMORY_COPY","MEMORY_COPY_DEVICE_TO_HOST",1,"Agent 2","Agent 0",18352,143936228946961,143936228952441
"MEMORY_COPY","MEMORY_COPY_DEVICE_TO_HOST",1,"Agent 2","Agent 0",18360,143936229097042,143936229102602
"MEMORY_COPY","MEMORY_COPY_HOST_TO_DEVICE",1,"Agent 0","Agent 2",18364,143936229343433,143936229350393
"MEMORY_COPY","MEMORY_COPY_DEVICE_TO_HOST",1,"Agent 2","Agent 0",18458,143936230666351,143936230671871
"MEMORY_COPY","MEMORY_COPY_DEVICE_TO_HOST",1,"Agent 2","Agent 0",18466,143936230858742,143936230864182
"MEMORY_COPY","MEMORY_COPY_HOST_TO_DEVICE",1,"Agent 0","Agent 2",18470,143936231127543,143936231134343
"MEMORY_COPY","MEMORY_COPY_DEVICE_TO_HOST",1,"Agent 2","Agent 0",18564,143936232749072,143936232754472
"MEMORY_COPY","MEMORY_COPY_DEVICE_TO_HOST",1,"Agent 2","Agent 0",18572,143936232898323,143936232903843
"MEMORY_COPY","MEMORY_COPY_HOST_TO_DEVICE",1,"Agent 0","Agent 2",18576,143936233172565,143936233179365
"MEMORY_COPY","MEMORY_COPY_DEVICE_TO_HOST",1,"Agent 2","Agent 0",18632,143936233965909,143936233970989
"MEMORY_COPY","MEMORY_COPY_DEVICE_TO_HOST",1,"Agent 2","Agent 0",18640,143936234135250,143936234140290
"MEMORY_COPY","MEMORY_COPY_DEVICE_TO_HOST",1,"Agent 2","Agent 0",18732,143936235299966,143936235304486
"MEMORY_COPY","MEMORY_COPY_DEVICE_TO_HOST",1,"Agent 2","Agent 0",18740,143936235414287,143936235418807
"MEMORY_COPY","MEMORY_COPY_HOST_TO_DEVICE",1,"Agent 0","Agent 2",18744,143936235579518,143936235585078
"MEMORY_COPY","MEMORY_COPY_DEVICE_TO_HOST",1,"Agent 2","Agent 0",18868,143936237144207,143936237148727
"MEMORY_COPY","MEMORY_COPY_DEVICE_TO_HOST",1,"Agent 2","Agent 0",18876,143936237269197,143936237273717
"MEMORY_COPY","MEMORY_COPY_HOST_TO_DEVICE",1,"Agent 0","Agent 2",18880,143936237440008,143936237445528
"MEMORY_COPY","MEMORY_COPY_DEVICE_TO_HOST",1,"Agent 2","Agent 0",19004,143936239218078,143936239222958
"MEMORY_COPY","MEMORY_COPY_DEVICE_TO_HOST",1,"Agent 2","Agent 0",19012,143936239334109,143936239338589
"MEMORY_COPY","MEMORY_COPY_HOST_TO_DEVICE",1,"Agent 0","Agent 2",19016,143936239502450,143936239507970
"MEMORY_COPY","MEMORY_COPY_DEVICE_TO_HOST",1,"Agent 2","Agent 0",19140,143936241060888,143936241065408
"MEMORY_COPY","MEMORY_COPY_DEVICE_TO_HOST",1,"Agent 2","Agent 0",19148,143936241175889,143936241180409
"MEMORY_COPY","MEMORY_COPY_HOST_TO_DEVICE",1,"Agent 0","Agent 2",19152,143936241344670,143936241350390
"MEMORY_COPY","MEMORY_COPY_DEVICE_TO_HOST",1,"Agent 2","Agent 0",19274,143936243251520,143936243255960
"MEMORY_COPY","MEMORY_COPY_DEVICE_TO_HOST",1,"Agent 2","Agent 0",19282,143936243367371,143936243371851
"MEMORY_COPY","MEMORY_COPY_HOST_TO_DEVICE",1,"Agent 0","Agent 2",19286,143936243539642,143936243545282
"MEMORY_COPY","MEMORY_COPY_DEVICE_TO_HOST",1,"Agent 2","Agent 0",19410,143936245133711,143936245138151
"MEMORY_COPY","MEMORY_COPY_DEVICE_TO_HOST",1,"Agent 2","Agent 0",19418,143936245248081,143936245252481
"MEMORY_COPY","MEMORY_COPY_HOST_TO_DEVICE",1,"Agent 0","Agent 2",19422,143936245408592,143936245414032
"MEMORY_COPY","MEMORY_COPY_DEVICE_TO_HOST",1,"Agent 2","Agent 0",19546,143936246963331,143936246967611
"MEMORY_COPY","MEMORY_COPY_DEVICE_TO_HOST",1,"Agent 2","Agent 0",19554,143936247076341,143936247080662
"MEMORY_COPY","MEMORY_COPY_HOST_TO_DEVICE",1,"Agent 0","Agent 2",19558,143936247229612,143936247234932
"MEMORY_COPY","MEMORY_COPY_DEVICE_TO_HOST",1,"Agent 2","Agent 0",19682,143936248940122,143936248944402
"MEMORY_COPY","MEMORY_COPY_DEVICE_TO_HOST",1,"Agent 2","Agent 0",19690,143936249052902,143936249057142
"MEMORY_COPY","MEMORY_COPY_HOST_TO_DEVICE",1,"Agent 0","Agent 2",19694,143936249204353,143936249209553
"MEMORY_COPY","MEMORY_COPY_DEVICE_TO_HOST",1,"Agent 2","Agent 0",19818,143936250738572,143936250742812
"MEMORY_COPY","MEMORY_COPY_DEVICE_TO_HOST",1,"Agent 2","Agent 0",19826,143936250850582,143936250854782
"MEMORY_COPY","MEMORY_COPY_HOST_TO_DEVICE",1,"Agent 0","Agent 2",19830,143936250999733,143936251005213
"MEMORY_COPY","MEMORY_COPY_DEVICE_TO_HOST",1,"Agent 2","Agent 0",19952,143936252883214,143936252887374
"MEMORY_COPY","MEMORY_COPY_DEVICE_TO_HOST",1,"Agent 2","Agent 0",19960,143936253002664,143936253006824
"MEMORY_COPY","MEMORY_COPY_HOST_TO_DEVICE",1,"Agent 0","Agent 2",19964,143936253181935,143936253187095
"MEMORY_COPY","MEMORY_COPY_DEVICE_TO_HOST",1,"Agent 2","Agent 0",20088,143936254706164,143936254710284
"MEMORY_COPY","MEMORY_COPY_DEVICE_TO_HOST",1,"Agent 2","Agent 0",20096,143936254816074,143936254820274
"MEMORY_COPY","MEMORY_COPY_HOST_TO_DEVICE",1,"Agent 0","Agent 2",20100,143936254967525,143936254973165
"MEMORY_COPY","MEMORY_COPY_DEVICE_TO_HOST",1,"Agent 2","Agent 0",20224,143936256477154,143936256481354
"MEMORY_COPY","MEMORY_COPY_DEVICE_TO_HOST",1,"Agent 2","Agent 0",20232,143936256588264,143936256592544
"MEMORY_COPY","MEMORY_COPY_HOST_TO_DEVICE",1,"Agent 0","Agent 2",20236,143936256739545,143936256744745
"MEMORY_COPY","MEMORY_COPY_DEVICE_TO_HOST",1,"Agent 2","Agent 0",20360,143936258415184,143936258419344
"MEMORY_COPY","MEMORY_COPY_DEVICE_TO_HOST",1,"Agent 2","Agent 0",20368,143936258589075,143936258593755
"MEMORY_COPY","MEMORY_COPY_HOST_TO_DEVICE",1,"Agent 0","Agent 2",20372,143936258738326,143936258743486
"MEMORY_COPY","MEMORY_COPY_DEVICE_TO_HOST",1,"Agent 2","Agent 0",20496,143936260271005,143936260275245
"MEMORY_COPY","MEMORY_COPY_DEVICE_TO_HOST",1,"Agent 2","Agent 0",20504,143936260383945,143936260388105
"MEMORY_COPY","MEMORY_COPY_HOST_TO_DEVICE",1,"Agent 0","Agent 2",20508,143936260519766,143936260524926
"MEMORY_COPY","MEMORY_COPY_DEVICE_TO_HOST",1,"Agent 2","Agent 0",20630,143936262246345,143936262250505
"MEMORY_COPY","MEMORY_COPY_DEVICE_TO_HOST",1,"Agent 2","Agent 0",20638,143936262357946,143936262362106
"MEMORY_COPY","MEMORY_COPY_HOST_TO_DEVICE",1,"Agent 0","Agent 2",20642,143936262505757,143936262511077
"MEMORY_COPY","MEMORY_COPY_DEVICE_TO_HOST",1,"Agent 2","Agent 0",20736,143936263921765,143936263926965
"MEMORY_COPY","MEMORY_COPY_DEVICE_TO_HOST",1,"Agent 2","Agent 0",20744,143936264070666,143936264075866
"MEMORY_COPY","MEMORY_COPY_HOST_TO_DEVICE",1,"Agent 0","Agent 2",20748,143936264385257,143936264391777
"MEMORY_COPY","MEMORY_COPY_DEVICE_TO_HOST",1,"Agent 2","Agent 0",20842,143936265757055,143936265762215
"MEMORY_COPY","MEMORY_COPY_DEVICE_TO_HOST",1,"Agent 2","Agent 0",20850,143936265910966,143936265916166
"MEMORY_COPY","MEMORY_COPY_HOST_TO_DEVICE",1,"Agent 0","Agent 2",20854,143936266301308,143936266307748
"MEMORY_COPY","MEMORY_COPY_DEVICE_TO_HOST",1,"Agent 2","Agent 0",20948,143936267724346,143936267729466
"MEMORY_COPY","MEMORY_COPY_DEVICE_TO_HOST",1,"Agent 2","Agent 0",20956,143936267879387,143936267884467
"MEMORY_COPY","MEMORY_COPY_HOST_TO_DEVICE",1,"Agent 0","Agent 2",20960,143936268296429,143936268303149
"MEMORY_COPY","MEMORY_COPY_DEVICE_TO_HOST",1,"Agent 2","Agent 0",21054,143936269821797,143936269826997
"MEMORY_COPY","MEMORY_COPY_DEVICE_TO_HOST",1,"Agent 2","Agent 0",21062,143936269976198,143936269981358
"MEMORY_COPY","MEMORY_COPY_HOST_TO_DEVICE",1,"Agent 0","Agent 2",21066,143936270356460,143936270363140
"MEMORY_COPY","MEMORY_COPY_DEVICE_TO_HOST",1,"Agent 2","Agent 0",21160,143936271873089,143936271878289
"MEMORY_COPY","MEMORY_COPY_DEVICE_TO_HOST",1,"Agent 2","Agent 0",21168,143936272025870,143936272030990
"MEMORY_COPY","MEMORY_COPY_HOST_TO_DEVICE",1,"Agent 0","Agent 2",21172,143936272392882,143936272399402
"MEMORY_COPY","MEMORY_COPY_DEVICE_TO_HOST",1,"Agent 2","Agent 0",21266,143936273735709,143936273740829
"MEMORY_COPY","MEMORY_COPY_DEVICE_TO_HOST",1,"Agent 2","Agent 0",21274,143936273890530,143936273895770
"MEMORY_COPY","MEMORY_COPY_HOST_TO_DEVICE",1,"Agent 0","Agent 2",21278,143936274262542,143936274269222
"MEMORY_COPY","MEMORY_COPY_DEVICE_TO_HOST",1,"Agent 2","Agent 0",21372,143936275738000,143936275743080
"MEMORY_COPY","MEMORY_COPY_DEVICE_TO_HOST",1,"Agent 2","Agent 0",21380,143936275915431,143936275920591
"MEMORY_COPY","MEMORY_COPY_HOST_TO_DEVICE",1,"Agent 0","Agent 2",21384,143936276253633,143936276260353
"MEMORY_COPY","MEMORY_COPY_DEVICE_TO_HOST",1,"Agent 2","Agent 0",21478,143936277536890,143936277542130
"MEMORY_COPY","MEMORY_COPY_DEVICE_TO_HOST",1,"Agent 2","Agent 0",21486,143936277685971,143936277691091
"MEMORY_COPY","MEMORY_COPY_HOST_TO_DEVICE",1,"Agent 0","Agent 2",21490,143936277961452,143936277967892
"MEMORY_COPY","MEMORY_COPY_DEVICE_TO_HOST",1,"Agent 2","Agent 0",21584,143936279244580,143936279249740
"MEMORY_COPY","MEMORY_COPY_DEVICE_TO_HOST",1,"Agent 2","Agent 0",21592,143936279391550,143936279396590
"MEMORY_COPY","MEMORY_COPY_HOST_TO_DEVICE",1,"Agent 0","Agent 2",21596,143936279683072,143936279689592
"MEMORY_COPY","MEMORY_COPY_DEVICE_TO_HOST",1,"Agent 2","Agent 0",21690,143936281165250,143936281170330
"MEMORY_COPY","MEMORY_COPY_DEVICE_TO_HOST",1,"Agent 2","Agent 0",21698,143936281311351,143936281316551
"MEMORY_COPY","MEMORY_COPY_HOST_TO_DEVICE",1,"Agent 0","Agent 2",21702,143936281603753,143936281610233
"MEMORY_COPY","MEMORY_COPY_DEVICE_TO_HOST",1,"Agent 2","Agent 0",21796,143936282872660,143936282877780
"MEMORY_COPY","MEMORY_COPY_DEVICE_TO_HOST",1,"Agent 2","Agent 0",21804,143936283048391,143936283053551
"MEMORY_COPY","MEMORY_COPY_HOST_TO_DEVICE",1,"Agent 0","Agent 2",21808,143936283349262,143936283355982
"MEMORY_COPY","MEMORY_COPY_DEVICE_TO_HOST",1,"Agent 2","Agent 0",21902,143936284649159,143936284654319
"MEMORY_COPY","MEMORY_COPY_DEVICE_TO_HOST",1,"Agent 2","Agent 0",21910,143936284796520,143936284801680
"MEMORY_COPY","MEMORY_COPY_HOST_TO_DEVICE",1,"Agent 0","Agent 2",21914,143936285123392,143936285129832
"MEMORY_COPY","MEMORY_COPY_DEVICE_TO_HOST",1,"Agent 2","Agent 0",22008,143936286441629,143936286446709
"MEMORY_COPY","MEMORY_COPY_DEVICE_TO_HOST",1,"Agent 2","Agent 0",22016,143936286589210,143936286594370
"MEMORY_COPY","MEMORY_COPY_HOST_TO_DEVICE",1,"Agent 0","Agent 2",22020,143936286878322,143936286884802
"MEMORY_COPY","MEMORY_COPY_DEVICE_TO_HOST",1,"Agent 2","Agent 0",22114,143936288447212,143936288452452
"MEMORY_COPY","MEMORY_COPY_DEVICE_TO_HOST",1,"Agent 2","Agent 0",22122,143936288595173,143936288600373
"MEMORY_COPY","MEMORY_COPY_HOST_TO_DEVICE",1,"Agent 0","Agent 2",22126,143936288879175,143936288885655
"MEMORY_COPY","MEMORY_COPY_DEVICE_TO_HOST",1,"Agent 2","Agent 0",22220,143936290481574,143936290486774
"MEMORY_COPY","MEMORY_COPY_DEVICE_TO_HOST",1,"Agent 2","Agent 0",22228,143936290634945,143936290640025
"MEMORY_COPY","MEMORY_COPY_HOST_TO_DEVICE",1,"Agent 0","Agent 2",22232,143936290967786,143936290974226
"MEMORY_COPY","MEMORY_COPY_DEVICE_TO_HOST",1,"Agent 2","Agent 0",22326,143936292317194,143936292322274
"MEMORY_COPY","MEMORY_COPY_DEVICE_TO_HOST",1,"Agent 2","Agent 0",22334,143936292469355,143936292474395
"MEMORY_COPY","MEMORY_COPY_HOST_TO_DEVICE",1,"Agent 0","Agent 2",22338,143936292801707,143936292808347
"MEMORY_COPY","MEMORY_COPY_DEVICE_TO_HOST",1,"Agent 2","Agent 0",22432,143936294361575,143936294366695
"MEMORY_COPY","MEMORY_COPY_DEVICE_TO_HOST",1,"Agent 2","Agent 0",22440,143936294515496,143936294520696
"MEMORY_COPY","MEMORY_COPY_HOST_TO_DEVICE",1,"Agent 0","Agent 2",22444,143936294827748,143936294834428
"MEMORY_COPY","MEMORY_COPY_DEVICE_TO_HOST",1,"Agent 2","Agent 0",22538,143936296191875,143936296197035
"MEMORY_COPY","MEMORY_COPY_DEVICE_TO_HOST",1,"Agent 2","Agent 0",22546,143936296366836,143936296372076
"MEMORY_COPY","MEMORY_COPY_HOST_TO_DEVICE",1,"Agent 0","Agent 2",22550,143936296642878,143936296649398
"MEMORY_COPY","MEMORY_COPY_DEVICE_TO_HOST",1,"Agent 2","Agent 0",22644,143936297987705,143936297992865
"MEMORY_COPY","MEMORY_COPY_DEVICE_TO_HOST",1,"Agent 2","Agent 0",22652,143936298169696,143936298174856
"MEMORY_COPY","MEMORY_COPY_HOST_TO_DEVICE",1,"Agent 0","Agent 2",22656,143936298492818,143936298499458
"MEMORY_COPY","MEMORY_COPY_DEVICE_TO_HOST",1,"Agent 2","Agent 0",22750,143936299984056,143936299989216
"MEMORY_COPY","MEMORY_COPY_DEVICE_TO_HOST",1,"Agent 2","Agent 0",22758,143936300296988,143936300302148
"MEMORY_COPY","MEMORY_COPY_HOST_TO_DEVICE",1,"Agent 0","Agent 2",22762,143936300638520,143936300645200
"MEMORY_COPY","MEMORY_COPY_DEVICE_TO_HOST",1,"Agent 2","Agent 0",22818,143936301470694,143936301475335
"MEMORY_COPY","MEMORY_COPY_DEVICE_TO_HOST",1,"Agent 2","Agent 0",22826,143936301617895,143936301622495
"MEMORY_COPY","MEMORY_COPY_DEVICE_TO_HOST",1,"Agent 2","Agent 0",22918,143936303042593,143936303046753
"MEMORY_COPY","MEMORY_COPY_DEVICE_TO_HOST",1,"Agent 2","Agent 0",22926,143936303160794,143936303164954
"MEMORY_COPY","MEMORY_COPY_HOST_TO_DEVICE",1,"Agent 0","Agent 2",22930,143936303383355,143936303388555
"MEMORY_COPY","MEMORY_COPY_DEVICE_TO_HOST",1,"Agent 2","Agent 0",23054,143936304963734,143936304967974
"MEMORY_COPY","MEMORY_COPY_DEVICE_TO_HOST",1,"Agent 2","Agent 0",23062,143936305079164,143936305083324
"MEMORY_COPY","MEMORY_COPY_HOST_TO_DEVICE",1,"Agent 0","Agent 2",23066,143936305305636,143936305310836
"MEMORY_COPY","MEMORY_COPY_DEVICE_TO_HOST",1,"Agent 2","Agent 0",23190,143936306976165,143936306980365
"MEMORY_COPY","MEMORY_COPY_DEVICE_TO_HOST",1,"Agent 2","Agent 0",23198,143936307106426,143936307110626
"MEMORY_COPY","MEMORY_COPY_HOST_TO_DEVICE",1,"Agent 0","Agent 2",23202,143936307336777,143936307342137
"MEMORY_COPY","MEMORY_COPY_DEVICE_TO_HOST",1,"Agent 2","Agent 0",23326,143936308888066,143936308892226
"MEMORY_COPY","MEMORY_COPY_DEVICE_TO_HOST",1,"Agent 2","Agent 0",23334,143936309004646,143936309008846
"MEMORY_COPY","MEMORY_COPY_HOST_TO_DEVICE",1,"Agent 0","Agent 2",23338,143936309239907,143936309245388
"MEMORY_COPY","MEMORY_COPY_DEVICE_TO_HOST",1,"Agent 2","Agent 0",23460,143936311193918,143936311198078
"MEMORY_COPY","MEMORY_COPY_DEVICE_TO_HOST",1,"Agent 2","Agent 0",23468,143936311330079,143936311334239
"MEMORY_COPY","MEMORY_COPY_HOST_TO_DEVICE",1,"Agent 0","Agent 2",23472,143936311535080,143936311540320
"MEMORY_COPY","MEMORY_COPY_DEVICE_TO_HOST",1,"Agent 2","Agent 0",23596,143936313074229,143936313078389
"MEMORY_COPY","MEMORY_COPY_DEVICE_TO_HOST",1,"Agent 2","Agent 0",23604,143936313190429,143936313194629
"MEMORY_COPY","MEMORY_COPY_HOST_TO_DEVICE",1,"Agent 0","Agent 2",23608,143936313409361,143936313414561
"MEMORY_COPY","MEMORY_COPY_DEVICE_TO_HOST",1,"Agent 2","Agent 0",23732,143936314969149,143936314973309
"MEMORY_COPY","MEMORY_COPY_DEVICE_TO_HOST",1,"Agent 2","Agent 0",23740,143936315121820,143936315125980
"MEMORY_COPY","MEMORY_COPY_HOST_TO_DEVICE",1,"Agent 0","Agent 2",23744,143936315333061,143936315338501
"MEMORY_COPY","MEMORY_COPY_DEVICE_TO_HOST",1,"Agent 2","Agent 0",23868,143936317128751,143936317132951
"MEMORY_COPY","MEMORY_COPY_DEVICE_TO_HOST",1,"Agent 2","Agent 0",23876,143936317244422,143936317248742
"MEMORY_COPY","MEMORY_COPY_HOST_TO_DEVICE",1,"Agent 0","Agent 2",23880,143936317432193,143936317437393
"MEMORY_COPY","MEMORY_COPY_DEVICE_TO_HOST",1,"Agent 2","Agent 0",24004,143936319000341,143936319004542
"MEMORY_COPY","MEMORY_COPY_DEVICE_TO_HOST",1,"Agent 2","Agent 0",24012,143936319148082,143936319152322
"MEMORY_COPY","MEMORY_COPY_HOST_TO_DEVICE",1,"Agent 0","Agent 2",24016,143936319351453,143936319356853
"MEMORY_COPY","MEMORY_COPY_DEVICE_TO_HOST",1,"Agent 2","Agent 0",24138,143936321166093,143936321170293
"MEMORY_COPY","MEMORY_COPY_DEVICE_TO_HOST",1,"Agent 2","Agent 0",24146,143936321279114,143936321283274
"MEMORY_COPY","MEMORY_COPY_HOST_TO_DEVICE",1,"Agent 0","Agent 2",24150,143936321502085,143936321507405
"MEMORY_COPY","MEMORY_COPY_DEVICE_TO_HOST",1,"Agent 2","Agent 0",24274,143936323167665,143936323171825
"MEMORY_COPY","MEMORY_COPY_DEVICE_TO_HOST",1,"Agent 2","Agent 0",24282,143936323283455,143936323287615
"MEMORY_COPY","MEMORY_COPY_HOST_TO_DEVICE",1,"Agent 0","Agent 2",24286,143936323466316,143936323471516
"MEMORY_COPY","MEMORY_COPY_DEVICE_TO_HOST",1,"Agent 2","Agent 0",24410,143936324987285,143936324991445
"MEMORY_COPY","MEMORY_COPY_DEVICE_TO_HOST",1,"Agent 2","Agent 0",24418,143936325107895,143936325112135
"MEMORY_COPY","MEMORY_COPY_HOST_TO_DEVICE",1,"Agent 0","Agent 2",24422,143936325312206,143936325317446
"MEMORY_COPY","MEMORY_COPY_DEVICE_TO_HOST",1,"Agent 2","Agent 0",24546,143936327051566,143936327055806
"MEMORY_COPY","MEMORY_COPY_DEVICE_TO_HOST",1,"Agent 2","Agent 0",24554,143936327169467,143936327173667
"MEMORY_COPY","MEMORY_COPY_HOST_TO_DEVICE",1,"Agent 0","Agent 2",24558,143936327375128,143936327380328
"MEMORY_COPY","MEMORY_COPY_DEVICE_TO_HOST",1,"Agent 2","Agent 0",24682,143936328893876,143936328898036
"MEMORY_COPY","MEMORY_COPY_DEVICE_TO_HOST",1,"Agent 2","Agent 0",24690,143936329045217,143936329049377
"MEMORY_COPY","MEMORY_COPY_HOST_TO_DEVICE",1,"Agent 0","Agent 2",24694,143936329250878,143936329256278
"MEMORY_COPY","MEMORY_COPY_DEVICE_TO_HOST",1,"Agent 2","Agent 0",24816,143936331050858,143936331055018
"MEMORY_COPY","MEMORY_COPY_DEVICE_TO_HOST",1,"Agent 2","Agent 0",24824,143936331405820,143936331409980
"MEMORY_COPY","MEMORY_COPY_HOST_TO_DEVICE",1,"Agent 0","Agent 2",24828,143936331590961,143936331596241
"MEMORY_COPY","MEMORY_COPY_DEVICE_TO_HOST",1,"Agent 2","Agent 0",24922,143936333073279,143936333078519
"MEMORY_COPY","MEMORY_COPY_DEVICE_TO_HOST",1,"Agent 2","Agent 0",24930,143936333224270,143936333229430
"MEMORY_COPY","MEMORY_COPY_HOST_TO_DEVICE",1,"Agent 0","Agent 2",24934,143936333580222,143936333586742
"MEMORY_COPY","MEMORY_COPY_DEVICE_TO_HOST",1,"Agent 2","Agent 0",25028,143936334909540,143936334914740
"MEMORY_COPY","MEMORY_COPY_DEVICE_TO_HOST",1,"Agent 2","Agent 0",25036,143936335061770,143936335066930
"MEMORY_COPY","MEMORY_COPY_HOST_TO_DEVICE",1,"Agent 0","Agent 2",25040,143936335412252,143936335418972
"MEMORY_COPY","MEMORY_COPY_DEVICE_TO_HOST",1,"Agent 2","Agent 0",25134,143936336771950,143936336777070
"MEMORY_COPY","MEMORY_COPY_DEVICE_TO_HOST",1,"Agent 2","Agent 0",25142,143936336922361,143936336927561
"MEMORY_COPY","MEMORY_COPY_HOST_TO_DEVICE",1,"Agent 0","Agent 2",25146,143936337310343,143936337317023
"MEMORY_COPY","MEMORY_COPY_DEVICE_TO_HOST",1,"Agent 2","Agent 0",25240,143936338847571,143936338852771
"MEMORY_COPY","MEMORY_COPY_DEVICE_TO_HOST",1,"Agent 2","Agent 0",25248,143936338999352,143936339004552
"MEMORY_COPY","MEMORY_COPY_HOST_TO_DEVICE",1,"Agent 0","Agent 2",25252,143936339376564,143936339383124
"MEMORY_COPY","MEMORY_COPY_DEVICE_TO_HOST",1,"Agent 2","Agent 0",25346,143936340944603,143936340949843
"MEMORY_COPY","MEMORY_COPY_DEVICE_TO_HOST",1,"Agent 2","Agent 0",25354,143936341095674,143936341100914
"MEMORY_COPY","MEMORY_COPY_HOST_TO_DEVICE",1,"Agent 0","Agent 2",25358,143936341451906,143936341458346
"MEMORY_COPY","MEMORY_COPY_DEVICE_TO_HOST",1,"Agent 2","Agent 0",25452,143936342846573,143936342851773
"MEMORY_COPY","MEMORY_COPY_DEVICE_TO_HOST",1,"Agent 2","Agent 0",25460,143936342997164,143936343002364
"MEMORY_COPY","MEMORY_COPY_HOST_TO_DEVICE",1,"Agent 0","Agent 2",25464,143936343390396,143936343397157
"MEMORY_COPY","MEMORY_COPY_DEVICE_TO_HOST",1,"Agent 2","Agent 0",25558,143936344914055,143936344919295
"MEMORY_COPY","MEMORY_COPY_DEVICE_TO_HOST",1,"Agent 2","Agent 0",25566,143936345065636,143936345070836
"MEMORY_COPY","MEMORY_COPY_HOST_TO_DEVICE",1,"Agent 0","Agent 2",25570,143936345423958,143936345430678
"MEMORY_COPY","MEMORY_COPY_DEVICE_TO_HOST",1,"Agent 2","Agent 0",25664,143936346748425,143936346754145
"MEMORY_COPY","MEMORY_COPY_DEVICE_TO_HOST",1,"Agent 2","Agent 0",25672,143936346899616,143936346904736
"MEMORY_COPY","MEMORY_COPY_HOST_TO_DEVICE",1,"Agent 0","Agent 2",25676,143936347298488,143936347305008
"MEMORY_COPY","MEMORY_COPY_DEVICE_TO_HOST",1,"Agent 2","Agent 0",25770,143936348726926,143936348732006
"MEMORY_COPY","MEMORY_COPY_DEVICE_TO_HOST",1,"Agent 2","Agent 0",25778,143936348879587,143936348884747
"MEMORY_COPY","MEMORY_COPY_HOST_TO_DEVICE",1,"Agent 0","Agent 2",25782,143936349295019,143936349301499
"MEMORY_COPY","MEMORY_COPY_DEVICE_TO_HOST",1,"Agent 2","Agent 0",25876,143936350928991,143936350934231
"MEMORY_COPY","MEMORY_COPY_DEVICE_TO_HOST",1,"Agent 2","Agent 0",25884,143936351079252,143936351084452
"MEMORY_COPY","MEMORY_COPY_HOST_TO_DEVICE",1,"Agent 0","Agent 2",25888,143936351451384,143936351457864
"MEMORY_COPY","MEMORY_COPY_DEVICE_TO_HOST",1,"Agent 2","Agent 0",25982,143936352976042,143936352981282
"MEMORY_COPY","MEMORY_COPY_DEVICE_TO_HOST",1,"Agent 2","Agent 0",25990,143936353162363,143936353167483
"MEMORY_COPY","MEMORY_COPY_HOST_TO_DEVICE",1,"Agent 0","Agent 2",25994,143936353534675,143936353541155
"MEMORY_COPY","MEMORY_COPY_DEVICE_TO_HOST",1,"Agent 2","Agent 0",26088,143936354851893,143936354857333
"MEMORY_COPY","MEMORY_COPY_DEVICE_TO_HOST",1,"Agent 2","Agent 0",26096,143936355004673,143936355009833
"MEMORY_COPY","MEMORY_COPY_HOST_TO_DEVICE",1,"Agent 0","Agent 2",26100,143936355423696,143936355430176
"MEMORY_COPY","MEMORY_COPY_DEVICE_TO_HOST",1,"Agent 2","Agent 0",26194,143936356894934,143936356900054
"MEMORY_COPY","MEMORY_COPY_DEVICE_TO_HOST",1,"Agent 2","Agent 0",26202,143936357048805,143936357053925
"MEMORY_COPY","MEMORY_COPY_HOST_TO_DEVICE",1,"Agent 0","Agent 2",26206,143936357436507,143936357442987
"MEMORY_COPY","MEMORY_COPY_DEVICE_TO_HOST",1,"Agent 2","Agent 0",26300,143936359055416,143936359060496
"MEMORY_COPY","MEMORY_COPY_DEVICE_TO_HOST",1,"Agent 2","Agent 0",26308,143936359208817,143936359214057
"MEMORY_COPY","MEMORY_COPY_HOST_TO_DEVICE",1,"Agent 0","Agent 2",26312,143936359557908,143936359564348
"MEMORY_COPY","MEMORY_COPY_DEVICE_TO_HOST",1,"Agent 2","Agent 0",26406,143936361170437,143936361175557
"MEMORY_COPY","MEMORY_COPY_DEVICE_TO_HOST",1,"Agent 2","Agent 0",26414,143936361320658,143936361325778
"MEMORY_COPY","MEMORY_COPY_HOST_TO_DEVICE",1,"Agent 0","Agent 2",26418,143936361657570,143936361664050
"MEMORY_COPY","MEMORY_COPY_DEVICE_TO_HOST",1,"Agent 2","Agent 0",26512,143936363049578,143936363054738
"MEMORY_COPY","MEMORY_COPY_DEVICE_TO_HOST",1,"Agent 2","Agent 0",26520,143936363201628,143936363206749
"MEMORY_COPY","MEMORY_COPY_HOST_TO_DEVICE",1,"Agent 0","Agent 2",26524,143936363549650,143936363556130
"MEMORY_COPY","MEMORY_COPY_DEVICE_TO_HOST",1,"Agent 2","Agent 0",26618,143936365164329,143936365169529
"MEMORY_COPY","MEMORY_COPY_DEVICE_TO_HOST",1,"Agent 2","Agent 0",26626,143936365322430,143936365327550
"MEMORY_COPY","MEMORY_COPY_HOST_TO_DEVICE",1,"Agent 0","Agent 2",26630,143936365586222,143936365592742
"MEMORY_COPY","MEMORY_COPY_DEVICE_TO_HOST",1,"Agent 2","Agent 0",26724,143936366945239,143936366950359
"MEMORY_COPY","MEMORY_COPY_DEVICE_TO_HOST",1,"Agent 2","Agent 0",26732,143936367101760,143936367107040
"MEMORY_COPY","MEMORY_COPY_HOST_TO_DEVICE",1,"Agent 0","Agent 2",26736,143936367379951,143936367386431
"MEMORY_COPY","MEMORY_COPY_DEVICE_TO_HOST",1,"Agent 2","Agent 0",26830,143936368798299,143936368803419
"MEMORY_COPY","MEMORY_COPY_DEVICE_TO_HOST",1,"Agent 2","Agent 0",26838,143936368953950,143936368959070
"MEMORY_COPY","MEMORY_COPY_HOST_TO_DEVICE",1,"Agent 0","Agent 2",26842,143936369311922,143936369318402
"MEMORY_COPY","MEMORY_COPY_DEVICE_TO_HOST",1,"Agent 2","Agent 0",26936,143936370877141,143936370882341
"MEMORY_COPY","MEMORY_COPY_DEVICE_TO_HOST",1,"Agent 2","Agent 0",26944,143936371050542,143936371055702
"MEMORY_COPY","MEMORY_COPY_HOST_TO_DEVICE",1,"Agent 0","Agent 2",26948,143936371345623,143936371352303
"MEMORY_COPY","MEMORY_COPY_DEVICE_TO_HOST",1,"Agent 2","Agent 0",27004,143936372245678,143936372250398
"MEMORY_COPY","MEMORY_COPY_DEVICE_TO_HOST",1,"Agent 2","Agent 0",27012,143936372390849,143936372395449
"MEMORY_COPY","MEMORY_COPY_DEVICE_TO_HOST",1,"Agent 2","Agent 0",27104,143936373635096,143936373639256
"MEMORY_COPY","MEMORY_COPY_DEVICE_TO_HOST",1,"Agent 2","Agent 0",27112,143936373756937,143936373761097
"MEMORY_COPY","MEMORY_COPY_HOST_TO_DEVICE",1,"Agent 0","Agent 2",27116,143936373933928,143936373939168
"MEMORY_COPY","MEMORY_COPY_DEVICE_TO_HOST",1,"Agent 2","Agent 0",27240,143936375535386,143936375539546
"MEMORY_COPY","MEMORY_COPY_DEVICE_TO_HOST",1,"Agent 2","Agent 0",27248,143936375658757,143936375662957
"MEMORY_COPY","MEMORY_COPY_HOST_TO_DEVICE",1,"Agent 0","Agent 2",27252,143936375838188,143936375843508
"MEMORY_COPY","MEMORY_COPY_DEVICE_TO_HOST",1,"Agent 2","Agent 0",27376,143936377596888,143936377601088
"MEMORY_COPY","MEMORY_COPY_DEVICE_TO_HOST",1,"Agent 2","Agent 0",27384,143936377718268,143936377722468
"MEMORY_COPY","MEMORY_COPY_HOST_TO_DEVICE",1,"Agent 0","Agent 2",27388,143936377916029,143936377921469
"MEMORY_COPY","MEMORY_COPY_DEVICE_TO_HOST",1,"Agent 2","Agent 0",27512,143936379766740,143936379770940
"MEMORY_COPY","MEMORY_COPY_DEVICE_TO_HOST",1,"Agent 2","Agent 0",27520,143936379905540,143936379909700
"MEMORY_COPY","MEMORY_COPY_HOST_TO_DEVICE",1,"Agent 0","Agent 2",27524,143936380117762,143936380123282
"MEMORY_COPY","MEMORY_COPY_DEVICE_TO_HOST",1,"Agent 2","Agent 0",27646,143936382243373,143936382247573
"MEMORY_COPY","MEMORY_COPY_DEVICE_TO_HOST",1,"Agent 2","Agent 0",27654,143936382601075,143936382605235
"MEMORY_COPY","MEMORY_COPY_HOST_TO_DEVICE",1,"Agent 0","Agent 2",27658,143936382831646,143936382836886
"MEMORY_COPY","MEMORY_COPY_DEVICE_TO_HOST",1,"Agent 2","Agent 0",27782,143936384663987,143936384668187
"MEMORY_COPY","MEMORY_COPY_DEVICE_TO_HOST",1,"Agent 2","Agent 0",27790,143936384798637,143936384802837
"MEMORY_COPY","MEMORY_COPY_HOST_TO_DEVICE",1,"Agent 0","Agent 2",27794,143936385082879,143936385088079
"MEMORY_COPY","MEMORY_COPY_DEVICE_TO_HOST",1,"Agent 2","Agent 0",27918,143936386824298,143936386828498
"MEMORY_COPY","MEMORY_COPY_DEVICE_TO_HOST",1,"Agent 2","Agent 0",27926,143936386946419,143936386950619
"MEMORY_COPY","MEMORY_COPY_HOST_TO_DEVICE",1,"Agent 0","Agent 2",27930,143936387152010,143936387157290
"MEMORY_COPY","MEMORY_COPY_DEVICE_TO_HOST",1,"Agent 2","Agent 0",28054,143936389115671,143936389119951
"MEMORY_COPY","MEMORY_COPY_DEVICE_TO_HOST",1,"Agent 2","Agent 0",28062,143936389238942,143936389243102
"MEMORY_COPY","MEMORY_COPY_HOST_TO_DEVICE",1,"Agent 0","Agent 2",28066,143936389429923,143936389435243
"MEMORY_COPY","MEMORY_COPY_DEVICE_TO_HOST",1,"Agent 2","Agent 0",28190,143936391104292,143936391108452
"MEMORY_COPY","MEMORY_COPY_DEVICE_TO_HOST",1,"Agent 2","Agent 0",28198,143936391229783,143936391233943
"MEMORY_COPY","MEMORY_COPY_HOST_TO_DEVICE",1,"Agent 0","Agent 2",28202,143936391416104,143936391421384
"MEMORY_COPY","MEMORY_COPY_DEVICE_TO_HOST",1,"Agent 2","Agent 0",28324,143936393368914,143936393373114
"MEMORY_COPY","MEMORY_COPY_DEVICE_TO_HOST",1,"Agent 2","Agent 0",28332,143936393491025,143936393495225
"MEMORY_COPY","MEMORY_COPY_HOST_TO_DEVICE",1,"Agent 0","Agent 2",28336,143936393673936,143936393679136
"MEMORY_COPY","MEMORY_COPY_DEVICE_TO_HOST",1,"Agent 2","Agent 0",28460,143936395636407,143936395640567
"MEMORY_COPY","MEMORY_COPY_DEVICE_TO_HOST",1,"Agent 2","Agent 0",28468,143936395758208,143936395762368
"MEMORY_COPY","MEMORY_COPY_HOST_TO_DEVICE",1,"Agent 0","Agent 2",28472,143936395943109,143936395948349
"MEMORY_COPY","MEMORY_COPY_DEVICE_TO_HOST",1,"Agent 2","Agent 0",28596,143936397582778,143936397586938
"MEMORY_COPY","MEMORY_COPY_DEVICE_TO_HOST",1,"Agent 2","Agent 0",28604,143936397705688,143936397709848
"MEMORY_COPY","MEMORY_COPY_HOST_TO_DEVICE",1,"Agent 0","Agent 2",28608,143936397889829,143936397894989
"MEMORY_COPY","MEMORY_COPY_DEVICE_TO_HOST",1,"Agent 2","Agent 0",28732,143936399782460,143936399786660
"MEMORY_COPY","MEMORY_COPY_DEVICE_TO_HOST",1,"Agent 2","Agent 0",28740,143936399903090,143936399907250
"MEMORY_COPY","MEMORY_COPY_HOST_TO_DEVICE",1,"Agent 0","Agent 2",28744,143936400129492,143936400134812
"MEMORY_COPY","MEMORY_COPY_DEVICE_TO_HOST",1,"Agent 2","Agent 0",28868,143936401831821,143936401836021
"MEMORY_COPY","MEMORY_COPY_DEVICE_TO_HOST",1,"Agent 2","Agent 0",28876,143936401951002,143936401955122
"MEMORY_COPY","MEMORY_COPY_HOST_TO_DEVICE",1,"Agent 0","Agent 2",28880,143936402145113,143936402150393
"MEMORY_COPY","MEMORY_COPY_DEVICE_TO_HOST",1,"Agent 2","Agent 0",29002,143936404158554,143936404162714
"MEMORY_COPY","MEMORY_COPY_DEVICE_TO_HOST",1,"Agent 2","Agent 0",29010,143936404279814,143936404284014
"MEMORY_COPY","MEMORY_COPY_HOST_TO_DEVICE",1,"Agent 0","Agent 2",29014,143936404467975,143936404473216
"MEMORY_COPY","MEMORY_COPY_DEVICE_TO_HOST",1,"Agent 2","Agent 0",29108,143936406050694,143936406055894
"MEMORY_COPY","MEMORY_COPY_DEVICE_TO_HOST",1,"Agent 2","Agent 0",29116,143936406211195,143936406216395
"MEMORY_COPY","MEMORY_COPY_HOST_TO_DEVICE",1,"Agent 0","Agent 2",29120,143936406613677,143936406620357
"MEMORY_COPY","MEMORY_COPY_DEVICE_TO_HOST",1,"Agent 2","Agent 0",29214,143936407966095,143936407971255
"MEMORY_COPY","MEMORY_COPY_DEVICE_TO_HOST",1,"Agent 2","Agent 0",29222,143936408133356,143936408138476
"MEMORY_COPY","MEMORY_COPY_HOST_TO_DEVICE",1,"Agent 0","Agent 2",29226,143936408484248,143936408490688
"MEMORY_COPY","MEMORY_COPY_DEVICE_TO_HOST",1,"Agent 2","Agent 0",29320,143936409841435,143936409846595
"MEMORY_COPY","MEMORY_COPY_DEVICE_TO_HOST",1,"Agent 2","Agent 0",29328,143936409997986,143936410003186
"MEMORY_COPY","MEMORY_COPY_HOST_TO_DEVICE",1,"Agent 0","Agent 2",29332,143936410384368,143936410390968
"MEMORY_COPY","MEMORY_COPY_DEVICE_TO_HOST",1,"Agent 2","Agent 0",29426,143936411997527,143936412002687
"MEMORY_COPY","MEMORY_COPY_DEVICE_TO_HOST",1,"Agent 2","Agent 0",29434,143936412189368,143936412194488
"MEMORY_COPY","MEMORY_COPY_HOST_TO_DEVICE",1,"Agent 0","Agent 2",29438,143936412549910,143936412556390
"MEMORY_COPY","MEMORY_COPY_DEVICE_TO_HOST",1,"Agent 2","Agent 0",29532,143936414474246,143936414479366
"MEMORY_COPY","MEMORY_COPY_DEVICE_TO_HOST",1,"Agent 2","Agent 0",29540,143936414635167,143936414640447
"MEMORY_COPY","MEMORY_COPY_HOST_TO_DEVICE",1,"Agent 0","Agent 2",29544,143936414982639,143936414989159
"MEMORY_COPY","MEMORY_COPY_DEVICE_TO_HOST",1,"Agent 2","Agent 0",29638,143936416377757,143936416382997
"MEMORY_COPY","MEMORY_COPY_DEVICE_TO_HOST",1,"Agent 2","Agent 0",29646,143936416534188,143936416540028
"MEMORY_COPY","MEMORY_COPY_HOST_TO_DEVICE",1,"Agent 0","Agent 2",29650,143936416897820,143936416904540
"MEMORY_COPY","MEMORY_COPY_DEVICE_TO_HOST",1,"Agent 2","Agent 0",29744,143936418273197,143936418278437
"MEMORY_COPY","MEMORY_COPY_DEVICE_TO_HOST",1,"Agent 2","Agent 0",29752,143936418577709,143936418582869
"MEMORY_COPY","MEMORY_COPY_HOST_TO_DEVICE",1,"Agent 0","Agent 2",29756,143936418977831,143936418984391
"MEMORY_COPY","MEMORY_COPY_DEVICE_TO_HOST",1,"Agent 2","Agent 0",29850,143936420446539,143936420451619
"MEMORY_COPY","MEMORY_COPY_DEVICE_TO_HOST",1,"Agent 2","Agent 0",29858,143936420603780,143936420608900
"MEMORY_COPY","MEMORY_COPY_HOST_TO_DEVICE",1,"Agent 0","Agent 2",29862,143936420943372,143936420949812
"MEMORY_COPY","MEMORY_COPY_DEVICE_TO_HOST",1,"Agent 2","Agent 0",29956,143936422326860,143936422332100
"MEMORY_COPY","MEMORY_COPY_DEVICE_TO_HOST",1,"Agent 2","Agent 0",29964,143936422486831,143936422491951
"MEMORY_COPY","MEMORY_COPY_HOST_TO_DEVICE",1,"Agent 0","Agent 2",29968,143936422849883,143936422856363
"MEMORY_COPY","MEMORY_COPY_DEVICE_TO_HOST",1,"Agent 2","Agent 0",30062,143936424545992,143936424551112
"MEMORY_COPY","MEMORY_COPY_DEVICE_TO_HOST",1,"Agent 2","Agent 0",30070,143936424730643,143936424735803
"MEMORY_COPY","MEMORY_COPY_HOST_TO_DEVICE",1,"Agent 0","Agent 2",30074,143936425090915,143936425097395
"MEMORY_COPY","MEMORY_COPY_DEVICE_TO_HOST",1,"Agent 2","Agent 0",30168,143936426746264,143936426751464
"MEMORY_COPY","MEMORY_COPY_DEVICE_TO_HOST",1,"Agent 2","Agent 0",30176,143936426902335,143936426907455
"MEMORY_COPY","MEMORY_COPY_HOST_TO_DEVICE",1,"Agent 0","Agent 2",30180,143936427289757,143936427296197
"MEMORY_COPY","MEMORY_COPY_DEVICE_TO_HOST",1,"Agent 2","Agent 0",30274,143936428673355,143936428678555
"MEMORY_COPY","MEMORY_COPY_DEVICE_TO_HOST",1,"Agent 2","Agent 0",30282,143936428828356,143936428833516
"MEMORY_COPY","MEMORY_COPY_HOST_TO_DEVICE",1,"Agent 0","Agent 2",30286,143936429203208,143936429209648
"MEMORY_COPY","MEMORY_COPY_DEVICE_TO_HOST",1,"Agent 2","Agent 0",30380,143936430698166,143936430703286
"MEMORY_COPY","MEMORY_COPY_DEVICE_TO_HOST",1,"Agent 2","Agent 0",30388,143936430852527,143936430857687
"MEMORY_COPY","MEMORY_COPY_HOST_TO_DEVICE",1,"Agent 0","Agent 2",30392,143936431214989,143936431221869
"MEMORY_COPY","MEMORY_COPY_DEVICE_TO_HOST",1,"Agent 2","Agent 0",30486,143936432872518,143936432877678
"MEMORY_COPY","MEMORY_COPY_DEVICE_TO_HOST",1,"Agent 2","Agent 0",30494,143936433030229,143936433035389
"MEMORY_COPY","MEMORY_COPY_HOST_TO_DEVICE",1,"Agent 0","Agent 2",30498,143936433388271,143936433394991
"MEMORY_COPY","MEMORY_COPY_DEVICE_TO_HOST",1,"Agent 2","Agent 0",30592,143936435078040,143936435083280
"MEMORY_COPY","MEMORY_COPY_DEVICE_TO_HOST",1,"Agent 2","Agent 0",30600,143936435234401,143936435239721
"MEMORY_COPY","MEMORY_COPY_HOST_TO_DEVICE",1,"Agent 0","Agent 2",30604,143936435574603,143936435581323
"MEMORY_COPY","MEMORY_COPY_DEVICE_TO_HOST",1,"Agent 2","Agent 0",30698,143936436946650,143936436951890
"MEMORY_COPY","MEMORY_COPY_DEVICE_TO_HOST",1,"Agent 2","Agent 0",30706,143936437102771,143936437107971
"MEMORY_COPY","MEMORY_COPY_HOST_TO_DEVICE",1,"Agent 0","Agent 2",30710,143936437428493,143936437435213
"MEMORY_COPY","MEMORY_COPY_DEVICE_TO_HOST",1,"Agent 2","Agent 0",30804,143936439088412,143936439093572
"MEMORY_COPY","MEMORY_COPY_DEVICE_TO_HOST",1,"Agent 2","Agent 0",30812,143936439247393,143936439252553
"MEMORY_COPY","MEMORY_COPY_HOST_TO_DEVICE",1,"Agent 0","Agent 2",30816,143936439534225,143936439540705
"MEMORY_COPY","MEMORY_COPY_DEVICE_TO_HOST",1,"Agent 2","Agent 0",30910,143936440962202,143936440967442
"MEMORY_COPY","MEMORY_COPY_DEVICE_TO_HOST",1,"Agent 2","Agent 0",30918,143936441131083,143936441136163
"MEMORY_COPY","MEMORY_COPY_HOST_TO_DEVICE",1,"Agent 0","Agent 2",30922,143936441428805,143936441435325
"MEMORY_COPY","MEMORY_COPY_DEVICE_TO_HOST",1,"Agent 2","Agent 0",31016,143936442825973,143936442831053
"MEMORY_COPY","MEMORY_COPY_DEVICE_TO_HOST",1,"Agent 2","Agent 0",31024,143936442980504,143936442985664
"MEMORY_COPY","MEMORY_COPY_HOST_TO_DEVICE",1,"Agent 0","Agent 2",31028,143936443305435,143936443311915
"MEMORY_COPY","MEMORY_COPY_DEVICE_TO_HOST",1,"Agent 2","Agent 0",31122,143936445029595,143936445034835
"MEMORY_COPY","MEMORY_COPY_DEVICE_TO_HOST",1,"Agent 2","Agent 0",31130,143936445188816,143936445194056
"MEMORY_COPY","MEMORY_COPY_HOST_TO_DEVICE",1,"Agent 0","Agent 2",31134,143936445514128,143936445520688
"MEMORY_COPY","MEMORY_COPY_DEVICE_TO_HOST",1,"Agent 2","Agent 0",31190,143936446598514,143936446603234
"MEMORY_COPY","MEMORY_COPY_DEVICE_TO_HOST",1,"Agent 2","Agent 0",31198,143936446739274,143936446743954
"MEMORY_COPY","MEMORY_COPY_DEVICE_TO_HOST",1,"Agent 2","Agent 0",31290,143936447942751,143936447946991
"MEMORY_COPY","MEMORY_COPY_DEVICE_TO_HOST",1,"Agent 2","Agent 0",31298,143936448062832,143936448067032
"MEMORY_COPY","MEMORY_COPY_HOST_TO_DEVICE",1,"Agent 0","Agent 2",31302,143936448285173,143936448290453
"MEMORY_COPY","MEMORY_COPY_DEVICE_TO_HOST",1,"Agent 2","Agent 0",31426,143936449919842,143936449924002
"MEMORY_COPY","MEMORY_COPY_DEVICE_TO_HOST",1,"Agent 2","Agent 0",31434,143936450038063,143936450042663
"MEMORY_COPY","MEMORY_COPY_HOST_TO_DEVICE",1,"Agent 0","Agent 2",31438,143936450261784,143936450267224
"MEMORY_COPY","MEMORY_COPY_DEVICE_TO_HOST",1,"Agent 2","Agent 0",31562,143936452127904,143936452132104
"MEMORY_COPY","MEMORY_COPY_DEVICE_TO_HOST",1,"Agent 2","Agent 0",31570,143936452247985,143936452252265
"MEMORY_COPY","MEMORY_COPY_HOST_TO_DEVICE",1,"Agent 0","Agent 2",31574,143936452496836,143936452502276
"MEMORY_COPY","MEMORY_COPY_DEVICE_TO_HOST",1,"Agent 2","Agent 0",31698,143936454151805,143936454156005
"MEMORY_COPY","MEMORY_COPY_DEVICE_TO_HOST",1,"Agent 2","Agent 0",31706,143936454271006,143936454275206
"MEMORY_COPY","MEMORY_COPY_HOST_TO_DEVICE",1,"Agent 0","Agent 2",31710,143936454452217,143936454457777
"MEMORY_COPY","MEMORY_COPY_DEVICE_TO_HOST",1,"Agent 2","Agent 0",31832,143936456510598,143936456514798
"MEMORY_COPY","MEMORY_COPY_DEVICE_TO_HOST",1,"Agent 2","Agent 0",31840,143936456630429,143936456634629
"MEMORY_COPY","MEMORY_COPY_HOST_TO_DEVICE",1,"Agent 0","Agent 2",31844,143936456824650,143936456829850
"MEMORY_COPY","MEMORY_COPY_DEVICE_TO_HOST",1,"Agent 2","Agent 0",31968,143936458738931,143936458743131
"MEMORY_COPY","MEMORY_COPY_DEVICE_TO_HOST",1,"Agent 2","Agent 0",31976,143936458858321,143936458862561
"MEMORY_COPY","MEMORY_COPY_HOST_TO_DEVICE",1,"Agent 0","Agent 2",31980,143936459074612,143936459079812
"MEMORY_COPY","MEMORY_COPY_DEVICE_TO_HOST",1,"Agent 2","Agent 0",32104,143936460672791,143936460676991
"MEMORY_COPY","MEMORY_COPY_DEVICE_TO_HOST",1,"Agent 2","Agent 0",32112,143936460791522,143936460795722
"MEMORY_COPY","MEMORY_COPY_HOST_TO_DEVICE",1,"Agent 0","Agent 2",32116,143936460982353,143936460987553
"MEMORY_COPY","MEMORY_COPY_DEVICE_TO_HOST",1,"Agent 2","Agent 0",32240,143936462935784,143936462939944
"MEMORY_COPY","MEMORY_COPY_DEVICE_TO_HOST",1,"Agent 2","Agent 0",32248,143936463056084,143936463060244
"MEMORY_COPY","MEMORY_COPY_HOST_TO_DEVICE",1,"Agent 0","Agent 2",32252,143936463265086,143936463270486
"MEMORY_COPY","MEMORY_COPY_DEVICE_TO_HOST",1,"Agent 2","Agent 0",32376,143936464861084,143936464865244
"MEMORY_COPY","MEMORY_COPY_DEVICE_TO_HOST",1,"Agent 2","Agent 0",32384,143936465029815,143936465033975
"MEMORY_COPY","MEMORY_COPY_HOST_TO_DEVICE",1,"Agent 0","Agent 2",32388,143936465217966,143936465223126
"MEMORY_COPY","MEMORY_COPY_DEVICE_TO_HOST",1,"Agent 2","Agent 0",32510,143936467156057,143936467160257
"MEMORY_COPY","MEMORY_COPY_DEVICE_TO_HOST",1,"Agent 2","Agent 0",32518,143936467275458,143936467279698
"MEMORY_COPY","MEMORY_COPY_HOST_TO_DEVICE",1,"Agent 0","Agent 2",32522,143936467492489,143936467497929
"MEMORY_COPY","MEMORY_COPY_DEVICE_TO_HOST",1,"Agent 2","Agent 0",32646,143936469293269,143936469297469
"MEMORY_COPY","MEMORY_COPY_DEVICE_TO_HOST",1,"Agent 2","Agent 0",32654,143936469412829,143936469417029
"MEMORY_COPY","MEMORY_COPY_HOST_TO_DEVICE",1,"Agent 0","Agent 2",32658,143936469597010,143936469602250
"MEMORY_COPY","MEMORY_COPY_DEVICE_TO_HOST",1,"Agent 2","Agent 0",32782,143936471240030,143936471244190
"MEMORY_COPY","MEMORY_COPY_DEVICE_TO_HOST",1,"Agent 2","Agent 0",32790,143936471359570,143936471363770
"MEMORY_COPY","MEMORY_COPY_HOST_TO_DEVICE",1,"Agent 0","Agent 2",32794,143936471563961,143936471569401
"MEMORY_COPY","MEMORY_COPY_DEVICE_TO_HOST",1,"Agent 2","Agent 0",32918,143936473389761,143936473393961
"MEMORY_COPY","MEMORY_COPY_DEVICE_TO_HOST",1,"Agent 2","Agent 0",32926,143936473508472,143936473512672
"MEMORY_COPY","MEMORY_COPY_HOST_TO_DEVICE",1,"Agent 0","Agent 2",32930,143936473690403,143936473695563
"MEMORY_COPY","MEMORY_COPY_DEVICE_TO_HOST",1,"Agent 2","Agent 0",33054,143936475290022,143936475294182
"MEMORY_COPY","MEMORY_COPY_DEVICE_TO_HOST",1,"Agent 2","Agent 0",33062,143936475409793,143936475413953
"MEMORY_COPY","MEMORY_COPY_HOST_TO_DEVICE",1,"Agent 0","Agent 2",33066,143936475586864,143936475592104
"MEMORY_COPY","MEMORY_COPY_DEVICE_TO_HOST",1,"Agent 2","Agent 0",33188,143936477572158,143936477576358
"MEMORY_COPY","MEMORY_COPY_DEVICE_TO_HOST",1,"Agent 2","Agent 0",33196,143936477692829,143936477697029
"MEMORY_COPY","MEMORY_COPY_HOST_TO_DEVICE",1,"Agent 0","Agent 2",33200,143936477877070,143936477882470
"MEMORY_COPY","MEMORY_COPY_DEVICE_TO_HOST",1,"Agent 2","Agent 0",33294,143936479380038,143936479385278
"MEMORY_COPY","MEMORY_COPY_DEVICE_TO_HOST",1,"Agent 2","Agent 0",33302,143936479536149,143936479541269
"MEMORY_COPY","MEMORY_COPY_HOST_TO_DEVICE",1,"Agent 0","Agent 2",33306,143936479886361,143936479892881
"MEMORY_COPY","MEMORY_COPY_DEVICE_TO_HOST",1,"Agent 2","Agent 0",33400,143936481256199,143936481261399
"MEMORY_COPY","MEMORY_COPY_DEVICE_TO_HOST",1,"Agent 2","Agent 0",33408,143936481410829,143936481415950
"MEMORY_COPY","MEMORY_COPY_HOST_TO_DEVICE",1,"Agent 0","Agent 2",33412,143936481740321,143936481746801
"MEMORY_COPY","MEMORY_COPY_DEVICE_TO_HOST",1,"Agent 2","Agent 0",33506,143936483129819,143936483134979
"MEMORY_COPY","MEMORY_COPY_DEVICE_TO_HOST",1,"Agent 2","Agent 0",33514,143936483283920,143936483289040
"MEMORY_COPY","MEMORY_COPY_HOST_TO_DEVICE",1,"Agent 0","Agent 2",33518,143936483647162,143936483653682
"MEMORY_COPY","MEMORY_COPY_DEVICE_TO_HOST",1,"Agent 2","Agent 0",33612,143936485363281,143936485368441
"MEMORY_COPY","MEMORY_COPY_DEVICE_TO_HOST",1,"Agent 2","Agent 0",33620,143936485520172,143936485525332
"MEMORY_COPY","MEMORY_COPY_HOST_TO_DEVICE",1,"Agent 0","Agent 2",33624,143936485854594,143936485861074
"MEMORY_COPY","MEMORY_COPY_DEVICE_TO_HOST",1,"Agent 2","Agent 0",33718,143936487612724,143936487617924
"MEMORY_COPY","MEMORY_COPY_DEVICE_TO_HOST",1,"Agent 2","Agent 0",33726,143936487766925,143936487772045
"MEMORY_COPY","MEMORY_COPY_HOST_TO_DEVICE",1,"Agent 0","Agent 2",33730,143936488116087,143936488122567
"MEMORY_COPY","MEMORY_COPY_DEVICE_TO_HOST",1,"Agent 2","Agent 0",33824,143936489546225,143936489551425
"MEMORY_COPY","MEMORY_COPY_DEVICE_TO_HOST",1,"Agent 2","Agent 0",33832,143936489700875,143936489705995
"MEMORY_COPY","MEMORY_COPY_HOST_TO_DEVICE",1,"Agent 0","Agent 2",33836,143936490048387,143936490054907
"MEMORY_COPY","MEMORY_COPY_DEVICE_TO_HOST",1,"Agent 2","Agent 0",33930,143936491411925,143936491417085
"MEMORY_COPY","MEMORY_COPY_DEVICE_TO_HOST",1,"Agent 2","Agent 0",33938,143936491627276,143936491632396
"MEMORY_COPY","MEMORY_COPY_HOST_TO_DEVICE",1,"Agent 0","Agent 2",33942,143936491956108,143936491962588
"MEMORY_COPY","MEMORY_COPY_DEVICE_TO_HOST",1,"Agent 2","Agent 0",34036,143936493522787,143936493527907
"MEMORY_COPY","MEMORY_COPY_DEVICE_TO_HOST",1,"Agent 2","Agent 0",34044,143936493677077,143936493682157
"MEMORY_COPY","MEMORY_COPY_HOST_TO_DEVICE",1,"Agent 0","Agent 2",34048,143936494022279,143936494029199
"MEMORY_COPY","MEMORY_COPY_DEVICE_TO_HOST",1,"Agent 2","Agent 0",34142,143936495374017,143936495379137
"MEMORY_COPY","MEMORY_COPY_DEVICE_TO_HOST",1,"Agent 2","Agent 0",34150,143936495528588,143936495533748
"MEMORY_COPY","MEMORY_COPY_HOST_TO_DEVICE",1,"Agent 0","Agent 2",34154,143936495901840,143936495908520
"MEMORY_COPY","MEMORY_COPY_DEVICE_TO_HOST",1,"Agent 2","Agent 0",34248,143936497649519,143936497654760
"MEMORY_COPY","MEMORY_COPY_DEVICE_TO_HOST",1,"Agent 2","Agent 0",34256,143936497856021,143936497861061
"MEMORY_COPY","MEMORY_COPY_HOST_TO_DEVICE",1,"Agent 0","Agent 2",34260,143936498208433,143936498214953
"MEMORY_COPY","MEMORY_COPY_DEVICE_TO_HOST",1,"Agent 2","Agent 0",34354,143936499808831,143936499813911
"MEMORY_COPY","MEMORY_COPY_DEVICE_TO_HOST",1,"Agent 2","Agent 0",34362,143936499963722,143936499968882
"MEMORY_COPY","MEMORY_COPY_HOST_TO_DEVICE",1,"Agent 0","Agent 2",34366,143936500340714,143936500347474
"MEMORY_COPY","MEMORY_COPY_DEVICE_TO_HOST",1,"Agent 2","Agent 0",34460,143936501791892,143936501797372
"MEMORY_COPY","MEMORY_COPY_DEVICE_TO_HOST",1,"Agent 2","Agent 0",34468,143936501946473,143936501951673
"MEMORY_COPY","MEMORY_COPY_HOST_TO_DEVICE",1,"Agent 0","Agent 2",34472,143936502337075,143936502343715
"MEMORY_COPY","MEMORY_COPY_DEVICE_TO_HOST",1,"Agent 2","Agent 0",34566,143936503678713,143936503683913
"MEMORY_COPY","MEMORY_COPY_DEVICE_TO_HOST",1,"Agent 2","Agent 0",34574,143936503833234,143936503838354
"MEMORY_COPY","MEMORY_COPY_HOST_TO_DEVICE",1,"Agent 0","Agent 2",34578,143936504194966,143936504201446
"MEMORY_COPY","MEMORY_COPY_DEVICE_TO_HOST",1,"Agent 2","Agent 0",34672,143936505805655,143936505810855
"MEMORY_COPY","MEMORY_COPY_DEVICE_TO_HOST",1,"Agent 2","Agent 0",34680,143936505959626,143936505964786
"MEMORY_COPY","MEMORY_COPY_HOST_TO_DEVICE",1,"Agent 0","Agent 2",34684,143936506330858,143936506337378
"MEMORY_COPY","MEMORY_COPY_DEVICE_TO_HOST",1,"Agent 2","Agent 0",34778,143936508146978,143936508152098
"MEMORY_COPY","MEMORY_COPY_DEVICE_TO_HOST",1,"Agent 2","Agent 0",34786,143936508302899,143936508308019
"MEMORY_COPY","MEMORY_COPY_HOST_TO_DEVICE",1,"Agent 0","Agent 2",34790,143936508622640,143936508629080
"MEMORY_COPY","MEMORY_COPY_DEVICE_TO_HOST",1,"Agent 2","Agent 0",34884,143936509961628,143936509966828
"MEMORY_COPY","MEMORY_COPY_DEVICE_TO_HOST",1,"Agent 2","Agent 0",34892,143936510132579,143936510137779
"MEMORY_COPY","MEMORY_COPY_HOST_TO_DEVICE",1,"Agent 0","Agent 2",34896,143936510460130,143936510466611
"MEMORY_COPY","MEMORY_COPY_DEVICE_TO_HOST",1,"Agent 2","Agent 0",34990,143936511826658,143936511831738
"MEMORY_COPY","MEMORY_COPY_DEVICE_TO_HOST",1,"Agent 2","Agent 0",34998,143936511981679,143936511986759
"MEMORY_COPY","MEMORY_COPY_HOST_TO_DEVICE",1,"Agent 0","Agent 2",35002,143936512350691,143936512357371
"MEMORY_COPY","MEMORY_COPY_DEVICE_TO_HOST",1,"Agent 2","Agent 0",35096,143936513727229,143936513732349
"MEMORY_COPY","MEMORY_COPY_DEVICE_TO_HOST",1,"Agent 2","Agent 0",35104,143936513881459,143936513886659
"MEMORY_COPY","MEMORY_COPY_HOST_TO_DEVICE",1,"Agent 0","Agent 2",35108,143936514182051,143936514188531
"MEMORY_COPY","MEMORY_COPY_DEVICE_TO_HOST",1,"Agent 2","Agent 0",35202,143936515697310,143936515702430
"MEMORY_COPY","MEMORY_COPY_DEVICE_TO_HOST",1,"Agent 2","Agent 0",35210,143936515852210,143936515857370
"MEMORY_COPY","MEMORY_COPY_HOST_TO_DEVICE",1,"Agent 0","Agent 2",35214,143936516189192,143936516195872
"MEMORY_COPY","MEMORY_COPY_DEVICE_TO_HOST",1,"Agent 2","Agent 0",35308,143936517898462,143936517903662
"MEMORY_COPY","MEMORY_COPY_DEVICE_TO_HOST",1,"Agent 2","Agent 0",35316,143936518055813,143936518060893
"MEMORY_COPY","MEMORY_COPY_HOST_TO_DEVICE",1,"Agent 0","Agent 2",35320,143936518392864,143936518399264
"MEMORY_COPY","MEMORY_COPY_DEVICE_TO_HOST",1,"Agent 2","Agent 0",35376,143936519518801,143936519523521
"MEMORY_COPY","MEMORY_COPY_DEVICE_TO_HOST",1,"Agent 2","Agent 0",35384,143936519660671,143936519665271
"MEMORY_COPY","MEMORY_COPY_DEVICE_TO_HOST",1,"Agent 2","Agent 0",35476,143936520850268,143936520854428
"MEMORY_COPY","MEMORY_COPY_DEVICE_TO_HOST",1,"Agent 2","Agent 0",35484,143936520971009,143936520975209
"MEMORY_COPY","MEMORY_COPY_HOST_TO_DEVICE",1,"Agent 0","Agent 2",35488,143936521184000,143936521189240
"MEMORY_COPY","MEMORY_COPY_DEVICE_TO_HOST",1,"Agent 2","Agent 0",35612,143936522773409,143936522777609
"MEMORY_COPY","MEMORY_COPY_DEVICE_TO_HOST",1,"Agent 2","Agent 0",35620,143936522893689,143936522897849
"MEMORY_COPY","MEMORY_COPY_HOST_TO_DEVICE",1,"Agent 0","Agent 2",35624,143936523110781,143936523115941
"MEMORY_COPY","MEMORY_COPY_DEVICE_TO_HOST",1,"Agent 2","Agent 0",35748,143936524995501,143936524999701
"MEMORY_COPY","MEMORY_COPY_DEVICE_TO_HOST",1,"Agent 2","Agent 0",35756,143936525148802,143936525153002
"MEMORY_COPY","MEMORY_COPY_HOST_TO_DEVICE",1,"Agent 0","Agent 2",35760,143936525584174,143936525589614
"MEMORY_COPY","MEMORY_COPY_DEVICE_TO_HOST",1,"Agent 2","Agent 0",35884,143936527204723,143936527208883
"MEMORY_COPY","MEMORY_COPY_DEVICE_TO_HOST",1,"Agent 2","Agent 0",35892,143936527347904,143936527352104
"MEMORY_COPY","MEMORY_COPY_HOST_TO_DEVICE",1,"Agent 0","Agent 2",35896,143936527526895,143936527532095
"MEMORY_COPY","MEMORY_COPY_DEVICE_TO_HOST",1,"Agent 2","Agent 0",36018,143936529542646,143936529546886
"MEMORY_COPY","MEMORY_COPY_DEVICE_TO_HOST",1,"Agent 2","Agent 0",36026,143936529661287,143936529665447
"MEMORY_COPY","MEMORY_COPY_HOST_TO_DEVICE",1,"Agent 0","Agent 2",36030,143936529858748,143936529863988
"MEMORY_COPY","MEMORY_COPY_DEVICE_TO_HOST",1,"Agent 2","Agent 0",36154,143936531737858,143936531742018
"MEMORY_COPY","MEMORY_COPY_DEVICE_TO_HOST",1,"Agent 2","Agent 0",36162,143936531857339,143936531861539
"MEMORY_COPY","MEMORY_COPY_HOST_TO_DEVICE",1,"Agent 0","Agent 2",36166,143936532073940,143936532079300
"MEMORY_COPY","MEMORY_COPY_DEVICE_TO_HOST",1,"Agent 2","Agent 0",36290,143936533656929,143936533661129
"MEMORY_COPY","MEMORY_COPY_DEVICE_TO_HOST",1,"Agent 2","Agent 0",36298,143936533775410,143936533779610
"MEMORY_COPY","MEMORY_COPY_HOST_TO_DEVICE",1,"Agent 0","Agent 2",36302,143936533967211,143936533972451
"MEMORY_COPY","MEMORY_COPY_DEVICE_TO_HOST",1,"Agent 2","Agent 0",36426,143936535787151,143936535791351
"MEMORY_COPY","MEMORY_COPY_DEVICE_TO_HOST",1,"Agent 2","Agent 0",36434,143936535906061,143936535910262
"MEMORY_COPY","MEMORY_COPY_HOST_TO_DEVICE",1,"Agent 0","Agent 2",36438,143936536105253,143936536110893
"MEMORY_COPY","MEMORY_COPY_DEVICE_TO_HOST",1,"Agent 2","Agent 0",36562,143936537690341,143936537694501
"MEMORY_COPY","MEMORY_COPY_DEVICE_TO_HOST",1,"Agent 2","Agent 0",36570,143936537810132,143936537814332
"MEMORY_COPY","MEMORY_COPY_HOST_TO_DEVICE",1,"Agent 0","Agent 2",36574,143936537992543,143936537997743
"MEMORY_COPY","MEMORY_COPY_DEVICE_TO_HOST",1,"Agent 2","Agent 0",36696,143936540059866,143936540064386
"MEMORY_COPY","MEMORY_COPY_DEVICE_TO_HOST",1,"Agent 2","Agent 0",36704,143936540181157,143936540185317
"MEMORY_COPY","MEMORY_COPY_HOST_TO_DEVICE",1,"Agent 0","Agent 2",36708,143936540395948,143936540401188
"MEMORY_COPY","MEMORY_COPY_DEVICE_TO_HOST",1,"Agent 2","Agent 0",36832,143936542250628,143936542254828
"MEMORY_COPY","MEMORY_COPY_DEVICE_TO_HOST",1,"Agent 2","Agent 0",36840,143936542371499,143936542375619
"MEMORY_COPY","MEMORY_COPY_HOST_TO_DEVICE",1,"Agent 0","Agent 2",36844,143936542553140,143936542558380
"MEMORY_COPY","MEMORY_COPY_DEVICE_TO_HOST",1,"Agent 2","Agent 0",36968,143936544156739,143936544160939
"MEMORY_COPY","MEMORY_COPY_DEVICE_TO_HOST",1,"Agent 2","Agent 0",36976,143936544275729,143936544279889
"MEMORY_COPY","MEMORY_COPY_HOST_TO_DEVICE",1,"Agent 0","Agent 2",36980,143936544456440,143936544461640
"MEMORY_COPY","MEMORY_COPY_DEVICE_TO_HOST",1,"Agent 2","Agent 0",37104,143936546257580,143936546261780
"MEMORY_COPY","MEMORY_COPY_DEVICE_TO_HOST",1,"Agent 2","Agent 0",37112,143936546377831,143936546381991
"MEMORY_COPY","MEMORY_COPY_HOST_TO_DEVICE",1,"Agent 0","Agent 2",37116,143936546577352,143936546582632
"MEMORY_COPY","MEMORY_COPY_DEVICE_TO_HOST",1,"Agent 2","Agent 0",37240,143936548171331,143936548175651
"MEMORY_COPY","MEMORY_COPY_DEVICE_TO_HOST",1,"Agent 2","Agent 0",37248,143936548292551,143936548296751
"MEMORY_COPY","MEMORY_COPY_HOST_TO_DEVICE",1,"Agent 0","Agent 2",37252,143936548470722,143936548475962
"MEMORY_COPY","MEMORY_COPY_DEVICE_TO_HOST",1,"Agent 2","Agent 0",37374,143936550506734,143936550510934
"MEMORY_COPY","MEMORY_COPY_DEVICE_TO_HOST",1,"Agent 2","Agent 0",37382,143936550679684,143936550683804
"MEMORY_COPY","MEMORY_COPY_HOST_TO_DEVICE",1,"Agent 0","Agent 2",37386,143936550864305,143936550869546
"MEMORY_COPY","MEMORY_COPY_DEVICE_TO_HOST",1,"Agent 2","Agent 0",37480,143936552378354,143936552383954
"MEMORY_COPY","MEMORY_COPY_DEVICE_TO_HOST",1,"Agent 2","Agent 0",37488,143936552535425,143936552540665
"MEMORY_COPY","MEMORY_COPY_HOST_TO_DEVICE",1,"Agent 0","Agent 2",37492,143936552885037,143936552891517
"MEMORY_COPY","MEMORY_COPY_DEVICE_TO_HOST",1,"Agent 2","Agent 0",37586,143936554259834,143936554265074
"MEMORY_COPY","MEMORY_COPY_DEVICE_TO_HOST",1,"Agent 2","Agent 0",37594,143936554414585,143936554419785
"MEMORY_COPY","MEMORY_COPY_HOST_TO_DEVICE",1,"Agent 0","Agent 2",37598,143936554739347,143936554745867
"MEMORY_COPY","MEMORY_COPY_DEVICE_TO_HOST",1,"Agent 2","Agent 0",37692,143936556111054,143936556116134
"MEMORY_COPY","MEMORY_COPY_DEVICE_TO_HOST",1,"Agent 2","Agent 0",37700,143936556266885,143936556272045
"MEMORY_COPY","MEMORY_COPY_HOST_TO_DEVICE",1,"Agent 0","Agent 2",37704,143936556609197,143936556615637
"MEMORY_COPY","MEMORY_COPY_DEVICE_TO_HOST",1,"Agent 2","Agent 0",37798,143936558040625,143936558045785
"MEMORY_COPY","MEMORY_COPY_DEVICE_TO_HOST",1,"Agent 2","Agent 0",37806,143936558362717,143936558367917
"MEMORY_COPY","MEMORY_COPY_HOST_TO_DEVICE",1,"Agent 0","Agent 2",37810,143936558752329,143936558758969
"MEMORY_COPY","MEMORY_COPY_DEVICE_TO_HOST",1,"Agent 2","Agent 0",37904,143936560535399,143936560540919
"MEMORY_COPY","MEMORY_COPY_DEVICE_TO_HOST",1,"Agent 2","Agent 0",37912,143936560689980,143936560695220
"MEMORY_COPY","MEMORY_COPY_HOST_TO_DEVICE",1,"Agent 0","Agent 2",37916,143936561030571,143936561037091
"MEMORY_COPY","MEMORY_COPY_DEVICE_TO_HOST",1,"Agent 2","Agent 0",38010,143936562372459,143936562377699
"MEMORY_COPY","MEMORY_COPY_DEVICE_TO_HOST",1,"Agent 2","Agent 0",38018,143936562527450,143936562532850
"MEMORY_COPY","MEMORY_COPY_HOST_TO_DEVICE",1,"Agent 0","Agent 2",38022,143936562883252,143936562889732
"MEMORY_COPY","MEMORY_COPY_DEVICE_TO_HOST",1,"Agent 2","Agent 0",38116,143936564260369,143936564266049
"MEMORY_COPY","MEMORY_COPY_DEVICE_TO_HOST",1,"Agent 2","Agent 0",38124,143936564416490,143936564421690
"MEMORY_COPY","MEMORY_COPY_HOST_TO_DEVICE",1,"Agent 0","Agent 2",38128,143936564745812,143936564752452
"MEMORY_COPY","MEMORY_COPY_DEVICE_TO_HOST",1,"Agent 2","Agent 0",38222,143936566274140,143936566279340
"MEMORY_COPY","MEMORY_COPY_DEVICE_TO_HOST",1,"Agent 2","Agent 0",38230,143936566428961,143936566434081
"MEMORY_COPY","MEMORY_COPY_HOST_TO_DEVICE",1,"Agent 0","Agent 2",38234,143936566761083,143936566767523
"MEMORY_COPY","MEMORY_COPY_DEVICE_TO_HOST",1,"Agent 2","Agent 0",38328,143936568152031,143936568157191
"MEMORY_COPY","MEMORY_COPY_DEVICE_TO_HOST",1,"Agent 2","Agent 0",38336,143936568307321,143936568312482
"MEMORY_COPY","MEMORY_COPY_HOST_TO_DEVICE",1,"Agent 0","Agent 2",38340,143936568661403,143936568667963
"MEMORY_COPY","MEMORY_COPY_DEVICE_TO_HOST",1,"Agent 2","Agent 0",38434,143936570490674,143936570495754
"MEMORY_COPY","MEMORY_COPY_DEVICE_TO_HOST",1,"Agent 2","Agent 0",38442,143936570646184,143936570651304
"MEMORY_COPY","MEMORY_COPY_HOST_TO_DEVICE",1,"Agent 0","Agent 2",38446,143936570987276,143936570993836
"MEMORY_COPY","MEMORY_COPY_DEVICE_TO_HOST",1,"Agent 2","Agent 0",38540,143936572645295,143936572650615
"MEMORY_COPY","MEMORY_COPY_DEVICE_TO_HOST",1,"Agent 2","Agent 0",38548,143936572800466,143936572805586
"MEMORY_COPY","MEMORY_COPY_HOST_TO_DEVICE",1,"Agent 0","Agent 2",38552,143936573163518,143936573169998
"MEMORY_COPY","MEMORY_COPY_DEVICE_TO_HOST",1,"Agent 2","Agent 0",38646,143936574533046,143936574538166
"MEMORY_COPY","MEMORY_COPY_DEVICE_TO_HOST",1,"Agent 2","Agent 0",38654,143936574688137,143936574693297
"MEMORY_COPY","MEMORY_COPY_HOST_TO_DEVICE",1,"Agent 0","Agent 2",38658,143936575063349,143936575069869
"MEMORY_COPY","MEMORY_COPY_DEVICE_TO_HOST",1,"Agent 2","Agent 0",38752,143936576447976,143936576453096
"MEMORY_COPY","MEMORY_COPY_DEVICE_TO_HOST",1,"Agent 2","Agent 0",38760,143936576603187,143936576608387
"MEMORY_COPY","MEMORY_COPY_HOST_TO_DEVICE",1,"Agent 0","Agent 2",38764,143936576978319,143936576985039
"MEMORY_COPY","MEMORY_COPY_DEVICE_TO_HOST",1,"Agent 2","Agent 0",38858,143936578534608,143936578539728
"MEMORY_COPY","MEMORY_COPY_DEVICE_TO_HOST",1,"Agent 2","Agent 0",38866,143936578690809,143936578696289
"MEMORY_COPY","MEMORY_COPY_HOST_TO_DEVICE",1,"Agent 0","Agent 2",38870,143936579043181,143936579049621
"MEMORY_COPY","MEMORY_COPY_DEVICE_TO_HOST",1,"Agent 2","Agent 0",38964,143936580839930,143936580845090
"MEMORY_COPY","MEMORY_COPY_DEVICE_TO_HOST",1,"Agent 2","Agent 0",38972,143936583291554,143936583296714
"MEMORY_COPY","MEMORY_COPY_HOST_TO_DEVICE",1,"Agent 0","Agent 2",38976,143936583751526,143936583758207
"MEMORY_COPY","MEMORY_COPY_DEVICE_TO_HOST",1,"Agent 2","Agent 0",39070,143936585220895,143936585226015
"MEMORY_COPY","MEMORY_COPY_DEVICE_TO_HOST",1,"Agent 2","Agent 0",39078,143936585377485,143936585382605
"MEMORY_COPY","MEMORY_COPY_HOST_TO_DEVICE",1,"Agent 0","Agent 2",39082,143936585693907,143936585700547
"MEMORY_COPY","MEMORY_COPY_DEVICE_TO_HOST",1,"Agent 2","Agent 0",39176,143936587082065,143936587087745
"MEMORY_COPY","MEMORY_COPY_DEVICE_TO_HOST",1,"Agent 2","Agent 0",39184,143936587242136,143936587247376
"MEMORY_COPY","MEMORY_COPY_HOST_TO_DEVICE",1,"Agent 0","Agent 2",39188,143936587546767,143936587553367
"MEMORY_COPY","MEMORY_COPY_DEVICE_TO_HOST",1,"Agent 2","Agent 0",39282,143936589273217,143936589278577
"MEMORY_COPY","MEMORY_COPY_DEVICE_TO_HOST",1,"Agent 2","Agent 0",39290,143936589432468,143936589437908
"MEMORY_COPY","MEMORY_COPY_HOST_TO_DEVICE",1,"Agent 0","Agent 2",39294,143936589772360,143936589779040
"MEMORY_COPY","MEMORY_COPY_DEVICE_TO_HOST",1,"Agent 2","Agent 0",39388,143936591182957,143936591188437
"MEMORY_COPY","MEMORY_COPY_DEVICE_TO_HOST",1,"Agent 2","Agent 0",39396,143936591367378,143936591372778
"MEMORY_COPY","MEMORY_COPY_HOST_TO_DEVICE",1,"Agent 0","Agent 2",39400,143936591698210,143936591705250
"MEMORY_COPY","MEMORY_COPY_DEVICE_TO_HOST",1,"Agent 2","Agent 0",39494,143936593605061,143936593610581
"MEMORY_COPY","MEMORY_COPY_DEVICE_TO_HOST",1,"Agent 2","Agent 0",39502,143936593764122,143936593769602
"MEMORY_COPY","MEMORY_COPY_HOST_TO_DEVICE",1,"Agent 0","Agent 2",39506,143936594100643,143936594107443
"MEMORY_COPY","MEMORY_COPY_DEVICE_TO_HOST",1,"Agent 2","Agent 0",39562,143936596609307,143936596665948
"MEMORY_COPY","MEMORY_COPY_DEVICE_TO_HOST",1,"Agent 2","Agent 0",39574,143936601226548,143936601231548
"MEMORY_COPY","MEMORY_COPY_DEVICE_TO_HOST",1,"Agent 2","Agent 0",39582,143936601380709,143936601385709
"MEMORY_COPY","MEMORY_COPY_DEVICE_TO_HOST",1,"Agent 2","Agent 0",39674,143936602671226,143936602675826
"MEMORY_COPY","MEMORY_COPY_DEVICE_TO_HOST",1,"Agent 2","Agent 0",39682,143936602796387,143936602801027
"MEMORY_COPY","MEMORY_COPY_HOST_TO_DEVICE",1,"Agent 0","Agent 2",39686,143936602996328,143936603001888
"MEMORY_COPY","MEMORY_COPY_DEVICE_TO_HOST",1,"Agent 2","Agent 0",39810,143936604986379,143936604991019
"MEMORY_COPY","MEMORY_COPY_DEVICE_TO_HOST",1,"Agent 2","Agent 0",39818,143936605142300,143936605146900
"MEMORY_COPY","MEMORY_COPY_HOST_TO_DEVICE",1,"Agent 0","Agent 2",39822,143936605376761,143936605382321
"MEMORY_COPY","MEMORY_COPY_DEVICE_TO_HOST",1,"Agent 2","Agent 0",39946,143936607346962,143936607351562
"MEMORY_COPY","MEMORY_COPY_DEVICE_TO_HOST",1,"Agent 2","Agent 0",39954,143936607470683,143936607475723
"MEMORY_COPY","MEMORY_COPY_HOST_TO_DEVICE",1,"Agent 0","Agent 2",39958,143936607683124,143936607689044
"MEMORY_COPY","MEMORY_COPY_DEVICE_TO_HOST",1,"Agent 2","Agent 0",40082,143936609350183,143936609354783
"MEMORY_COPY","MEMORY_COPY_DEVICE_TO_HOST",1,"Agent 2","Agent 0",40090,143936609475184,143936609479744
"MEMORY_COPY","MEMORY_COPY_HOST_TO_DEVICE",1,"Agent 0","Agent 2",40094,143936609680785,143936609686265
"MEMORY_COPY","MEMORY_COPY_DEVICE_TO_HOST",1,"Agent 2","Agent 0",40216,143936611435324,143936611439924
"MEMORY_COPY","MEMORY_COPY_DEVICE_TO_HOST",1,"Agent 2","Agent 0",40224,143936611567525,143936611572525
"MEMORY_COPY","MEMORY_COPY_HOST_TO_DEVICE",1,"Agent 0","Agent 2",40228,143936611775036,143936611780596
"MEMORY_COPY","MEMORY_COPY_DEVICE_TO_HOST",1,"Agent 2","Agent 0",40352,143936613649627,143936613654227
"MEMORY_COPY","MEMORY_COPY_DEVICE_TO_HOST",1,"Agent 2","Agent 0",40360,143936613773757,143936613778357
"MEMORY_COPY","MEMORY_COPY_HOST_TO_DEVICE",1,"Agent 0","Agent 2",40364,143936613967308,143936613973228
"MEMORY_COPY","MEMORY_COPY_DEVICE_TO_HOST",1,"Agent 2","Agent 0",40488,143936615658478,143936615663078
"MEMORY_COPY","MEMORY_COPY_DEVICE_TO_HOST",1,"Agent 2","Agent 0",40496,143936615781738,143936615786338
"MEMORY_COPY","MEMORY_COPY_HOST_TO_DEVICE",1,"Agent 0","Agent 2",40500,143936615975939,143936615981500
"MEMORY_COPY","MEMORY_COPY_DEVICE_TO_HOST",1,"Agent 2","Agent 0",40624,143936617859110,143936617863670
"MEMORY_COPY","MEMORY_COPY_DEVICE_TO_HOST",1,"Agent 2","Agent 0",40632,143936617981871,143936617986871
"MEMORY_COPY","MEMORY_COPY_HOST_TO_DEVICE",1,"Agent 0","Agent 2",40636,143936618184792,143936618190272
"MEMORY_COPY","MEMORY_COPY_DEVICE_TO_HOST",1,"Agent 2","Agent 0",40760,143936619819851,143936619824451
"MEMORY_COPY","MEMORY_COPY_DEVICE_TO_HOST",1,"Agent 2","Agent 0",40768,143936619943611,143936619948211
"MEMORY_COPY","MEMORY_COPY_HOST_TO_DEVICE",1,"Agent 0","Agent 2",40772,143936620138412,143936620143972
"MEMORY_COPY","MEMORY_COPY_DEVICE_TO_HOST",1,"Agent 2","Agent 0",40894,143936621904132,143936621908772
"MEMORY_COPY","MEMORY_COPY_DEVICE_TO_HOST",1,"Agent 2","Agent 0",40902,143936622025493,143936622030053
"MEMORY_COPY","MEMORY_COPY_HOST_TO_DEVICE",1,"Agent 0","Agent 2",40906,143936622216524,143936622222084
"MEMORY_COPY","MEMORY_COPY_DEVICE_TO_HOST",1,"Agent 2","Agent 0",41030,143936624080374,143936624085374
"MEMORY_COPY","MEMORY_COPY_DEVICE_TO_HOST",1,"Agent 2","Agent 0",41038,143936624204095,143936624208695
"MEMORY_COPY","MEMORY_COPY_HOST_TO_DEVICE",1,"Agent 0","Agent 2",41042,143936624418576,143936624424296
"MEMORY_COPY","MEMORY_COPY_DEVICE_TO_HOST",1,"Agent 2","Agent 0",41166,143936626048855,143936626053455
"MEMORY_COPY","MEMORY_COPY_DEVICE_TO_HOST",1,"Agent 2","Agent 0",41174,143936626173086,143936626177686
"MEMORY_COPY","MEMORY_COPY_HOST_TO_DEVICE",1,"Agent 0","Agent 2",41178,143936626388197,143936626393757
"MEMORY_COPY","MEMORY_COPY_DEVICE_TO_HOST",1,"Agent 2","Agent 0",41302,143936628194787,143936628199827
"MEMORY_COPY","MEMORY_COPY_DEVICE_TO_HOST",1,"Agent 2","Agent 0",41310,143936628380598,143936628385198
"MEMORY_COPY","MEMORY_COPY_HOST_TO_DEVICE",1,"Agent 0","Agent 2",41314,143936628563719,143936628569239
"MEMORY_COPY","MEMORY_COPY_DEVICE_TO_HOST",1,"Agent 2","Agent 0",41438,143936630199518,143936630204158
"MEMORY_COPY","MEMORY_COPY_DEVICE_TO_HOST",1,"Agent 2","Agent 0",41446,143936630338009,143936630342609
"MEMORY_COPY","MEMORY_COPY_HOST_TO_DEVICE",1,"Agent 0","Agent 2",41450,143936630513840,143936630519520
"MEMORY_COPY","MEMORY_COPY_DEVICE_TO_HOST",1,"Agent 2","Agent 0",41572,143936632275919,143936632280919
"MEMORY_COPY","MEMORY_COPY_DEVICE_TO_HOST",1,"Agent 2","Agent 0",41580,143936632396190,143936632401190
"MEMORY_COPY","MEMORY_COPY_HOST_TO_DEVICE",1,"Agent 0","Agent 2",41584,143936632600461,143936632606061
"MEMORY_COPY","MEMORY_COPY_DEVICE_TO_HOST",1,"Agent 2","Agent 0",41678,143936634165010,143936634170570
"MEMORY_COPY","MEMORY_COPY_DEVICE_TO_HOST",1,"Agent 2","Agent 0",41686,143936634327081,143936634332561
"MEMORY_COPY","MEMORY_COPY_HOST_TO_DEVICE",1,"Agent 0","Agent 2",41690,143936634701023,143936634707823
"MEMORY_COPY","MEMORY_COPY_DEVICE_TO_HOST",1,"Agent 2","Agent 0",41784,143936636077240,143936636082760
"MEMORY_COPY","MEMORY_COPY_DEVICE_TO_HOST",1,"Agent 2","Agent 0",41792,143936636236381,143936636241861
"MEMORY_COPY","MEMORY_COPY_HOST_TO_DEVICE",1,"Agent 0","Agent 2",41796,143936636566533,143936636573333
"MEMORY_COPY","MEMORY_COPY_DEVICE_TO_HOST",1,"Agent 2","Agent 0",41890,143936637965841,143936637971321
"MEMORY_COPY","MEMORY_COPY_DEVICE_TO_HOST",1,"Agent 2","Agent 0",41898,143936638135922,143936638141362
"MEMORY_COPY","MEMORY_COPY_HOST_TO_DEVICE",1,"Agent 0","Agent 2",41902,143936638490784,143936638497584
"MEMORY_COPY","MEMORY_COPY_DEVICE_TO_HOST",1,"Agent 2","Agent 0",41996,143936639892121,143936639897601
"MEMORY_COPY","MEMORY_COPY_DEVICE_TO_HOST",1,"Agent 2","Agent 0",42004,143936640271603,143936640277044
"MEMORY_COPY","MEMORY_COPY_HOST_TO_DEVICE",1,"Agent 0","Agent 2",42008,143936640611285,143936640618245
"MEMORY_COPY","MEMORY_COPY_DEVICE_TO_HOST",1,"Agent 2","Agent 0",42102,143936642106914,143936642112354
"MEMORY_COPY","MEMORY_COPY_DEVICE_TO_HOST",1,"Agent 2","Agent 0",42110,143936642264814,143936642270775
"MEMORY_COPY","MEMORY_COPY_HOST_TO_DEVICE",1,"Agent 0","Agent 2",42114,143936642624776,143936642631577
"MEMORY_COPY","MEMORY_COPY_DEVICE_TO_HOST",1,"Agent 2","Agent 0",42208,143936644028384,143936644033864
"MEMORY_COPY","MEMORY_COPY_DEVICE_TO_HOST",1,"Agent 2","Agent 0",42216,143936644188225,143936644193665
"MEMORY_COPY","MEMORY_COPY_HOST_TO_DEVICE",1,"Agent 0","Agent 2",42220,143936644542967,143936644549767
"MEMORY_COPY","MEMORY_COPY_DEVICE_TO_HOST",1,"Agent 2","Agent 0",42314,143936645968055,143936645973535
"MEMORY_COPY","MEMORY_COPY_DEVICE_TO_HOST",1,"Agent 2","Agent 0",42322,143936646131986,143936646137466
"MEMORY_COPY","MEMORY_COPY_HOST_TO_DEVICE",1,"Agent 0","Agent 2",42326,143936646485098,143936646491858
"MEMORY_COPY","MEMORY_COPY_DEVICE_TO_HOST",1,"Agent 2","Agent 0",42420,143936648063836,143936648069316
"MEMORY_COPY","MEMORY_COPY_DEVICE_TO_HOST",1,"Agent 2","Agent 0",42428,143936648220387,143936648225827
"MEMORY_COPY","MEMORY_COPY_HOST_TO_DEVICE",1,"Agent 0","Agent 2",42432,143936648554529,143936648561409
"MEMORY_COPY","MEMORY_COPY_DEVICE_TO_HOST",1,"Agent 2","Agent 0",42526,143936649974267,143936649980067
"MEMORY_COPY","MEMORY_COPY_DEVICE_TO_HOST",1,"Agent 2","Agent 0",42534,143936650144808,143936650150288
"MEMORY_COPY","MEMORY_COPY_HOST_TO_DEVICE",1,"Agent 0","Agent 2",42538,143936650539220,143936650546260
"MEMORY_COPY","MEMORY_COPY_DEVICE_TO_HOST",1,"Agent 2","Agent 0",42632,143936652072999,143936652078439
"MEMORY_COPY","MEMORY_COPY_DEVICE_TO_HOST",1,"Agent 2","Agent 0",42640,143936652233389,143936652238829
"MEMORY_COPY","MEMORY_COPY_HOST_TO_DEVICE",1,"Agent 0","Agent 2",42644,143936652562331,143936652569131
"MEMORY_COPY","MEMORY_COPY_DEVICE_TO_HOST",1,"Agent 2","Agent 0",42738,143936654266081,143936654271601
"MEMORY_COPY","MEMORY_COPY_DEVICE_TO_HOST",1,"Agent 2","Agent 0",42746,143936654425462,143936654430982
"MEMORY_COPY","MEMORY_COPY_HOST_TO_DEVICE",1,"Agent 0","Agent 2",42750,143936654793644,143936654800644
"MEMORY_COPY","MEMORY_COPY_DEVICE_TO_HOST",1,"Agent 2","Agent 0",42844,143936656181061,143936656186901
"MEMORY_COPY","MEMORY_COPY_DEVICE_TO_HOST",1,"Agent 2","Agent 0",42852,143936656338112,143936656343592
"MEMORY_COPY","MEMORY_COPY_HOST_TO_DEVICE",1,"Agent 0","Agent 2",42856,143936656698904,143936656705704
"MEMORY_COPY","MEMORY_COPY_DEVICE_TO_HOST",1,"Agent 2","Agent 0",42950,143936658074192,143936658079752
"MEMORY_COPY","MEMORY_COPY_DEVICE_TO_HOST",1,"Agent 2","Agent 0",42958,143936658232703,143936658238143
"MEMORY_COPY","MEMORY_COPY_HOST_TO_DEVICE",1,"Agent 0","Agent 2",42962,143936658586425,143936658593145
"MEMORY_COPY","MEMORY_COPY_DEVICE_TO_HOST",1,"Agent 2","Agent 0",43056,143936660112553,143936660118033
"MEMORY_COPY","MEMORY_COPY_DEVICE_TO_HOST",1,"Agent 2","Agent 0",43064,143936660273314,143936660278794
"MEMORY_COPY","MEMORY_COPY_HOST_TO_DEVICE",1,"Agent 0","Agent 2",43068,143936660611806,143936660618606
"MEMORY_COPY","MEMORY_COPY_DEVICE_TO_HOST",1,"Agent 2","Agent 0",43162,143936662092344,143936662097824
"MEMORY_COPY","MEMORY_COPY_DEVICE_TO_HOST",1,"Agent 2","Agent 0",43170,143936662250325,143936662255925
"MEMORY_COPY","MEMORY_COPY_HOST_TO_DEVICE",1,"Agent 0","Agent 2",43174,143936662566216,143936662572936
"MEMORY_COPY","MEMORY_COPY_DEVICE_TO_HOST",1,"Agent 2","Agent 0",43268,143936663988738,143936663994218
"MEMORY_COPY","MEMORY_COPY_DEVICE_TO_HOST",1,"Agent 2","Agent 0",43276,143936664160849,143936664166329
"MEMORY_COPY","MEMORY_COPY_HOST_TO_DEVICE",1,"Agent 0","Agent 2",43280,143936664484950,143936664491870
"MEMORY_COPY","MEMORY_COPY_DEVICE_TO_HOST",1,"Agent 2","Agent 0",43374,143936665884938,143936665890418
"MEMORY_COPY","MEMORY_COPY_DEVICE_TO_HOST",1,"Agent 2","Agent 0",43382,143936666043309,143936666048869
"MEMORY_COPY","MEMORY_COPY_HOST_TO_DEVICE",1,"Agent 0","Agent 2",43386,143936666344531,143936666351531
"MEMORY_COPY","MEMORY_COPY_DEVICE_TO_HOST",1,"Agent 2","Agent 0",43480,143936667981540,143936667987060
"MEMORY_COPY","MEMORY_COPY_DEVICE_TO_HOST",1,"Agent 2","Agent 0",43488,143936668152561,143936668158041
"MEMORY_COPY","MEMORY_COPY_HOST_TO_DEVICE",1,"Agent 0","Agent 2",43492,143936668442582,143936668449542
"MEMORY_COPY","MEMORY_COPY_DEVICE_TO_HOST",1,"Agent 2","Agent 0",43586,143936669892560,143936669898040
"MEMORY_COPY","MEMORY_COPY_DEVICE_TO_HOST",1,"Agent 2","Agent 0",43594,143936670050641,143936670056121
"MEMORY_COPY","MEMORY_COPY_HOST_TO_DEVICE",1,"Agent 0","Agent 2",43598,143936670351233,143936670358273
"MEMORY_COPY","MEMORY_COPY_DEVICE_TO_HOST",1,"Agent 2","Agent 0",43692,143936671860121,143936671865561
"MEMORY_COPY","MEMORY_COPY_DEVICE_TO_HOST",1,"Agent 2","Agent 0",43700,143936672145303,143936672150783
"MEMORY_COPY","MEMORY_COPY_HOST_TO_DEVICE",1,"Agent 0","Agent 2",43704,143936672453585,143936672460385
"MEMORY_COPY","MEMORY_COPY_DEVICE_TO_HOST",1,"Agent 2","Agent 0",43760,143936673499936,143936673504896
"MEMORY_COPY","MEMORY_COPY_DEVICE_TO_HOST",1,"Agent 2","Agent 0",43768,143936673642691,143936673648091
"MEMORY_COPY","MEMORY_COPY_DEVICE_TO_HOST",1,"Agent 2","Agent 0",43860,143936674884908,143936674889508
"MEMORY_COPY","MEMORY_COPY_DEVICE_TO_HOST",1,"Agent 2","Agent 0",43868,143936675008719,143936675013399
"MEMORY_COPY","MEMORY_COPY_HOST_TO_DEVICE",1,"Agent 0","Agent 2",43872,143936675227700,143936675233420
"MEMORY_COPY","MEMORY_COPY_DEVICE_TO_HOST",1,"Agent 2","Agent 0",43996,143936676905148,143936676909748
"MEMORY_COPY","MEMORY_COPY_DEVICE_TO_HOST",1,"Agent 2","Agent 0",44004,143936677026320,143936677030960
"MEMORY_COPY","MEMORY_COPY_HOST_TO_DEVICE",1,"Agent 0","Agent 2",44008,143936677230621,143936677236261
"MEMORY_COPY","MEMORY_COPY_DEVICE_TO_HOST",1,"Agent 2","Agent 0",44132,143936679115312,143936679119912
"MEMORY_COPY","MEMORY_COPY_DEVICE_TO_HOST",1,"Agent 2","Agent 0",44140,143936679239682,143936679244282
"MEMORY_COPY","MEMORY_COPY_HOST_TO_DEVICE",1,"Agent 0","Agent 2",44144,143936679440634,143936679446154
"MEMORY_COPY","MEMORY_COPY_DEVICE_TO_HOST",1,"Agent 2","Agent 0",44268,143936681035602,143936681040162
"MEMORY_COPY","MEMORY_COPY_DEVICE_TO_HOST",1,"Agent 2","Agent 0",44276,143936681156803,143936681161803
"MEMORY_COPY","MEMORY_COPY_HOST_TO_DEVICE",1,"Agent 0","Agent 2",44280,143936681356204,143936681362004
"MEMORY_COPY","MEMORY_COPY_DEVICE_TO_HOST",1,"Agent 2","Agent 0",44402,143936683154884,143936683159484
"MEMORY_COPY","MEMORY_COPY_DEVICE_TO_HOST",1,"Agent 2","Agent 0",44410,143936683275905,143936683280505
"MEMORY_COPY","MEMORY_COPY_HOST_TO_DEVICE",1,"Agent 0","Agent 2",44414,143936683480296,143936683485856
"MEMORY_COPY","MEMORY_COPY_DEVICE_TO_HOST",1,"Agent 2","Agent 0",44538,143936685355356,143936685360036
"MEMORY_COPY","MEMORY_COPY_DEVICE_TO_HOST",1,"Agent 2","Agent 0",44546,143936685477897,143936685482457
"MEMORY_COPY","MEMORY_COPY_HOST_TO_DEVICE",1,"Agent 0","Agent 2",44550,143936685671778,143936685677298
"MEMORY_COPY","MEMORY_COPY_DEVICE_TO_HOST",1,"Agent 2","Agent 0",44674,143936687359878,143936687364478
"MEMORY_COPY","MEMORY_COPY_DEVICE_TO_HOST",1,"Agent 2","Agent 0",44682,143936687484078,143936687488718
"MEMORY_COPY","MEMORY_COPY_HOST_TO_DEVICE",1,"Agent 0","Agent 2",44686,143936687665419,143936687671419
"MEMORY_COPY","MEMORY_COPY_DEVICE_TO_HOST",1,"Agent 2","Agent 0",44810,143936689562100,143936689566820
"MEMORY_COPY","MEMORY_COPY_DEVICE_TO_HOST",1,"Agent 2","Agent 0",44818,143936689685692,143936689690292
"MEMORY_COPY","MEMORY_COPY_HOST_TO_DEVICE",1,"Agent 0","Agent 2",44822,143936689865902,143936689871902
"MEMORY_COPY","MEMORY_COPY_DEVICE_TO_HOST",1,"Agent 2","Agent 0",44946,143936691519381,143936691524381
"MEMORY_COPY","MEMORY_COPY_DEVICE_TO_HOST",1,"Agent 2","Agent 0",44954,143936691641531,143936691646491
"MEMORY_COPY","MEMORY_COPY_HOST_TO_DEVICE",1,"Agent 0","Agent 2",44958,143936691822202,143936691827762
"MEMORY_COPY","MEMORY_COPY_DEVICE_TO_HOST",1,"Agent 2","Agent 0",45080,143936693644763,143936693649403
"MEMORY_COPY","MEMORY_COPY_DEVICE_TO_HOST",1,"Agent 2","Agent 0",45088,143936693766613,143936693771173
"MEMORY_COPY","MEMORY_COPY_HOST_TO_DEVICE",1,"Agent 0","Agent 2",45092,143936693945624,143936693951144
"MEMORY_COPY","MEMORY_COPY_DEVICE_TO_HOST",1,"Agent 2","Agent 0",45216,143936695750604,143936695755164
"MEMORY_COPY","MEMORY_COPY_DEVICE_TO_HOST",1,"Agent 2","Agent 0",45224,143936695875565,143936695880165
"MEMORY_COPY","MEMORY_COPY_HOST_TO_DEVICE",1,"Agent 0","Agent 2",45228,143936696069026,143936696074546
"MEMORY_COPY","MEMORY_COPY_DEVICE_TO_HOST",1,"Agent 2","Agent 0",45352,143936697693475,143936697698075
"MEMORY_COPY","MEMORY_COPY_DEVICE_TO_HOST",1,"Agent 2","Agent 0",45360,143936697816516,143936697821236
"MEMORY_COPY","MEMORY_COPY_HOST_TO_DEVICE",1,"Agent 0","Agent 2",45364,143936697997947,143936698003427
"MEMORY_COPY","MEMORY_COPY_DEVICE_TO_HOST",1,"Agent 2","Agent 0",45488,143936699627436,143936699632556
"MEMORY_COPY","MEMORY_COPY_DEVICE_TO_HOST",1,"Agent 2","Agent 0",45496,143936699750016,143936699754577
"MEMORY_COPY","MEMORY_COPY_HOST_TO_DEVICE",1,"Agent 0","Agent 2",45500,143936699927677,143936699933278
"MEMORY_COPY","MEMORY_COPY_DEVICE_TO_HOST",1,"Agent 2","Agent 0",45624,143936701762308,143936701766908
"MEMORY_COPY","MEMORY_COPY_DEVICE_TO_HOST",1,"Agent 2","Agent 0",45632,143936701883638,143936701888198
"MEMORY_COPY","MEMORY_COPY_HOST_TO_DEVICE",1,"Agent 0","Agent 2",45636,143936702069649,143936702075329
"MEMORY_COPY","MEMORY_COPY_DEVICE_TO_HOST",1,"Agent 2","Agent 0",45758,143936703892140,143936703896780
"MEMORY_COPY","MEMORY_COPY_DEVICE_TO_HOST",1,"Agent 2","Agent 0",45766,143936704029430,143936704033990
"MEMORY_COPY","MEMORY_COPY_HOST_TO_DEVICE",1,"Agent 0","Agent 2",45770,143936704208361,143936704213921
"MEMORY_COPY","MEMORY_COPY_DEVICE_TO_HOST",1,"Agent 2","Agent 0",45864,143936705805920,143936705811440
"MEMORY_COPY","MEMORY_COPY_DEVICE_TO_HOST",1,"Agent 2","Agent 0",45872,143936705964751,143936705970191
"MEMORY_COPY","MEMORY_COPY_HOST_TO_DEVICE",1,"Agent 0","Agent 2",45876,143936706353253,143936706360093
"MEMORY_COPY","MEMORY_COPY_DEVICE_TO_HOST",1,"Agent 2","Agent 0",45970,143936707801631,143936707807111
"MEMORY_COPY","MEMORY_COPY_DEVICE_TO_HOST",1,"Agent 2","Agent 0",45978,143936707958452,143936707964012
"MEMORY_COPY","MEMORY_COPY_HOST_TO_DEVICE",1,"Agent 0","Agent 2",45982,143936708321784,143936708328504
"MEMORY_COPY","MEMORY_COPY_DEVICE_TO_HOST",1,"Agent 2","Agent 0",46076,143936709707092,143936709712532
"MEMORY_COPY","MEMORY_COPY_DEVICE_TO_HOST",1,"Agent 2","Agent 0",46084,143936709864393,143936709869913
"MEMORY_COPY","MEMORY_COPY_HOST_TO_DEVICE",1,"Agent 0","Agent 2",46088,143936710211535,143936710218455
"MEMORY_COPY","MEMORY_COPY_DEVICE_TO_HOST",1,"Agent 2","Agent 0",46182,143936711574182,143936711579662
"MEMORY_COPY","MEMORY_COPY_DEVICE_TO_HOST",1,"Agent 2","Agent 0",46190,143936711774233,143936711779673
"MEMORY_COPY","MEMORY_COPY_HOST_TO_DEVICE",1,"Agent 0","Agent 2",46194,143936712121985,143936712128825
"MEMORY_COPY","MEMORY_COPY_DEVICE_TO_HOST",1,"Agent 2","Agent 0",46288,143936713949455,143936713954895
"MEMORY_COPY","MEMORY_COPY_DEVICE_TO_HOST",1,"Agent 2","Agent 0",46296,143936714109356,143936714114796
"MEMORY_COPY","MEMORY_COPY_HOST_TO_DEVICE",1,"Agent 0","Agent 2",46300,143936714465998,143936714472878
"MEMORY_COPY","MEMORY_COPY_DEVICE_TO_HOST",1,"Agent 2","Agent 0",46394,143936715839656,143936715845176
"MEMORY_COPY","MEMORY_COPY_DEVICE_TO_HOST",1,"Agent 2","Agent 0",46402,143936715998457,143936716003937
"MEMORY_COPY","MEMORY_COPY_HOST_TO_DEVICE",1,"Agent 0","Agent 2",46406,143936716389469,143936716396509
"MEMORY_COPY","MEMORY_COPY_DEVICE_TO_HOST",1,"Agent 2","Agent 0",46500,143936717768157,143936717773837
"MEMORY_COPY","MEMORY_COPY_DEVICE_TO_HOST",1,"Agent 2","Agent 0",46508,143936717923998,143936717929798
"MEMORY_COPY","MEMORY_COPY_HOST_TO_DEVICE",1,"Agent 0","Agent 2",46512,143936718294790,143936718301670
"MEMORY_COPY","MEMORY_COPY_DEVICE_TO_HOST",1,"Agent 2","Agent 0",46606,143936719989049,143936719994529
"MEMORY_COPY","MEMORY_COPY_DEVICE_TO_HOST",1,"Agent 2","Agent 0",46614,143936720160660,143936720166140
"MEMORY_COPY","MEMORY_COPY_HOST_TO_DEVICE",1,"Agent 0","Agent 2",46618,143936720516962,143936720523762
"MEMORY_COPY","MEMORY_COPY_DEVICE_TO_HOST",1,"Agent 2","Agent 0",46712,143936721906780,143936721912260
"MEMORY_COPY","MEMORY_COPY_DEVICE_TO_HOST",1,"Agent 2","Agent 0",46720,143936722067201,143936722072721
"MEMORY_COPY","MEMORY_COPY_HOST_TO_DEVICE",1,"Agent 0","Agent 2",46724,143936722439543,143936722446423
"MEMORY_COPY","MEMORY_COPY_DEVICE_TO_HOST",1,"Agent 2","Agent 0",46818,143936724063592,143936724069072
"MEMORY_COPY","MEMORY_COPY_DEVICE_TO_HOST",1,"Agent 2","Agent 0",46826,143936724228213,143936724233693
"MEMORY_COPY","MEMORY_COPY_HOST_TO_DEVICE",1,"Agent 0","Agent 2",46830,143936724567425,143936724574225
"MEMORY_COPY","MEMORY_COPY_DEVICE_TO_HOST",1,"Agent 2","Agent 0",46924,143936726199675,143936726205195
"MEMORY_COPY","MEMORY_COPY_DEVICE_TO_HOST",1,"Agent 2","Agent 0",46932,143936726382966,143936726388526
"MEMORY_COPY","MEMORY_COPY_HOST_TO_DEVICE",1,"Agent 0","Agent 2",46936,143936726739648,143936726746448
"MEMORY_COPY","MEMORY_COPY_DEVICE_TO_HOST",1,"Agent 2","Agent 0",47030,143936728155155,143936728160675
"MEMORY_COPY","MEMORY_COPY_DEVICE_TO_HOST",1,"Agent 2","Agent 0",47038,143936728314226,143936728319706
"MEMORY_COPY","MEMORY_COPY_HOST_TO_DEVICE",1,"Agent 0","Agent 2",47042,143936728666338,143936728673178
"MEMORY_COPY","MEMORY_COPY_DEVICE_TO_HOST",1,"Agent 2","Agent 0",47136,143936730042386,143936730047866
"MEMORY_COPY","MEMORY_COPY_DEVICE_TO_HOST",1,"Agent 2","Agent 0",47144,143936730203117,143936730208637
"MEMORY_COPY","MEMORY_COPY_HOST_TO_DEVICE",1,"Agent 0","Agent 2",47148,143936730569469,143936730576229
"MEMORY_COPY","MEMORY_COPY_DEVICE_TO_HOST",1,"Agent 2","Agent 0",47242,143936732008197,143936732013677
"MEMORY_COPY","MEMORY_COPY_DEVICE_TO_HOST",1,"Agent 2","Agent 0",47250,143936732186848,143936732192288
"MEMORY_COPY","MEMORY_COPY_HOST_TO_DEVICE",1,"Agent 0","Agent 2",47254,143936732794661,143936732801501
"MEMORY_COPY","MEMORY_COPY_DEVICE_TO_HOST",1,"Agent 2","Agent 0",47348,143936734397220,143936734402660
"MEMORY_COPY","MEMORY_COPY_DEVICE_TO_HOST",1,"Agent 2","Agent 0",47356,143936734554221,143936734559701
"MEMORY_COPY","MEMORY_COPY_HOST_TO_DEVICE",1,"Agent 0","Agent 2",47360,143936734875133,143936734882053
"MEMORY_COPY","MEMORY_COPY_DEVICE_TO_HOST",1,"Agent 2","Agent 0",47454,143936736270600,143936736276480
"MEMORY_COPY","MEMORY_COPY_DEVICE_TO_HOST",1,"Agent 2","Agent 0",47462,143936736429831,143936736435711
"MEMORY_COPY","MEMORY_COPY_HOST_TO_DEVICE",1,"Agent 0","Agent 2",47466,143936736734193,143936736741033
"MEMORY_COPY","MEMORY_COPY_DEVICE_TO_HOST",1,"Agent 2","Agent 0",47560,143936738263071,143936738268551
"MEMORY_COPY","MEMORY_COPY_DEVICE_TO_HOST",1,"Agent 2","Agent 0",47568,143936738425392,143936738430832
"MEMORY_COPY","MEMORY_COPY_HOST_TO_DEVICE",1,"Agent 0","Agent 2",47572,143936738753354,143936738760154
"MEMORY_COPY","MEMORY_COPY_DEVICE_TO_HOST",1,"Agent 2","Agent 0",47666,143936740384013,143936740389493
"MEMORY_COPY","MEMORY_COPY_DEVICE_TO_HOST",1,"Agent 2","Agent 0",47674,143936740540154,143936740545634
"MEMORY_COPY","MEMORY_COPY_HOST_TO_DEVICE",1,"Agent 0","Agent 2",47678,143936740840496,143936740847296
"MEMORY_COPY","MEMORY_COPY_DEVICE_TO_HOST",1,"Agent 2","Agent 0",47772,143936742198913,143936742204233
"MEMORY_COPY","MEMORY_COPY_DEVICE_TO_HOST",1,"Agent 2","Agent 0",47780,143936742376854,143936742382374
"MEMORY_COPY","MEMORY_COPY_HOST_TO_DEVICE",1,"Agent 0","Agent 2",47784,143936742680666,143936742687466
"MEMORY_COPY","MEMORY_COPY_DEVICE_TO_HOST",1,"Agent 2","Agent 0",47878,143936744287885,143936744293365
"MEMORY_COPY","MEMORY_COPY_DEVICE_TO_HOST",1,"Agent 2","Agent 0",47886,143936744459526,143936744465046
"MEMORY_COPY","MEMORY_COPY_HOST_TO_DEVICE",1,"Agent 0","Agent 2",47890,143936745005169,143936745012009
"MEMORY_COPY","MEMORY_COPY_DEVICE_TO_HOST",1,"Agent 2","Agent 0",47946,143936745883444,143936745888444
"MEMORY_COPY","MEMORY_COPY_DEVICE_TO_HOST",1,"Agent 2","Agent 0",47954,143936746179765,143936746184765
"MEMORY_COPY","MEMORY_COPY_DEVICE_TO_HOST",1,"Agent 2","Agent 0",48046,143936747392162,143936747396762
"MEMORY_COPY","MEMORY_COPY_DEVICE_TO_HOST",1,"Agent 2","Agent 0",48054,143936747511483,143936747516083
"MEMORY_COPY","MEMORY_COPY_HOST_TO_DEVICE",1,"Agent 0","Agent 2",48058,143936747716684,143936747722284
"MEMORY_COPY","MEMORY_COPY_DEVICE_TO_HOST",1,"Agent 2","Agent 0",48182,143936749351793,143936749356393
"MEMORY_COPY","MEMORY_COPY_DEVICE_TO_HOST",1,"Agent 2","Agent 0",48190,143936749520914,143936749525514
"MEMORY_COPY","MEMORY_COPY_HOST_TO_DEVICE",1,"Agent 0","Agent 2",48194,143936749700305,143936749705905
"MEMORY_COPY","MEMORY_COPY_DEVICE_TO_HOST",1,"Agent 2","Agent 0",48318,143936751471765,143936751476405
"MEMORY_COPY","MEMORY_COPY_DEVICE_TO_HOST",1,"Agent 2","Agent 0",48326,143936751592755,143936751597395
"MEMORY_COPY","MEMORY_COPY_HOST_TO_DEVICE",1,"Agent 0","Agent 2",48330,143936751764706,143936751770226
"MEMORY_COPY","MEMORY_COPY_DEVICE_TO_HOST",1,"Agent 2","Agent 0",48454,143936753359795,143936753364435
"MEMORY_COPY","MEMORY_COPY_DEVICE_TO_HOST",1,"Agent 2","Agent 0",48462,143936753477446,143936753482086
"MEMORY_COPY","MEMORY_COPY_HOST_TO_DEVICE",1,"Agent 0","Agent 2",48466,143936753630176,143936753636137
"MEMORY_COPY","MEMORY_COPY_DEVICE_TO_HOST",1,"Agent 2","Agent 0",48588,143936755442157,143936755446797
"MEMORY_COPY","MEMORY_COPY_DEVICE_TO_HOST",1,"Agent 2","Agent 0",48596,143936755557627,143936755562267
"MEMORY_COPY","MEMORY_COPY_HOST_TO_DEVICE",1,"Agent 0","Agent 2",48600,143936755730228,143936755735748
"MEMORY_COPY","MEMORY_COPY_DEVICE_TO_HOST",1,"Agent 2","Agent 0",48724,143936757596678,143936757601278
"MEMORY_COPY","MEMORY_COPY_DEVICE_TO_HOST",1,"Agent 2","Agent 0",48732,143936757713199,143936757717839
"MEMORY_COPY","MEMORY_COPY_HOST_TO_DEVICE",1,"Agent 0","Agent 2",48736,143936757881940,143936757887500
"MEMORY_COPY","MEMORY_COPY_DEVICE_TO_HOST",1,"Agent 2","Agent 0",48860,143936759432949,143936759437629
"MEMORY_COPY","MEMORY_COPY_DEVICE_TO_HOST",1,"Agent 2","Agent 0",48868,143936759549769,143936759554369
"MEMORY_COPY","MEMORY_COPY_HOST_TO_DEVICE",1,"Agent 0","Agent 2",48872,143936759713420,143936759718980
"MEMORY_COPY","MEMORY_COPY_DEVICE_TO_HOST",1,"Agent 2","Agent 0",48996,143936761303859,143936761308819
"MEMORY_COPY","MEMORY_COPY_DEVICE_TO_HOST",1,"Agent 2","Agent 0",49004,143936761621651,143936761626251
"MEMORY_COPY","MEMORY_COPY_HOST_TO_DEVICE",1,"Agent 0","Agent 2",49008,143936761779912,143936761785472
"MEMORY_COPY","MEMORY_COPY_DEVICE_TO_HOST",1,"Agent 2","Agent 0",49132,143936763376710,143936763381310
"MEMORY_COPY","MEMORY_COPY_DEVICE_TO_HOST",1,"Agent 2","Agent 0",49140,143936763493811,143936763498411
"MEMORY_COPY","MEMORY_COPY_HOST_TO_DEVICE",1,"Agent 0","Agent 2",49144,143936763649032,143936763654632
"MEMORY_COPY","MEMORY_COPY_DEVICE_TO_HOST",1,"Agent 2","Agent 0",49266,143936765470352,143936765474952
"MEMORY_COPY","MEMORY_COPY_DEVICE_TO_HOST",1,"Agent 2","Agent 0",49274,143936765585373,143936765589973
"MEMORY_COPY","MEMORY_COPY_HOST_TO_DEVICE",1,"Agent 0","Agent 2",49278,143936765739464,143936765744984
"MEMORY_COPY","MEMORY_COPY_DEVICE_TO_HOST",1,"Agent 2","Agent 0",49402,143936767645334,143936767649934
"MEMORY_COPY","MEMORY_COPY_DEVICE_TO_HOST",1,"Agent 2","Agent 0",49410,143936767780255,143936767784815
"MEMORY_COPY","MEMORY_COPY_HOST_TO_DEVICE",1,"Agent 0","Agent 2",49414,143936767983546,143936767989026
"MEMORY_COPY","MEMORY_COPY_DEVICE_TO_HOST",1,"Agent 2","Agent 0",49538,143936769675535,143936769680055
"MEMORY_COPY","MEMORY_COPY_DEVICE_TO_HOST",1,"Agent 2","Agent 0",49546,143936769808996,143936769813516
"MEMORY_COPY","MEMORY_COPY_HOST_TO_DEVICE",1,"Agent 0","Agent 2",49550,143936770008207,143936770013687
"MEMORY_COPY","MEMORY_COPY_DEVICE_TO_HOST",1,"Agent 2","Agent 0",49674,143936771771757,143936771776197
"MEMORY_COPY","MEMORY_COPY_DEVICE_TO_HOST",1,"Agent 2","Agent 0",49682,143936771903698,143936771908138
"MEMORY_COPY","MEMORY_COPY_HOST_TO_DEVICE",1,"Agent 0","Agent 2",49686,143936772121119,143936772126519
"MEMORY_COPY","MEMORY_COPY_DEVICE_TO_HOST",1,"Agent 2","Agent 0",49810,143936774013391,143936774017871
"MEMORY_COPY","MEMORY_COPY_DEVICE_TO_HOST",1,"Agent 2","Agent 0",49818,143936774147950,143936774152350
"MEMORY_COPY","MEMORY_COPY_HOST_TO_DEVICE",1,"Agent 0","Agent 2",49822,143936774372391,143936774377751
"MEMORY_COPY","MEMORY_COPY_DEVICE_TO_HOST",1,"Agent 2","Agent 0",49944,143936776300582,143936776304942
"MEMORY_COPY","MEMORY_COPY_DEVICE_TO_HOST",1,"Agent 2","Agent 0",49952,143936776434873,143936776439273
"MEMORY_COPY","MEMORY_COPY_HOST_TO_DEVICE",1,"Agent 0","Agent 2",49956,143936776632954,143936776638274
"MEMORY_COPY","MEMORY_COPY_DEVICE_TO_HOST",1,"Agent 2","Agent 0",50050,143936778076932,143936778082172
"MEMORY_COPY","MEMORY_COPY_DEVICE_TO_HOST",1,"Agent 2","Agent 0",50058,143936778488834,143936778494034
"MEMORY_COPY","MEMORY_COPY_HOST_TO_DEVICE",1,"Agent 0","Agent 2",50062,143936778886846,143936778893646
"MEMORY_COPY","MEMORY_COPY_DEVICE_TO_HOST",1,"Agent 2","Agent 0",50156,143936780234164,143936780239444
"MEMORY_COPY","MEMORY_COPY_DEVICE_TO_HOST",1,"Agent 2","Agent 0",50164,143936780389145,143936780394385
"MEMORY_COPY","MEMORY_COPY_HOST_TO_DEVICE",1,"Agent 0","Agent 2",50168,143936780741227,143936780747947
"MEMORY_COPY","MEMORY_COPY_DEVICE_TO_HOST",1,"Agent 2","Agent 0",50262,143936782103204,143936782108404
"MEMORY_COPY","MEMORY_COPY_DEVICE_TO_HOST",1,"Agent 2","Agent 0",50270,143936782256355,143936782261475
"MEMORY_COPY","MEMORY_COPY_HOST_TO_DEVICE",1,"Agent 0","Agent 2",50274,143936782621517,143936782627957
"MEMORY_COPY","MEMORY_COPY_DEVICE_TO_HOST",1,"Agent 2","Agent 0",50368,143936783993465,143936783998665
"MEMORY_COPY","MEMORY_COPY_DEVICE_TO_HOST",1,"Agent 2","Agent 0",50376,143936784181576,143936784186696
"MEMORY_COPY","MEMORY_COPY_HOST_TO_DEVICE",1,"Agent 0","Agent 2",50380,143936784537438,143936784544078
"MEMORY_COPY","MEMORY_COPY_DEVICE_TO_HOST",1,"Agent 2","Agent 0",50474,143936786369918,143936786375518
"MEMORY_COPY","MEMORY_COPY_DEVICE_TO_HOST",1,"Agent 2","Agent 0",50482,143936786524059,143936786529219
"MEMORY_COPY","MEMORY_COPY_HOST_TO_DEVICE",1,"Agent 0","Agent 2",50486,143936786859310,143936786865831
"MEMORY_COPY","MEMORY_COPY_DEVICE_TO_HOST",1,"Agent 2","Agent 0",50580,143936788467799,143936788472999
"MEMORY_COPY","MEMORY_COPY_DEVICE_TO_HOST",1,"Agent 2","Agent 0",50588,143936788625650,143936788630810
"MEMORY_COPY","MEMORY_COPY_HOST_TO_DEVICE",1,"Agent 0","Agent 2",50592,143936788923827,143936788930507
"MEMORY_COPY","MEMORY_COPY_DEVICE_TO_HOST",1,"Agent 2","Agent 0",50686,143936790390115,143936790395355
"MEMORY_COPY","MEMORY_COPY_DEVICE_TO_HOST",1,"Agent 2","Agent 0",50694,143936790549155,143936790554315
"MEMORY_COPY","MEMORY_COPY_HOST_TO_DEVICE",1,"Agent 0","Agent 2",50698,143936790832237,143936790838757
"MEMORY_COPY","MEMORY_COPY_DEVICE_TO_HOST",1,"Agent 2","Agent 0",50792,143936792390096,143936792395336
"MEMORY_COPY","MEMORY_COPY_DEVICE_TO_HOST",1,"Agent 2","Agent 0",50800,143936792540636,143936792545876
"MEMORY_COPY","MEMORY_COPY_HOST_TO_DEVICE",1,"Agent 0","Agent 2",50804,143936792818158,143936792824638
"MEMORY_COPY","MEMORY_COPY_DEVICE_TO_HOST",1,"Agent 2","Agent 0",50898,143936794193506,143936794198706
"MEMORY_COPY","MEMORY_COPY_DEVICE_TO_HOST",1,"Agent 2","Agent 0",50906,143936794339486,143936794344726
"MEMORY_COPY","MEMORY_COPY_HOST_TO_DEVICE",1,"Agent 0","Agent 2",50910,143936794634698,143936794641178
"MEMORY_COPY","MEMORY_COPY_DEVICE_TO_HOST",1,"Agent 2","Agent 0",51004,143936796196107,143936796201347
"MEMORY_COPY","MEMORY_COPY_DEVICE_TO_HOST",1,"Agent 2","Agent 0",51012,143936796368038,143936796373598
"MEMORY_COPY","MEMORY_COPY_HOST_TO_DEVICE",1,"Agent 0","Agent 2",51016,143936796678509,143936796684989
"MEMORY_COPY","MEMORY_COPY_DEVICE_TO_HOST",1,"Agent 2","Agent 0",51110,143936798181298,143936798186458
"MEMORY_COPY","MEMORY_COPY_DEVICE_TO_HOST",1,"Agent 2","Agent 0",51118,143936798330888,143936798336048
"MEMORY_COPY","MEMORY_COPY_HOST_TO_DEVICE",1,"Agent 0","Agent 2",51122,143936798641710,143936798648430
"MEMORY_COPY","MEMORY_COPY_DEVICE_TO_HOST",1,"Agent 2","Agent 0",51216,143936799988458,143936799993618
"MEMORY_COPY","MEMORY_COPY_DEVICE_TO_HOST",1,"Agent 2","Agent 0",51224,143936800176049,143936800181209
"MEMORY_COPY","MEMORY_COPY_HOST_TO_DEVICE",1,"Agent 0","Agent 2",51228,143936800499480,143936800506080
"MEMORY_COPY","MEMORY_COPY_DEVICE_TO_HOST",1,"Agent 2","Agent 0",51322,143936801808488,143936801813648
"MEMORY_COPY","MEMORY_COPY_DEVICE_TO_HOST",1,"Agent 2","Agent 0",51330,143936801957638,143936801962838
"MEMORY_COPY","MEMORY_COPY_HOST_TO_DEVICE",1,"Agent 0","Agent 2",51334,143936802334101,143936802340781
"MEMORY_COPY","MEMORY_COPY_DEVICE_TO_HOST",1,"Agent 2","Agent 0",51428,143936803646918,143936803652158
"MEMORY_COPY","MEMORY_COPY_DEVICE_TO_HOST",1,"Agent 2","Agent 0",51436,143936803793539,143936803798659
"MEMORY_COPY","MEMORY_COPY_HOST_TO_DEVICE",1,"Agent 0","Agent 2",51440,143936804115230,143936804121790
"MEMORY_COPY","MEMORY_COPY_DEVICE_TO_HOST",1,"Agent 2","Agent 0",51534,143936805861080,143936805866240
"MEMORY_COPY","MEMORY_COPY_DEVICE_TO_HOST",1,"Agent 2","Agent 0",51542,143936806047341,143936806052501
"MEMORY_COPY","MEMORY_COPY_HOST_TO_DEVICE",1,"Agent 0","Agent 2",51546,143936806350053,143936806356773
"MEMORY_COPY","MEMORY_COPY_DEVICE_TO_HOST",1,"Agent 2","Agent 0",51640,143936807700070,143936807705190
"MEMORY_COPY","MEMORY_COPY_DEVICE_TO_HOST",1,"Agent 2","Agent 0",51648,143936807847671,143936807852911
"MEMORY_COPY","MEMORY_COPY_HOST_TO_DEVICE",1,"Agent 0","Agent 2",51652,143936808154003,143936808160523
"MEMORY_COPY","MEMORY_COPY_DEVICE_TO_HOST",1,"Agent 2","Agent 0",51746,143936809464940,143936809470100
"MEMORY_COPY","MEMORY_COPY_DEVICE_TO_HOST",1,"Agent 2","Agent 0",51754,143936809611691,143936809616851
"MEMORY_COPY","MEMORY_COPY_HOST_TO_DEVICE",1,"Agent 0","Agent 2",51758,143936809867712,143936809874192
"MEMORY_COPY","MEMORY_COPY_DEVICE_TO_HOST",1,"Agent 2","Agent 0",51852,143936811520621,143936811525781
"MEMORY_COPY","MEMORY_COPY_DEVICE_TO_HOST",1,"Agent 2","Agent 0",51860,143936811668142,143936811673302
"MEMORY_COPY","MEMORY_COPY_HOST_TO_DEVICE",1,"Agent 0","Agent 2",51864,143936811918144,143936811924624
"MEMORY_COPY","MEMORY_COPY_DEVICE_TO_HOST",1,"Agent 2","Agent 0",51958,143936813270771,143936813276011
"MEMORY_COPY","MEMORY_COPY_DEVICE_TO_HOST",1,"Agent 2","Agent 0",51966,143936813423492,143936813428652
"MEMORY_COPY","MEMORY_COPY_HOST_TO_DEVICE",1,"Agent 0","Agent 2",51970,143936813728574,143936813735054
"MEMORY_COPY","MEMORY_COPY_DEVICE_TO_HOST",1,"Agent 2","Agent 0",52064,143936815276432,143936815281552
"MEMORY_COPY","MEMORY_COPY_DEVICE_TO_HOST",1,"Agent 2","Agent 0",52072,143936815426023,143936815431183
"MEMORY_COPY","MEMORY_COPY_HOST_TO_DEVICE",1,"Agent 0","Agent 2",52076,143936815691224,143936815697664
"MEMORY_COPY","MEMORY_COPY_DEVICE_TO_HOST",1,"Agent 2","Agent 0",52132,143936816514209,143936816518969
"MEMORY_COPY","MEMORY_COPY_DEVICE_TO_HOST",1,"Agent 2","Agent 0",52140,143936816650590,143936816655270
"MEMORY_COPY","MEMORY_COPY_DEVICE_TO_HOST",1,"Agent 2","Agent 0",52232,143936817974307,143936817978547
"MEMORY_COPY","MEMORY_COPY_DEVICE_TO_HOST",1,"Agent 2","Agent 0",52240,143936818142518,143936818146758
"MEMORY_COPY","MEMORY_COPY_HOST_TO_DEVICE",1,"Agent 0","Agent 2",52244,143936818336119,143936818341359
"MEMORY_COPY","MEMORY_COPY_DEVICE_TO_HOST",1,"Agent 2","Agent 0",52368,143936819883368,143936819887688
"MEMORY_COPY","MEMORY_COPY_DEVICE_TO_HOST",1,"Agent 2","Agent 0",52376,143936819997448,143936820001728
"MEMORY_COPY","MEMORY_COPY_HOST_TO_DEVICE",1,"Agent 0","Agent 2",52380,143936820204059,143936820209299
"MEMORY_COPY","MEMORY_COPY_DEVICE_TO_HOST",1,"Agent 2","Agent 0",52504,143936821844368,143936821848648
"MEMORY_COPY","MEMORY_COPY_DEVICE_TO_HOST",1,"Agent 2","Agent 0",52512,143936821958069,143936821962349
"MEMORY_COPY","MEMORY_COPY_HOST_TO_DEVICE",1,"Agent 0","Agent 2",52516,143936822165290,143936822170530
"MEMORY_COPY","MEMORY_COPY_DEVICE_TO_HOST",1,"Agent 2","Agent 0",52640,143936823686749,143936823691029
"MEMORY_COPY","MEMORY_COPY_DEVICE_TO_HOST",1,"Agent 2","Agent 0",52648,143936823797989,143936823802269
"MEMORY_COPY","MEMORY_COPY_HOST_TO_DEVICE",1,"Agent 0","Agent 2",52652,143936823949870,143936823955070
"MEMORY_COPY","MEMORY_COPY_DEVICE_TO_HOST",1,"Agent 2","Agent 0",52774,143936825788950,143936825793230
"MEMORY_COPY","MEMORY_COPY_DEVICE_TO_HOST",1,"Agent 2","Agent 0",52782,143936825904091,143936825908371
"MEMORY_COPY","MEMORY_COPY_HOST_TO_DEVICE",1,"Agent 0","Agent 2",52786,143936826104012,143936826109252
"MEMORY_COPY","MEMORY_COPY_DEVICE_TO_HOST",1,"Agent 2","Agent 0",52910,143936827776141,143936827780381
"MEMORY_COPY","MEMORY_COPY_DEVICE_TO_HOST",1,"Agent 2","Agent 0",52918,143936827887732,143936827892012
"MEMORY_COPY","MEMORY_COPY_HOST_TO_DEVICE",1,"Agent 0","Agent 2",52922,143936828089403,143936828094843
"MEMORY_COPY","MEMORY_COPY_DEVICE_TO_HOST",1,"Agent 2","Agent 0",53046,143936829595471,143936829600271
"MEMORY_COPY","MEMORY_COPY_DEVICE_TO_HOST",1,"Agent 2","Agent 0",53054,143936829707302,143936829711582
"MEMORY_COPY","MEMORY_COPY_HOST_TO_DEVICE",1,"Agent 0","Agent 2",53058,143936829866713,143936829871953
"MEMORY_COPY","MEMORY_COPY_DEVICE_TO_HOST",1,"Agent 2","Agent 0",53182,143936831388691,143936831392971
"MEMORY_COPY","MEMORY_COPY_DEVICE_TO_HOST",1,"Agent 2","Agent 0",53190,143936831529302,143936831533542
"MEMORY_COPY","MEMORY_COPY_HOST_TO_DEVICE",1,"Agent 0","Agent 2",53194,143936831685133,143936831690413
"MEMORY_COPY","MEMORY_COPY_DEVICE_TO_HOST",1,"Agent 2","Agent 0",53318,143936833377332,143936833381572
"MEMORY_COPY","MEMORY_COPY_DEVICE_TO_HOST",1,"Agent 2","Agent 0",53326,143936833490383,143936833494663
"MEMORY_COPY","MEMORY_COPY_HOST_TO_DEVICE",1,"Agent 0","Agent 2",53330,143936833642944,143936833648144
"MEMORY_COPY","MEMORY_COPY_DEVICE_TO_HOST",1,"Agent 2","Agent 0",53452,143936835513964,143936835518164
"MEMORY_COPY","MEMORY_COPY_DEVICE_TO_HOST",1,"Agent 2","Agent 0",53460,143936835635935,143936835640215
"MEMORY_COPY","MEMORY_COPY_HOST_TO_DEVICE",1,"Agent 0","Agent 2",53464,143936835816186,143936835821426
"MEMORY_COPY","MEMORY_COPY_DEVICE_TO_HOST",1,"Agent 2","Agent 0",53588,143936837655936,143936837660296
"MEMORY_COPY","MEMORY_COPY_DEVICE_TO_HOST",1,"Agent 2","Agent 0",53596,143936837778927,143936837783167
"MEMORY_COPY","MEMORY_COPY_HOST_TO_DEVICE",1,"Agent 0","Agent 2",53600,143936837939877,143936837945077
"MEMORY_COPY","MEMORY_COPY_DEVICE_TO_HOST",1,"Agent 2","Agent 0",53724,143936839532626,143936839536906
"MEMORY_COPY","MEMORY_COPY_DEVICE_TO_HOST",1,"Agent 2","Agent 0",53732,143936839650517,143936839654757
"MEMORY_COPY","MEMORY_COPY_HOST_TO_DEVICE",1,"Agent 0","Agent 2",53736,143936839801388,143936839806668
"MEMORY_COPY","MEMORY_COPY_DEVICE_TO_HOST",1,"Agent 2","Agent 0",53860,143936841346476,143936841350716
"MEMORY_COPY","MEMORY_COPY_DEVICE_TO_HOST",1,"Agent 2","Agent 0",53868,143936841458567,143936841462847
"MEMORY_COPY","MEMORY_COPY_HOST_TO_DEVICE",1,"Agent 0","Agent 2",53872,143936841609828,143936841615028
"MEMORY_COPY","MEMORY_COPY_DEVICE_TO_HOST",1,"Agent 2","Agent 0",53996,143936843291247,143936843295487
"MEMORY_COPY","MEMORY_COPY_DEVICE_TO_HOST",1,"Agent 2","Agent 0",54004,143936843401798,143936843406078
"MEMORY_COPY","MEMORY_COPY_HOST_TO_DEVICE",1,"Agent 0","Agent 2",54008,143936843573599,143936843578799
"MEMORY_COPY","MEMORY_COPY_DEVICE_TO_HOST",1,"Agent 2","Agent 0",54130,143936845391499,143936845395699
"MEMORY_COPY","MEMORY_COPY_DEVICE_TO_HOST",1,"Agent 2","Agent 0",54138,143936845502019,143936845506259
"MEMORY_COPY","MEMORY_COPY_HOST_TO_DEVICE",1,"Agent 0","Agent 2",54142,143936845656200,143936845661400
"MEMORY_COPY","MEMORY_COPY_DEVICE_TO_HOST",1,"Agent 2","Agent 0",54236,143936846951407,143936846956567
"MEMORY_COPY","MEMORY_COPY_DEVICE_TO_HOST",1,"Agent 2","Agent 0",54244,143936847101538,143936847106698
"MEMORY_COPY","MEMORY_COPY_HOST_TO_DEVICE",1,"Agent 0","Agent 2",54248,143936847414490,143936847421170
"MEMORY_COPY","MEMORY_COPY_DEVICE_TO_HOST",1,"Agent 2","Agent 0",54342,143936848839098,143936848844298
"MEMORY_COPY","MEMORY_COPY_DEVICE_TO_HOST",1,"Agent 2","Agent 0",54350,143936848987018,143936848992259
"MEMORY_COPY","MEMORY_COPY_HOST_TO_DEVICE",1,"Agent 0","Agent 2",54354,143936849283750,143936849290510
"MEMORY_COPY","MEMORY_COPY_DEVICE_TO_HOST",1,"Agent 2","Agent 0",54448,143936850581277,143936850586477
"MEMORY_COPY","MEMORY_COPY_DEVICE_TO_HOST",1,"Agent 2","Agent 0",54456,143936850726308,143936850731468
"MEMORY_COPY","MEMORY_COPY_HOST_TO_DEVICE",1,"Agent 0","Agent 2",54460,143936851043940,143936851050380
"MEMORY_COPY","MEMORY_COPY_DEVICE_TO_HOST",1,"Agent 2","Agent 0",54554,143936852319180,143936852324380
"MEMORY_COPY","MEMORY_COPY_DEVICE_TO_HOST",1,"Agent 2","Agent 0",54562,143936852468801,143936852474041
"MEMORY_COPY","MEMORY_COPY_HOST_TO_DEVICE",1,"Agent 0","Agent 2",54566,143936852842263,143936852848743
"MEMORY_COPY","MEMORY_COPY_DEVICE_TO_HOST",1,"Agent 2","Agent 0",54660,143936854564943,143936854570143
"MEMORY_COPY","MEMORY_COPY_DEVICE_TO_HOST",1,"Agent 2","Agent 0",54668,143936854712423,143936854717743
"MEMORY_COPY","MEMORY_COPY_HOST_TO_DEVICE",1,"Agent 0","Agent 2",54672,143936855005925,143936855012605
"MEMORY_COPY","MEMORY_COPY_DEVICE_TO_HOST",1,"Agent 2","Agent 0",54766,143936856343842,143936856349082
"MEMORY_COPY","MEMORY_COPY_DEVICE_TO_HOST",1,"Agent 2","Agent 0",54774,143936856489183,143936856494383
"MEMORY_COPY","MEMORY_COPY_HOST_TO_DEVICE",1,"Agent 0","Agent 2",54778,143936856769345,143936856775865
"MEMORY_COPY","MEMORY_COPY_DEVICE_TO_HOST",1,"Agent 2","Agent 0",54872,143936858061922,143936858067162
"MEMORY_COPY","MEMORY_COPY_DEVICE_TO_HOST",1,"Agent 2","Agent 0",54880,143936858209353,143936858214513
"MEMORY_COPY","MEMORY_COPY_HOST_TO_DEVICE",1,"Agent 0","Agent 2",54884,143936858530344,143936858536825
"MEMORY_COPY","MEMORY_COPY_DEVICE_TO_HOST",1,"Agent 2","Agent 0",54978,143936859996033,143936860001153
"MEMORY_COPY","MEMORY_COPY_DEVICE_TO_HOST",1,"Agent 2","Agent 0",54986,143936860183024,143936860188224
"MEMORY_COPY","MEMORY_COPY_HOST_TO_DEVICE",1,"Agent 0","Agent 2",54990,143936860482945,143936860489665
"MEMORY_COPY","MEMORY_COPY_DEVICE_TO_HOST",1,"Agent 2","Agent 0",55084,143936861798473,143936861803593
"MEMORY_COPY","MEMORY_COPY_DEVICE_TO_HOST",1,"Agent 2","Agent 0",55092,143936861942723,143936861947883
"MEMORY_COPY","MEMORY_COPY_HOST_TO_DEVICE",1,"Agent 0","Agent 2",55096,143936862290785,143936862297545
"MEMORY_COPY","MEMORY_COPY_DEVICE_TO_HOST",1,"Agent 2","Agent 0",55190,143936863929054,143936863934294
"MEMORY_COPY","MEMORY_COPY_DEVICE_TO_HOST",1,"Agent 2","Agent 0",55198,143936864077335,143936864082535
"MEMORY_COPY","MEMORY_COPY_HOST_TO_DEVICE",1,"Agent 0","Agent 2",55202,143936864384727,143936864391407
"MEMORY_COPY","MEMORY_COPY_DEVICE_TO_HOST",1,"Agent 2","Agent 0",55296,143936865681744,143936865686904
"MEMORY_COPY","MEMORY_COPY_DEVICE_TO_HOST",1,"Agent 2","Agent 0",55304,143936866046926,143936866052566
"MEMORY_COPY","MEMORY_COPY_HOST_TO_DEVICE",1,"Agent 0","Agent 2",55308,143936866355958,143936866362678
"MEMORY_COPY","MEMORY_COPY_DEVICE_TO_HOST",1,"Agent 2","Agent 0",55402,143936867623025,143936867628225
"MEMORY_COPY","MEMORY_COPY_DEVICE_TO_HOST",1,"Agent 2","Agent 0",55410,143936867767795,143936867773115
"MEMORY_COPY","MEMORY_COPY_HOST_TO_DEVICE",1,"Agent 0","Agent 2",55414,143936868105877,143936868112317
"MEMORY_COPY","MEMORY_COPY_DEVICE_TO_HOST",1,"Agent 2","Agent 0",55508,143936869417105,143936869422265
"MEMORY_COPY","MEMORY_COPY_DEVICE_TO_HOST",1,"Agent 2","Agent 0",55516,143936869560205,143936869565845
"MEMORY_COPY","MEMORY_COPY_HOST_TO_DEVICE",1,"Agent 0","Agent 2",55520,143936869870817,143936869877577
"MEMORY_COPY","MEMORY_COPY_DEVICE_TO_HOST",1,"Agent 2","Agent 0",55614,143936871241235,143936871246395
"MEMORY_COPY","MEMORY_COPY_DEVICE_TO_HOST",1,"Agent 2","Agent 0",55622,143936871388585,143936871393705
"MEMORY_COPY","MEMORY_COPY_HOST_TO_DEVICE",1,"Agent 0","Agent 2",55626,143936871664707,143936871671227
"MEMORY_COPY","MEMORY_COPY_DEVICE_TO_HOST",1,"Agent 2","Agent 0",55720,143936873479577,143936873484817
"MEMORY_COPY","MEMORY_COPY_DEVICE_TO_HOST",1,"Agent 2","Agent 0",55728,143936873625998,143936873631238
"MEMORY_COPY","MEMORY_COPY_HOST_TO_DEVICE",1,"Agent 0","Agent 2",55732,143936873909279,143936873915799
"MEMORY_COPY","MEMORY_COPY_DEVICE_TO_HOST",1,"Agent 2","Agent 0",55826,143936875223917,143936875229117
"MEMORY_COPY","MEMORY_COPY_DEVICE_TO_HOST",1,"Agent 2","Agent 0",55834,143936875368737,143936875373897
"MEMORY_COPY","MEMORY_COPY_HOST_TO_DEVICE",1,"Agent 0","Agent 2",55838,143936875618379,143936875624859
"MEMORY_COPY","MEMORY_COPY_DEVICE_TO_HOST",1,"Agent 2","Agent 0",55932,143936876959886,143936876964966
"MEMORY_COPY","MEMORY_COPY_DEVICE_TO_HOST",1,"Agent 2","Agent 0",55940,143936877108467,143936877113627
"MEMORY_COPY","MEMORY_COPY_HOST_TO_DEVICE",1,"Agent 0","Agent 2",55944,143936877364478,143936877371158
"MEMORY_COPY","MEMORY_COPY_DEVICE_TO_HOST",1,"Agent 2","Agent 0",56038,143936878797386,143936878802626
"MEMORY_COPY","MEMORY_COPY_DEVICE_TO_HOST",1,"Agent 2","Agent 0",56046,143936878943907,143936878949067
"MEMORY_COPY","MEMORY_COPY_HOST_TO_DEVICE",1,"Agent 0","Agent 2",56050,143936879212019,143936879218459
"MEMORY_COPY","MEMORY_COPY_DEVICE_TO_HOST",1,"Agent 2","Agent 0",56144,143936880507836,143936880512996
"MEMORY_COPY","MEMORY_COPY_DEVICE_TO_HOST",1,"Agent 2","Agent 0",56152,143936880654677,143936880659837
"MEMORY_COPY","MEMORY_COPY_HOST_TO_DEVICE",1,"Agent 0","Agent 2",56156,143936880910438,143936880917078
"MEMORY_COPY","MEMORY_COPY_DEVICE_TO_HOST",1,"Agent 2","Agent 0",56250,143936882536467,143936882541627
"MEMORY_COPY","MEMORY_COPY_DEVICE_TO_HOST",1,"Agent 2","Agent 0",56258,143936882682498,143936882687658
"MEMORY_COPY","MEMORY_COPY_HOST_TO_DEVICE",1,"Agent 0","Agent 2",56262,143936882935289,143936882941769
"MEMORY_COPY","MEMORY_COPY_DEVICE_TO_HOST",1,"Agent 2","Agent 0",56318,143936883737034,143936883741714
"MEMORY_COPY","MEMORY_COPY_DEVICE_TO_HOST",1,"Agent 2","Agent 0",56326,143936883868384,143936883873024
"MEMORY_COPY","MEMORY_COPY_DEVICE_TO_HOST",1,"Agent 2","Agent 0",56418,143936885167071,143936885171352
"MEMORY_COPY","MEMORY_COPY_DEVICE_TO_HOST",1,"Agent 2","Agent 0",56426,143936885279532,143936885283932
"MEMORY_COPY","MEMORY_COPY_HOST_TO_DEVICE",1,"Agent 0","Agent 2",56430,143936885445633,143936885450833
"MEMORY_COPY","MEMORY_COPY_DEVICE_TO_HOST",1,"Agent 2","Agent 0",56554,143936886989962,143936886994162
"MEMORY_COPY","MEMORY_COPY_DEVICE_TO_HOST",1,"Agent 2","Agent 0",56562,143936887108472,143936887112712
"MEMORY_COPY","MEMORY_COPY_HOST_TO_DEVICE",1,"Agent 0","Agent 2",56566,143936887297003,143936887302123
"MEMORY_COPY","MEMORY_COPY_DEVICE_TO_HOST",1,"Agent 2","Agent 0",56690,143936888874382,143936888878662
"MEMORY_COPY","MEMORY_COPY_DEVICE_TO_HOST",1,"Agent 2","Agent 0",56698,143936888985433,143936888989673
"MEMORY_COPY","MEMORY_COPY_HOST_TO_DEVICE",1,"Agent 0","Agent 2",56702,143936889205824,143936889211024
"MEMORY_COPY","MEMORY_COPY_DEVICE_TO_HOST",1,"Agent 2","Agent 0",56826,143936890683512,143936890687752
"MEMORY_COPY","MEMORY_COPY_DEVICE_TO_HOST",1,"Agent 2","Agent 0",56834,143936890839883,143936890844163
"MEMORY_COPY","MEMORY_COPY_HOST_TO_DEVICE",1,"Agent 0","Agent 2",56838,143936890992104,143936890997264
"MEMORY_COPY","MEMORY_COPY_DEVICE_TO_HOST",1,"Agent 2","Agent 0",56960,143936892852494,143936892856734
"MEMORY_COPY","MEMORY_COPY_DEVICE_TO_HOST",1,"Agent 2","Agent 0",56968,143936892965695,143936892969975
"MEMORY_COPY","MEMORY_COPY_HOST_TO_DEVICE",1,"Agent 0","Agent 2",56972,143936893164686,143936893170006
"MEMORY_COPY","MEMORY_COPY_DEVICE_TO_HOST",1,"Agent 2","Agent 0",57096,143936894817685,143936894821925
"MEMORY_COPY","MEMORY_COPY_DEVICE_TO_HOST",1,"Agent 2","Agent 0",57104,143936894929805,143936894934045
"MEMORY_COPY","MEMORY_COPY_HOST_TO_DEVICE",1,"Agent 0","Agent 2",57108,143936895136316,143936895141557
"MEMORY_COPY","MEMORY_COPY_DEVICE_TO_HOST",1,"Agent 2","Agent 0",57232,143936896659225,143936896663505
"MEMORY_COPY","MEMORY_COPY_DEVICE_TO_HOST",1,"Agent 2","Agent 0",57240,143936896770556,143936896774836
"MEMORY_COPY","MEMORY_COPY_HOST_TO_DEVICE",1,"Agent 0","Agent 2",57244,143936896928946,143936896934106
"MEMORY_COPY","MEMORY_COPY_DEVICE_TO_HOST",1,"Agent 2","Agent 0",57368,143936898546935,143936898551215
"MEMORY_COPY","MEMORY_COPY_DEVICE_TO_HOST",1,"Agent 2","Agent 0",57376,143936898659636,143936898663876
"MEMORY_COPY","MEMORY_COPY_HOST_TO_DEVICE",1,"Agent 0","Agent 2",57380,143936898836287,143936898841647
"MEMORY_COPY","MEMORY_COPY_DEVICE_TO_HOST",1,"Agent 2","Agent 0",57504,143936900534006,143936900538286
"MEMORY_COPY","MEMORY_COPY_DEVICE_TO_HOST",1,"Agent 2","Agent 0",57512,143936900650037,143936900654357
"MEMORY_COPY","MEMORY_COPY_HOST_TO_DEVICE",1,"Agent 0","Agent 2",57516,143936900825878,143936900831278
"MEMORY_COPY","MEMORY_COPY_DEVICE_TO_HOST",1,"Agent 2","Agent 0",57638,143936902761879,143936902766119
"MEMORY_COPY","MEMORY_COPY_DEVICE_TO_HOST",1,"Agent 2","Agent 0",57646,143936902874639,143936902878919
"MEMORY_COPY","MEMORY_COPY_HOST_TO_DEVICE",1,"Agent 0","Agent 2",57650,143936903060520,143936903065680
"MEMORY_COPY","MEMORY_COPY_DEVICE_TO_HOST",1,"Agent 2","Agent 0",57774,143936904800080,143936904804320
"MEMORY_COPY","MEMORY_COPY_DEVICE_TO_HOST",1,"Agent 2","Agent 0",57782,143936904914110,143936904918470
"MEMORY_COPY","MEMORY_COPY_HOST_TO_DEVICE",1,"Agent 0","Agent 2",57786,143936905102981,143936905108142
"MEMORY_COPY","MEMORY_COPY_DEVICE_TO_HOST",1,"Agent 2","Agent 0",57910,143936906619490,143936906623730
"MEMORY_COPY","MEMORY_COPY_DEVICE_TO_HOST",1,"Agent 2","Agent 0",57918,143936906730550,143936906734791
"MEMORY_COPY","MEMORY_COPY_HOST_TO_DEVICE",1,"Agent 0","Agent 2",57922,143936906884381,143936906889541
"MEMORY_COPY","MEMORY_COPY_DEVICE_TO_HOST",1,"Agent 2","Agent 0",58046,143936908431080,143936908435320
"MEMORY_COPY","MEMORY_COPY_DEVICE_TO_HOST",1,"Agent 2","Agent 0",58054,143936908542000,143936908546280
"MEMORY_COPY","MEMORY_COPY_HOST_TO_DEVICE",1,"Agent 0","Agent 2",58058,143936908693791,143936908698991
"MEMORY_COPY","MEMORY_COPY_DEVICE_TO_HOST",1,"Agent 2","Agent 0",58182,143936910471041,143936910475441
"MEMORY_COPY","MEMORY_COPY_DEVICE_TO_HOST",1,"Agent 2","Agent 0",58190,143936910583772,143936910588012
"MEMORY_COPY","MEMORY_COPY_HOST_TO_DEVICE",1,"Agent 0","Agent 2",58194,143936910733363,143936910738523
"MEMORY_COPY","MEMORY_COPY_DEVICE_TO_HOST",1,"Agent 2","Agent 0",58316,143936912628753,143936912632993
"MEMORY_COPY","MEMORY_COPY_DEVICE_TO_HOST",1,"Agent 2","Agent 0",58324,143936912739774,143936912744014
"MEMORY_COPY","MEMORY_COPY_HOST_TO_DEVICE",1,"Agent 0","Agent 2",58328,143936912893434,143936912899035
"MEMORY_COPY","MEMORY_COPY_DEVICE_TO_HOST",1,"Agent 2","Agent 0",58422,143936914195055,143936914200215
"MEMORY_COPY","MEMORY_COPY_DEVICE_TO_HOST",1,"Agent 2","Agent 0",58430,143936914341486,143936914346686
"MEMORY_COPY","MEMORY_COPY_HOST_TO_DEVICE",1,"Agent 0","Agent 2",58434,143936914634218,143936914640698
"MEMORY_COPY","MEMORY_COPY_DEVICE_TO_HOST",1,"Agent 2","Agent 0",58528,143936916148046,143936916153206
"MEMORY_COPY","MEMORY_COPY_DEVICE_TO_HOST",1,"Agent 2","Agent 0",58536,143936916295527,143936916300767
"MEMORY_COPY","MEMORY_COPY_HOST_TO_DEVICE",1,"Agent 0","Agent 2",58540,143936916570638,143936916577078
"MEMORY_COPY","MEMORY_COPY_DEVICE_TO_HOST",1,"Agent 2","Agent 0",58634,143936917880446,143936917885606
"MEMORY_COPY","MEMORY_COPY_DEVICE_TO_HOST",1,"Agent 2","Agent 0",58642,143936918026856,143936918032016
"MEMORY_COPY","MEMORY_COPY_HOST_TO_DEVICE",1,"Agent 0","Agent 2",58646,143936918337488,143936918343968
"MEMORY_COPY","MEMORY_COPY_DEVICE_TO_HOST",1,"Agent 2","Agent 0",58740,143936919636495,143936919641655
"MEMORY_COPY","MEMORY_COPY_DEVICE_TO_HOST",1,"Agent 2","Agent 0",58748,143936919782986,143936919788146
"MEMORY_COPY","MEMORY_COPY_HOST_TO_DEVICE",1,"Agent 0","Agent 2",58752,143936920115888,143936920122328
"MEMORY_COPY","MEMORY_COPY_DEVICE_TO_HOST",1,"Agent 2","Agent 0",58846,143936921908188,143936921913388
"MEMORY_COPY","MEMORY_COPY_DEVICE_TO_HOST",1,"Agent 2","Agent 0",58854,143936922056239,143936922061399
"MEMORY_COPY","MEMORY_COPY_HOST_TO_DEVICE",1,"Agent 0","Agent 2",58858,143936922360930,143936922367410
"MEMORY_COPY","MEMORY_COPY_DEVICE_TO_HOST",1,"Agent 2","Agent 0",58952,143936923633947,143936923639107
"MEMORY_COPY","MEMORY_COPY_DEVICE_TO_HOST",1,"Agent 2","Agent 0",58960,143936923780118,143936923785358
"MEMORY_COPY","MEMORY_COPY_HOST_TO_DEVICE",1,"Agent 0","Agent 2",58964,143936924097990,143936924104390
"MEMORY_COPY","MEMORY_COPY_DEVICE_TO_HOST",1,"Agent 2","Agent 0",59058,143936925384537,143936925389697
"MEMORY_COPY","MEMORY_COPY_DEVICE_TO_HOST",1,"Agent 2","Agent 0",59066,143936925530028,143936925535148
"MEMORY_COPY","MEMORY_COPY_HOST_TO_DEVICE",1,"Agent 0","Agent 2",59070,143936925804529,143936925811409
"MEMORY_COPY","MEMORY_COPY_DEVICE_TO_HOST",1,"Agent 2","Agent 0",59164,143936927281157,143936927286317
"MEMORY_COPY","MEMORY_COPY_DEVICE_TO_HOST",1,"Agent 2","Agent 0",59172,143936927428478,143936927433678
"MEMORY_COPY","MEMORY_COPY_HOST_TO_DEVICE",1,"Agent 0","Agent 2",59176,143936927708760,143936927715240
"MEMORY_COPY","MEMORY_COPY_DEVICE_TO_HOST",1,"Agent 2","Agent 0",59270,143936929042327,143936929047487
"MEMORY_COPY","MEMORY_COPY_DEVICE_TO_HOST",1,"Agent 2","Agent 0",59278,143936929191918,143936929197118
"MEMORY_COPY","MEMORY_COPY_HOST_TO_DEVICE",1,"Agent 0","Agent 2",59282,143936929508030,143936929514750
"MEMORY_COPY","MEMORY_COPY_DEVICE_TO_HOST",1,"Agent 2","Agent 0",59376,143936931194819,143936931200019
"MEMORY_COPY","MEMORY_COPY_DEVICE_TO_HOST",1,"Agent 2","Agent 0",59384,143936931345330,143936931350610
"MEMORY_COPY","MEMORY_COPY_HOST_TO_DEVICE",1,"Agent 0","Agent 2",59388,143936931652872,143936931659352
"MEMORY_COPY","MEMORY_COPY_DEVICE_TO_HOST",1,"Agent 2","Agent 0",59482,143936932968769,143936932973929
"MEMORY_COPY","MEMORY_COPY_DEVICE_TO_HOST",1,"Agent 2","Agent 0",59490,143936933146520,143936933151720
"MEMORY_COPY","MEMORY_COPY_HOST_TO_DEVICE",1,"Agent 0","Agent 2",59494,143936933471902,143936933478342
"MEMORY_COPY","MEMORY_COPY_DEVICE_TO_HOST",1,"Agent 2","Agent 0",59588,143936935016830,143936935021990
"MEMORY_COPY","MEMORY_COPY_DEVICE_TO_HOST",1,"Agent 2","Agent 0",59596,143936935165701,143936935170861
"MEMORY_COPY","MEMORY_COPY_HOST_TO_DEVICE",1,"Agent 0","Agent 2",59600,143936935477033,143936935483793
"MEMORY_COPY","MEMORY_COPY_DEVICE_TO_HOST",1,"Agent 2","Agent 0",59694,143936936769970,143936936775210
"MEMORY_COPY","MEMORY_COPY_DEVICE_TO_HOST",1,"Agent 2","Agent 0",59702,143936936916011,143936936921171
"MEMORY_COPY","MEMORY_COPY_HOST_TO_DEVICE",1,"Agent 0","Agent 2",59706,143936937240712,143936937247192
"MEMORY_COPY","MEMORY_COPY_DEVICE_TO_HOST",1,"Agent 2","Agent 0",59800,143936938535589,143936938540750
"MEMORY_COPY","MEMORY_COPY_DEVICE_TO_HOST",1,"Agent 2","Agent 0",59808,143936938681720,143936938686920
"MEMORY_COPY","MEMORY_COPY_HOST_TO_DEVICE",1,"Agent 0","Agent 2",59812,143936938982312,143936938989032
"MEMORY_COPY","MEMORY_COPY_DEVICE_TO_HOST",1,"Agent 2","Agent 0",59906,143936940822272,143936940827472
"MEMORY_COPY","MEMORY_COPY_DEVICE_TO_HOST",1,"Agent 2","Agent 0",59914,143936940970753,143936940975953
"MEMORY_COPY","MEMORY_COPY_HOST_TO_DEVICE",1,"Agent 0","Agent 2",59918,143936941293765,143936941300205
"MEMORY_COPY","MEMORY_COPY_DEVICE_TO_HOST",1,"Agent 2","Agent 0",60012,143936942582442,143936942587602
"MEMORY_COPY","MEMORY_COPY_DEVICE_TO_HOST",1,"Agent 2","Agent 0",60020,143936942727593,143936942732753
"MEMORY_COPY","MEMORY_COPY_HOST_TO_DEVICE",1,"Agent 0","Agent 2",60024,143936942981384,143936942987904
"MEMORY_COPY","MEMORY_COPY_DEVICE_TO_HOST",1,"Agent 2","Agent 0",60118,143936944248821,143936944254101
"MEMORY_COPY","MEMORY_COPY_DEVICE_TO_HOST",1,"Agent 2","Agent 0",60126,143936944397482,143936944402722
"MEMORY_COPY","MEMORY_COPY_HOST_TO_DEVICE",1,"Agent 0","Agent 2",60130,143936944662083,143936944668603
"MEMORY_COPY","MEMORY_COPY_DEVICE_TO_HOST",1,"Agent 2","Agent 0",60224,143936946080661,143936946085821
"MEMORY_COPY","MEMORY_COPY_DEVICE_TO_HOST",1,"Agent 2","Agent 0",60232,143936946230652,143936946235772
"MEMORY_COPY","MEMORY_COPY_HOST_TO_DEVICE",1,"Agent 0","Agent 2",60236,143936946464013,143936946470453
"MEMORY_COPY","MEMORY_COPY_DEVICE_TO_HOST",1,"Agent 2","Agent 0",60330,143936947775080,143936947780200
"MEMORY_COPY","MEMORY_COPY_DEVICE_TO_HOST",1,"Agent 2","Agent 0",60338,143936947921541,143936947926741
"MEMORY_COPY","MEMORY_COPY_HOST_TO_DEVICE",1,"Agent 0","Agent 2",60342,143936948205793,143936948212273
"MEMORY_COPY","MEMORY_COPY_DEVICE_TO_HOST",1,"Agent 2","Agent 0",60436,143936949863892,143936949869012
"MEMORY_COPY","MEMORY_COPY_DEVICE_TO_HOST",1,"Agent 2","Agent 0",60444,143936950014183,143936950019703
"MEMORY_COPY","MEMORY_COPY_HOST_TO_DEVICE",1,"Agent 0","Agent 2",60448,143936950303814,143936950310414
"MEMORY_COPY","MEMORY_COPY_DEVICE_TO_HOST",1,"Agent 2","Agent 0",60504,143936951101159,143936951105879
"MEMORY_COPY","MEMORY_COPY_DEVICE_TO_HOST",1,"Agent 2","Agent 0",60512,143936951234829,143936951239550
"MEMORY_COPY","MEMORY_COPY_DEVICE_TO_HOST",1,"Agent 2","Agent 0",60604,143936952532837,143936952537077
"MEMORY_COPY","MEMORY_COPY_DEVICE_TO_HOST",1,"Agent 2","Agent 0",60612,143936952645827,143936952650067
"MEMORY_COPY","MEMORY_COPY_HOST_TO_DEVICE",1,"Agent 0","Agent 2",60616,143936952810888,143936952816128
"MEMORY_COPY","MEMORY_COPY_DEVICE_TO_HOST",1,"Agent 2","Agent 0",60740,143936954315086,143936954319447
"MEMORY_COPY","MEMORY_COPY_DEVICE_TO_HOST",1,"Agent 2","Agent 0",60748,143936954426877,143936954431197
"MEMORY_COPY","MEMORY_COPY_HOST_TO_DEVICE",1,"Agent 0","Agent 2",60752,143936954595328,143936954600728
"MEMORY_COPY","MEMORY_COPY_DEVICE_TO_HOST",1,"Agent 2","Agent 0",60876,143936956123516,143936956127796
"MEMORY_COPY","MEMORY_COPY_DEVICE_TO_HOST",1,"Agent 2","Agent 0",60884,143936956236017,143936956240257
"MEMORY_COPY","MEMORY_COPY_HOST_TO_DEVICE",1,"Agent 0","Agent 2",60888,143936956409038,143936956414158
"MEMORY_COPY","MEMORY_COPY_DEVICE_TO_HOST",1,"Agent 2","Agent 0",61012,143936958036717,143936958040957
"MEMORY_COPY","MEMORY_COPY_DEVICE_TO_HOST",1,"Agent 2","Agent 0",61020,143936958152108,143936958156308
"MEMORY_COPY","MEMORY_COPY_HOST_TO_DEVICE",1,"Agent 0","Agent 2",61024,143936958317409,143936958322569
"MEMORY_COPY","MEMORY_COPY_DEVICE_TO_HOST",1,"Agent 2","Agent 0",61146,143936960240289,143936960244529
"MEMORY_COPY","MEMORY_COPY_DEVICE_TO_HOST",1,"Agent 2","Agent 0",61154,143936960352490,143936960356770
"MEMORY_COPY","MEMORY_COPY_HOST_TO_DEVICE",1,"Agent 0","Agent 2",61158,143936960544361,143936960549561
"MEMORY_COPY","MEMORY_COPY_DEVICE_TO_HOST",1,"Agent 2","Agent 0",61282,143936962218960,143936962223240
"MEMORY_COPY","MEMORY_COPY_DEVICE_TO_HOST",1,"Agent 2","Agent 0",61290,143936962356881,143936962361121
"MEMORY_COPY","MEMORY_COPY_HOST_TO_DEVICE",1,"Agent 0","Agent 2",61294,143936962526272,143936962531472
"MEMORY_COPY","MEMORY_COPY_DEVICE_TO_HOST",1,"Agent 2","Agent 0",61418,143936964048090,143936964052330
"MEMORY_COPY","MEMORY_COPY_DEVICE_TO_HOST",1,"Agent 2","Agent 0",61426,143936964163661,143936964167901
"MEMORY_COPY","MEMORY_COPY_HOST_TO_DEVICE",1,"Agent 0","Agent 2",61430,143936964344442,143936964349882
"MEMORY_COPY","MEMORY_COPY_DEVICE_TO_HOST",1,"Agent 2","Agent 0",61554,143936965905660,143936965909940
"MEMORY_COPY","MEMORY_COPY_DEVICE_TO_HOST",1,"Agent 2","Agent 0",61562,143936966018701,143936966022941
"MEMORY_COPY","MEMORY_COPY_HOST_TO_DEVICE",1,"Agent 0","Agent 2",61566,143936966175012,143936966180252
"MEMORY_COPY","MEMORY_COPY_DEVICE_TO_HOST",1,"Agent 2","Agent 0",61690,143936967824171,143936967828411
"MEMORY_COPY","MEMORY_COPY_DEVICE_TO_HOST",1,"Agent 2","Agent 0",61698,143936967964812,143936967969092
"MEMORY_COPY","MEMORY_COPY_HOST_TO_DEVICE",1,"Agent 0","Agent 2",61702,143936968160143,143936968165823
"MEMORY_COPY","MEMORY_COPY_DEVICE_TO_HOST",1,"Agent 2","Agent 0",61824,143936970137734,143936970142014
"MEMORY_COPY","MEMORY_COPY_DEVICE_TO_HOST",1,"Agent 2","Agent 0",61832,143936970250114,143936970254394
"MEMORY_COPY","MEMORY_COPY_HOST_TO_DEVICE",1,"Agent 0","Agent 2",61836,143936970402845,143936970408085
"MEMORY_COPY","MEMORY_COPY_DEVICE_TO_HOST",1,"Agent 2","Agent 0",61960,143936972049474,143936972053754
"MEMORY_COPY","MEMORY_COPY_DEVICE_TO_HOST",1,"Agent 2","Agent 0",61968,143936972162595,143936972166875
"MEMORY_COPY","MEMORY_COPY_HOST_TO_DEVICE",1,"Agent 0","Agent 2",61972,143936972335456,143936972340896
"MEMORY_COPY","MEMORY_COPY_DEVICE_TO_HOST",1,"Agent 2","Agent 0",62096,143936973884254,143936973888494
"MEMORY_COPY","MEMORY_COPY_DEVICE_TO_HOST",1,"Agent 2","Agent 0",62104,143936973995655,143936973999895
"MEMORY_COPY","MEMORY_COPY_HOST_TO_DEVICE",1,"Agent 0","Agent 2",62108,143936974185816,143936974191096
"MEMORY_COPY","MEMORY_COPY_DEVICE_TO_HOST",1,"Agent 2","Agent 0",62232,143936975663324,143936975667604
"MEMORY_COPY","MEMORY_COPY_DEVICE_TO_HOST",1,"Agent 2","Agent 0",62240,143936975779465,143936975783745
"MEMORY_COPY","MEMORY_COPY_HOST_TO_DEVICE",1,"Agent 0","Agent 2",62244,143936975931956,143936975937156
"MEMORY_COPY","MEMORY_COPY_DEVICE_TO_HOST",1,"Agent 2","Agent 0",62368,143936977684159,143936977688759
"MEMORY_COPY","MEMORY_COPY_DEVICE_TO_HOST",1,"Agent 2","Agent 0",62376,143936977798020,143936977802300
"MEMORY_COPY","MEMORY_COPY_HOST_TO_DEVICE",1,"Agent 0","Agent 2",62380,143936977948521,143936977953761
"MEMORY_COPY","MEMORY_COPY_DEVICE_TO_HOST",1,"Agent 2","Agent 0",62502,143936979963142,143936979967382
"MEMORY_COPY","MEMORY_COPY_DEVICE_TO_HOST",1,"Agent 2","Agent 0",62510,143936980076593,143936980080913
"MEMORY_COPY","MEMORY_COPY_HOST_TO_DEVICE",1,"Agent 0","Agent 2",62514,143936980232653,143936980237853
"MEMORY_COPY","MEMORY_COPY_DEVICE_TO_HOST",1,"Agent 2","Agent 0",62608,143936981507800,143936981512961
"MEMORY_COPY","MEMORY_COPY_DEVICE_TO_HOST",1,"Agent 2","Agent 0",62616,143936981656111,143936981661311
"MEMORY_COPY","MEMORY_COPY_HOST_TO_DEVICE",1,"Agent 0","Agent 2",62620,143936981948493,143936981954973
"MEMORY_COPY","MEMORY_COPY_DEVICE_TO_HOST",1,"Agent 2","Agent 0",62714,143936983429091,143936983434331
"MEMORY_COPY","MEMORY_COPY_DEVICE_TO_HOST",1,"Agent 2","Agent 0",62722,143936983627482,143936983632602
"MEMORY_COPY","MEMORY_COPY_HOST_TO_DEVICE",1,"Agent 0","Agent 2",62726,143936983902024,143936983908464
"MEMORY_COPY","MEMORY_COPY_DEVICE_TO_HOST",1,"Agent 2","Agent 0",62820,143936985247571,143936985252731
"MEMORY_COPY","MEMORY_COPY_DEVICE_TO_HOST",1,"Agent 2","Agent 0",62828,143936985394402,143936985399562
"MEMORY_COPY","MEMORY_COPY_HOST_TO_DEVICE",1,"Agent 0","Agent 2",62832,143936985682503,143936985689064
"MEMORY_COPY","MEMORY_COPY_DEVICE_TO_HOST",1,"Agent 2","Agent 0",62926,143936986989901,143936986995061
"MEMORY_COPY","MEMORY_COPY_DEVICE_TO_HOST",1,"Agent 2","Agent 0",62934,143936987143402,143936987148562
"MEMORY_COPY","MEMORY_COPY_HOST_TO_DEVICE",1,"Agent 0","Agent 2",62938,143936987439513,143936987446193
"MEMORY_COPY","MEMORY_COPY_DEVICE_TO_HOST",1,"Agent 2","Agent 0",63032,143936989350244,143936989355444
"MEMORY_COPY","MEMORY_COPY_DEVICE_TO_HOST",1,"Agent 2","Agent 0",63040,143936989500465,143936989505665
"MEMORY_COPY","MEMORY_COPY_HOST_TO_DEVICE",1,"Agent 0","Agent 2",63044,143936989777736,143936989784256
"MEMORY_COPY","MEMORY_COPY_DEVICE_TO_HOST",1,"Agent 2","Agent 0",63138,143936991087063,143936991092663
"MEMORY_COPY","MEMORY_COPY_DEVICE_TO_HOST",1,"Agent 2","Agent 0",63146,143936991233954,143936991239154
"MEMORY_COPY","MEMORY_COPY_HOST_TO_DEVICE",1,"Agent 0","Agent 2",63150,143936991515746,143936991522226
"MEMORY_COPY","MEMORY_COPY_DEVICE_TO_HOST",1,"Agent 2","Agent 0",63244,143936992818103,143936992823303
"MEMORY_COPY","MEMORY_COPY_DEVICE_TO_HOST",1,"Agent 2","Agent 0",63252,143936992963894,143936992969054
"MEMORY_COPY","MEMORY_COPY_HOST_TO_DEVICE",1,"Agent 0","Agent 2",63256,143936993288635,143936993295355
"MEMORY_COPY","MEMORY_COPY_DEVICE_TO_HOST",1,"Agent 2","Agent 0",63350,143936994644003,143936994649163
"MEMORY_COPY","MEMORY_COPY_DEVICE_TO_HOST",1,"Agent 2","Agent 0",63358,143936994960105,143936994965305
"MEMORY_COPY","MEMORY_COPY_HOST_TO_DEVICE",1,"Agent 0","Agent 2",63362,143936995300706,143936995307427
"MEMORY_COPY","MEMORY_COPY_DEVICE_TO_HOST",1,"Agent 2","Agent 0",63456,143936996635984,143936996641144
"MEMORY_COPY","MEMORY_COPY_DEVICE_TO_HOST",1,"Agent 2","Agent 0",63464,143936996784765,143936996789925
"MEMORY_COPY","MEMORY_COPY_HOST_TO_DEVICE",1,"Agent 0","Agent 2",63468,143936997119456,143936997125937
"MEMORY_COPY","MEMORY_COPY_DEVICE_TO_HOST",1,"Agent 2","Agent 0",63562,143936999006617,143936999011737
"MEMORY_COPY","MEMORY_COPY_DEVICE_TO_HOST",1,"Agent 2","Agent 0",63570,143936999180498,143936999185658
"MEMORY_COPY","MEMORY_COPY_HOST_TO_DEVICE",1,"Agent 0","Agent 2",63574,143936999487950,143936999494430
"MEMORY_COPY","MEMORY_COPY_DEVICE_TO_HOST",1,"Agent 2","Agent 0",63668,143937000785017,143937000790177
"MEMORY_COPY","MEMORY_COPY_DEVICE_TO_HOST",1,"Agent 2","Agent 0",63676,143937000930427,143937000935548
"MEMORY_COPY","MEMORY_COPY_HOST_TO_DEVICE",1,"Agent 0","Agent 2",63680,143937001282499,143937001289219
"MEMORY_COPY","MEMORY_COPY_DEVICE_TO_HOST",1,"Agent 2","Agent 0",63774,143937002731837,143937002736957
"MEMORY_COPY","MEMORY_COPY_DEVICE_TO_HOST",1,"Agent 2","Agent 0",63782,143937002900918,143937002906078
"MEMORY_COPY","MEMORY_COPY_HOST_TO_DEVICE",1,"Agent 0","Agent 2",63786,143937003213020,143937003219460
"MEMORY_COPY","MEMORY_COPY_DEVICE_TO_HOST",1,"Agent 2","Agent 0",63880,143937004482437,143937004487597
"MEMORY_COPY","MEMORY_COPY_DEVICE_TO_HOST",1,"Agent 2","Agent 0",63888,143937004629898,143937004635058
"MEMORY_COPY","MEMORY_COPY_HOST_TO_DEVICE",1,"Agent 0","Agent 2",63892,143937004925970,143937004932490
"MEMORY_COPY","MEMORY_COPY_DEVICE_TO_HOST",1,"Agent 2","Agent 0",63986,143937006275117,143937006280237
"MEMORY_COPY","MEMORY_COPY_DEVICE_TO_HOST",1,"Agent 2","Agent 0",63994,143937006422648,143937006427888
"MEMORY_COPY","MEMORY_COPY_HOST_TO_DEVICE",1,"Agent 0","Agent 2",63998,143937006726129,143937006732689
"MEMORY_COPY","MEMORY_COPY_DEVICE_TO_HOST",1,"Agent 2","Agent 0",64092,143937008584610,143937008589650
"MEMORY_COPY","MEMORY_COPY_DEVICE_TO_HOST",1,"Agent 2","Agent 0",64100,143937008731060,143937008736221
"MEMORY_COPY","MEMORY_COPY_HOST_TO_DEVICE",1,"Agent 0","Agent 2",64104,143937008999962,143937009006442
"MEMORY_COPY","MEMORY_COPY_DEVICE_TO_HOST",1,"Agent 2","Agent 0",64198,143937010348979,143937010354139
"MEMORY_COPY","MEMORY_COPY_DEVICE_TO_HOST",1,"Agent 2","Agent 0",64206,143937010519100,143937010524380
"MEMORY_COPY","MEMORY_COPY_HOST_TO_DEVICE",1,"Agent 0","Agent 2",64210,143937010778322,143937010784802
"MEMORY_COPY","MEMORY_COPY_DEVICE_TO_HOST",1,"Agent 2","Agent 0",64304,143937012081059,143937012086259
"MEMORY_COPY","MEMORY_COPY_DEVICE_TO_HOST",1,"Agent 2","Agent 0",64312,143937012229290,143937012234570
"MEMORY_COPY","MEMORY_COPY_HOST_TO_DEVICE",1,"Agent 0","Agent 2",64316,143937012509831,143937012516511
"MEMORY_COPY","MEMORY_COPY_DEVICE_TO_HOST",1,"Agent 2","Agent 0",64410,143937013981699,143937013986899
"MEMORY_COPY","MEMORY_COPY_DEVICE_TO_HOST",1,"Agent 2","Agent 0",64418,143937014170630,143937014175870
"MEMORY_COPY","MEMORY_COPY_HOST_TO_DEVICE",1,"Agent 0","Agent 2",64422,143937014430822,143937014437342
"MEMORY_COPY","MEMORY_COPY_DEVICE_TO_HOST",1,"Agent 2","Agent 0",64516,143937015767889,143937015773089
"MEMORY_COPY","MEMORY_COPY_DEVICE_TO_HOST",1,"Agent 2","Agent 0",64524,143937015917720,143937015922880
"MEMORY_COPY","MEMORY_COPY_HOST_TO_DEVICE",1,"Agent 0","Agent 2",64528,143937016210932,143937016217372
"MEMORY_COPY","MEMORY_COPY_DEVICE_TO_HOST",1,"Agent 2","Agent 0",64622,143937017970491,143937017975611
"MEMORY_COPY","MEMORY_COPY_DEVICE_TO_HOST",1,"Agent 2","Agent 0",64630,143937018157852,143937018163092
"MEMORY_COPY","MEMORY_COPY_HOST_TO_DEVICE",1,"Agent 0","Agent 2",64634,143937018444314,143937018450754
"MEMORY_COPY","MEMORY_COPY_DEVICE_TO_HOST",1,"Agent 2","Agent 0",64686,143937020494505,143937020551026
"MEMORY_COPY","MEMORY_COPY_DEVICE_TO_HOST",1,"Agent 2","Agent 0",64698,143937024317926,143937024322606
"MEMORY_COPY","MEMORY_COPY_DEVICE_TO_HOST",1,"Agent 2","Agent 0",64706,143937024454277,143937024458917
"MEMORY_COPY","MEMORY_COPY_DEVICE_TO_HOST",1,"Agent 2","Agent 0",64798,143937025707034,143937025711394
"MEMORY_COPY","MEMORY_COPY_DEVICE_TO_HOST",1,"Agent 2","Agent 0",64806,143937025820655,143937025824895
"MEMORY_COPY","MEMORY_COPY_HOST_TO_DEVICE",1,"Agent 0","Agent 2",64810,143937025984556,143937025989796
"MEMORY_COPY","MEMORY_COPY_DEVICE_TO_HOST",1,"Agent 2","Agent 0",64934,143937027521034,143937027525434
"MEMORY_COPY","MEMORY_COPY_DEVICE_TO_HOST",1,"Agent 2","Agent 0",64942,143937027634525,143937027638845
"MEMORY_COPY","MEMORY_COPY_HOST_TO_DEVICE",1,"Agent 0","Agent 2",64946,143937027825036,143937027830516
"MEMORY_COPY","MEMORY_COPY_DEVICE_TO_HOST",1,"Agent 2","Agent 0",65070,143937029393504,143937029397904
"MEMORY_COPY","MEMORY_COPY_DEVICE_TO_HOST",1,"Agent 2","Agent 0",65078,143937029508015,143937029512375
"MEMORY_COPY","MEMORY_COPY_HOST_TO_DEVICE",1,"Agent 0","Agent 2",65082,143937029688476,143937029693916
"MEMORY_COPY","MEMORY_COPY_DEVICE_TO_HOST",1,"Agent 2","Agent 0",65206,143937031449236,143937031453636
"MEMORY_COPY","MEMORY_COPY_DEVICE_TO_HOST",1,"Agent 2","Agent 0",65214,143937031564286,143937031568806
"MEMORY_COPY","MEMORY_COPY_HOST_TO_DEVICE",1,"Agent 0","Agent 2",65218,143937031730617,143937031736017
"MEMORY_COPY","MEMORY_COPY_DEVICE_TO_HOST",1,"Agent 2","Agent 0",65340,143937033386786,143937033391226
"MEMORY_COPY","MEMORY_COPY_DEVICE_TO_HOST",1,"Agent 2","Agent 0",65348,143937033497227,143937033501667
"MEMORY_COPY","MEMORY_COPY_HOST_TO_DEVICE",1,"Agent 0","Agent 2",65352,143937033666178,143937033671618
"MEMORY_COPY","MEMORY_COPY_DEVICE_TO_HOST",1,"Agent 2","Agent 0",65476,143937035387877,143937035392357
"MEMORY_COPY","MEMORY_COPY_DEVICE_TO_HOST",1,"Agent 2","Agent 0",65484,143937035516638,143937035521078
"MEMORY_COPY","MEMORY_COPY_HOST_TO_DEVICE",1,"Agent 0","Agent 2",65488,143937035750079,143937035755439
"MEMORY_COPY","MEMORY_COPY_DEVICE_TO_HOST",1,"Agent 2","Agent 0",65612,143937037276998,143937037281918
"MEMORY_COPY","MEMORY_COPY_DEVICE_TO_HOST",1,"Agent 2","Agent 0",65620,143937037391418,143937037395898
"MEMORY_COPY","MEMORY_COPY_HOST_TO_DEVICE",1,"Agent 0","Agent 2",65624,143937037550869,143937037556269
"MEMORY_COPY","MEMORY_COPY_DEVICE_TO_HOST",1,"Agent 2","Agent 0",65748,143937039133123,143937039137523
"MEMORY_COPY","MEMORY_COPY_DEVICE_TO_HOST",1,"Agent 2","Agent 0",65756,143937039244283,143937039248723
"MEMORY_COPY","MEMORY_COPY_HOST_TO_DEVICE",1,"Agent 0","Agent 2",65760,143937039402634,143937039407954
"MEMORY_COPY","MEMORY_COPY_DEVICE_TO_HOST",1,"Agent 2","Agent 0",65884,143937046071011,143937046075571
"MEMORY_COPY","MEMORY_COPY_DEVICE_TO_HOST",1,"Agent 2","Agent 0",65892,143937046194392,143937046199032
"MEMORY_COPY","MEMORY_COPY_HOST_TO_DEVICE",1,"Agent 0","Agent 2",65896,143937046367403,143937046373123
"MEMORY_COPY","MEMORY_COPY_DEVICE_TO_HOST",1,"Agent 2","Agent 0",66018,143937048169262,143937048173862
"MEMORY_COPY","MEMORY_COPY_DEVICE_TO_HOST",1,"Agent 2","Agent 0",66026,143937048283293,143937048287813
"MEMORY_COPY","MEMORY_COPY_HOST_TO_DEVICE",1,"Agent 0","Agent 2",66030,143937048435064,143937048440624
"MEMORY_COPY","MEMORY_COPY_DEVICE_TO_HOST",1,"Agent 2","Agent 0",66154,143937050167054,143937050171614
"MEMORY_COPY","MEMORY_COPY_DEVICE_TO_HOST",1,"Agent 2","Agent 0",66162,143937050284984,143937050289584
"MEMORY_COPY","MEMORY_COPY_HOST_TO_DEVICE",1,"Agent 0","Agent 2",66166,143937050447045,143937050452525
"MEMORY_COPY","MEMORY_COPY_DEVICE_TO_HOST",1,"Agent 2","Agent 0",66290,143937052049044,143937052053644
"MEMORY_COPY","MEMORY_COPY_DEVICE_TO_HOST",1,"Agent 2","Agent 0",66298,143937052165985,143937052170585
"MEMORY_COPY","MEMORY_COPY_HOST_TO_DEVICE",1,"Agent 0","Agent 2",66302,143937052345526,143937052351046
"MEMORY_COPY","MEMORY_COPY_DEVICE_TO_HOST",1,"Agent 2","Agent 0",66426,143937053904904,143937053909504
"MEMORY_COPY","MEMORY_COPY_DEVICE_TO_HOST",1,"Agent 2","Agent 0",66434,143937054049165,143937054053725
"MEMORY_COPY","MEMORY_COPY_HOST_TO_DEVICE",1,"Agent 0","Agent 2",66438,143937054202546,143937054208026
"MEMORY_COPY","MEMORY_COPY_DEVICE_TO_HOST",1,"Agent 2","Agent 0",66562,143937055937745,143937055942345
"MEMORY_COPY","MEMORY_COPY_DEVICE_TO_HOST",1,"Agent 2","Agent 0",66570,143937056055566,143937056060166
"MEMORY_COPY","MEMORY_COPY_HOST_TO_DEVICE",1,"Agent 0","Agent 2",66574,143937056202277,143937056207877
"MEMORY_COPY","MEMORY_COPY_DEVICE_TO_HOST",1,"Agent 2","Agent 0",66696,143937057895386,143937057899986
"MEMORY_COPY","MEMORY_COPY_DEVICE_TO_HOST",1,"Agent 2","Agent 0",66704,143937058046357,143937058050957
"MEMORY_COPY","MEMORY_COPY_HOST_TO_DEVICE",1,"Agent 0","Agent 2",66708,143937058198898,143937058204578
"MEMORY_COPY","MEMORY_COPY_DEVICE_TO_HOST",1,"Agent 2","Agent 0",66802,143937059504125,143937059509565
"MEMORY_COPY","MEMORY_COPY_DEVICE_TO_HOST",1,"Agent 2","Agent 0",66810,143937059656466,143937059661946
"MEMORY_COPY","MEMORY_COPY_HOST_TO_DEVICE",1,"Agent 0","Agent 2",66814,143937059948368,143937059955208
"MEMORY_COPY","MEMORY_COPY_DEVICE_TO_HOST",1,"Agent 2","Agent 0",66908,143937061437496,143937061442896
"MEMORY_COPY","MEMORY_COPY_DEVICE_TO_HOST",1,"Agent 2","Agent 0",66916,143937061630497,143937061636017
"MEMORY_COPY","MEMORY_COPY_HOST_TO_DEVICE",1,"Agent 0","Agent 2",66920,143937061901298,143937061908138
"MEMORY_COPY","MEMORY_COPY_DEVICE_TO_HOST",1,"Agent 2","Agent 0",67014,143937063279746,143937063285226
"MEMORY_COPY","MEMORY_COPY_DEVICE_TO_HOST",1,"Agent 2","Agent 0",67022,143937063431987,143937063437507
"MEMORY_COPY","MEMORY_COPY_HOST_TO_DEVICE",1,"Agent 0","Agent 2",67026,143937063708228,143937063715028
"MEMORY_COPY","MEMORY_COPY_DEVICE_TO_HOST",1,"Agent 2","Agent 0",67120,143937065051576,143937065057136
"MEMORY_COPY","MEMORY_COPY_DEVICE_TO_HOST",1,"Agent 2","Agent 0",67128,143937065204217,143937065209657
"MEMORY_COPY","MEMORY_COPY_HOST_TO_DEVICE",1,"Agent 0","Agent 2",67132,143937065497228,143937065504068
"MEMORY_COPY","MEMORY_COPY_DEVICE_TO_HOST",1,"Agent 2","Agent 0",67226,143937067087717,143937067093197
"MEMORY_COPY","MEMORY_COPY_DEVICE_TO_HOST",1,"Agent 2","Agent 0",67234,143937067239968,143937067245448
"MEMORY_COPY","MEMORY_COPY_HOST_TO_DEVICE",1,"Agent 0","Agent 2",67238,143937067520959,143937067527799
"MEMORY_COPY","MEMORY_COPY_DEVICE_TO_HOST",1,"Agent 2","Agent 0",67332,143937068839257,143937068844737
"MEMORY_COPY","MEMORY_COPY_DEVICE_TO_HOST",1,"Agent 2","Agent 0",67340,143937068990427,143937068995907
"MEMORY_COPY","MEMORY_COPY_HOST_TO_DEVICE",1,"Agent 0","Agent 2",67344,143937069332139,143937069338939
"MEMORY_COPY","MEMORY_COPY_DEVICE_TO_HOST",1,"Agent 2","Agent 0",67438,143937070654387,143937070659987
"MEMORY_COPY","MEMORY_COPY_DEVICE_TO_HOST",1,"Agent 2","Agent 0",67446,143937070808957,143937070814437
"MEMORY_COPY","MEMORY_COPY_HOST_TO_DEVICE",1,"Agent 0","Agent 2",67450,143937071173869,143937071180670
"MEMORY_COPY","MEMORY_COPY_DEVICE_TO_HOST",1,"Agent 2","Agent 0",67544,143937072517057,143937072522497
"MEMORY_COPY","MEMORY_COPY_DEVICE_TO_HOST",1,"Agent 2","Agent 0",67552,143937072734488,143937072739928
"MEMORY_COPY","MEMORY_COPY_HOST_TO_DEVICE",1,"Agent 0","Agent 2",67556,143937073067690,143937073074970
"MEMORY_COPY","MEMORY_COPY_DEVICE_TO_HOST",1,"Agent 2","Agent 0",67650,143937074406217,143937074411737
"MEMORY_COPY","MEMORY_COPY_DEVICE_TO_HOST",1,"Agent 2","Agent 0",67658,143937074556648,143937074562088
"MEMORY_COPY","MEMORY_COPY_HOST_TO_DEVICE",1,"Agent 0","Agent 2",67662,143937074878130,143937074884970
"MEMORY_COPY","MEMORY_COPY_DEVICE_TO_HOST",1,"Agent 2","Agent 0",67756,143937076327718,143937076333238
"MEMORY_COPY","MEMORY_COPY_DEVICE_TO_HOST",1,"Agent 2","Agent 0",67764,143937076476969,143937076482449
"MEMORY_COPY","MEMORY_COPY_HOST_TO_DEVICE",1,"Agent 0","Agent 2",67768,143937076750370,143937076757210
"MEMORY_COPY","MEMORY_COPY_DEVICE_TO_HOST",1,"Agent 2","Agent 0",67862,143937078086818,143937078092298
"MEMORY_COPY","MEMORY_COPY_DEVICE_TO_HOST",1,"Agent 2","Agent 0",67870,143937078237708,143937078243229
"MEMORY_COPY","MEMORY_COPY_HOST_TO_DEVICE",1,"Agent 0","Agent 2",67874,143937078526030,143937078533030
"MEMORY_COPY","MEMORY_COPY_DEVICE_TO_HOST",1,"Agent 2","Agent 0",67968,143937080050678,143937080056159
"MEMORY_COPY","MEMORY_COPY_DEVICE_TO_HOST",1,"Agent 2","Agent 0",67976,143937080208669,143937080214109
"MEMORY_COPY","MEMORY_COPY_HOST_TO_DEVICE",1,"Agent 0","Agent 2",67980,143937080530951,143937080537831
"MEMORY_COPY","MEMORY_COPY_DEVICE_TO_HOST",1,"Agent 2","Agent 0",68074,143937081864128,143937081869649
"MEMORY_COPY","MEMORY_COPY_DEVICE_TO_HOST",1,"Agent 2","Agent 0",68082,143937082048320,143937082053760
"MEMORY_COPY","MEMORY_COPY_HOST_TO_DEVICE",1,"Agent 0","Agent 2",68086,143937082368721,143937082375481
"MEMORY_COPY","MEMORY_COPY_DEVICE_TO_HOST",1,"Agent 2","Agent 0",68180,143937083701379,143937083706859
"MEMORY_COPY","MEMORY_COPY_DEVICE_TO_HOST",1,"Agent 2","Agent 0",68188,143937083855119,143937083860560
"MEMORY_COPY","MEMORY_COPY_HOST_TO_DEVICE",1,"Agent 0","Agent 2",68192,143937084145171,143937084151931
"MEMORY_COPY","MEMORY_COPY_DEVICE_TO_HOST",1,"Agent 2","Agent 0",68286,143937085769730,143937085775210
"MEMORY_COPY","MEMORY_COPY_DEVICE_TO_HOST",1,"Agent 2","Agent 0",68294,143937085922831,143937085928311
"MEMORY_COPY","MEMORY_COPY_HOST_TO_DEVICE",1,"Agent 0","Agent 2",68298,143937086228033,143937086234793
"MEMORY_COPY","MEMORY_COPY_DEVICE_TO_HOST",1,"Agent 2","Agent 0",68392,143937087555490,143937087560930
"MEMORY_COPY","MEMORY_COPY_DEVICE_TO_HOST",1,"Agent 2","Agent 0",68400,143937087707901,143937087713421
"MEMORY_COPY","MEMORY_COPY_HOST_TO_DEVICE",1,"Agent 0","Agent 2",68404,143937087959352,143937087966192
"MEMORY_COPY","MEMORY_COPY_DEVICE_TO_HOST",1,"Agent 2","Agent 0",68498,143937089316480,143937089321960
"MEMORY_COPY","MEMORY_COPY_DEVICE_TO_HOST",1,"Agent 2","Agent 0",68506,143937089468560,143937089474041
"MEMORY_COPY","MEMORY_COPY_HOST_TO_DEVICE",1,"Agent 0","Agent 2",68510,143937089700842,143937089707642
"MEMORY_COPY","MEMORY_COPY_DEVICE_TO_HOST",1,"Agent 2","Agent 0",68604,143937091290661,143937091296141
"MEMORY_COPY","MEMORY_COPY_DEVICE_TO_HOST",1,"Agent 2","Agent 0",68612,143937091443091,143937091448571
"MEMORY_COPY","MEMORY_COPY_HOST_TO_DEVICE",1,"Agent 0","Agent 2",68616,143937091668643,143937091675403
"MEMORY_COPY","MEMORY_COPY_DEVICE_TO_HOST",1,"Agent 2","Agent 0",68710,143937092969270,143937092974750
"MEMORY_COPY","MEMORY_COPY_DEVICE_TO_HOST",1,"Agent 2","Agent 0",68718,143937093125131,143937093130731
"MEMORY_COPY","MEMORY_COPY_HOST_TO_DEVICE",1,"Agent 0","Agent 2",68722,143937093379372,143937093386212
"MEMORY_COPY","MEMORY_COPY_DEVICE_TO_HOST",1,"Agent 2","Agent 0",68816,143937094851150,143937094856670
"MEMORY_COPY","MEMORY_COPY_DEVICE_TO_HOST",1,"Agent 2","Agent 0",68824,143937095004911,143937095010391
"MEMORY_COPY","MEMORY_COPY_HOST_TO_DEVICE",1,"Agent 0","Agent 2",68828,143937095294603,143937095301363
"MEMORY_COPY","MEMORY_COPY_DEVICE_TO_HOST",1,"Agent 2","Agent 0",68884,143937096103897,143937096108857
"MEMORY_COPY","MEMORY_COPY_DEVICE_TO_HOST",1,"Agent 2","Agent 0",68892,143937096241828,143937096246828
"MEMORY_COPY","MEMORY_COPY_DEVICE_TO_HOST",1,"Agent 2","Agent 0",68984,143937097535755,143937097540315
"MEMORY_COPY","MEMORY_COPY_DEVICE_TO_HOST",1,"Agent 2","Agent 0",68992,143937097651566,143937097656166
"MEMORY_COPY","MEMORY_COPY_HOST_TO_DEVICE",1,"Agent 0","Agent 2",68996,143937097818157,143937097823717
"MEMORY_COPY","MEMORY_COPY_DEVICE_TO_HOST",1,"Agent 2","Agent 0",69120,143937099398755,143937099403355
"MEMORY_COPY","MEMORY_COPY_DEVICE_TO_HOST",1,"Agent 2","Agent 0",69128,143937099514146,143937099518786
"MEMORY_COPY","MEMORY_COPY_HOST_TO_DEVICE",1,"Agent 0","Agent 2",69132,143937099684257,143937099689857
"MEMORY_COPY","MEMORY_COPY_DEVICE_TO_HOST",1,"Agent 2","Agent 0",69256,143937101247436,143937101251996
"MEMORY_COPY","MEMORY_COPY_DEVICE_TO_HOST",1,"Agent 2","Agent 0",69264,143937101362286,143937101366846
"MEMORY_COPY","MEMORY_COPY_HOST_TO_DEVICE",1,"Agent 0","Agent 2",69268,143937101551687,143937101557127
"MEMORY_COPY","MEMORY_COPY_DEVICE_TO_HOST",1,"Agent 2","Agent 0",69392,143937103290380,143937103294860
"MEMORY_COPY","MEMORY_COPY_DEVICE_TO_HOST",1,"Agent 2","Agent 0",69400,143937103404211,143937103408651
"MEMORY_COPY","MEMORY_COPY_HOST_TO_DEVICE",1,"Agent 0","Agent 2",69404,143937103573352,143937103578792
"MEMORY_COPY","MEMORY_COPY_DEVICE_TO_HOST",1,"Agent 2","Agent 0",69526,143937105296861,143937105301301
"MEMORY_COPY","MEMORY_COPY_DEVICE_TO_HOST",1,"Agent 2","Agent 0",69534,143937105410612,143937105415052
"MEMORY_COPY","MEMORY_COPY_HOST_TO_DEVICE",1,"Agent 0","Agent 2",69538,143937105585583,143937105590943
"MEMORY_COPY","MEMORY_COPY_DEVICE_TO_HOST",1,"Agent 2","Agent 0",69662,143937107251762,143937107256162
"MEMORY_COPY","MEMORY_COPY_DEVICE_TO_HOST",1,"Agent 2","Agent 0",69670,143937107366483,143937107370803
"MEMORY_COPY","MEMORY_COPY_HOST_TO_DEVICE",1,"Agent 0","Agent 2",69674,143937107548414,143937107553654
"MEMORY_COPY","MEMORY_COPY_DEVICE_TO_HOST",1,"Agent 2","Agent 0",69798,143937109048432,143937109052672
"MEMORY_COPY","MEMORY_COPY_DEVICE_TO_HOST",1,"Agent 2","Agent 0",69806,143937109161573,143937109165813
"MEMORY_COPY","MEMORY_COPY_HOST_TO_DEVICE",1,"Agent 0","Agent 2",69810,143937109333264,143937109338744
"MEMORY_COPY","MEMORY_COPY_DEVICE_TO_HOST",1,"Agent 2","Agent 0",69934,143937110840592,143937110844832
"MEMORY_COPY","MEMORY_COPY_DEVICE_TO_HOST",1,"Agent 2","Agent 0",69942,143937110951443,143937110955683
"MEMORY_COPY","MEMORY_COPY_HOST_TO_DEVICE",1,"Agent 0","Agent 2",69946,143937111143924,143937111149164
"MEMORY_COPY","MEMORY_COPY_DEVICE_TO_HOST",1,"Agent 2","Agent 0",70070,143937112775543,143937112779823
"MEMORY_COPY","MEMORY_COPY_DEVICE_TO_HOST",1,"Agent 2","Agent 0",70078,143937112885823,143937112890063
"MEMORY_COPY","MEMORY_COPY_HOST_TO_DEVICE",1,"Agent 0","Agent 2",70082,143937113076724,143937113082044
"MEMORY_COPY","MEMORY_COPY_DEVICE_TO_HOST",1,"Agent 2","Agent 0",70204,143937114752474,143937114756754
"MEMORY_COPY","MEMORY_COPY_DEVICE_TO_HOST",1,"Agent 2","Agent 0",70212,143937114864344,143937114868624
"MEMORY_COPY","MEMORY_COPY_HOST_TO_DEVICE",1,"Agent 0","Agent 2",70216,143937115046975,143937115052175
"MEMORY_COPY","MEMORY_COPY_DEVICE_TO_HOST",1,"Agent 2","Agent 0",70340,143937116633724,143937116638004
"MEMORY_COPY","MEMORY_COPY_DEVICE_TO_HOST",1,"Agent 2","Agent 0",70348,143937116747195,143937116751555
"MEMORY_COPY","MEMORY_COPY_HOST_TO_DEVICE",1,"Agent 0","Agent 2",70352,143937116907256,143937116912456
"MEMORY_COPY","MEMORY_COPY_DEVICE_TO_HOST",1,"Agent 2","Agent 0",70476,143937118470784,143937118475064
"MEMORY_COPY","MEMORY_COPY_DEVICE_TO_HOST",1,"Agent 2","Agent 0",70484,143937118583615,143937118587855
"MEMORY_COPY","MEMORY_COPY_HOST_TO_DEVICE",1,"Agent 0","Agent 2",70488,143937118744046,143937118749206
"MEMORY_COPY","MEMORY_COPY_DEVICE_TO_HOST",1,"Agent 2","Agent 0",70612,143937120290224,143937120294504
"MEMORY_COPY","MEMORY_COPY_DEVICE_TO_HOST",1,"Agent 2","Agent 0",70620,143937120400415,143937120404655
"MEMORY_COPY","MEMORY_COPY_HOST_TO_DEVICE",1,"Agent 0","Agent 2",70624,143937120548936,143937120554576
"MEMORY_COPY","MEMORY_COPY_DEVICE_TO_HOST",1,"Agent 2","Agent 0",70748,143937122290395,143937122294635
"MEMORY_COPY","MEMORY_COPY_DEVICE_TO_HOST",1,"Agent 2","Agent 0",70756,143937122401436,143937122405676
"MEMORY_COPY","MEMORY_COPY_HOST_TO_DEVICE",1,"Agent 0","Agent 2",70760,143937122538977,143937122544217
"MEMORY_COPY","MEMORY_COPY_DEVICE_TO_HOST",1,"Agent 2","Agent 0",70882,143937124180346,143937124184626
"MEMORY_COPY","MEMORY_COPY_DEVICE_TO_HOST",1,"Agent 2","Agent 0",70890,143937124291826,143937124296066
"MEMORY_COPY","MEMORY_COPY_HOST_TO_DEVICE",1,"Agent 0","Agent 2",70894,143937124438777,143937124443937
"MEMORY_COPY","MEMORY_COPY_DEVICE_TO_HOST",1,"Agent 2","Agent 0",70988,143937125671634,143937125676834
"MEMORY_COPY","MEMORY_COPY_DEVICE_TO_HOST",1,"Agent 2","Agent 0",70996,143937125818695,143937125823935
"MEMORY_COPY","MEMORY_COPY_HOST_TO_DEVICE",1,"Agent 0","Agent 2",71000,143937126122886,143937126129367
"MEMORY_COPY","MEMORY_COPY_DEVICE_TO_HOST",1,"Agent 2","Agent 0",71094,143937127536854,143937127541974
"MEMORY_COPY","MEMORY_COPY_DEVICE_TO_HOST",1,"Agent 2","Agent 0",71102,143937127682905,143937127688065
"MEMORY_COPY","MEMORY_COPY_HOST_TO_DEVICE",1,"Agent 0","Agent 2",71106,143937127955077,143937127961517
"MEMORY_COPY","MEMORY_COPY_DEVICE_TO_HOST",1,"Agent 2","Agent 0",71200,143937129271234,143937129276954
"MEMORY_COPY","MEMORY_COPY_DEVICE_TO_HOST",1,"Agent 2","Agent 0",71208,143937129418275,143937129423395
"MEMORY_COPY","MEMORY_COPY_HOST_TO_DEVICE",1,"Agent 0","Agent 2",71212,143937129710446,143937129716966
"MEMORY_COPY","MEMORY_COPY_DEVICE_TO_HOST",1,"Agent 2","Agent 0",71306,143937131017034,143937131022154
"MEMORY_COPY","MEMORY_COPY_DEVICE_TO_HOST",1,"Agent 2","Agent 0",71314,143937131188714,143937131193874
"MEMORY_COPY","MEMORY_COPY_HOST_TO_DEVICE",1,"Agent 0","Agent 2",71318,143937131487356,143937131493876
"MEMORY_COPY","MEMORY_COPY_DEVICE_TO_HOST",1,"Agent 2","Agent 0",71412,143937133056155,143937133061275
"MEMORY_COPY","MEMORY_COPY_DEVICE_TO_HOST",1,"Agent 2","Agent 0",71420,143937133252186,143937133257826
"MEMORY_COPY","MEMORY_COPY_HOST_TO_DEVICE",1,"Agent 0","Agent 2",71424,143937133531917,143937133538397
"MEMORY_COPY","MEMORY_COPY_DEVICE_TO_HOST",1,"Agent 2","Agent 0",71518,143937134807284,143937134812404
"MEMORY_COPY","MEMORY_COPY_DEVICE_TO_HOST",1,"Agent 2","Agent 0",71526,143937134953185,143937134958345
"MEMORY_COPY","MEMORY_COPY_HOST_TO_DEVICE",1,"Agent 0","Agent 2",71530,143937135239507,143937135245987
"MEMORY_COPY","MEMORY_COPY_DEVICE_TO_HOST",1,"Agent 2","Agent 0",71624,143937136508284,143937136513404
"MEMORY_COPY","MEMORY_COPY_DEVICE_TO_HOST",1,"Agent 2","Agent 0",71632,143937136653165,143937136658765
"MEMORY_COPY","MEMORY_COPY_HOST_TO_DEVICE",1,"Agent 0","Agent 2",71636,143937136954146,143937136960866
"MEMORY_COPY","MEMORY_COPY_DEVICE_TO_HOST",1,"Agent 2","Agent 0",71730,143937138284254,143937138289374
"MEMORY_COPY","MEMORY_COPY_DEVICE_TO_HOST",1,"Agent 2","Agent 0",71738,143937138430014,143937138435174
"MEMORY_COPY","MEMORY_COPY_HOST_TO_DEVICE",1,"Agent 0","Agent 2",71742,143937138706606,143937138713126
"MEMORY_COPY","MEMORY_COPY_DEVICE_TO_HOST",1,"Agent 2","Agent 0",71836,143937140193824,143937140198944
"MEMORY_COPY","MEMORY_COPY_DEVICE_TO_HOST",1,"Agent 2","Agent 0",71844,143937140343545,143937140348705
"MEMORY_COPY","MEMORY_COPY_HOST_TO_DEVICE",1,"Agent 0","Agent 2",71848,143937140658307,143937140664747
"MEMORY_COPY","MEMORY_COPY_DEVICE_TO_HOST",1,"Agent 2","Agent 0",71942,143937142169205,143937142174405
"MEMORY_COPY","MEMORY_COPY_DEVICE_TO_HOST",1,"Agent 2","Agent 0",71950,143937142314336,143937142319496
"MEMORY_COPY","MEMORY_COPY_HOST_TO_DEVICE",1,"Agent 0","Agent 2",71954,143937142596467,143937142602908
"MEMORY_COPY","MEMORY_COPY_DEVICE_TO_HOST",1,"Agent 2","Agent 0",72048,143937143893765,143937143898845
"MEMORY_COPY","MEMORY_COPY_DEVICE_TO_HOST",1,"Agent 2","Agent 0",72056,143937144045775,143937144050936
"MEMORY_COPY","MEMORY_COPY_HOST_TO_DEVICE",1,"Agent 0","Agent 2",72060,143937144347097,143937144353577
"MEMORY_COPY","MEMORY_COPY_DEVICE_TO_HOST",1,"Agent 2","Agent 0",72154,143937145726425,143937145731545
"MEMORY_COPY","MEMORY_COPY_DEVICE_TO_HOST",1,"Agent 2","Agent 0",72162,143937145921916,143937145927116
"MEMORY_COPY","MEMORY_COPY_HOST_TO_DEVICE",1,"Agent 0","Agent 2",72166,143937146249108,143937146255508
"MEMORY_COPY","MEMORY_COPY_DEVICE_TO_HOST",1,"Agent 2","Agent 0",72260,143937147535615,143937147540895
"MEMORY_COPY","MEMORY_COPY_DEVICE_TO_HOST",1,"Agent 2","Agent 0",72268,143937147682976,143937147688136
"MEMORY_COPY","MEMORY_COPY_HOST_TO_DEVICE",1,"Agent 0","Agent 2",72272,143937147986107,143937147992987
"MEMORY_COPY","MEMORY_COPY_DEVICE_TO_HOST",1,"Agent 2","Agent 0",72366,143937149270484,143937149275644
"MEMORY_COPY","MEMORY_COPY_DEVICE_TO_HOST",1,"Agent 2","Agent 0",72374,143937149415655,143937149420935
"MEMORY_COPY","MEMORY_COPY_HOST_TO_DEVICE",1,"Agent 0","Agent 2",72378,143937149690927,143937149697847
"MEMORY_COPY","MEMORY_COPY_DEVICE_TO_HOST",1,"Agent 2","Agent 0",72472,143937151275695,143937151280895
"MEMORY_COPY","MEMORY_COPY_DEVICE_TO_HOST",1,"Agent 2","Agent 0",72480,143937151424806,143937151430006
"MEMORY_COPY","MEMORY_COPY_HOST_TO_DEVICE",1,"Agent 0","Agent 2",72484,143937151711778,143937151718298
"MEMORY_COPY","MEMORY_COPY_DEVICE_TO_HOST",1,"Agent 2","Agent 0",72578,143937153004755,143937153009875
"MEMORY_COPY","MEMORY_COPY_DEVICE_TO_HOST",1,"Agent 2","Agent 0",72586,143937153175686,143937153180806
"MEMORY_COPY","MEMORY_COPY_HOST_TO_DEVICE",1,"Agent 0","Agent 2",72590,143937153452247,143937153458687
"MEMORY_COPY","MEMORY_COPY_DEVICE_TO_HOST",1,"Agent 2","Agent 0",72684,143937154795675,143937154800795
"MEMORY_COPY","MEMORY_COPY_DEVICE_TO_HOST",1,"Agent 2","Agent 0",72692,143937154940666,143937154945826
"MEMORY_COPY","MEMORY_COPY_HOST_TO_DEVICE",1,"Agent 0","Agent 2",72696,143937155212357,143937155219237
"MEMORY_COPY","MEMORY_COPY_DEVICE_TO_HOST",1,"Agent 2","Agent 0",72790,143937156507804,143937156512964
"MEMORY_COPY","MEMORY_COPY_DEVICE_TO_HOST",1,"Agent 2","Agent 0",72798,143937156653255,143937156658455
"MEMORY_COPY","MEMORY_COPY_HOST_TO_DEVICE",1,"Agent 0","Agent 2",72802,143937156921647,143937156928127
"MEMORY_COPY","MEMORY_COPY_DEVICE_TO_HOST",1,"Agent 2","Agent 0",72896,143937158243414,143937158248454
"MEMORY_COPY","MEMORY_COPY_DEVICE_TO_HOST",1,"Agent 2","Agent 0",72904,143937158404505,143937158409665
"MEMORY_COPY","MEMORY_COPY_HOST_TO_DEVICE",1,"Agent 0","Agent 2",72908,143937158793447,143937158800127
"MEMORY_COPY","MEMORY_COPY_DEVICE_TO_HOST",1,"Agent 2","Agent 0",73002,143937160311095,143937160316255
"MEMORY_COPY","MEMORY_COPY_DEVICE_TO_HOST",1,"Agent 2","Agent 0",73010,143937160456686,143937160461926
"MEMORY_COPY","MEMORY_COPY_HOST_TO_DEVICE",1,"Agent 0","Agent 2",73014,143937160717948,143937160724388
"MEMORY_COPY","MEMORY_COPY_DEVICE_TO_HOST",1,"Agent 2","Agent 0",73070,143937161552052,143937161556732
"MEMORY_COPY","MEMORY_COPY_DEVICE_TO_HOST",1,"Agent 2","Agent 0",73078,143937161686193,143937161690873
"MEMORY_COPY","MEMORY_COPY_DEVICE_TO_HOST",1,"Agent 2","Agent 0",73170,143937163049890,143937163054130
"MEMORY_COPY","MEMORY_COPY_DEVICE_TO_HOST",1,"Agent 2","Agent 0",73178,143937163162261,143937163166541
"MEMORY_COPY","MEMORY_COPY_HOST_TO_DEVICE",1,"Agent 0","Agent 2",73182,143937163350452,143937163355652
"MEMORY_COPY","MEMORY_COPY_DEVICE_TO_HOST",1,"Agent 2","Agent 0",73306,143937164822254,143937164826494
"MEMORY_COPY","MEMORY_COPY_DEVICE_TO_HOST",1,"Agent 2","Agent 0",73314,143937164932554,143937164936834
"MEMORY_COPY","MEMORY_COPY_HOST_TO_DEVICE",1,"Agent 0","Agent 2",73318,143937165135005,143937165140205
"MEMORY_COPY","MEMORY_COPY_DEVICE_TO_HOST",1,"Agent 2","Agent 0",73442,143937166677564,143937166681804
"MEMORY_COPY","MEMORY_COPY_DEVICE_TO_HOST",1,"Agent 2","Agent 0",73450,143937166787435,143937166791755
"MEMORY_COPY","MEMORY_COPY_HOST_TO_DEVICE",1,"Agent 0","Agent 2",73454,143937166958186,143937166963506
"MEMORY_COPY","MEMORY_COPY_DEVICE_TO_HOST",1,"Agent 2","Agent 0",73578,143937168614605,143937168618845
"MEMORY_COPY","MEMORY_COPY_DEVICE_TO_HOST",1,"Agent 2","Agent 0",73586,143937168725925,143937168730205
"MEMORY_COPY","MEMORY_COPY_HOST_TO_DEVICE",1,"Agent 0","Agent 2",73590,143937168875266,143937168880866
"MEMORY_COPY","MEMORY_COPY_DEVICE_TO_HOST",1,"Agent 2","Agent 0",73712,143937170634696,143937170638976
"MEMORY_COPY","MEMORY_COPY_DEVICE_TO_HOST",1,"Agent 2","Agent 0",73720,143937170746436,143937170750716
"MEMORY_COPY","MEMORY_COPY_HOST_TO_DEVICE",1,"Agent 0","Agent 2",73724,143937170915637,143937170920837
"MEMORY_COPY","MEMORY_COPY_DEVICE_TO_HOST",1,"Agent 2","Agent 0",73848,143937172474986,143937172479266
"MEMORY_COPY","MEMORY_COPY_DEVICE_TO_HOST",1,"Agent 2","Agent 0",73856,143937172740758,143937172745038
"MEMORY_COPY","MEMORY_COPY_HOST_TO_DEVICE",1,"Agent 0","Agent 2",73860,143937172940799,143937172945999
"MEMORY_COPY","MEMORY_COPY_DEVICE_TO_HOST",1,"Agent 2","Agent 0",73984,143937174501207,143937174505487
"MEMORY_COPY","MEMORY_COPY_DEVICE_TO_HOST",1,"Agent 2","Agent 0",73992,143937174625018,143937174629258
"MEMORY_COPY","MEMORY_COPY_HOST_TO_DEVICE",1,"Agent 0","Agent 2",73996,143937174795009,143937174800289
"MEMORY_COPY","MEMORY_COPY_DEVICE_TO_HOST",1,"Agent 2","Agent 0",74120,143937176329517,143937176333757
"MEMORY_COPY","MEMORY_COPY_DEVICE_TO_HOST",1,"Agent 2","Agent 0",74128,143937176447078,143937176451318
"MEMORY_COPY","MEMORY_COPY_HOST_TO_DEVICE",1,"Agent 0","Agent 2",74132,143937176602919,143937176608119
"MEMORY_COPY","MEMORY_COPY_DEVICE_TO_HOST",1,"Agent 2","Agent 0",74256,143937178309028,143937178313268
"MEMORY_COPY","MEMORY_COPY_DEVICE_TO_HOST",1,"Agent 2","Agent 0",74264,143937178441119,143937178445439
"MEMORY_COPY","MEMORY_COPY_HOST_TO_DEVICE",1,"Agent 0","Agent 2",74268,143937178646210,143937178651410
"MEMORY_COPY","MEMORY_COPY_DEVICE_TO_HOST",1,"Agent 2","Agent 0",74390,143937180464450,143937180468690
"MEMORY_COPY","MEMORY_COPY_DEVICE_TO_HOST",1,"Agent 2","Agent 0",74398,143937180638451,143937180642731
"MEMORY_COPY","MEMORY_COPY_HOST_TO_DEVICE",1,"Agent 0","Agent 2",74402,143937180790152,143937180795352
"MEMORY_COPY","MEMORY_COPY_DEVICE_TO_HOST",1,"Agent 2","Agent 0",74526,143937182315920,143937182320201
"MEMORY_COPY","MEMORY_COPY_DEVICE_TO_HOST",1,"Agent 2","Agent 0",74534,143937182427851,143937182432091
"MEMORY_COPY","MEMORY_COPY_HOST_TO_DEVICE",1,"Agent 0","Agent 2",74538,143937182581792,143937182586992
"MEMORY_COPY","MEMORY_COPY_DEVICE_TO_HOST",1,"Agent 2","Agent 0",74662,143937184243501,143937184247781
"MEMORY_COPY","MEMORY_COPY_DEVICE_TO_HOST",1,"Agent 2","Agent 0",74670,143937184358372,143937184362652
"MEMORY_COPY","MEMORY_COPY_HOST_TO_DEVICE",1,"Agent 0","Agent 2",74674,143937184512063,143937184517303
"MEMORY_COPY","MEMORY_COPY_DEVICE_TO_HOST",1,"Agent 2","Agent 0",74798,143937186049251,143937186053491
"MEMORY_COPY","MEMORY_COPY_DEVICE_TO_HOST",1,"Agent 2","Agent 0",74806,143937186161082,143937186165322
"MEMORY_COPY","MEMORY_COPY_HOST_TO_DEVICE",1,"Agent 0","Agent 2",74810,143937186337003,143937186342203
"MEMORY_COPY","MEMORY_COPY_DEVICE_TO_HOST",1,"Agent 2","Agent 0",74934,143937188052042,143937188056322
"MEMORY_COPY","MEMORY_COPY_DEVICE_TO_HOST",1,"Agent 2","Agent 0",74942,143937188167323,143937188171563
"MEMORY_COPY","MEMORY_COPY_HOST_TO_DEVICE",1,"Agent 0","Agent 2",74946,143937188340544,143937188345784
"MEMORY_COPY","MEMORY_COPY_DEVICE_TO_HOST",1,"Agent 2","Agent 0",75068,143937190053693,143937190058013
"MEMORY_COPY","MEMORY_COPY_DEVICE_TO_HOST",1,"Agent 2","Agent 0",75076,143937190166434,143937190170714
"MEMORY_COPY","MEMORY_COPY_HOST_TO_DEVICE",1,"Agent 0","Agent 2",75080,143937190340905,143937190346305
"MEMORY_COPY","MEMORY_COPY_DEVICE_TO_HOST",1,"Agent 2","Agent 0",75174,143937191609192,143937191614392
"MEMORY_COPY","MEMORY_COPY_DEVICE_TO_HOST",1,"Agent 2","Agent 0",75182,143937191757423,143937191762663
"MEMORY_COPY","MEMORY_COPY_HOST_TO_DEVICE",1,"Agent 0","Agent 2",75186,143937192086435,143937192092955
"MEMORY_COPY","MEMORY_COPY_DEVICE_TO_HOST",1,"Agent 2","Agent 0",75280,143937193473572,143937193478732
"MEMORY_COPY","MEMORY_COPY_DEVICE_TO_HOST",1,"Agent 2","Agent 0",75288,143937193620733,143937193625973
"MEMORY_COPY","MEMORY_COPY_HOST_TO_DEVICE",1,"Agent 0","Agent 2",75292,143937193888324,143937193894805
"MEMORY_COPY","MEMORY_COPY_DEVICE_TO_HOST",1,"Agent 2","Agent 0",75386,143937195236792,143937195241992
"MEMORY_COPY","MEMORY_COPY_DEVICE_TO_HOST",1,"Agent 2","Agent 0",75394,143937195385533,143937195390813
"MEMORY_COPY","MEMORY_COPY_HOST_TO_DEVICE",1,"Agent 0","Agent 2",75398,143937195665654,143937195672174
"MEMORY_COPY","MEMORY_COPY_DEVICE_TO_HOST",1,"Agent 2","Agent 0",75492,143937196950701,143937196955861
"MEMORY_COPY","MEMORY_COPY_DEVICE_TO_HOST",1,"Agent 2","Agent 0",75500,143937197098582,143937197103742
"MEMORY_COPY","MEMORY_COPY_HOST_TO_DEVICE",1,"Agent 0","Agent 2",75504,143937197396244,143937197402724
"MEMORY_COPY","MEMORY_COPY_DEVICE_TO_HOST",1,"Agent 2","Agent 0",75598,143937198969533,143937198974693
"MEMORY_COPY","MEMORY_COPY_DEVICE_TO_HOST",1,"Agent 2","Agent 0",75606,143937199232754,143937199237954
"MEMORY_COPY","MEMORY_COPY_HOST_TO_DEVICE",1,"Agent 0","Agent 2",75610,143937199532006,143937199538486
"MEMORY_COPY","MEMORY_COPY_DEVICE_TO_HOST",1,"Agent 2","Agent 0",75704,143937200839833,143937200844993
"MEMORY_COPY","MEMORY_COPY_DEVICE_TO_HOST",1,"Agent 2","Agent 0",75712,143937200989374,143937200994534
"MEMORY_COPY","MEMORY_COPY_HOST_TO_DEVICE",1,"Agent 0","Agent 2",75716,143937201323266,143937201329786
"MEMORY_COPY","MEMORY_COPY_DEVICE_TO_HOST",1,"Agent 2","Agent 0",75810,143937202610883,143937202616003
"MEMORY_COPY","MEMORY_COPY_DEVICE_TO_HOST",1,"Agent 2","Agent 0",75818,143937202758354,143937202763554
"MEMORY_COPY","MEMORY_COPY_HOST_TO_DEVICE",1,"Agent 0","Agent 2",75822,143937203069555,143937203076035
"MEMORY_COPY","MEMORY_COPY_DEVICE_TO_HOST",1,"Agent 2","Agent 0",75916,143937204344892,143937204350132
"MEMORY_COPY","MEMORY_COPY_DEVICE_TO_HOST",1,"Agent 2","Agent 0",75924,143937204491073,143937204496273
"MEMORY_COPY","MEMORY_COPY_HOST_TO_DEVICE",1,"Agent 0","Agent 2",75928,143937204768365,143937204774885
"MEMORY_COPY","MEMORY_COPY_DEVICE_TO_HOST",1,"Agent 2","Agent 0",76022,143937206194843,143937206200003
"MEMORY_COPY","MEMORY_COPY_DEVICE_TO_HOST",1,"Agent 2","Agent 0",76030,143937206341653,143937206346813
"MEMORY_COPY","MEMORY_COPY_HOST_TO_DEVICE",1,"Agent 0","Agent 2",76034,143937206635965,143937206642525
"MEMORY_COPY","MEMORY_COPY_DEVICE_TO_HOST",1,"Agent 2","Agent 0",76128,143937208192154,143937208197274
"MEMORY_COPY","MEMORY_COPY_DEVICE_TO_HOST",1,"Agent 2","Agent 0",76136,143937208339604,143937208344724
"MEMORY_COPY","MEMORY_COPY_HOST_TO_DEVICE",1,"Agent 0","Agent 2",76140,143937208624996,143937208631476
"MEMORY_COPY","MEMORY_COPY_DEVICE_TO_HOST",1,"Agent 2","Agent 0",76234,143937209924313,143937209929593
"MEMORY_COPY","MEMORY_COPY_DEVICE_TO_HOST",1,"Agent 2","Agent 0",76242,143937210072904,143937210078064
"MEMORY_COPY","MEMORY_COPY_HOST_TO_DEVICE",1,"Agent 0","Agent 2",76246,143937210382666,143937210389386
"MEMORY_COPY","MEMORY_COPY_DEVICE_TO_HOST",1,"Agent 2","Agent 0",76340,143937211856284,143937211861444
"MEMORY_COPY","MEMORY_COPY_DEVICE_TO_HOST",1,"Agent 2","Agent 0",76348,143937212002415,143937212007615
"MEMORY_COPY","MEMORY_COPY_HOST_TO_DEVICE",1,"Agent 0","Agent 2",76352,143937212351437,143937212357917
"MEMORY_COPY","MEMORY_COPY_DEVICE_TO_HOST",1,"Agent 2","Agent 0",76446,143937213688844,143937213694004
"MEMORY_COPY","MEMORY_COPY_DEVICE_TO_HOST",1,"Agent 2","Agent 0",76454,143937213835885,143937213841045
"MEMORY_COPY","MEMORY_COPY_HOST_TO_DEVICE",1,"Agent 0","Agent 2",76458,143937214166307,143937214172787
"MEMORY_COPY","MEMORY_COPY_DEVICE_TO_HOST",1,"Agent 2","Agent 0",76552,143937215443154,143937215448434
"MEMORY_COPY","MEMORY_COPY_DEVICE_TO_HOST",1,"Agent 2","Agent 0",76560,143937215586155,143937215591675
"MEMORY_COPY","MEMORY_COPY_HOST_TO_DEVICE",1,"Agent 0","Agent 2",76564,143937215872966,143937215879446
"MEMORY_COPY","MEMORY_COPY_DEVICE_TO_HOST",1,"Agent 2","Agent 0",76658,143937217682706,143937217687866
"MEMORY_COPY","MEMORY_COPY_DEVICE_TO_HOST",1,"Agent 2","Agent 0",76666,143937217834157,143937217839357
"MEMORY_COPY","MEMORY_COPY_HOST_TO_DEVICE",1,"Agent 0","Agent 2",76670,143937218151529,143937218157969
"MEMORY_COPY","MEMORY_COPY_DEVICE_TO_HOST",1,"Agent 2","Agent 0",76764,143937219472816,143937219477976
"MEMORY_COPY","MEMORY_COPY_DEVICE_TO_HOST",1,"Agent 2","Agent 0",76772,143937219624777,143937219629937
"MEMORY_COPY","MEMORY_COPY_HOST_TO_DEVICE",1,"Agent 0","Agent 2",76776,143937219912898,143937219919419
"MEMORY_COPY","MEMORY_COPY_DEVICE_TO_HOST",1,"Agent 2","Agent 0",76870,143937221243736,143937221248896
"MEMORY_COPY","MEMORY_COPY_DEVICE_TO_HOST",1,"Agent 2","Agent 0",76878,143937221390197,143937221395717
"MEMORY_COPY","MEMORY_COPY_HOST_TO_DEVICE",1,"Agent 0","Agent 2",76882,143937221647588,143937221654028
"MEMORY_COPY","MEMORY_COPY_DEVICE_TO_HOST",1,"Agent 2","Agent 0",76976,143937222949015,143937222954135
"MEMORY_COPY","MEMORY_COPY_DEVICE_TO_HOST",1,"Agent 2","Agent 0",76984,143937223097736,143937223102936
"MEMORY_COPY","MEMORY_COPY_HOST_TO_DEVICE",1,"Agent 0","Agent 2",76988,143937223369518,143937223375958
"MEMORY_COPY","MEMORY_COPY_DEVICE_TO_HOST",1,"Agent 2","Agent 0",77082,143937224833996,143937224839156
"MEMORY_COPY","MEMORY_COPY_DEVICE_TO_HOST",1,"Agent 2","Agent 0",77090,143937224981037,143937224986157
"MEMORY_COPY","MEMORY_COPY_HOST_TO_DEVICE",1,"Agent 0","Agent 2",77094,143937225290988,143937225297428
"MEMORY_COPY","MEMORY_COPY_DEVICE_TO_HOST",1,"Agent 2","Agent 0",77188,143937226848790,143937226853910
"MEMORY_COPY","MEMORY_COPY_DEVICE_TO_HOST",1,"Agent 2","Agent 0",77196,143937226996291,143937227001411
"MEMORY_COPY","MEMORY_COPY_HOST_TO_DEVICE",1,"Agent 0","Agent 2",77200,143937227312963,143937227319403
"MEMORY_COPY","MEMORY_COPY_DEVICE_TO_HOST",1,"Agent 2","Agent 0",77256,143937228129427,143937228134107
"MEMORY_COPY","MEMORY_COPY_DEVICE_TO_HOST",1,"Agent 2","Agent 0",77264,143937228261868,143937228266508
"MEMORY_COPY","MEMORY_COPY_DEVICE_TO_HOST",1,"Agent 2","Agent 0",77356,143937229541925,143937229546565
"MEMORY_COPY","MEMORY_COPY_DEVICE_TO_HOST",1,"Agent 2","Agent 0",77364,143937229655915,143937229660196
"MEMORY_COPY","MEMORY_COPY_HOST_TO_DEVICE",1,"Agent 0","Agent 2",77368,143937229825876,143937229831036
"MEMORY_COPY","MEMORY_COPY_DEVICE_TO_HOST",1,"Agent 2","Agent 0",77492,143937231447085,143937231451365
"MEMORY_COPY","MEMORY_COPY_DEVICE_TO_HOST",1,"Agent 2","Agent 0",77500,143937231560536,143937231564816
"MEMORY_COPY","MEMORY_COPY_HOST_TO_DEVICE",1,"Agent 0","Agent 2",77504,143937231732517,143937231737717
"MEMORY_COPY","MEMORY_COPY_DEVICE_TO_HOST",1,"Agent 2","Agent 0",77628,143937233295116,143937233299356
"MEMORY_COPY","MEMORY_COPY_DEVICE_TO_HOST",1,"Agent 2","Agent 0",77636,143937233407016,143937233411296
"MEMORY_COPY","MEMORY_COPY_HOST_TO_DEVICE",1,"Agent 0","Agent 2",77640,143937233575657,143937233580857
"MEMORY_COPY","MEMORY_COPY_DEVICE_TO_HOST",1,"Agent 2","Agent 0",77764,143937235279307,143937235283547
"MEMORY_COPY","MEMORY_COPY_DEVICE_TO_HOST",1,"Agent 2","Agent 0",77772,143937235391647,143937235396007
"MEMORY_COPY","MEMORY_COPY_HOST_TO_DEVICE",1,"Agent 0","Agent 2",77776,143937235543878,143937235549038
"MEMORY_COPY","MEMORY_COPY_DEVICE_TO_HOST",1,"Agent 2","Agent 0",77898,143937237394538,143937237398778
"MEMORY_COPY","MEMORY_COPY_DEVICE_TO_HOST",1,"Agent 2","Agent 0",77906,143937237508099,143937237512339
"MEMORY_COPY","MEMORY_COPY_HOST_TO_DEVICE",1,"Agent 0","Agent 2",77910,143937237676150,143937237681390
"MEMORY_COPY","MEMORY_COPY_DEVICE_TO_HOST",1,"Agent 2","Agent 0",78034,143937239209598,143937239213838
"MEMORY_COPY","MEMORY_COPY_DEVICE_TO_HOST",1,"Agent 2","Agent 0",78042,143937239322579,143937239326899
"MEMORY_COPY","MEMORY_COPY_HOST_TO_DEVICE",1,"Agent 0","Agent 2",78046,143937239488100,143937239493380
"MEMORY_COPY","MEMORY_COPY_DEVICE_TO_HOST",1,"Agent 2","Agent 0",78170,143937241195019,143937241199299
"MEMORY_COPY","MEMORY_COPY_DEVICE_TO_HOST",1,"Agent 2","Agent 0",78178,143937241311590,143937241315830
"MEMORY_COPY","MEMORY_COPY_HOST_TO_DEVICE",1,"Agent 0","Agent 2",78182,143937241471541,143937241476821
"MEMORY_COPY","MEMORY_COPY_DEVICE_TO_HOST",1,"Agent 2","Agent 0",78306,143937242994689,143937242998969
"MEMORY_COPY","MEMORY_COPY_DEVICE_TO_HOST",1,"Agent 2","Agent 0",78314,143937243145520,143937243149760
"MEMORY_COPY","MEMORY_COPY_HOST_TO_DEVICE",1,"Agent 0","Agent 2",78318,143937243322221,143937243327421
"MEMORY_COPY","MEMORY_COPY_DEVICE_TO_HOST",1,"Agent 2","Agent 0",78442,143937245053551,143937245057791
"MEMORY_COPY","MEMORY_COPY_DEVICE_TO_HOST",1,"Agent 2","Agent 0",78450,143937245167851,143937245172131
"MEMORY_COPY","MEMORY_COPY_HOST_TO_DEVICE",1,"Agent 0","Agent 2",78454,143937245342352,143937245347792
"MEMORY_COPY","MEMORY_COPY_DEVICE_TO_HOST",1,"Agent 2","Agent 0",78576,143937247215043,143937247219243
"MEMORY_COPY","MEMORY_COPY_DEVICE_TO_HOST",1,"Agent 2","Agent 0",78584,143937247326033,143937247330313
"MEMORY_COPY","MEMORY_COPY_HOST_TO_DEVICE",1,"Agent 0","Agent 2",78588,143937247478684,143937247483844
"MEMORY_COPY","MEMORY_COPY_DEVICE_TO_HOST",1,"Agent 2","Agent 0",78712,143937249047573,143937249051813
"MEMORY_COPY","MEMORY_COPY_DEVICE_TO_HOST",1,"Agent 2","Agent 0",78720,143937249162413,143937249166693
"MEMORY_COPY","MEMORY_COPY_HOST_TO_DEVICE",1,"Agent 0","Agent 2",78724,143937249338464,143937249343704
"MEMORY_COPY","MEMORY_COPY_DEVICE_TO_HOST",1,"Agent 2","Agent 0",78848,143937251052324,143937251056564
"MEMORY_COPY","MEMORY_COPY_DEVICE_TO_HOST",1,"Agent 2","Agent 0",78856,143937251165255,143937251169535
"MEMORY_COPY","MEMORY_COPY_HOST_TO_DEVICE",1,"Agent 0","Agent 2",78860,143937251338615,143937251344055
"MEMORY_COPY","MEMORY_COPY_DEVICE_TO_HOST",1,"Agent 2","Agent 0",78984,143937252902084,143937252906364
"MEMORY_COPY","MEMORY_COPY_DEVICE_TO_HOST",1,"Agent 2","Agent 0",78992,143937253047495,143937253052135
"MEMORY_COPY","MEMORY_COPY_HOST_TO_DEVICE",1,"Agent 0","Agent 2",78996,143937253200266,143937253205546
"MEMORY_COPY","MEMORY_COPY_DEVICE_TO_HOST",1,"Agent 2","Agent 0",79120,143937254852465,143937254856745
"MEMORY_COPY","MEMORY_COPY_DEVICE_TO_HOST",1,"Agent 2","Agent 0",79128,143937254963216,143937254967456
"MEMORY_COPY","MEMORY_COPY_HOST_TO_DEVICE",1,"Agent 0","Agent 2",79132,143937255150097,143937255155657
"MEMORY_COPY","MEMORY_COPY_DEVICE_TO_HOST",1,"Agent 2","Agent 0",79254,143937256977857,143937256982137
"MEMORY_COPY","MEMORY_COPY_DEVICE_TO_HOST",1,"Agent 2","Agent 0",79262,143937257127077,143937257131278
"MEMORY_COPY","MEMORY_COPY_HOST_TO_DEVICE",1,"Agent 0","Agent 2",79266,143937257302708,143937257308108
"MEMORY_COPY","MEMORY_COPY_DEVICE_TO_HOST",1,"Agent 2","Agent 0",79360,143937258601846,143937258607046
"MEMORY_COPY","MEMORY_COPY_DEVICE_TO_HOST",1,"Agent 2","Agent 0",79368,143937258749736,143937258754896
"MEMORY_COPY","MEMORY_COPY_HOST_TO_DEVICE",1,"Agent 0","Agent 2",79372,143937259079258,143937259085698
"MEMORY_COPY","MEMORY_COPY_DEVICE_TO_HOST",1,"Agent 2","Agent 0",79466,143937260506846,143937260512126
"MEMORY_COPY","MEMORY_COPY_DEVICE_TO_HOST",1,"Agent 2","Agent 0",79474,143937260655527,143937260660807
"MEMORY_COPY","MEMORY_COPY_HOST_TO_DEVICE",1,"Agent 0","Agent 2",79478,143937260928449,143937260934889
"MEMORY_COPY","MEMORY_COPY_DEVICE_TO_HOST",1,"Agent 2","Agent 0",79572,143937262244306,143937262249506
"MEMORY_COPY","MEMORY_COPY_DEVICE_TO_HOST",1,"Agent 2","Agent 0",79580,143937262390357,143937262395597
"MEMORY_COPY","MEMORY_COPY_HOST_TO_DEVICE",1,"Agent 0","Agent 2",79584,143937262673998,143937262680478
"MEMORY_COPY","MEMORY_COPY_DEVICE_TO_HOST",1,"Agent 2","Agent 0",79678,143937263952835,143937263958035
"MEMORY_COPY","MEMORY_COPY_DEVICE_TO_HOST",1,"Agent 2","Agent 0",79686,143937264098816,143937264103936
"MEMORY_COPY","MEMORY_COPY_HOST_TO_DEVICE",1,"Agent 0","Agent 2",79690,143937264400518,143937264407038
"MEMORY_COPY","MEMORY_COPY_DEVICE_TO_HOST",1,"Agent 2","Agent 0",79784,143937266047107,143937266052267
"MEMORY_COPY","MEMORY_COPY_DEVICE_TO_HOST",1,"Agent 2","Agent 0",79792,143937266194348,143937266199468
"MEMORY_COPY","MEMORY_COPY_HOST_TO_DEVICE",1,"Agent 0","Agent 2",79796,143937266486799,143937266493519
"MEMORY_COPY","MEMORY_COPY_DEVICE_TO_HOST",1,"Agent 2","Agent 0",79890,143937267927297,143937267933257
"MEMORY_COPY","MEMORY_COPY_DEVICE_TO_HOST",1,"Agent 2","Agent 0",79898,143937268075278,143937268080438
"MEMORY_COPY","MEMORY_COPY_HOST_TO_DEVICE",1,"Agent 0","Agent 2",79902,143937268376590,143937268383110
"MEMORY_COPY","MEMORY_COPY_DEVICE_TO_HOST",1,"Agent 2","Agent 0",79996,143937269698497,143937269703617
"MEMORY_COPY","MEMORY_COPY_DEVICE_TO_HOST",1,"Agent 2","Agent 0",80004,143937269844888,143937269850048
"MEMORY_COPY","MEMORY_COPY_HOST_TO_DEVICE",1,"Agent 0","Agent 2",80008,143937270153640,143937270160120
"MEMORY_COPY","MEMORY_COPY_DEVICE_TO_HOST",1,"Agent 2","Agent 0",80102,143937271440817,143937271446057
"MEMORY_COPY","MEMORY_COPY_DEVICE_TO_HOST",1,"Agent 2","Agent 0",80110,143937271586247,143937271591448
"MEMORY_COPY","MEMORY_COPY_HOST_TO_DEVICE",1,"Agent 0","Agent 2",80114,143937271863279,143937271869719
"MEMORY_COPY","MEMORY_COPY_DEVICE_TO_HOST",1,"Agent 2","Agent 0",80208,143937273350177,143937273355337
"MEMORY_COPY","MEMORY_COPY_DEVICE_TO_HOST",1,"Agent 2","Agent 0",80216,143937273499188,143937273504348
"MEMORY_COPY","MEMORY_COPY_HOST_TO_DEVICE",1,"Agent 0","Agent 2",80220,143937273797680,143937273804160
"MEMORY_COPY","MEMORY_COPY_DEVICE_TO_HOST",1,"Agent 2","Agent 0",80314,143937275440269,143937275445509
"MEMORY_COPY","MEMORY_COPY_DEVICE_TO_HOST",1,"Agent 2","Agent 0",80322,143937275632320,143937275637560
"MEMORY_COPY","MEMORY_COPY_HOST_TO_DEVICE",1,"Agent 0","Agent 2",80326,143937275921771,143937275928212
"MEMORY_COPY","MEMORY_COPY_DEVICE_TO_HOST",1,"Agent 2","Agent 0",80420,143937277289969,143937277295169
"MEMORY_COPY","MEMORY_COPY_DEVICE_TO_HOST",1,"Agent 2","Agent 0",80428,143937277437070,143937277442270
"MEMORY_COPY","MEMORY_COPY_HOST_TO_DEVICE",1,"Agent 0","Agent 2",80432,143937277725771,143937277732252
"MEMORY_COPY","MEMORY_COPY_DEVICE_TO_HOST",1,"Agent 2","Agent 0",80526,143937279169449,143937279174609
"MEMORY_COPY","MEMORY_COPY_DEVICE_TO_HOST",1,"Agent 2","Agent 0",80534,143937279319280,143937279324480
"MEMORY_COPY","MEMORY_COPY_HOST_TO_DEVICE",1,"Agent 0","Agent 2",80538,143937279715732,143937279722293
"MEMORY_COPY","MEMORY_COPY_DEVICE_TO_HOST",1,"Agent 2","Agent 0",80632,143937281170751,143937281175911
"MEMORY_COPY","MEMORY_COPY_DEVICE_TO_HOST",1,"Agent 2","Agent 0",80640,143937281315691,143937281320931
"MEMORY_COPY","MEMORY_COPY_HOST_TO_DEVICE",1,"Agent 0","Agent 2",80644,143937281626903,143937281633663
"MEMORY_COPY","MEMORY_COPY_DEVICE_TO_HOST",1,"Agent 2","Agent 0",80738,143937282924730,143937282929930
"MEMORY_COPY","MEMORY_COPY_DEVICE_TO_HOST",1,"Agent 2","Agent 0",80746,143937283075181,143937283080341
"MEMORY_COPY","MEMORY_COPY_HOST_TO_DEVICE",1,"Agent 0","Agent 2",80750,143937283374473,143937283381153
"MEMORY_COPY","MEMORY_COPY_DEVICE_TO_HOST",1,"Agent 2","Agent 0",80844,143937284994972,143937285000172
"MEMORY_COPY","MEMORY_COPY_DEVICE_TO_HOST",1,"Agent 2","Agent 0",80852,143937285255903,143937285261303
"MEMORY_COPY","MEMORY_COPY_HOST_TO_DEVICE",1,"Agent 0","Agent 2",80856,143937285566515,143937285573235
"MEMORY_COPY","MEMORY_COPY_DEVICE_TO_HOST",1,"Agent 2","Agent 0",80950,143937286876082,143937286881242
"MEMORY_COPY","MEMORY_COPY_DEVICE_TO_HOST",1,"Agent 2","Agent 0",80958,143937287046693,143937287051813
"MEMORY_COPY","MEMORY_COPY_HOST_TO_DEVICE",1,"Agent 0","Agent 2",80962,143937287323465,143937287329945
"MEMORY_COPY","MEMORY_COPY_DEVICE_TO_HOST",1,"Agent 2","Agent 0",81056,143937288644552,143937288649672
"MEMORY_COPY","MEMORY_COPY_DEVICE_TO_HOST",1,"Agent 2","Agent 0",81064,143937288792603,143937288797803
"MEMORY_COPY","MEMORY_COPY_HOST_TO_DEVICE",1,"Agent 0","Agent 2",81068,143937289066784,143937289073264
"MEMORY_COPY","MEMORY_COPY_DEVICE_TO_HOST",1,"Agent 2","Agent 0",81162,143937290354574,143937290359734
"MEMORY_COPY","MEMORY_COPY_DEVICE_TO_HOST",1,"Agent 2","Agent 0",81170,143937290501295,143937290506495
"MEMORY_COPY","MEMORY_COPY_HOST_TO_DEVICE",1,"Agent 0","Agent 2",81174,143937290726211,143937290733051
"MEMORY_COPY","MEMORY_COPY_DEVICE_TO_HOST",1,"Agent 2","Agent 0",81268,143937292195785,143937292200945
"MEMORY_COPY","MEMORY_COPY_DEVICE_TO_HOST",1,"Agent 2","Agent 0",81276,143937292343295,143937292348455
"MEMORY_COPY","MEMORY_COPY_HOST_TO_DEVICE",1,"Agent 0","Agent 2",81280,143937292581597,143937292588077
"MEMORY_COPY","MEMORY_COPY_DEVICE_TO_HOST",1,"Agent 2","Agent 0",81374,143937294253746,143937294258866
"MEMORY_COPY","MEMORY_COPY_DEVICE_TO_HOST",1,"Agent 2","Agent 0",81382,143937294402817,143937294407977
"MEMORY_COPY","MEMORY_COPY_HOST_TO_DEVICE",1,"Agent 0","Agent 2",81386,143937294657748,143937294664228
"MEMORY_COPY","MEMORY_COPY_DEVICE_TO_HOST",1,"Agent 2","Agent 0",81442,143937295452303,143937295456983
"MEMORY_COPY","MEMORY_COPY_DEVICE_TO_HOST",1,"Agent 2","Agent 0",81450,143937295585464,143937295590104
"MEMORY_COPY","MEMORY_COPY_DEVICE_TO_HOST",1,"Agent 2","Agent 0",81542,143937296745180,143937296749420
"MEMORY_COPY","MEMORY_COPY_DEVICE_TO_HOST",1,"Agent 2","Agent 0",81550,143937296858470,143937296862710
"MEMORY_COPY","MEMORY_COPY_HOST_TO_DEVICE",1,"Agent 0","Agent 2",81554,143937297186772,143937297191972
"MEMORY_COPY","MEMORY_COPY_DEVICE_TO_HOST",1,"Agent 2","Agent 0",81678,143937298688721,143937298692961
"MEMORY_COPY","MEMORY_COPY_DEVICE_TO_HOST",1,"Agent 2","Agent 0",81686,143937298801371,143937298805611
"MEMORY_COPY","MEMORY_COPY_HOST_TO_DEVICE",1,"Agent 0","Agent 2",81690,143937298969032,143937298974232
"MEMORY_COPY","MEMORY_COPY_DEVICE_TO_HOST",1,"Agent 2","Agent 0",81814,143937300488611,143937300492891
"MEMORY_COPY","MEMORY_COPY_DEVICE_TO_HOST",1,"Agent 2","Agent 0",81822,143937300600141,143937300604421
"MEMORY_COPY","MEMORY_COPY_HOST_TO_DEVICE",1,"Agent 0","Agent 2",81826,143937300770902,143937300776102
"MEMORY_COPY","MEMORY_COPY_DEVICE_TO_HOST",1,"Agent 2","Agent 0",81950,143937302397811,143937302402051
"MEMORY_COPY","MEMORY_COPY_DEVICE_TO_HOST",1,"Agent 2","Agent 0",81958,143937302538882,143937302543162
"MEMORY_COPY","MEMORY_COPY_HOST_TO_DEVICE",1,"Agent 0","Agent 2",81962,143937302691813,143937302697013
"MEMORY_COPY","MEMORY_COPY_DEVICE_TO_HOST",1,"Agent 2","Agent 0",82084,143937304631744,143937304636064
"MEMORY_COPY","MEMORY_COPY_DEVICE_TO_HOST",1,"Agent 2","Agent 0",82092,143937304743264,143937304747504
"MEMORY_COPY","MEMORY_COPY_HOST_TO_DEVICE",1,"Agent 0","Agent 2",82096,143937304906135,143937304911375
"MEMORY_COPY","MEMORY_COPY_DEVICE_TO_HOST",1,"Agent 2","Agent 0",82220,143937306470064,143937306474384
"MEMORY_COPY","MEMORY_COPY_DEVICE_TO_HOST",1,"Agent 2","Agent 0",82228,143937306581315,143937306585555
"MEMORY_COPY","MEMORY_COPY_HOST_TO_DEVICE",1,"Agent 0","Agent 2",82232,143937306749486,143937306754726
"MEMORY_COPY","MEMORY_COPY_DEVICE_TO_HOST",1,"Agent 2","Agent 0",82356,143937308448585,143937308452945
"MEMORY_COPY","MEMORY_COPY_DEVICE_TO_HOST",1,"Agent 2","Agent 0",82364,143937308563206,143937308567446
"MEMORY_COPY","MEMORY_COPY_HOST_TO_DEVICE",1,"Agent 0","Agent 2",82368,143937308782267,143937308787667
"MEMORY_COPY","MEMORY_COPY_DEVICE_TO_HOST",1,"Agent 2","Agent 0",82492,143937310291835,143937310296075
"MEMORY_COPY","MEMORY_COPY_DEVICE_TO_HOST",1,"Agent 2","Agent 0",82500,143937310403316,143937310407556
"MEMORY_COPY","MEMORY_COPY_HOST_TO_DEVICE",1,"Agent 0","Agent 2",82504,143937310581527,143937310586927
"MEMORY_COPY","MEMORY_COPY_DEVICE_TO_HOST",1,"Agent 2","Agent 0",82628,143937312295026,143937312299266
"MEMORY_COPY","MEMORY_COPY_DEVICE_TO_HOST",1,"Agent 2","Agent 0",82636,143937312406027,143937312410267
"MEMORY_COPY","MEMORY_COPY_HOST_TO_DEVICE",1,"Agent 0","Agent 2",82640,143937312559708,143937312564868
"MEMORY_COPY","MEMORY_COPY_DEVICE_TO_HOST",1,"Agent 2","Agent 0",82762,143937314451938,143937314456218
"MEMORY_COPY","MEMORY_COPY_DEVICE_TO_HOST",1,"Agent 2","Agent 0",82770,143937314562879,143937314567159
"MEMORY_COPY","MEMORY_COPY_HOST_TO_DEVICE",1,"Agent 0","Agent 2",82774,143937314716435,143937314721755
"MEMORY_COPY","MEMORY_COPY_DEVICE_TO_HOST",1,"Agent 2","Agent 0",82898,143937316289209,143937316293449
"MEMORY_COPY","MEMORY_COPY_DEVICE_TO_HOST",1,"Agent 2","Agent 0",82906,143937316401749,143937316405949
"MEMORY_COPY","MEMORY_COPY_HOST_TO_DEVICE",1,"Agent 0","Agent 2",82910,143937316554940,143937316560100
"MEMORY_COPY","MEMORY_COPY_DEVICE_TO_HOST",1,"Agent 2","Agent 0",83034,143937318246499,143937318250740
"MEMORY_COPY","MEMORY_COPY_DEVICE_TO_HOST",1,"Agent 2","Agent 0",83042,143937318359910,143937318364190
"MEMORY_COPY","MEMORY_COPY_HOST_TO_DEVICE",1,"Agent 0","Agent 2",83046,143937318513451,143937318518651
"MEMORY_COPY","MEMORY_COPY_DEVICE_TO_HOST",1,"Agent 2","Agent 0",83170,143937320049730,143937320053970
"MEMORY_COPY","MEMORY_COPY_DEVICE_TO_HOST",1,"Agent 2","Agent 0",83178,143937320163270,143937320167550
"MEMORY_COPY","MEMORY_COPY_HOST_TO_DEVICE",1,"Agent 0","Agent 2",83182,143937320337100,143937320342500
"MEMORY_COPY","MEMORY_COPY_DEVICE_TO_HOST",1,"Agent 2","Agent 0",83306,143937321994590,143937321998870
"MEMORY_COPY","MEMORY_COPY_DEVICE_TO_HOST",1,"Agent 2","Agent 0",83314,143937322144471,143937322149271
"MEMORY_COPY","MEMORY_COPY_HOST_TO_DEVICE",1,"Agent 0","Agent 2",83318,143937322325912,143937322331112
"MEMORY_COPY","MEMORY_COPY_DEVICE_TO_HOST",1,"Agent 2","Agent 0",83440,143937324243773,143937324248013
"MEMORY_COPY","MEMORY_COPY_DEVICE_TO_HOST",1,"Agent 2","Agent 0",83448,143937324383014,143937324387334
"MEMORY_COPY","MEMORY_COPY_HOST_TO_DEVICE",1,"Agent 0","Agent 2",83452,143937324559325,143937324564565
"MEMORY_COPY","MEMORY_COPY_DEVICE_TO_HOST",1,"Agent 2","Agent 0",83546,143937325832142,143937325837262
"MEMORY_COPY","MEMORY_COPY_DEVICE_TO_HOST",1,"Agent 2","Agent 0",83554,143937325981163,143937325986323
"MEMORY_COPY","MEMORY_COPY_HOST_TO_DEVICE",1,"Agent 0","Agent 2",83558,143937326343741,143937326350221
"MEMORY_COPY","MEMORY_COPY_DEVICE_TO_HOST",1,"Agent 2","Agent 0",83652,143937327686182,143937327691382
"MEMORY_COPY","MEMORY_COPY_DEVICE_TO_HOST",1,"Agent 2","Agent 0",83660,143937327881603,143937327886763
"MEMORY_COPY","MEMORY_COPY_HOST_TO_DEVICE",1,"Agent 0","Agent 2",83664,143937328195665,143937328202185
"MEMORY_COPY","MEMORY_COPY_DEVICE_TO_HOST",1,"Agent 2","Agent 0",83758,143937329481642,143937329486802
"MEMORY_COPY","MEMORY_COPY_DEVICE_TO_HOST",1,"Agent 2","Agent 0",83766,143937329628173,143937329633373
"MEMORY_COPY","MEMORY_COPY_HOST_TO_DEVICE",1,"Agent 0","Agent 2",83770,143937329936555,143937329943035
"MEMORY_COPY","MEMORY_COPY_DEVICE_TO_HOST",1,"Agent 2","Agent 0",83864,143937331245245,143937331250405
"MEMORY_COPY","MEMORY_COPY_DEVICE_TO_HOST",1,"Agent 2","Agent 0",83872,143937331391593,143937331396753
"MEMORY_COPY","MEMORY_COPY_HOST_TO_DEVICE",1,"Agent 0","Agent 2",83876,143937331692754,143937331699234
"MEMORY_COPY","MEMORY_COPY_DEVICE_TO_HOST",1,"Agent 2","Agent 0",83970,143937333406164,143937333411324
"MEMORY_COPY","MEMORY_COPY_DEVICE_TO_HOST",1,"Agent 2","Agent 0",83978,143937333553645,143937333558885
"MEMORY_COPY","MEMORY_COPY_HOST_TO_DEVICE",1,"Agent 0","Agent 2",83982,143937333831316,143937333837916
"MEMORY_COPY","MEMORY_COPY_DEVICE_TO_HOST",1,"Agent 2","Agent 0",84076,143937335325425,143937335330665
"MEMORY_COPY","MEMORY_COPY_DEVICE_TO_HOST",1,"Agent 2","Agent 0",84084,143937335472969,143937335478129
"MEMORY_COPY","MEMORY_COPY_HOST_TO_DEVICE",1,"Agent 0","Agent 2",84088,143937335773037,143937335779717
"MEMORY_COPY","MEMORY_COPY_DEVICE_TO_HOST",1,"Agent 2","Agent 0",84182,143937337078584,143937337083744
"MEMORY_COPY","MEMORY_COPY_DEVICE_TO_HOST",1,"Agent 2","Agent 0",84190,143937337226455,143937337231695
"MEMORY_COPY","MEMORY_COPY_HOST_TO_DEVICE",1,"Agent 0","Agent 2",84194,143937337522607,143937337529327
"MEMORY_COPY","MEMORY_COPY_DEVICE_TO_HOST",1,"Agent 2","Agent 0",84288,143937338797734,143937338802934
"MEMORY_COPY","MEMORY_COPY_DEVICE_TO_HOST",1,"Agent 2","Agent 0",84296,143937338947135,143937338952335
"MEMORY_COPY","MEMORY_COPY_HOST_TO_DEVICE",1,"Agent 0","Agent 2",84300,143937339372037,143937339378517
"MEMORY_COPY","MEMORY_COPY_DEVICE_TO_HOST",1,"Agent 2","Agent 0",84394,143937340846965,143937340852165
"MEMORY_COPY","MEMORY_COPY_DEVICE_TO_HOST",1,"Agent 2","Agent 0",84402,143937340993946,143937340999106
"MEMORY_COPY","MEMORY_COPY_HOST_TO_DEVICE",1,"Agent 0","Agent 2",84406,143937341314768,143937341321448
"MEMORY_COPY","MEMORY_COPY_DEVICE_TO_HOST",1,"Agent 2","Agent 0",84500,143937342980067,143937342985227
"MEMORY_COPY","MEMORY_COPY_DEVICE_TO_HOST",1,"Agent 2","Agent 0",84508,143937343165758,143937343170918
"MEMORY_COPY","MEMORY_COPY_HOST_TO_DEVICE",1,"Agent 0","Agent 2",84512,143937343472810,143937343479370
"MEMORY_COPY","MEMORY_COPY_DEVICE_TO_HOST",1,"Agent 2","Agent 0",84606,143937344772291,143937344777411
"MEMORY_COPY","MEMORY_COPY_DEVICE_TO_HOST",1,"Agent 2","Agent 0",84614,143937344917938,143937344923058
"MEMORY_COPY","MEMORY_COPY_HOST_TO_DEVICE",1,"Agent 0","Agent 2",84618,143937345236810,143937345243290
"MEMORY_COPY","MEMORY_COPY_DEVICE_TO_HOST",1,"Agent 2","Agent 0",84712,143937346706738,143937346711938
"MEMORY_COPY","MEMORY_COPY_DEVICE_TO_HOST",1,"Agent 2","Agent 0",84720,143937346854702,143937346859982
"MEMORY_COPY","MEMORY_COPY_HOST_TO_DEVICE",1,"Agent 0","Agent 2",84724,143937347192061,143937347198821
"MEMORY_COPY","MEMORY_COPY_DEVICE_TO_HOST",1,"Agent 2","Agent 0",84818,143937348491568,143937348496688
"MEMORY_COPY","MEMORY_COPY_DEVICE_TO_HOST",1,"Agent 2","Agent 0",84826,143937348636789,143937348641989
"MEMORY_COPY","MEMORY_COPY_HOST_TO_DEVICE",1,"Agent 0","Agent 2",84830,143937348938384,143937348945024
"MEMORY_COPY","MEMORY_COPY_DEVICE_TO_HOST",1,"Agent 2","Agent 0",84924,143937350238038,143937350243318
"MEMORY_COPY","MEMORY_COPY_DEVICE_TO_HOST",1,"Agent 2","Agent 0",84932,143937350400448,143937350406088
"MEMORY_COPY","MEMORY_COPY_HOST_TO_DEVICE",1,"Agent 0","Agent 2",84936,143937350679390,143937350685910
"MEMORY_COPY","MEMORY_COPY_DEVICE_TO_HOST",1,"Agent 2","Agent 0",85030,143937352346771,143937352352011
"MEMORY_COPY","MEMORY_COPY_DEVICE_TO_HOST",1,"Agent 2","Agent 0",85038,143937352493352,143937352498592
"MEMORY_COPY","MEMORY_COPY_HOST_TO_DEVICE",1,"Agent 0","Agent 2",85042,143937352761203,143937352767643
"MEMORY_COPY","MEMORY_COPY_DEVICE_TO_HOST",1,"Agent 2","Agent 0",85136,143937354229431,143937354234591
"MEMORY_COPY","MEMORY_COPY_DEVICE_TO_HOST",1,"Agent 2","Agent 0",85144,143937354388292,143937354393492
"MEMORY_COPY","MEMORY_COPY_HOST_TO_DEVICE",1,"Agent 0","Agent 2",85148,143937354664204,143937354670964
"MEMORY_COPY","MEMORY_COPY_DEVICE_TO_HOST",1,"Agent 2","Agent 0",85242,143937355965621,143937355970821
"MEMORY_COPY","MEMORY_COPY_DEVICE_TO_HOST",1,"Agent 2","Agent 0",85250,143937356112912,143937356118032
"MEMORY_COPY","MEMORY_COPY_HOST_TO_DEVICE",1,"Agent 0","Agent 2",85254,143937356378983,143937356385503
"MEMORY_COPY","MEMORY_COPY_DEVICE_TO_HOST",1,"Agent 2","Agent 0",85348,143937357686540,143937357691661
"MEMORY_COPY","MEMORY_COPY_DEVICE_TO_HOST",1,"Agent 2","Agent 0",85356,143937357833441,143937357838681
"MEMORY_COPY","MEMORY_COPY_HOST_TO_DEVICE",1,"Agent 0","Agent 2",85360,143937358100173,143937358106573
"MEMORY_COPY","MEMORY_COPY_DEVICE_TO_HOST",1,"Agent 2","Agent 0",85454,143937359546771,143937359551931
"MEMORY_COPY","MEMORY_COPY_DEVICE_TO_HOST",1,"Agent 2","Agent 0",85462,143937359693382,143937359698582
"MEMORY_COPY","MEMORY_COPY_HOST_TO_DEVICE",1,"Agent 0","Agent 2",85466,143937359942763,143937359949203
"MEMORY_COPY","MEMORY_COPY_DEVICE_TO_HOST",1,"Agent 2","Agent 0",85560,143937361576272,143937361581432
"MEMORY_COPY","MEMORY_COPY_DEVICE_TO_HOST",1,"Agent 2","Agent 0",85568,143937361725153,143937361730313
"MEMORY_COPY","MEMORY_COPY_HOST_TO_DEVICE",1,"Agent 0","Agent 2",85572,143937361989694,143937361996414
"MEMORY_COPY","MEMORY_COPY_DEVICE_TO_HOST",1,"Agent 2","Agent 0",85628,143937362799429,143937362804069
"MEMORY_COPY","MEMORY_COPY_DEVICE_TO_HOST",1,"Agent 2","Agent 0",85636,143937362932959,143937362937640
"MEMORY_COPY","MEMORY_COPY_DEVICE_TO_HOST",1,"Agent 2","Agent 0",85728,143937364079116,143937364083356
"MEMORY_COPY","MEMORY_COPY_DEVICE_TO_HOST",1,"Agent 2","Agent 0",85736,143937364193176,143937364197416
"MEMORY_COPY","MEMORY_COPY_HOST_TO_DEVICE",1,"Agent 0","Agent 2",85740,143937364382157,143937364387638
"MEMORY_COPY","MEMORY_COPY_DEVICE_TO_HOST",1,"Agent 2","Agent 0",85864,143937366004496,143937366008776
"MEMORY_COPY","MEMORY_COPY_DEVICE_TO_HOST",1,"Agent 2","Agent 0",85872,143937366139647,143937366143887
"MEMORY_COPY","MEMORY_COPY_HOST_TO_DEVICE",1,"Agent 0","Agent 2",85876,143937366329728,143937366334968
"MEMORY_COPY","MEMORY_COPY_DEVICE_TO_HOST",1,"Agent 2","Agent 0",86000,143937367828527,143937367832807
"MEMORY_COPY","MEMORY_COPY_DEVICE_TO_HOST",1,"Agent 2","Agent 0",86008,143937367941237,143937367945477
"MEMORY_COPY","MEMORY_COPY_HOST_TO_DEVICE",1,"Agent 0","Agent 2",86012,143937368150458,143937368155578
"MEMORY_COPY","MEMORY_COPY_DEVICE_TO_HOST",1,"Agent 2","Agent 0",86136,143937369823288,143937369827528
"MEMORY_COPY","MEMORY_COPY_DEVICE_TO_HOST",1,"Agent 2","Agent 0",86144,143937369936248,143937369940488
"MEMORY_COPY","MEMORY_COPY_HOST_TO_DEVICE",1,"Agent 0","Agent 2",86148,143937370121759,143937370127039
"MEMORY_COPY","MEMORY_COPY_DEVICE_TO_HOST",1,"Agent 2","Agent 0",86270,143937372075160,143937372079400
"MEMORY_COPY","MEMORY_COPY_DEVICE_TO_HOST",1,"Agent 2","Agent 0",86278,143937372188521,143937372192801
"MEMORY_COPY","MEMORY_COPY_HOST_TO_DEVICE",1,"Agent 0","Agent 2",86282,143937372375482,143937372380682
"MEMORY_COPY","MEMORY_COPY_DEVICE_TO_HOST",1,"Agent 2","Agent 0",86406,143937373902770,143937373907050
"MEMORY_COPY","MEMORY_COPY_DEVICE_TO_HOST",1,"Agent 2","Agent 0",86414,143937374045761,143937374050401
"MEMORY_COPY","MEMORY_COPY_HOST_TO_DEVICE",1,"Agent 0","Agent 2",86418,143937374216752,143937374221952
"MEMORY_COPY","MEMORY_COPY_DEVICE_TO_HOST",1,"Agent 2","Agent 0",86542,143937375861001,143937375865281
"MEMORY_COPY","MEMORY_COPY_DEVICE_TO_HOST",1,"Agent 2","Agent 0",86550,143937375971942,143937375976222
"MEMORY_COPY","MEMORY_COPY_HOST_TO_DEVICE",1,"Agent 0","Agent 2",86554,143937376171263,143937376176463
"MEMORY_COPY","MEMORY_COPY_DEVICE_TO_HOST",1,"Agent 2","Agent 0",86678,143937377645451,143937377649771
"MEMORY_COPY","MEMORY_COPY_DEVICE_TO_HOST",1,"Agent 2","Agent 0",86686,143937377759411,143937377763651
"MEMORY_COPY","MEMORY_COPY_HOST_TO_DEVICE",1,"Agent 0","Agent 2",86690,143937377916082,143937377921282
"MEMORY_COPY","MEMORY_COPY_DEVICE_TO_HOST",1,"Agent 2","Agent 0",86814,143937379684972,143937379689612
"MEMORY_COPY","MEMORY_COPY_DEVICE_TO_HOST",1,"Agent 2","Agent 0",86822,143937379797923,143937379802203
"MEMORY_COPY","MEMORY_COPY_HOST_TO_DEVICE",1,"Agent 0","Agent 2",86826,143937379949744,143937379955384
"MEMORY_COPY","MEMORY_COPY_DEVICE_TO_HOST",1,"Agent 2","Agent 0",86948,143937381929974,143937381934254
"MEMORY_COPY","MEMORY_COPY_DEVICE_TO_HOST",1,"Agent 2","Agent 0",86956,143937382045425,143937382049665
"MEMORY_COPY","MEMORY_COPY_HOST_TO_DEVICE",1,"Agent 0","Agent 2",86960,143937382199926,143937382205206
"MEMORY_COPY","MEMORY_COPY_DEVICE_TO_HOST",1,"Agent 2","Agent 0",87084,143937383681424,143937383685664
"MEMORY_COPY","MEMORY_COPY_DEVICE_TO_HOST",1,"Agent 2","Agent 0",87092,143937383792805,143937383797085
"MEMORY_COPY","MEMORY_COPY_HOST_TO_DEVICE",1,"Agent 0","Agent 2",87096,143937383946246,143937383951486
"MEMORY_COPY","MEMORY_COPY_DEVICE_TO_HOST",1,"Agent 2","Agent 0",87220,143937385583145,143937385587385
"MEMORY_COPY","MEMORY_COPY_DEVICE_TO_HOST",1,"Agent 2","Agent 0",87228,143937385751696,143937385755976
"MEMORY_COPY","MEMORY_COPY_HOST_TO_DEVICE",1,"Agent 0","Agent 2",87232,143937385902966,143937385908246
"MEMORY_COPY","MEMORY_COPY_DEVICE_TO_HOST",1,"Agent 2","Agent 0",87356,143937387491665,143937387495945
"MEMORY_COPY","MEMORY_COPY_DEVICE_TO_HOST",1,"Agent 2","Agent 0",87364,143937387604336,143937387608616
"MEMORY_COPY","MEMORY_COPY_HOST_TO_DEVICE",1,"Agent 0","Agent 2",87368,143937387754397,143937387759677
"MEMORY_COPY","MEMORY_COPY_DEVICE_TO_HOST",1,"Agent 2","Agent 0",87492,143937389285965,143937389290205
"MEMORY_COPY","MEMORY_COPY_DEVICE_TO_HOST",1,"Agent 2","Agent 0",87500,143937389399116,143937389403356
"MEMORY_COPY","MEMORY_COPY_HOST_TO_DEVICE",1,"Agent 0","Agent 2",87504,143937389707047,143937389712487
"MEMORY_COPY","MEMORY_COPY_DEVICE_TO_HOST",1,"Agent 2","Agent 0",87626,143937391694568,143937391699608
"MEMORY_COPY","MEMORY_COPY_DEVICE_TO_HOST",1,"Agent 2","Agent 0",87634,143937391808179,143937391812419
"MEMORY_COPY","MEMORY_COPY_HOST_TO_DEVICE",1,"Agent 0","Agent 2",87638,143937391965890,143937391971090
"MEMORY_COPY","MEMORY_COPY_DEVICE_TO_HOST",1,"Agent 2","Agent 0",87732,143937393208817,143937393214017
"MEMORY_COPY","MEMORY_COPY_DEVICE_TO_HOST",1,"Agent 2","Agent 0",87740,143937393356378,143937393361538
"MEMORY_COPY","MEMORY_COPY_HOST_TO_DEVICE",1,"Agent 0","Agent 2",87744,143937393668689,143937393675369
"MEMORY_COPY","MEMORY_COPY_DEVICE_TO_HOST",1,"Agent 2","Agent 0",87838,143937394950656,143937394955856
"MEMORY_COPY","MEMORY_COPY_DEVICE_TO_HOST",1,"Agent 2","Agent 0",87846,143937395096077,143937395101317
"MEMORY_COPY","MEMORY_COPY_HOST_TO_DEVICE",1,"Agent 0","Agent 2",87850,143937395391979,143937395398539
"MEMORY_COPY","MEMORY_COPY_DEVICE_TO_HOST",1,"Agent 2","Agent 0",87944,143937396844097,143937396849737
"MEMORY_COPY","MEMORY_COPY_DEVICE_TO_HOST",1,"Agent 2","Agent 0",87952,143937396990958,143937396996198
"MEMORY_COPY","MEMORY_COPY_HOST_TO_DEVICE",1,"Agent 0","Agent 2",87956,143937397335500,143937397341980
"MEMORY_COPY","MEMORY_COPY_DEVICE_TO_HOST",1,"Agent 2","Agent 0",88050,143937398612727,143937398618087
"MEMORY_COPY","MEMORY_COPY_DEVICE_TO_HOST",1,"Agent 2","Agent 0",88058,143937398759497,143937398764697
"MEMORY_COPY","MEMORY_COPY_HOST_TO_DEVICE",1,"Agent 0","Agent 2",88062,143937399072239,143937399079199
"MEMORY_COPY","MEMORY_COPY_DEVICE_TO_HOST",1,"Agent 2","Agent 0",88156,143937400773469,143937400778589
"MEMORY_COPY","MEMORY_COPY_DEVICE_TO_HOST",1,"Agent 2","Agent 0",88164,143937400921079,143937400926279
"MEMORY_COPY","MEMORY_COPY_HOST_TO_DEVICE",1,"Agent 0","Agent 2",88168,143937401203301,143937401209741
"MEMORY_COPY","MEMORY_COPY_DEVICE_TO_HOST",1,"Agent 2","Agent 0",88262,143937402647229,143937402652429
"MEMORY_COPY","MEMORY_COPY_DEVICE_TO_HOST",1,"Agent 2","Agent 0",88270,143937402794790,143937402800030
"MEMORY_COPY","MEMORY_COPY_HOST_TO_DEVICE",1,"Agent 0","Agent 2",88274,143937403116772,143937403123252
"MEMORY_COPY","MEMORY_COPY_DEVICE_TO_HOST",1,"Agent 2","Agent 0",88368,143937404411729,143937404416889
"MEMORY_COPY","MEMORY_COPY_DEVICE_TO_HOST",1,"Agent 2","Agent 0",88376,143937404558769,143937404563890
"MEMORY_COPY","MEMORY_COPY_HOST_TO_DEVICE",1,"Agent 0","Agent 2",88380,143937404830561,143937404837641
"MEMORY_COPY","MEMORY_COPY_DEVICE_TO_HOST",1,"Agent 2","Agent 0",88474,143937406153558,143937406158718
"MEMORY_COPY","MEMORY_COPY_DEVICE_TO_HOST",1,"Agent 2","Agent 0",88482,143937406300819,143937406306019
"MEMORY_COPY","MEMORY_COPY_HOST_TO_DEVICE",1,"Agent 0","Agent 2",88486,143937406574921,143937406581401
"MEMORY_COPY","MEMORY_COPY_DEVICE_TO_HOST",1,"Agent 2","Agent 0",88580,143937408020479,143937408025679
"MEMORY_COPY","MEMORY_COPY_DEVICE_TO_HOST",1,"Agent 2","Agent 0",88588,143937408170369,143937408175569
"MEMORY_COPY","MEMORY_COPY_HOST_TO_DEVICE",1,"Agent 0","Agent 2",88592,143937408496191,143937408502911
"MEMORY_COPY","MEMORY_COPY_DEVICE_TO_HOST",1,"Agent 2","Agent 0",88686,143937410313211,143937410318411
"MEMORY_COPY","MEMORY_COPY_DEVICE_TO_HOST",1,"Agent 2","Agent 0",88694,143937410464792,143937410469912
"MEMORY_COPY","MEMORY_COPY_HOST_TO_DEVICE",1,"Agent 0","Agent 2",88698,143937410749724,143937410756124
"MEMORY_COPY","MEMORY_COPY_DEVICE_TO_HOST",1,"Agent 2","Agent 0",88792,143937412048751,143937412053871
"MEMORY_COPY","MEMORY_COPY_DEVICE_TO_HOST",1,"Agent 2","Agent 0",88800,143937412198882,143937412204042
"MEMORY_COPY","MEMORY_COPY_HOST_TO_DEVICE",1,"Agent 0","Agent 2",88804,143937412511053,143937412517573
"MEMORY_COPY","MEMORY_COPY_DEVICE_TO_HOST",1,"Agent 2","Agent 0",88898,143937413798441,143937413803681
"MEMORY_COPY","MEMORY_COPY_DEVICE_TO_HOST",1,"Agent 2","Agent 0",88906,143937414050242,143937414055442
"MEMORY_COPY","MEMORY_COPY_HOST_TO_DEVICE",1,"Agent 0","Agent 2",88910,143937414376554,143937414383074
"MEMORY_COPY","MEMORY_COPY_DEVICE_TO_HOST",1,"Agent 2","Agent 0",89004,143937415672604,143937415677804
"MEMORY_COPY","MEMORY_COPY_DEVICE_TO_HOST",1,"Agent 2","Agent 0",89012,143937415819065,143937415824265
"MEMORY_COPY","MEMORY_COPY_HOST_TO_DEVICE",1,"Agent 0","Agent 2",89016,143937416147147,143937416153587
"MEMORY_COPY","MEMORY_COPY_DEVICE_TO_HOST",1,"Agent 2","Agent 0",89110,143937417436574,143937417441774
"MEMORY_COPY","MEMORY_COPY_DEVICE_TO_HOST",1,"Agent 2","Agent 0",89118,143937417582165,143937417587285
"MEMORY_COPY","MEMORY_COPY_HOST_TO_DEVICE",1,"Agent 0","Agent 2",89122,143937417862606,143937417869046
"MEMORY_COPY","MEMORY_COPY_DEVICE_TO_HOST",1,"Agent 2","Agent 0",89216,143937419614036,143937419619116
"MEMORY_COPY","MEMORY_COPY_DEVICE_TO_HOST",1,"Agent 2","Agent 0",89224,143937419759857,143937419765017
"MEMORY_COPY","MEMORY_COPY_HOST_TO_DEVICE",1,"Agent 0","Agent 2",89228,143937420068758,143937420075238
"MEMORY_COPY","MEMORY_COPY_DEVICE_TO_HOST",1,"Agent 2","Agent 0",89322,143937421570487,143937421575647
"MEMORY_COPY","MEMORY_COPY_DEVICE_TO_HOST",1,"Agent 2","Agent 0",89330,143937421717168,143937421722288
"MEMORY_COPY","MEMORY_COPY_HOST_TO_DEVICE",1,"Agent 0","Agent 2",89334,143937421998789,143937422005229
"MEMORY_COPY","MEMORY_COPY_DEVICE_TO_HOST",1,"Agent 2","Agent 0",89428,143937423395497,143937423400617
"MEMORY_COPY","MEMORY_COPY_DEVICE_TO_HOST",1,"Agent 2","Agent 0",89436,143937423540738,143937423545858
"MEMORY_COPY","MEMORY_COPY_HOST_TO_DEVICE",1,"Agent 0","Agent 2",89440,143937423788549,143937423794949
"MEMORY_COPY","MEMORY_COPY_DEVICE_TO_HOST",1,"Agent 2","Agent 0",89534,143937425194597,143937425199877
"MEMORY_COPY","MEMORY_COPY_DEVICE_TO_HOST",1,"Agent 2","Agent 0",89542,143937425340618,143937425345778
"MEMORY_COPY","MEMORY_COPY_HOST_TO_DEVICE",1,"Agent 0","Agent 2",89546,143937425580239,143937425586799
"MEMORY_COPY","MEMORY_COPY_DEVICE_TO_HOST",1,"Agent 2","Agent 0",89640,143937427019557,143937427024677
"MEMORY_COPY","MEMORY_COPY_DEVICE_TO_HOST",1,"Agent 2","Agent 0",89648,143937427167058,143937427172218
"MEMORY_COPY","MEMORY_COPY_HOST_TO_DEVICE",1,"Agent 0","Agent 2",89652,143937427442559,143937427448999
"MEMORY_COPY","MEMORY_COPY_DEVICE_TO_HOST",1,"Agent 2","Agent 0",89746,143937429272999,143937429278319
"MEMORY_COPY","MEMORY_COPY_DEVICE_TO_HOST",1,"Agent 2","Agent 0",89754,143937429419630,143937429424830
"MEMORY_COPY","MEMORY_COPY_HOST_TO_DEVICE",1,"Agent 0","Agent 2",89758,143937429684362,143937429690802
"MEMORY_COPY","MEMORY_COPY_DEVICE_TO_HOST",1,"Agent 2","Agent 0",89810,143937431685883,143937431742363
"MEMORY_COPY","MEMORY_COPY_DEVICE_TO_HOST",1,"Agent 2","Agent 0",89822,143937435510894,143937435515574
"MEMORY_COPY","MEMORY_COPY_DEVICE_TO_HOST",1,"Agent 2","Agent 0",89830,143937435641884,143937435646564
"MEMORY_COPY","MEMORY_COPY_DEVICE_TO_HOST",1,"Agent 2","Agent 0",89922,143937436775931,143937436780251
"MEMORY_COPY","MEMORY_COPY_DEVICE_TO_HOST",1,"Agent 2","Agent 0",89930,143937436888211,143937436892451
"MEMORY_COPY","MEMORY_COPY_HOST_TO_DEVICE",1,"Agent 0","Agent 2",89934,143937437055942,143937437061662
"MEMORY_COPY","MEMORY_COPY_DEVICE_TO_HOST",1,"Agent 2","Agent 0",90058,143937438764462,143937438768782
"MEMORY_COPY","MEMORY_COPY_DEVICE_TO_HOST",1,"Agent 2","Agent 0",90066,143937438876042,143937438880402
"MEMORY_COPY","MEMORY_COPY_HOST_TO_DEVICE",1,"Agent 0","Agent 2",90070,143937439049833,143937439055553
"MEMORY_COPY","MEMORY_COPY_DEVICE_TO_HOST",1,"Agent 2","Agent 0",90194,143937440595412,143937440599812
"MEMORY_COPY","MEMORY_COPY_DEVICE_TO_HOST",1,"Agent 2","Agent 0",90202,143937440707262,143937440711662
"MEMORY_COPY","MEMORY_COPY_HOST_TO_DEVICE",1,"Agent 0","Agent 2",90206,143937440879703,143937440884983
"MEMORY_COPY","MEMORY_COPY_DEVICE_TO_HOST",1,"Agent 2","Agent 0",90330,143937442570263,143937442574703
"MEMORY_COPY","MEMORY_COPY_DEVICE_TO_HOST",1,"Agent 2","Agent 0",90338,143937442684463,143937442688863
"MEMORY_COPY","MEMORY_COPY_HOST_TO_DEVICE",1,"Agent 0","Agent 2",90342,143937442871604,143937442876964
"MEMORY_COPY","MEMORY_COPY_DEVICE_TO_HOST",1,"Agent 2","Agent 0",90464,143937444511933,143937444516373
"MEMORY_COPY","MEMORY_COPY_DEVICE_TO_HOST",1,"Agent 2","Agent 0",90472,143937444621104,143937444625984
"MEMORY_COPY","MEMORY_COPY_HOST_TO_DEVICE",1,"Agent 0","Agent 2",90476,143937444790025,143937444795465
"MEMORY_COPY","MEMORY_COPY_DEVICE_TO_HOST",1,"Agent 2","Agent 0",90600,143937446324843,143937446329444
"MEMORY_COPY","MEMORY_COPY_DEVICE_TO_HOST",1,"Agent 2","Agent 0",90608,143937446437234,143937446441634
"MEMORY_COPY","MEMORY_COPY_HOST_TO_DEVICE",1,"Agent 0","Agent 2",90612,143937446594345,143937446599665
"MEMORY_COPY","MEMORY_COPY_DEVICE_TO_HOST",1,"Agent 2","Agent 0",90736,143937448419805,143937448424205
"MEMORY_COPY","MEMORY_COPY_DEVICE_TO_HOST",1,"Agent 2","Agent 0",90744,143937448595846,143937448600246
"MEMORY_COPY","MEMORY_COPY_HOST_TO_DEVICE",1,"Agent 0","Agent 2",90748,143937448752887,143937448758207
"MEMORY_COPY","MEMORY_COPY_DEVICE_TO_HOST",1,"Agent 2","Agent 0",90872,143937450246095,143937450250615
"MEMORY_COPY","MEMORY_COPY_DEVICE_TO_HOST",1,"Agent 2","Agent 0",90880,143937450385266,143937450389626
"MEMORY_COPY","MEMORY_COPY_HOST_TO_DEVICE",1,"Agent 0","Agent 2",90884,143937450539827,143937450545107
"MEMORY_COPY","MEMORY_COPY_DEVICE_TO_HOST",1,"Agent 2","Agent 0",91008,143937452212146,143937452216426
"MEMORY_COPY","MEMORY_COPY_DEVICE_TO_HOST",1,"Agent 2","Agent 0",91016,143937452324157,143937452328477
"MEMORY_COPY","MEMORY_COPY_HOST_TO_DEVICE",1,"Agent 0","Agent 2",91020,143937452472697,143937452477977
"MEMORY_COPY","MEMORY_COPY_DEVICE_TO_HOST",1,"Agent 2","Agent 0",91142,143937454073416,143937454077656
"MEMORY_COPY","MEMORY_COPY_DEVICE_TO_HOST",1,"Agent 2","Agent 0",91150,143937454185367,143937454189567
"MEMORY_COPY","MEMORY_COPY_HOST_TO_DEVICE",1,"Agent 0","Agent 2",91154,143937454356718,143937454362158
"MEMORY_COPY","MEMORY_COPY_DEVICE_TO_HOST",1,"Agent 2","Agent 0",91278,143937455828486,143937455832726
"MEMORY_COPY","MEMORY_COPY_DEVICE_TO_HOST",1,"Agent 2","Agent 0",91286,143937455939507,143937455943707
"MEMORY_COPY","MEMORY_COPY_HOST_TO_DEVICE",1,"Agent 0","Agent 2",91290,143937456133148,143937456138268
"MEMORY_COPY","MEMORY_COPY_DEVICE_TO_HOST",1,"Agent 2","Agent 0",91414,143937457679806,143937457684046
"MEMORY_COPY","MEMORY_COPY_DEVICE_TO_HOST",1,"Agent 2","Agent 0",91422,143937457791177,143937457795417
"MEMORY_COPY","MEMORY_COPY_HOST_TO_DEVICE",1,"Agent 0","Agent 2",91426,143937457948518,143937457953718
"MEMORY_COPY","MEMORY_COPY_DEVICE_TO_HOST",1,"Agent 2","Agent 0",91550,143937459453886,143937459458126
"MEMORY_COPY","MEMORY_COPY_DEVICE_TO_HOST",1,"Agent 2","Agent 0",91558,143937459568497,143937459572777
"MEMORY_COPY","MEMORY_COPY_HOST_TO_DEVICE",1,"Agent 0","Agent 2",91562,143937459719227,143937459724428
"MEMORY_COPY","MEMORY_COPY_DEVICE_TO_HOST",1,"Agent 2","Agent 0",91686,143937461288836,143937461293116
"MEMORY_COPY","MEMORY_COPY_DEVICE_TO_HOST",1,"Agent 2","Agent 0",91694,143937461400467,143937461404747
"MEMORY_COPY","MEMORY_COPY_HOST_TO_DEVICE",1,"Agent 0","Agent 2",91698,143937461543378,143937461548578
"MEMORY_COPY","MEMORY_COPY_DEVICE_TO_HOST",1,"Agent 2","Agent 0",91820,143937463320447,143937463324687
"MEMORY_COPY","MEMORY_COPY_DEVICE_TO_HOST",1,"Agent 2","Agent 0",91828,143937463430728,143937463434968
"MEMORY_COPY","MEMORY_COPY_HOST_TO_DEVICE",1,"Agent 0","Agent 2",91832,143937463579339,143937463584619
"MEMORY_COPY","MEMORY_COPY_DEVICE_TO_HOST",1,"Agent 2","Agent 0",91926,143937464866026,143937464871186
"MEMORY_COPY","MEMORY_COPY_DEVICE_TO_HOST",1,"Agent 2","Agent 0",91934,143937465045487,143937465050607
"MEMORY_COPY","MEMORY_COPY_HOST_TO_DEVICE",1,"Agent 0","Agent 2",91938,143937465357229,143937465363669
"MEMORY_COPY","MEMORY_COPY_DEVICE_TO_HOST",1,"Agent 2","Agent 0",92032,143937466620556,143937466625636
"MEMORY_COPY","MEMORY_COPY_DEVICE_TO_HOST",1,"Agent 2","Agent 0",92040,143937466766576,143937466771736
"MEMORY_COPY","MEMORY_COPY_HOST_TO_DEVICE",1,"Agent 0","Agent 2",92044,143937467075248,143937467081688
"MEMORY_COPY","MEMORY_COPY_DEVICE_TO_HOST",1,"Agent 2","Agent 0",92138,143937468538666,143937468543866
"MEMORY_COPY","MEMORY_COPY_DEVICE_TO_HOST",1,"Agent 2","Agent 0",92146,143937468739977,143937468745137
"MEMORY_COPY","MEMORY_COPY_HOST_TO_DEVICE",1,"Agent 0","Agent 2",92150,143937469049949,143937469056349
"MEMORY_COPY","MEMORY_COPY_DEVICE_TO_HOST",1,"Agent 2","Agent 0",92244,143937470349286,143937470354446
"MEMORY_COPY","MEMORY_COPY_DEVICE_TO_HOST",1,"Agent 2","Agent 0",92252,143937470496057,143937470501217
"MEMORY_COPY","MEMORY_COPY_HOST_TO_DEVICE",1,"Agent 0","Agent 2",92256,143937470787889,143937470794449
"MEMORY_COPY","MEMORY_COPY_DEVICE_TO_HOST",1,"Agent 2","Agent 0",92350,143937472224617,143937472229817
"MEMORY_COPY","MEMORY_COPY_DEVICE_TO_HOST",1,"Agent 2","Agent 0",92358,143937472370607,143937472375767
"MEMORY_COPY","MEMORY_COPY_HOST_TO_DEVICE",1,"Agent 0","Agent 2",92362,143937472649759,143937472656239
"MEMORY_COPY","MEMORY_COPY_DEVICE_TO_HOST",1,"Agent 2","Agent 0",92456,143937474109857,143937474115057
"MEMORY_COPY","MEMORY_COPY_DEVICE_TO_HOST",1,"Agent 2","Agent 0",92464,143937474257338,143937474262538
"MEMORY_COPY","MEMORY_COPY_HOST_TO_DEVICE",1,"Agent 0","Agent 2",92468,143937474535509,143937474542029
"MEMORY_COPY","MEMORY_COPY_DEVICE_TO_HOST",1,"Agent 2","Agent 0",92562,143937475833287,143937475838487
"MEMORY_COPY","MEMORY_COPY_DEVICE_TO_HOST",1,"Agent 2","Agent 0",92570,143937475980427,143937475986027
"MEMORY_COPY","MEMORY_COPY_HOST_TO_DEVICE",1,"Agent 0","Agent 2",92574,143937476318229,143937476324909
"MEMORY_COPY","MEMORY_COPY_DEVICE_TO_HOST",1,"Agent 2","Agent 0",92668,143937477607321,143937477612441
"MEMORY_COPY","MEMORY_COPY_DEVICE_TO_HOST",1,"Agent 2","Agent 0",92676,143937477750741,143937477755901
"MEMORY_COPY","MEMORY_COPY_HOST_TO_DEVICE",1,"Agent 0","Agent 2",92680,143937478054603,143937478061083
"MEMORY_COPY","MEMORY_COPY_DEVICE_TO_HOST",1,"Agent 2","Agent 0",92774,143937479511801,143937479517001
"MEMORY_COPY","MEMORY_COPY_DEVICE_TO_HOST",1,"Agent 2","Agent 0",92782,143937479664072,143937479669272
"MEMORY_COPY","MEMORY_COPY_HOST_TO_DEVICE",1,"Agent 0","Agent 2",92786,143937479966624,143937479973184
"MEMORY_COPY","MEMORY_COPY_DEVICE_TO_HOST",1,"Agent 2","Agent 0",92880,143937481485672,143937481490912
"MEMORY_COPY","MEMORY_COPY_DEVICE_TO_HOST",1,"Agent 2","Agent 0",92888,143937481631573,143937481636813
"MEMORY_COPY","MEMORY_COPY_HOST_TO_DEVICE",1,"Agent 0","Agent 2",92892,143937481902434,143937481909514
"MEMORY_COPY","MEMORY_COPY_DEVICE_TO_HOST",1,"Agent 2","Agent 0",92986,143937483167761,143937483173041
"MEMORY_COPY","MEMORY_COPY_DEVICE_TO_HOST",1,"Agent 2","Agent 0",92994,143937483314992,143937483320112
"MEMORY_COPY","MEMORY_COPY_HOST_TO_DEVICE",1,"Agent 0","Agent 2",92998,143937483603214,143937483609974
"MEMORY_COPY","MEMORY_COPY_DEVICE_TO_HOST",1,"Agent 2","Agent 0",93092,143937484869711,143937484875351
"MEMORY_COPY","MEMORY_COPY_DEVICE_TO_HOST",1,"Agent 2","Agent 0",93100,143937485019692,143937485024852
"MEMORY_COPY","MEMORY_COPY_HOST_TO_DEVICE",1,"Agent 0","Agent 2",93104,143937485486364,143937485492844
"MEMORY_COPY","MEMORY_COPY_DEVICE_TO_HOST",1,"Agent 2","Agent 0",93198,143937486750351,143937486755511
"MEMORY_COPY","MEMORY_COPY_DEVICE_TO_HOST",1,"Agent 2","Agent 0",93206,143937486895592,143937486900832
"MEMORY_COPY","MEMORY_COPY_HOST_TO_DEVICE",1,"Agent 0","Agent 2",93210,143937487230154,143937487236594
"MEMORY_COPY","MEMORY_COPY_DEVICE_TO_HOST",1,"Agent 2","Agent 0",93304,143937488602291,143937488607571
"MEMORY_COPY","MEMORY_COPY_DEVICE_TO_HOST",1,"Agent 2","Agent 0",93312,143937488749112,143937488754312
"MEMORY_COPY","MEMORY_COPY_HOST_TO_DEVICE",1,"Agent 0","Agent 2",93316,143937489035704,143937489042184
"MEMORY_COPY","MEMORY_COPY_DEVICE_TO_HOST",1,"Agent 2","Agent 0",93410,143937490415241,143937490420441
"MEMORY_COPY","MEMORY_COPY_DEVICE_TO_HOST",1,"Agent 2","Agent 0",93418,143937490618913,143937490624073
"MEMORY_COPY","MEMORY_COPY_HOST_TO_DEVICE",1,"Agent 0","Agent 2",93422,143937490880154,143937490886634
"MEMORY_COPY","MEMORY_COPY_DEVICE_TO_HOST",1,"Agent 2","Agent 0",93516,143937492354932,143937492360092
"MEMORY_COPY","MEMORY_COPY_DEVICE_TO_HOST",1,"Agent 2","Agent 0",93524,143937492503583,143937492508743
"MEMORY_COPY","MEMORY_COPY_HOST_TO_DEVICE",1,"Agent 0","Agent 2",93528,143937492795695,143937492802215
"MEMORY_COPY","MEMORY_COPY_DEVICE_TO_HOST",1,"Agent 2","Agent 0",93622,143937494093312,143937494098512
"MEMORY_COPY","MEMORY_COPY_DEVICE_TO_HOST",1,"Agent 2","Agent 0",93630,143937494242953,143937494248193
"MEMORY_COPY","MEMORY_COPY_HOST_TO_DEVICE",1,"Agent 0","Agent 2",93634,143937494498494,143937494505174
"MEMORY_COPY","MEMORY_COPY_DEVICE_TO_HOST",1,"Agent 2","Agent 0",93728,143937495827771,143937495832931
"MEMORY_COPY","MEMORY_COPY_DEVICE_TO_HOST",1,"Agent 2","Agent 0",93736,143937495974732,143937495979892
"MEMORY_COPY","MEMORY_COPY_HOST_TO_DEVICE",1,"Agent 0","Agent 2",93740,143937496238214,143937496244694
"MEMORY_COPY","MEMORY_COPY_DEVICE_TO_HOST",1,"Agent 2","Agent 0",93834,143937497669591,143937497674752
"MEMORY_COPY","MEMORY_COPY_DEVICE_TO_HOST",1,"Agent 2","Agent 0",93842,143937497815852,143937497821052
"MEMORY_COPY","MEMORY_COPY_HOST_TO_DEVICE",1,"Agent 0","Agent 2",93846,143937498055694,143937498062174
"MEMORY_COPY","MEMORY_COPY_DEVICE_TO_HOST",1,"Agent 2","Agent 0",93940,143937499484032,143937499489192
"MEMORY_COPY","MEMORY_COPY_DEVICE_TO_HOST",1,"Agent 2","Agent 0",93948,143937499630932,143937499636092
"MEMORY_COPY","MEMORY_COPY_HOST_TO_DEVICE",1,"Agent 0","Agent 2",93952,143937499869114,143937499875674
"MEMORY_COPY","MEMORY_COPY_DEVICE_TO_HOST",1,"Agent 2","Agent 0",94008,143937500739828,143937500744548
"MEMORY_COPY","MEMORY_COPY_DEVICE_TO_HOST",1,"Agent 2","Agent 0",94016,143937500876039,143937500880799
"MEMORY_COPY","MEMORY_COPY_DEVICE_TO_HOST",1,"Agent 2","Agent 0",94108,143937501988915,143937501993195
"MEMORY_COPY","MEMORY_COPY_DEVICE_TO_HOST",1,"Agent 2","Agent 0",94116,143937502108956,143937502113236
"MEMORY_COPY","MEMORY_COPY_HOST_TO_DEVICE",1,"Agent 0","Agent 2",94120,143937502293967,143937502299327
"MEMORY_COPY","MEMORY_COPY_DEVICE_TO_HOST",1,"Agent 2","Agent 0",94244,143937504006556,143937504010837
"MEMORY_COPY","MEMORY_COPY_DEVICE_TO_HOST",1,"Agent 2","Agent 0",94252,143937504146827,143937504151107
"MEMORY_COPY","MEMORY_COPY_HOST_TO_DEVICE",1,"Agent 0","Agent 2",94256,143937504341018,143937504346498
"MEMORY_COPY","MEMORY_COPY_DEVICE_TO_HOST",1,"Agent 2","Agent 0",94380,143937505875717,143937505879957
"MEMORY_COPY","MEMORY_COPY_DEVICE_TO_HOST",1,"Agent 2","Agent 0",94388,143937505988787,143937505993027
"MEMORY_COPY","MEMORY_COPY_HOST_TO_DEVICE",1,"Agent 0","Agent 2",94392,143937506189369,143937506194569
"MEMORY_COPY","MEMORY_COPY_DEVICE_TO_HOST",1,"Agent 2","Agent 0",94516,143937507892598,143937507896878
"MEMORY_COPY","MEMORY_COPY_DEVICE_TO_HOST",1,"Agent 2","Agent 0",94524,143937508001349,143937508005589
"MEMORY_COPY","MEMORY_COPY_HOST_TO_DEVICE",1,"Agent 0","Agent 2",94528,143937508182880,143937508188160
"MEMORY_COPY","MEMORY_COPY_DEVICE_TO_HOST",1,"Agent 2","Agent 0",94650,143937509883219,143937509887499
"MEMORY_COPY","MEMORY_COPY_DEVICE_TO_HOST",1,"Agent 2","Agent 0",94658,143937509996020,143937510000300
"MEMORY_COPY","MEMORY_COPY_HOST_TO_DEVICE",1,"Agent 0","Agent 2",94662,143937510178201,143937510183401
"MEMORY_COPY","MEMORY_COPY_DEVICE_TO_HOST",1,"Agent 2","Agent 0",94786,143937511688839,143937511693079
"MEMORY_COPY","MEMORY_COPY_DEVICE_TO_HOST",1,"Agent 2","Agent 0",94794,143937511802360,143937511806600
"MEMORY_COPY","MEMORY_COPY_HOST_TO_DEVICE",1,"Agent 0","Agent 2",94798,143937511963800,143937511969080
"MEMORY_COPY","MEMORY_COPY_DEVICE_TO_HOST",1,"Agent 2","Agent 0",94922,143937513595799,143937513600040
"MEMORY_COPY","MEMORY_COPY_DEVICE_TO_HOST",1,"Agent 2","Agent 0",94930,143937513709650,143937513713890
"MEMORY_COPY","MEMORY_COPY_HOST_TO_DEVICE",1,"Agent 0","Agent 2",94934,143937513862351,143937513867751
"MEMORY_COPY","MEMORY_COPY_DEVICE_TO_HOST",1,"Agent 2","Agent 0",95058,143937515391169,143937515395449
"MEMORY_COPY","MEMORY_COPY_DEVICE_TO_HOST",1,"Agent 2","Agent 0",95066,143937515506190,143937515510430
"MEMORY_COPY","MEMORY_COPY_HOST_TO_DEVICE",1,"Agent 0","Agent 2",95070,143937515659291,143937515664571
"MEMORY_COPY","MEMORY_COPY_DEVICE_TO_HOST",1,"Agent 2","Agent 0",95194,143937517216269,143937517220510
"MEMORY_COPY","MEMORY_COPY_DEVICE_TO_HOST",1,"Agent 2","Agent 0",95202,143937517440541,143937517444741
"MEMORY_COPY","MEMORY_COPY_HOST_TO_DEVICE",1,"Agent 0","Agent 2",95206,143937517607652,143937517612932
"MEMORY_COPY","MEMORY_COPY_DEVICE_TO_HOST",1,"Agent 2","Agent 0",95328,143937519295731,143937519300011
"MEMORY_COPY","MEMORY_COPY_DEVICE_TO_HOST",1,"Agent 2","Agent 0",95336,143937519407752,143937519412072
"MEMORY_COPY","MEMORY_COPY_HOST_TO_DEVICE",1,"Agent 0","Agent 2",95340,143937519557232,143937519562512
"MEMORY_COPY","MEMORY_COPY_DEVICE_TO_HOST",1,"Agent 2","Agent 0",95464,143937521072321,143937521076601
"MEMORY_COPY","MEMORY_COPY_DEVICE_TO_HOST",1,"Agent 2","Agent 0",95472,143937521187121,143937521191361
"MEMORY_COPY","MEMORY_COPY_HOST_TO_DEVICE",1,"Agent 0","Agent 2",95476,143937521359992,143937521365192
"MEMORY_COPY","MEMORY_COPY_DEVICE_TO_HOST",1,"Agent 2","Agent 0",95600,143937522987691,143937522991931
"MEMORY_COPY","MEMORY_COPY_DEVICE_TO_HOST",1,"Agent 2","Agent 0",95608,143937523136232,143937523140512
"MEMORY_COPY","MEMORY_COPY_HOST_TO_DEVICE",1,"Agent 0","Agent 2",95612,143937523309963,143937523315403
"MEMORY_COPY","MEMORY_COPY_DEVICE_TO_HOST",1,"Agent 2","Agent 0",95736,143937524828972,143937524833212
"MEMORY_COPY","MEMORY_COPY_DEVICE_TO_HOST",1,"Agent 2","Agent 0",95744,143937524940712,143937524944992
"MEMORY_COPY","MEMORY_COPY_HOST_TO_DEVICE",1,"Agent 0","Agent 2",95748,143937525126903,143937525132143
"MEMORY_COPY","MEMORY_COPY_DEVICE_TO_HOST",1,"Agent 2","Agent 0",95872,143937526636022,143937526640262
"MEMORY_COPY","MEMORY_COPY_DEVICE_TO_HOST",1,"Agent 2","Agent 0",95880,143937526745362,143937526749602
"MEMORY_COPY","MEMORY_COPY_HOST_TO_DEVICE",1,"Agent 0","Agent 2",95884,143937526883243,143937526888523
"MEMORY_COPY","MEMORY_COPY_DEVICE_TO_HOST",1,"Agent 2","Agent 0",96006,143937528755353,143937528759633
"MEMORY_COPY","MEMORY_COPY_DEVICE_TO_HOST",1,"Agent 2","Agent 0",96014,143937528868104,143937528872384
"MEMORY_COPY","MEMORY_COPY_HOST_TO_DEVICE",1,"Agent 0","Agent 2",96018,143937529052275,143937529057435
"MEMORY_COPY","MEMORY_COPY_DEVICE_TO_HOST",1,"Agent 2","Agent 0",96112,143937530292892,143937530298052
"MEMORY_COPY","MEMORY_COPY_DEVICE_TO_HOST",1,"Agent 2","Agent 0",96120,143937530441513,143937530446833
"MEMORY_COPY","MEMORY_COPY_HOST_TO_DEVICE",1,"Agent 0","Agent 2",96124,143937530756924,143937530763404
"MEMORY_COPY","MEMORY_COPY_DEVICE_TO_HOST",1,"Agent 2","Agent 0",96218,143937532047951,143937532053111
"MEMORY_COPY","MEMORY_COPY_DEVICE_TO_HOST",1,"Agent 2","Agent 0",96226,143937532197252,143937532202452
"MEMORY_COPY","MEMORY_COPY_HOST_TO_DEVICE",1,"Agent 0","Agent 2",96230,143937532503004,143937532509444
"MEMORY_COPY","MEMORY_COPY_DEVICE_TO_HOST",1,"Agent 2","Agent 0",96324,143937533955742,143937533961062
"MEMORY_COPY","MEMORY_COPY_DEVICE_TO_HOST",1,"Agent 2","Agent 0",96332,143937534102983,143937534108223
"MEMORY_COPY","MEMORY_COPY_HOST_TO_DEVICE",1,"Agent 0","Agent 2",96336,143937534397094,143937534403814
"MEMORY_COPY","MEMORY_COPY_DEVICE_TO_HOST",1,"Agent 2","Agent 0",96430,143937535761482,143937535766722
"MEMORY_COPY","MEMORY_COPY_DEVICE_TO_HOST",1,"Agent 2","Agent 0",96438,143937535909243,143937535914363
"MEMORY_COPY","MEMORY_COPY_HOST_TO_DEVICE",1,"Agent 0","Agent 2",96442,143937536223455,143937536229935
"MEMORY_COPY","MEMORY_COPY_DEVICE_TO_HOST",1,"Agent 2","Agent 0",96536,143937537703033,143937537708233
"MEMORY_COPY","MEMORY_COPY_DEVICE_TO_HOST",1,"Agent 2","Agent 0",96544,143937537848863,143937537854144
"MEMORY_COPY","MEMORY_COPY_HOST_TO_DEVICE",1,"Agent 0","Agent 2",96548,143937538158415,143937538164935
"MEMORY_COPY","MEMORY_COPY_DEVICE_TO_HOST",1,"Agent 2","Agent 0",96642,143937539628267,143937539633507
"MEMORY_COPY","MEMORY_COPY_DEVICE_TO_HOST",1,"Agent 2","Agent 0",96650,143937539774667,143937539779827
"MEMORY_COPY","MEMORY_COPY_HOST_TO_DEVICE",1,"Agent 0","Agent 2",96654,143937540091069,143937540097509
"MEMORY_COPY","MEMORY_COPY_DEVICE_TO_HOST",1,"Agent 2","Agent 0",96748,143937541425237,143937541430477
"MEMORY_COPY","MEMORY_COPY_DEVICE_TO_HOST",1,"Agent 2","Agent 0",96756,143937541568087,143937541573607
"MEMORY_COPY","MEMORY_COPY_HOST_TO_DEVICE",1,"Agent 0","Agent 2",96760,143937541848999,143937541855559
"MEMORY_COPY","MEMORY_COPY_DEVICE_TO_HOST",1,"Agent 2","Agent 0",96854,143937543167726,143937543172926
"MEMORY_COPY","MEMORY_COPY_DEVICE_TO_HOST",1,"Agent 2","Agent 0",96862,143937543314167,143937543319327
"MEMORY_COPY","MEMORY_COPY_HOST_TO_DEVICE",1,"Agent 0","Agent 2",96866,143937543593659,143937543600179
"MEMORY_COPY","MEMORY_COPY_DEVICE_TO_HOST",1,"Agent 2","Agent 0",96960,143937545050897,143937545056057
"MEMORY_COPY","MEMORY_COPY_DEVICE_TO_HOST",1,"Agent 2","Agent 0",96968,143937545202247,143937545207527
"MEMORY_COPY","MEMORY_COPY_HOST_TO_DEVICE",1,"Agent 0","Agent 2",96972,143937545519069,143937545525589
"MEMORY_COPY","MEMORY_COPY_DEVICE_TO_HOST",1,"Agent 2","Agent 0",97066,143937546991577,143937546996697
"MEMORY_COPY","MEMORY_COPY_DEVICE_TO_HOST",1,"Agent 2","Agent 0",97074,143937547173408,143937547178528
"MEMORY_COPY","MEMORY_COPY_HOST_TO_DEVICE",1,"Agent 0","Agent 2",97078,143937547477030,143937547483710
"MEMORY_COPY","MEMORY_COPY_DEVICE_TO_HOST",1,"Agent 2","Agent 0",97172,143937548777737,143937548782777
"MEMORY_COPY","MEMORY_COPY_DEVICE_TO_HOST",1,"Agent 2","Agent 0",97180,143937548925088,143937548930248
"MEMORY_COPY","MEMORY_COPY_HOST_TO_DEVICE",1,"Agent 0","Agent 2",97184,143937549240560,143937549247040
"MEMORY_COPY","MEMORY_COPY_DEVICE_TO_HOST",1,"Agent 2","Agent 0",97278,143937550525107,143937550530227
"MEMORY_COPY","MEMORY_COPY_DEVICE_TO_HOST",1,"Agent 2","Agent 0",97286,143937550672138,143937550677378
"MEMORY_COPY","MEMORY_COPY_HOST_TO_DEVICE",1,"Agent 0","Agent 2",97290,143937550965509,143937550971949
"MEMORY_COPY","MEMORY_COPY_DEVICE_TO_HOST",1,"Agent 2","Agent 0",97384,143937552448888,143937552454008
"MEMORY_COPY","MEMORY_COPY_DEVICE_TO_HOST",1,"Agent 2","Agent 0",97392,143937552595658,143937552600818
"MEMORY_COPY","MEMORY_COPY_HOST_TO_DEVICE",1,"Agent 0","Agent 2",97396,143937552882710,143937552889150
"MEMORY_COPY","MEMORY_COPY_DEVICE_TO_HOST",1,"Agent 2","Agent 0",97490,143937554273138,143937554278338
"MEMORY_COPY","MEMORY_COPY_DEVICE_TO_HOST",1,"Agent 2","Agent 0",97498,143937554420428,143937554425548
"MEMORY_COPY","MEMORY_COPY_HOST_TO_DEVICE",1,"Agent 0","Agent 2",97502,143937554699700,143937554706220
"MEMORY_COPY","MEMORY_COPY_DEVICE_TO_HOST",1,"Agent 2","Agent 0",97596,143937556194048,143937556199208
"MEMORY_COPY","MEMORY_COPY_DEVICE_TO_HOST",1,"Agent 2","Agent 0",97604,143937556342299,143937556347499
"MEMORY_COPY","MEMORY_COPY_HOST_TO_DEVICE",1,"Agent 0","Agent 2",97608,143937556611581,143937556618101
"MEMORY_COPY","MEMORY_COPY_DEVICE_TO_HOST",1,"Agent 2","Agent 0",97702,143937558088209,143937558093369
"MEMORY_COPY","MEMORY_COPY_DEVICE_TO_HOST",1,"Agent 2","Agent 0",97710,143937558236880,143937558242000
"MEMORY_COPY","MEMORY_COPY_HOST_TO_DEVICE",1,"Agent 0","Agent 2",97714,143937558512261,143937558518781
"MEMORY_COPY","MEMORY_COPY_DEVICE_TO_HOST",1,"Agent 2","Agent 0",97808,143937559823878,143937559828998
"MEMORY_COPY","MEMORY_COPY_DEVICE_TO_HOST",1,"Agent 2","Agent 0",97816,143937559969969,143937559975129
"MEMORY_COPY","MEMORY_COPY_HOST_TO_DEVICE",1,"Agent 0","Agent 2",97820,143937560243201,143937560250081
"MEMORY_COPY","MEMORY_COPY_DEVICE_TO_HOST",1,"Agent 2","Agent 0",97914,143937561569638,143937561574838
"MEMORY_COPY","MEMORY_COPY_DEVICE_TO_HOST",1,"Agent 2","Agent 0",97922,143937561722689,143937561727849
"MEMORY_COPY","MEMORY_COPY_HOST_TO_DEVICE",1,"Agent 0","Agent 2",97926,143937562105381,143937562111821
"MEMORY_COPY","MEMORY_COPY_DEVICE_TO_HOST",1,"Agent 2","Agent 0",98020,143937563596849,143937563602729
"MEMORY_COPY","MEMORY_COPY_DEVICE_TO_HOST",1,"Agent 2","Agent 0",98028,143937563744030,143937563749270
"MEMORY_COPY","MEMORY_COPY_HOST_TO_DEVICE",1,"Agent 0","Agent 2",98032,143937563991151,143937563997591
"MEMORY_COPY","MEMORY_COPY_DEVICE_TO_HOST",1,"Agent 2","Agent 0",98126,143937565462759,143937565468080
"MEMORY_COPY","MEMORY_COPY_DEVICE_TO_HOST",1,"Agent 2","Agent 0",98134,143937565609110,143937565614310
"MEMORY_COPY","MEMORY_COPY_HOST_TO_DEVICE",1,"Agent 0","Agent 2",98138,143937565872492,143937565878972
"MEMORY_COPY","MEMORY_COPY_DEVICE_TO_HOST",1,"Agent 2","Agent 0",98194,143937566687866,143937566692666
"MEMORY_COPY","MEMORY_COPY_DEVICE_TO_HOST",1,"Agent 2","Agent 0",98202,143937566819827,143937566824547
"MEMORY_COPY","MEMORY_COPY_DEVICE_TO_HOST",1,"Agent 2","Agent 0",98294,143937568208825,143937568213065
"MEMORY_COPY","MEMORY_COPY_DEVICE_TO_HOST",1,"Agent 2","Agent 0",98302,143937568320825,143937568325105
"MEMORY_COPY","MEMORY_COPY_HOST_TO_DEVICE",1,"Agent 0","Agent 2",98306,143937568488166,143937568493486
"MEMORY_COPY","MEMORY_COPY_DEVICE_TO_HOST",1,"Agent 2","Agent 0",98430,143937570191446,143937570195726
"MEMORY_COPY","MEMORY_COPY_DEVICE_TO_HOST",1,"Agent 2","Agent 0",98438,143937570304316,143937570308556
"MEMORY_COPY","MEMORY_COPY_HOST_TO_DEVICE",1,"Agent 0","Agent 2",98442,143937570473677,143937570478877
"MEMORY_COPY","MEMORY_COPY_DEVICE_TO_HOST",1,"Agent 2","Agent 0",98566,143937572049256,143937572053536
"MEMORY_COPY","MEMORY_COPY_DEVICE_TO_HOST",1,"Agent 2","Agent 0",98574,143937572163377,143937572167657
"MEMORY_COPY","MEMORY_COPY_HOST_TO_DEVICE",1,"Agent 0","Agent 2",98578,143937572355778,143937572360978
"MEMORY_COPY","MEMORY_COPY_DEVICE_TO_HOST",1,"Agent 2","Agent 0",98702,143937573965787,143937573970067
"MEMORY_COPY","MEMORY_COPY_DEVICE_TO_HOST",1,"Agent 2","Agent 0",98710,143937574130837,143937574135077
"MEMORY_COPY","MEMORY_COPY_HOST_TO_DEVICE",1,"Agent 0","Agent 2",98714,143937574306878,143937574312078
"MEMORY_COPY","MEMORY_COPY_DEVICE_TO_HOST",1,"Agent 2","Agent 0",98836,143937576056578,143937576060898
"MEMORY_COPY","MEMORY_COPY_DEVICE_TO_HOST",1,"Agent 2","Agent 0",98844,143937576170899,143937576175139
"MEMORY_COPY","MEMORY_COPY_HOST_TO_DEVICE",1,"Agent 0","Agent 2",98848,143937576362450,143937576367890
"MEMORY_COPY","MEMORY_COPY_DEVICE_TO_HOST",1,"Agent 2","Agent 0",98972,143937577854638,143937577858998
"MEMORY_COPY","MEMORY_COPY_DEVICE_TO_HOST",1,"Agent 2","Agent 0",98980,143937577966099,143937577970339
"MEMORY_COPY","MEMORY_COPY_HOST_TO_DEVICE",1,"Agent 0","Agent 2",98984,143937578184980,143937578190220
"MEMORY_COPY","MEMORY_COPY_DEVICE_TO_HOST",1,"Agent 2","Agent 0",99108,143937579843999,143937579848279
"MEMORY_COPY","MEMORY_COPY_DEVICE_TO_HOST",1,"Agent 2","Agent 0",99116,143937579956020,143937579960260
"MEMORY_COPY","MEMORY_COPY_HOST_TO_DEVICE",1,"Agent 0","Agent 2",99120,143937580154451,143937580159651
"MEMORY_COPY","MEMORY_COPY_DEVICE_TO_HOST",1,"Agent 2","Agent 0",99244,143937581757200,143937581761440
"MEMORY_COPY","MEMORY_COPY_DEVICE_TO_HOST",1,"Agent 2","Agent 0",99252,143937581869430,143937581873670
"MEMORY_COPY","MEMORY_COPY_HOST_TO_DEVICE",1,"Agent 0","Agent 2",99256,143937582059231,143937582064431
"MEMORY_COPY","MEMORY_COPY_DEVICE_TO_HOST",1,"Agent 2","Agent 0",99380,143937583569470,143937583573750
"MEMORY_COPY","MEMORY_COPY_DEVICE_TO_HOST",1,"Agent 2","Agent 0",99388,143937583680510,143937583684750
"MEMORY_COPY","MEMORY_COPY_HOST_TO_DEVICE",1,"Agent 0","Agent 2",99392,143937583832341,143937583837541
"MEMORY_COPY","MEMORY_COPY_DEVICE_TO_HOST",1,"Agent 2","Agent 0",99514,143937585746772,143937585751052
"MEMORY_COPY","MEMORY_COPY_DEVICE_TO_HOST",1,"Agent 2","Agent 0",99522,143937585859012,143937585863292
"MEMORY_COPY","MEMORY_COPY_HOST_TO_DEVICE",1,"Agent 0","Agent 2",99526,143937586055653,143937586061133
"MEMORY_COPY","MEMORY_COPY_DEVICE_TO_HOST",1,"Agent 2","Agent 0",99650,143937587633332,143937587637612
"MEMORY_COPY","MEMORY_COPY_DEVICE_TO_HOST",1,"Agent 2","Agent 0",99658,143937587743803,143937587748083
"MEMORY_COPY","MEMORY_COPY_HOST_TO_DEVICE",1,"Agent 0","Agent 2",99662,143937587898184,143937587903384
"MEMORY_COPY","MEMORY_COPY_DEVICE_TO_HOST",1,"Agent 2","Agent 0",99786,143937589596633,143937589600873
"MEMORY_COPY","MEMORY_COPY_DEVICE_TO_HOST",1,"Agent 2","Agent 0",99794,143937589761234,143937589765954
"MEMORY_COPY","MEMORY_COPY_HOST_TO_DEVICE",1,"Agent 0","Agent 2",99798,143937589914635,143937589919795
"MEMORY_COPY","MEMORY_COPY_DEVICE_TO_HOST",1,"Agent 2","Agent 0",99922,143937591466973,143937591471293
"MEMORY_COPY","MEMORY_COPY_DEVICE_TO_HOST",1,"Agent 2","Agent 0",99930,143937591579624,143937591583904
"MEMORY_COPY","MEMORY_COPY_HOST_TO_DEVICE",1,"Agent 0","Agent 2",99934,143937591730885,143937591736045
"MEMORY_COPY","MEMORY_COPY_DEVICE_TO_HOST",1,"Agent 2","Agent 0",100058,143937593291093,143937593295333
"MEMORY_COPY","MEMORY_COPY_DEVICE_TO_HOST",1,"Agent 2","Agent 0",100066,143937593403854,143937593408134
"MEMORY_COPY","MEMORY_COPY_HOST_TO_DEVICE",1,"Agent 0","Agent 2",100070,143937593555365,143937593560565
"MEMORY_COPY","MEMORY_COPY_DEVICE_TO_HOST",1,"Agent 2","Agent 0",100192,143937595561736,143937595566416
"MEMORY_COPY","MEMORY_COPY_DEVICE_TO_HOST",1,"Agent 2","Agent 0",100200,143937595675377,143937595679697
"MEMORY_COPY","MEMORY_COPY_HOST_TO_DEVICE",1,"Agent 0","Agent 2",100204,143937595828887,143937595834088
"MEMORY_COPY","MEMORY_COPY_DEVICE_TO_HOST",1,"Agent 2","Agent 0",100298,143937597097815,143937597103015
"MEMORY_COPY","MEMORY_COPY_DEVICE_TO_HOST",1,"Agent 2","Agent 0",100306,143937597250075,143937597255235
"MEMORY_COPY","MEMORY_COPY_HOST_TO_DEVICE",1,"Agent 0","Agent 2",100310,143937597563417,143937597569977
"MEMORY_COPY","MEMORY_COPY_DEVICE_TO_HOST",1,"Agent 2","Agent 0",100404,143937598854914,143937598860074
"MEMORY_COPY","MEMORY_COPY_DEVICE_TO_HOST",1,"Agent 2","Agent 0",100412,143937598999885,143937599005125
"MEMORY_COPY","MEMORY_COPY_HOST_TO_DEVICE",1,"Agent 0","Agent 2",100416,143937599268007,143937599274487
"MEMORY_COPY","MEMORY_COPY_DEVICE_TO_HOST",1,"Agent 2","Agent 0",100510,143937600752045,143937600757245
"MEMORY_COPY","MEMORY_COPY_DEVICE_TO_HOST",1,"Agent 2","Agent 0",100518,143937600900386,143937600905586
"MEMORY_COPY","MEMORY_COPY_HOST_TO_DEVICE",1,"Agent 0","Agent 2",100522,143937601216607,143937601223087
"MEMORY_COPY","MEMORY_COPY_DEVICE_TO_HOST",1,"Agent 2","Agent 0",100616,143937602520577,143937602525737
"MEMORY_COPY","MEMORY_COPY_DEVICE_TO_HOST",1,"Agent 2","Agent 0",100624,143937602668938,143937602674138
"MEMORY_COPY","MEMORY_COPY_HOST_TO_DEVICE",1,"Agent 0","Agent 2",100628,143937602943740,143937602950220
"MEMORY_COPY","MEMORY_COPY_DEVICE_TO_HOST",1,"Agent 2","Agent 0",100722,143937604459488,143937604464688
"MEMORY_COPY","MEMORY_COPY_DEVICE_TO_HOST",1,"Agent 2","Agent 0",100730,143937604607839,143937604612959
"MEMORY_COPY","MEMORY_COPY_HOST_TO_DEVICE",1,"Agent 0","Agent 2",100734,143937604883360,143937604889800
"MEMORY_COPY","MEMORY_COPY_DEVICE_TO_HOST",1,"Agent 2","Agent 0",100828,143937606330348,143937606335468
"MEMORY_COPY","MEMORY_COPY_DEVICE_TO_HOST",1,"Agent 2","Agent 0",100836,143937606477149,143937606482309
"MEMORY_COPY","MEMORY_COPY_HOST_TO_DEVICE",1,"Agent 0","Agent 2",100840,143937606754941,143937606761421
"MEMORY_COPY","MEMORY_COPY_DEVICE_TO_HOST",1,"Agent 2","Agent 0",100934,143937608048048,143937608053288
"MEMORY_COPY","MEMORY_COPY_DEVICE_TO_HOST",1,"Agent 2","Agent 0",100942,143937608197029,143937608202149
"MEMORY_COPY","MEMORY_COPY_HOST_TO_DEVICE",1,"Agent 0","Agent 2",100946,143937608494100,143937608500620
"MEMORY_COPY","MEMORY_COPY_DEVICE_TO_HOST",1,"Agent 2","Agent 0",101040,143937609825588,143937609830748
"MEMORY_COPY","MEMORY_COPY_DEVICE_TO_HOST",1,"Agent 2","Agent 0",101048,143937609972129,143937609977249
"MEMORY_COPY","MEMORY_COPY_HOST_TO_DEVICE",1,"Agent 0","Agent 2",101052,143937610307990,143937610314470
"MEMORY_COPY","MEMORY_COPY_DEVICE_TO_HOST",1,"Agent 2","Agent 0",101146,143937611619918,143937611625158
"MEMORY_COPY","MEMORY_COPY_DEVICE_TO_HOST",1,"Agent 2","Agent 0",101154,143937611911799,143937611917039
"MEMORY_COPY","MEMORY_COPY_HOST_TO_DEVICE",1,"Agent 0","Agent 2",101158,143937612246721,143937612253201
"MEMORY_COPY","MEMORY_COPY_DEVICE_TO_HOST",1,"Agent 2","Agent 0",101252,143937613770810,143937613775970
"MEMORY_COPY","MEMORY_COPY_DEVICE_TO_HOST",1,"Agent 2","Agent 0",101260,143937613917460,143937613922540
"MEMORY_COPY","MEMORY_COPY_HOST_TO_DEVICE",1,"Agent 0","Agent 2",101264,143937614210562,143937614217082
"MEMORY_COPY","MEMORY_COPY_DEVICE_TO_HOST",1,"Agent 2","Agent 0",101358,143937615481789,143937615486949
"MEMORY_COPY","MEMORY_COPY_DEVICE_TO_HOST",1,"Agent 2","Agent 0",101366,143937615631410,143937615636570
"MEMORY_COPY","MEMORY_COPY_HOST_TO_DEVICE",1,"Agent 0","Agent 2",101370,143937615940082,143937615946522
"MEMORY_COPY","MEMORY_COPY_DEVICE_TO_HOST",1,"Agent 2","Agent 0",101464,143937617249239,143937617254399
"MEMORY_COPY","MEMORY_COPY_DEVICE_TO_HOST",1,"Agent 2","Agent 0",101472,143937617421180,143937617426300
"MEMORY_COPY","MEMORY_COPY_HOST_TO_DEVICE",1,"Agent 0","Agent 2",101476,143937617721431,143937617728031
"MEMORY_COPY","MEMORY_COPY_DEVICE_TO_HOST",1,"Agent 2","Agent 0",101570,143937619217720,143937619222880
"MEMORY_COPY","MEMORY_COPY_DEVICE_TO_HOST",1,"Agent 2","Agent 0",101578,143937619365310,143937619370590
"MEMORY_COPY","MEMORY_COPY_HOST_TO_DEVICE",1,"Agent 0","Agent 2",101582,143937619662942,143937619669422
"MEMORY_COPY","MEMORY_COPY_DEVICE_TO_HOST",1,"Agent 2","Agent 0",101676,143937620984229,143937620989469
"MEMORY_COPY","MEMORY_COPY_DEVICE_TO_HOST",1,"Agent 2","Agent 0",101684,143937621164380,143937621169580
"MEMORY_COPY","MEMORY_COPY_HOST_TO_DEVICE",1,"Agent 0","Agent 2",101688,143937621470592,143937621477352
"MEMORY_COPY","MEMORY_COPY_DEVICE_TO_HOST",1,"Agent 2","Agent 0",101782,143937623046281,143937623051481
"MEMORY_COPY","MEMORY_COPY_DEVICE_TO_HOST",1,"Agent 2","Agent 0",101790,143937623195012,143937623200172
"MEMORY_COPY","MEMORY_COPY_HOST_TO_DEVICE",1,"Agent 0","Agent 2",101794,143937623492543,143937623499223
"MEMORY_COPY","MEMORY_COPY_DEVICE_TO_HOST",1,"Agent 2","Agent 0",101888,143937624955481,143937624960641
"MEMORY_COPY","MEMORY_COPY_DEVICE_TO_HOST",1,"Agent 2","Agent 0",101896,143937625103522,143937625108682
"MEMORY_COPY","MEMORY_COPY_HOST_TO_DEVICE",1,"Agent 0","Agent 2",101900,143937625394124,143937625400644
"MEMORY_COPY","MEMORY_COPY_DEVICE_TO_HOST",1,"Agent 2","Agent 0",101994,143937626669941,143937626675181
"MEMORY_COPY","MEMORY_COPY_DEVICE_TO_HOST",1,"Agent 2","Agent 0",102002,143937626816652,143937626821812
"MEMORY_COPY","MEMORY_COPY_HOST_TO_DEVICE",1,"Agent 0","Agent 2",102006,143937627113003,143937627119443
"MEMORY_COPY","MEMORY_COPY_DEVICE_TO_HOST",1,"Agent 2","Agent 0",102100,143937628415460,143937628420621
"MEMORY_COPY","MEMORY_COPY_DEVICE_TO_HOST",1,"Agent 2","Agent 0",102108,143937628562811,143937628567971
"MEMORY_COPY","MEMORY_COPY_HOST_TO_DEVICE",1,"Agent 0","Agent 2",102112,143937628810963,143937628817443
"MEMORY_COPY","MEMORY_COPY_DEVICE_TO_HOST",1,"Agent 2","Agent 0",102206,143937630299951,143937630305111
"MEMORY_COPY","MEMORY_COPY_DEVICE_TO_HOST",1,"Agent 2","Agent 0",102214,143937630449212,143937630454492
"MEMORY_COPY","MEMORY_COPY_HOST_TO_DEVICE",1,"Agent 0","Agent 2",102218,143937630704493,143937630710973
"MEMORY_COPY","MEMORY_COPY_DEVICE_TO_HOST",1,"Agent 2","Agent 0",102312,143937632271632,143937632276792
"MEMORY_COPY","MEMORY_COPY_DEVICE_TO_HOST",1,"Agent 2","Agent 0",102320,143937632418303,143937632423463
"MEMORY_COPY","MEMORY_COPY_HOST_TO_DEVICE",1,"Agent 0","Agent 2",102324,143937632704664,143937632711384
"MEMORY_COPY","MEMORY_COPY_DEVICE_TO_HOST",1,"Agent 2","Agent 0",102380,143937633511919,143937633516599
"MEMORY_COPY","MEMORY_COPY_DEVICE_TO_HOST",1,"Agent 2","Agent 0",102388,143937633646059,143937633650699
"MEMORY_COPY","MEMORY_COPY_DEVICE_TO_HOST",1,"Agent 2","Agent 0",102480,143937634756066,143937634760346
"MEMORY_COPY","MEMORY_COPY_DEVICE_TO_HOST",1,"Agent 2","Agent 0",102488,143937634867576,143937634871856
"MEMORY_COPY","MEMORY_COPY_HOST_TO_DEVICE",1,"Agent 0","Agent 2",102492,143937635071137,143937635076457
"MEMORY_COPY","MEMORY_COPY_DEVICE_TO_HOST",1,"Agent 2","Agent 0",102616,143937636770047,143937636774727
"MEMORY_COPY","MEMORY_COPY_DEVICE_TO_HOST",1,"Agent 2","Agent 0",102624,143937636884797,143937636889077
"MEMORY_COPY","MEMORY_COPY_HOST_TO_DEVICE",1,"Agent 0","Agent 2",102628,143937637097428,143937637102628
"MEMORY_COPY","MEMORY_COPY_DEVICE_TO_HOST",1,"Agent 2","Agent 0",102752,143937638599847,143937638604087
"MEMORY_COPY","MEMORY_COPY_DEVICE_TO_HOST",1,"Agent 2","Agent 0",102760,143937638739918,143937638744238
"MEMORY_COPY","MEMORY_COPY_HOST_TO_DEVICE",1,"Agent 0","Agent 2",102764,143937638906708,143937638911948
"MEMORY_COPY","MEMORY_COPY_DEVICE_TO_HOST",1,"Agent 2","Agent 0",102888,143937640473777,143937640478057
"MEMORY_COPY","MEMORY_COPY_DEVICE_TO_HOST",1,"Agent 2","Agent 0",102896,143937640587368,143937640591648
"MEMORY_COPY","MEMORY_COPY_HOST_TO_DEVICE",1,"Agent 0","Agent 2",102900,143937640740249,143937640745489
"MEMORY_COPY","MEMORY_COPY_DEVICE_TO_HOST",1,"Agent 2","Agent 0",103022,143937642715910,143937642720550
"MEMORY_COPY","MEMORY_COPY_DEVICE_TO_HOST",1,"Agent 2","Agent 0",103030,143937642829440,143937642833720
"MEMORY_COPY","MEMORY_COPY_HOST_TO_DEVICE",1,"Agent 0","Agent 2",103034,143937642996471,143937643001671
"MEMORY_COPY","MEMORY_COPY_DEVICE_TO_HOST",1,"Agent 2","Agent 0",103158,143937644541630,143937644545950
"MEMORY_COPY","MEMORY_COPY_DEVICE_TO_HOST",1,"Agent 2","Agent 0",103166,143937644654230,143937644658510
"MEMORY_COPY","MEMORY_COPY_HOST_TO_DEVICE",1,"Agent 0","Agent 2",103170,143937644821981,143937644827261
"MEMORY_COPY","MEMORY_COPY_DEVICE_TO_HOST",1,"Agent 2","Agent 0",103294,143937646498750,143937646502990
"MEMORY_COPY","MEMORY_COPY_DEVICE_TO_HOST",1,"Agent 2","Agent 0",103302,143937646609461,143937646613741
"MEMORY_COPY","MEMORY_COPY_HOST_TO_DEVICE",1,"Agent 0","Agent 2",103306,143937646791452,143937646796692
"MEMORY_COPY","MEMORY_COPY_DEVICE_TO_HOST",1,"Agent 2","Agent 0",103430,143937648290490,143937648294930
"MEMORY_COPY","MEMORY_COPY_DEVICE_TO_HOST",1,"Agent 2","Agent 0",103438,143937648402251,143937648406491
"MEMORY_COPY","MEMORY_COPY_HOST_TO_DEVICE",1,"Agent 0","Agent 2",103442,143937648558012,143937648563332
"MEMORY_COPY","MEMORY_COPY_DEVICE_TO_HOST",1,"Agent 2","Agent 0",103566,143937650065930,143937650070170
"MEMORY_COPY","MEMORY_COPY_DEVICE_TO_HOST",1,"Agent 2","Agent 0",103574,143937650177851,143937650182091
"MEMORY_COPY","MEMORY_COPY_HOST_TO_DEVICE",1,"Agent 0","Agent 2",103578,143937650350432,143937650355832
"MEMORY_COPY","MEMORY_COPY_DEVICE_TO_HOST",1,"Agent 2","Agent 0",103700,143937652318233,143937652322513
"MEMORY_COPY","MEMORY_COPY_DEVICE_TO_HOST",1,"Agent 2","Agent 0",103708,143937652432263,143937652436583
"MEMORY_COPY","MEMORY_COPY_HOST_TO_DEVICE",1,"Agent 0","Agent 2",103712,143937652586694,143937652591894
"MEMORY_COPY","MEMORY_COPY_DEVICE_TO_HOST",1,"Agent 2","Agent 0",103836,143937654096972,143937654101212
"MEMORY_COPY","MEMORY_COPY_DEVICE_TO_HOST",1,"Agent 2","Agent 0",103844,143937654224333,143937654228613
"MEMORY_COPY","MEMORY_COPY_HOST_TO_DEVICE",1,"Agent 0","Agent 2",103848,143937654399154,143937654404314
"MEMORY_COPY","MEMORY_COPY_DEVICE_TO_HOST",1,"Agent 2","Agent 0",103972,143937656072893,143937656077133
"MEMORY_COPY","MEMORY_COPY_DEVICE_TO_HOST",1,"Agent 2","Agent 0",103980,143937656201844,143937656206084
"MEMORY_COPY","MEMORY_COPY_HOST_TO_DEVICE",1,"Agent 0","Agent 2",103984,143937656374765,143937656379965
"MEMORY_COPY","MEMORY_COPY_DEVICE_TO_HOST",1,"Agent 2","Agent 0",104108,143937657873063,143937657877423
"MEMORY_COPY","MEMORY_COPY_DEVICE_TO_HOST",1,"Agent 2","Agent 0",104116,143937657986144,143937657990424
"MEMORY_COPY","MEMORY_COPY_HOST_TO_DEVICE",1,"Agent 0","Agent 2",104120,143937658141975,143937658147215
"MEMORY_COPY","MEMORY_COPY_DEVICE_TO_HOST",1,"Agent 2","Agent 0",104244,143937659650053,143937659654413
"MEMORY_COPY","MEMORY_COPY_DEVICE_TO_HOST",1,"Agent 2","Agent 0",104252,143937659761604,143937659765844
"MEMORY_COPY","MEMORY_COPY_HOST_TO_DEVICE",1,"Agent 0","Agent 2",104256,143937659912715,143937659917875
"MEMORY_COPY","MEMORY_COPY_DEVICE_TO_HOST",1,"Agent 2","Agent 0",104378,143937661887035,143937661891315
"MEMORY_COPY","MEMORY_COPY_DEVICE_TO_HOST",1,"Agent 2","Agent 0",104386,143937661997906,143937662002146
"MEMORY_COPY","MEMORY_COPY_HOST_TO_DEVICE",1,"Agent 0","Agent 2",104390,143937662184527,143937662189647
"MEMORY_COPY","MEMORY_COPY_DEVICE_TO_HOST",1,"Agent 2","Agent 0",104484,143937663417554,143937663422754
"MEMORY_COPY","MEMORY_COPY_DEVICE_TO_HOST",1,"Agent 2","Agent 0",104492,143937663564945,143937663570105
"MEMORY_COPY","MEMORY_COPY_HOST_TO_DEVICE",1,"Agent 0","Agent 2",104496,143937663881116,143937663887757
"MEMORY_COPY","MEMORY_COPY_DEVICE_TO_HOST",1,"Agent 2","Agent 0",104590,143937665194418,143937665199618
"MEMORY_COPY","MEMORY_COPY_DEVICE_TO_HOST",1,"Agent 2","Agent 0",104598,143937665340119,143937665345279
"MEMORY_COPY","MEMORY_COPY_HOST_TO_DEVICE",1,"Agent 0","Agent 2",104602,143937665634340,143937665640980
"MEMORY_COPY","MEMORY_COPY_DEVICE_TO_HOST",1,"Agent 2","Agent 0",104696,143937667092138,143937667097298
"MEMORY_COPY","MEMORY_COPY_DEVICE_TO_HOST",1,"Agent 2","Agent 0",104704,143937667239969,143937667245169
"MEMORY_COPY","MEMORY_COPY_HOST_TO_DEVICE",1,"Agent 0","Agent 2",104708,143937667547031,143937667553471
"MEMORY_COPY","MEMORY_COPY_DEVICE_TO_HOST",1,"Agent 2","Agent 0",104802,143937668848548,143937668853748
"MEMORY_COPY","MEMORY_COPY_DEVICE_TO_HOST",1,"Agent 2","Agent 0",104810,143937668995409,143937669000609
"MEMORY_COPY","MEMORY_COPY_HOST_TO_DEVICE",1,"Agent 0","Agent 2",104814,143937669331051,143937669337531
"MEMORY_COPY","MEMORY_COPY_DEVICE_TO_HOST",1,"Agent 2","Agent 0",104908,143937670974800,143937670979960
"MEMORY_COPY","MEMORY_COPY_DEVICE_TO_HOST",1,"Agent 2","Agent 0",104916,143937671152221,143937671157381
"MEMORY_COPY","MEMORY_COPY_HOST_TO_DEVICE",1,"Agent 0","Agent 2",104920,143937671444693,143937671451453
"MEMORY_COPY","MEMORY_COPY_DEVICE_TO_HOST",1,"Agent 2","Agent 0",105014,143937672932091,143937672937331
"MEMORY_COPY","MEMORY_COPY_DEVICE_TO_HOST",1,"Agent 2","Agent 0",105022,143937673080762,143937673085962
"MEMORY_COPY","MEMORY_COPY_HOST_TO_DEVICE",1,"Agent 0","Agent 2",105026,143937673384903,143937673391423
"MEMORY_COPY","MEMORY_COPY_DEVICE_TO_HOST",1,"Agent 2","Agent 0",105120,143937674757151,143937674762311
"MEMORY_COPY","MEMORY_COPY_DEVICE_TO_HOST",1,"Agent 2","Agent 0",105128,143937674903482,143937674908642
"MEMORY_COPY","MEMORY_COPY_HOST_TO_DEVICE",1,"Agent 0","Agent 2",105132,143937675211953,143937675218513
"MEMORY_COPY","MEMORY_COPY_DEVICE_TO_HOST",1,"Agent 2","Agent 0",105226,143937676572831,143937676578031
"MEMORY_COPY","MEMORY_COPY_DEVICE_TO_HOST",1,"Agent 2","Agent 0",105234,143937676718022,143937676723222
"MEMORY_COPY","MEMORY_COPY_HOST_TO_DEVICE",1,"Agent 0","Agent 2",105238,143937676996553,143937677002993
"MEMORY_COPY","MEMORY_COPY_DEVICE_TO_HOST",1,"Agent 2","Agent 0",105332,143937678367391,143937678372631
"MEMORY_COPY","MEMORY_COPY_DEVICE_TO_HOST",1,"Agent 2","Agent 0",105340,143937678517602,143937678522762
"MEMORY_COPY","MEMORY_COPY_HOST_TO_DEVICE",1,"Agent 0","Agent 2",105344,143937678816033,143937678823073
"MEMORY_COPY","MEMORY_COPY_DEVICE_TO_HOST",1,"Agent 2","Agent 0",105438,143937680602663,143937680607863
"MEMORY_COPY","MEMORY_COPY_DEVICE_TO_HOST",1,"Agent 2","Agent 0",105446,143937680749744,143937680754864
"MEMORY_COPY","MEMORY_COPY_HOST_TO_DEVICE",1,"Agent 0","Agent 2",105450,143937681070836,143937681077636
"MEMORY_COPY","MEMORY_COPY_DEVICE_TO_HOST",1,"Agent 2","Agent 0",105544,143937682346933,143937682352173
"MEMORY_COPY","MEMORY_COPY_DEVICE_TO_HOST",1,"Agent 2","Agent 0",105552,143937682493014,143937682498174
"MEMORY_COPY","MEMORY_COPY_HOST_TO_DEVICE",1,"Agent 0","Agent 2",105556,143937682780625,143937682787105
"MEMORY_COPY","MEMORY_COPY_DEVICE_TO_HOST",1,"Agent 2","Agent 0",105650,143937684048022,143937684053182
"MEMORY_COPY","MEMORY_COPY_DEVICE_TO_HOST",1,"Agent 2","Agent 0",105658,143937684196923,143937684202043
"MEMORY_COPY","MEMORY_COPY_HOST_TO_DEVICE",1,"Agent 0","Agent 2",105662,143937684517155,143937684523835
"MEMORY_COPY","MEMORY_COPY_DEVICE_TO_HOST",1,"Agent 2","Agent 0",105756,143937686050123,143937686055283
"MEMORY_COPY","MEMORY_COPY_DEVICE_TO_HOST",1,"Agent 2","Agent 0",105764,143937686197334,143937686202374
"MEMORY_COPY","MEMORY_COPY_HOST_TO_DEVICE",1,"Agent 0","Agent 2",105768,143937686508496,143937686515136
"MEMORY_COPY","MEMORY_COPY_DEVICE_TO_HOST",1,"Agent 2","Agent 0",105862,143937687846233,143937687851433
"MEMORY_COPY","MEMORY_COPY_DEVICE_TO_HOST",1,"Agent 2","Agent 0",105870,143937687992004,143937687997204
"MEMORY_COPY","MEMORY_COPY_HOST_TO_DEVICE",1,"Agent 0","Agent 2",105874,143937688330486,143937688336966
"MEMORY_COPY","MEMORY_COPY_DEVICE_TO_HOST",1,"Agent 2","Agent 0",105968,143937689927945,143937689933185
"MEMORY_COPY","MEMORY_COPY_DEVICE_TO_HOST",1,"Agent 2","Agent 0",105976,143937690076526,143937690081726
"MEMORY_COPY","MEMORY_COPY_HOST_TO_DEVICE",1,"Agent 0","Agent 2",105980,143937690362537,143937690369257
"MEMORY_COPY","MEMORY_COPY_DEVICE_TO_HOST",1,"Agent 2","Agent 0",106074,143937691780405,143937691785525
"MEMORY_COPY","MEMORY_COPY_DEVICE_TO_HOST",1,"Agent 2","Agent 0",106082,143937691928606,143937691933726
"MEMORY_COPY","MEMORY_COPY_HOST_TO_DEVICE",1,"Agent 0","Agent 2",106086,143937692213467,143937692219947
"MEMORY_COPY","MEMORY_COPY_DEVICE_TO_HOST",1,"Agent 2","Agent 0",106180,143937693535245,143937693540405
"MEMORY_COPY","MEMORY_COPY_DEVICE_TO_HOST",1,"Agent 2","Agent 0",106188,143937693680775,143937693685976
"MEMORY_COPY","MEMORY_COPY_HOST_TO_DEVICE",1,"Agent 0","Agent 2",106192,143937693936237,143937693942637
"MEMORY_COPY","MEMORY_COPY_DEVICE_TO_HOST",1,"Agent 2","Agent 0",106286,143937695235484,143937695240604
"MEMORY_COPY","MEMORY_COPY_DEVICE_TO_HOST",1,"Agent 2","Agent 0",106294,143937695384125,143937695389405
"MEMORY_COPY","MEMORY_COPY_HOST_TO_DEVICE",1,"Agent 0","Agent 2",106298,143937695609786,143937695616226
"MEMORY_COPY","MEMORY_COPY_DEVICE_TO_HOST",1,"Agent 2","Agent 0",106392,143937696907083,143937696912323
"MEMORY_COPY","MEMORY_COPY_DEVICE_TO_HOST",1,"Agent 2","Agent 0",106400,143937697054094,143937697059294
"MEMORY_COPY","MEMORY_COPY_HOST_TO_DEVICE",1,"Agent 0","Agent 2",106404,143937697471146,143937697477786
"MEMORY_COPY","MEMORY_COPY_DEVICE_TO_HOST",1,"Agent 2","Agent 0",106498,143937699146926,143937699152046
"MEMORY_COPY","MEMORY_COPY_DEVICE_TO_HOST",1,"Agent 2","Agent 0",106506,143937699294097,143937699299297
"MEMORY_COPY","MEMORY_COPY_HOST_TO_DEVICE",1,"Agent 0","Agent 2",106510,143937699549388,143937699555828
"MEMORY_COPY","MEMORY_COPY_DEVICE_TO_HOST",1,"Agent 2","Agent 0",106566,143937700352262,143937700357062
"MEMORY_COPY","MEMORY_COPY_DEVICE_TO_HOST",1,"Agent 2","Agent 0",106574,143937700484213,143937700488853
"MEMORY_COPY","MEMORY_COPY_DEVICE_TO_HOST",1,"Agent 2","Agent 0",106666,143937701626679,143937701630919
"MEMORY_COPY","MEMORY_COPY_DEVICE_TO_HOST",1,"Agent 2","Agent 0",106674,143937701738630,143937701742910
"MEMORY_COPY","MEMORY_COPY_HOST_TO_DEVICE",1,"Agent 0","Agent 2",106678,143937701906211,143937701911411
"MEMORY_COPY","MEMORY_COPY_DEVICE_TO_HOST",1,"Agent 2","Agent 0",106802,143937703577630,143937703581830
"MEMORY_COPY","MEMORY_COPY_DEVICE_TO_HOST",1,"Agent 2","Agent 0",106810,143937703690021,143937703694261
"MEMORY_COPY","MEMORY_COPY_HOST_TO_DEVICE",1,"Agent 0","Agent 2",106814,143937703858072,143937703863272
"MEMORY_COPY","MEMORY_COPY_DEVICE_TO_HOST",1,"Agent 2","Agent 0",106938,143937705390460,143937705394740
"MEMORY_COPY","MEMORY_COPY_DEVICE_TO_HOST",1,"Agent 2","Agent 0",106946,143937705503551,143937705507791
"MEMORY_COPY","MEMORY_COPY_HOST_TO_DEVICE",1,"Agent 0","Agent 2",106950,143937705674142,143937705679382
"MEMORY_COPY","MEMORY_COPY_DEVICE_TO_HOST",1,"Agent 2","Agent 0",107074,143937707162330,143937707166570
"MEMORY_COPY","MEMORY_COPY_DEVICE_TO_HOST",1,"Agent 2","Agent 0",107082,143937707274551,143937707278831
"MEMORY_COPY","MEMORY_COPY_HOST_TO_DEVICE",1,"Agent 0","Agent 2",107086,143937707425941,143937707431142
"MEMORY_COPY","MEMORY_COPY_DEVICE_TO_HOST",1,"Agent 2","Agent 0",107208,143937709481623,143937709485903
"MEMORY_COPY","MEMORY_COPY_DEVICE_TO_HOST",1,"Agent 2","Agent 0",107216,143937709596533,143937709600814
"MEMORY_COPY","MEMORY_COPY_HOST_TO_DEVICE",1,"Agent 0","Agent 2",107220,143937709759604,143937709764844
"MEMORY_COPY","MEMORY_COPY_DEVICE_TO_HOST",1,"Agent 2","Agent 0",107344,143937711243293,143937711247533
"MEMORY_COPY","MEMORY_COPY_DEVICE_TO_HOST",1,"Agent 2","Agent 0",107352,143937711355033,143937711359273
"MEMORY_COPY","MEMORY_COPY_HOST_TO_DEVICE",1,"Agent 0","Agent 2",107356,143937711523844,143937711529044
"MEMORY_COPY","MEMORY_COPY_DEVICE_TO_HOST",1,"Agent 2","Agent 0",107480,143937713195823,143937713200063
"MEMORY_COPY","MEMORY_COPY_DEVICE_TO_HOST",1,"Agent 2","Agent 0",107488,143937713308254,143937713312534
"MEMORY_COPY","MEMORY_COPY_HOST_TO_DEVICE",1,"Agent 0","Agent 2",107492,143937713468855,143937713474055
"MEMORY_COPY","MEMORY_COPY_DEVICE_TO_HOST",1,"Agent 2","Agent 0",107616,143937714949603,143937714953843
"MEMORY_COPY","MEMORY_COPY_DEVICE_TO_HOST",1,"Agent 2","Agent 0",107624,143937715063504,143937715067784
"MEMORY_COPY","MEMORY_COPY_HOST_TO_DEVICE",1,"Agent 0","Agent 2",107628,143937715223495,143937715228655
"MEMORY_COPY","MEMORY_COPY_DEVICE_TO_HOST",1,"Agent 2","Agent 0",107752,143937716737753,143937716741993
"MEMORY_COPY","MEMORY_COPY_DEVICE_TO_HOST",1,"Agent 2","Agent 0",107760,143937716850544,143937716854824
"MEMORY_COPY","MEMORY_COPY_HOST_TO_DEVICE",1,"Agent 0","Agent 2",107764,143937717004834,143937717010074
"MEMORY_COPY","MEMORY_COPY_DEVICE_TO_HOST",1,"Agent 2","Agent 0",107886,143937719050516,143937719055156
"MEMORY_COPY","MEMORY_COPY_DEVICE_TO_HOST",1,"Agent 2","Agent 0",107894,143937719170136,143937719174376
"MEMORY_COPY","MEMORY_COPY_HOST_TO_DEVICE",1,"Agent 0","Agent 2",107898,143937719349527,143937719354727
"MEMORY_COPY","MEMORY_COPY_DEVICE_TO_HOST",1,"Agent 2","Agent 0",108022,143937720859216,143937720863456
"MEMORY_COPY","MEMORY_COPY_DEVICE_TO_HOST",1,"Agent 2","Agent 0",108030,143937720971206,143937720975486
"MEMORY_COPY","MEMORY_COPY_HOST_TO_DEVICE",1,"Agent 0","Agent 2",108034,143937721165937,143937721171137
"MEMORY_COPY","MEMORY_COPY_DEVICE_TO_HOST",1,"Agent 2","Agent 0",108158,143937722853427,143937722857667
"MEMORY_COPY","MEMORY_COPY_DEVICE_TO_HOST",1,"Agent 2","Agent 0",108166,143937722969927,143937722974207
"MEMORY_COPY","MEMORY_COPY_HOST_TO_DEVICE",1,"Agent 0","Agent 2",108170,143937723161908,143937723167069
"MEMORY_COPY","MEMORY_COPY_DEVICE_TO_HOST",1,"Agent 2","Agent 0",108294,143937724661847,143937724666127
"MEMORY_COPY","MEMORY_COPY_DEVICE_TO_HOST",1,"Agent 2","Agent 0",108302,143937724775187,143937724779467
"MEMORY_COPY","MEMORY_COPY_HOST_TO_DEVICE",1,"Agent 0","Agent 2",108306,143937724929198,143937724934398
"MEMORY_COPY","MEMORY_COPY_DEVICE_TO_HOST",1,"Agent 2","Agent 0",108430,143937726466687,143937726470927
"MEMORY_COPY","MEMORY_COPY_DEVICE_TO_HOST",1,"Agent 2","Agent 0",108438,143937726578807,143937726583087
"MEMORY_COPY","MEMORY_COPY_HOST_TO_DEVICE",1,"Agent 0","Agent 2",108442,143937726730228,143937726735508
"MEMORY_COPY","MEMORY_COPY_DEVICE_TO_HOST",1,"Agent 2","Agent 0",108564,143937728837383,143937728841623
"MEMORY_COPY","MEMORY_COPY_DEVICE_TO_HOST",1,"Agent 2","Agent 0",108572,143937728949633,143937728953913
"MEMORY_COPY","MEMORY_COPY_HOST_TO_DEVICE",1,"Agent 0","Agent 2",108576,143937729144315,143937729149475
"MEMORY_COPY","MEMORY_COPY_DEVICE_TO_HOST",1,"Agent 2","Agent 0",108670,143937730436002,143937730441162
"MEMORY_COPY","MEMORY_COPY_DEVICE_TO_HOST",1,"Agent 2","Agent 0",108678,143937730585673,143937730590833
"MEMORY_COPY","MEMORY_COPY_HOST_TO_DEVICE",1,"Agent 0","Agent 2",108682,143937730901614,143937730908134
"MEMORY_COPY","MEMORY_COPY_DEVICE_TO_HOST",1,"Agent 2","Agent 0",108776,143937732250422,143937732255582
"MEMORY_COPY","MEMORY_COPY_DEVICE_TO_HOST",1,"Agent 2","Agent 0",108784,143937732421163,143937732426323
"MEMORY_COPY","MEMORY_COPY_HOST_TO_DEVICE",1,"Agent 0","Agent 2",108788,143937732696414,143937732702894
"MEMORY_COPY","MEMORY_COPY_DEVICE_TO_HOST",1,"Agent 2","Agent 0",108882,143937734175963,143937734181123
"MEMORY_COPY","MEMORY_COPY_DEVICE_TO_HOST",1,"Agent 2","Agent 0",108890,143937734323873,143937734329113
"MEMORY_COPY","MEMORY_COPY_HOST_TO_DEVICE",1,"Agent 0","Agent 2",108894,143937734609565,143937734616005
"MEMORY_COPY","MEMORY_COPY_DEVICE_TO_HOST",1,"Agent 2","Agent 0",108988,143937735923772,143937735929092
"MEMORY_COPY","MEMORY_COPY_DEVICE_TO_HOST",1,"Agent 2","Agent 0",108996,143937736071843,143937736077003
"MEMORY_COPY","MEMORY_COPY_HOST_TO_DEVICE",1,"Agent 0","Agent 2",109000,143937736371595,143937736378275
"MEMORY_COPY","MEMORY_COPY_DEVICE_TO_HOST",1,"Agent 2","Agent 0",109094,143937738054554,143937738059754
"MEMORY_COPY","MEMORY_COPY_DEVICE_TO_HOST",1,"Agent 2","Agent 0",109102,143937738202215,143937738207415
"MEMORY_COPY","MEMORY_COPY_HOST_TO_DEVICE",1,"Agent 0","Agent 2",109106,143937738502737,143937738509177
"MEMORY_COPY","MEMORY_COPY_DEVICE_TO_HOST",1,"Agent 2","Agent 0",109200,143937739855234,143937739860394
"MEMORY_COPY","MEMORY_COPY_DEVICE_TO_HOST",1,"Agent 2","Agent 0",109208,143937740160716,143937740165956
"MEMORY_COPY","MEMORY_COPY_HOST_TO_DEVICE",1,"Agent 0","Agent 2",109212,143937740465088,143937740471768
"MEMORY_COPY","MEMORY_COPY_DEVICE_TO_HOST",1,"Agent 2","Agent 0",109306,143937741774165,143937741779285
"MEMORY_COPY","MEMORY_COPY_DEVICE_TO_HOST",1,"Agent 2","Agent 0",109314,143937741920706,143937741926026
"MEMORY_COPY","MEMORY_COPY_HOST_TO_DEVICE",1,"Agent 0","Agent 2",109318,143937742226937,143937742233377
"MEMORY_COPY","MEMORY_COPY_DEVICE_TO_HOST",1,"Agent 2","Agent 0",109412,143937743525905,143937743531065
"MEMORY_COPY","MEMORY_COPY_DEVICE_TO_HOST",1,"Agent 2","Agent 0",109420,143937743672265,143937743677465
"MEMORY_COPY","MEMORY_COPY_HOST_TO_DEVICE",1,"Agent 0","Agent 2",109424,143937743952567,143937743959047
"MEMORY_COPY","MEMORY_COPY_DEVICE_TO_HOST",1,"Agent 2","Agent 0",109518,143937745246644,143937745251804
"MEMORY_COPY","MEMORY_COPY_DEVICE_TO_HOST",1,"Agent 2","Agent 0",109526,143937745391255,143937745396815
"MEMORY_COPY","MEMORY_COPY_HOST_TO_DEVICE",1,"Agent 0","Agent 2",109530,143937745687747,143937745694267
"MEMORY_COPY","MEMORY_COPY_DEVICE_TO_HOST",1,"Agent 2","Agent 0",109624,143937747507497,143937747512697
"MEMORY_COPY","MEMORY_COPY_DEVICE_TO_HOST",1,"Agent 2","Agent 0",109632,143937747658128,143937747663288
"MEMORY_COPY","MEMORY_COPY_HOST_TO_DEVICE",1,"Agent 0","Agent 2",109636,143937747967999,143937747974479
"MEMORY_COPY","MEMORY_COPY_DEVICE_TO_HOST",1,"Agent 2","Agent 0",109730,143937749272046,143937749277207
"MEMORY_COPY","MEMORY_COPY_DEVICE_TO_HOST",1,"Agent 2","Agent 0",109738,143937749419327,143937749424527
"MEMORY_COPY","MEMORY_COPY_HOST_TO_DEVICE",1,"Agent 0","Agent 2",109742,143937749707899,143937749714379
"MEMORY_COPY","MEMORY_COPY_DEVICE_TO_HOST",1,"Agent 2","Agent 0",109836,143937750988996,143937750994156
"MEMORY_COPY","MEMORY_COPY_DEVICE_TO_HOST",1,"Agent 2","Agent 0",109844,143937751169757,143937751174877
"MEMORY_COPY","MEMORY_COPY_HOST_TO_DEVICE",1,"Agent 0","Agent 2",109848,143937751482009,143937751488729
"MEMORY_COPY","MEMORY_COPY_DEVICE_TO_HOST",1,"Agent 2","Agent 0",109942,143937752952317,143937752957477
"MEMORY_COPY","MEMORY_COPY_DEVICE_TO_HOST",1,"Agent 2","Agent 0",109950,143937753100228,143937753105388
"MEMORY_COPY","MEMORY_COPY_HOST_TO_DEVICE",1,"Agent 0","Agent 2",109954,143937753414600,143937753421040
"MEMORY_COPY","MEMORY_COPY_DEVICE_TO_HOST",1,"Agent 2","Agent 0",110048,143937754692707,143937754697907
"MEMORY_COPY","MEMORY_COPY_DEVICE_TO_HOST",1,"Agent 2","Agent 0",110056,143937754838627,143937754843827
"MEMORY_COPY","MEMORY_COPY_HOST_TO_DEVICE",1,"Agent 0","Agent 2",110060,143937755158399,143937755164879
"MEMORY_COPY","MEMORY_COPY_DEVICE_TO_HOST",1,"Agent 2","Agent 0",110154,143937756846599,143937756851759
"MEMORY_COPY","MEMORY_COPY_DEVICE_TO_HOST",1,"Agent 2","Agent 0",110162,143937756992799,143937756997919
"MEMORY_COPY","MEMORY_COPY_HOST_TO_DEVICE",1,"Agent 0","Agent 2",110166,143937757316151,143937757322751
"MEMORY_COPY","MEMORY_COPY_DEVICE_TO_HOST",1,"Agent 2","Agent 0",110260,143937758759349,143937758764549
"MEMORY_COPY","MEMORY_COPY_DEVICE_TO_HOST",1,"Agent 2","Agent 0",110268,143937758902010,143937758908450
"MEMORY_COPY","MEMORY_COPY_HOST_TO_DEVICE",1,"Agent 0","Agent 2",110272,143937759165862,143937759172382
"MEMORY_COPY","MEMORY_COPY_DEVICE_TO_HOST",1,"Agent 2","Agent 0",110366,143937760447569,143937760452689
"MEMORY_COPY","MEMORY_COPY_DEVICE_TO_HOST",1,"Agent 2","Agent 0",110374,143937760595199,143937760600319
"MEMORY_COPY","MEMORY_COPY_HOST_TO_DEVICE",1,"Agent 0","Agent 2",110378,143937760860781,143937760867261
"MEMORY_COPY","MEMORY_COPY_DEVICE_TO_HOST",1,"Agent 2","Agent 0",110472,143937762195658,143937762200778
"MEMORY_COPY","MEMORY_COPY_DEVICE_TO_HOST",1,"Agent 2","Agent 0",110480,143937762341386,143937762346546
"MEMORY_COPY","MEMORY_COPY_HOST_TO_DEVICE",1,"Agent 0","Agent 2",110484,143937762573870,143937762580551
"MEMORY_COPY","MEMORY_COPY_DEVICE_TO_HOST",1,"Agent 2","Agent 0",110578,143937763873198,143937763878318
"MEMORY_COPY","MEMORY_COPY_DEVICE_TO_HOST",1,"Agent 2","Agent 0",110586,143937764045809,143937764050969
"MEMORY_COPY","MEMORY_COPY_HOST_TO_DEVICE",1,"Agent 0","Agent 2",110590,143937764315420,143937764322060
"MEMORY_COPY","MEMORY_COPY_DEVICE_TO_HOST",1,"Agent 2","Agent 0",110684,143937766139050,143937766144210
"MEMORY_COPY","MEMORY_COPY_DEVICE_TO_HOST",1,"Agent 2","Agent 0",110692,143937766285261,143937766290461
"MEMORY_COPY","MEMORY_COPY_HOST_TO_DEVICE",1,"Agent 0","Agent 2",110696,143937766548863,143937766555303
"MEMORY_COPY","MEMORY_COPY_DEVICE_TO_HOST",1,"Agent 2","Agent 0",110752,143937767352827,143937767357507
"MEMORY_COPY","MEMORY_COPY_DEVICE_TO_HOST",1,"Agent 2","Agent 0",110760,143937767488738,143937767493498
"MEMORY_COPY","MEMORY_COPY_DEVICE_TO_HOST",1,"Agent 2","Agent 0",110852,143937768604794,143937768609034
"MEMORY_COPY","MEMORY_COPY_DEVICE_TO_HOST",1,"Agent 2","Agent 0",110860,143937768719925,143937768724165
"MEMORY_COPY","MEMORY_COPY_HOST_TO_DEVICE",1,"Agent 0","Agent 2",110864,143937768890886,143937768896126
"MEMORY_COPY","MEMORY_COPY_DEVICE_TO_HOST",1,"Agent 2","Agent 0",110988,143937770538895,143937770543175
"MEMORY_COPY","MEMORY_COPY_DEVICE_TO_HOST",1,"Agent 2","Agent 0",110996,143937770679846,143937770684086
"MEMORY_COPY","MEMORY_COPY_HOST_TO_DEVICE",1,"Agent 0","Agent 2",111000,143937770849847,143937770855087
"MEMORY_COPY","MEMORY_COPY_DEVICE_TO_HOST",1,"Agent 2","Agent 0",111124,143937772383045,143937772387405
"MEMORY_COPY","MEMORY_COPY_DEVICE_TO_HOST",1,"Agent 2","Agent 0",111132,143937772495796,143937772500076
"MEMORY_COPY","MEMORY_COPY_HOST_TO_DEVICE",1,"Agent 0","Agent 2",111136,143937772661367,143937772666527
"MEMORY_COPY","MEMORY_COPY_DEVICE_TO_HOST",1,"Agent 2","Agent 0",111260,143937774193365,143937774197605
"MEMORY_COPY","MEMORY_COPY_DEVICE_TO_HOST",1,"Agent 2","Agent 0",111268,143937774305046,143937774309286
"MEMORY_COPY","MEMORY_COPY_HOST_TO_DEVICE",1,"Agent 0","Agent 2",111272,143937774453750,143937774459030
"MEMORY_COPY","MEMORY_COPY_DEVICE_TO_HOST",1,"Agent 2","Agent 0",111394,143937776568758,143937776573038
"MEMORY_COPY","MEMORY_COPY_DEVICE_TO_HOST",1,"Agent 2","Agent 0",111402,143937776680979,143937776685219
"MEMORY_COPY","MEMORY_COPY_HOST_TO_DEVICE",1,"Agent 0","Agent 2",111406,143937776866937,143937776872097
"MEMORY_COPY","MEMORY_COPY_DEVICE_TO_HOST",1,"Agent 2","Agent 0",111530,143937778407099,143937778411339
"MEMORY_COPY","MEMORY_COPY_DEVICE_TO_HOST",1,"Agent 2","Agent 0",111538,143937778518799,143937778523039
"MEMORY_COPY","MEMORY_COPY_HOST_TO_DEVICE",1,"Agent 0","Agent 2",111542,143937778688800,143937778694040
"MEMORY_COPY","MEMORY_COPY_DEVICE_TO_HOST",1,"Agent 2","Agent 0",111666,143937780404190,143937780408430
"MEMORY_COPY","MEMORY_COPY_DEVICE_TO_HOST",1,"Agent 2","Agent 0",111674,143937780578161,143937780582401
"MEMORY_COPY","MEMORY_COPY_HOST_TO_DEVICE",1,"Agent 0","Agent 2",111678,143937780738551,143937780743792
"MEMORY_COPY","MEMORY_COPY_DEVICE_TO_HOST",1,"Agent 2","Agent 0",111802,143937782260490,143937782264770
"MEMORY_COPY","MEMORY_COPY_DEVICE_TO_HOST",1,"Agent 2","Agent 0",111810,143937782397291,143937782401611
"MEMORY_COPY","MEMORY_COPY_HOST_TO_DEVICE",1,"Agent 0","Agent 2",111814,143937782554272,143937782559512
"MEMORY_COPY","MEMORY_COPY_DEVICE_TO_HOST",1,"Agent 2","Agent 0",111938,143937784133630,143937784137870
"MEMORY_COPY","MEMORY_COPY_DEVICE_TO_HOST",1,"Agent 2","Agent 0",111946,143937784246121,143937784250361
"MEMORY_COPY","MEMORY_COPY_HOST_TO_DEVICE",1,"Agent 0","Agent 2",111950,143937784415302,143937784420662
"MEMORY_COPY","MEMORY_COPY_DEVICE_TO_HOST",1,"Agent 2","Agent 0",112072,143937786530934,143937786535214
"MEMORY_COPY","MEMORY_COPY_DEVICE_TO_HOST",1,"Agent 2","Agent 0",112080,143937786646094,143937786650334
"MEMORY_COPY","MEMORY_COPY_HOST_TO_DEVICE",1,"Agent 0","Agent 2",112084,143937786799055,143937786804215
"MEMORY_COPY","MEMORY_COPY_DEVICE_TO_HOST",1,"Agent 2","Agent 0",112208,143937788316164,143937788320444
"MEMORY_COPY","MEMORY_COPY_DEVICE_TO_HOST",1,"Agent 2","Agent 0",112216,143937788429984,143937788434264
"MEMORY_COPY","MEMORY_COPY_HOST_TO_DEVICE",1,"Agent 0","Agent 2",112220,143937788583325,143937788588525
"MEMORY_COPY","MEMORY_COPY_DEVICE_TO_HOST",1,"Agent 2","Agent 0",112344,143937790094375,143937790098655
"MEMORY_COPY","MEMORY_COPY_DEVICE_TO_HOST",1,"Agent 2","Agent 0",112352,143937790313016,143937790317216
"MEMORY_COPY","MEMORY_COPY_HOST_TO_DEVICE",1,"Agent 0","Agent 2",112356,143937790514567,143937790519967
"MEMORY_COPY","MEMORY_COPY_DEVICE_TO_HOST",1,"Agent 2","Agent 0",112480,143937792049416,143937792053656
"MEMORY_COPY","MEMORY_COPY_DEVICE_TO_HOST",1,"Agent 2","Agent 0",112488,143937792165066,143937792169466
"MEMORY_COPY","MEMORY_COPY_HOST_TO_DEVICE",1,"Agent 0","Agent 2",112492,143937792336937,143937792342217
"MEMORY_COPY","MEMORY_COPY_DEVICE_TO_HOST",1,"Agent 2","Agent 0",112616,143937793847396,143937793851636
"MEMORY_COPY","MEMORY_COPY_DEVICE_TO_HOST",1,"Agent 2","Agent 0",112624,143937793958706,143937793962946
"MEMORY_COPY","MEMORY_COPY_HOST_TO_DEVICE",1,"Agent 0","Agent 2",112628,143937794119987,143937794125667
"MEMORY_COPY","MEMORY_COPY_DEVICE_TO_HOST",1,"Agent 2","Agent 0",112750,143937796317959,143937796322239
"MEMORY_COPY","MEMORY_COPY_DEVICE_TO_HOST",1,"Agent 2","Agent 0",112758,143937796428620,143937796432900
"MEMORY_COPY","MEMORY_COPY_HOST_TO_DEVICE",1,"Agent 0","Agent 2",112762,143937796584501,143937796589781
"MEMORY_COPY","MEMORY_COPY_DEVICE_TO_HOST",1,"Agent 2","Agent 0",112856,143937797854328,143937797859488
"MEMORY_COPY","MEMORY_COPY_DEVICE_TO_HOST",1,"Agent 2","Agent 0",112864,143937798002359,143937798007519
"MEMORY_COPY","MEMORY_COPY_HOST_TO_DEVICE",1,"Agent 0","Agent 2",112868,143937798344600,143937798351080
"MEMORY_COPY","MEMORY_COPY_DEVICE_TO_HOST",1,"Agent 2","Agent 0",112962,143937799614687,143937799619888
"MEMORY_COPY","MEMORY_COPY_DEVICE_TO_HOST",1,"Agent 2","Agent 0",112970,143937799821269,143937799826429
"MEMORY_COPY","MEMORY_COPY_HOST_TO_DEVICE",1,"Agent 0","Agent 2",112974,143937800131070,143937800137510
"MEMORY_COPY","MEMORY_COPY_DEVICE_TO_HOST",1,"Agent 2","Agent 0",113068,143937801589648,143937801594808
"MEMORY_COPY","MEMORY_COPY_DEVICE_TO_HOST",1,"Agent 2","Agent 0",113076,143937801737599,143937801742839
"MEMORY_COPY","MEMORY_COPY_HOST_TO_DEVICE",1,"Agent 0","Agent 2",113080,143937802076951,143937802083671
"MEMORY_COPY","MEMORY_COPY_DEVICE_TO_HOST",1,"Agent 2","Agent 0",113174,143937803439519,143937803444639
"MEMORY_COPY","MEMORY_COPY_DEVICE_TO_HOST",1,"Agent 2","Agent 0",113182,143937803587079,143937803592240
"MEMORY_COPY","MEMORY_COPY_HOST_TO_DEVICE",1,"Agent 0","Agent 2",113186,143937803884081,143937803890761
"MEMORY_COPY","MEMORY_COPY_DEVICE_TO_HOST",1,"Agent 2","Agent 0",113280,143937805607691,143937805612891
"MEMORY_COPY","MEMORY_COPY_DEVICE_TO_HOST",1,"Agent 2","Agent 0",113288,143937805754822,143937805759982
"MEMORY_COPY","MEMORY_COPY_HOST_TO_DEVICE",1,"Agent 0","Agent 2",113292,143937806068273,143937806074753
"MEMORY_COPY","MEMORY_COPY_DEVICE_TO_HOST",1,"Agent 2","Agent 0",113386,143937807379791,143937807384991
"MEMORY_COPY","MEMORY_COPY_DEVICE_TO_HOST",1,"Agent 2","Agent 0",113394,143937807528801,143937807533961
"MEMORY_COPY","MEMORY_COPY_HOST_TO_DEVICE",1,"Agent 0","Agent 2",113398,143937807830933,143937807837373
"MEMORY_COPY","MEMORY_COPY_DEVICE_TO_HOST",1,"Agent 2","Agent 0",113492,143937809248261,143937809253421
"MEMORY_COPY","MEMORY_COPY_DEVICE_TO_HOST",1,"Agent 2","Agent 0",113500,143937809418842,143937809424082
"MEMORY_COPY","MEMORY_COPY_HOST_TO_DEVICE",1,"Agent 0","Agent 2",113504,143937809691743,143937809698263
"MEMORY_COPY","MEMORY_COPY_DEVICE_TO_HOST",1,"Agent 2","Agent 0",113598,143937810999981,143937811005101
"MEMORY_COPY","MEMORY_COPY_DEVICE_TO_HOST",1,"Agent 2","Agent 0",113606,143937811180172,143937811185292
"MEMORY_COPY","MEMORY_COPY_HOST_TO_DEVICE",1,"Agent 0","Agent 2",113610,143937811475743,143937811482263
"MEMORY_COPY","MEMORY_COPY_DEVICE_TO_HOST",1,"Agent 2","Agent 0",113704,143937812775280,143937812780400
"MEMORY_COPY","MEMORY_COPY_DEVICE_TO_HOST",1,"Agent 2","Agent 0",113712,143937812923221,143937812928381
"MEMORY_COPY","MEMORY_COPY_HOST_TO_DEVICE",1,"Agent 0","Agent 2",113716,143937813256043,143937813262483
"MEMORY_COPY","MEMORY_COPY_DEVICE_TO_HOST",1,"Agent 2","Agent 0",113810,143937815166424,143937815171584
"MEMORY_COPY","MEMORY_COPY_DEVICE_TO_HOST",1,"Agent 2","Agent 0",113818,143937815313975,143937815319175
"MEMORY_COPY","MEMORY_COPY_HOST_TO_DEVICE",1,"Agent 0","Agent 2",113822,143937815618966,143937815625646
"MEMORY_COPY","MEMORY_COPY_DEVICE_TO_HOST",1,"Agent 2","Agent 0",113916,143937816946374,143937816951534
"MEMORY_COPY","MEMORY_COPY_DEVICE_TO_HOST",1,"Agent 2","Agent 0",113924,143937817092824,143937817097944
"MEMORY_COPY","MEMORY_COPY_HOST_TO_DEVICE",1,"Agent 0","Agent 2",113928,143937817406466,143937817413186
"MEMORY_COPY","MEMORY_COPY_DEVICE_TO_HOST",1,"Agent 2","Agent 0",114022,143937818672193,143937818677393
"MEMORY_COPY","MEMORY_COPY_DEVICE_TO_HOST",1,"Agent 2","Agent 0",114030,143937818840234,143937818845354
"MEMORY_COPY","MEMORY_COPY_HOST_TO_DEVICE",1,"Agent 0","Agent 2",114034,143937819184676,143937819191116
"MEMORY_COPY","MEMORY_COPY_DEVICE_TO_HOST",1,"Agent 2","Agent 0",114128,143937820631264,143937820636424
"MEMORY_COPY","MEMORY_COPY_DEVICE_TO_HOST",1,"Agent 2","Agent 0",114136,143937820776525,143937820781725
"MEMORY_COPY","MEMORY_COPY_HOST_TO_DEVICE",1,"Agent 0","Agent 2",114140,143937821105357,143937821111797
"MEMORY_COPY","MEMORY_COPY_DEVICE_TO_HOST",1,"Agent 2","Agent 0",114234,143937822439794,143937822444954
"MEMORY_COPY","MEMORY_COPY_DEVICE_TO_HOST",1,"Agent 2","Agent 0",114242,143937822586395,143937822591635
"MEMORY_COPY","MEMORY_COPY_HOST_TO_DEVICE",1,"Agent 0","Agent 2",114246,143937822888147,143937822894667
"MEMORY_COPY","MEMORY_COPY_DEVICE_TO_HOST",1,"Agent 2","Agent 0",114340,143937824610146,143937824615266
"MEMORY_COPY","MEMORY_COPY_DEVICE_TO_HOST",1,"Agent 2","Agent 0",114348,143937824759247,143937824764407
"MEMORY_COPY","MEMORY_COPY_HOST_TO_DEVICE",1,"Agent 0","Agent 2",114352,143937825064819,143937825071259
"MEMORY_COPY","MEMORY_COPY_DEVICE_TO_HOST",1,"Agent 2","Agent 0",114446,143937826347916,143937826353036
"MEMORY_COPY","MEMORY_COPY_DEVICE_TO_HOST",1,"Agent 2","Agent 0",114454,143937826638707,143937826643867
"MEMORY_COPY","MEMORY_COPY_HOST_TO_DEVICE",1,"Agent 0","Agent 2",114458,143937826920689,143937826927129
"MEMORY_COPY","MEMORY_COPY_DEVICE_TO_HOST",1,"Agent 2","Agent 0",114552,143937828301997,143937828307237
"MEMORY_COPY","MEMORY_COPY_DEVICE_TO_HOST",1,"Agent 2","Agent 0",114560,143937828451367,143937828456527
"MEMORY_COPY","MEMORY_COPY_HOST_TO_DEVICE",1,"Agent 0","Agent 2",114564,143937828742769,143937828749169
"MEMORY_COPY","MEMORY_COPY_DEVICE_TO_HOST",1,"Agent 2","Agent 0",114658,143937830019796,143937830024996
"MEMORY_COPY","MEMORY_COPY_DEVICE_TO_HOST",1,"Agent 2","Agent 0",114666,143937830169167,143937830174247
"MEMORY_COPY","MEMORY_COPY_HOST_TO_DEVICE",1,"Agent 0","Agent 2",114670,143937830433728,143937830440168
"MEMORY_COPY","MEMORY_COPY_DEVICE_TO_HOST",1,"Agent 2","Agent 0",114764,143937831699215,143937831704775
"MEMORY_COPY","MEMORY_COPY_DEVICE_TO_HOST",1,"Agent 2","Agent 0",114772,143937831844636,143937831849796
"MEMORY_COPY","MEMORY_COPY_HOST_TO_DEVICE",1,"Agent 0","Agent 2",114776,143937832133028,143937832139548
"MEMORY_COPY","MEMORY_COPY_DEVICE_TO_HOST",1,"Agent 2","Agent 0",114870,143937834050418,143937834055578
"MEMORY_COPY","MEMORY_COPY_DEVICE_TO_HOST",1,"Agent 2","Agent 0",114878,143937834200469,143937834205589
"MEMORY_COPY","MEMORY_COPY_HOST_TO_DEVICE",1,"Agent 0","Agent 2",114882,143937834486101,143937834492581
"MEMORY_COPY","MEMORY_COPY_DEVICE_TO_HOST",1,"Agent 2","Agent 0",114934,143937836480022,143937836536582
"MEMORY_COPY","MEMORY_COPY_DEVICE_TO_HOST",1,"Agent 2","Agent 0",114946,143937840280163,143937840284803
"MEMORY_COPY","MEMORY_COPY_DEVICE_TO_HOST",1,"Agent 2","Agent 0",114954,143937840414514,143937840419274
"MEMORY_COPY","MEMORY_COPY_DEVICE_TO_HOST",1,"Agent 2","Agent 0",115046,143937841598250,143937841602530
"MEMORY_COPY","MEMORY_COPY_DEVICE_TO_HOST",1,"Agent 2","Agent 0",115054,143937841721641,143937841725881
"MEMORY_COPY","MEMORY_COPY_HOST_TO_DEVICE",1,"Agent 0","Agent 2",115058,143937841885632,143937841890872
"MEMORY_COPY","MEMORY_COPY_DEVICE_TO_HOST",1,"Agent 2","Agent 0",115182,143937843514991,143937843519311
"MEMORY_COPY","MEMORY_COPY_DEVICE_TO_HOST",1,"Agent 2","Agent 0",115190,143937843626901,143937843631222
"MEMORY_COPY","MEMORY_COPY_HOST_TO_DEVICE",1,"Agent 0","Agent 2",115194,143937843820363,143937843825723
"MEMORY_COPY","MEMORY_COPY_DEVICE_TO_HOST",1,"Agent 2","Agent 0",115318,143937845389191,143937845393591
"MEMORY_COPY","MEMORY_COPY_DEVICE_TO_HOST",1,"Agent 2","Agent 0",115326,143937845501962,143937845506322
"MEMORY_COPY","MEMORY_COPY_HOST_TO_DEVICE",1,"Agent 0","Agent 2",115330,143937845674873,143937845680433
"MEMORY_COPY","MEMORY_COPY_DEVICE_TO_HOST",1,"Agent 2","Agent 0",115454,143937847209731,143937847214091
"MEMORY_COPY","MEMORY_COPY_DEVICE_TO_HOST",1,"Agent 2","Agent 0",115462,143937847321932,143937847326292
"MEMORY_COPY","MEMORY_COPY_HOST_TO_DEVICE",1,"Agent 0","Agent 2",115466,143937847488643,143937847493923
"MEMORY_COPY","MEMORY_COPY_DEVICE_TO_HOST",1,"Agent 2","Agent 0",115588,143937849410194,143937849414594
"MEMORY_COPY","MEMORY_COPY_DEVICE_TO_HOST",1,"Agent 2","Agent 0",115596,143937849521244,143937849526084
"MEMORY_COPY","MEMORY_COPY_HOST_TO_DEVICE",1,"Agent 0","Agent 2",115600,143937849689205,143937849694565
"MEMORY_COPY","MEMORY_COPY_DEVICE_TO_HOST",1,"Agent 2","Agent 0",115724,143937851217284,143937851221724
"MEMORY_COPY","MEMORY_COPY_DEVICE_TO_HOST",1,"Agent 2","Agent 0",115732,143937851331914,143937851336314
"MEMORY_COPY","MEMORY_COPY_HOST_TO_DEVICE",1,"Agent 0","Agent 2",115736,143937851489565,143937851494925
"MEMORY_COPY","MEMORY_COPY_DEVICE_TO_HOST",1,"Agent 2","Agent 0",115860,143937853260837,143937853265197
"MEMORY_COPY","MEMORY_COPY_DEVICE_TO_HOST",1,"Agent 2","Agent 0",115868,143937853374148,143937853378548
"MEMORY_COPY","MEMORY_COPY_HOST_TO_DEVICE",1,"Agent 0","Agent 2",115872,143937853553729,143937853559009
"MEMORY_COPY","MEMORY_COPY_DEVICE_TO_HOST",1,"Agent 2","Agent 0",115996,143937855044947,143937855049307
"MEMORY_COPY","MEMORY_COPY_DEVICE_TO_HOST",1,"Agent 2","Agent 0",116004,143937855160018,143937855164378
"MEMORY_COPY","MEMORY_COPY_HOST_TO_DEVICE",1,"Agent 0","Agent 2",116008,143937855339509,143937855344989
"MEMORY_COPY","MEMORY_COPY_DEVICE_TO_HOST",1,"Agent 2","Agent 0",116132,143937856846927,143937856851247
"MEMORY_COPY","MEMORY_COPY_DEVICE_TO_HOST",1,"Agent 2","Agent 0",116140,143937856960828,143937856965108
"MEMORY_COPY","MEMORY_COPY_HOST_TO_DEVICE",1,"Agent 0","Agent 2",116144,143937857146609,143937857151769
"MEMORY_COPY","MEMORY_COPY_DEVICE_TO_HOST",1,"Agent 2","Agent 0",116266,143937859139030,143937859143310
"MEMORY_COPY","MEMORY_COPY_DEVICE_TO_HOST",1,"Agent 2","Agent 0",116274,143937859250130,143937859254330
"MEMORY_COPY","MEMORY_COPY_HOST_TO_DEVICE",1,"Agent 0","Agent 2",116278,143937859421461,143937859426981
"MEMORY_COPY","MEMORY_COPY_DEVICE_TO_HOST",1,"Agent 2","Agent 0",116402,143937860996230,143937861000470
"MEMORY_COPY","MEMORY_COPY_DEVICE_TO_HOST",1,"Agent 2","Agent 0",116410,143937861113081,143937861117321
"MEMORY_COPY","MEMORY_COPY_HOST_TO_DEVICE",1,"Agent 0","Agent 2",116414,143937861272242,143937861277402
"MEMORY_COPY","MEMORY_COPY_DEVICE_TO_HOST",1,"Agent 2","Agent 0",116538,143937862841700,143937862845940
"MEMORY_COPY","MEMORY_COPY_DEVICE_TO_HOST",1,"Agent 2","Agent 0",116546,143937862953941,143937862958141
"MEMORY_COPY","MEMORY_COPY_HOST_TO_DEVICE",1,"Agent 0","Agent 2",116550,143937863147262,143937863152622
"MEMORY_COPY","MEMORY_COPY_DEVICE_TO_HOST",1,"Agent 2","Agent 0",116674,143937864855261,143937864859621
"MEMORY_COPY","MEMORY_COPY_DEVICE_TO_HOST",1,"Agent 2","Agent 0",116682,143937864967542,143937864971782
"MEMORY_COPY","MEMORY_COPY_HOST_TO_DEVICE",1,"Agent 0","Agent 2",116686,143937865154963,143937865160163
"MEMORY_COPY","MEMORY_COPY_DEVICE_TO_HOST",1,"Agent 2","Agent 0",116810,143937866650901,143937866655141
"MEMORY_COPY","MEMORY_COPY_DEVICE_TO_HOST",1,"Agent 2","Agent 0",116818,143937866764392,143937866768672
"MEMORY_COPY","MEMORY_COPY_HOST_TO_DEVICE",1,"Agent 0","Agent 2",116822,143937866907283,143937866912483
"MEMORY_COPY","MEMORY_COPY_DEVICE_TO_HOST",1,"Agent 2","Agent 0",116944,143937868636462,143937868640662
"MEMORY_COPY","MEMORY_COPY_DEVICE_TO_HOST",1,"Agent 2","Agent 0",116952,143937868745353,143937868749993
"MEMORY_COPY","MEMORY_COPY_HOST_TO_DEVICE",1,"Agent 0","Agent 2",116956,143937868894184,143937868899464
"MEMORY_COPY","MEMORY_COPY_DEVICE_TO_HOST",1,"Agent 2","Agent 0",117050,143937870246571,143937870251731
"MEMORY_COPY","MEMORY_COPY_DEVICE_TO_HOST",1,"Agent 2","Agent 0",117058,143937870393812,143937870398932
"MEMORY_COPY","MEMORY_COPY_HOST_TO_DEVICE",1,"Agent 0","Agent 2",117062,143937870684564,143937870691004
"MEMORY_COPY","MEMORY_COPY_DEVICE_TO_HOST",1,"Agent 2","Agent 0",117156,143937871981441,143937871986681
"MEMORY_COPY","MEMORY_COPY_DEVICE_TO_HOST",1,"Agent 2","Agent 0",117164,143937872134632,143937872139752
"MEMORY_COPY","MEMORY_COPY_HOST_TO_DEVICE",1,"Agent 0","Agent 2",117168,143937872425193,143937872431673
"MEMORY_COPY","MEMORY_COPY_DEVICE_TO_HOST",1,"Agent 2","Agent 0",117262,143937873802121,143937873807241
"MEMORY_COPY","MEMORY_COPY_DEVICE_TO_HOST",1,"Agent 2","Agent 0",117270,143937873950422,143937873955542
"MEMORY_COPY","MEMORY_COPY_HOST_TO_DEVICE",1,"Agent 0","Agent 2",117274,143937874268813,143937874275253
"MEMORY_COPY","MEMORY_COPY_DEVICE_TO_HOST",1,"Agent 2","Agent 0",117368,143937875617491,143937875622731
"MEMORY_COPY","MEMORY_COPY_DEVICE_TO_HOST",1,"Agent 2","Agent 0",117376,143937875764992,143937875770112
"MEMORY_COPY","MEMORY_COPY_HOST_TO_DEVICE",1,"Agent 0","Agent 2",117380,143937876079323,143937876086163
"MEMORY_COPY","MEMORY_COPY_DEVICE_TO_HOST",1,"Agent 2","Agent 0",117474,143937877473981,143937877479181
"MEMORY_COPY","MEMORY_COPY_DEVICE_TO_HOST",1,"Agent 2","Agent 0",117482,143937877635522,143937877640642
"MEMORY_COPY","MEMORY_COPY_HOST_TO_DEVICE",1,"Agent 0","Agent 2",117486,143937877914714,143937877921154
"MEMORY_COPY","MEMORY_COPY_DEVICE_TO_HOST",1,"Agent 2","Agent 0",117580,143937879208371,143937879213491
"MEMORY_COPY","MEMORY_COPY_DEVICE_TO_HOST",1,"Agent 2","Agent 0",117588,143937879354952,143937879360112
"MEMORY_COPY","MEMORY_COPY_HOST_TO_DEVICE",1,"Agent 0","Agent 2",117592,143937879653473,143937879659993
"MEMORY_COPY","MEMORY_COPY_DEVICE_TO_HOST",1,"Agent 2","Agent 0",117686,143937881166292,143937881171372
"MEMORY_COPY","MEMORY_COPY_DEVICE_TO_HOST",1,"Agent 2","Agent 0",117694,143937881312682,143937881317842
"MEMORY_COPY","MEMORY_COPY_HOST_TO_DEVICE",1,"Agent 0","Agent 2",117698,143937881589564,143937881596124
"MEMORY_COPY","MEMORY_COPY_DEVICE_TO_HOST",1,"Agent 2","Agent 0",117792,143937882873201,143937882878361
"MEMORY_COPY","MEMORY_COPY_DEVICE_TO_HOST",1,"Agent 2","Agent 0",117800,143937883017042,143937883022122
"MEMORY_COPY","MEMORY_COPY_HOST_TO_DEVICE",1,"Agent 0","Agent 2",117804,143937883319913,143937883326393
"MEMORY_COPY","MEMORY_COPY_DEVICE_TO_HOST",1,"Agent 2","Agent 0",117898,143937884633671,143937884638911
"MEMORY_COPY","MEMORY_COPY_DEVICE_TO_HOST",1,"Agent 2","Agent 0",117906,143937884779091,143937884784172
"MEMORY_COPY","MEMORY_COPY_HOST_TO_DEVICE",1,"Agent 0","Agent 2",117910,143937885116173,143937885122613
"MEMORY_COPY","MEMORY_COPY_DEVICE_TO_HOST",1,"Agent 2","Agent 0",118004,143937886641352,143937886646512
"MEMORY_COPY","MEMORY_COPY_DEVICE_TO_HOST",1,"Agent 2","Agent 0",118012,143937886791343,143937886796543
"MEMORY_COPY","MEMORY_COPY_HOST_TO_DEVICE",1,"Agent 0","Agent 2",118016,143937887073684,143937887080524
"MEMORY_COPY","MEMORY_COPY_DEVICE_TO_HOST",1,"Agent 2","Agent 0",118110,143937888380081,143937888385321
"MEMORY_COPY","MEMORY_COPY_DEVICE_TO_HOST",1,"Agent 2","Agent 0",118118,143937888525512,143937888530592
"MEMORY_COPY","MEMORY_COPY_HOST_TO_DEVICE",1,"Agent 0","Agent 2",118122,143937888812144,143937888818984
"MEMORY_COPY","MEMORY_COPY_DEVICE_TO_HOST",1,"Agent 2","Agent 0",118216,143937890101501,143937890106661
"MEMORY_COPY","MEMORY_COPY_DEVICE_TO_HOST",1,"Agent 2","Agent 0",118224,143937890249552,143937890254712
"MEMORY_COPY","MEMORY_COPY_HOST_TO_DEVICE",1,"Agent 0","Agent 2",118228,143937890569353,143937890575834
"MEMORY_COPY","MEMORY_COPY_DEVICE_TO_HOST",1,"Agent 2","Agent 0",118322,143937892047062,143937892052182
"MEMORY_COPY","MEMORY_COPY_DEVICE_TO_HOST",1,"Agent 2","Agent 0",118330,143937892193592,143937892198793
"MEMORY_COPY","MEMORY_COPY_HOST_TO_DEVICE",1,"Agent 0","Agent 2",118334,143937892522604,143937892529044
"MEMORY_COPY","MEMORY_COPY_DEVICE_TO_HOST",1,"Agent 2","Agent 0",118428,143937893794451,143937893800091
"MEMORY_COPY","MEMORY_COPY_DEVICE_TO_HOST",1,"Agent 2","Agent 0",118436,143937893941202,143937893946322
"MEMORY_COPY","MEMORY_COPY_HOST_TO_DEVICE",1,"Agent 0","Agent 2",118440,143937894257444,143937894263924
"MEMORY_COPY","MEMORY_COPY_DEVICE_TO_HOST",1,"Agent 2","Agent 0",118534,143937895636572,143937895641732
"MEMORY_COPY","MEMORY_COPY_DEVICE_TO_HOST",1,"Agent 2","Agent 0",118542,143937895782692,143937895787892
"MEMORY_COPY","MEMORY_COPY_HOST_TO_DEVICE",1,"Agent 0","Agent 2",118546,143937896080464,143937896086904
"MEMORY_COPY","MEMORY_COPY_DEVICE_TO_HOST",1,"Agent 2","Agent 0",118640,143937897373071,143937897378191
"MEMORY_COPY","MEMORY_COPY_DEVICE_TO_HOST",1,"Agent 2","Agent 0",118648,143937897518852,143937897524052
"MEMORY_COPY","MEMORY_COPY_HOST_TO_DEVICE",1,"Agent 0","Agent 2",118652,143937897813364,143937897819924
"MEMORY_COPY","MEMORY_COPY_DEVICE_TO_HOST",1,"Agent 2","Agent 0",118746,143937899103691,143937899108851
"MEMORY_COPY","MEMORY_COPY_DEVICE_TO_HOST",1,"Agent 2","Agent 0",118754,143937899252731,143937899257892
"MEMORY_COPY","MEMORY_COPY_HOST_TO_DEVICE",1,"Agent 0","Agent 2",118758,143937899508923,143937899515643
"MEMORY_COPY","MEMORY_COPY_DEVICE_TO_HOST",1,"Agent 2","Agent 0",118852,143937900803850,143937900809090
"MEMORY_COPY","MEMORY_COPY_DEVICE_TO_HOST",1,"Agent 2","Agent 0",118860,143937900950761,143937900955881
"MEMORY_COPY","MEMORY_COPY_HOST_TO_DEVICE",1,"Agent 0","Agent 2",118864,143937901211012,143937901217412
"MEMORY_COPY","MEMORY_COPY_DEVICE_TO_HOST",1,"Agent 2","Agent 0",118958,143937902512310,143937902517470
"MEMORY_COPY","MEMORY_COPY_DEVICE_TO_HOST",1,"Agent 2","Agent 0",118966,143937902658610,143937902663890
"MEMORY_COPY","MEMORY_COPY_HOST_TO_DEVICE",1,"Agent 0","Agent 2",118970,143937902892722,143937902899162
"MEMORY_COPY","MEMORY_COPY_DEVICE_TO_HOST",1,"Agent 2","Agent 0",119064,143937904467550,143937904472670
"MEMORY_COPY","MEMORY_COPY_DEVICE_TO_HOST",1,"Agent 2","Agent 0",119072,143937904614861,143937904619981
"MEMORY_COPY","MEMORY_COPY_HOST_TO_DEVICE",1,"Agent 0","Agent 2",119076,143937904875733,143937904882093
"MEMORY_COPY","MEMORY_COPY_DEVICE_TO_HOST",1,"Agent 2","Agent 0",119132,143937905685147,143937905689787
"MEMORY_COPY","MEMORY_COPY_DEVICE_TO_HOST",1,"Agent 2","Agent 0",119140,143937905817838,143937905822518
"MEMORY_COPY","MEMORY_COPY_DEVICE_TO_HOST",1,"Agent 2","Agent 0",119232,143937906945494,143937906949734
"MEMORY_COPY","MEMORY_COPY_DEVICE_TO_HOST",1,"Agent 2","Agent 0",119240,143937907056115,143937907060355
"MEMORY_COPY","MEMORY_COPY_HOST_TO_DEVICE",1,"Agent 0","Agent 2",119244,143937907221796,143937907226996
"MEMORY_COPY","MEMORY_COPY_DEVICE_TO_HOST",1,"Agent 2","Agent 0",119368,143937908871165,143937908875405
"MEMORY_COPY","MEMORY_COPY_DEVICE_TO_HOST",1,"Agent 2","Agent 0",119376,143937908982895,143937908987175
"MEMORY_COPY","MEMORY_COPY_HOST_TO_DEVICE",1,"Agent 0","Agent 2",119380,143937909187926,143937909193166
"MEMORY_COPY","MEMORY_COPY_DEVICE_TO_HOST",1,"Agent 2","Agent 0",119504,143937910687645,143937910691885
"MEMORY_COPY","MEMORY_COPY_DEVICE_TO_HOST",1,"Agent 2","Agent 0",119512,143937910800295,143937910804495
"MEMORY_COPY","MEMORY_COPY_HOST_TO_DEVICE",1,"Agent 0","Agent 2",119516,143937910968176,143937910973336
"MEMORY_COPY","MEMORY_COPY_DEVICE_TO_HOST",1,"Agent 2","Agent 0",119640,143937912528215,143937912532495
"MEMORY_COPY","MEMORY_COPY_DEVICE_TO_HOST",1,"Agent 2","Agent 0",119648,143937912638575,143937912642695
"MEMORY_COPY","MEMORY_COPY_HOST_TO_DEVICE",1,"Agent 0","Agent 2",119652,143937912786156,143937912791356
"MEMORY_COPY","MEMORY_COPY_DEVICE_TO_HOST",1,"Agent 2","Agent 0",119774,143937914636647,143937914640927
"MEMORY_COPY","MEMORY_COPY_DEVICE_TO_HOST",1,"Agent 2","Agent 0",119782,143937914767667,143937914771907
"MEMORY_COPY","MEMORY_COPY_HOST_TO_DEVICE",1,"Agent 0","Agent 2",119786,143937914939332,143937914944492
"MEMORY_COPY","MEMORY_COPY_DEVICE_TO_HOST",1,"Agent 2","Agent 0",119910,143937916542140,143937916546380
"MEMORY_COPY","MEMORY_COPY_DEVICE_TO_HOST",1,"Agent 2","Agent 0",119918,143937916653311,143937916657551
"MEMORY_COPY","MEMORY_COPY_HOST_TO_DEVICE",1,"Agent 0","Agent 2",119922,143937916814732,143937916819892
"MEMORY_COPY","MEMORY_COPY_DEVICE_TO_HOST",1,"Agent 2","Agent 0",120046,143937918368110,143937918372390
"MEMORY_COPY","MEMORY_COPY_DEVICE_TO_HOST",1,"Agent 2","Agent 0",120054,143937918647312,143937918651552
"MEMORY_COPY","MEMORY_COPY_HOST_TO_DEVICE",1,"Agent 0","Agent 2",120058,143937918801673,143937918806833
"MEMORY_COPY","MEMORY_COPY_DEVICE_TO_HOST",1,"Agent 2","Agent 0",120182,143937920317861,143937920322541
"MEMORY_COPY","MEMORY_COPY_DEVICE_TO_HOST",1,"Agent 2","Agent 0",120190,143937920439362,143937920443602
"MEMORY_COPY","MEMORY_COPY_HOST_TO_DEVICE",1,"Agent 0","Agent 2",120194,143937920590233,143937920595473
"MEMORY_COPY","MEMORY_COPY_DEVICE_TO_HOST",1,"Agent 2","Agent 0",120318,143937922066531,143937922070771
"MEMORY_COPY","MEMORY_COPY_DEVICE_TO_HOST",1,"Agent 2","Agent 0",120326,143937922177441,143937922182081
"MEMORY_COPY","MEMORY_COPY_HOST_TO_DEVICE",1,"Agent 0","Agent 2",120330,143937922348792,143937922354232
"MEMORY_COPY","MEMORY_COPY_DEVICE_TO_HOST",1,"Agent 2","Agent 0",120452,143937924189373,143937924194013
"MEMORY_COPY","MEMORY_COPY_DEVICE_TO_HOST",1,"Agent 2","Agent 0",120460,143937924301213,143937924305493
"MEMORY_COPY","MEMORY_COPY_HOST_TO_DEVICE",1,"Agent 0","Agent 2",120464,143937924448704,143937924453944
"MEMORY_COPY","MEMORY_COPY_DEVICE_TO_HOST",1,"Agent 2","Agent 0",120588,143937925965592,143937925969832
"MEMORY_COPY","MEMORY_COPY_DEVICE_TO_HOST",1,"Agent 2","Agent 0",120596,143937926078403,143937926082723
"MEMORY_COPY","MEMORY_COPY_HOST_TO_DEVICE",1,"Agent 0","Agent 2",120600,143937926230534,143937926235734
"MEMORY_COPY","MEMORY_COPY_DEVICE_TO_HOST",1,"Agent 2","Agent 0",120724,143937927734022,143937927738302
"MEMORY_COPY","MEMORY_COPY_DEVICE_TO_HOST",1,"Agent 2","Agent 0",120732,143937927847983,143937927852223
"MEMORY_COPY","MEMORY_COPY_HOST_TO_DEVICE",1,"Agent 0","Agent 2",120736,143937927999444,143937928004644
"MEMORY_COPY","MEMORY_COPY_DEVICE_TO_HOST",1,"Agent 2","Agent 0",120860,143937929660783,143937929665023
"MEMORY_COPY","MEMORY_COPY_DEVICE_TO_HOST",1,"Agent 2","Agent 0",120868,143937929773843,143937929778083
"MEMORY_COPY","MEMORY_COPY_HOST_TO_DEVICE",1,"Agent 0","Agent 2",120872,143937929923094,143937929928374
"MEMORY_COPY","MEMORY_COPY_DEVICE_TO_HOST",1,"Agent 2","Agent 0",120996,143937931504673,143937931509313
"MEMORY_COPY","MEMORY_COPY_DEVICE_TO_HOST",1,"Agent 2","Agent 0",121004,143937931617654,143937931621974
"MEMORY_COPY","MEMORY_COPY_HOST_TO_DEVICE",1,"Agent 0","Agent 2",121008,143937931755624,143937931760864
"MEMORY_COPY","MEMORY_COPY_DEVICE_TO_HOST",1,"Agent 2","Agent 0",121130,143937933445964,143937933450204
"MEMORY_COPY","MEMORY_COPY_DEVICE_TO_HOST",1,"Agent 2","Agent 0",121138,143937933604365,143937933608565
"MEMORY_COPY","MEMORY_COPY_HOST_TO_DEVICE",1,"Agent 0","Agent 2",121142,143937933752755,143937933757915
"MEMORY_COPY","MEMORY_COPY_DEVICE_TO_HOST",1,"Agent 2","Agent 0",121236,143937935034557,143937935039677
"MEMORY_COPY","MEMORY_COPY_DEVICE_TO_HOST",1,"Agent 2","Agent 0",121244,143937935177383,143937935182503
"MEMORY_COPY","MEMORY_COPY_HOST_TO_DEVICE",1,"Agent 0","Agent 2",121248,143937935493325,143937935499765
"MEMORY_COPY","MEMORY_COPY_DEVICE_TO_HOST",1,"Agent 2","Agent 0",121342,143937936801442,143937936806642
"MEMORY_COPY","MEMORY_COPY_DEVICE_TO_HOST",1,"Agent 2","Agent 0",121350,143937936951143,143937936956303
"MEMORY_COPY","MEMORY_COPY_HOST_TO_DEVICE",1,"Agent 0","Agent 2",121354,143937937267255,143937937273695
"MEMORY_COPY","MEMORY_COPY_DEVICE_TO_HOST",1,"Agent 2","Agent 0",121448,143937938544102,143937938549262
"MEMORY_COPY","MEMORY_COPY_DEVICE_TO_HOST",1,"Agent 2","Agent 0",121456,143937938773723,143937938779003
"MEMORY_COPY","MEMORY_COPY_HOST_TO_DEVICE",1,"Agent 0","Agent 2",121460,143937939106155,143937939112715
"MEMORY_COPY","MEMORY_COPY_DEVICE_TO_HOST",1,"Agent 2","Agent 0",121554,143937940438562,143937940443842
"MEMORY_COPY","MEMORY_COPY_DEVICE_TO_HOST",1,"Agent 2","Agent 0",121562,143937940610983,143937940616183
"MEMORY_COPY","MEMORY_COPY_HOST_TO_DEVICE",1,"Agent 0","Agent 2",121566,143937940893535,143937940899975
"MEMORY_COPY","MEMORY_COPY_DEVICE_TO_HOST",1,"Agent 2","Agent 0",121660,143937942347593,143937942352713
"MEMORY_COPY","MEMORY_COPY_DEVICE_TO_HOST",1,"Agent 2","Agent 0",121668,143937942522124,143937942527244
"MEMORY_COPY","MEMORY_COPY_HOST_TO_DEVICE",1,"Agent 0","Agent 2",121672,143937942800815,143937942807736
"MEMORY_COPY","MEMORY_COPY_DEVICE_TO_HOST",1,"Agent 2","Agent 0",121766,143937944166493,143937944171613
"MEMORY_COPY","MEMORY_COPY_DEVICE_TO_HOST",1,"Agent 2","Agent 0",121774,143937944316754,143937944321874
"MEMORY_COPY","MEMORY_COPY_HOST_TO_DEVICE",1,"Agent 0","Agent 2",121778,143937944599985,143937944606505
"MEMORY_COPY","MEMORY_COPY_DEVICE_TO_HOST",1,"Agent 2","Agent 0",121872,143937945976743,143937945981983
"MEMORY_COPY","MEMORY_COPY_DEVICE_TO_HOST",1,"Agent 2","Agent 0",121880,143937946157494,143937946162574
"MEMORY_COPY","MEMORY_COPY_HOST_TO_DEVICE",1,"Agent 0","Agent 2",121884,143937946465686,143937946472166
"MEMORY_COPY","MEMORY_COPY_DEVICE_TO_HOST",1,"Agent 2","Agent 0",121978,143937947839373,143937947844493
"MEMORY_COPY","MEMORY_COPY_DEVICE_TO_HOST",1,"Agent 2","Agent 0",121986,143937947986384,143937947991544
"MEMORY_COPY","MEMORY_COPY_HOST_TO_DEVICE",1,"Agent 0","Agent 2",121990,143937948301716,143937948308196
"MEMORY_COPY","MEMORY_COPY_DEVICE_TO_HOST",1,"Agent 2","Agent 0",122084,143937949586293,143937949591453
"MEMORY_COPY","MEMORY_COPY_DEVICE_TO_HOST",1,"Agent 2","Agent 0",122092,143937949760684,143937949765804
"MEMORY_COPY","MEMORY_COPY_HOST_TO_DEVICE",1,"Agent 0","Agent 2",122096,143937950091496,143937950097976
"MEMORY_COPY","MEMORY_COPY_DEVICE_TO_HOST",1,"Agent 2","Agent 0",122190,143937951727265,143937951732465
"MEMORY_COPY","MEMORY_COPY_DEVICE_TO_HOST",1,"Agent 2","Agent 0",122198,143937951926146,143937951931306
"MEMORY_COPY","MEMORY_COPY_HOST_TO_DEVICE",1,"Agent 0","Agent 2",122202,143937952249638,143937952256118
"MEMORY_COPY","MEMORY_COPY_DEVICE_TO_HOST",1,"Agent 2","Agent 0",122296,143937953606995,143937953612075
"MEMORY_COPY","MEMORY_COPY_DEVICE_TO_HOST",1,"Agent 2","Agent 0",122304,143937953788026,143937953793146
"MEMORY_COPY","MEMORY_COPY_HOST_TO_DEVICE",1,"Agent 0","Agent 2",122308,143937954107098,143937954113538
"MEMORY_COPY","MEMORY_COPY_DEVICE_TO_HOST",1,"Agent 2","Agent 0",122402,143937955409925,143937955415125
"MEMORY_COPY","MEMORY_COPY_DEVICE_TO_HOST",1,"Agent 2","Agent 0",122410,143937955557176,143937955562296
"MEMORY_COPY","MEMORY_COPY_HOST_TO_DEVICE",1,"Agent 0","Agent 2",122414,143937955852818,143937955859258
"MEMORY_COPY","MEMORY_COPY_DEVICE_TO_HOST",1,"Agent 2","Agent 0",122508,143937957372356,143937957377476
"MEMORY_COPY","MEMORY_COPY_DEVICE_TO_HOST",1,"Agent 2","Agent 0",122516,143937957521597,143937957526717
"MEMORY_COPY","MEMORY_COPY_HOST_TO_DEVICE",1,"Agent 0","Agent 2",122520,143937957809378,143937957815819
"MEMORY_COPY","MEMORY_COPY_DEVICE_TO_HOST",1,"Agent 2","Agent 0",122614,143937959166626,143937959171786
"MEMORY_COPY","MEMORY_COPY_DEVICE_TO_HOST",1,"Agent 2","Agent 0",122622,143937959315007,143937959320487
"MEMORY_COPY","MEMORY_COPY_HOST_TO_DEVICE",1,"Agent 0","Agent 2",122626,143937959592388,143937959598908
"MEMORY_COPY","MEMORY_COPY_DEVICE_TO_HOST",1,"Agent 2","Agent 0",122720,143937961166827,143937961171947
"MEMORY_COPY","MEMORY_COPY_DEVICE_TO_HOST",1,"Agent 2","Agent 0",122728,143937961311768,143937961316928
"MEMORY_COPY","MEMORY_COPY_HOST_TO_DEVICE",1,"Agent 0","Agent 2",122732,143937961602409,143937961608890
"MEMORY_COPY","MEMORY_COPY_DEVICE_TO_HOST",1,"Agent 2","Agent 0",122826,143937962875217,143937962880337
"MEMORY_COPY","MEMORY_COPY_DEVICE_TO_HOST",1,"Agent 2","Agent 0",122834,143937963045927,143937963051127
"MEMORY_COPY","MEMORY_COPY_HOST_TO_DEVICE",1,"Agent 0","Agent 2",122838,143937963299149,143937963305549
"MEMORY_COPY","MEMORY_COPY_DEVICE_TO_HOST",1,"Agent 2","Agent 0",122932,143937964709747,143937964714867
"MEMORY_COPY","MEMORY_COPY_DEVICE_TO_HOST",1,"Agent 2","Agent 0",122940,143937964861937,143937964867058
"MEMORY_COPY","MEMORY_COPY_HOST_TO_DEVICE",1,"Agent 0","Agent 2",122944,143937965287680,143937965294120
"MEMORY_COPY","MEMORY_COPY_DEVICE_TO_HOST",1,"Agent 2","Agent 0",123038,143937966634697,143937966639857
"MEMORY_COPY","MEMORY_COPY_DEVICE_TO_HOST",1,"Agent 2","Agent 0",123046,143937966781148,143937966786348
"MEMORY_COPY","MEMORY_COPY_HOST_TO_DEVICE",1,"Agent 0","Agent 2",123050,143937967032423,143937967038903
"MEMORY_COPY","MEMORY_COPY_DEVICE_TO_HOST",1,"Agent 2","Agent 0",123144,143937968344857,143937968349937
"MEMORY_COPY","MEMORY_COPY_DEVICE_TO_HOST",1,"Agent 2","Agent 0",123152,143937968492748,143937968497948
"MEMORY_COPY","MEMORY_COPY_HOST_TO_DEVICE",1,"Agent 0","Agent 2",123156,143937968739119,143937968746039
"MEMORY_COPY","MEMORY_COPY_DEVICE_TO_HOST",1,"Agent 2","Agent 0",123250,143937970470449,143937970475569
"MEMORY_COPY","MEMORY_COPY_DEVICE_TO_HOST",1,"Agent 2","Agent 0",123258,143937970617379,143937970622499
"MEMORY_COPY","MEMORY_COPY_HOST_TO_DEVICE",1,"Agent 0","Agent 2",123262,143937970878621,143937970885061
"MEMORY_COPY","MEMORY_COPY_DEVICE_TO_HOST",1,"Agent 2","Agent 0",123318,143937971762446,143937971767126
"MEMORY_COPY","MEMORY_COPY_DEVICE_TO_HOST",1,"Agent 2","Agent 0",123326,143937971895436,143937971900236
"MEMORY_COPY","MEMORY_COPY_DEVICE_TO_HOST",1,"Agent 2","Agent 0",123418,143937973042413,143937973046693
"MEMORY_COPY","MEMORY_COPY_DEVICE_TO_HOST",1,"Agent 2","Agent 0",123426,143937973156593,143937973160833
"MEMORY_COPY","MEMORY_COPY_HOST_TO_DEVICE",1,"Agent 0","Agent 2",123430,143937973322614,143937973327854
"MEMORY_COPY","MEMORY_COPY_DEVICE_TO_HOST",1,"Agent 2","Agent 0",123554,143937974996164,143937975000404
"MEMORY_COPY","MEMORY_COPY_DEVICE_TO_HOST",1,"Agent 2","Agent 0",123562,143937975144044,143937975148284
"MEMORY_COPY","MEMORY_COPY_HOST_TO_DEVICE",1,"Agent 0","Agent 2",123566,143937975337915,143937975343075
"MEMORY_COPY","MEMORY_COPY_DEVICE_TO_HOST",1,"Agent 2","Agent 0",123690,143937976863344,143937976867544
"MEMORY_COPY","MEMORY_COPY_DEVICE_TO_HOST",1,"Agent 2","Agent 0",123698,143937976976584,143937976980825
"MEMORY_COPY","MEMORY_COPY_HOST_TO_DEVICE",1,"Agent 0","Agent 2",123702,143937977152895,143937977158015
"MEMORY_COPY","MEMORY_COPY_DEVICE_TO_HOST",1,"Agent 2","Agent 0",123826,143937978675727,143937978679967
"MEMORY_COPY","MEMORY_COPY_DEVICE_TO_HOST",1,"Agent 2","Agent 0",123834,143937978789298,143937978793538
"MEMORY_COPY","MEMORY_COPY_HOST_TO_DEVICE",1,"Agent 0","Agent 2",123838,143937978939319,143937978944519
"MEMORY_COPY","MEMORY_COPY_DEVICE_TO_HOST",1,"Agent 2","Agent 0",123960,143937980844159,143937980848359
"MEMORY_COPY","MEMORY_COPY_DEVICE_TO_HOST",1,"Agent 2","Agent 0",123968,143937980958070,143937980962310
"MEMORY_COPY","MEMORY_COPY_HOST_TO_DEVICE",1,"Agent 0","Agent 2",123972,143937981164441,143937981169601
"MEMORY_COPY","MEMORY_COPY_DEVICE_TO_HOST",1,"Agent 2","Agent 0",124096,143937982662779,143937982667019
"MEMORY_COPY","MEMORY_COPY_DEVICE_TO_HOST",1,"Agent 2","Agent 0",124104,143937982780100,143937982784340
"MEMORY_COPY","MEMORY_COPY_HOST_TO_DEVICE",1,"Agent 0","Agent 2",124108,143937982949641,143937982954801
"MEMORY_COPY","MEMORY_COPY_DEVICE_TO_HOST",1,"Agent 2","Agent 0",124232,143937984485859,143937984490059
"MEMORY_COPY","MEMORY_COPY_DEVICE_TO_HOST",1,"Agent 2","Agent 0",124240,143937984600400,143937984604640
"MEMORY_COPY","MEMORY_COPY_HOST_TO_DEVICE",1,"Agent 0","Agent 2",124244,143937984761671,143937984766871
"MEMORY_COPY","MEMORY_COPY_DEVICE_TO_HOST",1,"Agent 2","Agent 0",124368,143937986509731,143937986514011
"MEMORY_COPY","MEMORY_COPY_DEVICE_TO_HOST",1,"Agent 2","Agent 0",124376,143937986624081,143937986628281
"MEMORY_COPY","MEMORY_COPY_HOST_TO_DEVICE",1,"Agent 0","Agent 2",124380,143937986781252,143937986786412
"MEMORY_COPY","MEMORY_COPY_DEVICE_TO_HOST",1,"Agent 2","Agent 0",124504,143937988305831,143937988310071
"MEMORY_COPY","MEMORY_COPY_DEVICE_TO_HOST",1,"Agent 2","Agent 0",124512,143937988420071,143937988424311
"MEMORY_COPY","MEMORY_COPY_HOST_TO_DEVICE",1,"Agent 0","Agent 2",124516,143937988575452,143937988580652
"MEMORY_COPY","MEMORY_COPY_DEVICE_TO_HOST",1,"Agent 2","Agent 0",124638,143937990490713,143937990494913
"MEMORY_COPY","MEMORY_COPY_DEVICE_TO_HOST",1,"Agent 2","Agent 0",124646,143937990604473,143937990608713
"MEMORY_COPY","MEMORY_COPY_HOST_TO_DEVICE",1,"Agent 0","Agent 2",124650,143937990758334,143937990763494
"MEMORY_COPY","MEMORY_COPY_DEVICE_TO_HOST",1,"Agent 2","Agent 0",124774,143937992332333,143937992336573
"MEMORY_COPY","MEMORY_COPY_DEVICE_TO_HOST",1,"Agent 2","Agent 0",124782,143937992454704,143937992458944
"MEMORY_COPY","MEMORY_COPY_HOST_TO_DEVICE",1,"Agent 0","Agent 2",124786,143937992611394,143937992616554
"MEMORY_COPY","MEMORY_COPY_DEVICE_TO_HOST",1,"Agent 2","Agent 0",124910,143937994169713,143937994173953
"MEMORY_COPY","MEMORY_COPY_DEVICE_TO_HOST",1,"Agent 2","Agent 0",124918,143937994289894,143937994294174
"MEMORY_COPY","MEMORY_COPY_HOST_TO_DEVICE",1,"Agent 0","Agent 2",124922,143937994677836,143937994683036
"MEMORY_COPY","MEMORY_COPY_DEVICE_TO_HOST",1,"Agent 2","Agent 0",125046,143937996385655,143937996389895
"MEMORY_COPY","MEMORY_COPY_DEVICE_TO_HOST",1,"Agent 2","Agent 0",125054,143937996506436,143937996510676
"MEMORY_COPY","MEMORY_COPY_HOST_TO_DEVICE",1,"Agent 0","Agent 2",125058,143937996661807,143937996666967
"MEMORY_COPY","MEMORY_COPY_DEVICE_TO_HOST",1,"Agent 2","Agent 0",125182,143937998289126,143937998293326
"MEMORY_COPY","MEMORY_COPY_DEVICE_TO_HOST",1,"Agent 2","Agent 0",125190,143937998410367,143937998414607
"MEMORY_COPY","MEMORY_COPY_HOST_TO_DEVICE",1,"Agent 0","Agent 2",125194,143937998565747,143937998570947
"MEMORY_COPY","MEMORY_COPY_DEVICE_TO_HOST",1,"Agent 2","Agent 0",125316,143938000552908,143938000557148
"MEMORY_COPY","MEMORY_COPY_DEVICE_TO_HOST",1,"Agent 2","Agent 0",125324,143938000675209,143938000679489
"MEMORY_COPY","MEMORY_COPY_HOST_TO_DEVICE",1,"Agent 0","Agent 2",125328,143938000833670,143938000838870
"MEMORY_COPY","MEMORY_COPY_DEVICE_TO_HOST",1,"Agent 2","Agent 0",125422,143938002251308,143938002256588
"MEMORY_COPY","MEMORY_COPY_DEVICE_TO_HOST",1,"Agent 2","Agent 0",125430,143938002407799,143938002413039
"MEMORY_COPY","MEMORY_COPY_HOST_TO_DEVICE",1,"Agent 0","Agent 2",125434,143938002702720,143938002709240
"MEMORY_COPY","MEMORY_COPY_DEVICE_TO_HOST",1,"Agent 2","Agent 0",125528,143938004073488,143938004078648
"MEMORY_COPY","MEMORY_COPY_DEVICE_TO_HOST",1,"Agent 2","Agent 0",125536,143938004228349,143938004233549
"MEMORY_COPY","MEMORY_COPY_HOST_TO_DEVICE",1,"Agent 0","Agent 2",125540,143938004541110,143938004547591
"MEMORY_COPY","MEMORY_COPY_DEVICE_TO_HOST",1,"Agent 2","Agent 0",125634,143938005898008,143938005903208
"MEMORY_COPY","MEMORY_COPY_DEVICE_TO_HOST",1,"Agent 2","Agent 0",125642,143938006050689,143938006055849
"MEMORY_COPY","MEMORY_COPY_HOST_TO_DEVICE",1,"Agent 0","Agent 2",125646,143938006355891,143938006362571
"MEMORY_COPY","MEMORY_COPY_DEVICE_TO_HOST",1,"Agent 2","Agent 0",125740,143938007873599,143938007878759
"MEMORY_COPY","MEMORY_COPY_DEVICE_TO_HOST",1,"Agent 2","Agent 0",125748,143938008049450,143938008055050
"MEMORY_COPY","MEMORY_COPY_HOST_TO_DEVICE",1,"Agent 0","Agent 2",125752,143938008327761,143938008334241
"MEMORY_COPY","MEMORY_COPY_DEVICE_TO_HOST",1,"Agent 2","Agent 0",125846,143938009910460,143938009915580
"MEMORY_COPY","MEMORY_COPY_DEVICE_TO_HOST",1,"Agent 2","Agent 0",125854,143938010061991,143938010067231
"MEMORY_COPY","MEMORY_COPY_HOST_TO_DEVICE",1,"Agent 0","Agent 2",125858,143938010363713,143938010370113
"MEMORY_COPY","MEMORY_COPY_DEVICE_TO_HOST",1,"Agent 2","Agent 0",125952,143938011713670,143938011718830
"MEMORY_COPY","MEMORY_COPY_DEVICE_TO_HOST",1,"Agent 2","Agent 0",125960,143938011865641,143938011870761
"MEMORY_COPY","MEMORY_COPY_HOST_TO_DEVICE",1,"Agent 0","Agent 2",125964,143938012158813,143938012165733
"MEMORY_COPY","MEMORY_COPY_DEVICE_TO_HOST",1,"Agent 2","Agent 0",126058,143938013640851,143938013645931
"MEMORY_COPY","MEMORY_COPY_DEVICE_TO_HOST",1,"Agent 2","Agent 0",126066,143938013792792,143938013797912
"MEMORY_COPY","MEMORY_COPY_HOST_TO_DEVICE",1,"Agent 0","Agent 2",126070,143938014133544,143938014140024
"MEMORY_COPY","MEMORY_COPY_DEVICE_TO_HOST",1,"Agent 2","Agent 0",126164,143938015460751,143938015465951
"MEMORY_COPY","MEMORY_COPY_DEVICE_TO_HOST",1,"Agent 2","Agent 0",126172,143938015612702,143938015617822
"MEMORY_COPY","MEMORY_COPY_HOST_TO_DEVICE",1,"Agent 0","Agent 2",126176,143938015890853,143938015897253
"MEMORY_COPY","MEMORY_COPY_DEVICE_TO_HOST",1,"Agent 2","Agent 0",126270,143938017282831,143938017287991
"MEMORY_COPY","MEMORY_COPY_DEVICE_TO_HOST",1,"Agent 2","Agent 0",126278,143938017445742,143938017450902
"MEMORY_COPY","MEMORY_COPY_HOST_TO_DEVICE",1,"Agent 0","Agent 2",126282,143938017743694,143938017750334
"MEMORY_COPY","MEMORY_COPY_DEVICE_TO_HOST",1,"Agent 2","Agent 0",126376,143938019489973,143938019495213
"MEMORY_COPY","MEMORY_COPY_DEVICE_TO_HOST",1,"Agent 2","Agent 0",126384,143938019639094,143938019644174
"MEMORY_COPY","MEMORY_COPY_HOST_TO_DEVICE",1,"Agent 0","Agent 2",126388,143938019930416,143938019936856
"MEMORY_COPY","MEMORY_COPY_DEVICE_TO_HOST",1,"Agent 2","Agent 0",126482,143938021281213,143938021286333
"MEMORY_COPY","MEMORY_COPY_DEVICE_TO_HOST",1,"Agent 2","Agent 0",126490,143938021432324,143938021437444
"MEMORY_COPY","MEMORY_COPY_HOST_TO_DEVICE",1,"Agent 0","Agent 2",126494,143938021725096,143938021731616
"MEMORY_COPY","MEMORY_COPY_DEVICE_TO_HOST",1,"Agent 2","Agent 0",126588,143938023098823,143938023104023
"MEMORY_COPY","MEMORY_COPY_DEVICE_TO_HOST",1,"Agent 2","Agent 0",126596,143938023254414,143938023259534
"MEMORY_COPY","MEMORY_COPY_HOST_TO_DEVICE",1,"Agent 0","Agent 2",126600,143938023579406,143938023585806
"MEMORY_COPY","MEMORY_COPY_DEVICE_TO_HOST",1,"Agent 2","Agent 0",126694,143938024932993,143938024938113
"MEMORY_COPY","MEMORY_COPY_DEVICE_TO_HOST",1,"Agent 2","Agent 0",126702,143938025194235,143938025199395
"MEMORY_COPY","MEMORY_COPY_HOST_TO_DEVICE",1,"Agent 0","Agent 2",126706,143938025532727,143938025539127
"MEMORY_COPY","MEMORY_COPY_DEVICE_TO_HOST",1,"Agent 2","Agent 0",126800,143938026903544,143938026909144
"MEMORY_COPY","MEMORY_COPY_DEVICE_TO_HOST",1,"Agent 2","Agent 0",126808,143938027054885,143938027059965
"MEMORY_COPY","MEMORY_COPY_HOST_TO_DEVICE",1,"Agent 0","Agent 2",126812,143938027367977,143938027374417
"MEMORY_COPY","MEMORY_COPY_DEVICE_TO_HOST",1,"Agent 2","Agent 0",126906,143938028927656,143938028932816
"MEMORY_COPY","MEMORY_COPY_DEVICE_TO_HOST",1,"Agent 2","Agent 0",126914,143938029080176,143938029085296
"MEMORY_COPY","MEMORY_COPY_HOST_TO_DEVICE",1,"Agent 0","Agent 2",126918,143938029380508,143938029386948
"MEMORY_COPY","MEMORY_COPY_DEVICE_TO_HOST",1,"Agent 2","Agent 0",127012,143938030743156,143938030748316
"MEMORY_COPY","MEMORY_COPY_DEVICE_TO_HOST",1,"Agent 2","Agent 0",127020,143938030949597,143938030954717
"MEMORY_COPY","MEMORY_COPY_HOST_TO_DEVICE",1,"Agent 0","Agent 2",127024,143938031258118,143938031264639
"MEMORY_COPY","MEMORY_COPY_DEVICE_TO_HOST",1,"Agent 2","Agent 0",127118,143938032783307,143938032788507
"MEMORY_COPY","MEMORY_COPY_DEVICE_TO_HOST",1,"Agent 2","Agent 0",127126,143938032934598,143938032939758
"MEMORY_COPY","MEMORY_COPY_HOST_TO_DEVICE",1,"Agent 0","Agent 2",127130,143938033234009,143938033240449
"MEMORY_COPY","MEMORY_COPY_DEVICE_TO_HOST",1,"Agent 2","Agent 0",127224,143938034555057,143938034560217
"MEMORY_COPY","MEMORY_COPY_DEVICE_TO_HOST",1,"Agent 2","Agent 0",127232,143938034706718,143938034711838
"MEMORY_COPY","MEMORY_COPY_HOST_TO_DEVICE",1,"Agent 0","Agent 2",127236,143938034955759,143938034962159
"MEMORY_COPY","MEMORY_COPY_DEVICE_TO_HOST",1,"Agent 2","Agent 0",127330,143938036261816,143938036267096
"MEMORY_COPY","MEMORY_COPY_DEVICE_TO_HOST",1,"Agent 2","Agent 0",127338,143938036414347,143938036419467
"MEMORY_COPY","MEMORY_COPY_HOST_TO_DEVICE",1,"Agent 0","Agent 2",127342,143938036692569,143938036699009
"MEMORY_COPY","MEMORY_COPY_DEVICE_TO_HOST",1,"Agent 2","Agent 0",127436,143938038451088,143938038456208
"MEMORY_COPY","MEMORY_COPY_DEVICE_TO_HOST",1,"Agent 2","Agent 0",127444,143938038602719,143938038607959
"MEMORY_COPY","MEMORY_COPY_HOST_TO_DEVICE",1,"Agent 0","Agent 2",127448,143938038894261,143938038900661
"MEMORY_COPY","MEMORY_COPY_DEVICE_TO_HOST",1,"Agent 2","Agent 0",127504,143938039709205,143938039713885
"MEMORY_COPY","MEMORY_COPY_DEVICE_TO_HOST",1,"Agent 2","Agent 0",127512,143938039846896,143938039851576
"MEMORY_COPY","MEMORY_COPY_DEVICE_TO_HOST",1,"Agent 2","Agent 0",127604,143938041051365,143938041055605
"MEMORY_COPY","MEMORY_COPY_DEVICE_TO_HOST",1,"Agent 2","Agent 0",127612,143938041170936,143938041175696
"MEMORY_COPY","MEMORY_COPY_HOST_TO_DEVICE",1,"Agent 0","Agent 2",127616,143938041365487,143938041370887
"MEMORY_COPY","MEMORY_COPY_DEVICE_TO_HOST",1,"Agent 2","Agent 0",127740,143938042982206,143938042986406
"MEMORY_COPY","MEMORY_COPY_DEVICE_TO_HOST",1,"Agent 2","Agent 0",127748,143938043134667,143938043138907
"MEMORY_COPY","MEMORY_COPY_HOST_TO_DEVICE",1,"Agent 0","Agent 2",127752,143938043373838,143938043378998
"MEMORY_COPY","MEMORY_COPY_DEVICE_TO_HOST",1,"Agent 2","Agent 0",127876,143938044901816,143938044906056
"MEMORY_COPY","MEMORY_COPY_DEVICE_TO_HOST",1,"Agent 2","Agent 0",127884,143938045049197,143938045053557
"MEMORY_COPY","MEMORY_COPY_HOST_TO_DEVICE",1,"Agent 0","Agent 2",127888,143938045225208,143938045230528
"MEMORY_COPY","MEMORY_COPY_DEVICE_TO_HOST",1,"Agent 2","Agent 0",128012,143938046781427,143938046785667
"MEMORY_COPY","MEMORY_COPY_DEVICE_TO_HOST",1,"Agent 2","Agent 0",128020,143938046898487,143938046902728
"MEMORY_COPY","MEMORY_COPY_HOST_TO_DEVICE",1,"Agent 0","Agent 2",128024,143938047093539,143938047098739
"MEMORY_COPY","MEMORY_COPY_DEVICE_TO_HOST",1,"Agent 2","Agent 0",128146,143938049171590,143938049175870
"MEMORY_COPY","MEMORY_COPY_DEVICE_TO_HOST",1,"Agent 2","Agent 0",128154,143938049286921,143938049291121
"MEMORY_COPY","MEMORY_COPY_HOST_TO_DEVICE",1,"Agent 0","Agent 2",128158,143938049478162,143938049483362
"MEMORY_COPY","MEMORY_COPY_DEVICE_TO_HOST",1,"Agent 2","Agent 0",128282,143938051329522,143938051333762
"MEMORY_COPY","MEMORY_COPY_DEVICE_TO_HOST",1,"Agent 2","Agent 0",128290,143938051472573,143938051476813
"MEMORY_COPY","MEMORY_COPY_HOST_TO_DEVICE",1,"Agent 0","Agent 2",128294,143938051642334,143938051647574
"MEMORY_COPY","MEMORY_COPY_DEVICE_TO_HOST",1,"Agent 2","Agent 0",128418,143938053208972,143938053213212
"MEMORY_COPY","MEMORY_COPY_DEVICE_TO_HOST",1,"Agent 2","Agent 0",128426,143938053326133,143938053330333
"MEMORY_COPY","MEMORY_COPY_HOST_TO_DEVICE",1,"Agent 0","Agent 2",128430,143938053510724,143938053516124
"MEMORY_COPY","MEMORY_COPY_DEVICE_TO_HOST",1,"Agent 2","Agent 0",128554,143938055300764,143938055305084
"MEMORY_COPY","MEMORY_COPY_DEVICE_TO_HOST",1,"Agent 2","Agent 0",128562,143938055440615,143938055444855
"MEMORY_COPY","MEMORY_COPY_HOST_TO_DEVICE",1,"Agent 0","Agent 2",128566,143938055622426,143938055627586
"MEMORY_COPY","MEMORY_COPY_DEVICE_TO_HOST",1,"Agent 2","Agent 0",128690,143938057217914,143938057222154
"MEMORY_COPY","MEMORY_COPY_DEVICE_TO_HOST",1,"Agent 2","Agent 0",128698,143938057356215,143938057360415
"MEMORY_COPY","MEMORY_COPY_HOST_TO_DEVICE",1,"Agent 0","Agent 2",128702,143938057513526,143938057518726
"MEMORY_COPY","MEMORY_COPY_DEVICE_TO_HOST",1,"Agent 2","Agent 0",128824,143938059547387,143938059551667
"MEMORY_COPY","MEMORY_COPY_DEVICE_TO_HOST",1,"Agent 2","Agent 0",128832,143938059664998,143938059669318
"MEMORY_COPY","MEMORY_COPY_HOST_TO_DEVICE",1,"Agent 0","Agent 2",128836,143938059821439,143938059826639
"MEMORY_COPY","MEMORY_COPY_DEVICE_TO_HOST",1,"Agent 2","Agent 0",128960,143938061449558,143938061454158
"MEMORY_COPY","MEMORY_COPY_DEVICE_TO_HOST",1,"Agent 2","Agent 0",128968,143938061568558,143938061572799
"MEMORY_COPY","MEMORY_COPY_HOST_TO_DEVICE",1,"Agent 0","Agent 2",128972,143938061726299,143938061731459
"MEMORY_COPY","MEMORY_COPY_DEVICE_TO_HOST",1,"Agent 2","Agent 0",129096,143938063300478,143938063304678
"MEMORY_COPY","MEMORY_COPY_DEVICE_TO_HOST",1,"Agent 2","Agent 0",129104,143938063441609,143938063445929
"MEMORY_COPY","MEMORY_COPY_HOST_TO_DEVICE",1,"Agent 0","Agent 2",129108,143938063596560,143938063601760
"MEMORY_COPY","MEMORY_COPY_DEVICE_TO_HOST",1,"Agent 2","Agent 0",129232,143938065328819,143938065333059
"MEMORY_COPY","MEMORY_COPY_DEVICE_TO_HOST",1,"Agent 2","Agent 0",129240,143938065444850,143938065449090
"MEMORY_COPY","MEMORY_COPY_HOST_TO_DEVICE",1,"Agent 0","Agent 2",129244,143938065600111,143938065605311
"MEMORY_COPY","MEMORY_COPY_DEVICE_TO_HOST",1,"Agent 2","Agent 0",129368,143938067171569,143938067175809
"MEMORY_COPY","MEMORY_COPY_DEVICE_TO_HOST",1,"Agent 2","Agent 0",129376,143938067288900,143938067293140
"MEMORY_COPY","MEMORY_COPY_HOST_TO_DEVICE",1,"Agent 0","Agent 2",129380,143938067466141,143938067471301
"MEMORY_COPY","MEMORY_COPY_DEVICE_TO_HOST",1,"Agent 2","Agent 0",129502,143938069458022,143938069462262
"MEMORY_COPY","MEMORY_COPY_DEVICE_TO_HOST",1,"Agent 2","Agent 0",129510,143938069586583,143938069590783
"MEMORY_COPY","MEMORY_COPY_HOST_TO_DEVICE",1,"Agent 0","Agent 2",129514,143938069746774,143938069751934
"MEMORY_COPY","MEMORY_COPY_DEVICE_TO_HOST",1,"Agent 2","Agent 0",129608,143938071074941,143938071080101
"MEMORY_COPY","MEMORY_COPY_DEVICE_TO_HOST",1,"Agent 2","Agent 0",129616,143938071229582,143938071234782
"MEMORY_COPY","MEMORY_COPY_HOST_TO_DEVICE",1,"Agent 0","Agent 2",129620,143938071546834,143938071553234
"MEMORY_COPY","MEMORY_COPY_DEVICE_TO_HOST",1,"Agent 2","Agent 0",129714,143938072923671,143938072928871
"MEMORY_COPY","MEMORY_COPY_DEVICE_TO_HOST",1,"Agent 2","Agent 0",129722,143938073075532,143938073080692
"MEMORY_COPY","MEMORY_COPY_HOST_TO_DEVICE",1,"Agent 0","Agent 2",129726,143938073376444,143938073382964
"MEMORY_COPY","MEMORY_COPY_DEVICE_TO_HOST",1,"Agent 2","Agent 0",129820,143938074739051,143938074744211
"MEMORY_COPY","MEMORY_COPY_DEVICE_TO_HOST",1,"Agent 2","Agent 0",129828,143938074890552,143938074895752
"MEMORY_COPY","MEMORY_COPY_HOST_TO_DEVICE",1,"Agent 0","Agent 2",129832,143938075216454,143938075222854
"MEMORY_COPY","MEMORY_COPY_DEVICE_TO_HOST",1,"Agent 2","Agent 0",129926,143938076723712,143938076728912
"MEMORY_COPY","MEMORY_COPY_DEVICE_TO_HOST",1,"Agent 2","Agent 0",129934,143938076877323,143938076882563
"MEMORY_COPY","MEMORY_COPY_HOST_TO_DEVICE",1,"Agent 0","Agent 2",129938,143938077194825,143938077201305
"MEMORY_COPY","MEMORY_COPY_DEVICE_TO_HOST",1,"Agent 2","Agent 0",130032,143938078899414,143938078904614
"MEMORY_COPY","MEMORY_COPY_DEVICE_TO_HOST",1,"Agent 2","Agent 0",130040,143938079052195,143938079057315
"MEMORY_COPY","MEMORY_COPY_HOST_TO_DEVICE",1,"Agent 0","Agent 2",130044,143938079349937,143938079356417
"MEMORY_COPY","MEMORY_COPY_DEVICE_TO_HOST",1,"Agent 2","Agent 0",130138,143938080788395,143938080793515
"MEMORY_COPY","MEMORY_COPY_DEVICE_TO_HOST",1,"Agent 2","Agent 0",130146,143938080939845,143938080945005
"MEMORY_COPY","MEMORY_COPY_HOST_TO_DEVICE",1,"Agent 0","Agent 2",130150,143938081261467,143938081267867
"MEMORY_COPY","MEMORY_COPY_DEVICE_TO_HOST",1,"Agent 2","Agent 0",130244,143938082660505,143938082665625
"MEMORY_COPY","MEMORY_COPY_DEVICE_TO_HOST",1,"Agent 2","Agent 0",130252,143938082812966,143938082818046
"MEMORY_COPY","MEMORY_COPY_HOST_TO_DEVICE",1,"Agent 0","Agent 2",130256,143938083129108,143938083135468
"MEMORY_COPY","MEMORY_COPY_DEVICE_TO_HOST",1,"Agent 2","Agent 0",130350,143938084464475,143938084469595
"MEMORY_COPY","MEMORY_COPY_DEVICE_TO_HOST",1,"Agent 2","Agent 0",130358,143938084614566,143938084619686
"MEMORY_COPY","MEMORY_COPY_HOST_TO_DEVICE",1,"Agent 0","Agent 2",130362,143938084895947,143938084902387
"MEMORY_COPY","MEMORY_COPY_DEVICE_TO_HOST",1,"Agent 2","Agent 0",130456,143938086281015,143938086286135
"MEMORY_COPY","MEMORY_COPY_DEVICE_TO_HOST",1,"Agent 2","Agent 0",130464,143938086430766,143938086435886
"MEMORY_COPY","MEMORY_COPY_HOST_TO_DEVICE",1,"Agent 0","Agent 2",130468,143938086732737,143938086739297
"MEMORY_COPY","MEMORY_COPY_DEVICE_TO_HOST",1,"Agent 2","Agent 0",130562,143938088591088,143938088596168
"MEMORY_COPY","MEMORY_COPY_DEVICE_TO_HOST",1,"Agent 2","Agent 0",130570,143938088743569,143938088748689
"MEMORY_COPY","MEMORY_COPY_HOST_TO_DEVICE",1,"Agent 0","Agent 2",130574,143938089068570,143938089075010
"MEMORY_COPY","MEMORY_COPY_DEVICE_TO_HOST",1,"Agent 2","Agent 0",130668,143938090430468,143938090435628
"MEMORY_COPY","MEMORY_COPY_DEVICE_TO_HOST",1,"Agent 2","Agent 0",130676,143938090584909,143938090590069
"MEMORY_COPY","MEMORY_COPY_HOST_TO_DEVICE",1,"Agent 0","Agent 2",130680,143938090895480,143938090901960
"MEMORY_COPY","MEMORY_COPY_DEVICE_TO_HOST",1,"Agent 2","Agent 0",130774,143938092282978,143938092288218
"MEMORY_COPY","MEMORY_COPY_DEVICE_TO_HOST",1,"Agent 2","Agent 0",130782,143938092461609,143938092466769
"MEMORY_COPY","MEMORY_COPY_HOST_TO_DEVICE",1,"Agent 0","Agent 2",130786,143938092764321,143938092770801
"MEMORY_COPY","MEMORY_COPY_DEVICE_TO_HOST",1,"Agent 2","Agent 0",130880,143938094163888,143938094169049
"MEMORY_COPY","MEMORY_COPY_DEVICE_TO_HOST",1,"Agent 2","Agent 0",130888,143938094434450,143938094439610
"MEMORY_COPY","MEMORY_COPY_HOST_TO_DEVICE",1,"Agent 0","Agent 2",130892,143938094728982,143938094735702
"MEMORY_COPY","MEMORY_COPY_DEVICE_TO_HOST",1,"Agent 2","Agent 0",130986,143938096200080,143938096205200
"MEMORY_COPY","MEMORY_COPY_DEVICE_TO_HOST",1,"Agent 2","Agent 0",130994,143938096352601,143938096357721
"MEMORY_COPY","MEMORY_COPY_HOST_TO_DEVICE",1,"Agent 0","Agent 2",130998,143938096631012,143938096637492
"MEMORY_COPY","MEMORY_COPY_DEVICE_TO_HOST",1,"Agent 2","Agent 0",131092,143938098282671,143938098287871
"MEMORY_COPY","MEMORY_COPY_DEVICE_TO_HOST",1,"Agent 2","Agent 0",131100,143938098432162,143938098437402
"MEMORY_COPY","MEMORY_COPY_HOST_TO_DEVICE",1,"Agent 0","Agent 2",131104,143938098699914,143938098706434
"MEMORY_COPY","MEMORY_COPY_DEVICE_TO_HOST",1,"Agent 2","Agent 0",131198,143938100050631,143938100055751
"MEMORY_COPY","MEMORY_COPY_DEVICE_TO_HOST",1,"Agent 2","Agent 0",131206,143938100206462,143938100211542
"MEMORY_COPY","MEMORY_COPY_HOST_TO_DEVICE",1,"Agent 0","Agent 2",131210,143938100479363,143938100485843
"MEMORY_COPY","MEMORY_COPY_DEVICE_TO_HOST",1,"Agent 2","Agent 0",131304,143938105559876,143938105565076
"MEMORY_COPY","MEMORY_COPY_DEVICE_TO_HOST",1,"Agent 2","Agent 0",131312,143938105714387,143938105719667
"MEMORY_COPY","MEMORY_COPY_HOST_TO_DEVICE",1,"Agent 0","Agent 2",131316,143938105957438,143938105964038
"MEMORY_COPY","MEMORY_COPY_DEVICE_TO_HOST",1,"Agent 2","Agent 0",131410,143938107335946,143938107341346
"MEMORY_COPY","MEMORY_COPY_DEVICE_TO_HOST",1,"Agent 2","Agent 0",131418,143938107490407,143938107495687
"MEMORY_COPY","MEMORY_COPY_HOST_TO_DEVICE",1,"Agent 0","Agent 2",131422,143938107721608,143938107728208
"MEMORY_COPY","MEMORY_COPY_DEVICE_TO_HOST",1,"Agent 2","Agent 0",131516,143938109151896,143938109157296
"MEMORY_COPY","MEMORY_COPY_DEVICE_TO_HOST",1,"Agent 2","Agent 0",131524,143938109308857,143938109314257
"MEMORY_COPY","MEMORY_COPY_HOST_TO_DEVICE",1,"Agent 0","Agent 2",131528,143938109573558,143938109580758
"MEMORY_COPY","MEMORY_COPY_DEVICE_TO_HOST",1,"Agent 2","Agent 0",131622,143938111402318,143938111407799
"MEMORY_COPY","MEMORY_COPY_DEVICE_TO_HOST",1,"Agent 2","Agent 0",131630,143938111557809,143938111563289
"MEMORY_COPY","MEMORY_COPY_HOST_TO_DEVICE",1,"Agent 0","Agent 2",131634,143938111817351,143938111824111
"MEMORY_COPY","MEMORY_COPY_DEVICE_TO_HOST",1,"Agent 2","Agent 0",131690,143938112737586,143938112742546
"MEMORY_COPY","MEMORY_COPY_DEVICE_TO_HOST",1,"Agent 2","Agent 0",131698,143938112875307,143938112880227
"MEMORY_COPY","MEMORY_COPY_DEVICE_TO_HOST",1,"Agent 2","Agent 0",131790,143938114196984,143938114201544
"MEMORY_COPY","MEMORY_COPY_DEVICE_TO_HOST",1,"Agent 2","Agent 0",131798,143938114318435,143938114323035
"MEMORY_COPY","MEMORY_COPY_HOST_TO_DEVICE",1,"Agent 0","Agent 2",131802,143938114490046,143938114495686
"MEMORY_COPY","MEMORY_COPY_DEVICE_TO_HOST",1,"Agent 2","Agent 0",131926,143938116122175,143938116126775
"MEMORY_COPY","MEMORY_COPY_DEVICE_TO_HOST",1,"Agent 2","Agent 0",131934,143938116256635,143938116261275
"MEMORY_COPY","MEMORY_COPY_HOST_TO_DEVICE",1,"Agent 0","Agent 2",131938,143938116450846,143938116456366
"MEMORY_COPY","MEMORY_COPY_DEVICE_TO_HOST",1,"Agent 2","Agent 0",132062,143938118225526,143938118230086
"MEMORY_COPY","MEMORY_COPY_DEVICE_TO_HOST",1,"Agent 2","Agent 0",132070,143938118346487,143938118351127
"MEMORY_COPY","MEMORY_COPY_HOST_TO_DEVICE",1,"Agent 0","Agent 2",132074,143938118522358,143938118527958
"MEMORY_COPY","MEMORY_COPY_DEVICE_TO_HOST",1,"Agent 2","Agent 0",132198,143938120115307,143938120119907
"MEMORY_COPY","MEMORY_COPY_DEVICE_TO_HOST",1,"Agent 2","Agent 0",132206,143938120236717,143938120241357
"MEMORY_COPY","MEMORY_COPY_HOST_TO_DEVICE",1,"Agent 0","Agent 2",132210,143938120417968,143938120423528
"MEMORY_COPY","MEMORY_COPY_DEVICE_TO_HOST",1,"Agent 2","Agent 0",132332,143938122574750,143938122579350
"MEMORY_COPY","MEMORY_COPY_DEVICE_TO_HOST",1,"Agent 2","Agent 0",132340,143938122695321,143938122699921
"MEMORY_COPY","MEMORY_COPY_HOST_TO_DEVICE",1,"Agent 0","Agent 2",132344,143938122861862,143938122867382
"MEMORY_COPY","MEMORY_COPY_DEVICE_TO_HOST",1,"Agent 2","Agent 0",132468,143938124485951,143938124490551
"MEMORY_COPY","MEMORY_COPY_DEVICE_TO_HOST",1,"Agent 2","Agent 0",132476,143938124621752,143938124626352
"MEMORY_COPY","MEMORY_COPY_HOST_TO_DEVICE",1,"Agent 0","Agent 2",132480,143938124796823,143938124802343
"MEMORY_COPY","MEMORY_COPY_DEVICE_TO_HOST",1,"Agent 2","Agent 0",132604,143938126412131,143938126416771
"MEMORY_COPY","MEMORY_COPY_DEVICE_TO_HOST",1,"Agent 2","Agent 0",132612,143938126533462,143938126538062
"MEMORY_COPY","MEMORY_COPY_HOST_TO_DEVICE",1,"Agent 0","Agent 2",132616,143938126699933,143938126705493
"MEMORY_COPY","MEMORY_COPY_DEVICE_TO_HOST",1,"Agent 2","Agent 0",132740,143938128537273,143938128541873
"MEMORY_COPY","MEMORY_COPY_DEVICE_TO_HOST",1,"Agent 2","Agent 0",132748,143938128657794,143938128662434
"MEMORY_COPY","MEMORY_COPY_HOST_TO_DEVICE",1,"Agent 0","Agent 2",132752,143938128823565,143938128829125
"MEMORY_COPY","MEMORY_COPY_DEVICE_TO_HOST",1,"Agent 2","Agent 0",132876,143938130487604,143938130492244
"MEMORY_COPY","MEMORY_COPY_DEVICE_TO_HOST",1,"Agent 2","Agent 0",132884,143938130607125,143938130611725
"MEMORY_COPY","MEMORY_COPY_HOST_TO_DEVICE",1,"Agent 0","Agent 2",132888,143938130765956,143938130771516
"MEMORY_COPY","MEMORY_COPY_DEVICE_TO_HOST",1,"Agent 2","Agent 0",133010,143938132891087,143938132895647
"MEMORY_COPY","MEMORY_COPY_DEVICE_TO_HOST",1,"Agent 2","Agent 0",133018,143938133046748,143938133051348
"MEMORY_COPY","MEMORY_COPY_HOST_TO_DEVICE",1,"Agent 0","Agent 2",133022,143938133211369,143938133216889
"MEMORY_COPY","MEMORY_COPY_DEVICE_TO_HOST",1,"Agent 2","Agent 0",133146,143938134796808,143938134801368
"MEMORY_COPY","MEMORY_COPY_DEVICE_TO_HOST",1,"Agent 2","Agent 0",133154,143938134920048,143938134924968
"MEMORY_COPY","MEMORY_COPY_HOST_TO_DEVICE",1,"Agent 0","Agent 2",133158,143938135089559,143938135095039
"MEMORY_COPY","MEMORY_COPY_DEVICE_TO_HOST",1,"Agent 2","Agent 0",133282,143938136695368,143938136699888
"MEMORY_COPY","MEMORY_COPY_DEVICE_TO_HOST",1,"Agent 2","Agent 0",133290,143938136874619,143938136879139
"MEMORY_COPY","MEMORY_COPY_HOST_TO_DEVICE",1,"Agent 0","Agent 2",133294,143938137067030,143938137072430
"MEMORY_COPY","MEMORY_COPY_DEVICE_TO_HOST",1,"Agent 2","Agent 0",133418,143938138866700,143938138871140
"MEMORY_COPY","MEMORY_COPY_DEVICE_TO_HOST",1,"Agent 2","Agent 0",133426,143938138988891,143938138993331
"MEMORY_COPY","MEMORY_COPY_HOST_TO_DEVICE",1,"Agent 0","Agent 2",133430,143938139186602,143938139192002
"MEMORY_COPY","MEMORY_COPY_DEVICE_TO_HOST",1,"Agent 2","Agent 0",133554,143938140779891,143938140784251
"MEMORY_COPY","MEMORY_COPY_DEVICE_TO_HOST",1,"Agent 2","Agent 0",133562,143938140902302,143938140906702
"MEMORY_COPY","MEMORY_COPY_HOST_TO_DEVICE",1,"Agent 0","Agent 2",133566,143938141091813,143938141097093
"MEMORY_COPY","MEMORY_COPY_DEVICE_TO_HOST",1,"Agent 2","Agent 0",133688,143938143051733,143938143056013
"MEMORY_COPY","MEMORY_COPY_DEVICE_TO_HOST",1,"Agent 2","Agent 0",133696,143938143175334,143938143179694
"MEMORY_COPY","MEMORY_COPY_HOST_TO_DEVICE",1,"Agent 0","Agent 2",133700,143938143332265,143938143337625
"MEMORY_COPY","MEMORY_COPY_DEVICE_TO_HOST",1,"Agent 2","Agent 0",133794,143938144825993,143938144831153
"MEMORY_COPY","MEMORY_COPY_DEVICE_TO_HOST",1,"Agent 2","Agent 0",133802,143938144981114,143938144986394
"MEMORY_COPY","MEMORY_COPY_HOST_TO_DEVICE",1,"Agent 0","Agent 2",133806,143938145319576,143938145326056
"MEMORY_COPY","MEMORY_COPY_DEVICE_TO_HOST",1,"Agent 2","Agent 0",133900,143938146827124,143938146832444
"MEMORY_COPY","MEMORY_COPY_DEVICE_TO_HOST",1,"Agent 2","Agent 0",133908,143938146981545,143938146986665
"MEMORY_COPY","MEMORY_COPY_HOST_TO_DEVICE",1,"Agent 0","Agent 2",133912,143938147265227,143938147271667
"MEMORY_COPY","MEMORY_COPY_DEVICE_TO_HOST",1,"Agent 2","Agent 0",134006,143938148649774,143938148654854
"MEMORY_COPY","MEMORY_COPY_DEVICE_TO_HOST",1,"Agent 2","Agent 0",134014,143938148805185,143938148810385
"MEMORY_COPY","MEMORY_COPY_HOST_TO_DEVICE",1,"Agent 0","Agent 2",134018,143938149129497,143938149135897
"MEMORY_COPY","MEMORY_COPY_DEVICE_TO_HOST",1,"Agent 2","Agent 0",134112,143938150640395,143938150645595
"MEMORY_COPY","MEMORY_COPY_DEVICE_TO_HOST",1,"Agent 2","Agent 0",134120,143938150796966,143938150802086
"MEMORY_COPY","MEMORY_COPY_HOST_TO_DEVICE",1,"Agent 0","Agent 2",134124,143938151114618,143938151121058
"MEMORY_COPY","MEMORY_COPY_DEVICE_TO_HOST",1,"Agent 2","Agent 0",134218,143938152862368,143938152867488
"MEMORY_COPY","MEMORY_COPY_DEVICE_TO_HOST",1,"Agent 2","Agent 0",134226,143938153047499,143938153052659
"MEMORY_COPY","MEMORY_COPY_HOST_TO_DEVICE",1,"Agent 0","Agent 2",134230,143938153331590,143938153337990
"MEMORY_COPY","MEMORY_COPY_DEVICE_TO_HOST",1,"Agent 2","Agent 0",134324,143938154662898,143938154667978
"MEMORY_COPY","MEMORY_COPY_DEVICE_TO_HOST",1,"Agent 2","Agent 0",134332,143938154813638,143938154818798
"MEMORY_COPY","MEMORY_COPY_HOST_TO_DEVICE",1,"Agent 0","Agent 2",134336,143938155133010,143938155139450
"MEMORY_COPY","MEMORY_COPY_DEVICE_TO_HOST",1,"Agent 2","Agent 0",134430,143938156651529,143938156656649
"MEMORY_COPY","MEMORY_COPY_DEVICE_TO_HOST",1,"Agent 2","Agent 0",134438,143938156803339,143938156808539
"MEMORY_COPY","MEMORY_COPY_HOST_TO_DEVICE",1,"Agent 0","Agent 2",134442,143938157122071,143938157128551
"MEMORY_COPY","MEMORY_COPY_DEVICE_TO_HOST",1,"Agent 2","Agent 0",134536,143938158492669,143938158497789
"MEMORY_COPY","MEMORY_COPY_DEVICE_TO_HOST",1,"Agent 2","Agent 0",134544,143938158664720,143938158669880
"MEMORY_COPY","MEMORY_COPY_HOST_TO_DEVICE",1,"Agent 0","Agent 2",134548,143938158945471,143938158951911
"MEMORY_COPY","MEMORY_COPY_DEVICE_TO_HOST",1,"Agent 2","Agent 0",134642,143938160280909,143938160286149
"MEMORY_COPY","MEMORY_COPY_DEVICE_TO_HOST",1,"Agent 2","Agent 0",134650,143938160432369,143938160437610
"MEMORY_COPY","MEMORY_COPY_HOST_TO_DEVICE",1,"Agent 0","Agent 2",134654,143938160727811,143938160734291
"MEMORY_COPY","MEMORY_COPY_DEVICE_TO_HOST",1,"Agent 2","Agent 0",134748,143938162555601,143938162560801
"MEMORY_COPY","MEMORY_COPY_DEVICE_TO_HOST",1,"Agent 2","Agent 0",134756,143938162786312,143938162791473
"MEMORY_COPY","MEMORY_COPY_HOST_TO_DEVICE",1,"Agent 0","Agent 2",134760,143938163111484,143938163117964
"MEMORY_COPY","MEMORY_COPY_DEVICE_TO_HOST",1,"Agent 2","Agent 0",134854,143938164489712,143938164494872
"MEMORY_COPY","MEMORY_COPY_DEVICE_TO_HOST",1,"Agent 2","Agent 0",134862,143938164640433,143938164645633
"MEMORY_COPY","MEMORY_COPY_HOST_TO_DEVICE",1,"Agent 0","Agent 2",134866,143938164928434,143938164934874
"MEMORY_COPY","MEMORY_COPY_DEVICE_TO_HOST",1,"Agent 2","Agent 0",134960,143938166294402,143938166299562
"MEMORY_COPY","MEMORY_COPY_DEVICE_TO_HOST",1,"Agent 2","Agent 0",134968,143938166472843,143938166477963
"MEMORY_COPY","MEMORY_COPY_HOST_TO_DEVICE",1,"Agent 0","Agent 2",134972,143938166771495,143938166778015
"MEMORY_COPY","MEMORY_COPY_DEVICE_TO_HOST",1,"Agent 2","Agent 0",135066,143938168149686,143938168154806
"MEMORY_COPY","MEMORY_COPY_DEVICE_TO_HOST",1,"Agent 2","Agent 0",135074,143938168302046,143938168307246
"MEMORY_COPY","MEMORY_COPY_HOST_TO_DEVICE",1,"Agent 0","Agent 2",135078,143938168617398,143938168624118
"MEMORY_COPY","MEMORY_COPY_DEVICE_TO_HOST",1,"Agent 2","Agent 0",135172,143938170107736,143938170112976
"MEMORY_COPY","MEMORY_COPY_DEVICE_TO_HOST",1,"Agent 2","Agent 0",135180,143938170261027,143938170266187
"MEMORY_COPY","MEMORY_COPY_HOST_TO_DEVICE",1,"Agent 0","Agent 2",135184,143938170563639,143938170570079
"MEMORY_COPY","MEMORY_COPY_DEVICE_TO_HOST",1,"Agent 2","Agent 0",135278,143938172380519,143938172386079
"MEMORY_COPY","MEMORY_COPY_DEVICE_TO_HOST",1,"Agent 2","Agent 0",135286,143938172532820,143938172537980
"MEMORY_COPY","MEMORY_COPY_HOST_TO_DEVICE",1,"Agent 0","Agent 2",135290,143938172803221,143938172809661
"MEMORY_COPY","MEMORY_COPY_DEVICE_TO_HOST",1,"Agent 2","Agent 0",135384,143938174169699,143938174174819
"MEMORY_COPY","MEMORY_COPY_DEVICE_TO_HOST",1,"Agent 2","Agent 0",135392,143938174320360,143938174325480
"MEMORY_COPY","MEMORY_COPY_HOST_TO_DEVICE",1,"Agent 0","Agent 2",135396,143938174600241,143938174606961
"MEMORY_COPY","MEMORY_COPY_DEVICE_TO_HOST",1,"Agent 2","Agent 0",135490,143938176155460,143938176160580
"MEMORY_COPY","MEMORY_COPY_DEVICE_TO_HOST",1,"Agent 2","Agent 0",135498,143938176307291,143938176312491
"MEMORY_COPY","MEMORY_COPY_HOST_TO_DEVICE",1,"Agent 0","Agent 2",135502,143938176576852,143938176583292
"MEMORY_COPY","MEMORY_COPY_DEVICE_TO_HOST",1,"Agent 2","Agent 0",135596,143938177950190,143938177955430
"MEMORY_COPY","MEMORY_COPY_DEVICE_TO_HOST",1,"Agent 2","Agent 0",135604,143938178101221,143938178106341
"MEMORY_COPY","MEMORY_COPY_HOST_TO_DEVICE",1,"Agent 0","Agent 2",135608,143938178335532,143938178341972
"MEMORY_COPY","MEMORY_COPY_DEVICE_TO_HOST",1,"Agent 2","Agent 0",135702,143938179672830,143938179677910
"MEMORY_COPY","MEMORY_COPY_DEVICE_TO_HOST",1,"Agent 2","Agent 0",135710,143938179824700,143938179829860
"MEMORY_COPY","MEMORY_COPY_HOST_TO_DEVICE",1,"Agent 0","Agent 2",135714,143938180112892,143938180119332
"MEMORY_COPY","MEMORY_COPY_DEVICE_TO_HOST",1,"Agent 2","Agent 0",135808,143938182073113,143938182078313
"MEMORY_COPY","MEMORY_COPY_DEVICE_TO_HOST",1,"Agent 2","Agent 0",135816,143938182244504,143938182249624
"MEMORY_COPY","MEMORY_COPY_HOST_TO_DEVICE",1,"Agent 0","Agent 2",135820,143938182535135,143938182541535
"MEMORY_COPY","MEMORY_COPY_DEVICE_TO_HOST",1,"Agent 2","Agent 0",135876,143938183400360,143938183405480
"MEMORY_COPY","MEMORY_COPY_DEVICE_TO_HOST",1,"Agent 2","Agent 0",135884,143938183541731,143938183546371
"MEMORY_COPY","MEMORY_COPY_DEVICE_TO_HOST",1,"Agent 2","Agent 0",135976,143938184823548,143938184827788
"MEMORY_COPY","MEMORY_COPY_DEVICE_TO_HOST",1,"Agent 2","Agent 0",135984,143938184938849,143938184943089
"MEMORY_COPY","MEMORY_COPY_HOST_TO_DEVICE",1,"Agent 0","Agent 2",135988,143938185145160,143938185150480
"MEMORY_COPY","MEMORY_COPY_DEVICE_TO_HOST",1,"Agent 2","Agent 0",136112,143938186728099,143938186732299
"MEMORY_COPY","MEMORY_COPY_DEVICE_TO_HOST",1,"Agent 2","Agent 0",136120,143938186844509,143938186848789
"MEMORY_COPY","MEMORY_COPY_HOST_TO_DEVICE",1,"Agent 0","Agent 2",136124,143938187052080,143938187057640
"MEMORY_COPY","MEMORY_COPY_DEVICE_TO_HOST",1,"Agent 2","Agent 0",136248,143938188801370,143938188805570
"MEMORY_COPY","MEMORY_COPY_DEVICE_TO_HOST",1,"Agent 2","Agent 0",136256,143938188919051,143938188923291
"MEMORY_COPY","MEMORY_COPY_HOST_TO_DEVICE",1,"Agent 0","Agent 2",136260,143938189129282,143938189134442
"MEMORY_COPY","MEMORY_COPY_DEVICE_TO_HOST",1,"Agent 2","Agent 0",136384,143938190684101,143938190688341
"MEMORY_COPY","MEMORY_COPY_DEVICE_TO_HOST",1,"Agent 2","Agent 0",136392,143938190800611,143938190804931
"MEMORY_COPY","MEMORY_COPY_HOST_TO_DEVICE",1,"Agent 0","Agent 2",136396,143938190952962,143938190958202
"MEMORY_COPY","MEMORY_COPY_DEVICE_TO_HOST",1,"Agent 2","Agent 0",136518,143938193171694,143938193175934
"MEMORY_COPY","MEMORY_COPY_DEVICE_TO_HOST",1,"Agent 2","Agent 0",136526,143938193287475,143938193291715
"MEMORY_COPY","MEMORY_COPY_HOST_TO_DEVICE",1,"Agent 0","Agent 2",136530,143938193478376,143938193483536
"MEMORY_COPY","MEMORY_COPY_DEVICE_TO_HOST",1,"Agent 2","Agent 0",136654,143938195141795,143938195146035
"MEMORY_COPY","MEMORY_COPY_DEVICE_TO_HOST",1,"Agent 2","Agent 0",136662,143938195257336,143938195261576
"MEMORY_COPY","MEMORY_COPY_HOST_TO_DEVICE",1,"Agent 0","Agent 2",136666,143938195452147,143938195457307
"MEMORY_COPY","MEMORY_COPY_DEVICE_TO_HOST",1,"Agent 2","Agent 0",136790,143938197051986,143938197056346
"MEMORY_COPY","MEMORY_COPY_DEVICE_TO_HOST",1,"Agent 2","Agent 0",136798,143938197169917,143938197174197
"MEMORY_COPY","MEMORY_COPY_HOST_TO_DEVICE",1,"Agent 0","Agent 2",136802,143938197335218,143938197340538
"MEMORY_COPY","MEMORY_COPY_DEVICE_TO_HOST",1,"Agent 2","Agent 0",136926,143938199133237,143938199137478
"MEMORY_COPY","MEMORY_COPY_DEVICE_TO_HOST",1,"Agent 2","Agent 0",136934,143938199250278,143938199254558
"MEMORY_COPY","MEMORY_COPY_HOST_TO_DEVICE",1,"Agent 0","Agent 2",136938,143938199432469,143938199437709
"MEMORY_COPY","MEMORY_COPY_DEVICE_TO_HOST",1,"Agent 2","Agent 0",137062,143938200993678,143938200997918
"MEMORY_COPY","MEMORY_COPY_DEVICE_TO_HOST",1,"Agent 2","Agent 0",137070,143938201143399,143938201147639
"MEMORY_COPY","MEMORY_COPY_HOST_TO_DEVICE",1,"Agent 0","Agent 2",137074,143938201299340,143938201304540
"MEMORY_COPY","MEMORY_COPY_DEVICE_TO_HOST",1,"Agent 2","Agent 0",137196,143938203301841,143938203306081
"MEMORY_COPY","MEMORY_COPY_DEVICE_TO_HOST",1,"Agent 2","Agent 0",137204,143938203586552,143938203590792
"MEMORY_COPY","MEMORY_COPY_HOST_TO_DEVICE",1,"Agent 0","Agent 2",137208,143938203743683,143938203748843
"MEMORY_COPY","MEMORY_COPY_DEVICE_TO_HOST",1,"Agent 2","Agent 0",137332,143938205329142,143938205333342
"MEMORY_COPY","MEMORY_COPY_DEVICE_TO_HOST",1,"Agent 2","Agent 0",137340,143938205445453,143938205449693
"MEMORY_COPY","MEMORY_COPY_HOST_TO_DEVICE",1,"Agent 0","Agent 2",137344,143938205603953,143938205609153
"MEMORY_COPY","MEMORY_COPY_DEVICE_TO_HOST",1,"Agent 2","Agent 0",137468,143938207222472,143938207226712
"MEMORY_COPY","MEMORY_COPY_DEVICE_TO_HOST",1,"Agent 2","Agent 0",137476,143938207339213,143938207343453
"MEMORY_COPY","MEMORY_COPY_HOST_TO_DEVICE",1,"Agent 0","Agent 2",137480,143938207492674,143938207497914
"MEMORY_COPY","MEMORY_COPY_DEVICE_TO_HOST",1,"Agent 2","Agent 0",137604,143938209284994,143938209289274
"MEMORY_COPY","MEMORY_COPY_DEVICE_TO_HOST",1,"Agent 2","Agent 0",137612,143938209402764,143938209407045
"MEMORY_COPY","MEMORY_COPY_HOST_TO_DEVICE",1,"Agent 0","Agent 2",137616,143938209578845,143938209584165
"MEMORY_COPY","MEMORY_COPY_DEVICE_TO_HOST",1,"Agent 2","Agent 0",137740,143938211109334,143938211113574
"MEMORY_COPY","MEMORY_COPY_DEVICE_TO_HOST",1,"Agent 2","Agent 0",137748,143938211225955,143938211230195
"MEMORY_COPY","MEMORY_COPY_HOST_TO_DEVICE",1,"Agent 0","Agent 2",137752,143938211395846,143938211401086
"MEMORY_COPY","MEMORY_COPY_DEVICE_TO_HOST",1,"Agent 2","Agent 0",137874,143938213453177,143938213457417
"MEMORY_COPY","MEMORY_COPY_DEVICE_TO_HOST",1,"Agent 2","Agent 0",137882,143938213570448,143938213574688
"MEMORY_COPY","MEMORY_COPY_HOST_TO_DEVICE",1,"Agent 0","Agent 2",137886,143938213729258,143938213734499
"MEMORY_COPY","MEMORY_COPY_DEVICE_TO_HOST",1,"Agent 2","Agent 0",137980,143938215254237,143938215259397
"MEMORY_COPY","MEMORY_COPY_DEVICE_TO_HOST",1,"Agent 2","Agent 0",137988,143938215407558,143938215412678
"MEMORY_COPY","MEMORY_COPY_HOST_TO_DEVICE",1,"Agent 0","Agent 2",137992,143938215723510,143938215729950
"MEMORY_COPY","MEMORY_COPY_DEVICE_TO_HOST",1,"Agent 2","Agent 0",138086,143938217074077,143938217079157
"MEMORY_COPY","MEMORY_COPY_DEVICE_TO_HOST",1,"Agent 2","Agent 0",138094,143938217226828,143938217231988
"MEMORY_COPY","MEMORY_COPY_HOST_TO_DEVICE",1,"Agent 0","Agent 2",138098,143938217523470,143938217529950
"MEMORY_COPY","MEMORY_COPY_DEVICE_TO_HOST",1,"Agent 2","Agent 0",138192,143938218867827,143938218872987
"MEMORY_COPY","MEMORY_COPY_DEVICE_TO_HOST",1,"Agent 2","Agent 0",138200,143938219050408,143938219055528
"MEMORY_COPY","MEMORY_COPY_HOST_TO_DEVICE",1,"Agent 0","Agent 2",138204,143938219337720,143938219344160
"MEMORY_COPY","MEMORY_COPY_DEVICE_TO_HOST",1,"Agent 2","Agent 0",138298,143938220852498,143938220858018
"MEMORY_COPY","MEMORY_COPY_DEVICE_TO_HOST",1,"Agent 2","Agent 0",138306,143938221003299,143938221008459
"MEMORY_COPY","MEMORY_COPY_HOST_TO_DEVICE",1,"Agent 0","Agent 2",138310,143938221307981,143938221314421
"MEMORY_COPY","MEMORY_COPY_DEVICE_TO_HOST",1,"Agent 2","Agent 0",138404,143938223004070,143938223009310
"MEMORY_COPY","MEMORY_COPY_DEVICE_TO_HOST",1,"Agent 2","Agent 0",138412,143938223179031,143938223184151
"MEMORY_COPY","MEMORY_COPY_HOST_TO_DEVICE",1,"Agent 0","Agent 2",138416,143938223481253,143938223487733
"MEMORY_COPY","MEMORY_COPY_DEVICE_TO_HOST",1,"Agent 2","Agent 0",138510,143938224853060,143938224858180
"MEMORY_COPY","MEMORY_COPY_DEVICE_TO_HOST",1,"Agent 2","Agent 0",138518,143938225004761,143938225009841
"MEMORY_COPY","MEMORY_COPY_HOST_TO_DEVICE",1,"Agent 0","Agent 2",138522,143938225316393,143938225322873
"MEMORY_COPY","MEMORY_COPY_DEVICE_TO_HOST",1,"Agent 2","Agent 0",138616,143938226794281,143938226799481
"MEMORY_COPY","MEMORY_COPY_DEVICE_TO_HOST",1,"Agent 2","Agent 0",138624,143938226946232,143938226951512
"MEMORY_COPY","MEMORY_COPY_HOST_TO_DEVICE",1,"Agent 0","Agent 2",138628,143938227261064,143938227267584
"MEMORY_COPY","MEMORY_COPY_DEVICE_TO_HOST",1,"Agent 2","Agent 0",138722,143938228598931,143938228604051
"MEMORY_COPY","MEMORY_COPY_DEVICE_TO_HOST",1,"Agent 2","Agent 0",138730,143938228798042,143938228803162
"MEMORY_COPY","MEMORY_COPY_HOST_TO_DEVICE",1,"Agent 0","Agent 2",138734,143938229112764,143938229119324
"MEMORY_COPY","MEMORY_COPY_DEVICE_TO_HOST",1,"Agent 2","Agent 0",138828,143938230488923,143938230494163
"MEMORY_COPY","MEMORY_COPY_DEVICE_TO_HOST",1,"Agent 2","Agent 0",138836,143938230642774,143938230647934
"MEMORY_COPY","MEMORY_COPY_HOST_TO_DEVICE",1,"Agent 0","Agent 2",138840,143938230964746,143938230971226
"MEMORY_COPY","MEMORY_COPY_DEVICE_TO_HOST",1,"Agent 2","Agent 0",138934,143938232775226,143938232780506
"MEMORY_COPY","MEMORY_COPY_DEVICE_TO_HOST",1,"Agent 2","Agent 0",138942,143938232925497,143938232930657
"MEMORY_COPY","MEMORY_COPY_HOST_TO_DEVICE",1,"Agent 0","Agent 2",138946,143938233252159,143938233258599
"MEMORY_COPY","MEMORY_COPY_DEVICE_TO_HOST",1,"Agent 2","Agent 0",139040,143938234754997,143938234760157
"MEMORY_COPY","MEMORY_COPY_DEVICE_TO_HOST",1,"Agent 2","Agent 0",139048,143938234904898,143938234910018
"MEMORY_COPY","MEMORY_COPY_HOST_TO_DEVICE",1,"Agent 0","Agent 2",139052,143938235233730,143938235240250
"MEMORY_COPY","MEMORY_COPY_DEVICE_TO_HOST",1,"Agent 2","Agent 0",139146,143938236589177,143938236594377
"MEMORY_COPY","MEMORY_COPY_DEVICE_TO_HOST",1,"Agent 2","Agent 0",139154,143938236740368,143938236745528
"MEMORY_COPY","MEMORY_COPY_HOST_TO_DEVICE",1,"Agent 0","Agent 2",139158,143938237080170,143938237087050
"MEMORY_COPY","MEMORY_COPY_DEVICE_TO_HOST",1,"Agent 2","Agent 0",139252,143938238426497,143938238431657
"MEMORY_COPY","MEMORY_COPY_DEVICE_TO_HOST",1,"Agent 2","Agent 0",139260,143938238578278,143938238583438
"MEMORY_COPY","MEMORY_COPY_HOST_TO_DEVICE",1,"Agent 0","Agent 2",139264,143938238874050,143938238880530
"MEMORY_COPY","MEMORY_COPY_DEVICE_TO_HOST",1,"Agent 2","Agent 0",139358,143938240399168,143938240404288
"MEMORY_COPY","MEMORY_COPY_DEVICE_TO_HOST",1,"Agent 2","Agent 0",139366,143938240552639,143938240557799
"MEMORY_COPY","MEMORY_COPY_HOST_TO_DEVICE",1,"Agent 0","Agent 2",139370,143938240869891,143938240876531
"MEMORY_COPY","MEMORY_COPY_DEVICE_TO_HOST",1,"Agent 2","Agent 0",139464,143938242705341,143938242710461
"MEMORY_COPY","MEMORY_COPY_DEVICE_TO_HOST",1,"Agent 2","Agent 0",139472,143938242856322,143938242861482
"MEMORY_COPY","MEMORY_COPY_HOST_TO_DEVICE",1,"Agent 0","Agent 2",139476,143938243172134,143938243178614
"MEMORY_COPY","MEMORY_COPY_DEVICE_TO_HOST",1,"Agent 2","Agent 0",139570,143938244552501,143938244557661
"MEMORY_COPY","MEMORY_COPY_DEVICE_TO_HOST",1,"Agent 2","Agent 0",139578,143938244703072,143938244708272
"MEMORY_COPY","MEMORY_COPY_HOST_TO_DEVICE",1,"Agent 0","Agent 2",139582,143938244966483,143938244972924
"MEMORY_COPY","MEMORY_COPY_DEVICE_TO_HOST",1,"Agent 2","Agent 0",139676,143938246361911,143938246367071
"MEMORY_COPY","MEMORY_COPY_DEVICE_TO_HOST",1,"Agent 2","Agent 0",139684,143938246513222,143938246518382
"MEMORY_COPY","MEMORY_COPY_HOST_TO_DEVICE",1,"Agent 0","Agent 2",139688,143938246766693,143938246773133
"MEMORY_COPY","MEMORY_COPY_DEVICE_TO_HOST",1,"Agent 2","Agent 0",139782,143938248378642,143938248383762
"MEMORY_COPY","MEMORY_COPY_DEVICE_TO_HOST",1,"Agent 2","Agent 0",139790,143938248531543,143938248536703
"MEMORY_COPY","MEMORY_COPY_HOST_TO_DEVICE",1,"Agent 0","Agent 2",139794,143938248801385,143938248808345
"MEMORY_COPY","MEMORY_COPY_DEVICE_TO_HOST",1,"Agent 2","Agent 0",139888,143938250259983,143938250265183
"MEMORY_COPY","MEMORY_COPY_DEVICE_TO_HOST",1,"Agent 2","Agent 0",139896,143938250411804,143938250416964
"MEMORY_COPY","MEMORY_COPY_HOST_TO_DEVICE",1,"Agent 0","Agent 2",139900,143938250669485,143938250675965
"MEMORY_COPY","MEMORY_COPY_DEVICE_TO_HOST",1,"Agent 2","Agent 0",139994,143938252448545,143938252453705
"MEMORY_COPY","MEMORY_COPY_DEVICE_TO_HOST",1,"Agent 2","Agent 0",140002,143938252680066,143938252685266
"MEMORY_COPY","MEMORY_COPY_HOST_TO_DEVICE",1,"Agent 0","Agent 2",140006,143938252962148,143938252968668
"MEMORY_COPY","MEMORY_COPY_DEVICE_TO_HOST",1,"Agent 2","Agent 0",140058,143938255052099,143938255109180
"MEMORY_COPY","MEMORY_COPY_DEVICE_TO_HOST",1,"Agent 2","Agent 0",140070,143938258902271,143938258906991
"MEMORY_COPY","MEMORY_COPY_DEVICE_TO_HOST",1,"Agent 2","Agent 0",140078,143938259050141,143938259054821
"MEMORY_COPY","MEMORY_COPY_DEVICE_TO_HOST",1,"Agent 2","Agent 0",140170,143938260253318,143938260257558
"MEMORY_COPY","MEMORY_COPY_DEVICE_TO_HOST",1,"Agent 2","Agent 0",140178,143938260371569,143938260375809
"MEMORY_COPY","MEMORY_COPY_HOST_TO_DEVICE",1,"Agent 0","Agent 2",140182,143938260544560,143938260549760
"MEMORY_COPY","MEMORY_COPY_DEVICE_TO_HOST",1,"Agent 2","Agent 0",140306,143938262173979,143938262178339
"MEMORY_COPY","MEMORY_COPY_DEVICE_TO_HOST",1,"Agent 2","Agent 0",140314,143938262292909,143938262297269
"MEMORY_COPY","MEMORY_COPY_HOST_TO_DEVICE",1,"Agent 0","Agent 2",140318,143938262486670,143938262492230
"MEMORY_COPY","MEMORY_COPY_DEVICE_TO_HOST",1,"Agent 2","Agent 0",140442,143938264309320,143938264313801
"MEMORY_COPY","MEMORY_COPY_DEVICE_TO_HOST",1,"Agent 2","Agent 0",140450,143938264428471,143938264432991
"MEMORY_COPY","MEMORY_COPY_HOST_TO_DEVICE",1,"Agent 0","Agent 2",140454,143938264608162,143938264613522
"MEMORY_COPY","MEMORY_COPY_DEVICE_TO_HOST",1,"Agent 2","Agent 0",140578,143938266257971,143938266262611
"MEMORY_COPY","MEMORY_COPY_DEVICE_TO_HOST",1,"Agent 2","Agent 0",140586,143938266378592,143938266383552
"MEMORY_COPY","MEMORY_COPY_HOST_TO_DEVICE",1,"Agent 0","Agent 2",140590,143938266591733,143938266597173
"MEMORY_COPY","MEMORY_COPY_DEVICE_TO_HOST",1,"Agent 2","Agent 0",140712,143938268924816,143938268929416
"MEMORY_COPY","MEMORY_COPY_DEVICE_TO_HOST",1,"Agent 2","Agent 0",140720,143938269049687,143938269054647
"MEMORY_COPY","MEMORY_COPY_HOST_TO_DEVICE",1,"Agent 0","Agent 2",140724,143938269220438,143938269226078
"MEMORY_COPY","MEMORY_COPY_DEVICE_TO_HOST",1,"Agent 2","Agent 0",140848,143938270804066,143938270808666
"MEMORY_COPY","MEMORY_COPY_DEVICE_TO_HOST",1,"Agent 2","Agent 0",140856,143938270924637,143938270929157
"MEMORY_COPY","MEMORY_COPY_HOST_TO_DEVICE",1,"Agent 0","Agent 2",140860,143938271133638,143938271139118
"MEMORY_COPY","MEMORY_COPY_DEVICE_TO_HOST",1,"Agent 2","Agent 0",140984,143938272734457,143938272739057
"MEMORY_COPY","MEMORY_COPY_DEVICE_TO_HOST",1,"Agent 2","Agent 0",140992,143938272854598,143938272859158
"MEMORY_COPY","MEMORY_COPY_HOST_TO_DEVICE",1,"Agent 0","Agent 2",140996,143938273072979,143938273078659
"MEMORY_COPY","MEMORY_COPY_DEVICE_TO_HOST",1,"Agent 2","Agent 0",141120,143938274915629,143938274920309
"MEMORY_COPY","MEMORY_COPY_DEVICE_TO_HOST",1,"Agent 2","Agent 0",141128,143938275051310,143938275055830
"MEMORY_COPY","MEMORY_COPY_HOST_TO_DEVICE",1,"Agent 0","Agent 2",141132,143938275217361,143938275223241
"MEMORY_COPY","MEMORY_COPY_DEVICE_TO_HOST",1,"Agent 2","Agent 0",141256,143938276803910,143938276808430
"MEMORY_COPY","MEMORY_COPY_DEVICE_TO_HOST",1,"Agent 2","Agent 0",141264,143938276923300,143938276927860
"MEMORY_COPY","MEMORY_COPY_HOST_TO_DEVICE",1,"Agent 0","Agent 2",141268,143938277117401,143938277123281
"MEMORY_COPY","MEMORY_COPY_DEVICE_TO_HOST",1,"Agent 2","Agent 0",141390,143938279306813,143938279311293
"MEMORY_COPY","MEMORY_COPY_DEVICE_TO_HOST",1,"Agent 2","Agent 0",141398,143938279422304,143938279427144
"MEMORY_COPY","MEMORY_COPY_HOST_TO_DEVICE",1,"Agent 0","Agent 2",141402,143938279621595,143938279627155
"MEMORY_COPY","MEMORY_COPY_DEVICE_TO_HOST",1,"Agent 2","Agent 0",141526,143938281335505,143938281339945
"MEMORY_COPY","MEMORY_COPY_DEVICE_TO_HOST",1,"Agent 2","Agent 0",141534,143938281452945,143938281457385
"MEMORY_COPY","MEMORY_COPY_HOST_TO_DEVICE",1,"Agent 0","Agent 2",141538,143938281611676,143938281617076
"MEMORY_COPY","MEMORY_COPY_DEVICE_TO_HOST",1,"Agent 2","Agent 0",141662,143938283304556,143938283308916
"MEMORY_COPY","MEMORY_COPY_DEVICE_TO_HOST",1,"Agent 2","Agent 0",141670,143938283424786,143938283429186
"MEMORY_COPY","MEMORY_COPY_HOST_TO_DEVICE",1,"Agent 0","Agent 2",141674,143938283582107,143938283587427
"MEMORY_COPY","MEMORY_COPY_DEVICE_TO_HOST",1,"Agent 2","Agent 0",141798,143938285414317,143938285418597
"MEMORY_COPY","MEMORY_COPY_DEVICE_TO_HOST",1,"Agent 2","Agent 0",141806,143938285531588,143938285535868
"MEMORY_COPY","MEMORY_COPY_HOST_TO_DEVICE",1,"Agent 0","Agent 2",141810,143938285689389,143938285694589
"MEMORY_COPY","MEMORY_COPY_DEVICE_TO_HOST",1,"Agent 2","Agent 0",141934,143938287330558,143938287334878
"MEMORY_COPY","MEMORY_COPY_DEVICE_TO_HOST",1,"Agent 2","Agent 0",141942,143938287471629,143938287475869
"MEMORY_COPY","MEMORY_COPY_HOST_TO_DEVICE",1,"Agent 0","Agent 2",141946,143938287644620,143938287649740
"MEMORY_COPY","MEMORY_COPY_DEVICE_TO_HOST",1,"Agent 2","Agent 0",142068,143938289708821,143938289713021
"MEMORY_COPY","MEMORY_COPY_DEVICE_TO_HOST",1,"Agent 2","Agent 0",142076,143938289822802,143938289827002
"MEMORY_COPY","MEMORY_COPY_HOST_TO_DEVICE",1,"Agent 0","Agent 2",142080,143938289976692,143938289981933
"MEMORY_COPY","MEMORY_COPY_DEVICE_TO_HOST",1,"Agent 2","Agent 0",142174,143938291459231,143938291464431
"MEMORY_COPY","MEMORY_COPY_DEVICE_TO_HOST",1,"Agent 2","Agent 0",142182,143938291611622,143938291616822
"MEMORY_COPY","MEMORY_COPY_HOST_TO_DEVICE",1,"Agent 0","Agent 2",142186,143938291906543,143938291913143
"MEMORY_COPY","MEMORY_COPY_DEVICE_TO_HOST",1,"Agent 2","Agent 0",142280,143938293312244,143938293317364
"MEMORY_COPY","MEMORY_COPY_DEVICE_TO_HOST",1,"Agent 2","Agent 0",142288,143938293463335,143938293468495
"MEMORY_COPY","MEMORY_COPY_HOST_TO_DEVICE",1,"Agent 0","Agent 2",142292,143938293744256,143938293750737
"MEMORY_COPY","MEMORY_COPY_DEVICE_TO_HOST",1,"Agent 2","Agent 0",142386,143938295075304,143938295080424
"MEMORY_COPY","MEMORY_COPY_DEVICE_TO_HOST",1,"Agent 2","Agent 0",142394,143938295227425,143938295232545
"MEMORY_COPY","MEMORY_COPY_HOST_TO_DEVICE",1,"Agent 0","Agent 2",142398,143938295536896,143938295543336
"MEMORY_COPY","MEMORY_COPY_DEVICE_TO_HOST",1,"Agent 2","Agent 0",142492,143938297057265,143938297062385
"MEMORY_COPY","MEMORY_COPY_DEVICE_TO_HOST",1,"Agent 2","Agent 0",142500,143938297211716,143938297216836
"MEMORY_COPY","MEMORY_COPY_HOST_TO_DEVICE",1,"Agent 0","Agent 2",142504,143938297506127,143938297512607
"MEMORY_COPY","MEMORY_COPY_DEVICE_TO_HOST",1,"Agent 2","Agent 0",142598,143938299443468,143938299448628
"MEMORY_COPY","MEMORY_COPY_DEVICE_TO_HOST",1,"Agent 2","Agent 0",142606,143938299595989,143938299601109
"MEMORY_COPY","MEMORY_COPY_HOST_TO_DEVICE",1,"Agent 0","Agent 2",142610,143938299898200,143938299904601
"MEMORY_COPY","MEMORY_COPY_DEVICE_TO_HOST",1,"Agent 2","Agent 0",142704,143938301282748,143938301288388
"MEMORY_COPY","MEMORY_COPY_DEVICE_TO_HOST",1,"Agent 2","Agent 0",142712,143938301434369,143938301439569
"MEMORY_COPY","MEMORY_COPY_HOST_TO_DEVICE",1,"Agent 0","Agent 2",142716,143938301716681,143938301723161
"MEMORY_COPY","MEMORY_COPY_DEVICE_TO_HOST",1,"Agent 2","Agent 0",142810,143938303243969,143938303249129
"MEMORY_COPY","MEMORY_COPY_DEVICE_TO_HOST",1,"Agent 2","Agent 0",142818,143938303405110,143938303410230
"MEMORY_COPY","MEMORY_COPY_HOST_TO_DEVICE",1,"Agent 0","Agent 2",142822,143938303696461,143938303702942
"MEMORY_COPY","MEMORY_COPY_DEVICE_TO_HOST",1,"Agent 2","Agent 0",142916,143938305052989,143938305058069
"MEMORY_COPY","MEMORY_COPY_DEVICE_TO_HOST",1,"Agent 2","Agent 0",142924,143938305203380,143938305208620
"MEMORY_COPY","MEMORY_COPY_HOST_TO_DEVICE",1,"Agent 0","Agent 2",142928,143938305505411,143938305512092
"MEMORY_COPY","MEMORY_COPY_DEVICE_TO_HOST",1,"Agent 2","Agent 0",143022,143938306856519,143938306861679
"MEMORY_COPY","MEMORY_COPY_DEVICE_TO_HOST",1,"Agent 2","Agent 0",143030,143938307044790,143938307049910
"MEMORY_COPY","MEMORY_COPY_HOST_TO_DEVICE",1,"Agent 0","Agent 2",143034,143938307348782,143938307355622
"MEMORY_COPY","MEMORY_COPY_DEVICE_TO_HOST",1,"Agent 2","Agent 0",143128,143938309249002,143938309254282
"MEMORY_COPY","MEMORY_COPY_DEVICE_TO_HOST",1,"Agent 2","Agent 0",143136,143938309398083,143938309403603
"MEMORY_COPY","MEMORY_COPY_HOST_TO_DEVICE",1,"Agent 0","Agent 2",143140,143938309703735,143938309710215
"MEMORY_COPY","MEMORY_COPY_DEVICE_TO_HOST",1,"Agent 2","Agent 0",143234,143938311199393,143938311204553
"MEMORY_COPY","MEMORY_COPY_DEVICE_TO_HOST",1,"Agent 2","Agent 0",143242,143938311350684,143938311355804
"MEMORY_COPY","MEMORY_COPY_HOST_TO_DEVICE",1,"Agent 0","Agent 2",143246,143938311638095,143938311644535
"MEMORY_COPY","MEMORY_COPY_DEVICE_TO_HOST",1,"Agent 2","Agent 0",143340,143938313074033,143938313079193
"MEMORY_COPY","MEMORY_COPY_DEVICE_TO_HOST",1,"Agent 2","Agent 0",143348,143938313227344,143938313232504
"MEMORY_COPY","MEMORY_COPY_HOST_TO_DEVICE",1,"Agent 0","Agent 2",143352,143938313565016,143938313571456
"MEMORY_COPY","MEMORY_COPY_DEVICE_TO_HOST",1,"Agent 2","Agent 0",143446,143938314912923,143938314918043
"MEMORY_COPY","MEMORY_COPY_DEVICE_TO_HOST",1,"Agent 2","Agent 0",143454,143938315064554,143938315069754
"MEMORY_COPY","MEMORY_COPY_HOST_TO_DEVICE",1,"Agent 0","Agent 2",143458,143938315380366,143938315386806
"MEMORY_COPY","MEMORY_COPY_DEVICE_TO_HOST",1,"Agent 2","Agent 0",143552,143938316838554,143938316843794
"MEMORY_COPY","MEMORY_COPY_DEVICE_TO_HOST",1,"Agent 2","Agent 0",143560,143938316990475,143938316995635
"MEMORY_COPY","MEMORY_COPY_HOST_TO_DEVICE",1,"Agent 0","Agent 2",143564,143938317306527,143938317312967
"MEMORY_COPY","MEMORY_COPY_DEVICE_TO_HOST",1,"Agent 2","Agent 0",143658,143938319169267,143938319174427
"MEMORY_COPY","MEMORY_COPY_DEVICE_TO_HOST",1,"Agent 2","Agent 0",143666,143938319359058,143938319364218
"MEMORY_COPY","MEMORY_COPY_HOST_TO_DEVICE",1,"Agent 0","Agent 2",143670,143938319627159,143938319633600
"MEMORY_COPY","MEMORY_COPY_DEVICE_TO_HOST",1,"Agent 2","Agent 0",143764,143938321052287,143938321057447
"MEMORY_COPY","MEMORY_COPY_DEVICE_TO_HOST",1,"Agent 2","Agent 0",143772,143938321215378,143938321220578
"MEMORY_COPY","MEMORY_COPY_HOST_TO_DEVICE",1,"Agent 0","Agent 2",143776,143938321561980,143938321568660
"MEMORY_COPY","MEMORY_COPY_DEVICE_TO_HOST",1,"Agent 2","Agent 0",143870,143938323061058,143938323066259
"MEMORY_COPY","MEMORY_COPY_DEVICE_TO_HOST",1,"Agent 2","Agent 0",143878,143938323218039,143938323223199
"MEMORY_COPY","MEMORY_COPY_HOST_TO_DEVICE",1,"Agent 0","Agent 2",143882,143938323476421,143938323482861
"MEMORY_COPY","MEMORY_COPY_DEVICE_TO_HOST",1,"Agent 2","Agent 0",143976,143938324827658,143938324832818
"MEMORY_COPY","MEMORY_COPY_DEVICE_TO_HOST",1,"Agent 2","Agent 0",143984,143938324982349,143938324987509
"MEMORY_COPY","MEMORY_COPY_HOST_TO_DEVICE",1,"Agent 0","Agent 2",143988,143938325247271,143938325253751
"MEMORY_COPY","MEMORY_COPY_DEVICE_TO_HOST",1,"Agent 2","Agent 0",144082,143938326582358,143938326587478
"MEMORY_COPY","MEMORY_COPY_DEVICE_TO_HOST",1,"Agent 2","Agent 0",144090,143938326732989,143938326738229
"MEMORY_COPY","MEMORY_COPY_HOST_TO_DEVICE",1,"Agent 0","Agent 2",144094,143938326997530,143938327003970
"MEMORY_COPY","MEMORY_COPY_DEVICE_TO_HOST",1,"Agent 2","Agent 0",144188,143938328849490,143938328854610
"MEMORY_COPY","MEMORY_COPY_DEVICE_TO_HOST",1,"Agent 2","Agent 0",144196,143938329004581,143938329009741
"MEMORY_COPY","MEMORY_COPY_HOST_TO_DEVICE",1,"Agent 0","Agent 2",144200,143938329287083,143938329293763
"MEMORY_COPY","MEMORY_COPY_DEVICE_TO_HOST",1,"Agent 2","Agent 0",144252,143938331491315,143938331547835
"MEMORY_COPY","MEMORY_COPY_DEVICE_TO_HOST",1,"Agent 2","Agent 0",144264,143938335285336,143938335290016
"MEMORY_COPY","MEMORY_COPY_DEVICE_TO_HOST",1,"Agent 2","Agent 0",144272,143938335454847,143938335459527
"MEMORY_COPY","MEMORY_COPY_DEVICE_TO_HOST",1,"Agent 2","Agent 0",144364,143938336645134,143938336649374
"MEMORY_COPY","MEMORY_COPY_DEVICE_TO_HOST",1,"Agent 2","Agent 0",144372,143938336764124,143938336768364
"MEMORY_COPY","MEMORY_COPY_HOST_TO_DEVICE",1,"Agent 0","Agent 2",144376,143938336936055,143938336941255
"MEMORY_COPY","MEMORY_COPY_DEVICE_TO_HOST",1,"Agent 2","Agent 0",144500,143938338598774,143938338603134
"MEMORY_COPY","MEMORY_COPY_DEVICE_TO_HOST",1,"Agent 2","Agent 0",144508,143938338721795,143938338726155
"MEMORY_COPY","MEMORY_COPY_HOST_TO_DEVICE",1,"Agent 0","Agent 2",144512,143938338892446,143938338897926
"MEMORY_COPY","MEMORY_COPY_DEVICE_TO_HOST",1,"Agent 2","Agent 0",144636,143938340703656,143938340708096
"MEMORY_COPY","MEMORY_COPY_DEVICE_TO_HOST",1,"Agent 2","Agent 0",144644,143938340823107,143938340827507
"MEMORY_COPY","MEMORY_COPY_HOST_TO_DEVICE",1,"Agent 0","Agent 2",144648,143938340993788,143938340999068
"MEMORY_COPY","MEMORY_COPY_DEVICE_TO_HOST",1,"Agent 2","Agent 0",144772,143938342584326,143938342588806
"MEMORY_COPY","MEMORY_COPY_DEVICE_TO_HOST",1,"Agent 2","Agent 0",144780,143938342719207,143938342723687
"MEMORY_COPY","MEMORY_COPY_HOST_TO_DEVICE",1,"Agent 0","Agent 2",144784,143938342872598,143938342878038
"MEMORY_COPY","MEMORY_COPY_DEVICE_TO_HOST",1,"Agent 2","Agent 0",144906,143938345241541,143938345246021
"MEMORY_COPY","MEMORY_COPY_DEVICE_TO_HOST",1,"Agent 2","Agent 0",144914,143938345359312,143938345363712
"MEMORY_COPY","MEMORY_COPY_HOST_TO_DEVICE",1,"Agent 0","Agent 2",144918,143938345568443,143938345573923
"MEMORY_COPY","MEMORY_COPY_DEVICE_TO_HOST",1,"Agent 2","Agent 0",145042,143938347171932,143938347176452
"MEMORY_COPY","MEMORY_COPY_DEVICE_TO_HOST",1,"Agent 2","Agent 0",145050,143938347291262,143938347295742
"MEMORY_COPY","MEMORY_COPY_HOST_TO_DEVICE",1,"Agent 0","Agent 2",145054,143938347461113,143938347466513
"MEMORY_COPY","MEMORY_COPY_DEVICE_TO_HOST",1,"Agent 2","Agent 0",145178,143938349050312,143938349054752
"MEMORY_COPY","MEMORY_COPY_DEVICE_TO_HOST",1,"Agent 2","Agent 0",145186,143938349170983,143938349175463
"MEMORY_COPY","MEMORY_COPY_HOST_TO_DEVICE",1,"Agent 0","Agent 2",145190,143938349354744,143938349360144
"MEMORY_COPY","MEMORY_COPY_DEVICE_TO_HOST",1,"Agent 2","Agent 0",145314,143938351171614,143938351176054
"MEMORY_COPY","MEMORY_COPY_DEVICE_TO_HOST",1,"Agent 2","Agent 0",145322,143938351289694,143938351294134
"MEMORY_COPY","MEMORY_COPY_HOST_TO_DEVICE",1,"Agent 0","Agent 2",145326,143938351475935,143938351481336
"MEMORY_COPY","MEMORY_COPY_DEVICE_TO_HOST",1,"Agent 2","Agent 0",145450,143938353167715,143938353172195
"MEMORY_COPY","MEMORY_COPY_DEVICE_TO_HOST",1,"Agent 2","Agent 0",145458,143938353286255,143938353290695
"MEMORY_COPY","MEMORY_COPY_HOST_TO_DEVICE",1,"Agent 0","Agent 2",145462,143938353466306,143938353471626
"MEMORY_COPY","MEMORY_COPY_DEVICE_TO_HOST",1,"Agent 2","Agent 0",145584,143938355661866,143938355666226
"MEMORY_COPY","MEMORY_COPY_DEVICE_TO_HOST",1,"Agent 2","Agent 0",145592,143938355779176,143938355783456
"MEMORY_COPY","MEMORY_COPY_HOST_TO_DEVICE",1,"Agent 0","Agent 2",145596,143938355936057,143938355941337
"MEMORY_COPY","MEMORY_COPY_DEVICE_TO_HOST",1,"Agent 2","Agent 0",145720,143938357697227,143938357701507
"MEMORY_COPY","MEMORY_COPY_DEVICE_TO_HOST",1,"Agent 2","Agent 0",145728,143938357837228,143938357841508
"MEMORY_COPY","MEMORY_COPY_HOST_TO_DEVICE",1,"Agent 0","Agent 2",145732,143938357994519,143938357999719
"MEMORY_COPY","MEMORY_COPY_DEVICE_TO_HOST",1,"Agent 2","Agent 0",145856,143938359596358,143938359600958
"MEMORY_COPY","MEMORY_COPY_DEVICE_TO_HOST",1,"Agent 2","Agent 0",145864,143938359714048,143938359718328
"MEMORY_COPY","MEMORY_COPY_HOST_TO_DEVICE",1,"Agent 0","Agent 2",145868,143938359867559,143938359872799
"MEMORY_COPY","MEMORY_COPY_DEVICE_TO_HOST",1,"Agent 2","Agent 0",145992,143938361576689,143938361580929
"MEMORY_COPY","MEMORY_COPY_DEVICE_TO_HOST",1,"Agent 2","Agent 0",146000,143938361693129,143938361697369
"MEMORY_COPY","MEMORY_COPY_HOST_TO_DEVICE",1,"Agent 0","Agent 2",146004,143938361865240,143938361870680
"MEMORY_COPY","MEMORY_COPY_DEVICE_TO_HOST",1,"Agent 2","Agent 0",146128,143938363501829,143938363506029
"MEMORY_COPY","MEMORY_COPY_DEVICE_TO_HOST",1,"Agent 2","Agent 0",146136,143938363683150,143938363687390
"MEMORY_COPY","MEMORY_COPY_HOST_TO_DEVICE",1,"Agent 0","Agent 2",146140,143938363835261,143938363840461
"MEMORY_COPY","MEMORY_COPY_DEVICE_TO_HOST",1,"Agent 2","Agent 0",146262,143938365990513,143938365994753
"MEMORY_COPY","MEMORY_COPY_DEVICE_TO_HOST",1,"Agent 2","Agent 0",146270,143938366111104,143938366115304
"MEMORY_COPY","MEMORY_COPY_HOST_TO_DEVICE",1,"Agent 0","Agent 2",146274,143938366266945,143938366272185
"MEMORY_COPY","MEMORY_COPY_DEVICE_TO_HOST",1,"Agent 2","Agent 0",146368,143938367828073,143938367833233
"MEMORY_COPY","MEMORY_COPY_DEVICE_TO_HOST",1,"Agent 2","Agent 0",146376,143938367979994,143938367985114
"MEMORY_COPY","MEMORY_COPY_HOST_TO_DEVICE",1,"Agent 0","Agent 2",146380,143938368279546,143938368286026
"MEMORY_COPY","MEMORY_COPY_DEVICE_TO_HOST",1,"Agent 2","Agent 0",146474,143938369610653,143938369615853
"MEMORY_COPY","MEMORY_COPY_DEVICE_TO_HOST",1,"Agent 2","Agent 0",146482,143938369762594,143938369767714
"MEMORY_COPY","MEMORY_COPY_HOST_TO_DEVICE",1,"Agent 0","Agent 2",146486,143938370074856,143938370081336
"MEMORY_COPY","MEMORY_COPY_DEVICE_TO_HOST",1,"Agent 2","Agent 0",146580,143938371448833,143938371454073
"MEMORY_COPY","MEMORY_COPY_DEVICE_TO_HOST",1,"Agent 2","Agent 0",146588,143938371599544,143938371605064
"MEMORY_COPY","MEMORY_COPY_HOST_TO_DEVICE",1,"Agent 0","Agent 2",146592,143938371890506,143938371896946
"MEMORY_COPY","MEMORY_COPY_DEVICE_TO_HOST",1,"Agent 2","Agent 0",146686,143938373455184,143938373460465
"MEMORY_COPY","MEMORY_COPY_DEVICE_TO_HOST",1,"Agent 2","Agent 0",146694,143938373608765,143938373614005
"MEMORY_COPY","MEMORY_COPY_HOST_TO_DEVICE",1,"Agent 0","Agent 2",146698,143938373887847,143938373894767
"MEMORY_COPY","MEMORY_COPY_DEVICE_TO_HOST",1,"Agent 2","Agent 0",146792,143938375816518,143938375821638
"MEMORY_COPY","MEMORY_COPY_DEVICE_TO_HOST",1,"Agent 2","Agent 0",146800,143938375969258,143938375974458
"MEMORY_COPY","MEMORY_COPY_HOST_TO_DEVICE",1,"Agent 0","Agent 2",146804,143938376284460,143938376290900
"MEMORY_COPY","MEMORY_COPY_DEVICE_TO_HOST",1,"Agent 2","Agent 0",146898,143938377615028,143938377620148
"MEMORY_COPY","MEMORY_COPY_DEVICE_TO_HOST",1,"Agent 2","Agent 0",146906,143938377762038,143938377767238
"MEMORY_COPY","MEMORY_COPY_HOST_TO_DEVICE",1,"Agent 0","Agent 2",146910,143938378121800,143938378128280
"MEMORY_COPY","MEMORY_COPY_DEVICE_TO_HOST",1,"Agent 2","Agent 0",147004,143938379555308,143938379560548
"MEMORY_COPY","MEMORY_COPY_DEVICE_TO_HOST",1,"Agent 2","Agent 0",147012,143938379701259,143938379706419
"MEMORY_COPY","MEMORY_COPY_HOST_TO_DEVICE",1,"Agent 0","Agent 2",147016,143938379974861,143938379981301
"MEMORY_COPY","MEMORY_COPY_DEVICE_TO_HOST",1,"Agent 2","Agent 0",147110,143938381305138,143938381310338
"MEMORY_COPY","MEMORY_COPY_DEVICE_TO_HOST",1,"Agent 2","Agent 0",147118,143938381448669,143938381453789
"MEMORY_COPY","MEMORY_COPY_HOST_TO_DEVICE",1,"Agent 0","Agent 2",147122,143938381725620,143938381732140
"MEMORY_COPY","MEMORY_COPY_DEVICE_TO_HOST",1,"Agent 2","Agent 0",147216,143938383000797,143938383005997
"MEMORY_COPY","MEMORY_COPY_DEVICE_TO_HOST",1,"Agent 2","Agent 0",147224,143938383178698,143938383183818
"MEMORY_COPY","MEMORY_COPY_HOST_TO_DEVICE",1,"Agent 0","Agent 2",147228,143938383494740,143938383501220
"MEMORY_COPY","MEMORY_COPY_DEVICE_TO_HOST",1,"Agent 2","Agent 0",147322,143938385444871,143938385449951
"MEMORY_COPY","MEMORY_COPY_DEVICE_TO_HOST",1,"Agent 2","Agent 0",147330,143938385592702,143938385597822
"MEMORY_COPY","MEMORY_COPY_HOST_TO_DEVICE",1,"Agent 0","Agent 2",147334,143938385877533,143938385884013
"MEMORY_COPY","MEMORY_COPY_DEVICE_TO_HOST",1,"Agent 2","Agent 0",147428,143938387343141,143938387348382
"MEMORY_COPY","MEMORY_COPY_DEVICE_TO_HOST",1,"Agent 2","Agent 0",147436,143938387492092,143938387497212
"MEMORY_COPY","MEMORY_COPY_HOST_TO_DEVICE",1,"Agent 0","Agent 2",147440,143938387776204,143938387782604
"MEMORY_COPY","MEMORY_COPY_DEVICE_TO_HOST",1,"Agent 2","Agent 0",147534,143938389081401,143938389086521
"MEMORY_COPY","MEMORY_COPY_DEVICE_TO_HOST",1,"Agent 2","Agent 0",147542,143938389229942,143938389235182
"MEMORY_COPY","MEMORY_COPY_HOST_TO_DEVICE",1,"Agent 0","Agent 2",147546,143938389548644,143938389555084
"MEMORY_COPY","MEMORY_COPY_DEVICE_TO_HOST",1,"Agent 2","Agent 0",147640,143938390824981,143938390830301
"MEMORY_COPY","MEMORY_COPY_DEVICE_TO_HOST",1,"Agent 2","Agent 0",147648,143938390969852,143938390975012
"MEMORY_COPY","MEMORY_COPY_HOST_TO_DEVICE",1,"Agent 0","Agent 2",147652,143938391296493,143938391303013
"MEMORY_COPY","MEMORY_COPY_DEVICE_TO_HOST",1,"Agent 2","Agent 0",147746,143938392824782,143938392829942
"MEMORY_COPY","MEMORY_COPY_DEVICE_TO_HOST",1,"Agent 2","Agent 0",147754,143938392974153,143938392979393
"MEMORY_COPY","MEMORY_COPY_HOST_TO_DEVICE",1,"Agent 0","Agent 2",147758,143938393287904,143938393294304
"MEMORY_COPY","MEMORY_COPY_DEVICE_TO_HOST",1,"Agent 2","Agent 0",147852,143938395158265,143938395163425
"MEMORY_COPY","MEMORY_COPY_DEVICE_TO_HOST",1,"Agent 2","Agent 0",147860,143938395305856,143938395311016
"MEMORY_COPY","MEMORY_COPY_HOST_TO_DEVICE",1,"Agent 0","Agent 2",147864,143938395574287,143938395580727
"MEMORY_COPY","MEMORY_COPY_DEVICE_TO_HOST",1,"Agent 2","Agent 0",147958,143938396890674,143938396895834
"MEMORY_COPY","MEMORY_COPY_DEVICE_TO_HOST",1,"Agent 2","Agent 0",147966,143938397045285,143938397050485
"MEMORY_COPY","MEMORY_COPY_HOST_TO_DEVICE",1,"Agent 0","Agent 2",147970,143938397305457,143938397311937
"MEMORY_COPY","MEMORY_COPY_DEVICE_TO_HOST",1,"Agent 2","Agent 0",148064,143938398730485,143938398735725
"MEMORY_COPY","MEMORY_COPY_DEVICE_TO_HOST",1,"Agent 2","Agent 0",148072,143938398877455,143938398882575
"MEMORY_COPY","MEMORY_COPY_HOST_TO_DEVICE",1,"Agent 0","Agent 2",148076,143938399160457,143938399166937
"MEMORY_COPY","MEMORY_COPY_DEVICE_TO_HOST",1,"Agent 2","Agent 0",148170,143938400447634,143938400452834
"MEMORY_COPY","MEMORY_COPY_DEVICE_TO_HOST",1,"Agent 2","Agent 0",148178,143938400595795,143938400600955
"MEMORY_COPY","MEMORY_COPY_HOST_TO_DEVICE",1,"Agent 0","Agent 2",148182,143938400829546,143938400836026
"MEMORY_COPY","MEMORY_COPY_DEVICE_TO_HOST",1,"Agent 2","Agent 0",148276,143938402136924,143938402142124
"MEMORY_COPY","MEMORY_COPY_DEVICE_TO_HOST",1,"Agent 2","Agent 0",148284,143938402287364,143938402292604
"MEMORY_COPY","MEMORY_COPY_HOST_TO_DEVICE",1,"Agent 0","Agent 2",148288,143938402556156,143938402562676
"MEMORY_COPY","MEMORY_COPY_DEVICE_TO_HOST",1,"Agent 2","Agent 0",148382,143938404463816,143938404468976
"MEMORY_COPY","MEMORY_COPY_DEVICE_TO_HOST",1,"Agent 2","Agent 0",148390,143938404612257,143938404617417
"MEMORY_COPY","MEMORY_COPY_HOST_TO_DEVICE",1,"Agent 0","Agent 2",148394,143938404877069,143938404883509
"MEMORY_COPY","MEMORY_COPY_DEVICE_TO_HOST",1,"Agent 2","Agent 0",148446,143938407046951,143938407103431
"MEMORY_COPY","MEMORY_COPY_DEVICE_TO_HOST",1,"Agent 2","Agent 0",148458,143938410783001,143938410787682
"MEMORY_COPY","MEMORY_COPY_DEVICE_TO_HOST",1,"Agent 2","Agent 0",148466,143938410967082,143938410971763
"MEMORY_COPY","MEMORY_COPY_DEVICE_TO_HOST",1,"Agent 2","Agent 0",148558,143938412137259,143938412141499
"MEMORY_COPY","MEMORY_COPY_DEVICE_TO_HOST",1,"Agent 2","Agent 0",148566,143938412248420,143938412252660
"MEMORY_COPY","MEMORY_COPY_HOST_TO_DEVICE",1,"Agent 0","Agent 2",148570,143938412436211,143938412441451
"MEMORY_COPY","MEMORY_COPY_DEVICE_TO_HOST",1,"Agent 2","Agent 0",148694,143938413952629,143938413956989
"MEMORY_COPY","MEMORY_COPY_DEVICE_TO_HOST",1,"Agent 2","Agent 0",148702,143938414067890,143938414072170
"MEMORY_COPY","MEMORY_COPY_HOST_TO_DEVICE",1,"Agent 0","Agent 2",148706,143938414240711,143938414246031
"MEMORY_COPY","MEMORY_COPY_DEVICE_TO_HOST",1,"Agent 2","Agent 0",148830,143938415916490,143938415920850
"MEMORY_COPY","MEMORY_COPY_DEVICE_TO_HOST",1,"Agent 2","Agent 0",148838,143938416047601,143938416051961
"MEMORY_COPY","MEMORY_COPY_HOST_TO_DEVICE",1,"Agent 0","Agent 2",148842,143938416234772,143938416240092
"MEMORY_COPY","MEMORY_COPY_DEVICE_TO_HOST",1,"Agent 2","Agent 0",148966,143938417738130,143938417742610
"MEMORY_COPY","MEMORY_COPY_DEVICE_TO_HOST",1,"Agent 2","Agent 0",148974,143938417851253,143938417855693
"MEMORY_COPY","MEMORY_COPY_HOST_TO_DEVICE",1,"Agent 0","Agent 2",148978,143938418000354,143938418005754
"MEMORY_COPY","MEMORY_COPY_DEVICE_TO_HOST",1,"Agent 2","Agent 0",149100,143938420245446,143938420249886
"MEMORY_COPY","MEMORY_COPY_DEVICE_TO_HOST",1,"Agent 2","Agent 0",149108,143938420538288,143938420542648
"MEMORY_COPY","MEMORY_COPY_HOST_TO_DEVICE",1,"Agent 0","Agent 2",149112,143938420708029,143938420713469
"MEMORY_COPY","MEMORY_COPY_DEVICE_TO_HOST",1,"Agent 2","Agent 0",149236,143938422344788,143938422349188
"MEMORY_COPY","MEMORY_COPY_DEVICE_TO_HOST",1,"Agent 2","Agent 0",149244,143938422459918,143938422464318
"MEMORY_COPY","MEMORY_COPY_HOST_TO_DEVICE",1,"Agent 0","Agent 2",149248,143938422624549,143938422629869
"MEMORY_COPY","MEMORY_COPY_DEVICE_TO_HOST",1,"Agent 2","Agent 0",149372,143938424138618,143938424142978
"MEMORY_COPY","MEMORY_COPY_DEVICE_TO_HOST",1,"Agent 2","Agent 0",149380,143938424251778,143938424256178
"MEMORY_COPY","MEMORY_COPY_HOST_TO_DEVICE",1,"Agent 0","Agent 2",149384,143938424429619,143938424434899
"MEMORY_COPY","MEMORY_COPY_DEVICE_TO_HOST",1,"Agent 2","Agent 0",149508,143938426165089,143938426169449
"MEMORY_COPY","MEMORY_COPY_DEVICE_TO_HOST",1,"Agent 2","Agent 0",149516,143938426277079,143938426281439
"MEMORY_COPY","MEMORY_COPY_HOST_TO_DEVICE",1,"Agent 0","Agent 2",149520,143938426453650,143938426459090
"MEMORY_COPY","MEMORY_COPY_DEVICE_TO_HOST",1,"Agent 2","Agent 0",149644,143938427945319,143938427949639
"MEMORY_COPY","MEMORY_COPY_DEVICE_TO_HOST",1,"Agent 2","Agent 0",149652,143938428057439,143938428061719
"MEMORY_COPY","MEMORY_COPY_HOST_TO_DEVICE",1,"Agent 0","Agent 2",149656,143938428211500,143938428216700
"MEMORY_COPY","MEMORY_COPY_DEVICE_TO_HOST",1,"Agent 2","Agent 0",149778,143938430431002,143938430435282
"MEMORY_COPY","MEMORY_COPY_DEVICE_TO_HOST",1,"Agent 2","Agent 0",149786,143938430542723,143938430546923
"MEMORY_COPY","MEMORY_COPY_HOST_TO_DEVICE",1,"Agent 0","Agent 2",149790,143938430694914,143938430700274
"MEMORY_COPY","MEMORY_COPY_DEVICE_TO_HOST",1,"Agent 2","Agent 0",149914,143938432416353,143938432420553
"MEMORY_COPY","MEMORY_COPY_DEVICE_TO_HOST",1,"Agent 2","Agent 0",149922,143938432527814,143938432532134
"MEMORY_COPY","MEMORY_COPY_HOST_TO_DEVICE",1,"Agent 0","Agent 2",149926,143938432681755,143938432686915
"MEMORY_COPY","MEMORY_COPY_DEVICE_TO_HOST",1,"Agent 2","Agent 0",150050,143938434210853,143938434215133
"MEMORY_COPY","MEMORY_COPY_DEVICE_TO_HOST",1,"Agent 2","Agent 0",150058,143938434336614,143938434340854
"MEMORY_COPY","MEMORY_COPY_HOST_TO_DEVICE",1,"Agent 0","Agent 2",150062,143938434489195,143938434494395
"MEMORY_COPY","MEMORY_COPY_DEVICE_TO_HOST",1,"Agent 2","Agent 0",150186,143938436140254,143938436144534
"MEMORY_COPY","MEMORY_COPY_DEVICE_TO_HOST",1,"Agent 2","Agent 0",150194,143938436251644,143938436255925
"MEMORY_COPY","MEMORY_COPY_HOST_TO_DEVICE",1,"Agent 0","Agent 2",150198,143938436421575,143938436426975
"MEMORY_COPY","MEMORY_COPY_DEVICE_TO_HOST",1,"Agent 2","Agent 0",150322,143938437933844,143938437938084
"MEMORY_COPY","MEMORY_COPY_DEVICE_TO_HOST",1,"Agent 2","Agent 0",150330,143938438046594,143938438050874
"MEMORY_COPY","MEMORY_COPY_HOST_TO_DEVICE",1,"Agent 0","Agent 2",150334,143938438192225,143938438197465
"MEMORY_COPY","MEMORY_COPY_DEVICE_TO_HOST",1,"Agent 2","Agent 0",150456,143938440449718,143938440453958
"MEMORY_COPY","MEMORY_COPY_DEVICE_TO_HOST",1,"Agent 2","Agent 0",150464,143938440561648,143938440565848
"MEMORY_COPY","MEMORY_COPY_HOST_TO_DEVICE",1,"Agent 0","Agent 2",150468,143938440712649,143938440717849
"MEMORY_COPY","MEMORY_COPY_DEVICE_TO_HOST",1,"Agent 2","Agent 0",150562,143938442109467,143938442114587
"MEMORY_COPY","MEMORY_COPY_DEVICE_TO_HOST",1,"Agent 2","Agent 0",150570,143938442259278,143938442264518
"MEMORY_COPY","MEMORY_COPY_HOST_TO_DEVICE",1,"Agent 0","Agent 2",150574,143938442572749,143938442579269
"MEMORY_COPY","MEMORY_COPY_DEVICE_TO_HOST",1,"Agent 2","Agent 0",150668,143938443950757,143938443955957
"MEMORY_COPY","MEMORY_COPY_DEVICE_TO_HOST",1,"Agent 2","Agent 0",150676,143938444100098,143938444105218
"MEMORY_COPY","MEMORY_COPY_HOST_TO_DEVICE",1,"Agent 0","Agent 2",150680,143938444423740,143938444430220
"MEMORY_COPY","MEMORY_COPY_DEVICE_TO_HOST",1,"Agent 2","Agent 0",150774,143938445733187,143938445738307
"MEMORY_COPY","MEMORY_COPY_DEVICE_TO_HOST",1,"Agent 2","Agent 0",150782,143938445879108,143938445884308
"MEMORY_COPY","MEMORY_COPY_HOST_TO_DEVICE",1,"Agent 0","Agent 2",150786,143938446201289,143938446207730
"MEMORY_COPY","MEMORY_COPY_DEVICE_TO_HOST",1,"Agent 2","Agent 0",150880,143938447665438,143938447670558
"MEMORY_COPY","MEMORY_COPY_DEVICE_TO_HOST",1,"Agent 2","Agent 0",150888,143938447818418,143938447823578
"MEMORY_COPY","MEMORY_COPY_HOST_TO_DEVICE",1,"Agent 0","Agent 2",150892,143938448131500,143938448138460
"MEMORY_COPY","MEMORY_COPY_DEVICE_TO_HOST",1,"Agent 2","Agent 0",150986,143938450070141,143938450075261
"MEMORY_COPY","MEMORY_COPY_DEVICE_TO_HOST",1,"Agent 2","Agent 0",150994,143938450221782,143938450226902
"MEMORY_COPY","MEMORY_COPY_HOST_TO_DEVICE",1,"Agent 0","Agent 2",150998,143938450516013,143938450522413
"MEMORY_COPY","MEMORY_COPY_DEVICE_TO_HOST",1,"Agent 2","Agent 0",151092,143938451805940,143938451811100
"MEMORY_COPY","MEMORY_COPY_DEVICE_TO_HOST",1,"Agent 2","Agent 0",151100,143938451950951,143938451956071
"MEMORY_COPY","MEMORY_COPY_HOST_TO_DEVICE",1,"Agent 0","Agent 2",151104,143938452264703,143938452271143
"MEMORY_COPY","MEMORY_COPY_DEVICE_TO_HOST",1,"Agent 2","Agent 0",151198,143938453572290,143938453577490
"MEMORY_COPY","MEMORY_COPY_DEVICE_TO_HOST",1,"Agent 2","Agent 0",151206,143938453799471,143938453804712
"MEMORY_COPY","MEMORY_COPY_HOST_TO_DEVICE",1,"Agent 0","Agent 2",151210,143938454114503,143938454121263
"MEMORY_COPY","MEMORY_COPY_DEVICE_TO_HOST",1,"Agent 2","Agent 0",151304,143938455449901,143938455455101
"MEMORY_COPY","MEMORY_COPY_DEVICE_TO_HOST",1,"Agent 2","Agent 0",151312,143938455594721,143938455599841
"MEMORY_COPY","MEMORY_COPY_HOST_TO_DEVICE",1,"Agent 0","Agent 2",151316,143938455891423,143938455898143
"MEMORY_COPY","MEMORY_COPY_DEVICE_TO_HOST",1,"Agent 2","Agent 0",151410,143938457246661,143938457251781
"MEMORY_COPY","MEMORY_COPY_DEVICE_TO_HOST",1,"Agent 2","Agent 0",151418,143938457393451,143938457398571
"MEMORY_COPY","MEMORY_COPY_HOST_TO_DEVICE",1,"Agent 0","Agent 2",151422,143938457708893,143938457715373
"MEMORY_COPY","MEMORY_COPY_DEVICE_TO_HOST",1,"Agent 2","Agent 0",151516,143938459667584,143938459672784
"MEMORY_COPY","MEMORY_COPY_DEVICE_TO_HOST",1,"Agent 2","Agent 0",151524,143938459816285,143938459821405
"MEMORY_COPY","MEMORY_COPY_HOST_TO_DEVICE",1,"Agent 0","Agent 2",151528,143938460142097,143938460148577
"MEMORY_COPY","MEMORY_COPY_DEVICE_TO_HOST",1,"Agent 2","Agent 0",151622,143938461599295,143938461604495
"MEMORY_COPY","MEMORY_COPY_DEVICE_TO_HOST",1,"Agent 2","Agent 0",151630,143938461746185,143938461751305
"MEMORY_COPY","MEMORY_COPY_HOST_TO_DEVICE",1,"Agent 0","Agent 2",151634,143938462066777,143938462073617
"MEMORY_COPY","MEMORY_COPY_DEVICE_TO_HOST",1,"Agent 2","Agent 0",151728,143938463410455,143938463415735
"MEMORY_COPY","MEMORY_COPY_DEVICE_TO_HOST",1,"Agent 2","Agent 0",151736,143938463557855,143938463563015
"MEMORY_COPY","MEMORY_COPY_HOST_TO_DEVICE",1,"Agent 0","Agent 2",151740,143938463853087,143938463859487
"MEMORY_COPY","MEMORY_COPY_DEVICE_TO_HOST",1,"Agent 2","Agent 0",151834,143938465190954,143938465196154
"MEMORY_COPY","MEMORY_COPY_DEVICE_TO_HOST",1,"Agent 2","Agent 0",151842,143938465338115,143938465343395
"MEMORY_COPY","MEMORY_COPY_HOST_TO_DEVICE",1,"Agent 0","Agent 2",151846,143938465627997,143938465634437
"MEMORY_COPY","MEMORY_COPY_DEVICE_TO_HOST",1,"Agent 2","Agent 0",151940,143938467154925,143938467160045
"MEMORY_COPY","MEMORY_COPY_DEVICE_TO_HOST",1,"Agent 2","Agent 0",151948,143938467306026,143938467311146
"MEMORY_COPY","MEMORY_COPY_HOST_TO_DEVICE",1,"Agent 0","Agent 2",151952,143938467582038,143938467588478
"MEMORY_COPY","MEMORY_COPY_DEVICE_TO_HOST",1,"Agent 2","Agent 0",152046,143938469544548,143938469549749
"MEMORY_COPY","MEMORY_COPY_DEVICE_TO_HOST",1,"Agent 2","Agent 0",152054,143938469690719,143938469695919
"MEMORY_COPY","MEMORY_COPY_HOST_TO_DEVICE",1,"Agent 0","Agent 2",152058,143938469979441,143938469985921
"MEMORY_COPY","MEMORY_COPY_DEVICE_TO_HOST",1,"Agent 2","Agent 0",152152,143938471354699,143938471359859
"MEMORY_COPY","MEMORY_COPY_DEVICE_TO_HOST",1,"Agent 2","Agent 0",152160,143938471503069,143938471508189
"MEMORY_COPY","MEMORY_COPY_HOST_TO_DEVICE",1,"Agent 0","Agent 2",152164,143938471757731,143938471764251
"MEMORY_COPY","MEMORY_COPY_DEVICE_TO_HOST",1,"Agent 2","Agent 0",152258,143938473186289,143938473191449
"MEMORY_COPY","MEMORY_COPY_DEVICE_TO_HOST",1,"Agent 2","Agent 0",152266,143938473333549,143938473338669
"MEMORY_COPY","MEMORY_COPY_HOST_TO_DEVICE",1,"Agent 0","Agent 2",152270,143938473575441,143938473581921
"MEMORY_COPY","MEMORY_COPY_DEVICE_TO_HOST",1,"Agent 2","Agent 0",152364,143938474886298,143938474891418
"MEMORY_COPY","MEMORY_COPY_DEVICE_TO_HOST",1,"Agent 2","Agent 0",152372,143938475046119,143938475051279
"MEMORY_COPY","MEMORY_COPY_HOST_TO_DEVICE",1,"Agent 0","Agent 2",152376,143938475287220,143938475293580
"MEMORY_COPY","MEMORY_COPY_DEVICE_TO_HOST",1,"Agent 2","Agent 0",152470,143938476617548,143938476622708
"MEMORY_COPY","MEMORY_COPY_DEVICE_TO_HOST",1,"Agent 2","Agent 0",152478,143938476764718,143938476769878
"MEMORY_COPY","MEMORY_COPY_HOST_TO_DEVICE",1,"Agent 0","Agent 2",152482,143938477041430,143938477047870
"MEMORY_COPY","MEMORY_COPY_DEVICE_TO_HOST",1,"Agent 2","Agent 0",152576,143938478976891,143938478982091
"MEMORY_COPY","MEMORY_COPY_DEVICE_TO_HOST",1,"Agent 2","Agent 0",152584,143938479160072,143938479165152
"MEMORY_COPY","MEMORY_COPY_HOST_TO_DEVICE",1,"Agent 0","Agent 2",152588,143938479447383,143938479454023
"MEMORY_COPY","MEMORY_COPY_DEVICE_TO_HOST",1,"Agent 2","Agent 0",152640,143938481564301,143938481620821
"MEMORY_COPY","MEMORY_COPY_DEVICE_TO_HOST",1,"Agent 2","Agent 0",152652,143938485296431,143938485301151
"MEMORY_COPY","MEMORY_COPY_DEVICE_TO_HOST",1,"Agent 2","Agent 0",152660,143938485456432,143938485461072
"MEMORY_COPY","MEMORY_COPY_DEVICE_TO_HOST",1,"Agent 2","Agent 0",152752,143938486618649,143938486622889
"MEMORY_COPY","MEMORY_COPY_DEVICE_TO_HOST",1,"Agent 2","Agent 0",152760,143938486731449,143938486735729
"MEMORY_COPY","MEMORY_COPY_HOST_TO_DEVICE",1,"Agent 0","Agent 2",152764,143938486897800,143938486903040
"MEMORY_COPY","MEMORY_COPY_DEVICE_TO_HOST",1,"Agent 2","Agent 0",152888,143938488392088,143938488396368
"MEMORY_COPY","MEMORY_COPY_DEVICE_TO_HOST",1,"Agent 2","Agent 0",152896,143938488504289,143938488508529
"MEMORY_COPY","MEMORY_COPY_HOST_TO_DEVICE",1,"Agent 0","Agent 2",152900,143938488696540,143938488701860
"MEMORY_COPY","MEMORY_COPY_DEVICE_TO_HOST",1,"Agent 2","Agent 0",153024,143938490504430,143938490508750
"MEMORY_COPY","MEMORY_COPY_DEVICE_TO_HOST",1,"Agent 2","Agent 0",153032,143938490635291,143938490639731
"MEMORY_COPY","MEMORY_COPY_HOST_TO_DEVICE",1,"Agent 0","Agent 2",153036,143938490803672,143938490808952
"MEMORY_COPY","MEMORY_COPY_DEVICE_TO_HOST",1,"Agent 2","Agent 0",153160,143938492352810,143938492357170
"MEMORY_COPY","MEMORY_COPY_DEVICE_TO_HOST",1,"Agent 2","Agent 0",153168,143938492466511,143938492470911
"MEMORY_COPY","MEMORY_COPY_HOST_TO_DEVICE",1,"Agent 0","Agent 2",153172,143938492615932,143938492621212
"MEMORY_COPY","MEMORY_COPY_DEVICE_TO_HOST",1,"Agent 2","Agent 0",153294,143938494968295,143938494972695
"MEMORY_COPY","MEMORY_COPY_DEVICE_TO_HOST",1,"Agent 2","Agent 0",153302,143938495222626,143938495226906
"MEMORY_COPY","MEMORY_COPY_HOST_TO_DEVICE",1,"Agent 0","Agent 2",153306,143938495422077,143938495427597
"MEMORY_COPY","MEMORY_COPY_DEVICE_TO_HOST",1,"Agent 2","Agent 0",153430,143938496921536,143938496925856
"MEMORY_COPY","MEMORY_COPY_DEVICE_TO_HOST",1,"Agent 2","Agent 0",153438,143938497046046,143938497050366
"MEMORY_COPY","MEMORY_COPY_HOST_TO_DEVICE",1,"Agent 0","Agent 2",153442,143938497216587,143938497221827
"MEMORY_COPY","MEMORY_COPY_DEVICE_TO_HOST",1,"Agent 2","Agent 0",153566,143938498801276,143938498805756
"MEMORY_COPY","MEMORY_COPY_DEVICE_TO_HOST",1,"Agent 2","Agent 0",153574,143938498912517,143938498916797
"MEMORY_COPY","MEMORY_COPY_HOST_TO_DEVICE",1,"Agent 0","Agent 2",153578,143938499113428,143938499118668
"MEMORY_COPY","MEMORY_COPY_DEVICE_TO_HOST",1,"Agent 2","Agent 0",153702,143938500750407,143938500754687
"MEMORY_COPY","MEMORY_COPY_DEVICE_TO_HOST",1,"Agent 2","Agent 0",153710,143938500924868,143938500929148
"MEMORY_COPY","MEMORY_COPY_HOST_TO_DEVICE",1,"Agent 0","Agent 2",153714,143938501087959,143938501093159
"MEMORY_COPY","MEMORY_COPY_DEVICE_TO_HOST",1,"Agent 2","Agent 0",153838,143938502604157,143938502608397
"MEMORY_COPY","MEMORY_COPY_DEVICE_TO_HOST",1,"Agent 2","Agent 0",153846,143938502715408,143938502719648
"MEMORY_COPY","MEMORY_COPY_HOST_TO_DEVICE",1,"Agent 0","Agent 2",153850,143938502889439,143938502894599
"MEMORY_COPY","MEMORY_COPY_DEVICE_TO_HOST",1,"Agent 2","Agent 0",153972,143938505201091,143938505205331
"MEMORY_COPY","MEMORY_COPY_DEVICE_TO_HOST",1,"Agent 2","Agent 0",153980,143938505315292,143938505319532
"MEMORY_COPY","MEMORY_COPY_HOST_TO_DEVICE",1,"Agent 0","Agent 2",153984,143938505468363,143938505473603
"MEMORY_COPY","MEMORY_COPY_DEVICE_TO_HOST",1,"Agent 2","Agent 0",154108,143938507163142,143938507167422
"MEMORY_COPY","MEMORY_COPY_DEVICE_TO_HOST",1,"Agent 2","Agent 0",154116,143938507275513,143938507279793
"MEMORY_COPY","MEMORY_COPY_HOST_TO_DEVICE",1,"Agent 0","Agent 2",154120,143938507451474,143938507456874
"MEMORY_COPY","MEMORY_COPY_DEVICE_TO_HOST",1,"Agent 2","Agent 0",154244,143938509070423,143938509074703
"MEMORY_COPY","MEMORY_COPY_DEVICE_TO_HOST",1,"Agent 2","Agent 0",154252,143938509184664,143938509188944
"MEMORY_COPY","MEMORY_COPY_HOST_TO_DEVICE",1,"Agent 0","Agent 2",154256,143938509359104,143938509364224
"MEMORY_COPY","MEMORY_COPY_DEVICE_TO_HOST",1,"Agent 2","Agent 0",154380,143938511007284,143938511011564
"MEMORY_COPY","MEMORY_COPY_DEVICE_TO_HOST",1,"Agent 2","Agent 0",154388,143938511123814,143938511128174
"MEMORY_COPY","MEMORY_COPY_HOST_TO_DEVICE",1,"Agent 0","Agent 2",154392,143938511275355,143938511280515
"MEMORY_COPY","MEMORY_COPY_DEVICE_TO_HOST",1,"Agent 2","Agent 0",154516,143938512819734,143938512824014
"MEMORY_COPY","MEMORY_COPY_DEVICE_TO_HOST",1,"Agent 2","Agent 0",154524,143938512932344,143938512936624
"MEMORY_COPY","MEMORY_COPY_HOST_TO_DEVICE",1,"Agent 0","Agent 2",154528,143938513114125,143938513119325
"MEMORY_COPY","MEMORY_COPY_DEVICE_TO_HOST",1,"Agent 2","Agent 0",154650,143938515389078,143938515393318
"MEMORY_COPY","MEMORY_COPY_DEVICE_TO_HOST",1,"Agent 2","Agent 0",154658,143938515502018,143938515506299
"MEMORY_COPY","MEMORY_COPY_HOST_TO_DEVICE",1,"Agent 0","Agent 2",154662,143938515664009,143938515669249
"MEMORY_COPY","MEMORY_COPY_DEVICE_TO_HOST",1,"Agent 2","Agent 0",154756,143938517094397,143938517099677
"MEMORY_COPY","MEMORY_COPY_DEVICE_TO_HOST",1,"Agent 2","Agent 0",154764,143938517246538,143938517251698
"MEMORY_COPY","MEMORY_COPY_HOST_TO_DEVICE",1,"Agent 0","Agent 2",154768,143938517561110,143938517567830
"MEMORY_COPY","MEMORY_COPY_DEVICE_TO_HOST",1,"Agent 2","Agent 0",154862,143938518941558,143938518946798
"MEMORY_COPY","MEMORY_COPY_DEVICE_TO_HOST",1,"Agent 2","Agent 0",154870,143938519089348,143938519094508
"MEMORY_COPY","MEMORY_COPY_HOST_TO_DEVICE",1,"Agent 0","Agent 2",154874,143938519385570,143938519392250
"MEMORY_COPY","MEMORY_COPY_DEVICE_TO_HOST",1,"Agent 2","Agent 0",154968,143938520701597,143938520706717
"MEMORY_COPY","MEMORY_COPY_DEVICE_TO_HOST",1,"Agent 2","Agent 0",154976,143938520846598,143938520851798
"MEMORY_COPY","MEMORY_COPY_HOST_TO_DEVICE",1,"Agent 0","Agent 2",154980,143938521144030,143938521150510
"MEMORY_COPY","MEMORY_COPY_DEVICE_TO_HOST",1,"Agent 2","Agent 0",155074,143938522621168,143938522626288
"MEMORY_COPY","MEMORY_COPY_DEVICE_TO_HOST",1,"Agent 2","Agent 0",155082,143938522767299,143938522772459
"MEMORY_COPY","MEMORY_COPY_HOST_TO_DEVICE",1,"Agent 0","Agent 2",155086,143938523106801,143938523113321
"MEMORY_COPY","MEMORY_COPY_DEVICE_TO_HOST",1,"Agent 2","Agent 0",155180,143938525090912,143938525096112
"MEMORY_COPY","MEMORY_COPY_DEVICE_TO_HOST",1,"Agent 2","Agent 0",155188,143938525240312,143938525245512
"MEMORY_COPY","MEMORY_COPY_HOST_TO_DEVICE",1,"Agent 0","Agent 2",155192,143938525583324,143938525589764
"MEMORY_COPY","MEMORY_COPY_DEVICE_TO_HOST",1,"Agent 2","Agent 0",155286,143938527051392,143938527056592
"MEMORY_COPY","MEMORY_COPY_DEVICE_TO_HOST",1,"Agent 2","Agent 0",155294,143938527211433,143938527216593
"MEMORY_COPY","MEMORY_COPY_HOST_TO_DEVICE",1,"Agent 0","Agent 2",155298,143938527549375,143938527555855
"MEMORY_COPY","MEMORY_COPY_DEVICE_TO_HOST",1,"Agent 2","Agent 0",155392,143938528990443,143938528995643
"MEMORY_COPY","MEMORY_COPY_DEVICE_TO_HOST",1,"Agent 2","Agent 0",155400,143938529160194,143938529165314
"MEMORY_COPY","MEMORY_COPY_HOST_TO_DEVICE",1,"Agent 0","Agent 2",155404,143938529617207,143938529623687
"MEMORY_COPY","MEMORY_COPY_DEVICE_TO_HOST",1,"Agent 2","Agent 0",155498,143938530977114,143938530982354
"MEMORY_COPY","MEMORY_COPY_DEVICE_TO_HOST",1,"Agent 2","Agent 0",155506,143938531165515,143938531170715
"MEMORY_COPY","MEMORY_COPY_HOST_TO_DEVICE",1,"Agent 0","Agent 2",155510,143938531469207,143938531475887
"MEMORY_COPY","MEMORY_COPY_DEVICE_TO_HOST",1,"Agent 2","Agent 0",155604,143938532860005,143938532865205
"MEMORY_COPY","MEMORY_COPY_DEVICE_TO_HOST",1,"Agent 2","Agent 0",155612,143938533019175,143938533024576
"MEMORY_COPY","MEMORY_COPY_HOST_TO_DEVICE",1,"Agent 0","Agent 2",155616,143938533342777,143938533349457
"MEMORY_COPY","MEMORY_COPY_DEVICE_TO_HOST",1,"Agent 2","Agent 0",155710,143938535454589,143938535459789
"MEMORY_COPY","MEMORY_COPY_DEVICE_TO_HOST",1,"Agent 2","Agent 0",155718,143938535611350,143938535616510
"MEMORY_COPY","MEMORY_COPY_HOST_TO_DEVICE",1,"Agent 0","Agent 2",155722,143938535900621,143938535907141
"MEMORY_COPY","MEMORY_COPY_DEVICE_TO_HOST",1,"Agent 2","Agent 0",155816,143938537470700,143938537475940
"MEMORY_COPY","MEMORY_COPY_DEVICE_TO_HOST",1,"Agent 2","Agent 0",155824,143938537627751,143938537632951
"MEMORY_COPY","MEMORY_COPY_HOST_TO_DEVICE",1,"Agent 0","Agent 2",155828,143938537940853,143938537947373
"MEMORY_COPY","MEMORY_COPY_DEVICE_TO_HOST",1,"Agent 2","Agent 0",155922,143938539362001,143938539367681
"MEMORY_COPY","MEMORY_COPY_DEVICE_TO_HOST",1,"Agent 2","Agent 0",155930,143938539521391,143938539526672
"MEMORY_COPY","MEMORY_COPY_HOST_TO_DEVICE",1,"Agent 0","Agent 2",155934,143938539820493,143938539826933
"MEMORY_COPY","MEMORY_COPY_DEVICE_TO_HOST",1,"Agent 2","Agent 0",156028,143938541190061,143938541195221
"MEMORY_COPY","MEMORY_COPY_DEVICE_TO_HOST",1,"Agent 2","Agent 0",156036,143938541345722,143938541350922
"MEMORY_COPY","MEMORY_COPY_HOST_TO_DEVICE",1,"Agent 0","Agent 2",156040,143938541665343,143938541671863
"MEMORY_COPY","MEMORY_COPY_DEVICE_TO_HOST",1,"Agent 2","Agent 0",156134,143938543203142,143938543208342
"MEMORY_COPY","MEMORY_COPY_DEVICE_TO_HOST",1,"Agent 2","Agent 0",156142,143938543356683,143938543361883
"MEMORY_COPY","MEMORY_COPY_HOST_TO_DEVICE",1,"Agent 0","Agent 2",156146,143938543642994,143938543649554
"MEMORY_COPY","MEMORY_COPY_DEVICE_TO_HOST",1,"Agent 2","Agent 0",156240,143938545776769,143938545781929
"MEMORY_COPY","MEMORY_COPY_DEVICE_TO_HOST",1,"Agent 2","Agent 0",156248,143938545930210,143938545935410
"MEMORY_COPY","MEMORY_COPY_HOST_TO_DEVICE",1,"Agent 0","Agent 2",156252,143938546246042,143938546252882
"MEMORY_COPY","MEMORY_COPY_DEVICE_TO_HOST",1,"Agent 2","Agent 0",156346,143938547689089,143938547694290
"MEMORY_COPY","MEMORY_COPY_DEVICE_TO_HOST",1,"Agent 2","Agent 0",156354,143938547841240,143938547846480
"MEMORY_COPY","MEMORY_COPY_HOST_TO_DEVICE",1,"Agent 0","Agent 2",156358,143938548140262,143938548146782
"MEMORY_COPY","MEMORY_COPY_DEVICE_TO_HOST",1,"Agent 2","Agent 0",156452,143938549549950,143938549555150
"MEMORY_COPY","MEMORY_COPY_DEVICE_TO_HOST",1,"Agent 2","Agent 0",156460,143938549715551,143938549720711
"MEMORY_COPY","MEMORY_COPY_HOST_TO_DEVICE",1,"Agent 0","Agent 2",156464,143938549985582,143938549992102
"MEMORY_COPY","MEMORY_COPY_DEVICE_TO_HOST",1,"Agent 2","Agent 0",156558,143938551404720,143938551409880
"MEMORY_COPY","MEMORY_COPY_DEVICE_TO_HOST",1,"Agent 2","Agent 0",156566,143938551587681,143938551592841
"MEMORY_COPY","MEMORY_COPY_HOST_TO_DEVICE",1,"Agent 0","Agent 2",156570,143938551826622,143938551833102
"MEMORY_COPY","MEMORY_COPY_DEVICE_TO_HOST",1,"Agent 2","Agent 0",156664,143938553226950,143938553232150
"MEMORY_COPY","MEMORY_COPY_DEVICE_TO_HOST",1,"Agent 2","Agent 0",156672,143938553524832,143938553530072
"MEMORY_COPY","MEMORY_COPY_HOST_TO_DEVICE",1,"Agent 0","Agent 2",156676,143938553798253,143938553804733
"MEMORY_COPY","MEMORY_COPY_DEVICE_TO_HOST",1,"Agent 2","Agent 0",156770,143938555902665,143938555907865
"MEMORY_COPY","MEMORY_COPY_DEVICE_TO_HOST",1,"Agent 2","Agent 0",156778,143938556056456,143938556061696
"MEMORY_COPY","MEMORY_COPY_HOST_TO_DEVICE",1,"Agent 0","Agent 2",156782,143938556351827,143938556358267
"MEMORY_COPY","MEMORY_COPY_DEVICE_TO_HOST",1,"Agent 2","Agent 0",156834,143938558505169,143938558563850
"MEMORY_COPY","MEMORY_COPY_DEVICE_TO_HOST",1,"Agent 2","Agent 0",156846,143938562703323,143938562708043
"MEMORY_COPY","MEMORY_COPY_DEVICE_TO_HOST",1,"Agent 2","Agent 0",156854,143938562871924,143938562876604
"MEMORY_COPY","MEMORY_COPY_DEVICE_TO_HOST",1,"Agent 2","Agent 0",156946,143938564144691,143938564148971
"MEMORY_COPY","MEMORY_COPY_DEVICE_TO_HOST",1,"Agent 2","Agent 0",156954,143938564265461,143938564269781
"MEMORY_COPY","MEMORY_COPY_HOST_TO_DEVICE",1,"Agent 0","Agent 2",156958,143938564457672,143938564462952
"MEMORY_COPY","MEMORY_COPY_DEVICE_TO_HOST",1,"Agent 2","Agent 0",157082,143938566144312,143938566148752
"MEMORY_COPY","MEMORY_COPY_DEVICE_TO_HOST",1,"Agent 2","Agent 0",157090,143938566264802,143938566269242
"MEMORY_COPY","MEMORY_COPY_HOST_TO_DEVICE",1,"Agent 0","Agent 2",157094,143938566464303,143938566469743
"MEMORY_COPY","MEMORY_COPY_DEVICE_TO_HOST",1,"Agent 2","Agent 0",157218,143938568294274,143938568298754
"MEMORY_COPY","MEMORY_COPY_DEVICE_TO_HOST",1,"Agent 2","Agent 0",157226,143938568428554,143938568433074
"MEMORY_COPY","MEMORY_COPY_HOST_TO_DEVICE",1,"Agent 0","Agent 2",157230,143938568629285,143938568634765
"MEMORY_COPY","MEMORY_COPY_DEVICE_TO_HOST",1,"Agent 2","Agent 0",157354,143938570261294,143938570265934
"MEMORY_COPY","MEMORY_COPY_DEVICE_TO_HOST",1,"Agent 2","Agent 0",157362,143938570382345,143938570387265
"MEMORY_COPY","MEMORY_COPY_HOST_TO_DEVICE",1,"Agent 0","Agent 2",157366,143938570554226,143938570559746
"MEMORY_COPY","MEMORY_COPY_DEVICE_TO_HOST",1,"Agent 2","Agent 0",157488,143938572335716,143938572340436
"MEMORY_COPY","MEMORY_COPY_DEVICE_TO_HOST",1,"Agent 2","Agent 0",157496,143938572456057,143938572460937
"MEMORY_COPY","MEMORY_COPY_HOST_TO_DEVICE",1,"Agent 0","Agent 2",157500,143938572630438,143938572636278
"MEMORY_COPY","MEMORY_COPY_DEVICE_TO_HOST",1,"Agent 2","Agent 0",157624,143938574433388,143938574438028
"MEMORY_COPY","MEMORY_COPY_DEVICE_TO_HOST",1,"Agent 2","Agent 0",157632,143938574574538,143938574579098
"MEMORY_COPY","MEMORY_COPY_HOST_TO_DEVICE",1,"Agent 0","Agent 2",157636,143938574740559,143938574746479
"MEMORY_COPY","MEMORY_COPY_DEVICE_TO_HOST",1,"Agent 2","Agent 0",157760,143938576439799,143938576444439
"MEMORY_COPY","MEMORY_COPY_DEVICE_TO_HOST",1,"Agent 2","Agent 0",157768,143938576560839,143938576565479
"MEMORY_COPY","MEMORY_COPY_HOST_TO_DEVICE",1,"Agent 0","Agent 2",157772,143938576724840,143938576730360
"MEMORY_COPY","MEMORY_COPY_DEVICE_TO_HOST",1,"Agent 2","Agent 0",157896,143938578524930,143938578529530
"MEMORY_COPY","MEMORY_COPY_DEVICE_TO_HOST",1,"Agent 2","Agent 0",157904,143938578644821,143938578649421
"MEMORY_COPY","MEMORY_COPY_HOST_TO_DEVICE",1,"Agent 0","Agent 2",157908,143938578805412,143938578810932
"MEMORY_COPY","MEMORY_COPY_DEVICE_TO_HOST",1,"Agent 2","Agent 0",158032,143938580478881,143938580483521
"MEMORY_COPY","MEMORY_COPY_DEVICE_TO_HOST",1,"Agent 2","Agent 0",158040,143938580603452,143938580608052
"MEMORY_COPY","MEMORY_COPY_HOST_TO_DEVICE",1,"Agent 0","Agent 2",158044,143938580757043,143938580762563
"MEMORY_COPY","MEMORY_COPY_DEVICE_TO_HOST",1,"Agent 2","Agent 0",158166,143938582467662,143938582472702
"MEMORY_COPY","MEMORY_COPY_DEVICE_TO_HOST",1,"Agent 2","Agent 0",158174,143938582592403,143938582597403
"MEMORY_COPY","MEMORY_COPY_HOST_TO_DEVICE",1,"Agent 0","Agent 2",158178,143938582749114,143938582754794
"MEMORY_COPY","MEMORY_COPY_DEVICE_TO_HOST",1,"Agent 2","Agent 0",158302,143938584605344,143938584609904
"MEMORY_COPY","MEMORY_COPY_DEVICE_TO_HOST",1,"Agent 2","Agent 0",158310,143938584726555,143938584731475
"MEMORY_COPY","MEMORY_COPY_HOST_TO_DEVICE",1,"Agent 0","Agent 2",158314,143938584890015,143938584895455
"MEMORY_COPY","MEMORY_COPY_DEVICE_TO_HOST",1,"Agent 2","Agent 0",158438,143938586598885,143938586603805
"MEMORY_COPY","MEMORY_COPY_DEVICE_TO_HOST",1,"Agent 2","Agent 0",158446,143938586726116,143938586730596
"MEMORY_COPY","MEMORY_COPY_HOST_TO_DEVICE",1,"Agent 0","Agent 2",158450,143938586889086,143938586894527
"MEMORY_COPY","MEMORY_COPY_DEVICE_TO_HOST",1,"Agent 2","Agent 0",158574,143938588703137,143938588707617
"MEMORY_COPY","MEMORY_COPY_DEVICE_TO_HOST",1,"Agent 2","Agent 0",158582,143938588823317,143938588827797
"MEMORY_COPY","MEMORY_COPY_HOST_TO_DEVICE",1,"Agent 0","Agent 2",158586,143938588979608,143938588984968
"MEMORY_COPY","MEMORY_COPY_DEVICE_TO_HOST",1,"Agent 2","Agent 0",158710,143938590695658,143938590700178
"MEMORY_COPY","MEMORY_COPY_DEVICE_TO_HOST",1,"Agent 2","Agent 0",158718,143938590814988,143938590819428
"MEMORY_COPY","MEMORY_COPY_HOST_TO_DEVICE",1,"Agent 0","Agent 2",158722,143938590962499,143938590967859
"MEMORY_COPY","MEMORY_COPY_DEVICE_TO_HOST",1,"Agent 2","Agent 0",158844,143938592706229,143938592710629
"MEMORY_COPY","MEMORY_COPY_DEVICE_TO_HOST",1,"Agent 2","Agent 0",158852,143938592831509,143938592835829
"MEMORY_COPY","MEMORY_COPY_HOST_TO_DEVICE",1,"Agent 0","Agent 2",158856,143938592984280,143938592989640
"MEMORY_COPY","MEMORY_COPY_DEVICE_TO_HOST",1,"Agent 2","Agent 0",158950,143938594459218,143938594464578
"MEMORY_COPY","MEMORY_COPY_DEVICE_TO_HOST",1,"Agent 2","Agent 0",158958,143938594612399,143938594617719
"MEMORY_COPY","MEMORY_COPY_HOST_TO_DEVICE",1,"Agent 0","Agent 2",158962,143938594906091,143938594912611
"MEMORY_COPY","MEMORY_COPY_DEVICE_TO_HOST",1,"Agent 2","Agent 0",159056,143938596284708,143938596289869
"MEMORY_COPY","MEMORY_COPY_DEVICE_TO_HOST",1,"Agent 2","Agent 0",159064,143938596463789,143938596468990
"MEMORY_COPY","MEMORY_COPY_HOST_TO_DEVICE",1,"Agent 0","Agent 2",159068,143938596738681,143938596745161
"MEMORY_COPY","MEMORY_COPY_DEVICE_TO_HOST",1,"Agent 2","Agent 0",159162,143938598174119,143938598179279
"MEMORY_COPY","MEMORY_COPY_DEVICE_TO_HOST",1,"Agent 2","Agent 0",159170,143938598326090,143938598331250
"MEMORY_COPY","MEMORY_COPY_HOST_TO_DEVICE",1,"Agent 0","Agent 2",159174,143938598605031,143938598611511
"MEMORY_COPY","MEMORY_COPY_DEVICE_TO_HOST",1,"Agent 2","Agent 0",159268,143938600146970,143938600152330
"MEMORY_COPY","MEMORY_COPY_DEVICE_TO_HOST",1,"Agent 2","Agent 0",159276,143938600305591,143938600310831
"MEMORY_COPY","MEMORY_COPY_HOST_TO_DEVICE",1,"Agent 0","Agent 2",159280,143938600586262,143938600592782
"MEMORY_COPY","MEMORY_COPY_DEVICE_TO_HOST",1,"Agent 2","Agent 0",159374,143938602067661,143938602072821
"MEMORY_COPY","MEMORY_COPY_DEVICE_TO_HOST",1,"Agent 2","Agent 0",159382,143938602222731,143938602227891
"MEMORY_COPY","MEMORY_COPY_HOST_TO_DEVICE",1,"Agent 0","Agent 2",159386,143938602526613,143938602533293
"MEMORY_COPY","MEMORY_COPY_DEVICE_TO_HOST",1,"Agent 2","Agent 0",159480,143938603899591,143938603904751
"MEMORY_COPY","MEMORY_COPY_DEVICE_TO_HOST",1,"Agent 2","Agent 0",159488,143938604051391,143938604056592
"MEMORY_COPY","MEMORY_COPY_HOST_TO_DEVICE",1,"Agent 0","Agent 2",159492,143938604354383,143938604361103
"MEMORY_COPY","MEMORY_COPY_DEVICE_TO_HOST",1,"Agent 2","Agent 0",159586,143938605728591,143938605733751
"MEMORY_COPY","MEMORY_COPY_DEVICE_TO_HOST",1,"Agent 2","Agent 0",159594,143938605879092,143938605884252
"MEMORY_COPY","MEMORY_COPY_HOST_TO_DEVICE",1,"Agent 0","Agent 2",159598,143938606195573,143938606202093
"MEMORY_COPY","MEMORY_COPY_DEVICE_TO_HOST",1,"Agent 2","Agent 0",159692,143938607633096,143938607638256
"MEMORY_COPY","MEMORY_COPY_DEVICE_TO_HOST",1,"Agent 2","Agent 0",159700,143938607785187,143938607790347
"MEMORY_COPY","MEMORY_COPY_HOST_TO_DEVICE",1,"Agent 0","Agent 2",159704,143938608125149,143938608131629
"MEMORY_COPY","MEMORY_COPY_DEVICE_TO_HOST",1,"Agent 2","Agent 0",159798,143938609461666,143938609466866
"MEMORY_COPY","MEMORY_COPY_DEVICE_TO_HOST",1,"Agent 2","Agent 0",159806,143938609615057,143938609620217
"MEMORY_COPY","MEMORY_COPY_HOST_TO_DEVICE",1,"Agent 0","Agent 2",159810,143938609942689,143938609949169
"MEMORY_COPY","MEMORY_COPY_DEVICE_TO_HOST",1,"Agent 2","Agent 0",159904,143938611362317,143938611367477
"MEMORY_COPY","MEMORY_COPY_DEVICE_TO_HOST",1,"Agent 2","Agent 0",159912,143938611513758,143938611519038
"MEMORY_COPY","MEMORY_COPY_HOST_TO_DEVICE",1,"Agent 0","Agent 2",159916,143938611789569,143938611796089
"MEMORY_COPY","MEMORY_COPY_DEVICE_TO_HOST",1,"Agent 2","Agent 0",160010,143938613353468,143938613358668
"MEMORY_COPY","MEMORY_COPY_DEVICE_TO_HOST",1,"Agent 2","Agent 0",160018,143938613519259,143938613524459
"MEMORY_COPY","MEMORY_COPY_HOST_TO_DEVICE",1,"Agent 0","Agent 2",160022,143938613811190,143938613817670
"MEMORY_COPY","MEMORY_COPY_DEVICE_TO_HOST",1,"Agent 2","Agent 0",160116,143938615252808,143938615258008
"MEMORY_COPY","MEMORY_COPY_DEVICE_TO_HOST",1,"Agent 2","Agent 0",160124,143938615406039,143938615411199
"MEMORY_COPY","MEMORY_COPY_HOST_TO_DEVICE",1,"Agent 0","Agent 2",160128,143938615709901,143938615716341
"MEMORY_COPY","MEMORY_COPY_DEVICE_TO_HOST",1,"Agent 2","Agent 0",160222,143938617050088,143938617055328
"MEMORY_COPY","MEMORY_COPY_DEVICE_TO_HOST",1,"Agent 2","Agent 0",160230,143938617204549,143938617209749
"MEMORY_COPY","MEMORY_COPY_HOST_TO_DEVICE",1,"Agent 0","Agent 2",160234,143938617549611,143938617556091
"MEMORY_COPY","MEMORY_COPY_DEVICE_TO_HOST",1,"Agent 2","Agent 0",160328,143938619078639,143938619083919
"MEMORY_COPY","MEMORY_COPY_DEVICE_TO_HOST",1,"Agent 2","Agent 0",160336,143938619235730,143938619240890
"MEMORY_COPY","MEMORY_COPY_HOST_TO_DEVICE",1,"Agent 0","Agent 2",160340,143938619541382,143938619548022
"MEMORY_COPY","MEMORY_COPY_DEVICE_TO_HOST",1,"Agent 2","Agent 0",160434,143938620994900,143938621000060
"MEMORY_COPY","MEMORY_COPY_DEVICE_TO_HOST",1,"Agent 2","Agent 0",160442,143938621176861,143938621182061
"MEMORY_COPY","MEMORY_COPY_HOST_TO_DEVICE",1,"Agent 0","Agent 2",160446,143938621467143,143938621473583
"MEMORY_COPY","MEMORY_COPY_DEVICE_TO_HOST",1,"Agent 2","Agent 0",160540,143938622868570,143938622873730
"MEMORY_COPY","MEMORY_COPY_DEVICE_TO_HOST",1,"Agent 2","Agent 0",160548,143938623048581,143938623053741
"MEMORY_COPY","MEMORY_COPY_HOST_TO_DEVICE",1,"Agent 0","Agent 2",160552,143938623304283,143938623310843
"MEMORY_COPY","MEMORY_COPY_DEVICE_TO_HOST",1,"Agent 2","Agent 0",160646,143938624638730,143938624643890
"MEMORY_COPY","MEMORY_COPY_DEVICE_TO_HOST",1,"Agent 2","Agent 0",160654,143938624931002,143938624936122
"MEMORY_COPY","MEMORY_COPY_HOST_TO_DEVICE",1,"Agent 0","Agent 2",160658,143938625203013,143938625209453
"MEMORY_COPY","MEMORY_COPY_DEVICE_TO_HOST",1,"Agent 2","Agent 0",160752,143938626564091,143938626569211
"MEMORY_COPY","MEMORY_COPY_DEVICE_TO_HOST",1,"Agent 2","Agent 0",160760,143938626715072,143938626720272
"MEMORY_COPY","MEMORY_COPY_HOST_TO_DEVICE",1,"Agent 0","Agent 2",160764,143938626942893,143938626949373
"MEMORY_COPY","MEMORY_COPY_DEVICE_TO_HOST",1,"Agent 2","Agent 0",160858,143938628349701,143938628355261
"MEMORY_COPY","MEMORY_COPY_DEVICE_TO_HOST",1,"Agent 2","Agent 0",160866,143938628502202,143938628507362
"MEMORY_COPY","MEMORY_COPY_HOST_TO_DEVICE",1,"Agent 0","Agent 2",160870,143938628738703,143938628745223
"MEMORY_COPY","MEMORY_COPY_DEVICE_TO_HOST",1,"Agent 2","Agent 0",160964,143938630242581,143938630247781
"MEMORY_COPY","MEMORY_COPY_DEVICE_TO_HOST",1,"Agent 2","Agent 0",160972,143938630393972,143938630399252
"MEMORY_COPY","MEMORY_COPY_HOST_TO_DEVICE",1,"Agent 0","Agent 2",160976,143938630637163,143938630643643
"MEMORY_COPY","MEMORY_COPY_DEVICE_TO_HOST",1,"Agent 2","Agent 0",161032,143938631679699,143938631684379
"MEMORY_COPY","MEMORY_COPY_DEVICE_TO_HOST",1,"Agent 2","Agent 0",161040,143938631820120,143938631824800
"MEMORY_COPY","MEMORY_COPY_DEVICE_TO_HOST",1,"Agent 2","Agent 0",161132,143938633050887,143938633055167
"MEMORY_COPY","MEMORY_COPY_DEVICE_TO_HOST",1,"Agent 2","Agent 0",161140,143938633169317,143938633173557
"MEMORY_COPY","MEMORY_COPY_HOST_TO_DEVICE",1,"Agent 0","Agent 2",161144,143938633358548,143938633363788
"MEMORY_COPY","MEMORY_COPY_DEVICE_TO_HOST",1,"Agent 2","Agent 0",161268,143938634900067,143938634904347
"MEMORY_COPY","MEMORY_COPY_DEVICE_TO_HOST",1,"Agent 2","Agent 0",161276,143938635048608,143938635052888
"MEMORY_COPY","MEMORY_COPY_HOST_TO_DEVICE",1,"Agent 0","Agent 2",161280,143938635225829,143938635231069
"MEMORY_COPY","MEMORY_COPY_DEVICE_TO_HOST",1,"Agent 2","Agent 0",161404,143938636931328,143938636935568
"MEMORY_COPY","MEMORY_COPY_DEVICE_TO_HOST",1,"Agent 2","Agent 0",161412,143938637049229,143938637053509
"MEMORY_COPY","MEMORY_COPY_HOST_TO_DEVICE",1,"Agent 0","Agent 2",161416,143938637225440,143938637230640
"MEMORY_COPY","MEMORY_COPY_DEVICE_TO_HOST",1,"Agent 2","Agent 0",161540,143938638825119,143938638829399
"MEMORY_COPY","MEMORY_COPY_DEVICE_TO_HOST",1,"Agent 2","Agent 0",161548,143938638940529,143938638944769
"MEMORY_COPY","MEMORY_COPY_HOST_TO_DEVICE",1,"Agent 0","Agent 2",161552,143938639128550,143938639133790
"MEMORY_COPY","MEMORY_COPY_DEVICE_TO_HOST",1,"Agent 2","Agent 0",161674,143938640878250,143938640882570
"MEMORY_COPY","MEMORY_COPY_DEVICE_TO_HOST",1,"Agent 2","Agent 0",161682,143938640994811,143938640999091
"MEMORY_COPY","MEMORY_COPY_HOST_TO_DEVICE",1,"Agent 0","Agent 2",161686,143938641197832,143938641203432
"MEMORY_COPY","MEMORY_COPY_DEVICE_TO_HOST",1,"Agent 2","Agent 0",161810,143938643000382,143938643004662
"MEMORY_COPY","MEMORY_COPY_DEVICE_TO_HOST",1,"Agent 2","Agent 0",161818,143938643144813,143938643149173
"MEMORY_COPY","MEMORY_COPY_HOST_TO_DEVICE",1,"Agent 0","Agent 2",161822,143938643308843,143938643314083
"MEMORY_COPY","MEMORY_COPY_DEVICE_TO_HOST",1,"Agent 2","Agent 0",161946,143938644849382,143938644853662
"MEMORY_COPY","MEMORY_COPY_DEVICE_TO_HOST",1,"Agent 2","Agent 0",161954,143938644966203,143938644970443
"MEMORY_COPY","MEMORY_COPY_HOST_TO_DEVICE",1,"Agent 0","Agent 2",161958,143938645155044,143938645160244
"MEMORY_COPY","MEMORY_COPY_DEVICE_TO_HOST",1,"Agent 2","Agent 0",162082,143938646877113,143938646881393
"MEMORY_COPY","MEMORY_COPY_DEVICE_TO_HOST",1,"Agent 2","Agent 0",162090,143938646993854,143938646998134
"MEMORY_COPY","MEMORY_COPY_HOST_TO_DEVICE",1,"Agent 0","Agent 2",162094,143938647183215,143938647188455
"MEMORY_COPY","MEMORY_COPY_DEVICE_TO_HOST",1,"Agent 2","Agent 0",162218,143938648741443,143938648745723
"MEMORY_COPY","MEMORY_COPY_DEVICE_TO_HOST",1,"Agent 2","Agent 0",162226,143938648870194,143938648874474
"MEMORY_COPY","MEMORY_COPY_HOST_TO_DEVICE",1,"Agent 0","Agent 2",162230,143938649055175,143938649060495
"MEMORY_COPY","MEMORY_COPY_DEVICE_TO_HOST",1,"Agent 2","Agent 0",162352,143938650775565,143938650779805
"MEMORY_COPY","MEMORY_COPY_DEVICE_TO_HOST",1,"Agent 2","Agent 0",162360,143938650889595,143938650893875
"MEMORY_COPY","MEMORY_COPY_HOST_TO_DEVICE",1,"Agent 0","Agent 2",162364,143938651075556,143938651080796
"MEMORY_COPY","MEMORY_COPY_DEVICE_TO_HOST",1,"Agent 2","Agent 0",162488,143938652777226,143938652781866
"MEMORY_COPY","MEMORY_COPY_DEVICE_TO_HOST",1,"Agent 2","Agent 0",162496,143938652895716,143938652899996
"MEMORY_COPY","MEMORY_COPY_HOST_TO_DEVICE",1,"Agent 0","Agent 2",162500,143938653086087,143938653091527
"MEMORY_COPY","MEMORY_COPY_DEVICE_TO_HOST",1,"Agent 2","Agent 0",162624,143938654678246,143938654682486
"MEMORY_COPY","MEMORY_COPY_DEVICE_TO_HOST",1,"Agent 2","Agent 0",162632,143938654795917,143938654800197
"MEMORY_COPY","MEMORY_COPY_HOST_TO_DEVICE",1,"Agent 0","Agent 2",162636,143938654950158,143938654955358
"MEMORY_COPY","MEMORY_COPY_DEVICE_TO_HOST",1,"Agent 2","Agent 0",162760,143938656706187,143938656710468
"MEMORY_COPY","MEMORY_COPY_DEVICE_TO_HOST",1,"Agent 2","Agent 0",162768,143938656861188,143938656865428
"MEMORY_COPY","MEMORY_COPY_HOST_TO_DEVICE",1,"Agent 0","Agent 2",162772,143938657047219,143938657052419
"MEMORY_COPY","MEMORY_COPY_DEVICE_TO_HOST",1,"Agent 2","Agent 0",162896,143938658617608,143938658621848
"MEMORY_COPY","MEMORY_COPY_DEVICE_TO_HOST",1,"Agent 2","Agent 0",162904,143938658733049,143938658737289
"MEMORY_COPY","MEMORY_COPY_HOST_TO_DEVICE",1,"Agent 0","Agent 2",162908,143938658873799,143938658879039
"MEMORY_COPY","MEMORY_COPY_DEVICE_TO_HOST",1,"Agent 2","Agent 0",163030,143938660598499,143938660602739
"MEMORY_COPY","MEMORY_COPY_DEVICE_TO_HOST",1,"Agent 2","Agent 0",163038,143938660714890,143938660719130
"MEMORY_COPY","MEMORY_COPY_HOST_TO_DEVICE",1,"Agent 0","Agent 2",163042,143938660864960,143938660870121
"MEMORY_COPY","MEMORY_COPY_DEVICE_TO_HOST",1,"Agent 2","Agent 0",163136,143938662330559,143938662335799
"MEMORY_COPY","MEMORY_COPY_DEVICE_TO_HOST",1,"Agent 2","Agent 0",163144,143938662482999,143938662488119
"MEMORY_COPY","MEMORY_COPY_HOST_TO_DEVICE",1,"Agent 0","Agent 2",163148,143938662781931,143938662788371
"MEMORY_COPY","MEMORY_COPY_DEVICE_TO_HOST",1,"Agent 2","Agent 0",163242,143938664198799,143938664203999
"MEMORY_COPY","MEMORY_COPY_DEVICE_TO_HOST",1,"Agent 2","Agent 0",163250,143938664352310,143938664357430
"MEMORY_COPY","MEMORY_COPY_HOST_TO_DEVICE",1,"Agent 0","Agent 2",163254,143938664630651,143938664637171
"MEMORY_COPY","MEMORY_COPY_DEVICE_TO_HOST",1,"Agent 2","Agent 0",163348,143938666049341,143938666054501
"MEMORY_COPY","MEMORY_COPY_DEVICE_TO_HOST",1,"Agent 2","Agent 0",163356,143938666202100,143938666207220
"MEMORY_COPY","MEMORY_COPY_HOST_TO_DEVICE",1,"Agent 0","Agent 2",163360,143938666497712,143938666504392
"MEMORY_COPY","MEMORY_COPY_DEVICE_TO_HOST",1,"Agent 2","Agent 0",163454,143938667984020,143938667989260
"MEMORY_COPY","MEMORY_COPY_DEVICE_TO_HOST",1,"Agent 2","Agent 0",163462,143938668172231,143938668177391
"MEMORY_COPY","MEMORY_COPY_HOST_TO_DEVICE",1,"Agent 0","Agent 2",163466,143938668474873,143938668481553
"MEMORY_COPY","MEMORY_COPY_DEVICE_TO_HOST",1,"Agent 2","Agent 0",163560,143938669996183,143938670001303
"MEMORY_COPY","MEMORY_COPY_DEVICE_TO_HOST",1,"Agent 2","Agent 0",163568,143938670175824,143938670181024
"MEMORY_COPY","MEMORY_COPY_HOST_TO_DEVICE",1,"Agent 0","Agent 2",163572,143938670477726,143938670484286
"MEMORY_COPY","MEMORY_COPY_DEVICE_TO_HOST",1,"Agent 2","Agent 0",163666,143938671905764,143938671910924
"MEMORY_COPY","MEMORY_COPY_DEVICE_TO_HOST",1,"Agent 2","Agent 0",163674,143938672058285,143938672063445
"MEMORY_COPY","MEMORY_COPY_HOST_TO_DEVICE",1,"Agent 0","Agent 2",163678,143938672364667,143938672371147
"MEMORY_COPY","MEMORY_COPY_DEVICE_TO_HOST",1,"Agent 2","Agent 0",163772,143938673731764,143938673737004
"MEMORY_COPY","MEMORY_COPY_DEVICE_TO_HOST",1,"Agent 2","Agent 0",163780,143938673881175,143938673886335
"MEMORY_COPY","MEMORY_COPY_HOST_TO_DEVICE",1,"Agent 0","Agent 2",163784,143938674198177,143938674204657
"MEMORY_COPY","MEMORY_COPY_DEVICE_TO_HOST",1,"Agent 2","Agent 0",163878,143938675729285,143938675734405
"MEMORY_COPY","MEMORY_COPY_DEVICE_TO_HOST",1,"Agent 2","Agent 0",163886,143938675880656,143938675885816
"MEMORY_COPY","MEMORY_COPY_HOST_TO_DEVICE",1,"Agent 0","Agent 2",163890,143938676216518,143938676222998
"MEMORY_COPY","MEMORY_COPY_DEVICE_TO_HOST",1,"Agent 2","Agent 0",163984,143938677555925,143938677561445
"MEMORY_COPY","MEMORY_COPY_DEVICE_TO_HOST",1,"Agent 2","Agent 0",163992,143938677708456,143938677714056
"MEMORY_COPY","MEMORY_COPY_HOST_TO_DEVICE",1,"Agent 0","Agent 2",163996,143938678006368,143938678013048
"MEMORY_COPY","MEMORY_COPY_DEVICE_TO_HOST",1,"Agent 2","Agent 0",164090,143938679563516,143938679568676
"MEMORY_COPY","MEMORY_COPY_DEVICE_TO_HOST",1,"Agent 2","Agent 0",164098,143938679716397,143938679721637
"MEMORY_COPY","MEMORY_COPY_HOST_TO_DEVICE",1,"Agent 0","Agent 2",164102,143938680023419,143938680029899
"MEMORY_COPY","MEMORY_COPY_DEVICE_TO_HOST",1,"Agent 2","Agent 0",164196,143938681555497,143938681560457
"MEMORY_COPY","MEMORY_COPY_DEVICE_TO_HOST",1,"Agent 2","Agent 0",164204,143938681707218,143938681712458
"MEMORY_COPY","MEMORY_COPY_HOST_TO_DEVICE",1,"Agent 0","Agent 2",164208,143938681987990,143938681994470
"MEMORY_COPY","MEMORY_COPY_DEVICE_TO_HOST",1,"Agent 2","Agent 0",164302,143938683348857,143938683354057
"MEMORY_COPY","MEMORY_COPY_DEVICE_TO_HOST",1,"Agent 2","Agent 0",164310,143938683501448,143938683506608
"MEMORY_COPY","MEMORY_COPY_HOST_TO_DEVICE",1,"Agent 0","Agent 2",164314,143938683798020,143938683804460
"MEMORY_COPY","MEMORY_COPY_DEVICE_TO_HOST",1,"Agent 2","Agent 0",164408,143938685197028,143938685202148
"MEMORY_COPY","MEMORY_COPY_DEVICE_TO_HOST",1,"Agent 2","Agent 0",164416,143938685349398,143938685354558
"MEMORY_COPY","MEMORY_COPY_HOST_TO_DEVICE",1,"Agent 0","Agent 2",164420,143938685641650,143938685648130
"MEMORY_COPY","MEMORY_COPY_DEVICE_TO_HOST",1,"Agent 2","Agent 0",164514,143938687164359,143938687169559
"MEMORY_COPY","MEMORY_COPY_DEVICE_TO_HOST",1,"Agent 2","Agent 0",164522,143938687316649,143938687321889
"MEMORY_COPY","MEMORY_COPY_HOST_TO_DEVICE",1,"Agent 0","Agent 2",164526,143938687595931,143938687602411
"MEMORY_COPY","MEMORY_COPY_DEVICE_TO_HOST",1,"Agent 2","Agent 0",164620,143938689109739,143938689114899
"MEMORY_COPY","MEMORY_COPY_DEVICE_TO_HOST",1,"Agent 2","Agent 0",164628,143938689263620,143938689268780
"MEMORY_COPY","MEMORY_COPY_HOST_TO_DEVICE",1,"Agent 0","Agent 2",164632,143938689554552,143938689561312
"MEMORY_COPY","MEMORY_COPY_DEVICE_TO_HOST",1,"Agent 2","Agent 0",164726,143938690904369,143938690909529
"MEMORY_COPY","MEMORY_COPY_DEVICE_TO_HOST",1,"Agent 2","Agent 0",164734,143938691055980,143938691061140
"MEMORY_COPY","MEMORY_COPY_HOST_TO_DEVICE",1,"Agent 0","Agent 2",164738,143938691314922,143938691321442
"MEMORY_COPY","MEMORY_COPY_DEVICE_TO_HOST",1,"Agent 2","Agent 0",164832,143938692632099,143938692637339
"MEMORY_COPY","MEMORY_COPY_DEVICE_TO_HOST",1,"Agent 2","Agent 0",164840,143938692784530,143938692789690
"MEMORY_COPY","MEMORY_COPY_HOST_TO_DEVICE",1,"Agent 0","Agent 2",164844,143938693079601,143938693086281
"MEMORY_COPY","MEMORY_COPY_DEVICE_TO_HOST",1,"Agent 2","Agent 0",164938,143938694559860,143938694565020
"MEMORY_COPY","MEMORY_COPY_DEVICE_TO_HOST",1,"Agent 2","Agent 0",164946,143938694711100,143938694716340
"MEMORY_COPY","MEMORY_COPY_HOST_TO_DEVICE",1,"Agent 0","Agent 2",164950,143938694941702,143938694948182
"MEMORY_COPY","MEMORY_COPY_DEVICE_TO_HOST",1,"Agent 2","Agent 0",165044,143938696278829,143938696284389
"MEMORY_COPY","MEMORY_COPY_DEVICE_TO_HOST",1,"Agent 2","Agent 0",165052,143938696433130,143938696438290
"MEMORY_COPY","MEMORY_COPY_HOST_TO_DEVICE",1,"Agent 0","Agent 2",165056,143938696685981,143938696692461
"MEMORY_COPY","MEMORY_COPY_DEVICE_TO_HOST",1,"Agent 2","Agent 0",165150,143938698281530,143938698286810
"MEMORY_COPY","MEMORY_COPY_DEVICE_TO_HOST",1,"Agent 2","Agent 0",165158,143938698432711,143938698437911
"MEMORY_COPY","MEMORY_COPY_HOST_TO_DEVICE",1,"Agent 0","Agent 2",165162,143938698722583,143938698729023
"MEMORY_COPY","MEMORY_COPY_DEVICE_TO_HOST",1,"Agent 2","Agent 0",165218,143938699735038,143938699739758
"MEMORY_COPY","MEMORY_COPY_DEVICE_TO_HOST",1,"Agent 2","Agent 0",165226,143938699873229,143938699877949
"MEMORY_COPY","MEMORY_COPY_DEVICE_TO_HOST",1,"Agent 2","Agent 0",165318,143938701131486,143938701135766
"MEMORY_COPY","MEMORY_COPY_DEVICE_TO_HOST",1,"Agent 2","Agent 0",165326,143938701248297,143938701252577
"MEMORY_COPY","MEMORY_COPY_HOST_TO_DEVICE",1,"Agent 0","Agent 2",165330,143938701440088,143938701445528
"MEMORY_COPY","MEMORY_COPY_DEVICE_TO_HOST",1,"Agent 2","Agent 0",165454,143938703043787,143938703048027
"MEMORY_COPY","MEMORY_COPY_DEVICE_TO_HOST",1,"Agent 2","Agent 0",165462,143938703162837,143938703167077
"MEMORY_COPY","MEMORY_COPY_HOST_TO_DEVICE",1,"Agent 0","Agent 2",165466,143938703358848,143938703364288
"MEMORY_COPY","MEMORY_COPY_DEVICE_TO_HOST",1,"Agent 2","Agent 0",165590,143938705175408,143938705179768
"MEMORY_COPY","MEMORY_COPY_DEVICE_TO_HOST",1,"Agent 2","Agent 0",165598,143938705294399,143938705298679
"MEMORY_COPY","MEMORY_COPY_HOST_TO_DEVICE",1,"Agent 0","Agent 2",165602,143938705489240,143938705494640
"MEMORY_COPY","MEMORY_COPY_DEVICE_TO_HOST",1,"Agent 2","Agent 0",165726,143938707073779,143938707078059
"MEMORY_COPY","MEMORY_COPY_DEVICE_TO_HOST",1,"Agent 2","Agent 0",165734,143938707196090,143938707200330
"MEMORY_COPY","MEMORY_COPY_HOST_TO_DEVICE",1,"Agent 0","Agent 2",165738,143938707369540,143938707374981
"MEMORY_COPY","MEMORY_COPY_DEVICE_TO_HOST",1,"Agent 2","Agent 0",165860,143938709288761,143938709293001
"MEMORY_COPY","MEMORY_COPY_DEVICE_TO_HOST",1,"Agent 2","Agent 0",165868,143938709431282,143938709435522
"MEMORY_COPY","MEMORY_COPY_HOST_TO_DEVICE",1,"Agent 0","Agent 2",165872,143938709624813,143938709630213
"MEMORY_COPY","MEMORY_COPY_DEVICE_TO_HOST",1,"Agent 2","Agent 0",165996,143938711397863,143938711402103
"MEMORY_COPY","MEMORY_COPY_DEVICE_TO_HOST",1,"Agent 2","Agent 0",166004,143938711531314,143938711535554
"MEMORY_COPY","MEMORY_COPY_HOST_TO_DEVICE",1,"Agent 0","Agent 2",166008,143938711703255,143938711708415
"MEMORY_COPY","MEMORY_COPY_DEVICE_TO_HOST",1,"Agent 2","Agent 0",166132,143938713249083,143938713253323
"MEMORY_COPY","MEMORY_COPY_DEVICE_TO_HOST",1,"Agent 2","Agent 0",166140,143938713366374,143938713370654
"MEMORY_COPY","MEMORY_COPY_HOST_TO_DEVICE",1,"Agent 0","Agent 2",166144,143938713527675,143938713532875
"MEMORY_COPY","MEMORY_COPY_DEVICE_TO_HOST",1,"Agent 2","Agent 0",166268,143938715258374,143938715263054
"MEMORY_COPY","MEMORY_COPY_DEVICE_TO_HOST",1,"Agent 2","Agent 0",166276,143938715376365,143938715380725
"MEMORY_COPY","MEMORY_COPY_HOST_TO_DEVICE",1,"Agent 0","Agent 2",166280,143938715535516,143938715540716
"MEMORY_COPY","MEMORY_COPY_DEVICE_TO_HOST",1,"Agent 2","Agent 0",166404,143938717077644,143938717081924
"MEMORY_COPY","MEMORY_COPY_DEVICE_TO_HOST",1,"Agent 2","Agent 0",166412,143938717197465,143938717201705
"MEMORY_COPY","MEMORY_COPY_HOST_TO_DEVICE",1,"Agent 0","Agent 2",166416,143938717375886,143938717381246
"MEMORY_COPY","MEMORY_COPY_DEVICE_TO_HOST",1,"Agent 2","Agent 0",166538,143938719166546,143938719170746
"MEMORY_COPY","MEMORY_COPY_DEVICE_TO_HOST",1,"Agent 2","Agent 0",166546,143938719284537,143938719288777
"MEMORY_COPY","MEMORY_COPY_HOST_TO_DEVICE",1,"Agent 0","Agent 2",166550,143938719461047,143938719466168
"MEMORY_COPY","MEMORY_COPY_DEVICE_TO_HOST",1,"Agent 2","Agent 0",166674,143938721224217,143938721228457
"MEMORY_COPY","MEMORY_COPY_DEVICE_TO_HOST",1,"Agent 2","Agent 0",166682,143938721342098,143938721346338
"MEMORY_COPY","MEMORY_COPY_HOST_TO_DEVICE",1,"Agent 0","Agent 2",166686,143938721498179,143938721503339
"MEMORY_COPY","MEMORY_COPY_DEVICE_TO_HOST",1,"Agent 2","Agent 0",166810,143938723073758,143938723078038
"MEMORY_COPY","MEMORY_COPY_DEVICE_TO_HOST",1,"Agent 2","Agent 0",166818,143938723192318,143938723196598
"MEMORY_COPY","MEMORY_COPY_HOST_TO_DEVICE",1,"Agent 0","Agent 2",166822,143938723369749,143938723374909
"MEMORY_COPY","MEMORY_COPY_DEVICE_TO_HOST",1,"Agent 2","Agent 0",166946,143938724905028,143938724909308
"MEMORY_COPY","MEMORY_COPY_DEVICE_TO_HOST",1,"Agent 2","Agent 0",166954,143938725172349,143938725176629
"MEMORY_COPY","MEMORY_COPY_HOST_TO_DEVICE",1,"Agent 0","Agent 2",166958,143938725350860,143938725356060
"MEMORY_COPY","MEMORY_COPY_DEVICE_TO_HOST",1,"Agent 2","Agent 0",167082,143938726878519,143938726882759
"MEMORY_COPY","MEMORY_COPY_DEVICE_TO_HOST",1,"Agent 2","Agent 0",167090,143938726995559,143938726999839
"MEMORY_COPY","MEMORY_COPY_HOST_TO_DEVICE",1,"Agent 0","Agent 2",167094,143938727179770,143938727185010
"MEMORY_COPY","MEMORY_COPY_DEVICE_TO_HOST",1,"Agent 2","Agent 0",167216,143938728979560,143938728983800
"MEMORY_COPY","MEMORY_COPY_DEVICE_TO_HOST",1,"Agent 2","Agent 0",167224,143938729132261,143938729136581
"MEMORY_COPY","MEMORY_COPY_HOST_TO_DEVICE",1,"Agent 0","Agent 2",167228,143938729289572,143938729294772
"MEMORY_COPY","MEMORY_COPY_DEVICE_TO_HOST",1,"Agent 2","Agent 0",167322,143938730798720,143938730803880
"MEMORY_COPY","MEMORY_COPY_DEVICE_TO_HOST",1,"Agent 2","Agent 0",167330,143938730950081,143938730955241
"MEMORY_COPY","MEMORY_COPY_HOST_TO_DEVICE",1,"Agent 0","Agent 2",167334,143938731280913,143938731287393
"MEMORY_COPY","MEMORY_COPY_DEVICE_TO_HOST",1,"Agent 2","Agent 0",167428,143938732632203,143938732637403
"MEMORY_COPY","MEMORY_COPY_DEVICE_TO_HOST",1,"Agent 2","Agent 0",167436,143938732784644,143938732789764
"MEMORY_COPY","MEMORY_COPY_HOST_TO_DEVICE",1,"Agent 0","Agent 2",167440,143938733061105,143938733067586
"MEMORY_COPY","MEMORY_COPY_DEVICE_TO_HOST",1,"Agent 2","Agent 0",167534,143938734433283,143938734438403
"MEMORY_COPY","MEMORY_COPY_DEVICE_TO_HOST",1,"Agent 2","Agent 0",167542,143938734633644,143938734638804
"MEMORY_COPY","MEMORY_COPY_HOST_TO_DEVICE",1,"Agent 0","Agent 2",167546,143938734937976,143938734944456
"MEMORY_COPY","MEMORY_COPY_DEVICE_TO_HOST",1,"Agent 2","Agent 0",167640,143938736281823,143938736286943
"MEMORY_COPY","MEMORY_COPY_DEVICE_TO_HOST",1,"Agent 2","Agent 0",167648,143938736435734,143938736440854
"MEMORY_COPY","MEMORY_COPY_HOST_TO_DEVICE",1,"Agent 0","Agent 2",167652,143938736755776,143938736762256
"MEMORY_COPY","MEMORY_COPY_DEVICE_TO_HOST",1,"Agent 2","Agent 0",167746,143938738360985,143938738366145
"MEMORY_COPY","MEMORY_COPY_DEVICE_TO_HOST",1,"Agent 2","Agent 0",167754,143938738512186,143938738517306
"MEMORY_COPY","MEMORY_COPY_HOST_TO_DEVICE",1,"Agent 0","Agent 2",167758,143938738787437,143938738793917
"MEMORY_COPY","MEMORY_COPY_DEVICE_TO_HOST",1,"Agent 2","Agent 0",167852,143938740169295,143938740174415
"MEMORY_COPY","MEMORY_COPY_DEVICE_TO_HOST",1,"Agent 2","Agent 0",167860,143938740319676,143938740324916
"MEMORY_COPY","MEMORY_COPY_HOST_TO_DEVICE",1,"Agent 0","Agent 2",167864,143938740603357,143938740609877
"MEMORY_COPY","MEMORY_COPY_DEVICE_TO_HOST",1,"Agent 2","Agent 0",167958,143938741957995,143938741963195
"MEMORY_COPY","MEMORY_COPY_DEVICE_TO_HOST",1,"Agent 2","Agent 0",167966,143938742110376,143938742115496
"MEMORY_COPY","MEMORY_COPY_HOST_TO_DEVICE",1,"Agent 0","Agent 2",167970,143938742414547,143938742421187
"MEMORY_COPY","MEMORY_COPY_DEVICE_TO_HOST",1,"Agent 2","Agent 0",168064,143938743910036,143938743915316
"MEMORY_COPY","MEMORY_COPY_DEVICE_TO_HOST",1,"Agent 2","Agent 0",168072,143938744063186,143938744068466
"MEMORY_COPY","MEMORY_COPY_HOST_TO_DEVICE",1,"Agent 0","Agent 2",168076,143938744368578,143938744375258
"MEMORY_COPY","MEMORY_COPY_DEVICE_TO_HOST",1,"Agent 2","Agent 0",168170,143938745719896,143938745725136
"MEMORY_COPY","MEMORY_COPY_DEVICE_TO_HOST",1,"Agent 2","Agent 0",168178,143938745870776,143938745875936
"MEMORY_COPY","MEMORY_COPY_HOST_TO_DEVICE",1,"Agent 0","Agent 2",168182,143938746203058,143938746209498
"MEMORY_COPY","MEMORY_COPY_DEVICE_TO_HOST",1,"Agent 2","Agent 0",168276,143938747789427,143938747794587
"MEMORY_COPY","MEMORY_COPY_DEVICE_TO_HOST",1,"Agent 2","Agent 0",168284,143938747957468,143938747962548
"MEMORY_COPY","MEMORY_COPY_HOST_TO_DEVICE",1,"Agent 0","Agent 2",168288,143938748280030,143938748286550
"MEMORY_COPY","MEMORY_COPY_DEVICE_TO_HOST",1,"Agent 2","Agent 0",168382,143938749745958,143938749751118
"MEMORY_COPY","MEMORY_COPY_DEVICE_TO_HOST",1,"Agent 2","Agent 0",168390,143938749898289,143938749903409
"MEMORY_COPY","MEMORY_COPY_HOST_TO_DEVICE",1,"Agent 0","Agent 2",168394,143938750225720,143938750232281
"MEMORY_COPY","MEMORY_COPY_DEVICE_TO_HOST",1,"Agent 2","Agent 0",168488,143938751552978,143938751558178
"MEMORY_COPY","MEMORY_COPY_DEVICE_TO_HOST",1,"Agent 2","Agent 0",168496,143938751704699,143938751709859
"MEMORY_COPY","MEMORY_COPY_HOST_TO_DEVICE",1,"Agent 0","Agent 2",168500,143938752065931,143938752072611
"MEMORY_COPY","MEMORY_COPY_DEVICE_TO_HOST",1,"Agent 2","Agent 0",168594,143938753421568,143938753426688
"MEMORY_COPY","MEMORY_COPY_DEVICE_TO_HOST",1,"Agent 2","Agent 0",168602,143938753573629,143938753578869
"MEMORY_COPY","MEMORY_COPY_HOST_TO_DEVICE",1,"Agent 0","Agent 2",168606,143938753877491,143938753883971
"MEMORY_COPY","MEMORY_COPY_DEVICE_TO_HOST",1,"Agent 2","Agent 0",168700,143938755257848,143938755263008
"MEMORY_COPY","MEMORY_COPY_DEVICE_TO_HOST",1,"Agent 2","Agent 0",168708,143938755584300,143938755589420
"MEMORY_COPY","MEMORY_COPY_HOST_TO_DEVICE",1,"Agent 0","Agent 2",168712,143938755897552,143938755904272
"MEMORY_COPY","MEMORY_COPY_DEVICE_TO_HOST",1,"Agent 2","Agent 0",168806,143938757499051,143938757504291
"MEMORY_COPY","MEMORY_COPY_DEVICE_TO_HOST",1,"Agent 2","Agent 0",168814,143938757650372,143938757655492
"MEMORY_COPY","MEMORY_COPY_HOST_TO_DEVICE",1,"Agent 0","Agent 2",168818,143938757930133,143938757936533
"MEMORY_COPY","MEMORY_COPY_DEVICE_TO_HOST",1,"Agent 2","Agent 0",168912,143938759320651,143938759325771
"MEMORY_COPY","MEMORY_COPY_DEVICE_TO_HOST",1,"Agent 2","Agent 0",168920,143938759471942,143938759477102
"MEMORY_COPY","MEMORY_COPY_HOST_TO_DEVICE",1,"Agent 0","Agent 2",168924,143938759763853,143938759770533
"MEMORY_COPY","MEMORY_COPY_DEVICE_TO_HOST",1,"Agent 2","Agent 0",169018,143938761168811,143938761173971
"MEMORY_COPY","MEMORY_COPY_DEVICE_TO_HOST",1,"Agent 2","Agent 0",169026,143938761320542,143938761325742
"MEMORY_COPY","MEMORY_COPY_HOST_TO_DEVICE",1,"Agent 0","Agent 2",169030,143938761605123,143938761611604
"MEMORY_COPY","MEMORY_COPY_DEVICE_TO_HOST",1,"Agent 2","Agent 0",169124,143938763052622,143938763057742
"MEMORY_COPY","MEMORY_COPY_DEVICE_TO_HOST",1,"Agent 2","Agent 0",169132,143938763206602,143938763211842
"MEMORY_COPY","MEMORY_COPY_HOST_TO_DEVICE",1,"Agent 0","Agent 2",169136,143938763483524,143938763490204
"MEMORY_COPY","MEMORY_COPY_DEVICE_TO_HOST",1,"Agent 2","Agent 0",169230,143938764822781,143938764828021
"MEMORY_COPY","MEMORY_COPY_DEVICE_TO_HOST",1,"Agent 2","Agent 0",169238,143938764983292,143938764988492
"MEMORY_COPY","MEMORY_COPY_HOST_TO_DEVICE",1,"Agent 0","Agent 2",169242,143938765281194,143938765287674
"MEMORY_COPY","MEMORY_COPY_DEVICE_TO_HOST",1,"Agent 2","Agent 0",169336,143938766864403,143938766869563
"MEMORY_COPY","MEMORY_COPY_DEVICE_TO_HOST",1,"Agent 2","Agent 0",169344,143938767047114,143938767052274
"MEMORY_COPY","MEMORY_COPY_HOST_TO_DEVICE",1,"Agent 0","Agent 2",169348,143938767315365,143938767321805
"MEMORY_COPY","MEMORY_COPY_DEVICE_TO_HOST",1,"Agent 2","Agent 0",169404,143938768349411,143938768354131
"MEMORY_COPY","MEMORY_COPY_DEVICE_TO_HOST",1,"Agent 2","Agent 0",169412,143938768488002,143938768493122
"MEMORY_COPY","MEMORY_COPY_DEVICE_TO_HOST",1,"Agent 2","Agent 0",169504,143938769712878,143938769717158
"MEMORY_COPY","MEMORY_COPY_DEVICE_TO_HOST",1,"Agent 2","Agent 0",169512,143938769830299,143938769834579
"MEMORY_COPY","MEMORY_COPY_HOST_TO_DEVICE",1,"Agent 0","Agent 2",169516,143938770001440,143938770007080
"MEMORY_COPY","MEMORY_COPY_DEVICE_TO_HOST",1,"Agent 2","Agent 0",169640,143938771657609,143938771661889
"MEMORY_COPY","MEMORY_COPY_DEVICE_TO_HOST",1,"Agent 2","Agent 0",169648,143938771774400,143938771778600
"MEMORY_COPY","MEMORY_COPY_HOST_TO_DEVICE",1,"Agent 0","Agent 2",169652,143938771953671,143938771958831
"MEMORY_COPY","MEMORY_COPY_DEVICE_TO_HOST",1,"Agent 2","Agent 0",169776,143938773733461,143938773737741
"MEMORY_COPY","MEMORY_COPY_DEVICE_TO_HOST",1,"Agent 2","Agent 0",169784,143938773851681,143938773855921
"MEMORY_COPY","MEMORY_COPY_HOST_TO_DEVICE",1,"Agent 0","Agent 2",169788,143938774060212,143938774065372
"MEMORY_COPY","MEMORY_COPY_DEVICE_TO_HOST",1,"Agent 2","Agent 0",169912,143938775622941,143938775627221
"MEMORY_COPY","MEMORY_COPY_DEVICE_TO_HOST",1,"Agent 2","Agent 0",169920,143938775740912,143938775745152
"MEMORY_COPY","MEMORY_COPY_HOST_TO_DEVICE",1,"Agent 0","Agent 2",169924,143938775905683,143938775911083
"MEMORY_COPY","MEMORY_COPY_DEVICE_TO_HOST",1,"Agent 2","Agent 0",170046,143938777798323,143938777802563
"MEMORY_COPY","MEMORY_COPY_DEVICE_TO_HOST",1,"Agent 2","Agent 0",170054,143938777914834,143938777919074
"MEMORY_COPY","MEMORY_COPY_HOST_TO_DEVICE",1,"Agent 0","Agent 2",170058,143938778142605,143938778147845
"MEMORY_COPY","MEMORY_COPY_DEVICE_TO_HOST",1,"Agent 2","Agent 0",170182,143938779887005,143938779891285
"MEMORY_COPY","MEMORY_COPY_DEVICE_TO_HOST",1,"Agent 2","Agent 0",170190,143938780003585,143938780007865
"MEMORY_COPY","MEMORY_COPY_HOST_TO_DEVICE",1,"Agent 0","Agent 2",170194,143938780204266,143938780209546
"MEMORY_COPY","MEMORY_COPY_DEVICE_TO_HOST",1,"Agent 2","Agent 0",170318,143938781771595,143938781775875
"MEMORY_COPY","MEMORY_COPY_DEVICE_TO_HOST",1,"Agent 2","Agent 0",170326,143938781940356,143938781944636
"MEMORY_COPY","MEMORY_COPY_HOST_TO_DEVICE",1,"Agent 0","Agent 2",170330,143938782138587,143938782143867
"MEMORY_COPY","MEMORY_COPY_DEVICE_TO_HOST",1,"Agent 2","Agent 0",170454,143938783852897,143938783857137
"MEMORY_COPY","MEMORY_COPY_DEVICE_TO_HOST",1,"Agent 2","Agent 0",170462,143938783972067,143938783976307
"MEMORY_COPY","MEMORY_COPY_HOST_TO_DEVICE",1,"Agent 0","Agent 2",170466,143938784167398,143938784172598
"MEMORY_COPY","MEMORY_COPY_DEVICE_TO_HOST",1,"Agent 2","Agent 0",170590,143938785706957,143938785711197
"MEMORY_COPY","MEMORY_COPY_DEVICE_TO_HOST",1,"Agent 2","Agent 0",170598,143938785823998,143938785828238
"MEMORY_COPY","MEMORY_COPY_HOST_TO_DEVICE",1,"Agent 0","Agent 2",170602,143938785980338,143938785985658
"MEMORY_COPY","MEMORY_COPY_DEVICE_TO_HOST",1,"Agent 2","Agent 0",170724,143938787837549,143938787841829
"MEMORY_COPY","MEMORY_COPY_DEVICE_TO_HOST",1,"Agent 2","Agent 0",170732,143938787955159,143938787959399
"MEMORY_COPY","MEMORY_COPY_HOST_TO_DEVICE",1,"Agent 0","Agent 2",170736,143938788152110,143938788157350
"MEMORY_COPY","MEMORY_COPY_DEVICE_TO_HOST",1,"Agent 2","Agent 0",170860,143938790048551,143938790052831
"MEMORY_COPY","MEMORY_COPY_DEVICE_TO_HOST",1,"Agent 2","Agent 0",170868,143938790167362,143938790171562
"MEMORY_COPY","MEMORY_COPY_HOST_TO_DEVICE",1,"Agent 0","Agent 2",170872,143938790322852,143938790328053
"MEMORY_COPY","MEMORY_COPY_DEVICE_TO_HOST",1,"Agent 2","Agent 0",170996,143938791969552,143938791973792
"MEMORY_COPY","MEMORY_COPY_DEVICE_TO_HOST",1,"Agent 2","Agent 0",171004,143938792123622,143938792127902
"MEMORY_COPY","MEMORY_COPY_HOST_TO_DEVICE",1,"Agent 0","Agent 2",171008,143938792282203,143938792287403
"MEMORY_COPY","MEMORY_COPY_DEVICE_TO_HOST",1,"Agent 2","Agent 0",171132,143938793852632,143938793856872
"MEMORY_COPY","MEMORY_COPY_DEVICE_TO_HOST",1,"Agent 2","Agent 0",171140,143938793971313,143938793975553
"MEMORY_COPY","MEMORY_COPY_HOST_TO_DEVICE",1,"Agent 0","Agent 2",171144,143938794164184,143938794169384
"MEMORY_COPY","MEMORY_COPY_DEVICE_TO_HOST",1,"Agent 2","Agent 0",171268,143938795901097,143938795905337
"MEMORY_COPY","MEMORY_COPY_DEVICE_TO_HOST",1,"Agent 2","Agent 0",171276,143938796049548,143938796053788
"MEMORY_COPY","MEMORY_COPY_HOST_TO_DEVICE",1,"Agent 0","Agent 2",171280,143938796206319,143938796211519
"MEMORY_COPY","MEMORY_COPY_DEVICE_TO_HOST",1,"Agent 2","Agent 0",171402,143938798067320,143938798071560
"MEMORY_COPY","MEMORY_COPY_DEVICE_TO_HOST",1,"Agent 2","Agent 0",171410,143938798185610,143938798189850
"MEMORY_COPY","MEMORY_COPY_HOST_TO_DEVICE",1,"Agent 0","Agent 2",171414,143938798365891,143938798371051
"MEMORY_COPY","MEMORY_COPY_DEVICE_TO_HOST",1,"Agent 2","Agent 0",171508,143938799888670,143938799893790
"MEMORY_COPY","MEMORY_COPY_DEVICE_TO_HOST",1,"Agent 2","Agent 0",171516,143938800049675,143938800054915
"MEMORY_COPY","MEMORY_COPY_HOST_TO_DEVICE",1,"Agent 0","Agent 2",171520,143938800369442,143938800376122
"MEMORY_COPY","MEMORY_COPY_DEVICE_TO_HOST",1,"Agent 2","Agent 0",171614,143938801737170,143938801742450
"MEMORY_COPY","MEMORY_COPY_DEVICE_TO_HOST",1,"Agent 2","Agent 0",171622,143938801888803,143938801894003
"MEMORY_COPY","MEMORY_COPY_HOST_TO_DEVICE",1,"Agent 0","Agent 2",171626,143938802198193,143938802204673
"MEMORY_COPY","MEMORY_COPY_DEVICE_TO_HOST",1,"Agent 2","Agent 0",171720,143938803552150,143938803557310
"MEMORY_COPY","MEMORY_COPY_DEVICE_TO_HOST",1,"Agent 2","Agent 0",171728,143938803702631,143938803707791
"MEMORY_COPY","MEMORY_COPY_HOST_TO_DEVICE",1,"Agent 0","Agent 2",171732,143938803992463,143938803998983
"MEMORY_COPY","MEMORY_COPY_DEVICE_TO_HOST",1,"Agent 2","Agent 0",171826,143938805356420,143938805361660
"MEMORY_COPY","MEMORY_COPY_DEVICE_TO_HOST",1,"Agent 2","Agent 0",171834,143938805506591,143938805511951
"MEMORY_COPY","MEMORY_COPY_HOST_TO_DEVICE",1,"Agent 0","Agent 2",171838,143938805814633,143938805821113
"MEMORY_COPY","MEMORY_COPY_DEVICE_TO_HOST",1,"Agent 2","Agent 0",171932,143938807600913,143938807606033
"MEMORY_COPY","MEMORY_COPY_DEVICE_TO_HOST",1,"Agent 2","Agent 0",171940,143938807753234,143938807758394
"MEMORY_COPY","MEMORY_COPY_HOST_TO_DEVICE",1,"Agent 0","Agent 2",171944,143938808087305,143938808094025
"MEMORY_COPY","MEMORY_COPY_DEVICE_TO_HOST",1,"Agent 2","Agent 0",172038,143938809429993,143938809435153
"MEMORY_COPY","MEMORY_COPY_DEVICE_TO_HOST",1,"Agent 2","Agent 0",172046,143938809580874,143938809586034
"MEMORY_COPY","MEMORY_COPY_HOST_TO_DEVICE",1,"Agent 0","Agent 2",172050,143938809898765,143938809905446
"MEMORY_COPY","MEMORY_COPY_DEVICE_TO_HOST",1,"Agent 2","Agent 0",172144,143938811279033,143938811284193
"MEMORY_COPY","MEMORY_COPY_DEVICE_TO_HOST",1,"Agent 2","Agent 0",172152,143938811430514,143938811435634
"MEMORY_COPY","MEMORY_COPY_HOST_TO_DEVICE",1,"Agent 0","Agent 2",172156,143938811712226,143938811718666
"MEMORY_COPY","MEMORY_COPY_DEVICE_TO_HOST",1,"Agent 2","Agent 0",172250,143938813240684,143938813245804
"MEMORY_COPY","MEMORY_COPY_DEVICE_TO_HOST",1,"Agent 2","Agent 0",172258,143938813393545,143938813398785
"MEMORY_COPY","MEMORY_COPY_HOST_TO_DEVICE",1,"Agent 0","Agent 2",172262,143938813678857,143938813685337
"MEMORY_COPY","MEMORY_COPY_DEVICE_TO_HOST",1,"Agent 2","Agent 0",172356,143938815073474,143938815078594
"MEMORY_COPY","MEMORY_COPY_DEVICE_TO_HOST",1,"Agent 2","Agent 0",172364,143938815229875,143938815235035
"MEMORY_COPY","MEMORY_COPY_HOST_TO_DEVICE",1,"Agent 0","Agent 2",172368,143938815544617,143938815551057
"MEMORY_COPY","MEMORY_COPY_DEVICE_TO_HOST",1,"Agent 2","Agent 0",172462,143938817253556,143938817258877
"MEMORY_COPY","MEMORY_COPY_DEVICE_TO_HOST",1,"Agent 2","Agent 0",172470,143938817405928,143938817411048
"MEMORY_COPY","MEMORY_COPY_HOST_TO_DEVICE",1,"Agent 0","Agent 2",172474,143938817697149,143938817703589
"MEMORY_COPY","MEMORY_COPY_DEVICE_TO_HOST",1,"Agent 2","Agent 0",172568,143938819252158,143938819257238
"MEMORY_COPY","MEMORY_COPY_DEVICE_TO_HOST",1,"Agent 2","Agent 0",172576,143938819405538,143938819410698
"MEMORY_COPY","MEMORY_COPY_HOST_TO_DEVICE",1,"Agent 0","Agent 2",172580,143938819697723,143938819704363
"MEMORY_COPY","MEMORY_COPY_DEVICE_TO_HOST",1,"Agent 2","Agent 0",172674,143938821050448,143938821055648
"MEMORY_COPY","MEMORY_COPY_DEVICE_TO_HOST",1,"Agent 2","Agent 0",172682,143938821203488,143938821208649
"MEMORY_COPY","MEMORY_COPY_HOST_TO_DEVICE",1,"Agent 0","Agent 2",172686,143938821546100,143938821552700
"MEMORY_COPY","MEMORY_COPY_DEVICE_TO_HOST",1,"Agent 2","Agent 0",172780,143938822907478,143938822912598
"MEMORY_COPY","MEMORY_COPY_DEVICE_TO_HOST",1,"Agent 2","Agent 0",172788,143938823057209,143938823062329
"MEMORY_COPY","MEMORY_COPY_HOST_TO_DEVICE",1,"Agent 0","Agent 2",172792,143938823371711,143938823378471
"MEMORY_COPY","MEMORY_COPY_DEVICE_TO_HOST",1,"Agent 2","Agent 0",172886,143938824737938,143938824743058
"MEMORY_COPY","MEMORY_COPY_DEVICE_TO_HOST",1,"Agent 2","Agent 0",172894,143938824894522,143938824899682
"MEMORY_COPY","MEMORY_COPY_HOST_TO_DEVICE",1,"Agent 0","Agent 2",172898,143938825298001,143938825304481
"MEMORY_COPY","MEMORY_COPY_DEVICE_TO_HOST",1,"Agent 2","Agent 0",172992,143938827032491,143938827037691
"MEMORY_COPY","MEMORY_COPY_DEVICE_TO_HOST",1,"Agent 2","Agent 0",173000,143938827188052,143938827193172
"MEMORY_COPY","MEMORY_COPY_HOST_TO_DEVICE",1,"Agent 0","Agent 2",173004,143938827477713,143938827484233
"MEMORY_COPY","MEMORY_COPY_DEVICE_TO_HOST",1,"Agent 2","Agent 0",173098,143938828890501,143938828895621
"MEMORY_COPY","MEMORY_COPY_DEVICE_TO_HOST",1,"Agent 2","Agent 0",173106,143938829042832,143938829047992
"MEMORY_COPY","MEMORY_COPY_HOST_TO_DEVICE",1,"Agent 0","Agent 2",173110,143938829300714,143938829307194
"MEMORY_COPY","MEMORY_COPY_DEVICE_TO_HOST",1,"Agent 2","Agent 0",173204,143938830631581,143938830636701
"MEMORY_COPY","MEMORY_COPY_DEVICE_TO_HOST",1,"Agent 2","Agent 0",173212,143938830784382,143938830789622
"MEMORY_COPY","MEMORY_COPY_HOST_TO_DEVICE",1,"Agent 0","Agent 2",173216,143938831029103,143938831035503
"MEMORY_COPY","MEMORY_COPY_DEVICE_TO_HOST",1,"Agent 2","Agent 0",173310,143938832483567,143938832488727
"MEMORY_COPY","MEMORY_COPY_DEVICE_TO_HOST",1,"Agent 2","Agent 0",173318,143938832635799,143938832640959
"MEMORY_COPY","MEMORY_COPY_HOST_TO_DEVICE",1,"Agent 0","Agent 2",173322,143938832864203,143938832870684
"MEMORY_COPY","MEMORY_COPY_DEVICE_TO_HOST",1,"Agent 2","Agent 0",173416,143938834200411,143938834205691
"MEMORY_COPY","MEMORY_COPY_DEVICE_TO_HOST",1,"Agent 2","Agent 0",173424,143938834352162,143938834357322
"MEMORY_COPY","MEMORY_COPY_HOST_TO_DEVICE",1,"Agent 0","Agent 2",173428,143938834594163,143938834600563
"MEMORY_COPY","MEMORY_COPY_DEVICE_TO_HOST",1,"Agent 2","Agent 0",173522,143938836287313,143938836292513
"MEMORY_COPY","MEMORY_COPY_DEVICE_TO_HOST",1,"Agent 2","Agent 0",173530,143938836466554,143938836471714
"MEMORY_COPY","MEMORY_COPY_HOST_TO_DEVICE",1,"Agent 0","Agent 2",173534,143938836724245,143938836730685
"MEMORY_COPY","MEMORY_COPY_DEVICE_TO_HOST",1,"Agent 2","Agent 0",173590,143938837589530,143938837594210
"MEMORY_COPY","MEMORY_COPY_DEVICE_TO_HOST",1,"Agent 2","Agent 0",173598,143938837724036,143938837728676
"MEMORY_COPY","MEMORY_COPY_DEVICE_TO_HOST",1,"Agent 2","Agent 0",173690,143938838990918,143938838995558
"MEMORY_COPY","MEMORY_COPY_DEVICE_TO_HOST",1,"Agent 2","Agent 0",173698,143938839142598,143938839146918
"MEMORY_COPY","MEMORY_COPY_HOST_TO_DEVICE",1,"Agent 0","Agent 2",173702,143938839313459,143938839318659
"MEMORY_COPY","MEMORY_COPY_DEVICE_TO_HOST",1,"Agent 2","Agent 0",173826,143938840839668,143938840843948
"MEMORY_COPY","MEMORY_COPY_DEVICE_TO_HOST",1,"Agent 2","Agent 0",173834,143938840957089,143938840961329
"MEMORY_COPY","MEMORY_COPY_HOST_TO_DEVICE",1,"Agent 0","Agent 2",173838,143938841169479,143938841174639
"MEMORY_COPY","MEMORY_COPY_DEVICE_TO_HOST",1,"Agent 2","Agent 0",173962,143938842811429,143938842815709
"MEMORY_COPY","MEMORY_COPY_DEVICE_TO_HOST",1,"Agent 2","Agent 0",173970,143938842930750,143938842934990
"MEMORY_COPY","MEMORY_COPY_HOST_TO_DEVICE",1,"Agent 0","Agent 2",173974,143938843151771,143938843156971
"MEMORY_COPY","MEMORY_COPY_DEVICE_TO_HOST",1,"Agent 2","Agent 0",174098,143938844720060,143938844724460
"MEMORY_COPY","MEMORY_COPY_DEVICE_TO_HOST",1,"Agent 2","Agent 0",174106,143938844836620,143938844840820
"MEMORY_COPY","MEMORY_COPY_HOST_TO_DEVICE",1,"Agent 0","Agent 2",174110,143938844992167,143938844997287
"MEMORY_COPY","MEMORY_COPY_DEVICE_TO_HOST",1,"Agent 2","Agent 0",174232,143938846962202,143938846966402
"MEMORY_COPY","MEMORY_COPY_DEVICE_TO_HOST",1,"Agent 2","Agent 0",174240,143938847079163,143938847083443
"MEMORY_COPY","MEMORY_COPY_HOST_TO_DEVICE",1,"Agent 0","Agent 2",174244,143938847247824,143938847253024
"MEMORY_COPY","MEMORY_COPY_DEVICE_TO_HOST",1,"Agent 2","Agent 0",174368,143938848990033,143938848994353
"MEMORY_COPY","MEMORY_COPY_DEVICE_TO_HOST",1,"Agent 2","Agent 0",174376,143938849143264,143938849147584
"MEMORY_COPY","MEMORY_COPY_HOST_TO_DEVICE",1,"Agent 0","Agent 2",174380,143938849314622,143938849319782
"MEMORY_COPY","MEMORY_COPY_DEVICE_TO_HOST",1,"Agent 2","Agent 0",174504,143938850866284,143938850870524
"MEMORY_COPY","MEMORY_COPY_DEVICE_TO_HOST",1,"Agent 2","Agent 0",174512,143938850983344,143938850987624
"MEMORY_COPY","MEMORY_COPY_HOST_TO_DEVICE",1,"Agent 0","Agent 2",174516,143938851180806,143938851185966
"MEMORY_COPY","MEMORY_COPY_DEVICE_TO_HOST",1,"Agent 2","Agent 0",174640,143938852804055,143938852808295
"MEMORY_COPY","MEMORY_COPY_DEVICE_TO_HOST",1,"Agent 2","Agent 0",174648,143938852922075,143938852926355
"MEMORY_COPY","MEMORY_COPY_HOST_TO_DEVICE",1,"Agent 0","Agent 2",174652,143938853174317,143938853179517
"MEMORY_COPY","MEMORY_COPY_DEVICE_TO_HOST",1,"Agent 2","Agent 0",174776,143938854705885,143938854710125
"MEMORY_COPY","MEMORY_COPY_DEVICE_TO_HOST",1,"Agent 2","Agent 0",174784,143938854822326,143938854826566
"MEMORY_COPY","MEMORY_COPY_HOST_TO_DEVICE",1,"Agent 0","Agent 2",174788,143938854979257,143938854984417
"MEMORY_COPY","MEMORY_COPY_DEVICE_TO_HOST",1,"Agent 2","Agent 0",174910,143938856896777,143938856901017
"MEMORY_COPY","MEMORY_COPY_DEVICE_TO_HOST",1,"Agent 2","Agent 0",174918,143938857047949,143938857052229
"MEMORY_COPY","MEMORY_COPY_HOST_TO_DEVICE",1,"Agent 0","Agent 2",174922,143938857205160,143938857210360
"MEMORY_COPY","MEMORY_COPY_DEVICE_TO_HOST",1,"Agent 2","Agent 0",175046,143938858961639,143938858965879
"MEMORY_COPY","MEMORY_COPY_DEVICE_TO_HOST",1,"Agent 2","Agent 0",175054,143938859078270,143938859082470
"MEMORY_COPY","MEMORY_COPY_HOST_TO_DEVICE",1,"Agent 0","Agent 2",175058,143938859236091,143938859241291
"MEMORY_COPY","MEMORY_COPY_DEVICE_TO_HOST",1,"Agent 2","Agent 0",175182,143938860828490,143938860832730
"MEMORY_COPY","MEMORY_COPY_DEVICE_TO_HOST",1,"Agent 2","Agent 0",175190,143938860945640,143938860949920
"MEMORY_COPY","MEMORY_COPY_HOST_TO_DEVICE",1,"Agent 0","Agent 2",175194,143938861112091,143938861117531
"MEMORY_COPY","MEMORY_COPY_DEVICE_TO_HOST",1,"Agent 2","Agent 0",175318,143938862705480,143938862709720
"MEMORY_COPY","MEMORY_COPY_DEVICE_TO_HOST",1,"Agent 2","Agent 0",175326,143938862821861,143938862826221
"MEMORY_COPY","MEMORY_COPY_HOST_TO_DEVICE",1,"Agent 0","Agent 2",175330,143938862979492,143938862984652
"MEMORY_COPY","MEMORY_COPY_DEVICE_TO_HOST",1,"Agent 2","Agent 0",175454,143938864634941,143938864639181
"MEMORY_COPY","MEMORY_COPY_DEVICE_TO_HOST",1,"Agent 2","Agent 0",175462,143938864936723,143938864940963
"MEMORY_COPY","MEMORY_COPY_HOST_TO_DEVICE",1,"Agent 0","Agent 2",175466,143938865123474,143938865129074
"MEMORY_COPY","MEMORY_COPY_DEVICE_TO_HOST",1,"Agent 2","Agent 0",175588,143938867061444,143938867065684
"MEMORY_COPY","MEMORY_COPY_DEVICE_TO_HOST",1,"Agent 2","Agent 0",175596,143938867181765,143938867186005
"MEMORY_COPY","MEMORY_COPY_HOST_TO_DEVICE",1,"Agent 0","Agent 2",175600,143938867361446,143938867366606
"MEMORY_COPY","MEMORY_COPY_DEVICE_TO_HOST",1,"Agent 2","Agent 0",175694,143938868642073,143938868647193
"MEMORY_COPY","MEMORY_COPY_DEVICE_TO_HOST",1,"Agent 2","Agent 0",175702,143938868907015,143938868912135
"MEMORY_COPY","MEMORY_COPY_HOST_TO_DEVICE",1,"Agent 0","Agent 2",175706,143938869231977,143938869238537
"MEMORY_COPY","MEMORY_COPY_DEVICE_TO_HOST",1,"Agent 2","Agent 0",175800,143938870570664,143938870575824
"MEMORY_COPY","MEMORY_COPY_DEVICE_TO_HOST",1,"Agent 2","Agent 0",175808,143938870720895,143938870726095
"MEMORY_COPY","MEMORY_COPY_HOST_TO_DEVICE",1,"Agent 0","Agent 2",175812,143938871023966,143938871030607
"MEMORY_COPY","MEMORY_COPY_DEVICE_TO_HOST",1,"Agent 2","Agent 0",175906,143938872356014,143938872361134
"MEMORY_COPY","MEMORY_COPY_DEVICE_TO_HOST",1,"Agent 2","Agent 0",175914,143938872508065,143938872513185
"MEMORY_COPY","MEMORY_COPY_HOST_TO_DEVICE",1,"Agent 0","Agent 2",175918,143938872819586,143938872826266
"MEMORY_COPY","MEMORY_COPY_DEVICE_TO_HOST",1,"Agent 2","Agent 0",176012,143938874187874,143938874193034
"MEMORY_COPY","MEMORY_COPY_DEVICE_TO_HOST",1,"Agent 2","Agent 0",176020,143938874336335,143938874341495
"MEMORY_COPY","MEMORY_COPY_HOST_TO_DEVICE",1,"Agent 0","Agent 2",176024,143938874620406,143938874626846
"MEMORY_COPY","MEMORY_COPY_DEVICE_TO_HOST",1,"Agent 2","Agent 0",176118,143938876478347,143938876483587
"MEMORY_COPY","MEMORY_COPY_DEVICE_TO_HOST",1,"Agent 2","Agent 0",176126,143938876630758,143938876635878
"MEMORY_COPY","MEMORY_COPY_HOST_TO_DEVICE",1,"Agent 0","Agent 2",176130,143938876915319,143938876921799
"MEMORY_COPY","MEMORY_COPY_DEVICE_TO_HOST",1,"Agent 2","Agent 0",176224,143938878281857,143938878287057
"MEMORY_COPY","MEMORY_COPY_DEVICE_TO_HOST",1,"Agent 2","Agent 0",176232,143938878432258,143938878437418
"MEMORY_COPY","MEMORY_COPY_HOST_TO_DEVICE",1,"Agent 0","Agent 2",176236,143938878714969,143938878721369
"MEMORY_COPY","MEMORY_COPY_DEVICE_TO_HOST",1,"Agent 2","Agent 0",176330,143938880051317,143938880056517
"MEMORY_COPY","MEMORY_COPY_DEVICE_TO_HOST",1,"Agent 2","Agent 0",176338,143938880205798,143938880210918
"MEMORY_COPY","MEMORY_COPY_HOST_TO_DEVICE",1,"Agent 0","Agent 2",176342,143938880507209,143938880513729
"MEMORY_COPY","MEMORY_COPY_DEVICE_TO_HOST",1,"Agent 2","Agent 0",176436,143938882008308,143938882013468
"MEMORY_COPY","MEMORY_COPY_DEVICE_TO_HOST",1,"Agent 2","Agent 0",176444,143938882428440,143938882433560
"MEMORY_COPY","MEMORY_COPY_HOST_TO_DEVICE",1,"Agent 0","Agent 2",176448,143938882711591,143938882718111
"MEMORY_COPY","MEMORY_COPY_DEVICE_TO_HOST",1,"Agent 2","Agent 0",176542,143938884050589,143938884055749
"MEMORY_COPY","MEMORY_COPY_DEVICE_TO_HOST",1,"Agent 2","Agent 0",176550,143938884205020,143938884210260
"MEMORY_COPY","MEMORY_COPY_HOST_TO_DEVICE",1,"Agent 0","Agent 2",176554,143938884522521,143938884529282
"MEMORY_COPY","MEMORY_COPY_DEVICE_TO_HOST",1,"Agent 2","Agent 0",176648,143938886243301,143938886248421
"MEMORY_COPY","MEMORY_COPY_DEVICE_TO_HOST",1,"Agent 2","Agent 0",176656,143938886394522,143938886399682
"MEMORY_COPY","MEMORY_COPY_HOST_TO_DEVICE",1,"Agent 0","Agent 2",176660,143938886681643,143938886688164
"MEMORY_COPY","MEMORY_COPY_DEVICE_TO_HOST",1,"Agent 2","Agent 0",176754,143938888131302,143938888136542
"MEMORY_COPY","MEMORY_COPY_DEVICE_TO_HOST",1,"Agent 2","Agent 0",176762,143938888285332,143938888290492
"MEMORY_COPY","MEMORY_COPY_HOST_TO_DEVICE",1,"Agent 0","Agent 2",176766,143938888594784,143938888601344
"MEMORY_COPY","MEMORY_COPY_DEVICE_TO_HOST",1,"Agent 2","Agent 0",176860,143938889939152,143938889944392
"MEMORY_COPY","MEMORY_COPY_DEVICE_TO_HOST",1,"Agent 2","Agent 0",176868,143938890090922,143938890096082
"MEMORY_COPY","MEMORY_COPY_HOST_TO_DEVICE",1,"Agent 0","Agent 2",176872,143938890403974,143938890410494
"MEMORY_COPY","MEMORY_COPY_DEVICE_TO_HOST",1,"Agent 2","Agent 0",176966,143938891748262,143938891753422
"MEMORY_COPY","MEMORY_COPY_DEVICE_TO_HOST",1,"Agent 2","Agent 0",176974,143938891898282,143938891903443
"MEMORY_COPY","MEMORY_COPY_HOST_TO_DEVICE",1,"Agent 0","Agent 2",176978,143938892228454,143938892234934
"MEMORY_COPY","MEMORY_COPY_DEVICE_TO_HOST",1,"Agent 2","Agent 0",177072,143938893586062,143938893591342
"MEMORY_COPY","MEMORY_COPY_DEVICE_TO_HOST",1,"Agent 2","Agent 0",177080,143938893740603,143938893745763
"MEMORY_COPY","MEMORY_COPY_HOST_TO_DEVICE",1,"Agent 0","Agent 2",177084,143938894061385,143938894068305
"MEMORY_COPY","MEMORY_COPY_DEVICE_TO_HOST",1,"Agent 2","Agent 0",177178,143938895957765,143938895962925
"MEMORY_COPY","MEMORY_COPY_DEVICE_TO_HOST",1,"Agent 2","Agent 0",177186,143938896110836,143938896115956
"MEMORY_COPY","MEMORY_COPY_HOST_TO_DEVICE",1,"Agent 0","Agent 2",177190,143938896403018,143938896409498
"MEMORY_COPY","MEMORY_COPY_DEVICE_TO_HOST",1,"Agent 2","Agent 0",177284,143938897748365,143938897753605
"MEMORY_COPY","MEMORY_COPY_DEVICE_TO_HOST",1,"Agent 2","Agent 0",177292,143938897897776,143938897902896
"MEMORY_COPY","MEMORY_COPY_HOST_TO_DEVICE",1,"Agent 0","Agent 2",177296,143938898165867,143938898172387
"MEMORY_COPY","MEMORY_COPY_DEVICE_TO_HOST",1,"Agent 2","Agent 0",177390,143938899488205,143938899493365
"MEMORY_COPY","MEMORY_COPY_DEVICE_TO_HOST",1,"Agent 2","Agent 0",177398,143938899641036,143938899646156
"MEMORY_COPY","MEMORY_COPY_HOST_TO_DEVICE",1,"Agent 0","Agent 2",177402,143938899888667,143938899895147
"MEMORY_COPY","MEMORY_COPY_DEVICE_TO_HOST",1,"Agent 2","Agent 0",177496,143938901410915,143938901416075
"MEMORY_COPY","MEMORY_COPY_DEVICE_TO_HOST",1,"Agent 2","Agent 0",177504,143938901565356,143938901570556
"MEMORY_COPY","MEMORY_COPY_HOST_TO_DEVICE",1,"Agent 0","Agent 2",177508,143938901825368,143938901831848
"MEMORY_COPY","MEMORY_COPY_DEVICE_TO_HOST",1,"Agent 2","Agent 0",177602,143938903172895,143938903178055
"MEMORY_COPY","MEMORY_COPY_DEVICE_TO_HOST",1,"Agent 2","Agent 0",177610,143938903325876,143938903331156
"MEMORY_COPY","MEMORY_COPY_HOST_TO_DEVICE",1,"Agent 0","Agent 2",177614,143938903580577,143938903587137
"MEMORY_COPY","MEMORY_COPY_DEVICE_TO_HOST",1,"Agent 2","Agent 0",177708,143938905328847,143938905333927
"MEMORY_COPY","MEMORY_COPY_DEVICE_TO_HOST",1,"Agent 2","Agent 0",177716,143938905480418,143938905485618
"MEMORY_COPY","MEMORY_COPY_HOST_TO_DEVICE",1,"Agent 0","Agent 2",177720,143938905747089,143938905753489
"MEMORY_COPY","MEMORY_COPY_DEVICE_TO_HOST",1,"Agent 2","Agent 0",177776,143938906565864,143938906570544
"MEMORY_COPY","MEMORY_COPY_DEVICE_TO_HOST",1,"Agent 2","Agent 0",177784,143938906703635,143938906708395
"MEMORY_COPY","MEMORY_COPY_DEVICE_TO_HOST",1,"Agent 2","Agent 0",177876,143938908060912,143938908065152
"MEMORY_COPY","MEMORY_COPY_DEVICE_TO_HOST",1,"Agent 2","Agent 0",177884,143938908180813,143938908185093
"MEMORY_COPY","MEMORY_COPY_HOST_TO_DEVICE",1,"Agent 0","Agent 2",177888,143938908373814,143938908379094
"MEMORY_COPY","MEMORY_COPY_DEVICE_TO_HOST",1,"Agent 2","Agent 0",178012,143938909948773,143938909953053
"MEMORY_COPY","MEMORY_COPY_DEVICE_TO_HOST",1,"Agent 2","Agent 0",178020,143938910065813,143938910070093
"MEMORY_COPY","MEMORY_COPY_HOST_TO_DEVICE",1,"Agent 0","Agent 2",178024,143938910245604,143938910250884
"MEMORY_COPY","MEMORY_COPY_DEVICE_TO_HOST",1,"Agent 2","Agent 0",178148,143938911834623,143938911838863
"MEMORY_COPY","MEMORY_COPY_DEVICE_TO_HOST",1,"Agent 2","Agent 0",178156,143938912132225,143938912136425
"MEMORY_COPY","MEMORY_COPY_HOST_TO_DEVICE",1,"Agent 0","Agent 2",178160,143938912304826,143938912310066
"MEMORY_COPY","MEMORY_COPY_DEVICE_TO_HOST",1,"Agent 2","Agent 0",178284,143938913898455,143938913902695
"MEMORY_COPY","MEMORY_COPY_DEVICE_TO_HOST",1,"Agent 2","Agent 0",178292,143938914049376,143938914053696
"MEMORY_COPY","MEMORY_COPY_HOST_TO_DEVICE",1,"Agent 0","Agent 2",178296,143938914203916,143938914209557
"MEMORY_COPY","MEMORY_COPY_DEVICE_TO_HOST",1,"Agent 2","Agent 0",178418,143938916215448,143938916219848
"MEMORY_COPY","MEMORY_COPY_DEVICE_TO_HOST",1,"Agent 2","Agent 0",178426,143938916330958,143938916335198
"MEMORY_COPY","MEMORY_COPY_HOST_TO_DEVICE",1,"Agent 0","Agent 2",178430,143938916501229,143938916506389
"MEMORY_COPY","MEMORY_COPY_DEVICE_TO_HOST",1,"Agent 2","Agent 0",178554,143938918252509,143938918256749
"MEMORY_COPY","MEMORY_COPY_DEVICE_TO_HOST",1,"Agent 2","Agent 0",178562,143938918369760,143938918374000
"MEMORY_COPY","MEMORY_COPY_HOST_TO_DEVICE",1,"Agent 0","Agent 2",178566,143938918545191,143938918550391
"MEMORY_COPY","MEMORY_COPY_DEVICE_TO_HOST",1,"Agent 2","Agent 0",178690,143938920142441,143938920146721
"MEMORY_COPY","MEMORY_COPY_DEVICE_TO_HOST",1,"Agent 2","Agent 0",178698,143938920260212,143938920264452
"MEMORY_COPY","MEMORY_COPY_HOST_TO_DEVICE",1,"Agent 0","Agent 2",178702,143938920446903,143938920452143
"MEMORY_COPY","MEMORY_COPY_DEVICE_TO_HOST",1,"Agent 2","Agent 0",178826,143938922051482,143938922055722
"MEMORY_COPY","MEMORY_COPY_DEVICE_TO_HOST",1,"Agent 2","Agent 0",178834,143938922169782,143938922174022
"MEMORY_COPY","MEMORY_COPY_HOST_TO_DEVICE",1,"Agent 0","Agent 2",178838,143938922330693,143938922335973
"MEMORY_COPY","MEMORY_COPY_DEVICE_TO_HOST",1,"Agent 2","Agent 0",178962,143938923998352,143938924002992
"MEMORY_COPY","MEMORY_COPY_DEVICE_TO_HOST",1,"Agent 2","Agent 0",178970,143938924142683,143938924147043
"MEMORY_COPY","MEMORY_COPY_HOST_TO_DEVICE",1,"Agent 0","Agent 2",178974,143938924298624,143938924303864
"MEMORY_COPY","MEMORY_COPY_DEVICE_TO_HOST",1,"Agent 2","Agent 0",179096,143938926300215,143938926304455
"MEMORY_COPY","MEMORY_COPY_DEVICE_TO_HOST",1,"Agent 2","Agent 0",179104,143938926440176,143938926444416
"MEMORY_COPY","MEMORY_COPY_HOST_TO_DEVICE",1,"Agent 0","Agent 2",179108,143938926626787,143938926632187
"MEMORY_COPY","MEMORY_COPY_DEVICE_TO_HOST",1,"Agent 2","Agent 0",179232,143938928359016,143938928363256
"MEMORY_COPY","MEMORY_COPY_DEVICE_TO_HOST",1,"Agent 2","Agent 0",179240,143938928474607,143938928478807
"MEMORY_COPY","MEMORY_COPY_HOST_TO_DEVICE",1,"Agent 0","Agent 2",179244,143938928631048,143938928636248
"MEMORY_COPY","MEMORY_COPY_DEVICE_TO_HOST",1,"Agent 2","Agent 0",179368,143938930249217,143938930253457
"MEMORY_COPY","MEMORY_COPY_DEVICE_TO_HOST",1,"Agent 2","Agent 0",179376,143938930367208,143938930371448
"MEMORY_COPY","MEMORY_COPY_HOST_TO_DEVICE",1,"Agent 0","Agent 2",179380,143938930522148,143938930527388
"MEMORY_COPY","MEMORY_COPY_DEVICE_TO_HOST",1,"Agent 2","Agent 0",179504,143938932095497,143938932099817
"MEMORY_COPY","MEMORY_COPY_DEVICE_TO_HOST",1,"Agent 2","Agent 0",179512,143938932216608,143938932220848
"MEMORY_COPY","MEMORY_COPY_HOST_TO_DEVICE",1,"Agent 0","Agent 2",179516,143938932392169,143938932397409
"MEMORY_COPY","MEMORY_COPY_DEVICE_TO_HOST",1,"Agent 2","Agent 0",179640,143938934077248,143938934081528
"MEMORY_COPY","MEMORY_COPY_DEVICE_TO_HOST",1,"Agent 2","Agent 0",179648,143938934199379,143938934203659
"MEMORY_COPY","MEMORY_COPY_HOST_TO_DEVICE",1,"Agent 0","Agent 2",179652,143938934379280,143938934384760
"MEMORY_COPY","MEMORY_COPY_DEVICE_TO_HOST",1,"Agent 2","Agent 0",179774,143938936357761,143938936362041
"MEMORY_COPY","MEMORY_COPY_DEVICE_TO_HOST",1,"Agent 2","Agent 0",179782,143938936476211,143938936480451
"MEMORY_COPY","MEMORY_COPY_HOST_TO_DEVICE",1,"Agent 0","Agent 2",179786,143938936635242,143938936640402
"MEMORY_COPY","MEMORY_COPY_DEVICE_TO_HOST",1,"Agent 2","Agent 0",179880,143938937915239,143938937920399
"MEMORY_COPY","MEMORY_COPY_DEVICE_TO_HOST",1,"Agent 2","Agent 0",179888,143938938066990,143938938072110
"MEMORY_COPY","MEMORY_COPY_HOST_TO_DEVICE",1,"Agent 0","Agent 2",179892,143938938383772,143938938390212
"MEMORY_COPY","MEMORY_COPY_DEVICE_TO_HOST",1,"Agent 2","Agent 0",179986,143938939914280,143938939919440
"MEMORY_COPY","MEMORY_COPY_DEVICE_TO_HOST",1,"Agent 2","Agent 0",179994,143938940067101,143938940072301
"MEMORY_COPY","MEMORY_COPY_HOST_TO_DEVICE",1,"Agent 0","Agent 2",179998,143938940385323,143938940391963
"MEMORY_COPY","MEMORY_COPY_DEVICE_TO_HOST",1,"Agent 2","Agent 0",180092,143938941745070,143938941750350
"MEMORY_COPY","MEMORY_COPY_DEVICE_TO_HOST",1,"Agent 2","Agent 0",180100,143938941895741,143938941900861
"MEMORY_COPY","MEMORY_COPY_HOST_TO_DEVICE",1,"Agent 0","Agent 2",180104,143938942222463,143938942229023
"MEMORY_COPY","MEMORY_COPY_DEVICE_TO_HOST",1,"Agent 2","Agent 0",180198,143938943608501,143938943613661
"MEMORY_COPY","MEMORY_COPY_DEVICE_TO_HOST",1,"Agent 2","Agent 0",180206,143938943760912,143938943766112
"MEMORY_COPY","MEMORY_COPY_HOST_TO_DEVICE",1,"Agent 0","Agent 2",180210,143938944046323,143938944052843
"MEMORY_COPY","MEMORY_COPY_DEVICE_TO_HOST",1,"Agent 2","Agent 0",180304,143938945908443,143938945913684
"MEMORY_COPY","MEMORY_COPY_DEVICE_TO_HOST",1,"Agent 2","Agent 0",180312,143938946060984,143938946066144
"MEMORY_COPY","MEMORY_COPY_HOST_TO_DEVICE",1,"Agent 0","Agent 2",180316,143938946360556,143938946367036
"MEMORY_COPY","MEMORY_COPY_DEVICE_TO_HOST",1,"Agent 2","Agent 0",180410,143938947708033,143938947713153
"MEMORY_COPY","MEMORY_COPY_DEVICE_TO_HOST",1,"Agent 2","Agent 0",180418,143938947860254,143938947865454
"MEMORY_COPY","MEMORY_COPY_HOST_TO_DEVICE",1,"Agent 0","Agent 2",180422,143938948190696,143938948197176
"MEMORY_COPY","MEMORY_COPY_DEVICE_TO_HOST",1,"Agent 2","Agent 0",180516,143938949557654,143938949562814
"MEMORY_COPY","MEMORY_COPY_DEVICE_TO_HOST",1,"Agent 2","Agent 0",180524,143938949729585,143938949734705
"MEMORY_COPY","MEMORY_COPY_HOST_TO_DEVICE",1,"Agent 0","Agent 2",180528,143938950034111,143938950041071
"MEMORY_COPY","MEMORY_COPY_DEVICE_TO_HOST",1,"Agent 2","Agent 0",180622,143938951507264,143938951512384
"MEMORY_COPY","MEMORY_COPY_DEVICE_TO_HOST",1,"Agent 2","Agent 0",180630,143938951659005,143938951664165
"MEMORY_COPY","MEMORY_COPY_HOST_TO_DEVICE",1,"Agent 0","Agent 2",180634,143938951960717,143938951967357
"MEMORY_COPY","MEMORY_COPY_DEVICE_TO_HOST",1,"Agent 2","Agent 0",180728,143938953284194,143938953289354
"MEMORY_COPY","MEMORY_COPY_DEVICE_TO_HOST",1,"Agent 2","Agent 0",180736,143938953436745,143938953441945
"MEMORY_COPY","MEMORY_COPY_HOST_TO_DEVICE",1,"Agent 0","Agent 2",180740,143938953738977,143938953745337
"MEMORY_COPY","MEMORY_COPY_DEVICE_TO_HOST",1,"Agent 2","Agent 0",180834,143938955513027,143938955518187
"MEMORY_COPY","MEMORY_COPY_DEVICE_TO_HOST",1,"Agent 2","Agent 0",180842,143938955664297,143938955669417
"MEMORY_COPY","MEMORY_COPY_HOST_TO_DEVICE",1,"Agent 0","Agent 2",180846,143938955953749,143938955960189
"MEMORY_COPY","MEMORY_COPY_DEVICE_TO_HOST",1,"Agent 2","Agent 0",180940,143938957322377,143938957327497
"MEMORY_COPY","MEMORY_COPY_DEVICE_TO_HOST",1,"Agent 2","Agent 0",180948,143938957472557,143938957477637
"MEMORY_COPY","MEMORY_COPY_HOST_TO_DEVICE",1,"Agent 0","Agent 2",180952,143938957808179,143938957814699
"MEMORY_COPY","MEMORY_COPY_DEVICE_TO_HOST",1,"Agent 2","Agent 0",181046,143938959190807,143938959196007
"MEMORY_COPY","MEMORY_COPY_DEVICE_TO_HOST",1,"Agent 2","Agent 0",181054,143938959342878,143938959347998
"MEMORY_COPY","MEMORY_COPY_HOST_TO_DEVICE",1,"Agent 0","Agent 2",181058,143938959661350,143938959667790
"MEMORY_COPY","MEMORY_COPY_DEVICE_TO_HOST",1,"Agent 2","Agent 0",181152,143938960988757,143938960994037
"MEMORY_COPY","MEMORY_COPY_DEVICE_TO_HOST",1,"Agent 2","Agent 0",181160,143938961175788,143938961181028
"MEMORY_COPY","MEMORY_COPY_HOST_TO_DEVICE",1,"Agent 0","Agent 2",181164,143938961495950,143938961502390
"MEMORY_COPY","MEMORY_COPY_DEVICE_TO_HOST",1,"Agent 2","Agent 0",181258,143938962881117,143938962886197
"MEMORY_COPY","MEMORY_COPY_DEVICE_TO_HOST",1,"Agent 2","Agent 0",181266,143938963049408,143938963054768
"MEMORY_COPY","MEMORY_COPY_HOST_TO_DEVICE",1,"Agent 0","Agent 2",181270,143938963360310,143938963366710
"MEMORY_COPY","MEMORY_COPY_DEVICE_TO_HOST",1,"Agent 2","Agent 0",181364,143938965334551,143938965339551
"MEMORY_COPY","MEMORY_COPY_DEVICE_TO_HOST",1,"Agent 2","Agent 0",181372,143938965488562,143938965493722
"MEMORY_COPY","MEMORY_COPY_HOST_TO_DEVICE",1,"Agent 0","Agent 2",181376,143938965762773,143938965769213
"MEMORY_COPY","MEMORY_COPY_DEVICE_TO_HOST",1,"Agent 2","Agent 0",181470,143938967171541,143938967176701
"MEMORY_COPY","MEMORY_COPY_DEVICE_TO_HOST",1,"Agent 2","Agent 0",181478,143938967323012,143938967328172
"MEMORY_COPY","MEMORY_COPY_HOST_TO_DEVICE",1,"Agent 0","Agent 2",181482,143938967617863,143938967624464
"MEMORY_COPY","MEMORY_COPY_DEVICE_TO_HOST",1,"Agent 2","Agent 0",181576,143938968965571,143938968970731
"MEMORY_COPY","MEMORY_COPY_DEVICE_TO_HOST",1,"Agent 2","Agent 0",181584,143938969151582,143938969156742
"MEMORY_COPY","MEMORY_COPY_HOST_TO_DEVICE",1,"Agent 0","Agent 2",181588,143938969429294,143938969435694
"MEMORY_COPY","MEMORY_COPY_DEVICE_TO_HOST",1,"Agent 2","Agent 0",181682,143938970945772,143938970950892
"MEMORY_COPY","MEMORY_COPY_DEVICE_TO_HOST",1,"Agent 2","Agent 0",181690,143938971100143,143938971105263
"MEMORY_COPY","MEMORY_COPY_HOST_TO_DEVICE",1,"Agent 0","Agent 2",181694,143938971363754,143938971370274
"MEMORY_COPY","MEMORY_COPY_DEVICE_TO_HOST",1,"Agent 2","Agent 0",181788,143938972746302,143938972751382
"MEMORY_COPY","MEMORY_COPY_DEVICE_TO_HOST",1,"Agent 2","Agent 0",181796,143938972896943,143938972902063
"MEMORY_COPY","MEMORY_COPY_HOST_TO_DEVICE",1,"Agent 0","Agent 2",181800,143938973166494,143938973172894
"MEMORY_COPY","MEMORY_COPY_DEVICE_TO_HOST",1,"Agent 2","Agent 0",181894,143938974962124,143938974967284
"MEMORY_COPY","MEMORY_COPY_DEVICE_TO_HOST",1,"Agent 2","Agent 0",181902,143938975152375,143938975157615
"MEMORY_COPY","MEMORY_COPY_HOST_TO_DEVICE",1,"Agent 0","Agent 2",181906,143938975461497,143938975467937
"MEMORY_COPY","MEMORY_COPY_DEVICE_TO_HOST",1,"Agent 2","Agent 0",181958,143938977493728,143938977550248
"MEMORY_COPY","MEMORY_COPY_DEVICE_TO_HOST",1,"Agent 2","Agent 0",181970,143938981373700,143938981378380
"MEMORY_COPY","MEMORY_COPY_DEVICE_TO_HOST",1,"Agent 2","Agent 0",181978,143938981515880,143938981520560
"MEMORY_COPY","MEMORY_COPY_DEVICE_TO_HOST",1,"Agent 2","Agent 0",182070,143938982882221,143938982886501
"MEMORY_COPY","MEMORY_COPY_DEVICE_TO_HOST",1,"Agent 2","Agent 0",182078,143938982999992,143938983004312
"MEMORY_COPY","MEMORY_COPY_HOST_TO_DEVICE",1,"Agent 0","Agent 2",182082,143938983200303,143938983205583
"MEMORY_COPY","MEMORY_COPY_DEVICE_TO_HOST",1,"Agent 2","Agent 0",182206,143938984781382,143938984785822
"MEMORY_COPY","MEMORY_COPY_DEVICE_TO_HOST",1,"Agent 2","Agent 0",182214,143938984899332,143938984903732
"MEMORY_COPY","MEMORY_COPY_HOST_TO_DEVICE",1,"Agent 0","Agent 2",182218,143938985107654,143938985113054
"MEMORY_COPY","MEMORY_COPY_DEVICE_TO_HOST",1,"Agent 2","Agent 0",182342,143938986720433,143938986724913
"MEMORY_COPY","MEMORY_COPY_DEVICE_TO_HOST",1,"Agent 2","Agent 0",182350,143938986839583,143938986844463
"MEMORY_COPY","MEMORY_COPY_HOST_TO_DEVICE",1,"Agent 0","Agent 2",182354,143938987213105,143938987218545
"MEMORY_COPY","MEMORY_COPY_DEVICE_TO_HOST",1,"Agent 2","Agent 0",182478,143938988804414,143938988808974
"MEMORY_COPY","MEMORY_COPY_DEVICE_TO_HOST",1,"Agent 2","Agent 0",182486,143938988923655,143938988928175
"MEMORY_COPY","MEMORY_COPY_HOST_TO_DEVICE",1,"Agent 0","Agent 2",182490,143938989086586,143938989092146
"MEMORY_COPY","MEMORY_COPY_DEVICE_TO_HOST",1,"Agent 2","Agent 0",182612,143938991338028,143938991343028
"MEMORY_COPY","MEMORY_COPY_DEVICE_TO_HOST",1,"Agent 2","Agent 0",182620,143938991456939,143938991461499
"MEMORY_COPY","MEMORY_COPY_HOST_TO_DEVICE",1,"Agent 0","Agent 2",182624,143938991628140,143938991633740
"MEMORY_COPY","MEMORY_COPY_DEVICE_TO_HOST",1,"Agent 2","Agent 0",182748,143938993415640,143938993420240
"MEMORY_COPY","MEMORY_COPY_DEVICE_TO_HOST",1,"Agent 2","Agent 0",182756,143938993538480,143938993543040
"MEMORY_COPY","MEMORY_COPY_HOST_TO_DEVICE",1,"Agent 0","Agent 2",182760,143938993713541,143938993719061
"MEMORY_COPY","MEMORY_COPY_DEVICE_TO_HOST",1,"Agent 2","Agent 0",182884,143938995373770,143938995378330
"MEMORY_COPY","MEMORY_COPY_DEVICE_TO_HOST",1,"Agent 2","Agent 0",182892,143938995494601,143938995499201
"MEMORY_COPY","MEMORY_COPY_HOST_TO_DEVICE",1,"Agent 0","Agent 2",182896,143938995679982,143938995685462
"MEMORY_COPY","MEMORY_COPY_DEVICE_TO_HOST",1,"Agent 2","Agent 0",183020,143938997256751,143938997261351
"MEMORY_COPY","MEMORY_COPY_DEVICE_TO_HOST",1,"Agent 2","Agent 0",183028,143938997376722,143938997381242
"MEMORY_COPY","MEMORY_COPY_HOST_TO_DEVICE",1,"Agent 0","Agent 2",183032,143938997538302,143938997543862
"MEMORY_COPY","MEMORY_COPY_DEVICE_TO_HOST",1,"Agent 2","Agent 0",183156,143938999359272,143938999363833
"MEMORY_COPY","MEMORY_COPY_DEVICE_TO_HOST",1,"Agent 2","Agent 0",183164,143938999478983,143938999483583
"MEMORY_COPY","MEMORY_COPY_HOST_TO_DEVICE",1,"Agent 0","Agent 2",183168,143938999658214,143938999663614
"MEMORY_COPY","MEMORY_COPY_DEVICE_TO_HOST",1,"Agent 2","Agent 0",183290,143939001804976,143939001809456
"MEMORY_COPY","MEMORY_COPY_DEVICE_TO_HOST",1,"Agent 2","Agent 0",183298,143939001922097,143939001926897
"MEMORY_COPY","MEMORY_COPY_HOST_TO_DEVICE",1,"Agent 0","Agent 2",183302,143939002120468,143939002125908
"MEMORY_COPY","MEMORY_COPY_DEVICE_TO_HOST",1,"Agent 2","Agent 0",183426,143939003864417,143939003868817
"MEMORY_COPY","MEMORY_COPY_DEVICE_TO_HOST",1,"Agent 2","Agent 0",183434,143939003983928,143939003988328
"MEMORY_COPY","MEMORY_COPY_HOST_TO_DEVICE",1,"Agent 0","Agent 2",183438,143939004176889,143939004182209
"MEMORY_COPY","MEMORY_COPY_DEVICE_TO_HOST",1,"Agent 2","Agent 0",183562,143939005788598,143939005792878
"MEMORY_COPY","MEMORY_COPY_DEVICE_TO_HOST",1,"Agent 2","Agent 0",183570,143939005905829,143939005910149
"MEMORY_COPY","MEMORY_COPY_HOST_TO_DEVICE",1,"Agent 0","Agent 2",183574,143939006099400,143939006104840
"MEMORY_COPY","MEMORY_COPY_DEVICE_TO_HOST",1,"Agent 2","Agent 0",183698,143939007671179,143939007675499
"MEMORY_COPY","MEMORY_COPY_DEVICE_TO_HOST",1,"Agent 2","Agent 0",183706,143939007789999,143939007794279
"MEMORY_COPY","MEMORY_COPY_HOST_TO_DEVICE",1,"Agent 0","Agent 2",183710,143939007945870,143939007951070
"MEMORY_COPY","MEMORY_COPY_DEVICE_TO_HOST",1,"Agent 2","Agent 0",183834,143939009686970,143939009691210
"MEMORY_COPY","MEMORY_COPY_DEVICE_TO_HOST",1,"Agent 2","Agent 0",183842,143939009803570,143939009807770
"MEMORY_COPY","MEMORY_COPY_HOST_TO_DEVICE",1,"Agent 0","Agent 2",183846,143939009967011,143939009972331
"MEMORY_COPY","MEMORY_COPY_DEVICE_TO_HOST",1,"Agent 2","Agent 0",183968,143939012070783,143939012075063
"MEMORY_COPY","MEMORY_COPY_DEVICE_TO_HOST",1,"Agent 2","Agent 0",183976,143939012189634,143939012193834
"MEMORY_COPY","MEMORY_COPY_HOST_TO_DEVICE",1,"Agent 0","Agent 2",183980,143939012363494,143939012368735
"MEMORY_COPY","MEMORY_COPY_DEVICE_TO_HOST",1,"Agent 2","Agent 0",184074,143939013744102,143939013749382
"MEMORY_COPY","MEMORY_COPY_DEVICE_TO_HOST",1,"Agent 2","Agent 0",184082,143939013896443,143939013901563
"MEMORY_COPY","MEMORY_COPY_HOST_TO_DEVICE",1,"Agent 0","Agent 2",184086,143939014227105,143939014233985
"MEMORY_COPY","MEMORY_COPY_DEVICE_TO_HOST",1,"Agent 2","Agent 0",184180,143939015746073,143939015751193
"MEMORY_COPY","MEMORY_COPY_DEVICE_TO_HOST",1,"Agent 2","Agent 0",184188,143939015898854,143939015903974
"MEMORY_COPY","MEMORY_COPY_HOST_TO_DEVICE",1,"Agent 0","Agent 2",184192,143939016217626,143939016224506
"MEMORY_COPY","MEMORY_COPY_DEVICE_TO_HOST",1,"Agent 2","Agent 0",184286,143939017561053,143939017566173
"MEMORY_COPY","MEMORY_COPY_DEVICE_TO_HOST",1,"Agent 2","Agent 0",184294,143939017713424,143939017718624
"MEMORY_COPY","MEMORY_COPY_HOST_TO_DEVICE",1,"Agent 0","Agent 2",184298,143939018022716,143939018029316
"MEMORY_COPY","MEMORY_COPY_DEVICE_TO_HOST",1,"Agent 2","Agent 0",184392,143939019366253,143939019371373
"MEMORY_COPY","MEMORY_COPY_DEVICE_TO_HOST",1,"Agent 2","Agent 0",184400,143939019520184,143939019525344
"MEMORY_COPY","MEMORY_COPY_HOST_TO_DEVICE",1,"Agent 0","Agent 2",184404,143939019798336,143939019804776
"MEMORY_COPY","MEMORY_COPY_DEVICE_TO_HOST",1,"Agent 2","Agent 0",184498,143939021762597,143939021767717
"MEMORY_COPY","MEMORY_COPY_DEVICE_TO_HOST",1,"Agent 2","Agent 0",184506,143939021914557,143939021919717
"MEMORY_COPY","MEMORY_COPY_HOST_TO_DEVICE",1,"Agent 0","Agent 2",184510,143939022240429,143939022246909
"MEMORY_COPY","MEMORY_COPY_DEVICE_TO_HOST",1,"Agent 2","Agent 0",184604,143939023589827,143939023595027
"MEMORY_COPY","MEMORY_COPY_DEVICE_TO_HOST",1,"Agent 2","Agent 0",184612,143939023741097,143939023746217
"MEMORY_COPY","MEMORY_COPY_HOST_TO_DEVICE",1,"Agent 0","Agent 2",184616,143939024029819,143939024036259
"MEMORY_COPY","MEMORY_COPY_DEVICE_TO_HOST",1,"Agent 2","Agent 0",184710,143939025361546,143939025366706
"MEMORY_COPY","MEMORY_COPY_DEVICE_TO_HOST",1,"Agent 2","Agent 0",184718,143939025513397,143939025518597
"MEMORY_COPY","MEMORY_COPY_HOST_TO_DEVICE",1,"Agent 0","Agent 2",184722,143939025791609,143939025798089
"MEMORY_COPY","MEMORY_COPY_DEVICE_TO_HOST",1,"Agent 2","Agent 0",184816,143939027332267,143939027337387
"MEMORY_COPY","MEMORY_COPY_DEVICE_TO_HOST",1,"Agent 2","Agent 0",184824,143939027483508,143939027488668
"MEMORY_COPY","MEMORY_COPY_HOST_TO_DEVICE",1,"Agent 0","Agent 2",184828,143939027763970,143939027770450
"MEMORY_COPY","MEMORY_COPY_DEVICE_TO_HOST",1,"Agent 2","Agent 0",184922,143939029170528,143939029175648
"MEMORY_COPY","MEMORY_COPY_DEVICE_TO_HOST",1,"Agent 2","Agent 0",184930,143939029322538,143939029327738
"MEMORY_COPY","MEMORY_COPY_HOST_TO_DEVICE",1,"Agent 0","Agent 2",184934,143939029642730,143939029649450
"MEMORY_COPY","MEMORY_COPY_DEVICE_TO_HOST",1,"Agent 2","Agent 0",185028,143939031486450,143939031491690
"MEMORY_COPY","MEMORY_COPY_DEVICE_TO_HOST",1,"Agent 2","Agent 0",185036,143939031637471,143939031642591
"MEMORY_COPY","MEMORY_COPY_HOST_TO_DEVICE",1,"Agent 0","Agent 2",185040,143939031919613,143939031926093
"MEMORY_COPY","MEMORY_COPY_DEVICE_TO_HOST",1,"Agent 2","Agent 0",185134,143939033329221,143939033334381
"MEMORY_COPY","MEMORY_COPY_DEVICE_TO_HOST",1,"Agent 2","Agent 0",185142,143939033481441,143939033486721
"MEMORY_COPY","MEMORY_COPY_HOST_TO_DEVICE",1,"Agent 0","Agent 2",185146,143939033766953,143939033773593
"MEMORY_COPY","MEMORY_COPY_DEVICE_TO_HOST",1,"Agent 2","Agent 0",185240,143939035256501,143939035261661
"MEMORY_COPY","MEMORY_COPY_DEVICE_TO_HOST",1,"Agent 2","Agent 0",185248,143939035408922,143939035414042
"MEMORY_COPY","MEMORY_COPY_HOST_TO_DEVICE",1,"Agent 0","Agent 2",185252,143939035704214,143939035710654
"MEMORY_COPY","MEMORY_COPY_DEVICE_TO_HOST",1,"Agent 2","Agent 0",185346,143939037052081,143939037057201
"MEMORY_COPY","MEMORY_COPY_DEVICE_TO_HOST",1,"Agent 2","Agent 0",185354,143939037202622,143939037208262
"MEMORY_COPY","MEMORY_COPY_HOST_TO_DEVICE",1,"Agent 0","Agent 2",185358,143939037514164,143939037520604
"MEMORY_COPY","MEMORY_COPY_DEVICE_TO_HOST",1,"Agent 2","Agent 0",185452,143939038871241,143939038876441
"MEMORY_COPY","MEMORY_COPY_DEVICE_TO_HOST",1,"Agent 2","Agent 0",185460,143939039049982,143939039055102
"MEMORY_COPY","MEMORY_COPY_HOST_TO_DEVICE",1,"Agent 0","Agent 2",185464,143939039325754,143939039332194
"MEMORY_COPY","MEMORY_COPY_DEVICE_TO_HOST",1,"Agent 2","Agent 0",185558,143939041360055,143939041365135
"MEMORY_COPY","MEMORY_COPY_DEVICE_TO_HOST",1,"Agent 2","Agent 0",185566,143939041511426,143939041516546
"MEMORY_COPY","MEMORY_COPY_HOST_TO_DEVICE",1,"Agent 0","Agent 2",185570,143939041776397,143939041782957
"MEMORY_COPY","MEMORY_COPY_DEVICE_TO_HOST",1,"Agent 2","Agent 0",185664,143939043197955,143939043203115
"MEMORY_COPY","MEMORY_COPY_DEVICE_TO_HOST",1,"Agent 2","Agent 0",185672,143939043371506,143939043377106
"MEMORY_COPY","MEMORY_COPY_HOST_TO_DEVICE",1,"Agent 0","Agent 2",185676,143939043615018,143939043621498
"MEMORY_COPY","MEMORY_COPY_DEVICE_TO_HOST",1,"Agent 2","Agent 0",185770,143939044995498,143939045000618
"MEMORY_COPY","MEMORY_COPY_DEVICE_TO_HOST",1,"Agent 2","Agent 0",185778,143939045176719,143939045181879
"MEMORY_COPY","MEMORY_COPY_HOST_TO_DEVICE",1,"Agent 0","Agent 2",185782,143939045435850,143939045442530
"MEMORY_COPY","MEMORY_COPY_DEVICE_TO_HOST",1,"Agent 2","Agent 0",185876,143939046845808,143939046850928
"MEMORY_COPY","MEMORY_COPY_DEVICE_TO_HOST",1,"Agent 2","Agent 0",185884,143939046998629,143939047003869
"MEMORY_COPY","MEMORY_COPY_HOST_TO_DEVICE",1,"Agent 0","Agent 2",185888,143939047255070,143939047261631
"MEMORY_COPY","MEMORY_COPY_DEVICE_TO_HOST",1,"Agent 2","Agent 0",185982,143939048576778,143939048581898
"MEMORY_COPY","MEMORY_COPY_DEVICE_TO_HOST",1,"Agent 2","Agent 0",185990,143939048726919,143939048732079
"MEMORY_COPY","MEMORY_COPY_HOST_TO_DEVICE",1,"Agent 0","Agent 2",185994,143939048970570,143939048977330
"MEMORY_COPY","MEMORY_COPY_DEVICE_TO_HOST",1,"Agent 2","Agent 0",186088,143939050850340,143939050855540
"MEMORY_COPY","MEMORY_COPY_DEVICE_TO_HOST",1,"Agent 2","Agent 0",186096,143939051001411,143939051006571
"MEMORY_COPY","MEMORY_COPY_HOST_TO_DEVICE",1,"Agent 0","Agent 2",186100,143939051290753,143939051297153
"MEMORY_COPY","MEMORY_COPY_DEVICE_TO_HOST",1,"Agent 2","Agent 0",186152,143939053313984,143939053370904
"MEMORY_COPY","MEMORY_COPY_DEVICE_TO_HOST",1,"Agent 2","Agent 0",186164,143939058783624,143939058788344
"MEMORY_COPY","MEMORY_COPY_DEVICE_TO_HOST",1,"Agent 2","Agent 0",186172,143939058924865,143939058929585
"MEMORY_COPY","MEMORY_COPY_DEVICE_TO_HOST",1,"Agent 2","Agent 0",186264,143939060308403,143939060312723
"MEMORY_COPY","MEMORY_COPY_DEVICE_TO_HOST",1,"Agent 2","Agent 0",186272,143939060440743,143939060445503
"MEMORY_COPY","MEMORY_COPY_HOST_TO_DEVICE",1,"Agent 0","Agent 2",186276,143939060637995,143939060643315
"MEMORY_COPY","MEMORY_COPY_DEVICE_TO_HOST",1,"Agent 2","Agent 0",186400,143939062322524,143939062327364
"MEMORY_COPY","MEMORY_COPY_DEVICE_TO_HOST",1,"Agent 2","Agent 0",186408,143939062616105,143939062620585
"MEMORY_COPY","MEMORY_COPY_HOST_TO_DEVICE",1,"Agent 0","Agent 2",186412,143939062790366,143939062795806
"MEMORY_COPY","MEMORY_COPY_DEVICE_TO_HOST",1,"Agent 2","Agent 0",186536,143939064412435,143939064416995
"MEMORY_COPY","MEMORY_COPY_DEVICE_TO_HOST",1,"Agent 2","Agent 0",186544,143939064531996,143939064536516
"MEMORY_COPY","MEMORY_COPY_HOST_TO_DEVICE",1,"Agent 0","Agent 2",186548,143939064726257,143939064731937
"MEMORY_COPY","MEMORY_COPY_DEVICE_TO_HOST",1,"Agent 2","Agent 0",186672,143939066460687,143939066465327
"MEMORY_COPY","MEMORY_COPY_DEVICE_TO_HOST",1,"Agent 2","Agent 0",186680,143939066581657,143939066586257
"MEMORY_COPY","MEMORY_COPY_HOST_TO_DEVICE",1,"Agent 0","Agent 2",186684,143939066734758,143939066740198
"MEMORY_COPY","MEMORY_COPY_DEVICE_TO_HOST",1,"Agent 2","Agent 0",186806,143939068971591,143939068976591
"MEMORY_COPY","MEMORY_COPY_DEVICE_TO_HOST",1,"Agent 2","Agent 0",186814,143939069124391,143939069128912
"MEMORY_COPY","MEMORY_COPY_HOST_TO_DEVICE",1,"Agent 0","Agent 2",186818,143939069300082,143939069305762
"MEMORY_COPY","MEMORY_COPY_DEVICE_TO_HOST",1,"Agent 2","Agent 0",186942,143939071145663,143939071150263
"MEMORY_COPY","MEMORY_COPY_DEVICE_TO_HOST",1,"Agent 2","Agent 0",186950,143939071267083,143939071271643
"MEMORY_COPY","MEMORY_COPY_HOST_TO_DEVICE",1,"Agent 0","Agent 2",186954,143939071459094,143939071464854
"MEMORY_COPY","MEMORY_COPY_DEVICE_TO_HOST",1,"Agent 2","Agent 0",187078,143939073053263,143939073057863
"MEMORY_COPY","MEMORY_COPY_DEVICE_TO_HOST",1,"Agent 2","Agent 0",187086,143939073174534,143939073179134
"MEMORY_COPY","MEMORY_COPY_HOST_TO_DEVICE",1,"Agent 0","Agent 2",187090,143939073335875,143939073341395
"MEMORY_COPY","MEMORY_COPY_DEVICE_TO_HOST",1,"Agent 2","Agent 0",187214,143939074905113,143939074909713
"MEMORY_COPY","MEMORY_COPY_DEVICE_TO_HOST",1,"Agent 2","Agent 0",187222,143939075032944,143939075037504
"MEMORY_COPY","MEMORY_COPY_HOST_TO_DEVICE",1,"Agent 0","Agent 2",187226,143939075223415,143939075228895
"MEMORY_COPY","MEMORY_COPY_DEVICE_TO_HOST",1,"Agent 2","Agent 0",187350,143939077053805,143939077058445
"MEMORY_COPY","MEMORY_COPY_DEVICE_TO_HOST",1,"Agent 2","Agent 0",187358,143939077178716,143939077183236
"MEMORY_COPY","MEMORY_COPY_HOST_TO_DEVICE",1,"Agent 0","Agent 2",187362,143939077335987,143939077341387
"MEMORY_COPY","MEMORY_COPY_DEVICE_TO_HOST",1,"Agent 2","Agent 0",187484,143939079544129,143939079548609
"MEMORY_COPY","MEMORY_COPY_DEVICE_TO_HOST",1,"Agent 2","Agent 0",187492,143939079675530,143939079680330
"MEMORY_COPY","MEMORY_COPY_HOST_TO_DEVICE",1,"Agent 0","Agent 2",187496,143939079833371,143939079838771
"MEMORY_COPY","MEMORY_COPY_DEVICE_TO_HOST",1,"Agent 2","Agent 0",187620,143939081657671,143939081662031
"MEMORY_COPY","MEMORY_COPY_DEVICE_TO_HOST",1,"Agent 2","Agent 0",187628,143939081780472,143939081784792
"MEMORY_COPY","MEMORY_COPY_HOST_TO_DEVICE",1,"Agent 0","Agent 2",187632,143939081937942,143939081943342
"MEMORY_COPY","MEMORY_COPY_DEVICE_TO_HOST",1,"Agent 2","Agent 0",187756,143939083630332,143939083634652
"MEMORY_COPY","MEMORY_COPY_DEVICE_TO_HOST",1,"Agent 2","Agent 0",187764,143939083747742,143939083752182
"MEMORY_COPY","MEMORY_COPY_HOST_TO_DEVICE",1,"Agent 0","Agent 2",187768,143939083903243,143939083908483
"MEMORY_COPY","MEMORY_COPY_DEVICE_TO_HOST",1,"Agent 2","Agent 0",187892,143939085551252,143939085555652
"MEMORY_COPY","MEMORY_COPY_DEVICE_TO_HOST",1,"Agent 2","Agent 0",187900,143939085673083,143939085677363
"MEMORY_COPY","MEMORY_COPY_HOST_TO_DEVICE",1,"Agent 0","Agent 2",187904,143939085826954,143939085832194
"MEMORY_COPY","MEMORY_COPY_DEVICE_TO_HOST",1,"Agent 2","Agent 0",188028,143939087569964,143939087574204
"MEMORY_COPY","MEMORY_COPY_DEVICE_TO_HOST",1,"Agent 2","Agent 0",188036,143939087701704,143939087705944
"MEMORY_COPY","MEMORY_COPY_HOST_TO_DEVICE",1,"Agent 0","Agent 2",188040,143939087855005,143939087860165
"MEMORY_COPY","MEMORY_COPY_DEVICE_TO_HOST",1,"Agent 2","Agent 0",188162,143939090053077,143939090057357
"MEMORY_COPY","MEMORY_COPY_DEVICE_TO_HOST",1,"Agent 2","Agent 0",188170,143939090174228,143939090178388
"MEMORY_COPY","MEMORY_COPY_HOST_TO_DEVICE",1,"Agent 0","Agent 2",188174,143939090331299,143939090336579
"MEMORY_COPY","MEMORY_COPY_DEVICE_TO_HOST",1,"Agent 2","Agent 0",188268,143939091641036,143939091646196
"MEMORY_COPY","MEMORY_COPY_DEVICE_TO_HOST",1,"Agent 2","Agent 0",188276,143939091794157,143939091799317
"MEMORY_COPY","MEMORY_COPY_HOST_TO_DEVICE",1,"Agent 0","Agent 2",188280,143939092124599,143939092131159
"MEMORY_COPY","MEMORY_COPY_DEVICE_TO_HOST",1,"Agent 2","Agent 0",188374,143939093650657,143939093655777
"MEMORY_COPY","MEMORY_COPY_DEVICE_TO_HOST",1,"Agent 2","Agent 0",188382,143939093805418,143939093810618
"MEMORY_COPY","MEMORY_COPY_HOST_TO_DEVICE",1,"Agent 0","Agent 2",188386,143939094087880,143939094094360
"MEMORY_COPY","MEMORY_COPY_DEVICE_TO_HOST",1,"Agent 2","Agent 0",188480,143939095435227,143939095440427
"MEMORY_COPY","MEMORY_COPY_DEVICE_TO_HOST",1,"Agent 2","Agent 0",188488,143939095612298,143939095617458
"MEMORY_COPY","MEMORY_COPY_HOST_TO_DEVICE",1,"Agent 0","Agent 2",188492,143939095902530,143939095908970
"MEMORY_COPY","MEMORY_COPY_DEVICE_TO_HOST",1,"Agent 2","Agent 0",188586,143939097319187,143939097324348
"MEMORY_COPY","MEMORY_COPY_DEVICE_TO_HOST",1,"Agent 2","Agent 0",188594,143939097493878,143939097499078
"MEMORY_COPY","MEMORY_COPY_HOST_TO_DEVICE",1,"Agent 0","Agent 2",188598,143939097773320,143939097779880
"MEMORY_COPY","MEMORY_COPY_DEVICE_TO_HOST",1,"Agent 2","Agent 0",188692,143939099821331,143939099826531
"MEMORY_COPY","MEMORY_COPY_DEVICE_TO_HOST",1,"Agent 2","Agent 0",188700,143939099974362,143939099979562
"MEMORY_COPY","MEMORY_COPY_HOST_TO_DEVICE",1,"Agent 0","Agent 2",188704,143939100290834,143939100297314
"MEMORY_COPY","MEMORY_COPY_DEVICE_TO_HOST",1,"Agent 2","Agent 0",188798,143939101641941,143939101647141
"MEMORY_COPY","MEMORY_COPY_DEVICE_TO_HOST",1,"Agent 2","Agent 0",188806,143939101794142,143939101799302
"MEMORY_COPY","MEMORY_COPY_HOST_TO_DEVICE",1,"Agent 0","Agent 2",188810,143939102119604,143939102126524
"MEMORY_COPY","MEMORY_COPY_DEVICE_TO_HOST",1,"Agent 2","Agent 0",188904,143939103506852,143939103512052
"MEMORY_COPY","MEMORY_COPY_DEVICE_TO_HOST",1,"Agent 2","Agent 0",188912,143939103659793,143939103664953
"MEMORY_COPY","MEMORY_COPY_HOST_TO_DEVICE",1,"Agent 0","Agent 2",188916,143939103960254,143939103966654
"MEMORY_COPY","MEMORY_COPY_DEVICE_TO_HOST",1,"Agent 2","Agent 0",189010,143939105500843,143939105506203
"MEMORY_COPY","MEMORY_COPY_DEVICE_TO_HOST",1,"Agent 2","Agent 0",189018,143939105651704,143939105656784
"MEMORY_COPY","MEMORY_COPY_HOST_TO_DEVICE",1,"Agent 0","Agent 2",189022,143939105931145,143939105937625
"MEMORY_COPY","MEMORY_COPY_DEVICE_TO_HOST",1,"Agent 2","Agent 0",189116,143939107274085,143939107279605
"MEMORY_COPY","MEMORY_COPY_DEVICE_TO_HOST",1,"Agent 2","Agent 0",189124,143939107427586,143939107432746
"MEMORY_COPY","MEMORY_COPY_HOST_TO_DEVICE",1,"Agent 0","Agent 2",189128,143939107748528,143939107755248
"MEMORY_COPY","MEMORY_COPY_DEVICE_TO_HOST",1,"Agent 2","Agent 0",189222,143939109727769,143939109732929
"MEMORY_COPY","MEMORY_COPY_DEVICE_TO_HOST",1,"Agent 2","Agent 0",189230,143939109879470,143939109884670
"MEMORY_COPY","MEMORY_COPY_HOST_TO_DEVICE",1,"Agent 0","Agent 2",189234,143939110174552,143939110181392
"MEMORY_COPY","MEMORY_COPY_DEVICE_TO_HOST",1,"Agent 2","Agent 0",189328,143939111497989,143939111503109
"MEMORY_COPY","MEMORY_COPY_DEVICE_TO_HOST",1,"Agent 2","Agent 0",189336,143939111676030,143939111681190
"MEMORY_COPY","MEMORY_COPY_HOST_TO_DEVICE",1,"Agent 0","Agent 2",189340,143939111965761,143939111972202
"MEMORY_COPY","MEMORY_COPY_DEVICE_TO_HOST",1,"Agent 2","Agent 0",189434,143939113518850,143939113523970
"MEMORY_COPY","MEMORY_COPY_DEVICE_TO_HOST",1,"Agent 2","Agent 0",189442,143939113671871,143939113677071
"MEMORY_COPY","MEMORY_COPY_HOST_TO_DEVICE",1,"Agent 0","Agent 2",189446,143939113973203,143939113979763
"MEMORY_COPY","MEMORY_COPY_DEVICE_TO_HOST",1,"Agent 2","Agent 0",189540,143939115304130,143939115309250
"MEMORY_COPY","MEMORY_COPY_DEVICE_TO_HOST",1,"Agent 2","Agent 0",189548,143939115477861,143939115483021
"MEMORY_COPY","MEMORY_COPY_HOST_TO_DEVICE",1,"Agent 0","Agent 2",189552,143939115795723,143939115802163
"MEMORY_COPY","MEMORY_COPY_DEVICE_TO_HOST",1,"Agent 2","Agent 0",189646,143939117250821,143939117256101
"MEMORY_COPY","MEMORY_COPY_DEVICE_TO_HOST",1,"Agent 2","Agent 0",189654,143939117402852,143939117408212
"MEMORY_COPY","MEMORY_COPY_HOST_TO_DEVICE",1,"Agent 0","Agent 2",189658,143939117683923,143939117690363
"MEMORY_COPY","MEMORY_COPY_DEVICE_TO_HOST",1,"Agent 2","Agent 0",189752,143939119799965,143939119805125
"MEMORY_COPY","MEMORY_COPY_DEVICE_TO_HOST",1,"Agent 2","Agent 0",189760,143939119952296,143939119957416
"MEMORY_COPY","MEMORY_COPY_HOST_TO_DEVICE",1,"Agent 0","Agent 2",189764,143939120267538,143939120273938
"MEMORY_COPY","MEMORY_COPY_DEVICE_TO_HOST",1,"Agent 2","Agent 0",189858,143939121619445,143939121624645
"MEMORY_COPY","MEMORY_COPY_DEVICE_TO_HOST",1,"Agent 2","Agent 0",189866,143939121770956,143939121776076
"MEMORY_COPY","MEMORY_COPY_HOST_TO_DEVICE",1,"Agent 0","Agent 2",189870,143939122087638,143939122094118
"MEMORY_COPY","MEMORY_COPY_DEVICE_TO_HOST",1,"Agent 2","Agent 0",189964,143939123410855,143939123416055
"MEMORY_COPY","MEMORY_COPY_DEVICE_TO_HOST",1,"Agent 2","Agent 0",189972,143939123562816,143939123568056
"MEMORY_COPY","MEMORY_COPY_HOST_TO_DEVICE",1,"Agent 0","Agent 2",189976,143939123808327,143939123814807
"MEMORY_COPY","MEMORY_COPY_DEVICE_TO_HOST",1,"Agent 2","Agent 0",190070,143939125337526,143939125342686
"MEMORY_COPY","MEMORY_COPY_DEVICE_TO_HOST",1,"Agent 2","Agent 0",190078,143939125492167,143939125497327
"MEMORY_COPY","MEMORY_COPY_HOST_TO_DEVICE",1,"Agent 0","Agent 2",190082,143939125729228,143939125735708
"MEMORY_COPY","MEMORY_COPY_DEVICE_TO_HOST",1,"Agent 2","Agent 0",190176,143939127085785,143939127090985
"MEMORY_COPY","MEMORY_COPY_DEVICE_TO_HOST",1,"Agent 2","Agent 0",190184,143939127241196,143939127246316
"MEMORY_COPY","MEMORY_COPY_HOST_TO_DEVICE",1,"Agent 0","Agent 2",190188,143939127514858,143939127521578
"MEMORY_COPY","MEMORY_COPY_DEVICE_TO_HOST",1,"Agent 2","Agent 0",190282,143939129478539,143939129483659
"MEMORY_COPY","MEMORY_COPY_DEVICE_TO_HOST",1,"Agent 2","Agent 0",190290,143939129631079,143939129636200
"MEMORY_COPY","MEMORY_COPY_HOST_TO_DEVICE",1,"Agent 0","Agent 2",190294,143939129919001,143939129925561
"MEMORY_COPY","MEMORY_COPY_DEVICE_TO_HOST",1,"Agent 2","Agent 0",190346,143939131969382,143939132025903
"MEMORY_COPY","MEMORY_COPY_DEVICE_TO_HOST",1,"Agent 2","Agent 0",190358,143939135768934,143939135773694
"MEMORY_COPY","MEMORY_COPY_DEVICE_TO_HOST",1,"Agent 2","Agent 0",190366,143939135942055,143939135946735
"MEMORY_COPY","MEMORY_COPY_DEVICE_TO_HOST",1,"Agent 2","Agent 0",190458,143939137337042,143939137341322
"MEMORY_COPY","MEMORY_COPY_DEVICE_TO_HOST",1,"Agent 2","Agent 0",190466,143939137455233,143939137459473
"MEMORY_COPY","MEMORY_COPY_HOST_TO_DEVICE",1,"Agent 0","Agent 2",190470,143939137648484,143939137653924
"MEMORY_COPY","MEMORY_COPY_DEVICE_TO_HOST",1,"Agent 2","Agent 0",190594,143939139323163,143939139327483
"MEMORY_COPY","MEMORY_COPY_DEVICE_TO_HOST",1,"Agent 2","Agent 0",190602,143939139463944,143939139468264
"MEMORY_COPY","MEMORY_COPY_HOST_TO_DEVICE",1,"Agent 0","Agent 2",190606,143939139657565,143939139662925
"MEMORY_COPY","MEMORY_COPY_DEVICE_TO_HOST",1,"Agent 2","Agent 0",190730,143939141322304,143939141326704
"MEMORY_COPY","MEMORY_COPY_DEVICE_TO_HOST",1,"Agent 2","Agent 0",190738,143939141465485,143939141469925
"MEMORY_COPY","MEMORY_COPY_HOST_TO_DEVICE",1,"Agent 0","Agent 2",190742,143939141635896,143939141641296
"MEMORY_COPY","MEMORY_COPY_DEVICE_TO_HOST",1,"Agent 2","Agent 0",190866,143939143464446,143939143468926
"MEMORY_COPY","MEMORY_COPY_DEVICE_TO_HOST",1,"Agent 2","Agent 0",190874,143939143641027,143939143645507
"MEMORY_COPY","MEMORY_COPY_HOST_TO_DEVICE",1,"Agent 0","Agent 2",190878,143939143796858,143939143802298
"MEMORY_COPY","MEMORY_COPY_DEVICE_TO_HOST",1,"Agent 2","Agent 0",191000,143939146146621,143939146151181
"MEMORY_COPY","MEMORY_COPY_DEVICE_TO_HOST",1,"Agent 2","Agent 0",191008,143939146264712,143939146269152
"MEMORY_COPY","MEMORY_COPY_HOST_TO_DEVICE",1,"Agent 0","Agent 2",191012,143939146461503,143939146466943
"MEMORY_COPY","MEMORY_COPY_DEVICE_TO_HOST",1,"Agent 2","Agent 0",191136,143939148240713,143939148245193
"MEMORY_COPY","MEMORY_COPY_DEVICE_TO_HOST",1,"Agent 2","Agent 0",191144,143939148359213,143939148363653
"MEMORY_COPY","MEMORY_COPY_HOST_TO_DEVICE",1,"Agent 0","Agent 2",191148,143939148528544,143939148533944
"MEMORY_COPY","MEMORY_COPY_DEVICE_TO_HOST",1,"Agent 2","Agent 0",191272,143939150145913,143939150150393
"MEMORY_COPY","MEMORY_COPY_DEVICE_TO_HOST",1,"Agent 2","Agent 0",191280,143939150265604,143939150270044
"MEMORY_COPY","MEMORY_COPY_HOST_TO_DEVICE",1,"Agent 0","Agent 2",191284,143939150446975,143939150452295
"MEMORY_COPY","MEMORY_COPY_DEVICE_TO_HOST",1,"Agent 2","Agent 0",191408,143939152170165,143939152174565
"MEMORY_COPY","MEMORY_COPY_DEVICE_TO_HOST",1,"Agent 2","Agent 0",191416,143939152288015,143939152292415
"MEMORY_COPY","MEMORY_COPY_HOST_TO_DEVICE",1,"Agent 0","Agent 2",191420,143939152467596,143939152472916
"MEMORY_COPY","MEMORY_COPY_DEVICE_TO_HOST",1,"Agent 2","Agent 0",191544,143939154228546,143939154232946
"MEMORY_COPY","MEMORY_COPY_DEVICE_TO_HOST",1,"Agent 2","Agent 0",191552,143939154347567,143939154351967
"MEMORY_COPY","MEMORY_COPY_HOST_TO_DEVICE",1,"Agent 0","Agent 2",191556,143939154504928,143939154510248
"MEMORY_COPY","MEMORY_COPY_DEVICE_TO_HOST",1,"Agent 2","Agent 0",191678,143939156767610,143939156771890
"MEMORY_COPY","MEMORY_COPY_DEVICE_TO_HOST",1,"Agent 2","Agent 0",191686,143939156884891,143939156889171
"MEMORY_COPY","MEMORY_COPY_HOST_TO_DEVICE",1,"Agent 0","Agent 2",191690,143939157079862,143939157085142
"MEMORY_COPY","MEMORY_COPY_DEVICE_TO_HOST",1,"Agent 2","Agent 0",191814,143939158784601,143939158788961
"MEMORY_COPY","MEMORY_COPY_DEVICE_TO_HOST",1,"Agent 2","Agent 0",191822,143939158901532,143939158905772
"MEMORY_COPY","MEMORY_COPY_HOST_TO_DEVICE",1,"Agent 0","Agent 2",191826,143939159066313,143939159071553
"MEMORY_COPY","MEMORY_COPY_DEVICE_TO_HOST",1,"Agent 2","Agent 0",191950,143939160680902,143939160685102
"MEMORY_COPY","MEMORY_COPY_DEVICE_TO_HOST",1,"Agent 2","Agent 0",191958,143939160801172,143939160805412
"MEMORY_COPY","MEMORY_COPY_HOST_TO_DEVICE",1,"Agent 0","Agent 2",191962,143939160979463,143939160984823
"MEMORY_COPY","MEMORY_COPY_DEVICE_TO_HOST",1,"Agent 2","Agent 0",192086,143939162551022,143939162555462
"MEMORY_COPY","MEMORY_COPY_DEVICE_TO_HOST",1,"Agent 2","Agent 0",192094,143939162668193,143939162672473
"MEMORY_COPY","MEMORY_COPY_HOST_TO_DEVICE",1,"Agent 0","Agent 2",192098,143939162874814,143939162879974
"MEMORY_COPY","MEMORY_COPY_DEVICE_TO_HOST",1,"Agent 2","Agent 0",192222,143939164621244,143939164625604
"MEMORY_COPY","MEMORY_COPY_DEVICE_TO_HOST",1,"Agent 2","Agent 0",192230,143939164738024,143939164742304
"MEMORY_COPY","MEMORY_COPY_HOST_TO_DEVICE",1,"Agent 0","Agent 2",192234,143939164900335,143939164905535
"MEMORY_COPY","MEMORY_COPY_DEVICE_TO_HOST",1,"Agent 2","Agent 0",192356,143939167205788,143939167210028
"MEMORY_COPY","MEMORY_COPY_DEVICE_TO_HOST",1,"Agent 2","Agent 0",192364,143939167322279,143939167326519
"MEMORY_COPY","MEMORY_COPY_HOST_TO_DEVICE",1,"Agent 0","Agent 2",192368,143939167498250,143939167503490
"MEMORY_COPY","MEMORY_COPY_DEVICE_TO_HOST",1,"Agent 2","Agent 0",192462,143939168804457,143939168809617
"MEMORY_COPY","MEMORY_COPY_DEVICE_TO_HOST",1,"Agent 2","Agent 0",192470,143939168957108,143939168962228
"MEMORY_COPY","MEMORY_COPY_HOST_TO_DEVICE",1,"Agent 0","Agent 2",192474,143939169289860,143939169296340
"MEMORY_COPY","MEMORY_COPY_DEVICE_TO_HOST",1,"Agent 2","Agent 0",192568,143939170801381,143939170806501
"MEMORY_COPY","MEMORY_COPY_DEVICE_TO_HOST",1,"Agent 2","Agent 0",192576,143939170954772,143939170959932
"MEMORY_COPY","MEMORY_COPY_HOST_TO_DEVICE",1,"Agent 0","Agent 2",192580,143939171263484,143939171269964
"MEMORY_COPY","MEMORY_COPY_DEVICE_TO_HOST",1,"Agent 2","Agent 0",192674,143939172644101,143939172649341
"MEMORY_COPY","MEMORY_COPY_DEVICE_TO_HOST",1,"Agent 2","Agent 0",192682,143939172795512,143939172800712
"MEMORY_COPY","MEMORY_COPY_HOST_TO_DEVICE",1,"Agent 0","Agent 2",192686,143939173118514,143939173124994
"MEMORY_COPY","MEMORY_COPY_DEVICE_TO_HOST",1,"Agent 2","Agent 0",192780,143939174483401,143939174488601
"MEMORY_COPY","MEMORY_COPY_DEVICE_TO_HOST",1,"Agent 2","Agent 0",192788,143939174635612,143939174640772
"MEMORY_COPY","MEMORY_COPY_HOST_TO_DEVICE",1,"Agent 0","Agent 2",192792,143939174914804,143939174921404
"MEMORY_COPY","MEMORY_COPY_DEVICE_TO_HOST",1,"Agent 2","Agent 0",192886,143939177108756,143939177113956
"MEMORY_COPY","MEMORY_COPY_DEVICE_TO_HOST",1,"Agent 2","Agent 0",192894,143939177262407,143939177267527
"MEMORY_COPY","MEMORY_COPY_HOST_TO_DEVICE",1,"Agent 0","Agent 2",192898,143939177549968,143939177556448
"MEMORY_COPY","MEMORY_COPY_DEVICE_TO_HOST",1,"Agent 2","Agent 0",192992,143939178926566,143939178931686
"MEMORY_COPY","MEMORY_COPY_DEVICE_TO_HOST",1,"Agent 2","Agent 0",193000,143939179079597,143939179084757
"MEMORY_COPY","MEMORY_COPY_HOST_TO_DEVICE",1,"Agent 0","Agent 2",193004,143939179384459,143939179390939
"MEMORY_COPY","MEMORY_COPY_DEVICE_TO_HOST",1,"Agent 2","Agent 0",193098,143939180754506,143939180759706
"MEMORY_COPY","MEMORY_COPY_DEVICE_TO_HOST",1,"Agent 2","Agent 0",193106,143939180906687,143939180911807
"MEMORY_COPY","MEMORY_COPY_HOST_TO_DEVICE",1,"Agent 0","Agent 2",193110,143939181221849,143939181228289
"MEMORY_COPY","MEMORY_COPY_DEVICE_TO_HOST",1,"Agent 2","Agent 0",193204,143939182740647,143939182745767
"MEMORY_COPY","MEMORY_COPY_DEVICE_TO_HOST",1,"Agent 2","Agent 0",193212,143939182893768,143939182898888
"MEMORY_COPY","MEMORY_COPY_HOST_TO_DEVICE",1,"Agent 0","Agent 2",193216,143939183214580,143939183221100
"MEMORY_COPY","MEMORY_COPY_DEVICE_TO_HOST",1,"Agent 2","Agent 0",193310,143939184563187,143939184568387
"MEMORY_COPY","MEMORY_COPY_DEVICE_TO_HOST",1,"Agent 2","Agent 0",193318,143939184716918,143939184722198
"MEMORY_COPY","MEMORY_COPY_HOST_TO_DEVICE",1,"Agent 0","Agent 2",193322,143939185099330,143939185105810
"MEMORY_COPY","MEMORY_COPY_DEVICE_TO_HOST",1,"Agent 2","Agent 0",193416,143939187107841,143939187113001
"MEMORY_COPY","MEMORY_COPY_DEVICE_TO_HOST",1,"Agent 2","Agent 0",193424,143939187260992,143939187266152
"MEMORY_COPY","MEMORY_COPY_HOST_TO_DEVICE",1,"Agent 0","Agent 2",193428,143939187580744,143939187588104
"MEMORY_COPY","MEMORY_COPY_DEVICE_TO_HOST",1,"Agent 2","Agent 0",193522,143939189002582,143939189007862
"MEMORY_COPY","MEMORY_COPY_DEVICE_TO_HOST",1,"Agent 2","Agent 0",193530,143939189198643,143939189203803
"MEMORY_COPY","MEMORY_COPY_HOST_TO_DEVICE",1,"Agent 0","Agent 2",193534,143939189515265,143939189521745
"MEMORY_COPY","MEMORY_COPY_DEVICE_TO_HOST",1,"Agent 2","Agent 0",193628,143939191074833,143939191079833
"MEMORY_COPY","MEMORY_COPY_DEVICE_TO_HOST",1,"Agent 2","Agent 0",193636,143939191229314,143939191234474
"MEMORY_COPY","MEMORY_COPY_HOST_TO_DEVICE",1,"Agent 0","Agent 2",193640,143939191557846,143939191564326
"MEMORY_COPY","MEMORY_COPY_DEVICE_TO_HOST",1,"Agent 2","Agent 0",193734,143939192924504,143939192929664
"MEMORY_COPY","MEMORY_COPY_DEVICE_TO_HOST",1,"Agent 2","Agent 0",193742,143939193078104,143939193083265
"MEMORY_COPY","MEMORY_COPY_HOST_TO_DEVICE",1,"Agent 0","Agent 2",193746,143939193478067,143939193484707
"MEMORY_COPY","MEMORY_COPY_DEVICE_TO_HOST",1,"Agent 2","Agent 0",193840,143939194927035,143939194932155
"MEMORY_COPY","MEMORY_COPY_DEVICE_TO_HOST",1,"Agent 2","Agent 0",193848,143939195098046,143939195103206
"MEMORY_COPY","MEMORY_COPY_HOST_TO_DEVICE",1,"Agent 0","Agent 2",193852,143939195470678,143939195477318
"MEMORY_COPY","MEMORY_COPY_DEVICE_TO_HOST",1,"Agent 2","Agent 0",193946,143939197724630,143939197729790
"MEMORY_COPY","MEMORY_COPY_DEVICE_TO_HOST",1,"Agent 2","Agent 0",193954,143939197877451,143939197882651
"MEMORY_COPY","MEMORY_COPY_HOST_TO_DEVICE",1,"Agent 0","Agent 2",193958,143939198198163,143939198204563
"MEMORY_COPY","MEMORY_COPY_DEVICE_TO_HOST",1,"Agent 2","Agent 0",194052,143939199596071,143939199601231
"MEMORY_COPY","MEMORY_COPY_DEVICE_TO_HOST",1,"Agent 2","Agent 0",194060,143939199746621,143939199751821
"MEMORY_COPY","MEMORY_COPY_HOST_TO_DEVICE",1,"Agent 0","Agent 2",194064,143939200003153,143939200010113
"MEMORY_COPY","MEMORY_COPY_DEVICE_TO_HOST",1,"Agent 2","Agent 0",194158,143939201349800,143939201355000
"MEMORY_COPY","MEMORY_COPY_DEVICE_TO_HOST",1,"Agent 2","Agent 0",194166,143939201498811,143939201503931
"MEMORY_COPY","MEMORY_COPY_HOST_TO_DEVICE",1,"Agent 0","Agent 2",194170,143939201742603,143939201749043
"MEMORY_COPY","MEMORY_COPY_DEVICE_TO_HOST",1,"Agent 2","Agent 0",194264,143939203259681,143939203264841
"MEMORY_COPY","MEMORY_COPY_DEVICE_TO_HOST",1,"Agent 2","Agent 0",194272,143939203405532,143939203410652
"MEMORY_COPY","MEMORY_COPY_HOST_TO_DEVICE",1,"Agent 0","Agent 2",194276,143939203658843,143939203665523
"MEMORY_COPY","MEMORY_COPY_DEVICE_TO_HOST",1,"Agent 2","Agent 0",194370,143939204970670,143939204975830
"MEMORY_COPY","MEMORY_COPY_DEVICE_TO_HOST",1,"Agent 2","Agent 0",194378,143939205152031,143939205157271
"MEMORY_COPY","MEMORY_COPY_HOST_TO_DEVICE",1,"Agent 0","Agent 2",194382,143939205423243,143939205429683
"MEMORY_COPY","MEMORY_COPY_DEVICE_TO_HOST",1,"Agent 2","Agent 0",194476,143939207433204,143939207438324
"MEMORY_COPY","MEMORY_COPY_DEVICE_TO_HOST",1,"Agent 2","Agent 0",194484,143939207582745,143939207587905
"MEMORY_COPY","MEMORY_COPY_HOST_TO_DEVICE",1,"Agent 0","Agent 2",194488,143939207875507,143939207882147
"MEMORY_COPY","MEMORY_COPY_DEVICE_TO_HOST",1,"Agent 2","Agent 0",194540,143939209937398,143939209993878
"MEMORY_COPY","MEMORY_COPY_DEVICE_TO_HOST",1,"Agent 2","Agent 0",194552,143939213666629,143939213671349
"MEMORY_COPY","MEMORY_COPY_DEVICE_TO_HOST",1,"Agent 2","Agent 0",194560,143939213799929,143939213804609
"MEMORY_COPY","MEMORY_COPY_DEVICE_TO_HOST",1,"Agent 2","Agent 0",194652,143939215132367,143939215136647
"MEMORY_COPY","MEMORY_COPY_DEVICE_TO_HOST",1,"Agent 2","Agent 0",194660,143939215245707,143939215249947
"MEMORY_COPY","MEMORY_COPY_HOST_TO_DEVICE",1,"Agent 0","Agent 2",194664,143939215435588,143939215441028
"MEMORY_COPY","MEMORY_COPY_DEVICE_TO_HOST",1,"Agent 2","Agent 0",194788,143939216980947,143939216985307
"MEMORY_COPY","MEMORY_COPY_DEVICE_TO_HOST",1,"Agent 2","Agent 0",194796,143939217126768,143939217131088
"MEMORY_COPY","MEMORY_COPY_HOST_TO_DEVICE",1,"Agent 0","Agent 2",194800,143939217298429,143939217304149
"MEMORY_COPY","MEMORY_COPY_DEVICE_TO_HOST",1,"Agent 2","Agent 0",194924,143939218877688,143939218882088
"MEMORY_COPY","MEMORY_COPY_DEVICE_TO_HOST",1,"Agent 2","Agent 0",194932,143939218991038,143939218995438
"MEMORY_COPY","MEMORY_COPY_HOST_TO_DEVICE",1,"Agent 0","Agent 2",194936,143939219198969,143939219204209
"MEMORY_COPY","MEMORY_COPY_DEVICE_TO_HOST",1,"Agent 2","Agent 0",195060,143939220872799,143939220877239
"MEMORY_COPY","MEMORY_COPY_DEVICE_TO_HOST",1,"Agent 2","Agent 0",195068,143939220986879,143939220991319
"MEMORY_COPY","MEMORY_COPY_HOST_TO_DEVICE",1,"Agent 0","Agent 2",195072,143939221175130,143939221180490
"MEMORY_COPY","MEMORY_COPY_DEVICE_TO_HOST",1,"Agent 2","Agent 0",195194,143939223498083,143939223502563
"MEMORY_COPY","MEMORY_COPY_DEVICE_TO_HOST",1,"Agent 2","Agent 0",195202,143939223618844,143939223623244
"MEMORY_COPY","MEMORY_COPY_HOST_TO_DEVICE",1,"Agent 0","Agent 2",195206,143939223782005,143939223787445
"MEMORY_COPY","MEMORY_COPY_DEVICE_TO_HOST",1,"Agent 2","Agent 0",195330,143939225457264,143939225461704
"MEMORY_COPY","MEMORY_COPY_DEVICE_TO_HOST",1,"Agent 2","Agent 0",195338,143939225571535,143939225575975
"MEMORY_COPY","MEMORY_COPY_HOST_TO_DEVICE",1,"Agent 0","Agent 2",195342,143939225741206,143939225746526
"MEMORY_COPY","MEMORY_COPY_DEVICE_TO_HOST",1,"Agent 2","Agent 0",195466,143939227295724,143939227300084
"MEMORY_COPY","MEMORY_COPY_DEVICE_TO_HOST",1,"Agent 2","Agent 0",195474,143939227410155,143939227414555
"MEMORY_COPY","MEMORY_COPY_HOST_TO_DEVICE",1,"Agent 0","Agent 2",195478,143939227570116,143939227575396
"MEMORY_COPY","MEMORY_COPY_DEVICE_TO_HOST",1,"Agent 2","Agent 0",195602,143939229136484,143939229140804
"MEMORY_COPY","MEMORY_COPY_DEVICE_TO_HOST",1,"Agent 2","Agent 0",195610,143939229251615,143939229255935
"MEMORY_COPY","MEMORY_COPY_HOST_TO_DEVICE",1,"Agent 0","Agent 2",195614,143939229429756,143939229434996
"MEMORY_COPY","MEMORY_COPY_DEVICE_TO_HOST",1,"Agent 2","Agent 0",195738,143939231118205,143939231122485
"MEMORY_COPY","MEMORY_COPY_DEVICE_TO_HOST",1,"Agent 2","Agent 0",195746,143939231234546,143939231238866
"MEMORY_COPY","MEMORY_COPY_HOST_TO_DEVICE",1,"Agent 0","Agent 2",195750,143939231408827,143939231414067
"MEMORY_COPY","MEMORY_COPY_DEVICE_TO_HOST",1,"Agent 2","Agent 0",195872,143939233729122,143939233733362
"MEMORY_COPY","MEMORY_COPY_DEVICE_TO_HOST",1,"Agent 2","Agent 0",195880,143939233895133,143939233899773
"MEMORY_COPY","MEMORY_COPY_HOST_TO_DEVICE",1,"Agent 0","Agent 2",195884,143939234083904,143939234089384
"MEMORY_COPY","MEMORY_COPY_DEVICE_TO_HOST",1,"Agent 2","Agent 0",196008,143939235759133,143939235763413
"MEMORY_COPY","MEMORY_COPY_DEVICE_TO_HOST",1,"Agent 2","Agent 0",196016,143939235900964,143939235905204
"MEMORY_COPY","MEMORY_COPY_HOST_TO_DEVICE",1,"Agent 0","Agent 2",196020,143939236097605,143939236102765
"MEMORY_COPY","MEMORY_COPY_DEVICE_TO_HOST",1,"Agent 2","Agent 0",196144,143939237667534,143939237671774
"MEMORY_COPY","MEMORY_COPY_DEVICE_TO_HOST",1,"Agent 2","Agent 0",196152,143939237779524,143939237783764
"MEMORY_COPY","MEMORY_COPY_HOST_TO_DEVICE",1,"Agent 0","Agent 2",196156,143939237931895,143939237937055
"MEMORY_COPY","MEMORY_COPY_DEVICE_TO_HOST",1,"Agent 2","Agent 0",196280,143939239490294,143939239494774
"MEMORY_COPY","MEMORY_COPY_DEVICE_TO_HOST",1,"Agent 2","Agent 0",196288,143939239698315,143939239702595
"MEMORY_COPY","MEMORY_COPY_HOST_TO_DEVICE",1,"Agent 0","Agent 2",196292,143939239851126,143939239856366
"MEMORY_COPY","MEMORY_COPY_DEVICE_TO_HOST",1,"Agent 2","Agent 0",196416,143939241580696,143939241584936
"MEMORY_COPY","MEMORY_COPY_DEVICE_TO_HOST",1,"Agent 2","Agent 0",196424,143939241708646,143939241712886
"MEMORY_COPY","MEMORY_COPY_HOST_TO_DEVICE",1,"Agent 0","Agent 2",196428,143939241857757,143939241862917
"MEMORY_COPY","MEMORY_COPY_DEVICE_TO_HOST",1,"Agent 2","Agent 0",196550,143939244125180,143939244129500
"MEMORY_COPY","MEMORY_COPY_DEVICE_TO_HOST",1,"Agent 2","Agent 0",196558,143939244235780,143939244239980
"MEMORY_COPY","MEMORY_COPY_HOST_TO_DEVICE",1,"Agent 0","Agent 2",196562,143939244408671,143939244413871
"MEMORY_COPY","MEMORY_COPY_DEVICE_TO_HOST",1,"Agent 2","Agent 0",196656,143939245753349,143939245758509
"MEMORY_COPY","MEMORY_COPY_DEVICE_TO_HOST",1,"Agent 2","Agent 0",196664,143939245903470,143939245908630
"MEMORY_COPY","MEMORY_COPY_HOST_TO_DEVICE",1,"Agent 0","Agent 2",196668,143939246229301,143939246235781
"MEMORY_COPY","MEMORY_COPY_DEVICE_TO_HOST",1,"Agent 2","Agent 0",196762,143939251247769,143939251252929
"MEMORY_COPY","MEMORY_COPY_DEVICE_TO_HOST",1,"Agent 2","Agent 0",196770,143939251399600,143939251404760
"MEMORY_COPY","MEMORY_COPY_HOST_TO_DEVICE",1,"Agent 0","Agent 2",196774,143939251676882,143939251683362
"MEMORY_COPY","MEMORY_COPY_DEVICE_TO_HOST",1,"Agent 2","Agent 0",196868,143939253048889,143939253054129
"MEMORY_COPY","MEMORY_COPY_DEVICE_TO_HOST",1,"Agent 2","Agent 0",196876,143939253198230,143939253203430
"MEMORY_COPY","MEMORY_COPY_HOST_TO_DEVICE",1,"Agent 0","Agent 2",196880,143939253513182,143939253519742
"MEMORY_COPY","MEMORY_COPY_DEVICE_TO_HOST",1,"Agent 2","Agent 0",196974,143939254839969,143939254845249
"MEMORY_COPY","MEMORY_COPY_DEVICE_TO_HOST",1,"Agent 2","Agent 0",196982,143939255043160,143939255048520
"MEMORY_COPY","MEMORY_COPY_HOST_TO_DEVICE",1,"Agent 0","Agent 2",196986,143939255321782,143939255328622
"MEMORY_COPY","MEMORY_COPY_DEVICE_TO_HOST",1,"Agent 2","Agent 0",197080,143939257444174,143939257449534
"MEMORY_COPY","MEMORY_COPY_DEVICE_TO_HOST",1,"Agent 2","Agent 0",197088,143939257593864,143939257599185
"MEMORY_COPY","MEMORY_COPY_HOST_TO_DEVICE",1,"Agent 0","Agent 2",197092,143939257924536,143939257931176
"MEMORY_COPY","MEMORY_COPY_DEVICE_TO_HOST",1,"Agent 2","Agent 0",197186,143939259276314,143939259282194
"MEMORY_COPY","MEMORY_COPY_DEVICE_TO_HOST",1,"Agent 2","Agent 0",197194,143939259427725,143939259433165
"MEMORY_COPY","MEMORY_COPY_HOST_TO_DEVICE",1,"Agent 0","Agent 2",197198,143939259707526,143939259714566
"MEMORY_COPY","MEMORY_COPY_DEVICE_TO_HOST",1,"Agent 2","Agent 0",197292,143939261056854,143939261062214
"MEMORY_COPY","MEMORY_COPY_DEVICE_TO_HOST",1,"Agent 2","Agent 0",197300,143939261208105,143939261213945
"MEMORY_COPY","MEMORY_COPY_HOST_TO_DEVICE",1,"Agent 0","Agent 2",197304,143939261506826,143939261513546
"MEMORY_COPY","MEMORY_COPY_DEVICE_TO_HOST",1,"Agent 2","Agent 0",197398,143939262877394,143939262882834
"MEMORY_COPY","MEMORY_COPY_DEVICE_TO_HOST",1,"Agent 2","Agent 0",197406,143939263137655,143939263143015
"MEMORY_COPY","MEMORY_COPY_HOST_TO_DEVICE",1,"Agent 0","Agent 2",197410,143939263438477,143939263445237
"MEMORY_COPY","MEMORY_COPY_DEVICE_TO_HOST",1,"Agent 2","Agent 0",197504,143939264748274,143939264753714
"MEMORY_COPY","MEMORY_COPY_DEVICE_TO_HOST",1,"Agent 2","Agent 0",197512,143939264897235,143939264902635
"MEMORY_COPY","MEMORY_COPY_HOST_TO_DEVICE",1,"Agent 0","Agent 2",197516,143939265238837,143939265245557
"MEMORY_COPY","MEMORY_COPY_DEVICE_TO_HOST",1,"Agent 2","Agent 0",197610,143939267346049,143939267351409
"MEMORY_COPY","MEMORY_COPY_DEVICE_TO_HOST",1,"Agent 2","Agent 0",197618,143939267495539,143939267500939
"MEMORY_COPY","MEMORY_COPY_HOST_TO_DEVICE",1,"Agent 0","Agent 2",197622,143939267781481,143939267788441
"MEMORY_COPY","MEMORY_COPY_DEVICE_TO_HOST",1,"Agent 2","Agent 0",197716,143939269093618,143939269099018
"MEMORY_COPY","MEMORY_COPY_DEVICE_TO_HOST",1,"Agent 2","Agent 0",197724,143939269243349,143939269248869
"MEMORY_COPY","MEMORY_COPY_HOST_TO_DEVICE",1,"Agent 0","Agent 2",197728,143939269550671,143939269557471
"MEMORY_COPY","MEMORY_COPY_DEVICE_TO_HOST",1,"Agent 2","Agent 0",197822,143939271028859,143939271034099
"MEMORY_COPY","MEMORY_COPY_DEVICE_TO_HOST",1,"Agent 2","Agent 0",197830,143939271184090,143939271189450
"MEMORY_COPY","MEMORY_COPY_HOST_TO_DEVICE",1,"Agent 0","Agent 2",197834,143939271654713,143939271661353
"MEMORY_COPY","MEMORY_COPY_DEVICE_TO_HOST",1,"Agent 2","Agent 0",197928,143939273021010,143939273026330
"MEMORY_COPY","MEMORY_COPY_DEVICE_TO_HOST",1,"Agent 2","Agent 0",197936,143939273178641,143939273183921
"MEMORY_COPY","MEMORY_COPY_HOST_TO_DEVICE",1,"Agent 0","Agent 2",197940,143939273492613,143939273499213
"MEMORY_COPY","MEMORY_COPY_DEVICE_TO_HOST",1,"Agent 2","Agent 0",198034,143939274791480,143939274796800
"MEMORY_COPY","MEMORY_COPY_DEVICE_TO_HOST",1,"Agent 2","Agent 0",198042,143939274940171,143939274945411
"MEMORY_COPY","MEMORY_COPY_HOST_TO_DEVICE",1,"Agent 0","Agent 2",198046,143939275255633,143939275262233
"MEMORY_COPY","MEMORY_COPY_DEVICE_TO_HOST",1,"Agent 2","Agent 0",198140,143939277496705,143939277501985
"MEMORY_COPY","MEMORY_COPY_DEVICE_TO_HOST",1,"Agent 2","Agent 0",198148,143939277647756,143939277652996
"MEMORY_COPY","MEMORY_COPY_HOST_TO_DEVICE",1,"Agent 0","Agent 2",198152,143939277920007,143939277926487
"MEMORY_COPY","MEMORY_COPY_DEVICE_TO_HOST",1,"Agent 2","Agent 0",198246,143939279276775,143939279281975
"MEMORY_COPY","MEMORY_COPY_DEVICE_TO_HOST",1,"Agent 2","Agent 0",198254,143939279427716,143939279432956
"MEMORY_COPY","MEMORY_COPY_HOST_TO_DEVICE",1,"Agent 0","Agent 2",198258,143939279688477,143939279695157
"MEMORY_COPY","MEMORY_COPY_DEVICE_TO_HOST",1,"Agent 2","Agent 0",198352,143939281048335,143939281053535
"MEMORY_COPY","MEMORY_COPY_DEVICE_TO_HOST",1,"Agent 2","Agent 0",198360,143939281197676,143939281202836
"MEMORY_COPY","MEMORY_COPY_HOST_TO_DEVICE",1,"Agent 0","Agent 2",198364,143939281462987,143939281469467
"MEMORY_COPY","MEMORY_COPY_DEVICE_TO_HOST",1,"Agent 2","Agent 0",198458,143939282952265,143939282957385
"MEMORY_COPY","MEMORY_COPY_DEVICE_TO_HOST",1,"Agent 2","Agent 0",198466,143939283097996,143939283103196
"MEMORY_COPY","MEMORY_COPY_HOST_TO_DEVICE",1,"Agent 0","Agent 2",198470,143939283331447,143939283337887
"MEMORY_COPY","MEMORY_COPY_DEVICE_TO_HOST",1,"Agent 2","Agent 0",198564,143939284620685,143939284625925
"MEMORY_COPY","MEMORY_COPY_DEVICE_TO_HOST",1,"Agent 2","Agent 0",198572,143939284766305,143939284771425
"MEMORY_COPY","MEMORY_COPY_HOST_TO_DEVICE",1,"Agent 0","Agent 2",198576,143939285045517,143939285051917
"MEMORY_COPY","MEMORY_COPY_DEVICE_TO_HOST",1,"Agent 2","Agent 0",198670,143939287077508,143939287082668
"MEMORY_COPY","MEMORY_COPY_DEVICE_TO_HOST",1,"Agent 2","Agent 0",198678,143939287226699,143939287231899
"MEMORY_COPY","MEMORY_COPY_HOST_TO_DEVICE",1,"Agent 0","Agent 2",198682,143939287511791,143939287518511
"MEMORY_COPY","MEMORY_COPY_DEVICE_TO_HOST",1,"Agent 2","Agent 0",198734,143939289512122,143939289568522
"MEMORY_COPY","MEMORY_COPY_DEVICE_TO_HOST",1,"Agent 2","Agent 0",198746,143939293554664,143939293559344
"MEMORY_COPY","MEMORY_COPY_DEVICE_TO_HOST",1,"Agent 2","Agent 0",198754,143939293715345,143939293720025
"MEMORY_COPY","MEMORY_COPY_DEVICE_TO_HOST",1,"Agent 2","Agent 0",198846,143939295049334,143939295053614
"MEMORY_COPY","MEMORY_COPY_DEVICE_TO_HOST",1,"Agent 2","Agent 0",198854,143939295163765,143939295168045
"MEMORY_COPY","MEMORY_COPY_HOST_TO_DEVICE",1,"Agent 0","Agent 2",198858,143939295329346,143939295334586
"MEMORY_COPY","MEMORY_COPY_DEVICE_TO_HOST",1,"Agent 2","Agent 0",198982,143939296897075,143939296901475
"MEMORY_COPY","MEMORY_COPY_DEVICE_TO_HOST",1,"Agent 2","Agent 0",198990,143939297044465,143939297048865
"MEMORY_COPY","MEMORY_COPY_HOST_TO_DEVICE",1,"Agent 0","Agent 2",198994,143939297223826,143939297229186
"MEMORY_COPY","MEMORY_COPY_DEVICE_TO_HOST",1,"Agent 2","Agent 0",199118,143939298778105,143939298782625
"MEMORY_COPY","MEMORY_COPY_DEVICE_TO_HOST",1,"Agent 2","Agent 0",199126,143939298892766,143939298897246
"MEMORY_COPY","MEMORY_COPY_HOST_TO_DEVICE",1,"Agent 0","Agent 2",199130,143939299099957,143939299105397
"MEMORY_COPY","MEMORY_COPY_DEVICE_TO_HOST",1,"Agent 2","Agent 0",199254,143939300790416,143939300794936
"MEMORY_COPY","MEMORY_COPY_DEVICE_TO_HOST",1,"Agent 2","Agent 0",199262,143939300905257,143939300909817
"MEMORY_COPY","MEMORY_COPY_HOST_TO_DEVICE",1,"Agent 0","Agent 2",199266,143939301109568,143939301115208
"MEMORY_COPY","MEMORY_COPY_DEVICE_TO_HOST",1,"Agent 2","Agent 0",199388,143939302938028,143939302942548
"MEMORY_COPY","MEMORY_COPY_DEVICE_TO_HOST",1,"Agent 2","Agent 0",199396,143939303052109,143939303056629
"MEMORY_COPY","MEMORY_COPY_HOST_TO_DEVICE",1,"Agent 0","Agent 2",199400,143939303230910,143939303236870
"MEMORY_COPY","MEMORY_COPY_DEVICE_TO_HOST",1,"Agent 2","Agent 0",199524,143939304911459,143939304916019
"MEMORY_COPY","MEMORY_COPY_DEVICE_TO_HOST",1,"Agent 2","Agent 0",199532,143939305047290,143939305051810
"MEMORY_COPY","MEMORY_COPY_HOST_TO_DEVICE",1,"Agent 0","Agent 2",199536,143939305208251,143939305214131
"MEMORY_COPY","MEMORY_COPY_DEVICE_TO_HOST",1,"Agent 2","Agent 0",199660,143939306822870,143939306827390
"MEMORY_COPY","MEMORY_COPY_DEVICE_TO_HOST",1,"Agent 2","Agent 0",199668,143939306936870,143939306941390
"MEMORY_COPY","MEMORY_COPY_HOST_TO_DEVICE",1,"Agent 0","Agent 2",199672,143939307131561,143939307137001
"MEMORY_COPY","MEMORY_COPY_DEVICE_TO_HOST",1,"Agent 2","Agent 0",199796,143939308690750,143939308695230
"MEMORY_COPY","MEMORY_COPY_DEVICE_TO_HOST",1,"Agent 2","Agent 0",199804,143939308805661,143939308810101
"MEMORY_COPY","MEMORY_COPY_HOST_TO_DEVICE",1,"Agent 0","Agent 2",199808,143939308963502,143939308968942
"MEMORY_COPY","MEMORY_COPY_DEVICE_TO_HOST",1,"Agent 2","Agent 0",199932,143939310688831,143939310693711
"MEMORY_COPY","MEMORY_COPY_DEVICE_TO_HOST",1,"Agent 2","Agent 0",199940,143939310806022,143939310810462
"MEMORY_COPY","MEMORY_COPY_HOST_TO_DEVICE",1,"Agent 0","Agent 2",199944,143939310954303,143939310959663
"MEMORY_COPY","MEMORY_COPY_DEVICE_TO_HOST",1,"Agent 2","Agent 0",200066,143939312624602,143939312629042
"MEMORY_COPY","MEMORY_COPY_DEVICE_TO_HOST",1,"Agent 2","Agent 0",200074,143939312735722,143939312740122
"MEMORY_COPY","MEMORY_COPY_HOST_TO_DEVICE",1,"Agent 0","Agent 2",200078,143939312886633,143939312892033
"MEMORY_COPY","MEMORY_COPY_DEVICE_TO_HOST",1,"Agent 2","Agent 0",200202,143939314526892,143939314531292
"MEMORY_COPY","MEMORY_COPY_DEVICE_TO_HOST",1,"Agent 2","Agent 0",200210,143939314653823,143939314658223
"MEMORY_COPY","MEMORY_COPY_HOST_TO_DEVICE",1,"Agent 0","Agent 2",200214,143939314813454,143939314818734
"MEMORY_COPY","MEMORY_COPY_DEVICE_TO_HOST",1,"Agent 2","Agent 0",200338,143939316372903,143939316377223
"MEMORY_COPY","MEMORY_COPY_DEVICE_TO_HOST",1,"Agent 2","Agent 0",200346,143939316487723,143939316492043
"MEMORY_COPY","MEMORY_COPY_HOST_TO_DEVICE",1,"Agent 0","Agent 2",200350,143939316665914,143939316671154
"MEMORY_COPY","MEMORY_COPY_DEVICE_TO_HOST",1,"Agent 2","Agent 0",200474,143939318199093,143939318203373
"MEMORY_COPY","MEMORY_COPY_DEVICE_TO_HOST",1,"Agent 2","Agent 0",200482,143939318310503,143939318314743
"MEMORY_COPY","MEMORY_COPY_HOST_TO_DEVICE",1,"Agent 0","Agent 2",200486,143939318483354,143939318488514
"MEMORY_COPY","MEMORY_COPY_DEVICE_TO_HOST",1,"Agent 2","Agent 0",200610,143939320164664,143939320168904
"MEMORY_COPY","MEMORY_COPY_DEVICE_TO_HOST",1,"Agent 2","Agent 0",200618,143939320278704,143939320282944
"MEMORY_COPY","MEMORY_COPY_HOST_TO_DEVICE",1,"Agent 0","Agent 2",200622,143939320443335,143939320448735
"MEMORY_COPY","MEMORY_COPY_DEVICE_TO_HOST",1,"Agent 2","Agent 0",200744,143939322069744,143939322074024
"MEMORY_COPY","MEMORY_COPY_DEVICE_TO_HOST",1,"Agent 2","Agent 0",200752,143939322179315,143939322183955
"MEMORY_COPY","MEMORY_COPY_HOST_TO_DEVICE",1,"Agent 0","Agent 2",200756,143939322328466,143939322333706
"MEMORY_COPY","MEMORY_COPY_DEVICE_TO_HOST",1,"Agent 2","Agent 0",200850,143939323610783,143939323616023
"MEMORY_COPY","MEMORY_COPY_DEVICE_TO_HOST",1,"Agent 2","Agent 0",200858,143939323759564,143939323764764
"MEMORY_COPY","MEMORY_COPY_HOST_TO_DEVICE",1,"Agent 0","Agent 2",200862,143939324085255,143939324091855
"MEMORY_COPY","MEMORY_COPY_DEVICE_TO_HOST",1,"Agent 2","Agent 0",200956,143939325536513,143939325541713
"MEMORY_COPY","MEMORY_COPY_DEVICE_TO_HOST",1,"Agent 2","Agent 0",200964,143939325685774,143939325690974
"MEMORY_COPY","MEMORY_COPY_HOST_TO_DEVICE",1,"Agent 0","Agent 2",200968,143939325978236,143939325984676
"MEMORY_COPY","MEMORY_COPY_DEVICE_TO_HOST",1,"Agent 2","Agent 0",201062,143939327272223,143939327277343
"MEMORY_COPY","MEMORY_COPY_DEVICE_TO_HOST",1,"Agent 2","Agent 0",201070,143939327418534,143939327423694
"MEMORY_COPY","MEMORY_COPY_HOST_TO_DEVICE",1,"Agent 0","Agent 2",201074,143939327693895,143939327700375
"MEMORY_COPY","MEMORY_COPY_DEVICE_TO_HOST",1,"Agent 2","Agent 0",201168,143939329047323,143939329052443
"MEMORY_COPY","MEMORY_COPY_DEVICE_TO_HOST",1,"Agent 2","Agent 0",201176,143939329196134,143939329201254
"MEMORY_COPY","MEMORY_COPY_HOST_TO_DEVICE",1,"Agent 0","Agent 2",201180,143939329488885,143939329495445
"MEMORY_COPY","MEMORY_COPY_DEVICE_TO_HOST",1,"Agent 2","Agent 0",201274,143939331051444,143939331056564
"MEMORY_COPY","MEMORY_COPY_DEVICE_TO_HOST",1,"Agent 2","Agent 0",201282,143939331205645,143939331210765
"MEMORY_COPY","MEMORY_COPY_HOST_TO_DEVICE",1,"Agent 0","Agent 2",201286,143939331505207,143939331511887
"MEMORY_COPY","MEMORY_COPY_DEVICE_TO_HOST",1,"Agent 2","Agent 0",201380,143939332823904,143939332829064
"MEMORY_COPY","MEMORY_COPY_DEVICE_TO_HOST",1,"Agent 2","Agent 0",201388,143939332972035,143939332977195
"MEMORY_COPY","MEMORY_COPY_HOST_TO_DEVICE",1,"Agent 0","Agent 2",201392,143939333292326,143939333298847
"MEMORY_COPY","MEMORY_COPY_DEVICE_TO_HOST",1,"Agent 2","Agent 0",201486,143939334584434,143939334589594
"MEMORY_COPY","MEMORY_COPY_DEVICE_TO_HOST",1,"Agent 2","Agent 0",201494,143939334730794,143939334735994
"MEMORY_COPY","MEMORY_COPY_HOST_TO_DEVICE",1,"Agent 0","Agent 2",201498,143939335006366,143939335012926
"MEMORY_COPY","MEMORY_COPY_DEVICE_TO_HOST",1,"Agent 2","Agent 0",201592,143939336378724,143939336383884
"MEMORY_COPY","MEMORY_COPY_DEVICE_TO_HOST",1,"Agent 2","Agent 0",201600,143939336523314,143939336528394
"MEMORY_COPY","MEMORY_COPY_HOST_TO_DEVICE",1,"Agent 0","Agent 2",201604,143939336990697,143939336997257
"MEMORY_COPY","MEMORY_COPY_DEVICE_TO_HOST",1,"Agent 2","Agent 0",201698,143939338324904,143939338330064
"MEMORY_COPY","MEMORY_COPY_DEVICE_TO_HOST",1,"Agent 2","Agent 0",201706,143939338495035,143939338500195
"MEMORY_COPY","MEMORY_COPY_HOST_TO_DEVICE",1,"Agent 0","Agent 2",201710,143939338797377,143939338803897
"MEMORY_COPY","MEMORY_COPY_DEVICE_TO_HOST",1,"Agent 2","Agent 0",201804,143939340245425,143939340250625
"MEMORY_COPY","MEMORY_COPY_DEVICE_TO_HOST",1,"Agent 2","Agent 0",201812,143939340394646,143939340399766
"MEMORY_COPY","MEMORY_COPY_HOST_TO_DEVICE",1,"Agent 0","Agent 2",201816,143939340669397,143939340676037
"MEMORY_COPY","MEMORY_COPY_DEVICE_TO_HOST",1,"Agent 2","Agent 0",201910,143939341955815,143939341960935
"MEMORY_COPY","MEMORY_COPY_DEVICE_TO_HOST",1,"Agent 2","Agent 0",201918,143939342104805,143939342109925
"MEMORY_COPY","MEMORY_COPY_HOST_TO_DEVICE",1,"Agent 0","Agent 2",201922,143939342413347,143939342420027
"MEMORY_COPY","MEMORY_COPY_DEVICE_TO_HOST",1,"Agent 2","Agent 0",202016,143939343865625,143939343870745
"MEMORY_COPY","MEMORY_COPY_DEVICE_TO_HOST",1,"Agent 2","Agent 0",202024,143939344047076,143939344052236
"MEMORY_COPY","MEMORY_COPY_HOST_TO_DEVICE",1,"Agent 0","Agent 2",202028,143939344379608,143939344386088
"MEMORY_COPY","MEMORY_COPY_DEVICE_TO_HOST",1,"Agent 2","Agent 0",202122,143939345711845,143939345717005
"MEMORY_COPY","MEMORY_COPY_DEVICE_TO_HOST",1,"Agent 2","Agent 0",202130,143939345858596,143939345863916
"MEMORY_COPY","MEMORY_COPY_HOST_TO_DEVICE",1,"Agent 0","Agent 2",202134,143939346195308,143939346201748
"MEMORY_COPY","MEMORY_COPY_DEVICE_TO_HOST",1,"Agent 2","Agent 0",202228,143939347545056,143939347550256
"MEMORY_COPY","MEMORY_COPY_DEVICE_TO_HOST",1,"Agent 2","Agent 0",202236,143939347691916,143939347697036
"MEMORY_COPY","MEMORY_COPY_HOST_TO_DEVICE",1,"Agent 0","Agent 2",202240,143939347975798,143939347982238
"MEMORY_COPY","MEMORY_COPY_DEVICE_TO_HOST",1,"Agent 2","Agent 0",202334,143939349518676,143939349523957
"MEMORY_COPY","MEMORY_COPY_DEVICE_TO_HOST",1,"Agent 2","Agent 0",202342,143939349668527,143939349673687
"MEMORY_COPY","MEMORY_COPY_HOST_TO_DEVICE",1,"Agent 0","Agent 2",202346,143939349932559,143939349939079
"MEMORY_COPY","MEMORY_COPY_DEVICE_TO_HOST",1,"Agent 2","Agent 0",202440,143939351249996,143939351255276
"MEMORY_COPY","MEMORY_COPY_DEVICE_TO_HOST",1,"Agent 2","Agent 0",202448,143939351397107,143939351402307
"MEMORY_COPY","MEMORY_COPY_HOST_TO_DEVICE",1,"Agent 0","Agent 2",202452,143939351650128,143939351656648
"MEMORY_COPY","MEMORY_COPY_DEVICE_TO_HOST",1,"Agent 2","Agent 0",202546,143939352962856,143939352968016
"MEMORY_COPY","MEMORY_COPY_DEVICE_TO_HOST",1,"Agent 2","Agent 0",202554,143939353148257,143939353153577
"MEMORY_COPY","MEMORY_COPY_HOST_TO_DEVICE",1,"Agent 0","Agent 2",202558,143939353402778,143939353409458
"MEMORY_COPY","MEMORY_COPY_DEVICE_TO_HOST",1,"Agent 2","Agent 0",202652,143939354775206,143939354780406
"MEMORY_COPY","MEMORY_COPY_DEVICE_TO_HOST",1,"Agent 2","Agent 0",202660,143939354935897,143939354941057
"MEMORY_COPY","MEMORY_COPY_HOST_TO_DEVICE",1,"Agent 0","Agent 2",202664,143939355199208,143939355205648
"MEMORY_COPY","MEMORY_COPY_DEVICE_TO_HOST",1,"Agent 2","Agent 0",202758,143939356540075,143939356545275
"MEMORY_COPY","MEMORY_COPY_DEVICE_TO_HOST",1,"Agent 2","Agent 0",202766,143939356690436,143939356695596
"MEMORY_COPY","MEMORY_COPY_HOST_TO_DEVICE",1,"Agent 0","Agent 2",202770,143939356970888,143939356977568
"MEMORY_COPY","MEMORY_COPY_DEVICE_TO_HOST",1,"Agent 2","Agent 0",202864,143939358347828,143939358352988
"MEMORY_COPY","MEMORY_COPY_DEVICE_TO_HOST",1,"Agent 2","Agent 0",202872,143939358496069,143939358501229
"MEMORY_COPY","MEMORY_COPY_HOST_TO_DEVICE",1,"Agent 0","Agent 2",202876,143939358757000,143939358763680
"MEMORY_COPY","MEMORY_COPY_DEVICE_TO_HOST",1,"Agent 2","Agent 0",202932,143939359557054,143939359561774
"MEMORY_COPY","MEMORY_COPY_DEVICE_TO_HOST",1,"Agent 2","Agent 0",202940,143939359710695,143939359715375
"MEMORY_COPY","MEMORY_COPY_DEVICE_TO_HOST",1,"Agent 2","Agent 0",203032,143939360984372,143939360988612
"MEMORY_COPY","MEMORY_COPY_DEVICE_TO_HOST",1,"Agent 2","Agent 0",203040,143939361134453,143939361138733
"MEMORY_COPY","MEMORY_COPY_HOST_TO_DEVICE",1,"Agent 0","Agent 2",203044,143939361300214,143939361305454
"MEMORY_COPY","MEMORY_COPY_DEVICE_TO_HOST",1,"Agent 2","Agent 0",203168,143939362826463,143939362830703
"MEMORY_COPY","MEMORY_COPY_DEVICE_TO_HOST",1,"Agent 2","Agent 0",203176,143939362955823,143939362960103
"MEMORY_COPY","MEMORY_COPY_HOST_TO_DEVICE",1,"Agent 0","Agent 2",203180,143939363172905,143939363178145
"MEMORY_COPY","MEMORY_COPY_DEVICE_TO_HOST",1,"Agent 2","Agent 0",203304,143939364687443,143939364691723
"MEMORY_COPY","MEMORY_COPY_DEVICE_TO_HOST",1,"Agent 2","Agent 0",203312,143939364801054,143939364805294
"MEMORY_COPY","MEMORY_COPY_HOST_TO_DEVICE",1,"Agent 0","Agent 2",203316,143939364968965,143939364974125
"MEMORY_COPY","MEMORY_COPY_DEVICE_TO_HOST",1,"Agent 2","Agent 0",203440,143939366646764,143939366651004
"MEMORY_COPY","MEMORY_COPY_DEVICE_TO_HOST",1,"Agent 2","Agent 0",203448,143939366757444,143939366761684
"MEMORY_COPY","MEMORY_COPY_HOST_TO_DEVICE",1,"Agent 0","Agent 2",203452,143939366906565,143939366911805
"MEMORY_COPY","MEMORY_COPY_DEVICE_TO_HOST",1,"Agent 2","Agent 0",203574,143939368629345,143939368633585
"MEMORY_COPY","MEMORY_COPY_DEVICE_TO_HOST",1,"Agent 2","Agent 0",203582,143939368743785,143939368748026
"MEMORY_COPY","MEMORY_COPY_HOST_TO_DEVICE",1,"Agent 0","Agent 2",203586,143939368935507,143939368940867
"MEMORY_COPY","MEMORY_COPY_DEVICE_TO_HOST",1,"Agent 2","Agent 0",203710,143939370653366,143939370657646
"MEMORY_COPY","MEMORY_COPY_DEVICE_TO_HOST",1,"Agent 2","Agent 0",203718,143939370764877,143939370769157
"MEMORY_COPY","MEMORY_COPY_HOST_TO_DEVICE",1,"Agent 0","Agent 2",203722,143939370948728,143939370953928
"MEMORY_COPY","MEMORY_COPY_DEVICE_TO_HOST",1,"Agent 2","Agent 0",203846,143939372489656,143939372493896
"MEMORY_COPY","MEMORY_COPY_DEVICE_TO_HOST",1,"Agent 2","Agent 0",203854,143939372603347,143939372607587
"MEMORY_COPY","MEMORY_COPY_HOST_TO_DEVICE",1,"Agent 0","Agent 2",203858,143939372753818,143939372759018
"MEMORY_COPY","MEMORY_COPY_DEVICE_TO_HOST",1,"Agent 2","Agent 0",203982,143939374295776,143939374300016
"MEMORY_COPY","MEMORY_COPY_DEVICE_TO_HOST",1,"Agent 2","Agent 0",203990,143939374408047,143939374412327
"MEMORY_COPY","MEMORY_COPY_HOST_TO_DEVICE",1,"Agent 0","Agent 2",203994,143939374560068,143939374565348
"MEMORY_COPY","MEMORY_COPY_DEVICE_TO_HOST",1,"Agent 2","Agent 0",204118,143939376287057,143939376291337
"MEMORY_COPY","MEMORY_COPY_DEVICE_TO_HOST",1,"Agent 2","Agent 0",204126,143939376396578,143939376400778
"MEMORY_COPY","MEMORY_COPY_HOST_TO_DEVICE",1,"Agent 0","Agent 2",204130,143939376545189,143939376550429
"MEMORY_COPY","MEMORY_COPY_DEVICE_TO_HOST",1,"Agent 2","Agent 0",204252,143939378338689,143939378343049
"MEMORY_COPY","MEMORY_COPY_DEVICE_TO_HOST",1,"Agent 2","Agent 0",204260,143939378451639,143939378455880
"MEMORY_COPY","MEMORY_COPY_HOST_TO_DEVICE",1,"Agent 0","Agent 2",204264,143939378601540,143939378606740
"MEMORY_COPY","MEMORY_COPY_DEVICE_TO_HOST",1,"Agent 2","Agent 0",204388,143939380130789,143939380135069
"MEMORY_COPY","MEMORY_COPY_DEVICE_TO_HOST",1,"Agent 2","Agent 0",204396,143939380245319,143939380249599
"MEMORY_COPY","MEMORY_COPY_HOST_TO_DEVICE",1,"Agent 0","Agent 2",204400,143939380421670,143939380426950
"MEMORY_COPY","MEMORY_COPY_DEVICE_TO_HOST",1,"Agent 2","Agent 0",204524,143939382049659,143939382053900
"MEMORY_COPY","MEMORY_COPY_DEVICE_TO_HOST",1,"Agent 2","Agent 0",204532,143939382162540,143939382166820
"MEMORY_COPY","MEMORY_COPY_HOST_TO_DEVICE",1,"Agent 0","Agent 2",204536,143939382315431,143939382320671
"MEMORY_COPY","MEMORY_COPY_DEVICE_TO_HOST",1,"Agent 2","Agent 0",204660,143939383830729,143939383835049
"MEMORY_COPY","MEMORY_COPY_DEVICE_TO_HOST",1,"Agent 2","Agent 0",204668,143939383941730,143939383945970
"MEMORY_COPY","MEMORY_COPY_HOST_TO_DEVICE",1,"Agent 0","Agent 2",204672,143939384128091,143939384133731
"MEMORY_COPY","MEMORY_COPY_DEVICE_TO_HOST",1,"Agent 2","Agent 0",204796,143939385801790,143939385806110
"MEMORY_COPY","MEMORY_COPY_DEVICE_TO_HOST",1,"Agent 2","Agent 0",204804,143939385912411,143939385916651
"MEMORY_COPY","MEMORY_COPY_HOST_TO_DEVICE",1,"Agent 0","Agent 2",204808,143939386084872,143939386090352
"MEMORY_COPY","MEMORY_COPY_DEVICE_TO_HOST",1,"Agent 2","Agent 0",204930,143939387750921,143939387755201
"MEMORY_COPY","MEMORY_COPY_DEVICE_TO_HOST",1,"Agent 2","Agent 0",204938,143939387862422,143939387866662
"MEMORY_COPY","MEMORY_COPY_HOST_TO_DEVICE",1,"Agent 0","Agent 2",204942,143939388050263,143939388055463
"MEMORY_COPY","MEMORY_COPY_DEVICE_TO_HOST",1,"Agent 2","Agent 0",205036,143939389355170,143939389360770
"MEMORY_COPY","MEMORY_COPY_DEVICE_TO_HOST",1,"Agent 2","Agent 0",205044,143939389503031,143939389508151
"MEMORY_COPY","MEMORY_COPY_HOST_TO_DEVICE",1,"Agent 0","Agent 2",205048,143939389819043,143939389825683
"MEMORY_COPY","MEMORY_COPY_DEVICE_TO_HOST",1,"Agent 2","Agent 0",205142,143939391277991,143939391283151
"MEMORY_COPY","MEMORY_COPY_DEVICE_TO_HOST",1,"Agent 2","Agent 0",205150,143939391426192,143939391431432
"MEMORY_COPY","MEMORY_COPY_HOST_TO_DEVICE",1,"Agent 0","Agent 2",205154,143939391702873,143939391709313
"MEMORY_COPY","MEMORY_COPY_DEVICE_TO_HOST",1,"Agent 2","Agent 0",205248,143939393125701,143939393130861
"MEMORY_COPY","MEMORY_COPY_DEVICE_TO_HOST",1,"Agent 2","Agent 0",205256,143939505515812,143939505521372
"MEMORY_COPY","MEMORY_COPY_HOST_TO_DEVICE",1,"Agent 0","Agent 2",205260,143939505806144,143939505813544
"MEMORY_COPY","MEMORY_COPY_DEVICE_TO_HOST",1,"Agent 2","Agent 0",205354,143939507203081,143939507209041
"MEMORY_COPY","MEMORY_COPY_DEVICE_TO_HOST",1,"Agent 2","Agent 0",205362,143939507364772,143939507370292
"MEMORY_COPY","MEMORY_COPY_HOST_TO_DEVICE",1,"Agent 0","Agent 2",205366,143939507648604,143939507655444
"MEMORY_COPY","MEMORY_COPY_DEVICE_TO_HOST",1,"Agent 2","Agent 0",205460,143939509609385,143939509614905
"MEMORY_COPY","MEMORY_COPY_DEVICE_TO_HOST",1,"Agent 2","Agent 0",205468,143939509762996,143939509768636
"MEMORY_COPY","MEMORY_COPY_HOST_TO_DEVICE",1,"Agent 0","Agent 2",205472,143939510083877,143939510090717
"MEMORY_COPY","MEMORY_COPY_DEVICE_TO_HOST",1,"Agent 2","Agent 0",205566,143939511428745,143939511434185
"MEMORY_COPY","MEMORY_COPY_DEVICE_TO_HOST",1,"Agent 2","Agent 0",205574,143939511583866,143939511589306
"MEMORY_COPY","MEMORY_COPY_HOST_TO_DEVICE",1,"Agent 0","Agent 2",205578,143939511868227,143939511875067
"MEMORY_COPY","MEMORY_COPY_DEVICE_TO_HOST",1,"Agent 2","Agent 0",205672,143939513251985,143939513257505
"MEMORY_COPY","MEMORY_COPY_DEVICE_TO_HOST",1,"Agent 2","Agent 0",205680,143939513402256,143939513407696
"MEMORY_COPY","MEMORY_COPY_HOST_TO_DEVICE",1,"Agent 0","Agent 2",205684,143939513685717,143939513692517
"MEMORY_COPY","MEMORY_COPY_DEVICE_TO_HOST",1,"Agent 2","Agent 0",205778,143939515058075,143939515063955
"MEMORY_COPY","MEMORY_COPY_DEVICE_TO_HOST",1,"Agent 2","Agent 0",205786,143939515211256,143939515216736
"MEMORY_COPY","MEMORY_COPY_HOST_TO_DEVICE",1,"Agent 0","Agent 2",205790,143939515513617,143939515520498
"MEMORY_COPY","MEMORY_COPY_DEVICE_TO_HOST",1,"Agent 2","Agent 0",205884,143939516998086,143939517004086
"MEMORY_COPY","MEMORY_COPY_DEVICE_TO_HOST",1,"Agent 2","Agent 0",205892,143939517185997,143939517191557
"MEMORY_COPY","MEMORY_COPY_HOST_TO_DEVICE",1,"Agent 0","Agent 2",205896,143939517506189,143939517513069
"MEMORY_COPY","MEMORY_COPY_DEVICE_TO_HOST",1,"Agent 2","Agent 0",205990,143939519078617,143939519084217
"MEMORY_COPY","MEMORY_COPY_DEVICE_TO_HOST",1,"Agent 2","Agent 0",205998,143939519234078,143939519239518
"MEMORY_COPY","MEMORY_COPY_HOST_TO_DEVICE",1,"Agent 0","Agent 2",206002,143939519542400,143939519549400
"MEMORY_COPY","MEMORY_COPY_DEVICE_TO_HOST",1,"Agent 2","Agent 0",206096,143939520875387,143939520880827
"MEMORY_COPY","MEMORY_COPY_DEVICE_TO_HOST",1,"Agent 2","Agent 0",206104,143939521047388,143939521052828
"MEMORY_COPY","MEMORY_COPY_HOST_TO_DEVICE",1,"Agent 0","Agent 2",206108,143939521358900,143939521365700
"MEMORY_COPY","MEMORY_COPY_DEVICE_TO_HOST",1,"Agent 2","Agent 0",206202,143939522894308,143939522899748
"MEMORY_COPY","MEMORY_COPY_DEVICE_TO_HOST",1,"Agent 2","Agent 0",206210,143939523055629,143939523061549
"MEMORY_COPY","MEMORY_COPY_HOST_TO_DEVICE",1,"Agent 0","Agent 2",206214,143939523397461,143939523404221
"MEMORY_COPY","MEMORY_COPY_DEVICE_TO_HOST",1,"Agent 2","Agent 0",206308,143939524720989,143939524726509
"MEMORY_COPY","MEMORY_COPY_DEVICE_TO_HOST",1,"Agent 2","Agent 0",206316,143939524874259,143939524879739
"MEMORY_COPY","MEMORY_COPY_HOST_TO_DEVICE",1,"Agent 0","Agent 2",206320,143939525204971,143939525211691
"MEMORY_COPY","MEMORY_COPY_DEVICE_TO_HOST",1,"Agent 2","Agent 0",206414,143939526529949,143939526535469
"MEMORY_COPY","MEMORY_COPY_DEVICE_TO_HOST",1,"Agent 2","Agent 0",206422,143939526685829,143939526691350
"MEMORY_COPY","MEMORY_COPY_HOST_TO_DEVICE",1,"Agent 0","Agent 2",206426,143939526967861,143939526974821
"MEMORY_COPY","MEMORY_COPY_DEVICE_TO_HOST",1,"Agent 2","Agent 0",206520,143939528640040,143939528645560
"MEMORY_COPY","MEMORY_COPY_DEVICE_TO_HOST",1,"Agent 2","Agent 0",206528,143939528792881,143939528798321
"MEMORY_COPY","MEMORY_COPY_HOST_TO_DEVICE",1,"Agent 0","Agent 2",206532,143939529098613,143939529105573
"MEMORY_COPY","MEMORY_COPY_DEVICE_TO_HOST",1,"Agent 2","Agent 0",206626,143939530442590,143939530448070
"MEMORY_COPY","MEMORY_COPY_DEVICE_TO_HOST",1,"Agent 2","Agent 0",206634,143939530595681,143939530601161
"MEMORY_COPY","MEMORY_COPY_HOST_TO_DEVICE",1,"Agent 0","Agent 2",206638,143939530851303,143939530858143
"MEMORY_COPY","MEMORY_COPY_DEVICE_TO_HOST",1,"Agent 2","Agent 0",206732,143939532250480,143939532255960
"MEMORY_COPY","MEMORY_COPY_DEVICE_TO_HOST",1,"Agent 2","Agent 0",206740,143939532402181,143939532408021
"MEMORY_COPY","MEMORY_COPY_HOST_TO_DEVICE",1,"Agent 0","Agent 2",206744,143939532644003,143939532650763
"MEMORY_COPY","MEMORY_COPY_DEVICE_TO_HOST",1,"Agent 2","Agent 0",206838,143939533981710,143939533987190
"MEMORY_COPY","MEMORY_COPY_DEVICE_TO_HOST",1,"Agent 2","Agent 0",206846,143939534165791,143939534171311
"MEMORY_COPY","MEMORY_COPY_HOST_TO_DEVICE",1,"Agent 0","Agent 2",206850,143939534416812,143939534423652
"MEMORY_COPY","MEMORY_COPY_DEVICE_TO_HOST",1,"Agent 2","Agent 0",206944,143939535873910,143939535879351
"MEMORY_COPY","MEMORY_COPY_DEVICE_TO_HOST",1,"Agent 2","Agent 0",206952,143939536047681,143939536053161
"MEMORY_COPY","MEMORY_COPY_HOST_TO_DEVICE",1,"Agent 0","Agent 2",206956,143939536304483,143939536311323
"MEMORY_COPY","MEMORY_COPY_DEVICE_TO_HOST",1,"Agent 2","Agent 0",207050,143939537812431,143939537817991
"MEMORY_COPY","MEMORY_COPY_DEVICE_TO_HOST",1,"Agent 2","Agent 0",207058,143939537964592,143939537970072
"MEMORY_COPY","MEMORY_COPY_HOST_TO_DEVICE",1,"Agent 0","Agent 2",207062,143939538280024,143939538286904
"MEMORY_COPY","MEMORY_COPY_DEVICE_TO_HOST",1,"Agent 2","Agent 0",207118,143939539099678,143939539104678
"MEMORY_COPY","MEMORY_COPY_DEVICE_TO_HOST",1,"Agent 2","Agent 0",207126,143939539243689,143939539248649
"MEMORY_COPY","MEMORY_COPY_DEVICE_TO_HOST",1,"Agent 2","Agent 0",207218,143939540585007,143939540589647
"MEMORY_COPY","MEMORY_COPY_DEVICE_TO_HOST",1,"Agent 2","Agent 0",207226,143939540708167,143939540712727
"MEMORY_COPY","MEMORY_COPY_HOST_TO_DEVICE",1,"Agent 0","Agent 2",207230,143939540877798,143939540883478
"MEMORY_COPY","MEMORY_COPY_DEVICE_TO_HOST",1,"Agent 2","Agent 0",207354,143939542427927,143939542432567
"MEMORY_COPY","MEMORY_COPY_DEVICE_TO_HOST",1,"Agent 2","Agent 0",207362,143939542547138,143939542551858
"MEMORY_COPY","MEMORY_COPY_HOST_TO_DEVICE",1,"Agent 0","Agent 2",207366,143939542718648,143939542724248
"MEMORY_COPY","MEMORY_COPY_DEVICE_TO_HOST",1,"Agent 2","Agent 0",207490,143939544334017,143939544338657
"MEMORY_COPY","MEMORY_COPY_DEVICE_TO_HOST",1,"Agent 2","Agent 0",207498,143939544468518,143939544473238
"MEMORY_COPY","MEMORY_COPY_HOST_TO_DEVICE",1,"Agent 0","Agent 2",207502,143939544643609,143939544649089
"MEMORY_COPY","MEMORY_COPY_DEVICE_TO_HOST",1,"Agent 2","Agent 0",207626,143939546402889,143939546407489
"MEMORY_COPY","MEMORY_COPY_DEVICE_TO_HOST",1,"Agent 2","Agent 0",207634,143939546518190,143939546522870
"MEMORY_COPY","MEMORY_COPY_HOST_TO_DEVICE",1,"Agent 0","Agent 2",207638,143939546672520,143939546678560
"MEMORY_COPY","MEMORY_COPY_DEVICE_TO_HOST",1,"Agent 2","Agent 0",207760,143939548482580,143939548487100
"MEMORY_COPY","MEMORY_COPY_DEVICE_TO_HOST",1,"Agent 2","Agent 0",207768,143939548598141,143939548602781
"MEMORY_COPY","MEMORY_COPY_HOST_TO_DEVICE",1,"Agent 0","Agent 2",207772,143939548766692,143939548772612
"MEMORY_COPY","MEMORY_COPY_DEVICE_TO_HOST",1,"Agent 2","Agent 0",207896,143939550346031,143939550350631
"MEMORY_COPY","MEMORY_COPY_DEVICE_TO_HOST",1,"Agent 2","Agent 0",207904,143939550606902,143939550611502
"MEMORY_COPY","MEMORY_COPY_HOST_TO_DEVICE",1,"Agent 0","Agent 2",207908,143939550780413,143939550785893
"MEMORY_COPY","MEMORY_COPY_DEVICE_TO_HOST",1,"Agent 2","Agent 0",208032,143939552327722,143939552332362
"MEMORY_COPY","MEMORY_COPY_DEVICE_TO_HOST",1,"Agent 2","Agent 0",208040,143939552445162,143939552449802
"MEMORY_COPY","MEMORY_COPY_HOST_TO_DEVICE",1,"Agent 0","Agent 2",208044,143939552604083,143939552610083
"MEMORY_COPY","MEMORY_COPY_DEVICE_TO_HOST",1,"Agent 2","Agent 0",208168,143939554190562,143939554195162
"MEMORY_COPY","MEMORY_COPY_DEVICE_TO_HOST",1,"Agent 2","Agent 0",208176,143939554305253,143939554309893
"MEMORY_COPY","MEMORY_COPY_HOST_TO_DEVICE",1,"Agent 0","Agent 2",208180,143939554493564,143939554499284
"MEMORY_COPY","MEMORY_COPY_DEVICE_TO_HOST",1,"Agent 2","Agent 0",208304,143939556223273,143939556228273
"MEMORY_COPY","MEMORY_COPY_DEVICE_TO_HOST",1,"Agent 2","Agent 0",208312,143939556342504,143939556347144
"MEMORY_COPY","MEMORY_COPY_HOST_TO_DEVICE",1,"Agent 0","Agent 2",208316,143939556517905,143939556523545
"MEMORY_COPY","MEMORY_COPY_DEVICE_TO_HOST",1,"Agent 2","Agent 0",208438,143939558365925,143939558370525
"MEMORY_COPY","MEMORY_COPY_DEVICE_TO_HOST",1,"Agent 2","Agent 0",208446,143939558482486,143939558487086
"MEMORY_COPY","MEMORY_COPY_HOST_TO_DEVICE",1,"Agent 0","Agent 2",208450,143939558635637,143939558641597
"MEMORY_COPY","MEMORY_COPY_DEVICE_TO_HOST",1,"Agent 2","Agent 0",208574,143939560223376,143939560227976
"MEMORY_COPY","MEMORY_COPY_DEVICE_TO_HOST",1,"Agent 2","Agent 0",208582,143939560342246,143939560346846
"MEMORY_COPY","MEMORY_COPY_HOST_TO_DEVICE",1,"Agent 0","Agent 2",208586,143939560518907,143939560524427
"MEMORY_COPY","MEMORY_COPY_DEVICE_TO_HOST",1,"Agent 2","Agent 0",208710,143939562224907,143939562229467
"MEMORY_COPY","MEMORY_COPY_DEVICE_TO_HOST",1,"Agent 2","Agent 0",208718,143939562342467,143939562347187
"MEMORY_COPY","MEMORY_COPY_HOST_TO_DEVICE",1,"Agent 0","Agent 2",208722,143939562518508,143939562524068
"MEMORY_COPY","MEMORY_COPY_DEVICE_TO_HOST",1,"Agent 2","Agent 0",208846,143939564117177,143939564121817
"MEMORY_COPY","MEMORY_COPY_DEVICE_TO_HOST",1,"Agent 2","Agent 0",208854,143939564249538,143939564254178
"MEMORY_COPY","MEMORY_COPY_HOST_TO_DEVICE",1,"Agent 0","Agent 2",208858,143939564428399,143939564433919
"MEMORY_COPY","MEMORY_COPY_DEVICE_TO_HOST",1,"Agent 2","Agent 0",208982,143939566141918,143939566146478
"MEMORY_COPY","MEMORY_COPY_DEVICE_TO_HOST",1,"Agent 2","Agent 0",208990,143939566263579,143939566268179
"MEMORY_COPY","MEMORY_COPY_HOST_TO_DEVICE",1,"Agent 0","Agent 2",208994,143939566441090,143939566446570
"MEMORY_COPY","MEMORY_COPY_DEVICE_TO_HOST",1,"Agent 2","Agent 0",209116,143939568322163,143939568326803
"MEMORY_COPY","MEMORY_COPY_DEVICE_TO_HOST",1,"Agent 2","Agent 0",209124,143939568438253,143939568442893
"MEMORY_COPY","MEMORY_COPY_HOST_TO_DEVICE",1,"Agent 0","Agent 2",209128,143939568595434,143939568600914
"MEMORY_COPY","MEMORY_COPY_DEVICE_TO_HOST",1,"Agent 2","Agent 0",209222,143939569953422,143939569958982
"MEMORY_COPY","MEMORY_COPY_DEVICE_TO_HOST",1,"Agent 2","Agent 0",209230,143939570108423,143939570113903
"MEMORY_COPY","MEMORY_COPY_HOST_TO_DEVICE",1,"Agent 0","Agent 2",209234,143939570429574,143939570436454
"MEMORY_COPY","MEMORY_COPY_DEVICE_TO_HOST",1,"Agent 2","Agent 0",209328,143939571928213,143939571933733
"MEMORY_COPY","MEMORY_COPY_DEVICE_TO_HOST",1,"Agent 2","Agent 0",209336,143939572081804,143939572087284
"MEMORY_COPY","MEMORY_COPY_HOST_TO_DEVICE",1,"Agent 0","Agent 2",209340,143939572360485,143939572367285
"MEMORY_COPY","MEMORY_COPY_DEVICE_TO_HOST",1,"Agent 2","Agent 0",209434,143939573722043,143939573727483
"MEMORY_COPY","MEMORY_COPY_DEVICE_TO_HOST",1,"Agent 2","Agent 0",209442,143939573875494,143939573880974
"MEMORY_COPY","MEMORY_COPY_HOST_TO_DEVICE",1,"Agent 0","Agent 2",209446,143939574192395,143939574199195
"MEMORY_COPY","MEMORY_COPY_DEVICE_TO_HOST",1,"Agent 2","Agent 0",209540,143939575532123,143939575537603
"MEMORY_COPY","MEMORY_COPY_DEVICE_TO_HOST",1,"Agent 2","Agent 0",209548,143939575686174,143939575691654
"MEMORY_COPY","MEMORY_COPY_HOST_TO_DEVICE",1,"Agent 0","Agent 2",209552,143939575963995,143939575970915
"MEMORY_COPY","MEMORY_COPY_DEVICE_TO_HOST",1,"Agent 2","Agent 0",209646,143939577588954,143939577594474
"MEMORY_COPY","MEMORY_COPY_DEVICE_TO_HOST",1,"Agent 2","Agent 0",209654,143939577882796,143939577888676
"MEMORY_COPY","MEMORY_COPY_HOST_TO_DEVICE",1,"Agent 0","Agent 2",209658,143939578218388,143939578225628
"MEMORY_COPY","MEMORY_COPY_DEVICE_TO_HOST",1,"Agent 2","Agent 0",209752,143939579555635,143939579561115
"MEMORY_COPY","MEMORY_COPY_DEVICE_TO_HOST",1,"Agent 2","Agent 0",209760,143939579708646,143939579714126
"MEMORY_COPY","MEMORY_COPY_HOST_TO_DEVICE",1,"Agent 0","Agent 2",209764,143939579989038,143939579996558
"MEMORY_COPY","MEMORY_COPY_DEVICE_TO_HOST",1,"Agent 2","Agent 0",209858,143939581358565,143939581364125
"MEMORY_COPY","MEMORY_COPY_DEVICE_TO_HOST",1,"Agent 2","Agent 0",209866,143939581512426,143939581517906
"MEMORY_COPY","MEMORY_COPY_HOST_TO_DEVICE",1,"Agent 0","Agent 2",209870,143939581791708,143939581798548
"MEMORY_COPY","MEMORY_COPY_DEVICE_TO_HOST",1,"Agent 2","Agent 0",209964,143939583166735,143939583172215
"MEMORY_COPY","MEMORY_COPY_DEVICE_TO_HOST",1,"Agent 2","Agent 0",209972,143939583320746,143939583326226
"MEMORY_COPY","MEMORY_COPY_HOST_TO_DEVICE",1,"Agent 0","Agent 2",209976,143939583621598,143939583628438
"MEMORY_COPY","MEMORY_COPY_DEVICE_TO_HOST",1,"Agent 2","Agent 0",210070,143939585169456,143939585174896
"MEMORY_COPY","MEMORY_COPY_DEVICE_TO_HOST",1,"Agent 2","Agent 0",210078,143939585320857,143939585326417
"MEMORY_COPY","MEMORY_COPY_HOST_TO_DEVICE",1,"Agent 0","Agent 2",210082,143939585640549,143939585647349
"MEMORY_COPY","MEMORY_COPY_DEVICE_TO_HOST",1,"Agent 2","Agent 0",210176,143939587293868,143939587299748
"MEMORY_COPY","MEMORY_COPY_DEVICE_TO_HOST",1,"Agent 2","Agent 0",210184,143939587456769,143939587462209
"MEMORY_COPY","MEMORY_COPY_HOST_TO_DEVICE",1,"Agent 0","Agent 2",210188,143939587752911,143939587759751
"MEMORY_COPY","MEMORY_COPY_DEVICE_TO_HOST",1,"Agent 2","Agent 0",210282,143939589078738,143939589084218
"MEMORY_COPY","MEMORY_COPY_DEVICE_TO_HOST",1,"Agent 2","Agent 0",210290,143939589239199,143939589244679
"MEMORY_COPY","MEMORY_COPY_HOST_TO_DEVICE",1,"Agent 0","Agent 2",210294,143939589552081,143939589559081
"MEMORY_COPY","MEMORY_COPY_DEVICE_TO_HOST",1,"Agent 2","Agent 0",210388,143939591057839,143939591063319
"MEMORY_COPY","MEMORY_COPY_DEVICE_TO_HOST",1,"Agent 2","Agent 0",210396,143939591213970,143939591219450
"MEMORY_COPY","MEMORY_COPY_HOST_TO_DEVICE",1,"Agent 0","Agent 2",210400,143939591543292,143939591550052
"MEMORY_COPY","MEMORY_COPY_DEVICE_TO_HOST",1,"Agent 2","Agent 0",210494,143939592877939,143939592883379
"MEMORY_COPY","MEMORY_COPY_DEVICE_TO_HOST",1,"Agent 2","Agent 0",210502,143939593048300,143939593053780
"MEMORY_COPY","MEMORY_COPY_HOST_TO_DEVICE",1,"Agent 0","Agent 2",210506,143939593360502,143939593367382
"MEMORY_COPY","MEMORY_COPY_DEVICE_TO_HOST",1,"Agent 2","Agent 0",210600,143939594719029,143939594724550
"MEMORY_COPY","MEMORY_COPY_DEVICE_TO_HOST",1,"Agent 2","Agent 0",210608,143939594869180,143939594875060
"MEMORY_COPY","MEMORY_COPY_HOST_TO_DEVICE",1,"Agent 0","Agent 2",210612,143939595199052,143939595205892
"MEMORY_COPY","MEMORY_COPY_DEVICE_TO_HOST",1,"Agent 2","Agent 0",210706,143939596985542,143939596991022
"MEMORY_COPY","MEMORY_COPY_DEVICE_TO_HOST",1,"Agent 2","Agent 0",210714,143939597190413,143939597195893
"MEMORY_COPY","MEMORY_COPY_HOST_TO_DEVICE",1,"Agent 0","Agent 2",210718,143939597496255,143939597503015
"MEMORY_COPY","MEMORY_COPY_DEVICE_TO_HOST",1,"Agent 2","Agent 0",210812,143939602531673,143939602537233
"MEMORY_COPY","MEMORY_COPY_DEVICE_TO_HOST",1,"Agent 2","Agent 0",210820,143939602684404,143939602690284
"MEMORY_COPY","MEMORY_COPY_HOST_TO_DEVICE",1,"Agent 0","Agent 2",210824,143939602956395,143939602963395
"MEMORY_COPY","MEMORY_COPY_DEVICE_TO_HOST",1,"Agent 2","Agent 0",210918,143939604280473,143939604285913
"MEMORY_COPY","MEMORY_COPY_DEVICE_TO_HOST",1,"Agent 2","Agent 0",210926,143939604431294,143939604436854
"MEMORY_COPY","MEMORY_COPY_HOST_TO_DEVICE",1,"Agent 0","Agent 2",210930,143939604691405,143939604699085
"MEMORY_COPY","MEMORY_COPY_DEVICE_TO_HOST",1,"Agent 2","Agent 0",211024,143939606063993,143939606069433
"MEMORY_COPY","MEMORY_COPY_DEVICE_TO_HOST",1,"Agent 2","Agent 0",211032,143939606217933,143939606223414
"MEMORY_COPY","MEMORY_COPY_HOST_TO_DEVICE",1,"Agent 0","Agent 2",211036,143939606491375,143939606498175
"MEMORY_COPY","MEMORY_COPY_DEVICE_TO_HOST",1,"Agent 2","Agent 0",211130,143939607987933,143939607993413
"MEMORY_COPY","MEMORY_COPY_DEVICE_TO_HOST",1,"Agent 2","Agent 0",211138,143939608179984,143939608185464
"MEMORY_COPY","MEMORY_COPY_HOST_TO_DEVICE",1,"Agent 0","Agent 2",211142,143939608458876,143939608465636
"MEMORY_COPY","MEMORY_COPY_DEVICE_TO_HOST",1,"Agent 2","Agent 0",211236,143939610061685,143939610067205
"MEMORY_COPY","MEMORY_COPY_DEVICE_TO_HOST",1,"Agent 2","Agent 0",211244,143939610214886,143939610220366
"MEMORY_COPY","MEMORY_COPY_HOST_TO_DEVICE",1,"Agent 0","Agent 2",211248,143939610504447,143939610511527
"MEMORY_COPY","MEMORY_COPY_DEVICE_TO_HOST",1,"Agent 2","Agent 0",211304,143939611314482,143939611319442
"MEMORY_COPY","MEMORY_COPY_DEVICE_TO_HOST",1,"Agent 2","Agent 0",211312,143939611450463,143939611455543
"MEMORY_COPY","MEMORY_COPY_DEVICE_TO_HOST",1,"Agent 2","Agent 0",211404,143939612796580,143939612801140
"MEMORY_COPY","MEMORY_COPY_DEVICE_TO_HOST",1,"Agent 2","Agent 0",211412,143939612915231,143939612919831
"MEMORY_COPY","MEMORY_COPY_HOST_TO_DEVICE",1,"Agent 0","Agent 2",211416,143939613131832,143939613137632
"MEMORY_COPY","MEMORY_COPY_DEVICE_TO_HOST",1,"Agent 2","Agent 0",211540,143939614683981,143939614688621
"MEMORY_COPY","MEMORY_COPY_DEVICE_TO_HOST",1,"Agent 2","Agent 0",211548,143939614799741,143939614804341
"MEMORY_COPY","MEMORY_COPY_HOST_TO_DEVICE",1,"Agent 0","Agent 2",211552,143939614974262,143939614979782
"MEMORY_COPY","MEMORY_COPY_DEVICE_TO_HOST",1,"Agent 2","Agent 0",211676,143939616523471,143939616528031
"MEMORY_COPY","MEMORY_COPY_DEVICE_TO_HOST",1,"Agent 2","Agent 0",211684,143939616639711,143939616644271
"MEMORY_COPY","MEMORY_COPY_HOST_TO_DEVICE",1,"Agent 0","Agent 2",211688,143939616810142,143939616815862
"MEMORY_COPY","MEMORY_COPY_DEVICE_TO_HOST",1,"Agent 2","Agent 0",211812,143939618568132,143939618573132
"MEMORY_COPY","MEMORY_COPY_DEVICE_TO_HOST",1,"Agent 2","Agent 0",211820,143939618700103,143939618704703
"MEMORY_COPY","MEMORY_COPY_HOST_TO_DEVICE",1,"Agent 0","Agent 2",211824,143939618853944,143939618859624
"MEMORY_COPY","MEMORY_COPY_DEVICE_TO_HOST",1,"Agent 2","Agent 0",211946,143939620765164,143939620770244
"MEMORY_COPY","MEMORY_COPY_DEVICE_TO_HOST",1,"Agent 2","Agent 0",211954,143939620881415,143939620886055
"MEMORY_COPY","MEMORY_COPY_HOST_TO_DEVICE",1,"Agent 0","Agent 2",211958,143939621084716,143939621090356
"MEMORY_COPY","MEMORY_COPY_DEVICE_TO_HOST",1,"Agent 2","Agent 0",212082,143939622677165,143939622681765
"MEMORY_COPY","MEMORY_COPY_DEVICE_TO_HOST",1,"Agent 2","Agent 0",212090,143939622793796,143939622798396
"MEMORY_COPY","MEMORY_COPY_HOST_TO_DEVICE",1,"Agent 0","Agent 2",212094,143939622964387,143939622970067
"MEMORY_COPY","MEMORY_COPY_DEVICE_TO_HOST",1,"Agent 2","Agent 0",212218,143939624689496,143939624694096
"MEMORY_COPY","MEMORY_COPY_DEVICE_TO_HOST",1,"Agent 2","Agent 0",212226,143939624806267,143939624810867
"MEMORY_COPY","MEMORY_COPY_HOST_TO_DEVICE",1,"Agent 0","Agent 2",212230,143939624969688,143939624975408
"MEMORY_COPY","MEMORY_COPY_DEVICE_TO_HOST",1,"Agent 2","Agent 0",212354,143939626517756,143939626522356
"MEMORY_COPY","MEMORY_COPY_DEVICE_TO_HOST",1,"Agent 2","Agent 0",212362,143939626634937,143939626639537
"MEMORY_COPY","MEMORY_COPY_HOST_TO_DEVICE",1,"Agent 0","Agent 2",212366,143939626792978,143939626798578
"MEMORY_COPY","MEMORY_COPY_DEVICE_TO_HOST",1,"Agent 2","Agent 0",212490,143939628501667,143939628506267
"MEMORY_COPY","MEMORY_COPY_DEVICE_TO_HOST",1,"Agent 2","Agent 0",212498,143939628620848,143939628625448
"MEMORY_COPY","MEMORY_COPY_HOST_TO_DEVICE",1,"Agent 0","Agent 2",212502,143939628777959,143939628783599
"MEMORY_COPY","MEMORY_COPY_DEVICE_TO_HOST",1,"Agent 2","Agent 0",212624,143939630652320,143939630657320
"MEMORY_COPY","MEMORY_COPY_DEVICE_TO_HOST",1,"Agent 2","Agent 0",212632,143939630767721,143939630772361
"MEMORY_COPY","MEMORY_COPY_HOST_TO_DEVICE",1,"Agent 0","Agent 2",212636,143939630922902,143939630928862
"MEMORY_COPY","MEMORY_COPY_DEVICE_TO_HOST",1,"Agent 2","Agent 0",212760,143939632500511,143939632505111
"MEMORY_COPY","MEMORY_COPY_DEVICE_TO_HOST",1,"Agent 2","Agent 0",212768,143939632630661,143939632635301
"MEMORY_COPY","MEMORY_COPY_HOST_TO_DEVICE",1,"Agent 0","Agent 2",212772,143939632787142,143939632792822
"MEMORY_COPY","MEMORY_COPY_DEVICE_TO_HOST",1,"Agent 2","Agent 0",212896,143939634505752,143939634510352
"MEMORY_COPY","MEMORY_COPY_DEVICE_TO_HOST",1,"Agent 2","Agent 0",212904,143939634623032,143939634627632
"MEMORY_COPY","MEMORY_COPY_HOST_TO_DEVICE",1,"Agent 0","Agent 2",212908,143939634776883,143939634782443
"MEMORY_COPY","MEMORY_COPY_DEVICE_TO_HOST",1,"Agent 2","Agent 0",213032,143939636332012,143939636336652
"MEMORY_COPY","MEMORY_COPY_DEVICE_TO_HOST",1,"Agent 2","Agent 0",213040,143939636447252,143939636451812
"MEMORY_COPY","MEMORY_COPY_HOST_TO_DEVICE",1,"Agent 0","Agent 2",213044,143939636598613,143939636604173
"MEMORY_COPY","MEMORY_COPY_DEVICE_TO_HOST",1,"Agent 2","Agent 0",213168,143939638281483,143939638286123
"MEMORY_COPY","MEMORY_COPY_DEVICE_TO_HOST",1,"Agent 2","Agent 0",213176,143939638400343,143939638404903
"MEMORY_COPY","MEMORY_COPY_HOST_TO_DEVICE",1,"Agent 0","Agent 2",213180,143939638553274,143939638558874
"MEMORY_COPY","MEMORY_COPY_DEVICE_TO_HOST",1,"Agent 2","Agent 0",213302,143939640478175,143939640482735
"MEMORY_COPY","MEMORY_COPY_DEVICE_TO_HOST",1,"Agent 2","Agent 0",213310,143939640594836,143939640599436
"MEMORY_COPY","MEMORY_COPY_HOST_TO_DEVICE",1,"Agent 0","Agent 2",213314,143939640751486,143939640757006
"MEMORY_COPY","MEMORY_COPY_DEVICE_TO_HOST",1,"Agent 2","Agent 0",213408,143939642050394,143939642055754
"MEMORY_COPY","MEMORY_COPY_DEVICE_TO_HOST",1,"Agent 2","Agent 0",213416,143939642202354,143939642207834
"MEMORY_COPY","MEMORY_COPY_HOST_TO_DEVICE",1,"Agent 0","Agent 2",213420,143939642520556,143939642527516
"MEMORY_COPY","MEMORY_COPY_DEVICE_TO_HOST",1,"Agent 2","Agent 0",213514,143939644054015,143939644059735
"MEMORY_COPY","MEMORY_COPY_DEVICE_TO_HOST",1,"Agent 2","Agent 0",213522,143939644206556,143939644211876
"MEMORY_COPY","MEMORY_COPY_HOST_TO_DEVICE",1,"Agent 0","Agent 2",213526,143939644502697,143939644509577
"MEMORY_COPY","MEMORY_COPY_DEVICE_TO_HOST",1,"Agent 2","Agent 0",213620,143939645812175,143939645817415
"MEMORY_COPY","MEMORY_COPY_DEVICE_TO_HOST",1,"Agent 2","Agent 0",213628,143939645959305,143939645964625
"MEMORY_COPY","MEMORY_COPY_HOST_TO_DEVICE",1,"Agent 0","Agent 2",213632,143939646279257,143939646285817
"MEMORY_COPY","MEMORY_COPY_DEVICE_TO_HOST",1,"Agent 2","Agent 0",213726,143939647600914,143939647606274
"MEMORY_COPY","MEMORY_COPY_DEVICE_TO_HOST",1,"Agent 2","Agent 0",213734,143939647750015,143939647755335
"MEMORY_COPY","MEMORY_COPY_HOST_TO_DEVICE",1,"Agent 0","Agent 2",213738,143939648089327,143939648095887
"MEMORY_COPY","MEMORY_COPY_DEVICE_TO_HOST",1,"Agent 2","Agent 0",213832,143939649691836,143939649697076
"MEMORY_COPY","MEMORY_COPY_DEVICE_TO_HOST",1,"Agent 2","Agent 0",213840,143939649866627,143939649871787
"MEMORY_COPY","MEMORY_COPY_HOST_TO_DEVICE",1,"Agent 0","Agent 2",213844,143939650183069,143939650189629
"MEMORY_COPY","MEMORY_COPY_DEVICE_TO_HOST",1,"Agent 2","Agent 0",213938,143939651679447,143939651684607
"MEMORY_COPY","MEMORY_COPY_DEVICE_TO_HOST",1,"Agent 2","Agent 0",213946,143939651868508,143939651873668
"MEMORY_COPY","MEMORY_COPY_HOST_TO_DEVICE",1,"Agent 0","Agent 2",213950,143939652189820,143939652196260
"MEMORY_COPY","MEMORY_COPY_DEVICE_TO_HOST",1,"Agent 2","Agent 0",214044,143939653506437,143939653511637
"MEMORY_COPY","MEMORY_COPY_DEVICE_TO_HOST",1,"Agent 2","Agent 0",214052,143939653652788,143939653658068
"MEMORY_COPY","MEMORY_COPY_HOST_TO_DEVICE",1,"Agent 0","Agent 2",214056,143939653953380,143939653959860
"MEMORY_COPY","MEMORY_COPY_DEVICE_TO_HOST",1,"Agent 2","Agent 0",214150,143939655273927,143939655279127
"MEMORY_COPY","MEMORY_COPY_DEVICE_TO_HOST",1,"Agent 2","Agent 0",214158,143939655420278,143939655425398
"MEMORY_COPY","MEMORY_COPY_HOST_TO_DEVICE",1,"Agent 0","Agent 2",214162,143939655701449,143939655707889
"MEMORY_COPY","MEMORY_COPY_DEVICE_TO_HOST",1,"Agent 2","Agent 0",214256,143939657229448,143939657234608
"MEMORY_COPY","MEMORY_COPY_DEVICE_TO_HOST",1,"Agent 2","Agent 0",214264,143939657380999,143939657386239
"MEMORY_COPY","MEMORY_COPY_HOST_TO_DEVICE",1,"Agent 0","Agent 2",214268,143939657696781,143939657703501
"MEMORY_COPY","MEMORY_COPY_DEVICE_TO_HOST",1,"Agent 2","Agent 0",214362,143939659352360,143939659357560
"MEMORY_COPY","MEMORY_COPY_DEVICE_TO_HOST",1,"Agent 2","Agent 0",214370,143939659500981,143939659506101
"MEMORY_COPY","MEMORY_COPY_HOST_TO_DEVICE",1,"Agent 0","Agent 2",214374,143939659791892,143939659798372
"MEMORY_COPY","MEMORY_COPY_DEVICE_TO_HOST",1,"Agent 2","Agent 0",214468,143939661107410,143939661112570
"MEMORY_COPY","MEMORY_COPY_DEVICE_TO_HOST",1,"Agent 2","Agent 0",214476,143939661256510,143939661261670
"MEMORY_COPY","MEMORY_COPY_HOST_TO_DEVICE",1,"Agent 0","Agent 2",214480,143939661565512,143939661572232
"MEMORY_COPY","MEMORY_COPY_DEVICE_TO_HOST",1,"Agent 2","Agent 0",214574,143939663050770,143939663055890
"MEMORY_COPY","MEMORY_COPY_DEVICE_TO_HOST",1,"Agent 2","Agent 0",214582,143939663201431,143939663206551
"MEMORY_COPY","MEMORY_COPY_HOST_TO_DEVICE",1,"Agent 0","Agent 2",214586,143939663523133,143939663529813
"MEMORY_COPY","MEMORY_COPY_DEVICE_TO_HOST",1,"Agent 2","Agent 0",214680,143939664884530,143939664889771
"MEMORY_COPY","MEMORY_COPY_DEVICE_TO_HOST",1,"Agent 2","Agent 0",214688,143939665045191,143939665050391
"MEMORY_COPY","MEMORY_COPY_HOST_TO_DEVICE",1,"Agent 0","Agent 2",214692,143939665338163,143939665344683
"MEMORY_COPY","MEMORY_COPY_DEVICE_TO_HOST",1,"Agent 2","Agent 0",214786,143939666619540,143939666624700
"MEMORY_COPY","MEMORY_COPY_DEVICE_TO_HOST",1,"Agent 2","Agent 0",214794,143939666768961,143939666774081
"MEMORY_COPY","MEMORY_COPY_HOST_TO_DEVICE",1,"Agent 0","Agent 2",214798,143939667102653,143939667109333
"MEMORY_COPY","MEMORY_COPY_DEVICE_TO_HOST",1,"Agent 2","Agent 0",214892,143939668691272,143939668696472
"MEMORY_COPY","MEMORY_COPY_DEVICE_TO_HOST",1,"Agent 2","Agent 0",214900,143939668840792,143939668846313
"MEMORY_COPY","MEMORY_COPY_HOST_TO_DEVICE",1,"Agent 0","Agent 2",214904,143939669302575,143939669309135
"MEMORY_COPY","MEMORY_COPY_DEVICE_TO_HOST",1,"Agent 2","Agent 0",214998,143939670617782,143939670622982
"MEMORY_COPY","MEMORY_COPY_DEVICE_TO_HOST",1,"Agent 2","Agent 0",215006,143939670763173,143939670768293
"MEMORY_COPY","MEMORY_COPY_HOST_TO_DEVICE",1,"Agent 0","Agent 2",215010,143939671069055,143939671075735
"MEMORY_COPY","MEMORY_COPY_DEVICE_TO_HOST",1,"Agent 2","Agent 0",215104,143939672407752,143939672412792
"MEMORY_COPY","MEMORY_COPY_DEVICE_TO_HOST",1,"Agent 2","Agent 0",215112,143939672554303,143939672559463
"MEMORY_COPY","MEMORY_COPY_HOST_TO_DEVICE",1,"Agent 0","Agent 2",215116,143939672791304,143939672797664
"MEMORY_COPY","MEMORY_COPY_DEVICE_TO_HOST",1,"Agent 2","Agent 0",215210,143939674177722,143939674182882
"MEMORY_COPY","MEMORY_COPY_DEVICE_TO_HOST",1,"Agent 2","Agent 0",215218,143939674324913,143939674330153
"MEMORY_COPY","MEMORY_COPY_HOST_TO_DEVICE",1,"Agent 0","Agent 2",215222,143939674574364,143939674581084
"MEMORY_COPY","MEMORY_COPY_DEVICE_TO_HOST",1,"Agent 2","Agent 0",215316,143939676052583,143939676057743
"MEMORY_COPY","MEMORY_COPY_DEVICE_TO_HOST",1,"Agent 2","Agent 0",215324,143939676199493,143939676204653
"MEMORY_COPY","MEMORY_COPY_HOST_TO_DEVICE",1,"Agent 0","Agent 2",215328,143939676461075,143939676467675
"MEMORY_COPY","MEMORY_COPY_DEVICE_TO_HOST",1,"Agent 2","Agent 0",215422,143939678187784,143939678192984
"MEMORY_COPY","MEMORY_COPY_DEVICE_TO_HOST",1,"Agent 2","Agent 0",215430,143939678336425,143939678341585
"MEMORY_COPY","MEMORY_COPY_HOST_TO_DEVICE",1,"Agent 0","Agent 2",215434,143939678615227,143939678622027
"MEMORY_COPY","MEMORY_COPY_DEVICE_TO_HOST",1,"Agent 2","Agent 0",215490,143939679451661,143939679456341
"MEMORY_COPY","MEMORY_COPY_DEVICE_TO_HOST",1,"Agent 2","Agent 0",215498,143939679583582,143939679588542
"MEMORY_COPY","MEMORY_COPY_DEVICE_TO_HOST",1,"Agent 2","Agent 0",215590,143939680736509,143939680740789
"MEMORY_COPY","MEMORY_COPY_DEVICE_TO_HOST",1,"Agent 2","Agent 0",215598,143939680850299,143939680854539
"MEMORY_COPY","MEMORY_COPY_HOST_TO_DEVICE",1,"Agent 0","Agent 2",215602,143939681095281,143939681100441
"MEMORY_COPY","MEMORY_COPY_DEVICE_TO_HOST",1,"Agent 2","Agent 0",215726,143939682660859,143939682665099
"MEMORY_COPY","MEMORY_COPY_DEVICE_TO_HOST",1,"Agent 2","Agent 0",215734,143939682775980,143939682780260
"MEMORY_COPY","MEMORY_COPY_HOST_TO_DEVICE",1,"Agent 0","Agent 2",215738,143939682946201,143939682951441
"MEMORY_COPY","MEMORY_COPY_DEVICE_TO_HOST",1,"Agent 2","Agent 0",215862,143939684492319,143939684496599
"MEMORY_COPY","MEMORY_COPY_DEVICE_TO_HOST",1,"Agent 2","Agent 0",215870,143939684604720,143939684608920
"MEMORY_COPY","MEMORY_COPY_HOST_TO_DEVICE",1,"Agent 0","Agent 2",215874,143939684777511,143939684782711
"MEMORY_COPY","MEMORY_COPY_DEVICE_TO_HOST",1,"Agent 2","Agent 0",215998,143939686491091,143939686495331
"MEMORY_COPY","MEMORY_COPY_DEVICE_TO_HOST",1,"Agent 2","Agent 0",216006,143939686664782,143939686669022
"MEMORY_COPY","MEMORY_COPY_HOST_TO_DEVICE",1,"Agent 0","Agent 2",216010,143939686818072,143939686823192
"MEMORY_COPY","MEMORY_COPY_DEVICE_TO_HOST",1,"Agent 2","Agent 0",216132,143939688761833,143939688766113
"MEMORY_COPY","MEMORY_COPY_DEVICE_TO_HOST",1,"Agent 2","Agent 0",216140,143939688874534,143939688878774
"MEMORY_COPY","MEMORY_COPY_HOST_TO_DEVICE",1,"Agent 0","Agent 2",216144,143939689074035,143939689079275
"MEMORY_COPY","MEMORY_COPY_DEVICE_TO_HOST",1,"Agent 2","Agent 0",216268,143939690581253,143939690585533
"MEMORY_COPY","MEMORY_COPY_DEVICE_TO_HOST",1,"Agent 2","Agent 0",216276,143939690692974,143939690697214
"MEMORY_COPY","MEMORY_COPY_HOST_TO_DEVICE",1,"Agent 0","Agent 2",216280,143939690862845,143939690868165
"MEMORY_COPY","MEMORY_COPY_DEVICE_TO_HOST",1,"Agent 2","Agent 0",216404,143939692560424,143939692564664
"MEMORY_COPY","MEMORY_COPY_DEVICE_TO_HOST",1,"Agent 2","Agent 0",216412,143939692673155,143939692677435
"MEMORY_COPY","MEMORY_COPY_HOST_TO_DEVICE",1,"Agent 0","Agent 2",216416,143939692833316,143939692838476
"MEMORY_COPY","MEMORY_COPY_DEVICE_TO_HOST",1,"Agent 2","Agent 0",216540,143939694387637,143939694391957
"MEMORY_COPY","MEMORY_COPY_DEVICE_TO_HOST",1,"Agent 2","Agent 0",216548,143939694500527,143939694504807
"MEMORY_COPY","MEMORY_COPY_HOST_TO_DEVICE",1,"Agent 0","Agent 2",216552,143939694681978,143939694687178
"MEMORY_COPY","MEMORY_COPY_DEVICE_TO_HOST",1,"Agent 2","Agent 0",216676,143939696403948,143939696408228
"MEMORY_COPY","MEMORY_COPY_DEVICE_TO_HOST",1,"Agent 2","Agent 0",216684,143939696516009,143939696520289
"MEMORY_COPY","MEMORY_COPY_HOST_TO_DEVICE",1,"Agent 0","Agent 2",216688,143939696670969,143939696676209
"MEMORY_COPY","MEMORY_COPY_DEVICE_TO_HOST",1,"Agent 2","Agent 0",216810,143939698554710,143939698559030
"MEMORY_COPY","MEMORY_COPY_DEVICE_TO_HOST",1,"Agent 2","Agent 0",216818,143939698666900,143939698671141
"MEMORY_COPY","MEMORY_COPY_HOST_TO_DEVICE",1,"Agent 0","Agent 2",216822,143939698821171,143939698826371
"MEMORY_COPY","MEMORY_COPY_DEVICE_TO_HOST",1,"Agent 2","Agent 0",216946,143939700391780,143939700396020
"MEMORY_COPY","MEMORY_COPY_DEVICE_TO_HOST",1,"Agent 2","Agent 0",216954,143939700503871,143939700508111
"MEMORY_COPY","MEMORY_COPY_HOST_TO_DEVICE",1,"Agent 0","Agent 2",216958,143939700657392,143939700662592
"MEMORY_COPY","MEMORY_COPY_DEVICE_TO_HOST",1,"Agent 2","Agent 0",217082,143939702327031,143939702331311
"MEMORY_COPY","MEMORY_COPY_DEVICE_TO_HOST",1,"Agent 2","Agent 0",217090,143939702438061,143939702442341
"MEMORY_COPY","MEMORY_COPY_HOST_TO_DEVICE",1,"Agent 0","Agent 2",217094,143939702714963,143939702720123
"MEMORY_COPY","MEMORY_COPY_DEVICE_TO_HOST",1,"Agent 2","Agent 0",217218,143939704245551,143939704249831
"MEMORY_COPY","MEMORY_COPY_DEVICE_TO_HOST",1,"Agent 2","Agent 0",217226,143939704357642,143939704361922
"MEMORY_COPY","MEMORY_COPY_HOST_TO_DEVICE",1,"Agent 0","Agent 2",217230,143939704511673,143939704516833
"MEMORY_COPY","MEMORY_COPY_DEVICE_TO_HOST",1,"Agent 2","Agent 0",217354,143939706169452,143939706173732
"MEMORY_COPY","MEMORY_COPY_DEVICE_TO_HOST",1,"Agent 2","Agent 0",217362,143939706284073,143939706288353
"MEMORY_COPY","MEMORY_COPY_HOST_TO_DEVICE",1,"Agent 0","Agent 2",217366,143939706456184,143939706461464
"MEMORY_COPY","MEMORY_COPY_DEVICE_TO_HOST",1,"Agent 2","Agent 0",217488,143939708409905,143939708414145
"MEMORY_COPY","MEMORY_COPY_DEVICE_TO_HOST",1,"Agent 2","Agent 0",217496,143939708521675,143939708525995
"MEMORY_COPY","MEMORY_COPY_HOST_TO_DEVICE",1,"Agent 0","Agent 2",217500,143939708676256,143939708681416
"MEMORY_COPY","MEMORY_COPY_DEVICE_TO_HOST",1,"Agent 2","Agent 0",217594,143939709960363,143939709965523
"MEMORY_COPY","MEMORY_COPY_DEVICE_TO_HOST",1,"Agent 2","Agent 0",217602,143939710108844,143939710114124
"MEMORY_COPY","MEMORY_COPY_HOST_TO_DEVICE",1,"Agent 0","Agent 2",217606,143939710427456,143939710434136
"MEMORY_COPY","MEMORY_COPY_DEVICE_TO_HOST",1,"Agent 2","Agent 0",217700,143939711726403,143939711731563
"MEMORY_COPY","MEMORY_COPY_DEVICE_TO_HOST",1,"Agent 2","Agent 0",217708,143939712053035,143939712058195
"MEMORY_COPY","MEMORY_COPY_HOST_TO_DEVICE",1,"Agent 0","Agent 2",217712,143939712338576,143939712345016
"MEMORY_COPY","MEMORY_COPY_DEVICE_TO_HOST",1,"Agent 2","Agent 0",217806,143939713618814,143939713623934
"MEMORY_COPY","MEMORY_COPY_DEVICE_TO_HOST",1,"Agent 2","Agent 0",217814,143939713764884,143939713770084
"MEMORY_COPY","MEMORY_COPY_HOST_TO_DEVICE",1,"Agent 0","Agent 2",217818,143939714084426,143939714090826
"MEMORY_COPY","MEMORY_COPY_DEVICE_TO_HOST",1,"Agent 2","Agent 0",217912,143939715378293,143939715383573
"MEMORY_COPY","MEMORY_COPY_DEVICE_TO_HOST",1,"Agent 2","Agent 0",217920,143939715528364,143939715533524
"MEMORY_COPY","MEMORY_COPY_HOST_TO_DEVICE",1,"Agent 0","Agent 2",217924,143939715827566,143939715833966
"MEMORY_COPY","MEMORY_COPY_DEVICE_TO_HOST",1,"Agent 2","Agent 0",218018,143939717521865,143939717526985
"MEMORY_COPY","MEMORY_COPY_DEVICE_TO_HOST",1,"Agent 2","Agent 0",218026,143939717671756,143939717676956
"MEMORY_COPY","MEMORY_COPY_HOST_TO_DEVICE",1,"Agent 0","Agent 2",218030,143939717953828,143939717960388
"MEMORY_COPY","MEMORY_COPY_DEVICE_TO_HOST",1,"Agent 2","Agent 0",218124,143939719449636,143939719454756
"MEMORY_COPY","MEMORY_COPY_DEVICE_TO_HOST",1,"Agent 2","Agent 0",218132,143939719597127,143939719602287
"MEMORY_COPY","MEMORY_COPY_HOST_TO_DEVICE",1,"Agent 0","Agent 2",218136,143939719899968,143939719906408
"MEMORY_COPY","MEMORY_COPY_DEVICE_TO_HOST",1,"Agent 2","Agent 0",218230,143939721250346,143939721255466
"MEMORY_COPY","MEMORY_COPY_DEVICE_TO_HOST",1,"Agent 2","Agent 0",218238,143939721398757,143939721403837
"MEMORY_COPY","MEMORY_COPY_HOST_TO_DEVICE",1,"Agent 0","Agent 2",218242,143939721681468,143939721687948
"MEMORY_COPY","MEMORY_COPY_DEVICE_TO_HOST",1,"Agent 2","Agent 0",218336,143939723045206,143939723050406
"MEMORY_COPY","MEMORY_COPY_DEVICE_TO_HOST",1,"Agent 2","Agent 0",218344,143939723194227,143939723199387
"MEMORY_COPY","MEMORY_COPY_HOST_TO_DEVICE",1,"Agent 0","Agent 2",218348,143939723501738,143939723508218
"MEMORY_COPY","MEMORY_COPY_DEVICE_TO_HOST",1,"Agent 2","Agent 0",218442,143939725063967,143939725069207
"MEMORY_COPY","MEMORY_COPY_DEVICE_TO_HOST",1,"Agent 2","Agent 0",218450,143939725213998,143939725219158
"MEMORY_COPY","MEMORY_COPY_HOST_TO_DEVICE",1,"Agent 0","Agent 2",218454,143939725532350,143939725538790
"MEMORY_COPY","MEMORY_COPY_DEVICE_TO_HOST",1,"Agent 2","Agent 0",218548,143939727273959,143939727279719
"MEMORY_COPY","MEMORY_COPY_DEVICE_TO_HOST",1,"Agent 2","Agent 0",218556,143939727422890,143939727428170
"MEMORY_COPY","MEMORY_COPY_HOST_TO_DEVICE",1,"Agent 0","Agent 2",218560,143939727710192,143939727717112
"MEMORY_COPY","MEMORY_COPY_DEVICE_TO_HOST",1,"Agent 2","Agent 0",218654,143939729063639,143939729068919
"MEMORY_COPY","MEMORY_COPY_DEVICE_TO_HOST",1,"Agent 2","Agent 0",218662,143939729212190,143939729217350
"MEMORY_COPY","MEMORY_COPY_HOST_TO_DEVICE",1,"Agent 0","Agent 2",218666,143939729518402,143939729525082
"MEMORY_COPY","MEMORY_COPY_DEVICE_TO_HOST",1,"Agent 2","Agent 0",218760,143939730958870,143939730964030
"MEMORY_COPY","MEMORY_COPY_DEVICE_TO_HOST",1,"Agent 2","Agent 0",218768,143939731130961,143939731136121
"MEMORY_COPY","MEMORY_COPY_HOST_TO_DEVICE",1,"Agent 0","Agent 2",218772,143939731428742,143939731435222
"MEMORY_COPY","MEMORY_COPY_DEVICE_TO_HOST",1,"Agent 2","Agent 0",218866,143939732732020,143939732737180
"MEMORY_COPY","MEMORY_COPY_DEVICE_TO_HOST",1,"Agent 2","Agent 0",218874,143939732880910,143939732886110
"MEMORY_COPY","MEMORY_COPY_HOST_TO_DEVICE",1,"Agent 0","Agent 2",218878,143939733208282,143939733214762
"MEMORY_COPY","MEMORY_COPY_DEVICE_TO_HOST",1,"Agent 2","Agent 0",218972,143939734513520,143939734518720
"MEMORY_COPY","MEMORY_COPY_DEVICE_TO_HOST",1,"Agent 2","Agent 0",218980,143939734662250,143939734667410
"MEMORY_COPY","MEMORY_COPY_HOST_TO_DEVICE",1,"Agent 0","Agent 2",218984,143939734943692,143939734950132
"MEMORY_COPY","MEMORY_COPY_DEVICE_TO_HOST",1,"Agent 2","Agent 0",219078,143939736584421,143939736589621
"MEMORY_COPY","MEMORY_COPY_DEVICE_TO_HOST",1,"Agent 2","Agent 0",219086,143939736731962,143939736737082
"MEMORY_COPY","MEMORY_COPY_HOST_TO_DEVICE",1,"Agent 0","Agent 2",219090,143939736999013,143939737005613
"MEMORY_COPY","MEMORY_COPY_DEVICE_TO_HOST",1,"Agent 2","Agent 0",219184,143939738523862,143939738529022
"MEMORY_COPY","MEMORY_COPY_DEVICE_TO_HOST",1,"Agent 2","Agent 0",219192,143939738670743,143939738675903
"MEMORY_COPY","MEMORY_COPY_HOST_TO_DEVICE",1,"Agent 0","Agent 2",219196,143939738927044,143939738933524
"MEMORY_COPY","MEMORY_COPY_DEVICE_TO_HOST",1,"Agent 2","Agent 0",219290,143939740247791,143939740252911
"MEMORY_COPY","MEMORY_COPY_DEVICE_TO_HOST",1,"Agent 2","Agent 0",219298,143939740393472,143939740398632
"MEMORY_COPY","MEMORY_COPY_HOST_TO_DEVICE",1,"Agent 0","Agent 2",219302,143939740659264,143939740665784
"MEMORY_COPY","MEMORY_COPY_DEVICE_TO_HOST",1,"Agent 2","Agent 0",219396,143939741959231,143939741964391
"MEMORY_COPY","MEMORY_COPY_DEVICE_TO_HOST",1,"Agent 2","Agent 0",219404,143939742107912,143939742113152
"MEMORY_COPY","MEMORY_COPY_HOST_TO_DEVICE",1,"Agent 0","Agent 2",219408,143939742343013,143939742349493
"MEMORY_COPY","MEMORY_COPY_DEVICE_TO_HOST",1,"Agent 2","Agent 0",219502,143939743778341,143939743783461
"MEMORY_COPY","MEMORY_COPY_DEVICE_TO_HOST",1,"Agent 2","Agent 0",219510,143939743925082,143939743930242
"MEMORY_COPY","MEMORY_COPY_HOST_TO_DEVICE",1,"Agent 0","Agent 2",219514,143939744214813,143939744221293
"MEMORY_COPY","MEMORY_COPY_DEVICE_TO_HOST",1,"Agent 2","Agent 0",219608,143939745882413,143939745887573
"MEMORY_COPY","MEMORY_COPY_DEVICE_TO_HOST",1,"Agent 2","Agent 0",219616,143939746030363,143939746035563
"MEMORY_COPY","MEMORY_COPY_HOST_TO_DEVICE",1,"Agent 0","Agent 2",219620,143939746301525,143939746308005
"MEMORY_COPY","MEMORY_COPY_DEVICE_TO_HOST",1,"Agent 2","Agent 0",219676,143939747080719,143939747085439
"MEMORY_COPY","MEMORY_COPY_DEVICE_TO_HOST",1,"Agent 2","Agent 0",219684,143939747219890,143939747224650
"MEMORY_COPY","MEMORY_COPY_DEVICE_TO_HOST",1,"Agent 2","Agent 0",219776,143939748329986,143939748334266
"MEMORY_COPY","MEMORY_COPY_DEVICE_TO_HOST",1,"Agent 2","Agent 0",219784,143939748440357,143939748444637
"MEMORY_COPY","MEMORY_COPY_HOST_TO_DEVICE",1,"Agent 0","Agent 2",219788,143939748608178,143939748613418
"MEMORY_COPY","MEMORY_COPY_DEVICE_TO_HOST",1,"Agent 2","Agent 0",219912,143939750297017,143939750301297
"MEMORY_COPY","MEMORY_COPY_DEVICE_TO_HOST",1,"Agent 2","Agent 0",219920,143939750410408,143939750414688
"MEMORY_COPY","MEMORY_COPY_HOST_TO_DEVICE",1,"Agent 0","Agent 2",219924,143939750581609,143939750586889
"MEMORY_COPY","MEMORY_COPY_DEVICE_TO_HOST",1,"Agent 2","Agent 0",220048,143939752100387,143939752104627
"MEMORY_COPY","MEMORY_COPY_DEVICE_TO_HOST",1,"Agent 2","Agent 0",220056,143939752214848,143939752219128
"MEMORY_COPY","MEMORY_COPY_HOST_TO_DEVICE",1,"Agent 0","Agent 2",220060,143939752407479,143939752412879
"MEMORY_COPY","MEMORY_COPY_DEVICE_TO_HOST",1,"Agent 2","Agent 0",220184,143939754053358,143939754057638
"MEMORY_COPY","MEMORY_COPY_DEVICE_TO_HOST",1,"Agent 2","Agent 0",220192,143939754168489,143939754172769
"MEMORY_COPY","MEMORY_COPY_HOST_TO_DEVICE",1,"Agent 0","Agent 2",220196,143939754318769,143939754324049
"MEMORY_COPY","MEMORY_COPY_DEVICE_TO_HOST",1,"Agent 2","Agent 0",220318,143939756294865,143939756299145
"MEMORY_COPY","MEMORY_COPY_DEVICE_TO_HOST",1,"Agent 2","Agent 0",220326,143939757168240,143939757172480
"MEMORY_COPY","MEMORY_COPY_HOST_TO_DEVICE",1,"Agent 0","Agent 2",220330,143939757334941,143939757340101
"MEMORY_COPY","MEMORY_COPY_DEVICE_TO_HOST",1,"Agent 2","Agent 0",220454,143939758859089,143939758863369
"MEMORY_COPY","MEMORY_COPY_DEVICE_TO_HOST",1,"Agent 2","Agent 0",220462,143939758972680,143939758976960
"MEMORY_COPY","MEMORY_COPY_HOST_TO_DEVICE",1,"Agent 0","Agent 2",220466,143939759181001,143939759186201
"MEMORY_COPY","MEMORY_COPY_DEVICE_TO_HOST",1,"Agent 2","Agent 0",220590,143939760877940,143939760882220
"MEMORY_COPY","MEMORY_COPY_DEVICE_TO_HOST",1,"Agent 2","Agent 0",220598,143939760991191,143939760995471
"MEMORY_COPY","MEMORY_COPY_HOST_TO_DEVICE",1,"Agent 0","Agent 2",220602,143939761188132,143939761193332
"MEMORY_COPY","MEMORY_COPY_DEVICE_TO_HOST",1,"Agent 2","Agent 0",220726,143939762730811,143939762735051
"MEMORY_COPY","MEMORY_COPY_DEVICE_TO_HOST",1,"Agent 2","Agent 0",220734,143939762843101,143939762847381
"MEMORY_COPY","MEMORY_COPY_HOST_TO_DEVICE",1,"Agent 0","Agent 2",220738,143939763001122,143939763006442
"MEMORY_COPY","MEMORY_COPY_DEVICE_TO_HOST",1,"Agent 2","Agent 0",220862,143939764705082,143939764709362
"MEMORY_COPY","MEMORY_COPY_DEVICE_TO_HOST",1,"Agent 2","Agent 0",220870,143939764819992,143939764824392
"MEMORY_COPY","MEMORY_COPY_HOST_TO_DEVICE",1,"Agent 0","Agent 2",220874,143939764972633,143939764978313
"MEMORY_COPY","MEMORY_COPY_DEVICE_TO_HOST",1,"Agent 2","Agent 0",220996,143939766923284,143939766927564
"MEMORY_COPY","MEMORY_COPY_DEVICE_TO_HOST",1,"Agent 2","Agent 0",221004,143939767046045,143939767050325
"MEMORY_COPY","MEMORY_COPY_HOST_TO_DEVICE",1,"Agent 0","Agent 2",221008,143939767202086,143939767207286
"MEMORY_COPY","MEMORY_COPY_DEVICE_TO_HOST",1,"Agent 2","Agent 0",221132,143939768753144,143939768757424
"MEMORY_COPY","MEMORY_COPY_DEVICE_TO_HOST",1,"Agent 2","Agent 0",221140,143939768868625,143939768872905
"MEMORY_COPY","MEMORY_COPY_HOST_TO_DEVICE",1,"Agent 0","Agent 2",221144,143939769057096,143939769062296
"MEMORY_COPY","MEMORY_COPY_DEVICE_TO_HOST",1,"Agent 2","Agent 0",221268,143939770736155,143939770740635
"MEMORY_COPY","MEMORY_COPY_DEVICE_TO_HOST",1,"Agent 2","Agent 0",221276,143939770849116,143939770853396
"MEMORY_COPY","MEMORY_COPY_HOST_TO_DEVICE",1,"Agent 0","Agent 2",221280,143939771000717,143939771005957
"MEMORY_COPY","MEMORY_COPY_DEVICE_TO_HOST",1,"Agent 2","Agent 0",221404,143939772559715,143939772563956
"MEMORY_COPY","MEMORY_COPY_DEVICE_TO_HOST",1,"Agent 2","Agent 0",221412,143939772690106,143939772694346
"MEMORY_COPY","MEMORY_COPY_HOST_TO_DEVICE",1,"Agent 0","Agent 2",221416,143939772842157,143939772847437
"MEMORY_COPY","MEMORY_COPY_DEVICE_TO_HOST",1,"Agent 2","Agent 0",221540,143939774411446,143939774415726
"MEMORY_COPY","MEMORY_COPY_DEVICE_TO_HOST",1,"Agent 2","Agent 0",221548,143939774523086,143939774527366
"MEMORY_COPY","MEMORY_COPY_HOST_TO_DEVICE",1,"Agent 0","Agent 2",221552,143939774714587,143939774719908
"MEMORY_COPY","MEMORY_COPY_DEVICE_TO_HOST",1,"Agent 2","Agent 0",221674,143939776632768,143939776637048
"MEMORY_COPY","MEMORY_COPY_DEVICE_TO_HOST",1,"Agent 2","Agent 0",221682,143939776748329,143939776752649
"MEMORY_COPY","MEMORY_COPY_HOST_TO_DEVICE",1,"Agent 0","Agent 2",221686,143939776905790,143939776910950
"MEMORY_COPY","MEMORY_COPY_DEVICE_TO_HOST",1,"Agent 2","Agent 0",221780,143939778263717,143939778268957
"MEMORY_COPY","MEMORY_COPY_DEVICE_TO_HOST",1,"Agent 2","Agent 0",221788,143939778412718,143939778417878
"MEMORY_COPY","MEMORY_COPY_HOST_TO_DEVICE",1,"Agent 0","Agent 2",221792,143939778728590,143939778735310
"MEMORY_COPY","MEMORY_COPY_DEVICE_TO_HOST",1,"Agent 2","Agent 0",221886,143939780086287,143939780091527
"MEMORY_COPY","MEMORY_COPY_DEVICE_TO_HOST",1,"Agent 2","Agent 0",221894,143939780239428,143939780244668
"MEMORY_COPY","MEMORY_COPY_HOST_TO_DEVICE",1,"Agent 0","Agent 2",221898,143939780535290,143939780541970
"MEMORY_COPY","MEMORY_COPY_DEVICE_TO_HOST",1,"Agent 2","Agent 0",221992,143939781920228,143939781925388
"MEMORY_COPY","MEMORY_COPY_DEVICE_TO_HOST",1,"Agent 2","Agent 0",222000,143939782067958,143939782073158
"MEMORY_COPY","MEMORY_COPY_HOST_TO_DEVICE",1,"Agent 0","Agent 2",222004,143939782358760,143939782365240
"MEMORY_COPY","MEMORY_COPY_DEVICE_TO_HOST",1,"Agent 2","Agent 0",222098,143939783701278,143939783706478
"MEMORY_COPY","MEMORY_COPY_DEVICE_TO_HOST",1,"Agent 2","Agent 0",222106,143939783892829,143939783897989
"MEMORY_COPY","MEMORY_COPY_HOST_TO_DEVICE",1,"Agent 0","Agent 2",222110,143939784207620,143939784214100
"MEMORY_COPY","MEMORY_COPY_DEVICE_TO_HOST",1,"Agent 2","Agent 0",222204,143939785970850,143939785976090
"MEMORY_COPY","MEMORY_COPY_DEVICE_TO_HOST",1,"Agent 2","Agent 0",222212,143939786152611,143939786157811
"MEMORY_COPY","MEMORY_COPY_HOST_TO_DEVICE",1,"Agent 0","Agent 2",222216,143939786453793,143939786460313
"MEMORY_COPY","MEMORY_COPY_DEVICE_TO_HOST",1,"Agent 2","Agent 0",222310,143939787865601,143939787870801
"MEMORY_COPY","MEMORY_COPY_DEVICE_TO_HOST",1,"Agent 2","Agent 0",222318,143939788049212,143939788054452
"MEMORY_COPY","MEMORY_COPY_HOST_TO_DEVICE",1,"Agent 0","Agent 2",222322,143939788332813,143939788339293
"MEMORY_COPY","MEMORY_COPY_DEVICE_TO_HOST",1,"Agent 2","Agent 0",222416,143939789618240,143939789623401
"MEMORY_COPY","MEMORY_COPY_DEVICE_TO_HOST",1,"Agent 2","Agent 0",222424,143939789766091,143939789771251
"MEMORY_COPY","MEMORY_COPY_HOST_TO_DEVICE",1,"Agent 0","Agent 2",222428,143939790074723,143939790081243
"MEMORY_COPY","MEMORY_COPY_DEVICE_TO_HOST",1,"Agent 2","Agent 0",222522,143939791401910,143939791407110
"MEMORY_COPY","MEMORY_COPY_DEVICE_TO_HOST",1,"Agent 2","Agent 0",222530,143939791595271,143939791600472
"MEMORY_COPY","MEMORY_COPY_HOST_TO_DEVICE",1,"Agent 0","Agent 2",222534,143939791873583,143939791880103
"MEMORY_COPY","MEMORY_COPY_DEVICE_TO_HOST",1,"Agent 2","Agent 0",222628,143939793425492,143939793430652
"MEMORY_COPY","MEMORY_COPY_DEVICE_TO_HOST",1,"Agent 2","Agent 0",222636,143939793573863,143939793579423
"MEMORY_COPY","MEMORY_COPY_HOST_TO_DEVICE",1,"Agent 0","Agent 2",222640,143939793873554,143939793880034
"MEMORY_COPY","MEMORY_COPY_DEVICE_TO_HOST",1,"Agent 2","Agent 0",222734,143939795694364,143939795699604
"MEMORY_COPY","MEMORY_COPY_DEVICE_TO_HOST",1,"Agent 2","Agent 0",222742,143939795840125,143939795845245
"MEMORY_COPY","MEMORY_COPY_HOST_TO_DEVICE",1,"Agent 0","Agent 2",222746,143939796175617,143939796182017
"MEMORY_COPY","MEMORY_COPY_DEVICE_TO_HOST",1,"Agent 2","Agent 0",222840,143939797494574,143939797499734
"MEMORY_COPY","MEMORY_COPY_DEVICE_TO_HOST",1,"Agent 2","Agent 0",222848,143939797689725,143939797694805
"MEMORY_COPY","MEMORY_COPY_HOST_TO_DEVICE",1,"Agent 0","Agent 2",222852,143939798104428,143939798110948
"MEMORY_COPY","MEMORY_COPY_DEVICE_TO_HOST",1,"Agent 2","Agent 0",222946,143939799413385,143939799418505
"MEMORY_COPY","MEMORY_COPY_DEVICE_TO_HOST",1,"Agent 2","Agent 0",222954,143939799702097,143939799707297
"MEMORY_COPY","MEMORY_COPY_HOST_TO_DEVICE",1,"Agent 0","Agent 2",222958,143939800027948,143939800034508
"MEMORY_COPY","MEMORY_COPY_DEVICE_TO_HOST",1,"Agent 2","Agent 0",223052,143939801348316,143939801353436
"MEMORY_COPY","MEMORY_COPY_DEVICE_TO_HOST",1,"Agent 2","Agent 0",223060,143939801578257,143939801583497
"MEMORY_COPY","MEMORY_COPY_HOST_TO_DEVICE",1,"Agent 0","Agent 2",223064,143939801875929,143939801882449
"MEMORY_COPY","MEMORY_COPY_DEVICE_TO_HOST",1,"Agent 2","Agent 0",223158,143939803248236,143939803253436
"MEMORY_COPY","MEMORY_COPY_DEVICE_TO_HOST",1,"Agent 2","Agent 0",223166,143939803397207,143939803402367
"MEMORY_COPY","MEMORY_COPY_HOST_TO_DEVICE",1,"Agent 0","Agent 2",223170,143939803700189,143939803706829
"MEMORY_COPY","MEMORY_COPY_DEVICE_TO_HOST",1,"Agent 2","Agent 0",223264,143939805510059,143939805515179
"MEMORY_COPY","MEMORY_COPY_DEVICE_TO_HOST",1,"Agent 2","Agent 0",223272,143939805700630,143939805705870
"MEMORY_COPY","MEMORY_COPY_HOST_TO_DEVICE",1,"Agent 0","Agent 2",223276,143939805974122,143939805980562
"MEMORY_COPY","MEMORY_COPY_DEVICE_TO_HOST",1,"Agent 2","Agent 0",223370,143939807450110,143939807455830
"MEMORY_COPY","MEMORY_COPY_DEVICE_TO_HOST",1,"Agent 2","Agent 0",223378,143939807598031,143939807603151
"MEMORY_COPY","MEMORY_COPY_HOST_TO_DEVICE",1,"Agent 0","Agent 2",223382,143939807908702,143939807915182
"MEMORY_COPY","MEMORY_COPY_DEVICE_TO_HOST",1,"Agent 2","Agent 0",223476,143939809251800,143939809256960
"MEMORY_COPY","MEMORY_COPY_DEVICE_TO_HOST",1,"Agent 2","Agent 0",223484,143939809401431,143939809406671
"MEMORY_COPY","MEMORY_COPY_HOST_TO_DEVICE",1,"Agent 0","Agent 2",223488,143939809653012,143939809659452
"MEMORY_COPY","MEMORY_COPY_DEVICE_TO_HOST",1,"Agent 2","Agent 0",223582,143939810964969,143939810970089
"MEMORY_COPY","MEMORY_COPY_DEVICE_TO_HOST",1,"Agent 2","Agent 0",223590,143939811145200,143939811150360
"MEMORY_COPY","MEMORY_COPY_HOST_TO_DEVICE",1,"Agent 0","Agent 2",223594,143939811408902,143939811415422
"MEMORY_COPY","MEMORY_COPY_DEVICE_TO_HOST",1,"Agent 2","Agent 0",223688,143939812883030,143939812888350
"MEMORY_COPY","MEMORY_COPY_DEVICE_TO_HOST",1,"Agent 2","Agent 0",223696,143939813047151,143939813052311
"MEMORY_COPY","MEMORY_COPY_HOST_TO_DEVICE",1,"Agent 0","Agent 2",223700,143939813305902,143939813312342
"MEMORY_COPY","MEMORY_COPY_DEVICE_TO_HOST",1,"Agent 2","Agent 0",223794,143939815054812,143939815059972
"MEMORY_COPY","MEMORY_COPY_DEVICE_TO_HOST",1,"Agent 2","Agent 0",223802,143939815209323,143939815214483
"MEMORY_COPY","MEMORY_COPY_HOST_TO_DEVICE",1,"Agent 0","Agent 2",223806,143939815497525,143939815504125
"MEMORY_COPY","MEMORY_COPY_DEVICE_TO_HOST",1,"Agent 2","Agent 0",223858,143939817521946,143939817578426
"MEMORY_COPY","MEMORY_COPY_DEVICE_TO_HOST",1,"Agent 2","Agent 0",223870,143939821514818,143939821519538
"MEMORY_COPY","MEMORY_COPY_DEVICE_TO_HOST",1,"Agent 2","Agent 0",223878,143939821673909,143939821678989
"MEMORY_COPY","MEMORY_COPY_DEVICE_TO_HOST",1,"Agent 2","Agent 0",223970,143939822817655,143939822821935
"MEMORY_COPY","MEMORY_COPY_DEVICE_TO_HOST",1,"Agent 2","Agent 0",223978,143939822929116,143939822933396
"MEMORY_COPY","MEMORY_COPY_HOST_TO_DEVICE",1,"Agent 0","Agent 2",223982,143939823133227,143939823138427
"MEMORY_COPY","MEMORY_COPY_DEVICE_TO_HOST",1,"Agent 2","Agent 0",224106,143939824953137,143939824957497
"MEMORY_COPY","MEMORY_COPY_DEVICE_TO_HOST",1,"Agent 2","Agent 0",224114,143939825069998,143939825074358
"MEMORY_COPY","MEMORY_COPY_HOST_TO_DEVICE",1,"Agent 0","Agent 2",224118,143939825239379,143939825244739
"MEMORY_COPY","MEMORY_COPY_DEVICE_TO_HOST",1,"Agent 2","Agent 0",224242,143939826767417,143939826771817
"MEMORY_COPY","MEMORY_COPY_DEVICE_TO_HOST",1,"Agent 2","Agent 0",224250,143939826958918,143939826963358
"MEMORY_COPY","MEMORY_COPY_HOST_TO_DEVICE",1,"Agent 0","Agent 2",224254,143939827148039,143939827153360
"MEMORY_COPY","MEMORY_COPY_DEVICE_TO_HOST",1,"Agent 2","Agent 0",224378,143939828852539,143939828857019
"MEMORY_COPY","MEMORY_COPY_DEVICE_TO_HOST",1,"Agent 2","Agent 0",224386,143939828968910,143939828973390
"MEMORY_COPY","MEMORY_COPY_HOST_TO_DEVICE",1,"Agent 0","Agent 2",224390,143939829157661,143939829163101
"MEMORY_COPY","MEMORY_COPY_DEVICE_TO_HOST",1,"Agent 2","Agent 0",224512,143939831288063,143939831292583
"MEMORY_COPY","MEMORY_COPY_DEVICE_TO_HOST",1,"Agent 2","Agent 0",224520,143939831404543,143939831408983
"MEMORY_COPY","MEMORY_COPY_HOST_TO_DEVICE",1,"Agent 0","Agent 2",224524,143939831570514,143939831576434
"MEMORY_COPY","MEMORY_COPY_DEVICE_TO_HOST",1,"Agent 2","Agent 0",224648,143939833139923,143939833144363
"MEMORY_COPY","MEMORY_COPY_DEVICE_TO_HOST",1,"Agent 2","Agent 0",224656,143939833254694,143939833259134
"MEMORY_COPY","MEMORY_COPY_HOST_TO_DEVICE",1,"Agent 0","Agent 2",224660,143939833445795,143939833451355
"MEMORY_COPY","MEMORY_COPY_DEVICE_TO_HOST",1,"Agent 2","Agent 0",224784,143939835214034,143939835218514
"MEMORY_COPY","MEMORY_COPY_DEVICE_TO_HOST",1,"Agent 2","Agent 0",224792,143939835328465,143939835332865
"MEMORY_COPY","MEMORY_COPY_HOST_TO_DEVICE",1,"Agent 0","Agent 2",224796,143939835508066,143939835513426
"MEMORY_COPY","MEMORY_COPY_DEVICE_TO_HOST",1,"Agent 2","Agent 0",224920,143939837132555,143939837136915
"MEMORY_COPY","MEMORY_COPY_DEVICE_TO_HOST",1,"Agent 2","Agent 0",224928,143939837245926,143939837250366
"MEMORY_COPY","MEMORY_COPY_HOST_TO_DEVICE",1,"Agent 0","Agent 2",224932,143939837424317,143939837429677
"MEMORY_COPY","MEMORY_COPY_DEVICE_TO_HOST",1,"Agent 2","Agent 0",225056,143939839107536,143939839111936
"MEMORY_COPY","MEMORY_COPY_DEVICE_TO_HOST",1,"Agent 2","Agent 0",225064,143939839228087,143939839232447
"MEMORY_COPY","MEMORY_COPY_HOST_TO_DEVICE",1,"Agent 0","Agent 2",225068,143939839382398,143939839387718
"MEMORY_COPY","MEMORY_COPY_DEVICE_TO_HOST",1,"Agent 2","Agent 0",225190,143939841408139,143939841412459
"MEMORY_COPY","MEMORY_COPY_DEVICE_TO_HOST",1,"Agent 2","Agent 0",225198,143939841519710,143939841524030
"MEMORY_COPY","MEMORY_COPY_HOST_TO_DEVICE",1,"Agent 0","Agent 2",225202,143939841675721,143939841681041
"MEMORY_COPY","MEMORY_COPY_DEVICE_TO_HOST",1,"Agent 2","Agent 0",225326,143939843325600,143939843329880
"MEMORY_COPY","MEMORY_COPY_DEVICE_TO_HOST",1,"Agent 2","Agent 0",225334,143939843437550,143939843441790
"MEMORY_COPY","MEMORY_COPY_HOST_TO_DEVICE",1,"Agent 0","Agent 2",225338,143939843593561,143939843598761
"MEMORY_COPY","MEMORY_COPY_DEVICE_TO_HOST",1,"Agent 2","Agent 0",225462,143939845293221,143939845297981
"MEMORY_COPY","MEMORY_COPY_DEVICE_TO_HOST",1,"Agent 2","Agent 0",225470,143939845407151,143939845411391
"MEMORY_COPY","MEMORY_COPY_HOST_TO_DEVICE",1,"Agent 0","Agent 2",225474,143939845561982,143939845567142
"MEMORY_COPY","MEMORY_COPY_DEVICE_TO_HOST",1,"Agent 2","Agent 0",225598,143939847126671,143939847130951
"MEMORY_COPY","MEMORY_COPY_DEVICE_TO_HOST",1,"Agent 2","Agent 0",225606,143939847240852,143939847245052
"MEMORY_COPY","MEMORY_COPY_HOST_TO_DEVICE",1,"Agent 0","Agent 2",225610,143939847415773,143939847420893
"MEMORY_COPY","MEMORY_COPY_DEVICE_TO_HOST",1,"Agent 2","Agent 0",225734,143939848939161,143939848943401
"MEMORY_COPY","MEMORY_COPY_DEVICE_TO_HOST",1,"Agent 2","Agent 0",225742,143939849053692,143939849058012
"MEMORY_COPY","MEMORY_COPY_HOST_TO_DEVICE",1,"Agent 0","Agent 2",225746,143939849208873,143939849214033
"MEMORY_COPY","MEMORY_COPY_DEVICE_TO_HOST",1,"Agent 2","Agent 0",225868,143939851405645,143939851409925
"MEMORY_COPY","MEMORY_COPY_DEVICE_TO_HOST",1,"Agent 2","Agent 0",225876,143939851517685,143939851521845
"MEMORY_COPY","MEMORY_COPY_HOST_TO_DEVICE",1,"Agent 0","Agent 2",225880,143939851668646,143939851673886
"MEMORY_COPY","MEMORY_COPY_DEVICE_TO_HOST",1,"Agent 2","Agent 0",225974,143939852956253,143939852961453
"MEMORY_COPY","MEMORY_COPY_DEVICE_TO_HOST",1,"Agent 2","Agent 0",225982,143939853107674,143939853112874
"MEMORY_COPY","MEMORY_COPY_HOST_TO_DEVICE",1,"Agent 0","Agent 2",225986,143939853422356,143939853429316
"MEMORY_COPY","MEMORY_COPY_DEVICE_TO_HOST",1,"Agent 2","Agent 0",226080,143939854730543,143939854735743
"MEMORY_COPY","MEMORY_COPY_DEVICE_TO_HOST",1,"Agent 2","Agent 0",226088,143939854876704,143939854881864
"MEMORY_COPY","MEMORY_COPY_HOST_TO_DEVICE",1,"Agent 0","Agent 2",226092,143939855194556,143939855201036
"MEMORY_COPY","MEMORY_COPY_DEVICE_TO_HOST",1,"Agent 2","Agent 0",226186,143939856732854,143939856738055
"MEMORY_COPY","MEMORY_COPY_DEVICE_TO_HOST",1,"Agent 2","Agent 0",226194,143939856881245,143939856886405
"MEMORY_COPY","MEMORY_COPY_HOST_TO_DEVICE",1,"Agent 0","Agent 2",226198,143939857203662,143939857210102
"MEMORY_COPY","MEMORY_COPY_DEVICE_TO_HOST",1,"Agent 2","Agent 0",226292,143939858518294,143939858523454
"MEMORY_COPY","MEMORY_COPY_DEVICE_TO_HOST",1,"Agent 2","Agent 0",226300,143939858662055,143939858667255
"MEMORY_COPY","MEMORY_COPY_HOST_TO_DEVICE",1,"Agent 0","Agent 2",226304,143939858941307,143939858947947
"MEMORY_COPY","MEMORY_COPY_DEVICE_TO_HOST",1,"Agent 2","Agent 0",226398,143939860774507,143939860779667
"MEMORY_COPY","MEMORY_COPY_DEVICE_TO_HOST",1,"Agent 2","Agent 0",226406,143939860923168,143939860928408
"MEMORY_COPY","MEMORY_COPY_HOST_TO_DEVICE",1,"Agent 0","Agent 2",226410,143939861237990,143939861244470
"MEMORY_COPY","MEMORY_COPY_DEVICE_TO_HOST",1,"Agent 2","Agent 0",226504,143939862734008,143939862739128
"MEMORY_COPY","MEMORY_COPY_DEVICE_TO_HOST",1,"Agent 2","Agent 0",226512,143939862886289,143939862891449
"MEMORY_COPY","MEMORY_COPY_HOST_TO_DEVICE",1,"Agent 0","Agent 2",226516,143939863207881,143939863214481
"MEMORY_COPY","MEMORY_COPY_DEVICE_TO_HOST",1,"Agent 2","Agent 0",226610,143939864613288,143939864618488
"MEMORY_COPY","MEMORY_COPY_DEVICE_TO_HOST",1,"Agent 2","Agent 0",226618,143939864761499,143939864766619
"MEMORY_COPY","MEMORY_COPY_HOST_TO_DEVICE",1,"Agent 0","Agent 2",226622,143939865093251,143939865099931
"MEMORY_COPY","MEMORY_COPY_DEVICE_TO_HOST",1,"Agent 2","Agent 0",226716,143939866417599,143939866422719
"MEMORY_COPY","MEMORY_COPY_DEVICE_TO_HOST",1,"Agent 2","Agent 0",226724,143939866563529,143939866568649
"MEMORY_COPY","MEMORY_COPY_HOST_TO_DEVICE",1,"Agent 0","Agent 2",226728,143939866864151,143939866870671
"MEMORY_COPY","MEMORY_COPY_DEVICE_TO_HOST",1,"Agent 2","Agent 0",226822,143939868364349,143939868369589
"MEMORY_COPY","MEMORY_COPY_DEVICE_TO_HOST",1,"Agent 2","Agent 0",226830,143939868513640,143939868519040
"MEMORY_COPY","MEMORY_COPY_HOST_TO_DEVICE",1,"Agent 0","Agent 2",226834,143939868832072,143939868838552
"MEMORY_COPY","MEMORY_COPY_DEVICE_TO_HOST",1,"Agent 2","Agent 0",226928,143939870685912,143939870691072
"MEMORY_COPY","MEMORY_COPY_DEVICE_TO_HOST",1,"Agent 2","Agent 0",226936,143939870836513,143939870841673
"MEMORY_COPY","MEMORY_COPY_HOST_TO_DEVICE",1,"Agent 0","Agent 2",226940,143939871161465,143939871168105
"MEMORY_COPY","MEMORY_COPY_DEVICE_TO_HOST",1,"Agent 2","Agent 0",227034,143939872537063,143939872542263
"MEMORY_COPY","MEMORY_COPY_DEVICE_TO_HOST",1,"Agent 2","Agent 0",227042,143939872687683,143939872692884
"MEMORY_COPY","MEMORY_COPY_HOST_TO_DEVICE",1,"Agent 0","Agent 2",227046,143939872997335,143939873004015
"MEMORY_COPY","MEMORY_COPY_DEVICE_TO_HOST",1,"Agent 2","Agent 0",227140,143939874325053,143939874330133
"MEMORY_COPY","MEMORY_COPY_DEVICE_TO_HOST",1,"Agent 2","Agent 0",227148,143939874473883,143939874479043
"MEMORY_COPY","MEMORY_COPY_HOST_TO_DEVICE",1,"Agent 0","Agent 2",227152,143939874826345,143939874832865
"MEMORY_COPY","MEMORY_COPY_DEVICE_TO_HOST",1,"Agent 2","Agent 0",227246,143939876169073,143939876174233
"MEMORY_COPY","MEMORY_COPY_DEVICE_TO_HOST",1,"Agent 2","Agent 0",227254,143939876321274,143939876326434
"MEMORY_COPY","MEMORY_COPY_HOST_TO_DEVICE",1,"Agent 0","Agent 2",227258,143939876632996,143939876639437
"MEMORY_COPY","MEMORY_COPY_DEVICE_TO_HOST",1,"Agent 2","Agent 0",227352,143939877960343,143939877965463
"MEMORY_COPY","MEMORY_COPY_DEVICE_TO_HOST",1,"Agent 2","Agent 0",227360,143939878106714,143939878111874
"MEMORY_COPY","MEMORY_COPY_HOST_TO_DEVICE",1,"Agent 0","Agent 2",227364,143939878384803,143939878391363
"MEMORY_COPY","MEMORY_COPY_DEVICE_TO_HOST",1,"Agent 2","Agent 0",227458,143939880247426,143939880252666
"MEMORY_COPY","MEMORY_COPY_DEVICE_TO_HOST",1,"Agent 2","Agent 0",227466,143939880393036,143939880398236
"MEMORY_COPY","MEMORY_COPY_HOST_TO_DEVICE",1,"Agent 0","Agent 2",227470,143939880657808,143939880664248
"MEMORY_COPY","MEMORY_COPY_DEVICE_TO_HOST",1,"Agent 2","Agent 0",227564,143939882153556,143939882158676
"MEMORY_COPY","MEMORY_COPY_DEVICE_TO_HOST",1,"Agent 2","Agent 0",227572,143939882300637,143939882305837
"MEMORY_COPY","MEMORY_COPY_HOST_TO_DEVICE",1,"Agent 0","Agent 2",227576,143939882567179,143939882573699
"MEMORY_COPY","MEMORY_COPY_DEVICE_TO_HOST",1,"Agent 2","Agent 0",227670,143939883904926,143939883910126
"MEMORY_COPY","MEMORY_COPY_DEVICE_TO_HOST",1,"Agent 2","Agent 0",227678,143939884051998,143939884057118
"MEMORY_COPY","MEMORY_COPY_HOST_TO_DEVICE",1,"Agent 0","Agent 2",227682,143939884289199,143939884295639
"MEMORY_COPY","MEMORY_COPY_DEVICE_TO_HOST",1,"Agent 2","Agent 0",227776,143939885587636,143939885592757
"MEMORY_COPY","MEMORY_COPY_DEVICE_TO_HOST",1,"Agent 2","Agent 0",227784,143939885733457,143939885738657
"MEMORY_COPY","MEMORY_COPY_HOST_TO_DEVICE",1,"Agent 0","Agent 2",227788,143939885960649,143939885967209
"MEMORY_COPY","MEMORY_COPY_DEVICE_TO_HOST",1,"Agent 2","Agent 0",227882,143939887418267,143939887423427
"MEMORY_COPY","MEMORY_COPY_DEVICE_TO_HOST",1,"Agent 2","Agent 0",227890,143939887566577,143939887571858
"MEMORY_COPY","MEMORY_COPY_HOST_TO_DEVICE",1,"Agent 0","Agent 2",227894,143939887809509,143939887815949
"MEMORY_COPY","MEMORY_COPY_DEVICE_TO_HOST",1,"Agent 2","Agent 0",227988,143939889640219,143939889645459
"MEMORY_COPY","MEMORY_COPY_DEVICE_TO_HOST",1,"Agent 2","Agent 0",227996,143939889786070,143939889791230
"MEMORY_COPY","MEMORY_COPY_HOST_TO_DEVICE",1,"Agent 0","Agent 2",228000,143939890080711,143939890087591
"MEMORY_COPY","MEMORY_COPY_DEVICE_TO_HOST",1,"Agent 2","Agent 0",228052,143939892094413,143939892151013
"MEMORY_COPY","MEMORY_COPY_DEVICE_TO_HOST",1,"Agent 2","Agent 0",228064,143939897492073,143939897496793
"MEMORY_COPY","MEMORY_COPY_DEVICE_TO_HOST",1,"Agent 2","Agent 0",228072,143939897705084,143939897709844
"MEMORY_COPY","MEMORY_COPY_DEVICE_TO_HOST",1,"Agent 2","Agent 0",228164,143939898845570,143939898849970
"MEMORY_COPY","MEMORY_COPY_DEVICE_TO_HOST",1,"Agent 2","Agent 0",228172,143939898984251,143939898988571
"MEMORY_COPY","MEMORY_COPY_HOST_TO_DEVICE",1,"Agent 0","Agent 2",228176,143939899192932,143939899198212
"MEMORY_COPY","MEMORY_COPY_DEVICE_TO_HOST",1,"Agent 2","Agent 0",228300,143939900875641,143939900880081
"MEMORY_COPY","MEMORY_COPY_DEVICE_TO_HOST",1,"Agent 2","Agent 0",228308,143939900991312,143939900995752
"MEMORY_COPY","MEMORY_COPY_HOST_TO_DEVICE",1,"Agent 0","Agent 2",228312,143939901201803,143939901207323
"MEMORY_COPY","MEMORY_COPY_DEVICE_TO_HOST",1,"Agent 2","Agent 0",228436,143939902781402,143939902785882
"MEMORY_COPY","MEMORY_COPY_DEVICE_TO_HOST",1,"Agent 2","Agent 0",228444,143939902898633,143939902903153
"MEMORY_COPY","MEMORY_COPY_HOST_TO_DEVICE",1,"Agent 0","Agent 2",228448,143939903105384,143939903110864
"MEMORY_COPY","MEMORY_COPY_DEVICE_TO_HOST",1,"Agent 2","Agent 0",228572,143939904854934,143939904859494
"MEMORY_COPY","MEMORY_COPY_DEVICE_TO_HOST",1,"Agent 2","Agent 0",228580,143939904971894,143939904976454
"MEMORY_COPY","MEMORY_COPY_HOST_TO_DEVICE",1,"Agent 0","Agent 2",228584,143939905159195,143939905164675
"MEMORY_COPY","MEMORY_COPY_DEVICE_TO_HOST",1,"Agent 2","Agent 0",228706,143939907332097,143939907336657
"MEMORY_COPY","MEMORY_COPY_DEVICE_TO_HOST",1,"Agent 2","Agent 0",228714,143939907445918,143939907450438
"MEMORY_COPY","MEMORY_COPY_HOST_TO_DEVICE",1,"Agent 0","Agent 2",228718,143939907618489,143939907624049
"MEMORY_COPY","MEMORY_COPY_DEVICE_TO_HOST",1,"Agent 2","Agent 0",228842,143939909247598,143939909252158
"MEMORY_COPY","MEMORY_COPY_DEVICE_TO_HOST",1,"Agent 2","Agent 0",228850,143939909362509,143939909367069
"MEMORY_COPY","MEMORY_COPY_HOST_TO_DEVICE",1,"Agent 0","Agent 2",228854,143939909552410,143939909557930
"MEMORY_COPY","MEMORY_COPY_DEVICE_TO_HOST",1,"Agent 2","Agent 0",228978,143939911280759,143939911285279
"MEMORY_COPY","MEMORY_COPY_DEVICE_TO_HOST",1,"Agent 2","Agent 0",228986,143939911396080,143939911400640
"MEMORY_COPY","MEMORY_COPY_HOST_TO_DEVICE",1,"Agent 0","Agent 2",228990,143939911614451,143939911619891
"MEMORY_COPY","MEMORY_COPY_DEVICE_TO_HOST",1,"Agent 2","Agent 0",229114,143939913165260,143939913169740
"MEMORY_COPY","MEMORY_COPY_DEVICE_TO_HOST",1,"Agent 2","Agent 0",229122,143939913280880,143939913285320
"MEMORY_COPY","MEMORY_COPY_HOST_TO_DEVICE",1,"Agent 0","Agent 2",229126,143939913460451,143939913465811
"MEMORY_COPY","MEMORY_COPY_DEVICE_TO_HOST",1,"Agent 2","Agent 0",229250,143939915077600,143939915082040
"MEMORY_COPY","MEMORY_COPY_DEVICE_TO_HOST",1,"Agent 2","Agent 0",229258,143939915351022,143939915355422
"MEMORY_COPY","MEMORY_COPY_HOST_TO_DEVICE",1,"Agent 0","Agent 2",229262,143939915526973,143939915532493
"MEMORY_COPY","MEMORY_COPY_DEVICE_TO_HOST",1,"Agent 2","Agent 0",229384,143939917681845,143939917686205
"MEMORY_COPY","MEMORY_COPY_DEVICE_TO_HOST",1,"Agent 2","Agent 0",229392,143939917794305,143939917798625
"MEMORY_COPY","MEMORY_COPY_HOST_TO_DEVICE",1,"Agent 0","Agent 2",229396,143939917947086,143939917952966
"MEMORY_COPY","MEMORY_COPY_DEVICE_TO_HOST",1,"Agent 2","Agent 0",229520,143939919533595,143939919537915
"MEMORY_COPY","MEMORY_COPY_DEVICE_TO_HOST",1,"Agent 2","Agent 0",229528,143939919715046,143939919719326
"MEMORY_COPY","MEMORY_COPY_HOST_TO_DEVICE",1,"Agent 0","Agent 2",229532,143939919869247,143939919874567
"MEMORY_COPY","MEMORY_COPY_DEVICE_TO_HOST",1,"Agent 2","Agent 0",229656,143939921580006,143939921584246
"MEMORY_COPY","MEMORY_COPY_DEVICE_TO_HOST",1,"Agent 2","Agent 0",229664,143939921693047,143939921697287
"MEMORY_COPY","MEMORY_COPY_HOST_TO_DEVICE",1,"Agent 0","Agent 2",229668,143939921866108,143939921871548
"MEMORY_COPY","MEMORY_COPY_DEVICE_TO_HOST",1,"Agent 2","Agent 0",229792,143939923416957,143939923421237
"MEMORY_COPY","MEMORY_COPY_DEVICE_TO_HOST",1,"Agent 2","Agent 0",229800,143939923533417,143939923537657
"MEMORY_COPY","MEMORY_COPY_HOST_TO_DEVICE",1,"Agent 0","Agent 2",229804,143939923683938,143939923689138
"MEMORY_COPY","MEMORY_COPY_DEVICE_TO_HOST",1,"Agent 2","Agent 0",229928,143939925214347,143939925218587
"MEMORY_COPY","MEMORY_COPY_DEVICE_TO_HOST",1,"Agent 2","Agent 0",229936,143939925325347,143939925329627
"MEMORY_COPY","MEMORY_COPY_HOST_TO_DEVICE",1,"Agent 0","Agent 2",229940,143939925497998,143939925503398
"MEMORY_COPY","MEMORY_COPY_DEVICE_TO_HOST",1,"Agent 2","Agent 0",230062,143939927785001,143939927789281
"MEMORY_COPY","MEMORY_COPY_DEVICE_TO_HOST",1,"Agent 2","Agent 0",230070,143939927897102,143939927901302
"MEMORY_COPY","MEMORY_COPY_HOST_TO_DEVICE",1,"Agent 0","Agent 2",230074,143939928085953,143939928091193
"MEMORY_COPY","MEMORY_COPY_DEVICE_TO_HOST",1,"Agent 2","Agent 0",230168,143939929347010,143939929352290
"MEMORY_COPY","MEMORY_COPY_DEVICE_TO_HOST",1,"Agent 2","Agent 0",230176,143939929518121,143939929523321
"MEMORY_COPY","MEMORY_COPY_HOST_TO_DEVICE",1,"Agent 0","Agent 2",230180,143939929811222,143939929817662
"MEMORY_COPY","MEMORY_COPY_DEVICE_TO_HOST",1,"Agent 2","Agent 0",230274,143939931151770,143939931156970
"MEMORY_COPY","MEMORY_COPY_DEVICE_TO_HOST",1,"Agent 2","Agent 0",230282,143939931298880,143939931304000
"MEMORY_COPY","MEMORY_COPY_HOST_TO_DEVICE",1,"Agent 0","Agent 2",230286,143939931574902,143939931581742
"MEMORY_COPY","MEMORY_COPY_DEVICE_TO_HOST",1,"Agent 2","Agent 0",230380,143939933048690,143939933053850
"MEMORY_COPY","MEMORY_COPY_DEVICE_TO_HOST",1,"Agent 2","Agent 0",230388,143939933200111,143939933205231
"MEMORY_COPY","MEMORY_COPY_HOST_TO_DEVICE",1,"Agent 0","Agent 2",230392,143939933510553,143939933517193
"MEMORY_COPY","MEMORY_COPY_DEVICE_TO_HOST",1,"Agent 2","Agent 0",230486,143939934813130,143939934818290
"MEMORY_COPY","MEMORY_COPY_DEVICE_TO_HOST",1,"Agent 2","Agent 0",230494,143939934961031,143939934966711
"MEMORY_COPY","MEMORY_COPY_HOST_TO_DEVICE",1,"Agent 0","Agent 2",230498,143939935276413,143939935283333
"MEMORY_COPY","MEMORY_COPY_DEVICE_TO_HOST",1,"Agent 2","Agent 0",230592,143939937192823,143939937197983
"MEMORY_COPY","MEMORY_COPY_DEVICE_TO_HOST",1,"Agent 2","Agent 0",230600,143939937340284,143939937345444
"MEMORY_COPY","MEMORY_COPY_HOST_TO_DEVICE",1,"Agent 0","Agent 2",230604,143939937640716,143939937647076
"MEMORY_COPY","MEMORY_COPY_DEVICE_TO_HOST",1,"Agent 2","Agent 0",230698,143939939051233,143939939056474
"MEMORY_COPY","MEMORY_COPY_DEVICE_TO_HOST",1,"Agent 2","Agent 0",230706,143939939201264,143939939206544
"MEMORY_COPY","MEMORY_COPY_HOST_TO_DEVICE",1,"Agent 0","Agent 2",230710,143939939503986,143939939510666
"MEMORY_COPY","MEMORY_COPY_DEVICE_TO_HOST",1,"Agent 2","Agent 0",230804,143939940806243,143939940811403
"MEMORY_COPY","MEMORY_COPY_DEVICE_TO_HOST",1,"Agent 2","Agent 0",230812,143939940952554,143939940957834
"MEMORY_COPY","MEMORY_COPY_HOST_TO_DEVICE",1,"Agent 0","Agent 2",230816,143939941262646,143939941269086
"MEMORY_COPY","MEMORY_COPY_DEVICE_TO_HOST",1,"Agent 2","Agent 0",230910,143939942622243,143939942627403
"MEMORY_COPY","MEMORY_COPY_DEVICE_TO_HOST",1,"Agent 2","Agent 0",230918,143939942769464,143939942774624
"MEMORY_COPY","MEMORY_COPY_HOST_TO_DEVICE",1,"Agent 0","Agent 2",230922,143939943082416,143939943088896
"MEMORY_COPY","MEMORY_COPY_DEVICE_TO_HOST",1,"Agent 2","Agent 0",231016,143939944573354,143939944578514
"MEMORY_COPY","MEMORY_COPY_DEVICE_TO_HOST",1,"Agent 2","Agent 0",231024,143939944722005,143939944727245
"MEMORY_COPY","MEMORY_COPY_HOST_TO_DEVICE",1,"Agent 0","Agent 2",231028,143939945074117,143939945080597
"MEMORY_COPY","MEMORY_COPY_DEVICE_TO_HOST",1,"Agent 2","Agent 0",231122,143939947041270,143939947046470
"MEMORY_COPY","MEMORY_COPY_DEVICE_TO_HOST",1,"Agent 2","Agent 0",231130,143939947191161,143939947196321
"MEMORY_COPY","MEMORY_COPY_HOST_TO_DEVICE",1,"Agent 0","Agent 2",231134,143939947499783,143939947506463
"MEMORY_COPY","MEMORY_COPY_DEVICE_TO_HOST",1,"Agent 2","Agent 0",231228,143939948811630,143939948816830
"MEMORY_COPY","MEMORY_COPY_DEVICE_TO_HOST",1,"Agent 2","Agent 0",231236,143939948959871,143939948964991
"MEMORY_COPY","MEMORY_COPY_HOST_TO_DEVICE",1,"Agent 0","Agent 2",231240,143939949283223,143939949289703
"MEMORY_COPY","MEMORY_COPY_DEVICE_TO_HOST",1,"Agent 2","Agent 0",231334,143939950613060,143939950618140
"MEMORY_COPY","MEMORY_COPY_DEVICE_TO_HOST",1,"Agent 2","Agent 0",231342,143939950762081,143939950767281
"MEMORY_COPY","MEMORY_COPY_HOST_TO_DEVICE",1,"Agent 0","Agent 2",231346,143939951114413,143939951121293
"MEMORY_COPY","MEMORY_COPY_DEVICE_TO_HOST",1,"Agent 2","Agent 0",231440,143939952618111,143939952623311
"MEMORY_COPY","MEMORY_COPY_DEVICE_TO_HOST",1,"Agent 2","Agent 0",231448,143939952767812,143939952773052
"MEMORY_COPY","MEMORY_COPY_HOST_TO_DEVICE",1,"Agent 0","Agent 2",231452,143939953094004,143939953100444
"MEMORY_COPY","MEMORY_COPY_DEVICE_TO_HOST",1,"Agent 2","Agent 0",231546,143939954421911,143939954427111
"MEMORY_COPY","MEMORY_COPY_DEVICE_TO_HOST",1,"Agent 2","Agent 0",231554,143939954596582,143939954601822
"MEMORY_COPY","MEMORY_COPY_HOST_TO_DEVICE",1,"Agent 0","Agent 2",231558,143939954873264,143939954879744
"MEMORY_COPY","MEMORY_COPY_DEVICE_TO_HOST",1,"Agent 2","Agent 0",231652,143939956782494,143939956788094
"MEMORY_COPY","MEMORY_COPY_DEVICE_TO_HOST",1,"Agent 2","Agent 0",231660,143939956934405,143939956939645
"MEMORY_COPY","MEMORY_COPY_HOST_TO_DEVICE",1,"Agent 0","Agent 2",231664,143939957237347,143939957243787
"MEMORY_COPY","MEMORY_COPY_DEVICE_TO_HOST",1,"Agent 2","Agent 0",231758,143939958743125,143939958748325
"MEMORY_COPY","MEMORY_COPY_DEVICE_TO_HOST",1,"Agent 2","Agent 0",231766,143939958891816,143939958897096
"MEMORY_COPY","MEMORY_COPY_HOST_TO_DEVICE",1,"Agent 0","Agent 2",231770,143939959186908,143939959193428
"MEMORY_COPY","MEMORY_COPY_DEVICE_TO_HOST",1,"Agent 2","Agent 0",231864,143939960498305,143939960503545
"MEMORY_COPY","MEMORY_COPY_DEVICE_TO_HOST",1,"Agent 2","Agent 0",231872,143939960644976,143939960650176
"MEMORY_COPY","MEMORY_COPY_HOST_TO_DEVICE",1,"Agent 0","Agent 2",231876,143939960885727,143939960892287
"MEMORY_COPY","MEMORY_COPY_DEVICE_TO_HOST",1,"Agent 2","Agent 0",231970,143939962246245,143939962251405
"MEMORY_COPY","MEMORY_COPY_DEVICE_TO_HOST",1,"Agent 2","Agent 0",231978,143939962392786,143939962398066
"MEMORY_COPY","MEMORY_COPY_HOST_TO_DEVICE",1,"Agent 0","Agent 2",231982,143939962624187,143939962630667
"MEMORY_COPY","MEMORY_COPY_DEVICE_TO_HOST",1,"Agent 2","Agent 0",232076,143939964066145,143939964071425
"MEMORY_COPY","MEMORY_COPY_DEVICE_TO_HOST",1,"Agent 2","Agent 0",232084,143939964213716,143939964218876
"MEMORY_COPY","MEMORY_COPY_HOST_TO_DEVICE",1,"Agent 0","Agent 2",232088,143939964482367,143939964488847
"MEMORY_COPY","MEMORY_COPY_DEVICE_TO_HOST",1,"Agent 2","Agent 0",232182,143939966359098,143939966364258
"MEMORY_COPY","MEMORY_COPY_DEVICE_TO_HOST",1,"Agent 2","Agent 0",232190,143939966522119,143939966527319
"MEMORY_COPY","MEMORY_COPY_HOST_TO_DEVICE",1,"Agent 0","Agent 2",232194,143939966784810,143939966791290
"MEMORY_COPY","MEMORY_COPY_DEVICE_TO_HOST",1,"Agent 2","Agent 0",232246,143939968797571,143939968854052
"MEMORY_COPY","MEMORY_COPY_DEVICE_TO_HOST",1,"Agent 2","Agent 0",232258,143939972707393,143939972712073
"MEMORY_COPY","MEMORY_COPY_DEVICE_TO_HOST",1,"Agent 2","Agent 0",232266,143939972867024,143939972871744
"MEMORY_COPY","MEMORY_COPY_DEVICE_TO_HOST",1,"Agent 2","Agent 0",232358,143939974048540,143939974052820
"MEMORY_COPY","MEMORY_COPY_DEVICE_TO_HOST",1,"Agent 2","Agent 0",232366,143939974161401,143939974165641
"MEMORY_COPY","MEMORY_COPY_HOST_TO_DEVICE",1,"Agent 0","Agent 2",232370,143939974327022,143939974332262
"MEMORY_COPY","MEMORY_COPY_DEVICE_TO_HOST",1,"Agent 2","Agent 0",232494,143939976142762,143939976147122
"MEMORY_COPY","MEMORY_COPY_DEVICE_TO_HOST",1,"Agent 2","Agent 0",232502,143939976260423,143939976264743
"MEMORY_COPY","MEMORY_COPY_HOST_TO_DEVICE",1,"Agent 0","Agent 2",232506,143939976449314,143939976454594
"MEMORY_COPY","MEMORY_COPY_DEVICE_TO_HOST",1,"Agent 2","Agent 0",232630,143939977985532,143939977989932
"MEMORY_COPY","MEMORY_COPY_DEVICE_TO_HOST",1,"Agent 2","Agent 0",232638,143939978151743,143939978156143
"MEMORY_COPY","MEMORY_COPY_HOST_TO_DEVICE",1,"Agent 0","Agent 2",232642,143939978319284,143939978324564
"MEMORY_COPY","MEMORY_COPY_DEVICE_TO_HOST",1,"Agent 2","Agent 0",232766,143939980022434,143939980026874
"MEMORY_COPY","MEMORY_COPY_DEVICE_TO_HOST",1,"Agent 2","Agent 0",232774,143939980140974,143939980145374
"MEMORY_COPY","MEMORY_COPY_HOST_TO_DEVICE",1,"Agent 0","Agent 2",232778,143939980294775,143939980300135
"MEMORY_COPY","MEMORY_COPY_DEVICE_TO_HOST",1,"Agent 2","Agent 0",232900,143939982580408,143939982584848
"MEMORY_COPY","MEMORY_COPY_DEVICE_TO_HOST",1,"Agent 2","Agent 0",232908,143939982693099,143939982697579
"MEMORY_COPY","MEMORY_COPY_HOST_TO_DEVICE",1,"Agent 0","Agent 2",232912,143939982884610,143939982890090
"MEMORY_COPY","MEMORY_COPY_DEVICE_TO_HOST",1,"Agent 2","Agent 0",233036,143939984423308,143939984427708
"MEMORY_COPY","MEMORY_COPY_DEVICE_TO_HOST",1,"Agent 2","Agent 0",233044,143939984536419,143939984541259
"MEMORY_COPY","MEMORY_COPY_HOST_TO_DEVICE",1,"Agent 0","Agent 2",233048,143939984702510,143939984707870
"MEMORY_COPY","MEMORY_COPY_DEVICE_TO_HOST",1,"Agent 2","Agent 0",233172,143939986424109,143939986428469
"MEMORY_COPY","MEMORY_COPY_DEVICE_TO_HOST",1,"Agent 2","Agent 0",233180,143939986538780,143939986543180
"MEMORY_COPY","MEMORY_COPY_HOST_TO_DEVICE",1,"Agent 0","Agent 2",233184,143939986719171,143939986724491
"MEMORY_COPY","MEMORY_COPY_DEVICE_TO_HOST",1,"Agent 2","Agent 0",233308,143939988247559,143939988251920
"MEMORY_COPY","MEMORY_COPY_DEVICE_TO_HOST",1,"Agent 2","Agent 0",233316,143939988374170,143939988378530
"MEMORY_COPY","MEMORY_COPY_HOST_TO_DEVICE",1,"Agent 0","Agent 2",233320,143939988549981,143939988555541
"MEMORY_COPY","MEMORY_COPY_DEVICE_TO_HOST",1,"Agent 2","Agent 0",233444,143939990060010,143939990064330
"MEMORY_COPY","MEMORY_COPY_DEVICE_TO_HOST",1,"Agent 2","Agent 0",233452,143939990280061,143939990284341
"MEMORY_COPY","MEMORY_COPY_HOST_TO_DEVICE",1,"Agent 0","Agent 2",233456,143939990467852,143939990473052
"MEMORY_COPY","MEMORY_COPY_DEVICE_TO_HOST",1,"Agent 2","Agent 0",233578,143939992703364,143939992707644
"MEMORY_COPY","MEMORY_COPY_DEVICE_TO_HOST",1,"Agent 2","Agent 0",233586,143939992875745,143939992879985
"MEMORY_COPY","MEMORY_COPY_HOST_TO_DEVICE",1,"Agent 0","Agent 2",233590,143939993062946,143939993068266
"MEMORY_COPY","MEMORY_COPY_DEVICE_TO_HOST",1,"Agent 2","Agent 0",233714,143939994580735,143939994584975
"MEMORY_COPY","MEMORY_COPY_DEVICE_TO_HOST",1,"Agent 2","Agent 0",233722,143939994693365,143939994697685
"MEMORY_COPY","MEMORY_COPY_HOST_TO_DEVICE",1,"Agent 0","Agent 2",233726,143939994881326,143939994886646
"MEMORY_COPY","MEMORY_COPY_DEVICE_TO_HOST",1,"Agent 2","Agent 0",233850,143939996586026,143939996590266
"MEMORY_COPY","MEMORY_COPY_DEVICE_TO_HOST",1,"Agent 2","Agent 0",233858,143939996700197,143939996704477
"MEMORY_COPY","MEMORY_COPY_HOST_TO_DEVICE",1,"Agent 0","Agent 2",233862,143939996854607,143939996859807
"MEMORY_COPY","MEMORY_COPY_DEVICE_TO_HOST",1,"Agent 2","Agent 0",233986,143939998429566,143939998433806
"MEMORY_COPY","MEMORY_COPY_DEVICE_TO_HOST",1,"Agent 2","Agent 0",233994,143939998542307,143939998546627
"MEMORY_COPY","MEMORY_COPY_HOST_TO_DEVICE",1,"Agent 0","Agent 2",233998,143939998691548,143939998696748
"MEMORY_COPY","MEMORY_COPY_DEVICE_TO_HOST",1,"Agent 2","Agent 0",234122,143940000218636,143940000222916
"MEMORY_COPY","MEMORY_COPY_DEVICE_TO_HOST",1,"Agent 2","Agent 0",234130,143940000333327,143940000337567
"MEMORY_COPY","MEMORY_COPY_HOST_TO_DEVICE",1,"Agent 0","Agent 2",234134,143940000499788,143940000504988
"MEMORY_COPY","MEMORY_COPY_DEVICE_TO_HOST",1,"Agent 2","Agent 0",234256,143940002838431,143940002842711
"MEMORY_COPY","MEMORY_COPY_DEVICE_TO_HOST",1,"Agent 2","Agent 0",234264,143940002949531,143940002953691
"MEMORY_COPY","MEMORY_COPY_HOST_TO_DEVICE",1,"Agent 0","Agent 2",234268,143940003136182,143940003141462
"MEMORY_COPY","MEMORY_COPY_DEVICE_TO_HOST",1,"Agent 2","Agent 0",234362,143940004385869,143940004391069
"MEMORY_COPY","MEMORY_COPY_DEVICE_TO_HOST",1,"Agent 2","Agent 0",234370,143940004560790,143940004565950
"MEMORY_COPY","MEMORY_COPY_HOST_TO_DEVICE",1,"Agent 0","Agent 2",234374,143940004874452,143940004881132
"MEMORY_COPY","MEMORY_COPY_DEVICE_TO_HOST",1,"Agent 2","Agent 0",234468,143940006194279,143940006199439
"MEMORY_COPY","MEMORY_COPY_DEVICE_TO_HOST",1,"Agent 2","Agent 0",234476,143940006340340,143940006345460
"MEMORY_COPY","MEMORY_COPY_HOST_TO_DEVICE",1,"Agent 0","Agent 2",234480,143940006633512,143940006640152
"MEMORY_COPY","MEMORY_COPY_DEVICE_TO_HOST",1,"Agent 2","Agent 0",234574,143940008067310,143940008072550
"MEMORY_COPY","MEMORY_COPY_DEVICE_TO_HOST",1,"Agent 2","Agent 0",234582,143940008217801,143940008223001
"MEMORY_COPY","MEMORY_COPY_HOST_TO_DEVICE",1,"Agent 0","Agent 2",234586,143940008523192,143940008529592
"MEMORY_COPY","MEMORY_COPY_DEVICE_TO_HOST",1,"Agent 2","Agent 0",234680,143940009813931,143940009819091
"MEMORY_COPY","MEMORY_COPY_DEVICE_TO_HOST",1,"Agent 2","Agent 0",234688,143940009962942,143940009968142
"MEMORY_COPY","MEMORY_COPY_HOST_TO_DEVICE",1,"Agent 0","Agent 2",234692,143940010283484,143940010290084
"MEMORY_COPY","MEMORY_COPY_DEVICE_TO_HOST",1,"Agent 2","Agent 0",234786,143940012272585,143940012277745
"MEMORY_COPY","MEMORY_COPY_DEVICE_TO_HOST",1,"Agent 2","Agent 0",234794,143940012420616,143940012425696
"MEMORY_COPY","MEMORY_COPY_HOST_TO_DEVICE",1,"Agent 0","Agent 2",234798,143940012695437,143940012701878
"MEMORY_COPY","MEMORY_COPY_DEVICE_TO_HOST",1,"Agent 2","Agent 0",234892,143940014196006,143940014201126
"MEMORY_COPY","MEMORY_COPY_DEVICE_TO_HOST",1,"Agent 2","Agent 0",234900,143940014344577,143940014349697
"MEMORY_COPY","MEMORY_COPY_HOST_TO_DEVICE",1,"Agent 0","Agent 2",234904,143940014647318,143940014653798
"MEMORY_COPY","MEMORY_COPY_DEVICE_TO_HOST",1,"Agent 2","Agent 0",234998,143940015974096,143940015979216
"MEMORY_COPY","MEMORY_COPY_DEVICE_TO_HOST",1,"Agent 2","Agent 0",235006,143940016158547,143940016163667
"MEMORY_COPY","MEMORY_COPY_HOST_TO_DEVICE",1,"Agent 0","Agent 2",235010,143940016452238,143940016458718
"MEMORY_COPY","MEMORY_COPY_DEVICE_TO_HOST",1,"Agent 2","Agent 0",235104,143940017786326,143940017791566
"MEMORY_COPY","MEMORY_COPY_DEVICE_TO_HOST",1,"Agent 2","Agent 0",235112,143940017932107,143940017937187
"MEMORY_COPY","MEMORY_COPY_HOST_TO_DEVICE",1,"Agent 0","Agent 2",235116,143940018243698,143940018250218
"MEMORY_COPY","MEMORY_COPY_DEVICE_TO_HOST",1,"Agent 2","Agent 0",235210,143940019718567,143940019724207
"MEMORY_COPY","MEMORY_COPY_DEVICE_TO_HOST",1,"Agent 2","Agent 0",235218,143940019865757,143940019871357
"MEMORY_COPY","MEMORY_COPY_HOST_TO_DEVICE",1,"Agent 0","Agent 2",235222,143940020194309,143940020200829
"MEMORY_COPY","MEMORY_COPY_DEVICE_TO_HOST",1,"Agent 2","Agent 0",235316,143940022195940,143940022201060
"MEMORY_COPY","MEMORY_COPY_DEVICE_TO_HOST",1,"Agent 2","Agent 0",235324,143940022344711,143940022349871
"MEMORY_COPY","MEMORY_COPY_HOST_TO_DEVICE",1,"Agent 0","Agent 2",235328,143940022651633,143940022658193
"MEMORY_COPY","MEMORY_COPY_DEVICE_TO_HOST",1,"Agent 2","Agent 0",235422,143940023957260,143940023962500
"MEMORY_COPY","MEMORY_COPY_DEVICE_TO_HOST",1,"Agent 2","Agent 0",235430,143940024107111,143940024112271
"MEMORY_COPY","MEMORY_COPY_HOST_TO_DEVICE",1,"Agent 0","Agent 2",235434,143940024393773,143940024400213
"MEMORY_COPY","MEMORY_COPY_DEVICE_TO_HOST",1,"Agent 2","Agent 0",235528,143940025708260,143940025713380
"MEMORY_COPY","MEMORY_COPY_DEVICE_TO_HOST",1,"Agent 2","Agent 0",235536,143940025855441,143940025860641
"MEMORY_COPY","MEMORY_COPY_HOST_TO_DEVICE",1,"Agent 0","Agent 2",235540,143940026191363,143940026197803
"MEMORY_COPY","MEMORY_COPY_DEVICE_TO_HOST",1,"Agent 2","Agent 0",235634,143940027648961,143940027654121
"MEMORY_COPY","MEMORY_COPY_DEVICE_TO_HOST",1,"Agent 2","Agent 0",235642,143940027798602,143940027803722
"MEMORY_COPY","MEMORY_COPY_HOST_TO_DEVICE",1,"Agent 0","Agent 2",235646,143940028146454,143940028152894
"MEMORY_COPY","MEMORY_COPY_DEVICE_TO_HOST",1,"Agent 2","Agent 0",235740,143940029448101,143940029453301
"MEMORY_COPY","MEMORY_COPY_DEVICE_TO_HOST",1,"Agent 2","Agent 0",235748,143940029595852,143940029601132
"MEMORY_COPY","MEMORY_COPY_HOST_TO_DEVICE",1,"Agent 0","Agent 2",235752,143940029871043,143940029877523
"MEMORY_COPY","MEMORY_COPY_DEVICE_TO_HOST",1,"Agent 2","Agent 0",235846,143940031883764,143940031888924
"MEMORY_COPY","MEMORY_COPY_DEVICE_TO_HOST",1,"Agent 2","Agent 0",235854,143940032045975,143940032051495
"MEMORY_COPY","MEMORY_COPY_HOST_TO_DEVICE",1,"Agent 0","Agent 2",235858,143940032319577,143940032325977
"MEMORY_COPY","MEMORY_COPY_DEVICE_TO_HOST",1,"Agent 2","Agent 0",235952,143940033803835,143940033808995
"MEMORY_COPY","MEMORY_COPY_DEVICE_TO_HOST",1,"Agent 2","Agent 0",235960,143940033952306,143940033957466
"MEMORY_COPY","MEMORY_COPY_HOST_TO_DEVICE",1,"Agent 0","Agent 2",235964,143940034303838,143940034310358
"MEMORY_COPY","MEMORY_COPY_DEVICE_TO_HOST",1,"Agent 2","Agent 0",236058,143940035617995,143940035623195
"MEMORY_COPY","MEMORY_COPY_DEVICE_TO_HOST",1,"Agent 2","Agent 0",236066,143940035766366,143940035771566
"MEMORY_COPY","MEMORY_COPY_HOST_TO_DEVICE",1,"Agent 0","Agent 2",236070,143940036028458,143940036034978
"MEMORY_COPY","MEMORY_COPY_DEVICE_TO_HOST",1,"Agent 2","Agent 0",236164,143940037348595,143940037353835
"MEMORY_COPY","MEMORY_COPY_DEVICE_TO_HOST",1,"Agent 2","Agent 0",236172,143940037496066,143940037501226
"MEMORY_COPY","MEMORY_COPY_HOST_TO_DEVICE",1,"Agent 0","Agent 2",236176,143940037750167,143940037756607
"MEMORY_COPY","MEMORY_COPY_DEVICE_TO_HOST",1,"Agent 2","Agent 0",236270,143940039248556,143940039253716
"MEMORY_COPY","MEMORY_COPY_DEVICE_TO_HOST",1,"Agent 2","Agent 0",236278,143940039395776,143940039400936
"MEMORY_COPY","MEMORY_COPY_HOST_TO_DEVICE",1,"Agent 0","Agent 2",236282,143940039643538,143940039650018
"MEMORY_COPY","MEMORY_COPY_DEVICE_TO_HOST",1,"Agent 2","Agent 0",236376,143940041583349,143940041588469
"MEMORY_COPY","MEMORY_COPY_DEVICE_TO_HOST",1,"Agent 2","Agent 0",236384,143940041731839,143940041737199
"MEMORY_COPY","MEMORY_COPY_HOST_TO_DEVICE",1,"Agent 0","Agent 2",236388,143940041997221,143940042003661
"MEMORY_COPY","MEMORY_COPY_DEVICE_TO_HOST",1,"Agent 2","Agent 0",236440,143940043998862,143940044055382
"MEMORY_COPY","MEMORY_COPY_DEVICE_TO_HOST",1,"Agent 2","Agent 0",236452,143940047674682,143940047679403
"MEMORY_COPY","MEMORY_COPY_DEVICE_TO_HOST",1,"Agent 2","Agent 0",236460,143940047862574,143940047867254
"MEMORY_COPY","MEMORY_COPY_DEVICE_TO_HOST",1,"Agent 2","Agent 0",236552,143940049048330,143940049052610
"MEMORY_COPY","MEMORY_COPY_DEVICE_TO_HOST",1,"Agent 2","Agent 0",236560,143940049165891,143940049170251
"MEMORY_COPY","MEMORY_COPY_HOST_TO_DEVICE",1,"Agent 0","Agent 2",236564,143940049331282,143940049336522
"MEMORY_COPY","MEMORY_COPY_DEVICE_TO_HOST",1,"Agent 2","Agent 0",236688,143940051069711,143940051074031
"MEMORY_COPY","MEMORY_COPY_DEVICE_TO_HOST",1,"Agent 2","Agent 0",236696,143940051186882,143940051191202
"MEMORY_COPY","MEMORY_COPY_HOST_TO_DEVICE",1,"Agent 0","Agent 2",236700,143940051355503,143940051361223
"MEMORY_COPY","MEMORY_COPY_DEVICE_TO_HOST",1,"Agent 2","Agent 0",236824,143940052953372,143940052957732
"MEMORY_COPY","MEMORY_COPY_DEVICE_TO_HOST",1,"Agent 2","Agent 0",236832,143940053066163,143940053070483
"MEMORY_COPY","MEMORY_COPY_HOST_TO_DEVICE",1,"Agent 0","Agent 2",236836,143940053238853,143940053244174
"MEMORY_COPY","MEMORY_COPY_DEVICE_TO_HOST",1,"Agent 2","Agent 0",236960,143940054934213,143940054938573
"MEMORY_COPY","MEMORY_COPY_DEVICE_TO_HOST",1,"Agent 2","Agent 0",236968,143940055049074,143940055053474
"MEMORY_COPY","MEMORY_COPY_HOST_TO_DEVICE",1,"Agent 0","Agent 2",236972,143940055204044,143940055209924
"MEMORY_COPY","MEMORY_COPY_DEVICE_TO_HOST",1,"Agent 2","Agent 0",237094,143940057526537,143940057530897
"MEMORY_COPY","MEMORY_COPY_DEVICE_TO_HOST",1,"Agent 2","Agent 0",237102,143940057637768,143940057642128
"MEMORY_COPY","MEMORY_COPY_HOST_TO_DEVICE",1,"Agent 0","Agent 2",237106,143940057802419,143940057807779
"MEMORY_COPY","MEMORY_COPY_DEVICE_TO_HOST",1,"Agent 2","Agent 0",237230,143940059330657,143940059335017
"MEMORY_COPY","MEMORY_COPY_DEVICE_TO_HOST",1,"Agent 2","Agent 0",237238,143940059460188,143940059464548
"MEMORY_COPY","MEMORY_COPY_HOST_TO_DEVICE",1,"Agent 0","Agent 2",237242,143940059630829,143940059636109
"MEMORY_COPY","MEMORY_COPY_DEVICE_TO_HOST",1,"Agent 2","Agent 0",237366,143940061396279,143940061400599
"MEMORY_COPY","MEMORY_COPY_DEVICE_TO_HOST",1,"Agent 2","Agent 0",237374,143940061508670,143940061513030
"MEMORY_COPY","MEMORY_COPY_HOST_TO_DEVICE",1,"Agent 0","Agent 2",237378,143940061671171,143940061676571
"MEMORY_COPY","MEMORY_COPY_DEVICE_TO_HOST",1,"Agent 2","Agent 0",237502,143940063215539,143940063219819
"MEMORY_COPY","MEMORY_COPY_DEVICE_TO_HOST",1,"Agent 2","Agent 0",237510,143940063343700,143940063347980
"MEMORY_COPY","MEMORY_COPY_HOST_TO_DEVICE",1,"Agent 0","Agent 2",237514,143940063522251,143940063527651
"MEMORY_COPY","MEMORY_COPY_DEVICE_TO_HOST",1,"Agent 2","Agent 0",237638,143940065050719,143940065054959
"MEMORY_COPY","MEMORY_COPY_DEVICE_TO_HOST",1,"Agent 2","Agent 0",237646,143940065163760,143940065168000
"MEMORY_COPY","MEMORY_COPY_HOST_TO_DEVICE",1,"Agent 0","Agent 2",237650,143940065315411,143940065320731
"MEMORY_COPY","MEMORY_COPY_DEVICE_TO_HOST",1,"Agent 2","Agent 0",237772,143940067696334,143940067700614
"MEMORY_COPY","MEMORY_COPY_DEVICE_TO_HOST",1,"Agent 2","Agent 0",237780,143940067806225,143940067810425
"MEMORY_COPY","MEMORY_COPY_HOST_TO_DEVICE",1,"Agent 0","Agent 2",237784,143940067960076,143940067965316
"MEMORY_COPY","MEMORY_COPY_DEVICE_TO_HOST",1,"Agent 2","Agent 0",237908,143940069746556,143940069750836
"MEMORY_COPY","MEMORY_COPY_DEVICE_TO_HOST",1,"Agent 2","Agent 0",237916,143940069994417,143940069998697
"MEMORY_COPY","MEMORY_COPY_HOST_TO_DEVICE",1,"Agent 0","Agent 2",237920,143940070242178,143940070247498
"MEMORY_COPY","MEMORY_COPY_DEVICE_TO_HOST",1,"Agent 2","Agent 0",238044,143940072077779,143940072082099
"MEMORY_COPY","MEMORY_COPY_DEVICE_TO_HOST",1,"Agent 2","Agent 0",238052,143940072198170,143940072202410
"MEMORY_COPY","MEMORY_COPY_HOST_TO_DEVICE",1,"Agent 0","Agent 2",238056,143940072385231,143940072390391
"MEMORY_COPY","MEMORY_COPY_DEVICE_TO_HOST",1,"Agent 2","Agent 0",238180,143940073974090,143940073978370
"MEMORY_COPY","MEMORY_COPY_DEVICE_TO_HOST",1,"Agent 2","Agent 0",238188,143940074121650,143940074125890
"MEMORY_COPY","MEMORY_COPY_HOST_TO_DEVICE",1,"Agent 0","Agent 2",238192,143940074312361,143940074317521
"MEMORY_COPY","MEMORY_COPY_DEVICE_TO_HOST",1,"Agent 2","Agent 0",238316,143940075891610,143940075896090
"MEMORY_COPY","MEMORY_COPY_DEVICE_TO_HOST",1,"Agent 2","Agent 0",238324,143940076044161,143940076048441
"MEMORY_COPY","MEMORY_COPY_HOST_TO_DEVICE",1,"Agent 0","Agent 2",238328,143940076231112,143940076236272
"MEMORY_COPY","MEMORY_COPY_DEVICE_TO_HOST",1,"Agent 2","Agent 0",238450,143940078740116,143940078744356
"MEMORY_COPY","MEMORY_COPY_DEVICE_TO_HOST",1,"Agent 2","Agent 0",238458,143940078857757,143940078861957
"MEMORY_COPY","MEMORY_COPY_HOST_TO_DEVICE",1,"Agent 0","Agent 2",238462,143940079081298,143940079086578
"MEMORY_COPY","MEMORY_COPY_DEVICE_TO_HOST",1,"Agent 2","Agent 0",238556,143940080374375,143940080379575
"MEMORY_COPY","MEMORY_COPY_DEVICE_TO_HOST",1,"Agent 2","Agent 0",238564,143940080551716,143940080556956
"MEMORY_COPY","MEMORY_COPY_HOST_TO_DEVICE",1,"Agent 0","Agent 2",238568,143940080931518,143940080937998
"MEMORY_COPY","MEMORY_COPY_DEVICE_TO_HOST",1,"Agent 2","Agent 0",238662,143940082281236,143940082286396
"MEMORY_COPY","MEMORY_COPY_DEVICE_TO_HOST",1,"Agent 2","Agent 0",238670,143940082460297,143940082465457
"MEMORY_COPY","MEMORY_COPY_HOST_TO_DEVICE",1,"Agent 0","Agent 2",238674,143940082795158,143940082801558
"MEMORY_COPY","MEMORY_COPY_DEVICE_TO_HOST",1,"Agent 2","Agent 0",238768,143940084309047,143940084314167
"MEMORY_COPY","MEMORY_COPY_DEVICE_TO_HOST",1,"Agent 2","Agent 0",238776,143940084462798,143940084468038
"MEMORY_COPY","MEMORY_COPY_HOST_TO_DEVICE",1,"Agent 0","Agent 2",238780,143940084815360,143940084821800
"MEMORY_COPY","MEMORY_COPY_DEVICE_TO_HOST",1,"Agent 2","Agent 0",238874,143940086174777,143940086179937
"MEMORY_COPY","MEMORY_COPY_DEVICE_TO_HOST",1,"Agent 2","Agent 0",238882,143940086326878,143940086332158
"MEMORY_COPY","MEMORY_COPY_HOST_TO_DEVICE",1,"Agent 0","Agent 2",238886,143940086680860,143940086687620
"MEMORY_COPY","MEMORY_COPY_DEVICE_TO_HOST",1,"Agent 2","Agent 0",238980,143940088787472,143940088792792
"MEMORY_COPY","MEMORY_COPY_DEVICE_TO_HOST",1,"Agent 2","Agent 0",238988,143940088942683,143940088947883
"MEMORY_COPY","MEMORY_COPY_HOST_TO_DEVICE",1,"Agent 0","Agent 2",238992,143940089319235,143940089325675
"MEMORY_COPY","MEMORY_COPY_DEVICE_TO_HOST",1,"Agent 2","Agent 0",239086,143940090822763,143940090827883
"MEMORY_COPY","MEMORY_COPY_DEVICE_TO_HOST",1,"Agent 2","Agent 0",239094,143940090976514,143940090981634
"MEMORY_COPY","MEMORY_COPY_HOST_TO_DEVICE",1,"Agent 0","Agent 2",239098,143940091359416,143940091366016
"MEMORY_COPY","MEMORY_COPY_DEVICE_TO_HOST",1,"Agent 2","Agent 0",239192,143940092716973,143940092722173
"MEMORY_COPY","MEMORY_COPY_DEVICE_TO_HOST",1,"Agent 2","Agent 0",239200,143940092870714,143940092875834
"MEMORY_COPY","MEMORY_COPY_HOST_TO_DEVICE",1,"Agent 0","Agent 2",239204,143940093243276,143940093249716
"MEMORY_COPY","MEMORY_COPY_DEVICE_TO_HOST",1,"Agent 2","Agent 0",239298,143940094630134,143940094635334
"MEMORY_COPY","MEMORY_COPY_DEVICE_TO_HOST",1,"Agent 2","Agent 0",239306,143940094780315,143940094785435
"MEMORY_COPY","MEMORY_COPY_HOST_TO_DEVICE",1,"Agent 0","Agent 2",239310,143940095156937,143940095163457
"MEMORY_COPY","MEMORY_COPY_DEVICE_TO_HOST",1,"Agent 2","Agent 0",239404,143940096669435,143940096674555
"MEMORY_COPY","MEMORY_COPY_DEVICE_TO_HOST",1,"Agent 2","Agent 0",239412,143940096823896,143940096829056
"MEMORY_COPY","MEMORY_COPY_HOST_TO_DEVICE",1,"Agent 0","Agent 2",239416,143940097159078,143940097165558
"MEMORY_COPY","MEMORY_COPY_DEVICE_TO_HOST",1,"Agent 2","Agent 0",239510,143940099246080,143940099251200
"MEMORY_COPY","MEMORY_COPY_DEVICE_TO_HOST",1,"Agent 2","Agent 0",239518,143940099393530,143940099398650
"MEMORY_COPY","MEMORY_COPY_HOST_TO_DEVICE",1,"Agent 0","Agent 2",239522,143940099698852,143940099705572
"MEMORY_COPY","MEMORY_COPY_DEVICE_TO_HOST",1,"Agent 2","Agent 0",239616,143940101004809,143940101010769
"MEMORY_COPY","MEMORY_COPY_DEVICE_TO_HOST",1,"Agent 2","Agent 0",239624,143940101171540,143940101176740
"MEMORY_COPY","MEMORY_COPY_HOST_TO_DEVICE",1,"Agent 0","Agent 2",239628,143940101476752,143940101483232
"MEMORY_COPY","MEMORY_COPY_DEVICE_TO_HOST",1,"Agent 2","Agent 0",239722,143940102800249,143940102805369
"MEMORY_COPY","MEMORY_COPY_DEVICE_TO_HOST",1,"Agent 2","Agent 0",239730,143940102948820,143940102953980
"MEMORY_COPY","MEMORY_COPY_HOST_TO_DEVICE",1,"Agent 0","Agent 2",239734,143940103277692,143940103284132
"MEMORY_COPY","MEMORY_COPY_DEVICE_TO_HOST",1,"Agent 2","Agent 0",239828,143940104814360,143940104819601
"MEMORY_COPY","MEMORY_COPY_DEVICE_TO_HOST",1,"Agent 2","Agent 0",239836,143940104983931,143940104989051
"MEMORY_COPY","MEMORY_COPY_HOST_TO_DEVICE",1,"Agent 0","Agent 2",239840,143940105310713,143940105317193
"MEMORY_COPY","MEMORY_COPY_DEVICE_TO_HOST",1,"Agent 2","Agent 0",239934,143940106632011,143940106637171
"MEMORY_COPY","MEMORY_COPY_DEVICE_TO_HOST",1,"Agent 2","Agent 0",239942,143940106781691,143940106786851
"MEMORY_COPY","MEMORY_COPY_HOST_TO_DEVICE",1,"Agent 0","Agent 2",239946,143940107094933,143940107101373
"MEMORY_COPY","MEMORY_COPY_DEVICE_TO_HOST",1,"Agent 2","Agent 0",240040,143940109194055,143940109199215
"MEMORY_COPY","MEMORY_COPY_DEVICE_TO_HOST",1,"Agent 2","Agent 0",240048,143940109340756,143940109346156
"MEMORY_COPY","MEMORY_COPY_HOST_TO_DEVICE",1,"Agent 0","Agent 2",240052,143940109635247,143940109641927
"MEMORY_COPY","MEMORY_COPY_DEVICE_TO_HOST",1,"Agent 2","Agent 0",240146,143940111168556,143940111173676
"MEMORY_COPY","MEMORY_COPY_DEVICE_TO_HOST",1,"Agent 2","Agent 0",240154,143940111316487,143940111321607
"MEMORY_COPY","MEMORY_COPY_HOST_TO_DEVICE",1,"Agent 0","Agent 2",240158,143940111596638,143940111603118
"MEMORY_COPY","MEMORY_COPY_DEVICE_TO_HOST",1,"Agent 2","Agent 0",240252,143940112903415,143940112908535
"MEMORY_COPY","MEMORY_COPY_DEVICE_TO_HOST",1,"Agent 2","Agent 0",240260,143940113050976,143940113056096
"MEMORY_COPY","MEMORY_COPY_HOST_TO_DEVICE",1,"Agent 0","Agent 2",240264,143940113294108,143940113300548
"MEMORY_COPY","MEMORY_COPY_DEVICE_TO_HOST",1,"Agent 2","Agent 0",240358,143940114621155,143940114626315
"MEMORY_COPY","MEMORY_COPY_DEVICE_TO_HOST",1,"Agent 2","Agent 0",240366,143940114767356,143940114772516
"MEMORY_COPY","MEMORY_COPY_HOST_TO_DEVICE",1,"Agent 0","Agent 2",240370,143940115054307,143940115061027
"MEMORY_COPY","MEMORY_COPY_DEVICE_TO_HOST",1,"Agent 2","Agent 0",240464,143940116508415,143940116513535
"MEMORY_COPY","MEMORY_COPY_DEVICE_TO_HOST",1,"Agent 2","Agent 0",240472,143940116662826,143940116668106
"MEMORY_COPY","MEMORY_COPY_HOST_TO_DEVICE",1,"Agent 0","Agent 2",240476,143940116937678,143940116944358
"MEMORY_COPY","MEMORY_COPY_DEVICE_TO_HOST",1,"Agent 2","Agent 0",240570,143940119052979,143940119058139
"MEMORY_COPY","MEMORY_COPY_DEVICE_TO_HOST",1,"Agent 2","Agent 0",240578,143940119356671,143940119361791
"MEMORY_COPY","MEMORY_COPY_HOST_TO_DEVICE",1,"Agent 0","Agent 2",240582,143940119716653,143940119723293
"MEMORY_COPY","MEMORY_COPY_DEVICE_TO_HOST",1,"Agent 2","Agent 0",240634,143940121794205,143940121850885
