"Kind","Operation","Agent_Id","Allocation_Size","Address","Correlation_Id","Start_Timestamp","End_Timestamp"
"MEMORY_ALLOCATION","MEMORY_ALLOCATION_ALLOCATE","Agent 0",4194304,"0x0000794d6b400000",1,143927621690947,143927623548615
"MEMORY_ALLOCATION","MEMORY_ALLOCATION_ALLOCATE","Agent 0",56,"0x00007950a1831000",1,143927623653157,143927623680107
"MEMORY_ALLOCATION","MEMORY_ALLOCATION_ALLOCATE","Agent 0",4194304,"0x0000794d66c00000",18,143927641145452,143927643105702
"MEMORY_ALLOCATION","MEMORY_ALLOCATION_ALLOCATE","Agent 0",4194304,"0x0000794d66600000",18,143927657742233,143927659500200
"MEMORY_ALLOCATION","MEMORY_ALLOCATION_ALLOCATE","Agent 2",2,"0x0000794d66200000",20,143927659930156,143927659986707
"MEMORY_ALLOCATION","MEMORY_ALLOCATION_ALLOCATE","Agent 2",2,"0x0000794d66201000",26,143927660336162,143927660338492
"MEMORY_ALLOCATION","MEMORY_ALLOCATION_ALLOCATE","Agent 2",8388608,"0x0000794d65800000",32,143927660410403,143927660451204
"MEMORY_ALLOCATION","MEMORY_ALLOCATION_ALLOCATE","Agent 2",2,"0x0000794d66202000",38,143927732218341,143927732221481
"MEMORY_ALLOCATION","MEMORY_ALLOCATION_ALLOCATE","Agent 2",2,"0x0000794d66203000",44,143927732344843,143927732345523
"MEMORY_ALLOCATION","MEMORY_ALLOCATION_ALLOCATE","Agent 2",2,"0x0000794d66204000",50,143927732405884,143927732406454
"MEMORY_ALLOCATION","MEMORY_ALLOCATION_ALLOCATE","Agent 2",2,"0x0000794d66205000",56,143927732672568,143927732673138
"MEMORY_ALLOCATION","MEMORY_ALLOCATION_ALLOCATE","Agent 2",8388608,"0x0000794d63400000",62,143927732730149,143927732780059
"MEMORY_ALLOCATION","MEMORY_ALLOCATION_ALLOCATE","Agent 2",2,"0x0000794d66206000",68,143927791495418,143927791498308
"MEMORY_ALLOCATION","MEMORY_ALLOCATION_ALLOCATE","Agent 2",2,"0x0000794d66207000",74,143927791578939,143927791579629
"MEMORY_ALLOCATION","MEMORY_ALLOCATION_ALLOCATE","Agent 2",2048,"0x0000794d66208000",80,143927791638420,143927791639070
"MEMORY_ALLOCATION","MEMORY_ALLOCATION_ALLOCATE","Agent 2",2048,"0x0000794d66209000",86,143927791695721,143927791696321
"MEMORY_ALLOCATION","MEMORY_ALLOCATION_ALLOCATE","Agent 2",2,"0x0000794d6620a000",92,143927791754422,143927791755212
"MEMORY_ALLOCATION","MEMORY_ALLOCATION_ALLOCATE","Agent 2",2,"0x0000794d6620b000",98,143927791810903,143927791811693
"MEMORY_ALLOCATION","MEMORY_ALLOCATION_ALLOCATE","Agent 2",8388608,"0x0000794d62a00000",104,143927791867374,143927791941405
"MEMORY_ALLOCATION","MEMORY_ALLOCATION_ALLOCATE","Agent 2",2,"0x0000794d6620c000",110,143927848226717,143927848230177
"MEMORY_ALLOCATION","MEMORY_ALLOCATION_ALLOCATE","Agent 2",2,"0x0000794d6620d000",116,143927848309518,143927848310188
"MEMORY_ALLOCATION","MEMORY_ALLOCATION_ALLOCATE","Agent 2",2,"0x0000794d6620e000",122,143927848381219,143927848381959
"MEMORY_ALLOCATION","MEMORY_ALLOCATION_ALLOCATE","Agent 2",2,"0x0000794d6620f000",128,143927848439620,143927848440100
"MEMORY_ALLOCATION","MEMORY_ALLOCATION_ALLOCATE","Agent 2",8388608,"0x0000794d62000000",134,143927848497071,143927848577462
"MEMORY_ALLOCATION","MEMORY_ALLOCATION_ALLOCATE","Agent 2",2,"0x0000794d66210000",140,143927904496619,143927904500579
"MEMORY_ALLOCATION","MEMORY_ALLOCATION_ALLOCATE","Agent 2",2,"0x0000794d66211000",146,143927904602791,143927904603521
"MEMORY_ALLOCATION","MEMORY_ALLOCATION_ALLOCATE","Agent 2",2048,"0x0000794d66212000",152,143927904665862,143927904666532
"MEMORY_ALLOCATION","MEMORY_ALLOCATION_ALLOCATE","Agent 2",2048,"0x0000794d66213000",158,143927904729513,143927904730133
"MEMORY_ALLOCATION","MEMORY_ALLOCATION_ALLOCATE","Agent 2",2048,"0x0000794d66214000",164,143927904805144,143927904805884
"MEMORY_ALLOCATION","MEMORY_ALLOCATION_ALLOCATE","Agent 2",10240,"0x0000794d66215000",170,143927904867665,143927904868285
"MEMORY_ALLOCATION","MEMORY_ALLOCATION_ALLOCATE","Agent 2",2,"0x0000794d66218000",176,143927904932406,143927904933026
"MEMORY_ALLOCATION","MEMORY_ALLOCATION_ALLOCATE","Agent 2",2,"0x0000794d66219000",182,143927904989707,143927904990377
"MEMORY_ALLOCATION","MEMORY_ALLOCATION_ALLOCATE","Agent 2",2097152,"0x0000794d65400000",188,143927905086128,143927905265561
"MEMORY_ALLOCATION","MEMORY_ALLOCATION_ALLOCATE","Agent 2",2,"0x0000794d6621a000",194,143927919485806,143927919490046
"MEMORY_ALLOCATION","MEMORY_ALLOCATION_ALLOCATE","Agent 2",2,"0x0000794d6621b000",200,143927919572177,143927919572867
"MEMORY_ALLOCATION","MEMORY_ALLOCATION_ALLOCATE","Agent 2",2,"0x0000794d6621c000",206,143927919634588,143927919635338
"MEMORY_ALLOCATION","MEMORY_ALLOCATION_ALLOCATE","Agent 2",2,"0x0000794d6621d000",212,143927919702039,143927919702589
"MEMORY_ALLOCATION","MEMORY_ALLOCATION_ALLOCATE","Agent 2",4194304,"0x0000794d61a00000",218,143927919765230,143927919857762
"MEMORY_ALLOCATION","MEMORY_ALLOCATION_ALLOCATE","Agent 2",2,"0x0000794d6621e000",224,143927947612572,143927947615382
"MEMORY_ALLOCATION","MEMORY_ALLOCATION_ALLOCATE","Agent 2",2,"0x0000794d6621f000",230,143927947703173,143927947703853
"MEMORY_ALLOCATION","MEMORY_ALLOCATION_ALLOCATE","Agent 2",2048,"0x0000794d66220000",236,143927947773394,143927947774354
"MEMORY_ALLOCATION","MEMORY_ALLOCATION_ALLOCATE","Agent 2",2048,"0x0000794d66221000",242,143927947844156,143927947844776
"MEMORY_ALLOCATION","MEMORY_ALLOCATION_ALLOCATE","Agent 2",2048,"0x0000794d66222000",248,143927947913027,143927947913647
"MEMORY_ALLOCATION","MEMORY_ALLOCATION_ALLOCATE","Agent 2",2048,"0x0000794d66223000",254,143927947982278,143927947982758
"MEMORY_ALLOCATION","MEMORY_ALLOCATION_ALLOCATE","Agent 2",2,"0x0000794d66224000",260,143927948052579,143927948053349
"MEMORY_ALLOCATION","MEMORY_ALLOCATION_ALLOCATE","Agent 2",2,"0x0000794d66225000",266,143927948122660,143927948123230
"MEMORY_ALLOCATION","MEMORY_ALLOCATION_ALLOCATE","Agent 2",2097152,"0x0000794d65000000",272,143927948191121,143927948365113
"MEMORY_ALLOCATION","MEMORY_ALLOCATION_ALLOCATE","Agent 2",2,"0x0000794d66226000",278,143927962415976,143927962417726
"MEMORY_ALLOCATION","MEMORY_ALLOCATION_ALLOCATE","Agent 2",2,"0x0000794d66227000",284,143927962489387,143927962490027
"MEMORY_ALLOCATION","MEMORY_ALLOCATION_ALLOCATE","Agent 2",256,"0x0000794d66228000",290,143927962551688,143927962552248
"MEMORY_ALLOCATION","MEMORY_ALLOCATION_ALLOCATE","Agent 2",2,"0x0000794d66229000",296,143927962613489,143927962614189
"MEMORY_ALLOCATION","MEMORY_ALLOCATION_ALLOCATE","Agent 2",2,"0x0000794d6622a000",302,143927962674100,143927962674640
"MEMORY_ALLOCATION","MEMORY_ALLOCATION_ALLOCATE","Agent 2",2097152,"0x0000794d61600000",308,143927962738241,143927962796012
"MEMORY_ALLOCATION","MEMORY_ALLOCATION_ALLOCATE","Agent 2",2,"0x0000794d6622b000",314,143927976213095,143927976216935
"MEMORY_ALLOCATION","MEMORY_ALLOCATION_ALLOCATE","Agent 2",2,"0x0000794d6622c000",320,143927976301877,143927976302887
"MEMORY_ALLOCATION","MEMORY_ALLOCATION_ALLOCATE","Agent 2",2,"0x0000794d6622d000",326,143927976371198,143927976371908
"MEMORY_ALLOCATION","MEMORY_ALLOCATION_ALLOCATE","Agent 2",2,"0x0000794d6622e000",332,143927976449309,143927976450219
"MEMORY_ALLOCATION","MEMORY_ALLOCATION_ALLOCATE","Agent 2",2097152,"0x0000794d61200000",338,143927976509650,143927976583111
"MEMORY_ALLOCATION","MEMORY_ALLOCATION_ALLOCATE","Agent 2",2,"0x0000794d6622f000",344,143927990278928,143927990280608
"MEMORY_ALLOCATION","MEMORY_ALLOCATION_ALLOCATE","Agent 2",2,"0x0000794d66230000",350,143927990356939,143927990357749
"MEMORY_ALLOCATION","MEMORY_ALLOCATION_ALLOCATE","Agent 2",2097152,"0x0000794d60400000",356,143927991973924,143927992063315
"MEMORY_ALLOCATION","MEMORY_ALLOCATION_ALLOCATE","Agent 2",2,"0x0000794d66231000",362,143927997648920,143927997650730
"MEMORY_ALLOCATION","MEMORY_ALLOCATION_ALLOCATE","Agent 2",2,"0x0000794d66232000",368,143927997724541,143927997725641
"MEMORY_ALLOCATION","MEMORY_ALLOCATION_ALLOCATE","Agent 2",2097152,"0x0000794d60000000",374,143927997796032,143927997857153
"MEMORY_ALLOCATION","MEMORY_ALLOCATION_ALLOCATE","Agent 2",2,"0x0000794d66233000",380,143928011707193,143928011709153
"MEMORY_ALLOCATION","MEMORY_ALLOCATION_ALLOCATE","Agent 2",2,"0x0000794d66234000",386,143928011779954,143928011780724
"MEMORY_ALLOCATION","MEMORY_ALLOCATION_ALLOCATE","Agent 2",2,"0x0000794d66235000",392,143928011847185,143928011847745
"MEMORY_ALLOCATION","MEMORY_ALLOCATION_ALLOCATE","Agent 2",2,"0x0000794d66236000",398,143928011916066,143928011916736
"MEMORY_ALLOCATION","MEMORY_ALLOCATION_ALLOCATE","Agent 2",8388608,"0x0000794d5f600000",404,143928011981597,143928012060818
"MEMORY_ALLOCATION","MEMORY_ALLOCATION_ALLOCATE","Agent 2",2,"0x0000794d66237000",410,143928068835308,143928068839698
"MEMORY_ALLOCATION","MEMORY_ALLOCATION_ALLOCATE","Agent 2",2,"0x0000794d66238000",416,143928069042291,143928069043201
"MEMORY_ALLOCATION","MEMORY_ALLOCATION_ALLOCATE","Agent 2",2,"0x0000794d66239000",422,143928069126622,143928069127322
"MEMORY_ALLOCATION","MEMORY_ALLOCATION_ALLOCATE","Agent 2",2,"0x0000794d6623a000",428,143928069195873,143928069196553
"MEMORY_ALLOCATION","MEMORY_ALLOCATION_ALLOCATE","Agent 2",8388608,"0x0000794d5ec00000",434,143928069265744,143928069347786
"MEMORY_ALLOCATION","MEMORY_ALLOCATION_ALLOCATE","Agent 2",2,"0x0000794d6623b000",440,143928124407099,143928124411069
"MEMORY_ALLOCATION","MEMORY_ALLOCATION_ALLOCATE","Agent 2",2,"0x0000794d6623c000",446,143928124513881,143928124514651
"MEMORY_ALLOCATION","MEMORY_ALLOCATION_ALLOCATE","Agent 2",2048,"0x0000794d6623d000",452,143928124585332,143928124585972
"MEMORY_ALLOCATION","MEMORY_ALLOCATION_ALLOCATE","Agent 2",2048,"0x0000794d6623e000",458,143928124655473,143928124656043
"MEMORY_ALLOCATION","MEMORY_ALLOCATION_ALLOCATE","Agent 2",2,"0x0000794d6623f000",464,143928124723274,143928124723884
"MEMORY_ALLOCATION","MEMORY_ALLOCATION_ALLOCATE","Agent 2",2,"0x0000794d66240000",470,143928124783095,143928124783825
"MEMORY_ALLOCATION","MEMORY_ALLOCATION_ALLOCATE","Agent 2",8388608,"0x0000794d5e200000",476,143928124845946,143928124932877
"MEMORY_ALLOCATION","MEMORY_ALLOCATION_ALLOCATE","Agent 2",2,"0x0000794d66241000",482,143928181560275,143928181566895
"MEMORY_ALLOCATION","MEMORY_ALLOCATION_ALLOCATE","Agent 2",2,"0x0000794d66242000",488,143928181673187,143928181674237
"MEMORY_ALLOCATION","MEMORY_ALLOCATION_ALLOCATE","Agent 2",2,"0x0000794d66243000",494,143928181744748,143928181745488
"MEMORY_ALLOCATION","MEMORY_ALLOCATION_ALLOCATE","Agent 2",2,"0x0000794d66244000",500,143928181813599,143928181814449
"MEMORY_ALLOCATION","MEMORY_ALLOCATION_ALLOCATE","Agent 2",8388608,"0x0000794d5d800000",506,143928181882190,143928181971961
"MEMORY_ALLOCATION","MEMORY_ALLOCATION_ALLOCATE","Agent 2",2,"0x0000794d66245000",512,143928237451381,143928237456481
"MEMORY_ALLOCATION","MEMORY_ALLOCATION_ALLOCATE","Agent 2",2,"0x0000794d66246000",518,143928237548133,143928237549063
"MEMORY_ALLOCATION","MEMORY_ALLOCATION_ALLOCATE","Agent 2",2048,"0x0000794d66247000",524,143928237609644,143928237610194
"MEMORY_ALLOCATION","MEMORY_ALLOCATION_ALLOCATE","Agent 2",2048,"0x0000794d66248000",530,143928237670105,143928237670945
"MEMORY_ALLOCATION","MEMORY_ALLOCATION_ALLOCATE","Agent 2",2048,"0x0000794d66249000",536,143928237733416,143928237734246
"MEMORY_ALLOCATION","MEMORY_ALLOCATION_ALLOCATE","Agent 2",10240,"0x0000794d6624a000",542,143928237806727,143928237807407
"MEMORY_ALLOCATION","MEMORY_ALLOCATION_ALLOCATE","Agent 2",2,"0x0000794d6624d000",548,143928237878568,143928237879178
"MEMORY_ALLOCATION","MEMORY_ALLOCATION_ALLOCATE","Agent 2",2,"0x0000794d6624e000",554,143928237946779,143928237947349
"MEMORY_ALLOCATION","MEMORY_ALLOCATION_ALLOCATE","Agent 2",2097152,"0x0000794d5d400000",560,143928238041230,143928238123751
"MEMORY_ALLOCATION","MEMORY_ALLOCATION_ALLOCATE","Agent 2",2,"0x0000794d6624f000",566,143928252441478,143928252444178
"MEMORY_ALLOCATION","MEMORY_ALLOCATION_ALLOCATE","Agent 2",2,"0x0000794d66250000",572,143928252521600,143928252522630
"MEMORY_ALLOCATION","MEMORY_ALLOCATION_ALLOCATE","Agent 2",2,"0x0000794d66251000",578,143928252586161,143928252586721
"MEMORY_ALLOCATION","MEMORY_ALLOCATION_ALLOCATE","Agent 2",2,"0x0000794d66252000",584,143928252651972,143928252652702
"MEMORY_ALLOCATION","MEMORY_ALLOCATION_ALLOCATE","Agent 2",4194304,"0x0000794d5ce00000",590,143928252714622,143928252778813
"MEMORY_ALLOCATION","MEMORY_ALLOCATION_ALLOCATE","Agent 2",2,"0x0000794d66253000",596,143928280611175,143928280614795
"MEMORY_ALLOCATION","MEMORY_ALLOCATION_ALLOCATE","Agent 2",2,"0x0000794d66254000",602,143928280699836,143928280701036
"MEMORY_ALLOCATION","MEMORY_ALLOCATION_ALLOCATE","Agent 2",2048,"0x0000794d66255000",608,143928280776977,143928280777647
"MEMORY_ALLOCATION","MEMORY_ALLOCATION_ALLOCATE","Agent 2",2048,"0x0000794d66256000",614,143928280846118,143928280846778
"MEMORY_ALLOCATION","MEMORY_ALLOCATION_ALLOCATE","Agent 2",2048,"0x0000794d66257000",620,143928281040101,143928281040751
"MEMORY_ALLOCATION","MEMORY_ALLOCATION_ALLOCATE","Agent 2",2048,"0x0000794d66258000",626,143928281101232,143928281101922
"MEMORY_ALLOCATION","MEMORY_ALLOCATION_ALLOCATE","Agent 2",2,"0x0000794d66259000",632,143928281165333,143928281166263
"MEMORY_ALLOCATION","MEMORY_ALLOCATION_ALLOCATE","Agent 2",2,"0x0000794d6625a000",638,143928281225474,143928281226164
"MEMORY_ALLOCATION","MEMORY_ALLOCATION_ALLOCATE","Agent 2",2097152,"0x0000794d5ca00000",644,143928281290035,143928281372016
"MEMORY_ALLOCATION","MEMORY_ALLOCATION_ALLOCATE","Agent 2",2,"0x0000794d6625b000",650,143928295344998,143928295347338
"MEMORY_ALLOCATION","MEMORY_ALLOCATION_ALLOCATE","Agent 2",2,"0x0000794d6625c000",656,143928295422889,143928295423839
"MEMORY_ALLOCATION","MEMORY_ALLOCATION_ALLOCATE","Agent 2",256,"0x0000794d6625d000",662,143928295487440,143928295488270
"MEMORY_ALLOCATION","MEMORY_ALLOCATION_ALLOCATE","Agent 2",2,"0x0000794d6625e000",668,143928295548311,143928295548911
"MEMORY_ALLOCATION","MEMORY_ALLOCATION_ALLOCATE","Agent 2",2,"0x0000794d6625f000",674,143928295610692,143928295611372
"MEMORY_ALLOCATION","MEMORY_ALLOCATION_ALLOCATE","Agent 2",2097152,"0x0000794d5c600000",680,143928295671163,143928295734004
"MEMORY_ALLOCATION","MEMORY_ALLOCATION_ALLOCATE","Agent 2",2,"0x0000794d66260000",686,143928309679275,143928309680725
"MEMORY_ALLOCATION","MEMORY_ALLOCATION_ALLOCATE","Agent 2",2,"0x0000794d66261000",692,143928309756846,143928309757626
"MEMORY_ALLOCATION","MEMORY_ALLOCATION_ALLOCATE","Agent 2",2,"0x0000794d66262000",698,143928309825167,143928309825957
"MEMORY_ALLOCATION","MEMORY_ALLOCATION_ALLOCATE","Agent 2",2,"0x0000794d66263000",704,143928310178833,143928310180203
"MEMORY_ALLOCATION","MEMORY_ALLOCATION_ALLOCATE","Agent 2",2097152,"0x0000794d5c200000",710,143928310253904,143928310301644
"MEMORY_ALLOCATION","MEMORY_ALLOCATION_ALLOCATE","Agent 2",2,"0x0000794d66264000",716,143928324048673,143928324050113
"MEMORY_ALLOCATION","MEMORY_ALLOCATION_ALLOCATE","Agent 2",2,"0x0000794d66265000",722,143928324124454,143928324125324
"MEMORY_ALLOCATION","MEMORY_ALLOCATION_ALLOCATE","Agent 2",2097152,"0x0000794d5be00000",728,143928324193525,143928324235796
"MEMORY_ALLOCATION","MEMORY_ALLOCATION_ALLOCATE","Agent 2",2,"0x0000794d66266000",734,143928330280917,143928330282077
"MEMORY_ALLOCATION","MEMORY_ALLOCATION_ALLOCATE","Agent 2",2,"0x0000794d66267000",740,143928330356768,143928330357468
"MEMORY_ALLOCATION","MEMORY_ALLOCATION_ALLOCATE","Agent 2",2097152,"0x0000794d5ba00000",746,143928330426559,143928330478030
"MEMORY_ALLOCATION","MEMORY_ALLOCATION_ALLOCATE","Agent 2",2,"0x0000794d66268000",752,143928344527623,143928344529403
"MEMORY_ALLOCATION","MEMORY_ALLOCATION_ALLOCATE","Agent 2",2,"0x0000794d66269000",758,143928344604334,143928344605204
"MEMORY_ALLOCATION","MEMORY_ALLOCATION_ALLOCATE","Agent 2",2,"0x0000794d6626a000",764,143928344674145,143928344675045
"MEMORY_ALLOCATION","MEMORY_ALLOCATION_ALLOCATE","Agent 2",2,"0x0000794d6626b000",770,143928344743606,143928344744236
"MEMORY_ALLOCATION","MEMORY_ALLOCATION_ALLOCATE","Agent 2",8388608,"0x0000794d5b000000",776,143928344810987,143928344857878
"MEMORY_ALLOCATION","MEMORY_ALLOCATION_ALLOCATE","Agent 2",2,"0x0000794d6626c000",782,143928401929532,143928401935232
"MEMORY_ALLOCATION","MEMORY_ALLOCATION_ALLOCATE","Agent 2",2,"0x0000794d6626d000",788,143928402041874,143928402042744
"MEMORY_ALLOCATION","MEMORY_ALLOCATION_ALLOCATE","Agent 2",2,"0x0000794d6626e000",794,143928402112565,143928402113625
"MEMORY_ALLOCATION","MEMORY_ALLOCATION_ALLOCATE","Agent 2",2,"0x0000794d6626f000",800,143928402181966,143928402182606
"MEMORY_ALLOCATION","MEMORY_ALLOCATION_ALLOCATE","Agent 2",8388608,"0x0000794d5a600000",806,143928402253197,143928402338048
"MEMORY_ALLOCATION","MEMORY_ALLOCATION_ALLOCATE","Agent 2",2,"0x0000794d66270000",812,143928458443558,143928458449068
"MEMORY_ALLOCATION","MEMORY_ALLOCATION_ALLOCATE","Agent 2",2,"0x0000794d66271000",818,143928458543539,143928458544459
"MEMORY_ALLOCATION","MEMORY_ALLOCATION_ALLOCATE","Agent 2",2048,"0x0000794d66272000",824,143928458613770,143928458614590
"MEMORY_ALLOCATION","MEMORY_ALLOCATION_ALLOCATE","Agent 2",2048,"0x0000794d66273000",830,143928458683131,143928458684011
"MEMORY_ALLOCATION","MEMORY_ALLOCATION_ALLOCATE","Agent 2",2,"0x0000794d66274000",836,143928458767983,143928458768813
"MEMORY_ALLOCATION","MEMORY_ALLOCATION_ALLOCATE","Agent 2",2,"0x0000794d66275000",842,143928458838904,143928458839474
"MEMORY_ALLOCATION","MEMORY_ALLOCATION_ALLOCATE","Agent 2",8388608,"0x0000794d59c00000",848,143928459038227,143928459137218
"MEMORY_ALLOCATION","MEMORY_ALLOCATION_ALLOCATE","Agent 2",2,"0x0000794d66276000",854,143928516153802,143928516160312
"MEMORY_ALLOCATION","MEMORY_ALLOCATION_ALLOCATE","Agent 2",2,"0x0000794d66277000",860,143928516252753,143928516253513
"MEMORY_ALLOCATION","MEMORY_ALLOCATION_ALLOCATE","Agent 2",2,"0x0000794d66278000",866,143928516323454,143928516324484
"MEMORY_ALLOCATION","MEMORY_ALLOCATION_ALLOCATE","Agent 2",2,"0x0000794d66279000",872,143928516393585,143928516394465
"MEMORY_ALLOCATION","MEMORY_ALLOCATION_ALLOCATE","Agent 2",8388608,"0x0000794d59200000",878,143928516463877,143928516557258
"MEMORY_ALLOCATION","MEMORY_ALLOCATION_ALLOCATE","Agent 2",2,"0x0000794d6627a000",884,143928572368503,143928572374353
"MEMORY_ALLOCATION","MEMORY_ALLOCATION_ALLOCATE","Agent 2",2,"0x0000794d6627b000",890,143928572469055,143928572469855
"MEMORY_ALLOCATION","MEMORY_ALLOCATION_ALLOCATE","Agent 2",2048,"0x0000794d6627c000",896,143928572539916,143928572540896
"MEMORY_ALLOCATION","MEMORY_ALLOCATION_ALLOCATE","Agent 2",2048,"0x0000794d6627d000",902,143928572610127,143928572611017
"MEMORY_ALLOCATION","MEMORY_ALLOCATION_ALLOCATE","Agent 2",2048,"0x0000794d6627e000",908,143928572680368,143928572681208
"MEMORY_ALLOCATION","MEMORY_ALLOCATION_ALLOCATE","Agent 2",10240,"0x0000794d6627f000",914,143928572748799,143928572749369
"MEMORY_ALLOCATION","MEMORY_ALLOCATION_ALLOCATE","Agent 2",2,"0x0000794d66282000",920,143928572815310,143928572816570
"MEMORY_ALLOCATION","MEMORY_ALLOCATION_ALLOCATE","Agent 2",2,"0x0000794d66283000",926,143928572876291,143928572877031
"MEMORY_ALLOCATION","MEMORY_ALLOCATION_ALLOCATE","Agent 2",2097152,"0x0000794d58e00000",932,143928572937032,143928573071424
"MEMORY_ALLOCATION","MEMORY_ALLOCATION_ALLOCATE","Agent 2",2,"0x0000794d66284000",938,143928587100616,143928587102436
"MEMORY_ALLOCATION","MEMORY_ALLOCATION_ALLOCATE","Agent 2",2,"0x0000794d66285000",944,143928587171557,143928587172337
"MEMORY_ALLOCATION","MEMORY_ALLOCATION_ALLOCATE","Agent 2",2,"0x0000794d66286000",950,143928587234528,143928587235178
"MEMORY_ALLOCATION","MEMORY_ALLOCATION_ALLOCATE","Agent 2",2,"0x0000794d66287000",956,143928587295879,143928587296669
"MEMORY_ALLOCATION","MEMORY_ALLOCATION_ALLOCATE","Agent 2",4194304,"0x0000794d58800000",962,143928587358350,143928587405771
"MEMORY_ALLOCATION","MEMORY_ALLOCATION_ALLOCATE","Agent 2",2,"0x0000794d66288000",968,143928614878767,143928614881207
"MEMORY_ALLOCATION","MEMORY_ALLOCATION_ALLOCATE","Agent 2",2,"0x0000794d66289000",974,143928614959078,143928614959848
"MEMORY_ALLOCATION","MEMORY_ALLOCATION_ALLOCATE","Agent 2",2048,"0x0000794d6628a000",980,143928615043979,143928615044769
"MEMORY_ALLOCATION","MEMORY_ALLOCATION_ALLOCATE","Agent 2",2048,"0x0000794d6628b000",986,143928615113420,143928615114140
"MEMORY_ALLOCATION","MEMORY_ALLOCATION_ALLOCATE","Agent 2",2048,"0x0000794d6628c000",992,143928615182661,143928615183482
"MEMORY_ALLOCATION","MEMORY_ALLOCATION_ALLOCATE","Agent 2",2048,"0x0000794d6628d000",998,143928615251173,143928615251933
"MEMORY_ALLOCATION","MEMORY_ALLOCATION_ALLOCATE","Agent 2",2,"0x0000794d6628e000",1004,143928615320154,143928615321074
"MEMORY_ALLOCATION","MEMORY_ALLOCATION_ALLOCATE","Agent 2",2,"0x0000794d6628f000",1010,143928615387845,143928615388455
"MEMORY_ALLOCATION","MEMORY_ALLOCATION_ALLOCATE","Agent 2",2097152,"0x0000794d58400000",1016,143928615455266,143928615520837
"MEMORY_ALLOCATION","MEMORY_ALLOCATION_ALLOCATE","Agent 2",2,"0x0000794d66290000",1022,143928629453658,143928629455228
"MEMORY_ALLOCATION","MEMORY_ALLOCATION_ALLOCATE","Agent 2",2,"0x0000794d66291000",1028,143928629523399,143928629524299
"MEMORY_ALLOCATION","MEMORY_ALLOCATION_ALLOCATE","Agent 2",256,"0x0000794d66292000",1034,143928629585970,143928629586760
"MEMORY_ALLOCATION","MEMORY_ALLOCATION_ALLOCATE","Agent 2",2,"0x0000794d66293000",1040,143928629647701,143928629648391
"MEMORY_ALLOCATION","MEMORY_ALLOCATION_ALLOCATE","Agent 2",2,"0x0000794d66294000",1046,143928629710201,143928629711092
"MEMORY_ALLOCATION","MEMORY_ALLOCATION_ALLOCATE","Agent 2",2097152,"0x0000794d58000000",1052,143928630071047,143928630126378
"MEMORY_ALLOCATION","MEMORY_ALLOCATION_ALLOCATE","Agent 2",2,"0x0000794d66295000",1058,143928644056739,143928644058959
"MEMORY_ALLOCATION","MEMORY_ALLOCATION_ALLOCATE","Agent 2",2,"0x0000794d66296000",1064,143928644140740,143928644141950
"MEMORY_ALLOCATION","MEMORY_ALLOCATION_ALLOCATE","Agent 2",2,"0x0000794d66297000",1070,143928644211961,143928644212801
"MEMORY_ALLOCATION","MEMORY_ALLOCATION_ALLOCATE","Agent 2",2,"0x0000794d66298000",1076,143928644280752,143928644281512
"MEMORY_ALLOCATION","MEMORY_ALLOCATION_ALLOCATE","Agent 2",2097152,"0x0000794d57c00000",1082,143928644349033,143928644410944
"MEMORY_ALLOCATION","MEMORY_ALLOCATION_ALLOCATE","Agent 2",2,"0x0000794d66299000",1088,143928658185563,143928658186943
"MEMORY_ALLOCATION","MEMORY_ALLOCATION_ALLOCATE","Agent 2",2,"0x0000794d6629a000",1094,143928658257334,143928658258394
"MEMORY_ALLOCATION","MEMORY_ALLOCATION_ALLOCATE","Agent 2",2097152,"0x0000794d57800000",1100,143928658322995,143928658378586
"MEMORY_ALLOCATION","MEMORY_ALLOCATION_ALLOCATE","Agent 2",2,"0x0000794d6629b000",1106,143928664050841,143928664052302
"MEMORY_ALLOCATION","MEMORY_ALLOCATION_ALLOCATE","Agent 2",2,"0x0000794d6629c000",1112,143928664121333,143928664122353
"MEMORY_ALLOCATION","MEMORY_ALLOCATION_ALLOCATE","Agent 2",2097152,"0x0000794d57400000",1118,143928664193944,143928664236394
"MEMORY_ALLOCATION","MEMORY_ALLOCATION_ALLOCATE","Agent 2",2,"0x0000794d6629d000",1124,143928678249006,143928678253397
"MEMORY_ALLOCATION","MEMORY_ALLOCATION_ALLOCATE","Agent 2",2,"0x0000794d6629e000",1130,143928678338328,143928678339188
"MEMORY_ALLOCATION","MEMORY_ALLOCATION_ALLOCATE","Agent 2",2,"0x0000794d6629f000",1136,143928678408559,143928678409409
"MEMORY_ALLOCATION","MEMORY_ALLOCATION_ALLOCATE","Agent 2",2,"0x0000794d662a0000",1142,143928678478500,143928678479070
"MEMORY_ALLOCATION","MEMORY_ALLOCATION_ALLOCATE","Agent 2",8388608,"0x0000794d56a00000",1148,143928678546771,143928678608122
"MEMORY_ALLOCATION","MEMORY_ALLOCATION_ALLOCATE","Agent 2",2,"0x0000794d662a1000",1154,143928736390897,143928736397147
"MEMORY_ALLOCATION","MEMORY_ALLOCATION_ALLOCATE","Agent 2",2,"0x0000794d662a2000",1160,143928736498059,143928736499489
"MEMORY_ALLOCATION","MEMORY_ALLOCATION_ALLOCATE","Agent 2",2,"0x0000794d662a3000",1166,143928736569300,143928736570030
"MEMORY_ALLOCATION","MEMORY_ALLOCATION_ALLOCATE","Agent 2",2,"0x0000794d662a4000",1172,143928736637681,143928736638551
"MEMORY_ALLOCATION","MEMORY_ALLOCATION_ALLOCATE","Agent 2",8388608,"0x0000794d56000000",1178,143928736705682,143928736776163
"MEMORY_ALLOCATION","MEMORY_ALLOCATION_ALLOCATE","Agent 2",2,"0x0000794d662a5000",1184,143928792929763,143928792935323
"MEMORY_ALLOCATION","MEMORY_ALLOCATION_ALLOCATE","Agent 2",2,"0x0000794d662a6000",1190,143928793039625,143928793040865
"MEMORY_ALLOCATION","MEMORY_ALLOCATION_ALLOCATE","Agent 2",2048,"0x0000794d662a7000",1196,143928793112566,143928793113206
"MEMORY_ALLOCATION","MEMORY_ALLOCATION_ALLOCATE","Agent 2",2048,"0x0000794d662a8000",1202,143928793182577,143928793183327
"MEMORY_ALLOCATION","MEMORY_ALLOCATION_ALLOCATE","Agent 2",2,"0x0000794d662a9000",1208,143928793253348,143928793254188
"MEMORY_ALLOCATION","MEMORY_ALLOCATION_ALLOCATE","Agent 2",2,"0x0000794d662aa000",1214,143928793322839,143928793323449
"MEMORY_ALLOCATION","MEMORY_ALLOCATION_ALLOCATE","Agent 2",8388608,"0x0000794d55600000",1220,143928793390950,143928793482372
"MEMORY_ALLOCATION","MEMORY_ALLOCATION_ALLOCATE","Agent 2",2,"0x0000794d662ab000",1226,143928849913706,143928849918756
"MEMORY_ALLOCATION","MEMORY_ALLOCATION_ALLOCATE","Agent 2",2,"0x0000794d662ac000",1232,143928850041348,143928850042348
"MEMORY_ALLOCATION","MEMORY_ALLOCATION_ALLOCATE","Agent 2",2,"0x0000794d662ad000",1238,143928850114209,143928850114929
"MEMORY_ALLOCATION","MEMORY_ALLOCATION_ALLOCATE","Agent 2",2,"0x0000794d662ae000",1244,143928850184290,143928850185160
"MEMORY_ALLOCATION","MEMORY_ALLOCATION_ALLOCATE","Agent 2",8388608,"0x0000794d54c00000",1250,143928850252941,143928850338542
"MEMORY_ALLOCATION","MEMORY_ALLOCATION_ALLOCATE","Agent 2",2,"0x0000794d662af000",1256,143928905500718,143928905506428
"MEMORY_ALLOCATION","MEMORY_ALLOCATION_ALLOCATE","Agent 2",2,"0x0000794d662b0000",1262,143928905601829,143928905602620
"MEMORY_ALLOCATION","MEMORY_ALLOCATION_ALLOCATE","Agent 2",2048,"0x0000794d662b1000",1268,143928905672361,143928905673011
"MEMORY_ALLOCATION","MEMORY_ALLOCATION_ALLOCATE","Agent 2",2048,"0x0000794d662b2000",1274,143928905742242,143928905742932
"MEMORY_ALLOCATION","MEMORY_ALLOCATION_ALLOCATE","Agent 2",2048,"0x0000794d662b3000",1280,143928905812503,143928905813223
"MEMORY_ALLOCATION","MEMORY_ALLOCATION_ALLOCATE","Agent 2",10240,"0x0000794d662b4000",1286,143928905882334,143928905883094
"MEMORY_ALLOCATION","MEMORY_ALLOCATION_ALLOCATE","Agent 2",2,"0x0000794d662b7000",1292,143928905953725,143928905954335
"MEMORY_ALLOCATION","MEMORY_ALLOCATION_ALLOCATE","Agent 2",2,"0x0000794d662b8000",1298,143928906041706,143928906042576
"MEMORY_ALLOCATION","MEMORY_ALLOCATION_ALLOCATE","Agent 2",2097152,"0x0000794d54800000",1304,143928906108237,143928906195589
"MEMORY_ALLOCATION","MEMORY_ALLOCATION_ALLOCATE","Agent 2",2,"0x0000794d662b9000",1310,143928920492515,143928920494585
"MEMORY_ALLOCATION","MEMORY_ALLOCATION_ALLOCATE","Agent 2",2,"0x0000794d662ba000",1316,143928920572206,143928920573026
"MEMORY_ALLOCATION","MEMORY_ALLOCATION_ALLOCATE","Agent 2",2,"0x0000794d662bb000",1322,143928920636537,143928920637197
"MEMORY_ALLOCATION","MEMORY_ALLOCATION_ALLOCATE","Agent 2",2,"0x0000794d662bc000",1328,143928920697598,143928920698478
"MEMORY_ALLOCATION","MEMORY_ALLOCATION_ALLOCATE","Agent 2",4194304,"0x0000794d54200000",1334,143928920758679,143928920830190
"MEMORY_ALLOCATION","MEMORY_ALLOCATION_ALLOCATE","Agent 2",2,"0x0000794d662bd000",1340,143928948949496,143928948955286
"MEMORY_ALLOCATION","MEMORY_ALLOCATION_ALLOCATE","Agent 2",2,"0x0000794d662be000",1346,143928949049608,143928949050808
"MEMORY_ALLOCATION","MEMORY_ALLOCATION_ALLOCATE","Agent 2",2048,"0x0000794d662bf000",1352,143928949120929,143928949121759
"MEMORY_ALLOCATION","MEMORY_ALLOCATION_ALLOCATE","Agent 2",2048,"0x0000794d662c0000",1358,143928949190760,143928949191470
"MEMORY_ALLOCATION","MEMORY_ALLOCATION_ALLOCATE","Agent 2",2048,"0x0000794d662c1000",1364,143928949259641,143928949260371
"MEMORY_ALLOCATION","MEMORY_ALLOCATION_ALLOCATE","Agent 2",2048,"0x0000794d662c2000",1370,143928949327462,143928949328112
"MEMORY_ALLOCATION","MEMORY_ALLOCATION_ALLOCATE","Agent 2",2,"0x0000794d662c3000",1376,143928949391703,143928949392523
"MEMORY_ALLOCATION","MEMORY_ALLOCATION_ALLOCATE","Agent 2",2,"0x0000794d662c4000",1382,143928949451514,143928949452214
"MEMORY_ALLOCATION","MEMORY_ALLOCATION_ALLOCATE","Agent 2",2097152,"0x0000794d53e00000",1388,143928949510805,143928949590106
"MEMORY_ALLOCATION","MEMORY_ALLOCATION_ALLOCATE","Agent 2",2,"0x0000794d662c5000",1394,143928964089245,143928964092275
"MEMORY_ALLOCATION","MEMORY_ALLOCATION_ALLOCATE","Agent 2",2,"0x0000794d662c6000",1400,143928964178527,143928964180027
"MEMORY_ALLOCATION","MEMORY_ALLOCATION_ALLOCATE","Agent 2",256,"0x0000794d662c7000",1406,143928964534052,143928964535182
"MEMORY_ALLOCATION","MEMORY_ALLOCATION_ALLOCATE","Agent 2",2,"0x0000794d662c8000",1412,143928964605753,143928964606693
"MEMORY_ALLOCATION","MEMORY_ALLOCATION_ALLOCATE","Agent 2",2,"0x0000794d662c9000",1418,143928964673034,143928964674154
"MEMORY_ALLOCATION","MEMORY_ALLOCATION_ALLOCATE","Agent 2",2097152,"0x0000794d53a00000",1424,143928964742955,143928964819547
"MEMORY_ALLOCATION","MEMORY_ALLOCATION_ALLOCATE","Agent 2",2,"0x0000794d662ca000",1430,143928979838174,143928979843334
"MEMORY_ALLOCATION","MEMORY_ALLOCATION_ALLOCATE","Agent 2",2,"0x0000794d662cb000",1436,143928980042767,143928980043587
"MEMORY_ALLOCATION","MEMORY_ALLOCATION_ALLOCATE","Agent 2",2,"0x0000794d662cc000",1442,143928980114098,143928980115108
"MEMORY_ALLOCATION","MEMORY_ALLOCATION_ALLOCATE","Agent 2",2,"0x0000794d662cd000",1448,143928980183219,143928980183969
"MEMORY_ALLOCATION","MEMORY_ALLOCATION_ALLOCATE","Agent 2",2097152,"0x0000794d53600000",1454,143928980253040,143928980328081
"MEMORY_ALLOCATION","MEMORY_ALLOCATION_ALLOCATE","Agent 2",2,"0x0000794d662ce000",1460,143928994805801,143928994810961
"MEMORY_ALLOCATION","MEMORY_ALLOCATION_ALLOCATE","Agent 2",2,"0x0000794d662cf000",1466,143928994901922,143928994902692
"MEMORY_ALLOCATION","MEMORY_ALLOCATION_ALLOCATE","Agent 2",2097152,"0x0000794d53200000",1472,143928994971623,143928995092445
"MEMORY_ALLOCATION","MEMORY_ALLOCATION_ALLOCATE","Agent 2",2,"0x0000794d662d0000",1478,143929000638079,143929000640489
"MEMORY_ALLOCATION","MEMORY_ALLOCATION_ALLOCATE","Agent 2",2,"0x0000794d662d1000",1484,143929000713760,143929000714530
"MEMORY_ALLOCATION","MEMORY_ALLOCATION_ALLOCATE","Agent 2",2097152,"0x0000794d52e00000",1490,143929000778681,143929000836402
"MEMORY_ALLOCATION","MEMORY_ALLOCATION_ALLOCATE","Agent 2",2,"0x0000794d662d2000",1496,143929015499424,143929015504554
"MEMORY_ALLOCATION","MEMORY_ALLOCATION_ALLOCATE","Agent 2",2,"0x0000794d662d3000",1502,143929015585765,143929015586685
"MEMORY_ALLOCATION","MEMORY_ALLOCATION_ALLOCATE","Agent 2",2,"0x0000794d662d4000",1508,143929015650176,143929015650946
"MEMORY_ALLOCATION","MEMORY_ALLOCATION_ALLOCATE","Agent 2",2,"0x0000794d662d5000",1514,143929015713207,143929015713827
"MEMORY_ALLOCATION","MEMORY_ALLOCATION_ALLOCATE","Agent 2",8388608,"0x0000794d52400000",1520,143929015777558,143929015850839
"MEMORY_ALLOCATION","MEMORY_ALLOCATION_ALLOCATE","Agent 2",2,"0x0000794d662d6000",1526,143929074951375,143929074958555
"MEMORY_ALLOCATION","MEMORY_ALLOCATION_ALLOCATE","Agent 2",2,"0x0000794d662d7000",1532,143929075091237,143929075092077
"MEMORY_ALLOCATION","MEMORY_ALLOCATION_ALLOCATE","Agent 2",2,"0x0000794d662d8000",1538,143929075162958,143929075163758
"MEMORY_ALLOCATION","MEMORY_ALLOCATION_ALLOCATE","Agent 2",2,"0x0000794d662d9000",1544,143929075231879,143929075232529
"MEMORY_ALLOCATION","MEMORY_ALLOCATION_ALLOCATE","Agent 2",8388608,"0x0000794d51a00000",1550,143929075299520,143929075400021
"MEMORY_ALLOCATION","MEMORY_ALLOCATION_ALLOCATE","Agent 2",2,"0x0000794d662da000",1556,143929134254633,143929134261183
"MEMORY_ALLOCATION","MEMORY_ALLOCATION_ALLOCATE","Agent 2",2,"0x0000794d662db000",1562,143929134363335,143929134364185
"MEMORY_ALLOCATION","MEMORY_ALLOCATION_ALLOCATE","Agent 2",2048,"0x0000794d662dc000",1568,143929134428486,143929134429666
"MEMORY_ALLOCATION","MEMORY_ALLOCATION_ALLOCATE","Agent 2",2048,"0x0000794d662dd000",1574,143929134499237,143929134500067
"MEMORY_ALLOCATION","MEMORY_ALLOCATION_ALLOCATE","Agent 2",2,"0x0000794d662de000",1580,143929134570248,143929134571288
"MEMORY_ALLOCATION","MEMORY_ALLOCATION_ALLOCATE","Agent 2",2,"0x0000794d662df000",1586,143929134634009,143929134634759
"MEMORY_ALLOCATION","MEMORY_ALLOCATION_ALLOCATE","Agent 2",8388608,"0x0000794d51000000",1592,143929134698050,143929134795701
"MEMORY_ALLOCATION","MEMORY_ALLOCATION_ALLOCATE","Agent 2",2,"0x0000794d662e0000",1598,143929194100709,143929194106460
"MEMORY_ALLOCATION","MEMORY_ALLOCATION_ALLOCATE","Agent 2",2,"0x0000794d662e1000",1604,143929194206061,143929194206881
"MEMORY_ALLOCATION","MEMORY_ALLOCATION_ALLOCATE","Agent 2",2,"0x0000794d662e2000",1610,143929194275642,143929194276422
"MEMORY_ALLOCATION","MEMORY_ALLOCATION_ALLOCATE","Agent 2",2,"0x0000794d662e3000",1616,143929194344573,143929194345293
"MEMORY_ALLOCATION","MEMORY_ALLOCATION_ALLOCATE","Agent 2",8388608,"0x0000794d50600000",1622,143929194412704,143929194495845
"MEMORY_ALLOCATION","MEMORY_ALLOCATION_ALLOCATE","Agent 2",2,"0x0000794d662e4000",1628,143929251608210,143929251614291
"MEMORY_ALLOCATION","MEMORY_ALLOCATION_ALLOCATE","Agent 2",2,"0x0000794d662e5000",1634,143929251715072,143929251715892
"MEMORY_ALLOCATION","MEMORY_ALLOCATION_ALLOCATE","Agent 2",2048,"0x0000794d662e6000",1640,143929251785143,143929251785923
"MEMORY_ALLOCATION","MEMORY_ALLOCATION_ALLOCATE","Agent 2",2048,"0x0000794d662e7000",1646,143929251854414,143929251855064
"MEMORY_ALLOCATION","MEMORY_ALLOCATION_ALLOCATE","Agent 2",2048,"0x0000794d662e8000",1652,143929251922575,143929251923285
"MEMORY_ALLOCATION","MEMORY_ALLOCATION_ALLOCATE","Agent 2",10240,"0x0000794d662e9000",1658,143929251991366,143929251992176
"MEMORY_ALLOCATION","MEMORY_ALLOCATION_ALLOCATE","Agent 2",2,"0x0000794d662ec000",1664,143929252898430,143929252899600
"MEMORY_ALLOCATION","MEMORY_ALLOCATION_ALLOCATE","Agent 2",2,"0x0000794d662ed000",1670,143929252964061,143929252964821
"MEMORY_ALLOCATION","MEMORY_ALLOCATION_ALLOCATE","Agent 2",2097152,"0x0000794d50200000",1676,143929253035672,143929253122163
"MEMORY_ALLOCATION","MEMORY_ALLOCATION_ALLOCATE","Agent 2",2,"0x0000794d662ee000",1682,143929267765795,143929267769445
"MEMORY_ALLOCATION","MEMORY_ALLOCATION_ALLOCATE","Agent 2",2,"0x0000794d662ef000",1688,143929267844936,143929267845776
"MEMORY_ALLOCATION","MEMORY_ALLOCATION_ALLOCATE","Agent 2",2,"0x0000794d662f0000",1694,143929267909997,143929267910747
"MEMORY_ALLOCATION","MEMORY_ALLOCATION_ALLOCATE","Agent 2",2,"0x0000794d662f1000",1700,143929267973268,143929267974228
"MEMORY_ALLOCATION","MEMORY_ALLOCATION_ALLOCATE","Agent 2",4194304,"0x0000794d4fc00000",1706,143929268079650,143929268179331
"MEMORY_ALLOCATION","MEMORY_ALLOCATION_ALLOCATE","Agent 2",2,"0x0000794d662f2000",1712,143929297035358,143929297042639
"MEMORY_ALLOCATION","MEMORY_ALLOCATION_ALLOCATE","Agent 2",2,"0x0000794d662f3000",1718,143929297158080,143929297159090
"MEMORY_ALLOCATION","MEMORY_ALLOCATION_ALLOCATE","Agent 2",2048,"0x0000794d662f4000",1724,143929297229211,143929297230341
"MEMORY_ALLOCATION","MEMORY_ALLOCATION_ALLOCATE","Agent 2",2048,"0x0000794d662f5000",1730,143929297301802,143929297302902
"MEMORY_ALLOCATION","MEMORY_ALLOCATION_ALLOCATE","Agent 2",2048,"0x0000794d662f6000",1736,143929297372364,143929297373134
"MEMORY_ALLOCATION","MEMORY_ALLOCATION_ALLOCATE","Agent 2",2048,"0x0000794d662f7000",1742,143929297437765,143929297438545
"MEMORY_ALLOCATION","MEMORY_ALLOCATION_ALLOCATE","Agent 2",2,"0x0000794d662f8000",1748,143929297497435,143929297498315
"MEMORY_ALLOCATION","MEMORY_ALLOCATION_ALLOCATE","Agent 2",2,"0x0000794d662f9000",1754,143929297830981,143929297832701
"MEMORY_ALLOCATION","MEMORY_ALLOCATION_ALLOCATE","Agent 2",2097152,"0x0000794d4f800000",1760,143929297895741,143929297973803
"MEMORY_ALLOCATION","MEMORY_ALLOCATION_ALLOCATE","Agent 2",2,"0x0000794d662fa000",1766,143929312699796,143929312701866
"MEMORY_ALLOCATION","MEMORY_ALLOCATION_ALLOCATE","Agent 2",2,"0x0000794d662fb000",1772,143929312775137,143929312776107
"MEMORY_ALLOCATION","MEMORY_ALLOCATION_ALLOCATE","Agent 2",256,"0x0000794d662fc000",1778,143929312839378,143929312840188
"MEMORY_ALLOCATION","MEMORY_ALLOCATION_ALLOCATE","Agent 2",2,"0x0000794d662fd000",1784,143929312901859,143929312902569
"MEMORY_ALLOCATION","MEMORY_ALLOCATION_ALLOCATE","Agent 2",2,"0x0000794d662fe000",1790,143929312964020,143929312964730
"MEMORY_ALLOCATION","MEMORY_ALLOCATION_ALLOCATE","Agent 2",2097152,"0x0000794d4f400000",1796,143929313026861,143929313088512
"MEMORY_ALLOCATION","MEMORY_ALLOCATION_ALLOCATE","Agent 2",2,"0x0000794d662ff000",1802,143929327078234,143929327079954
"MEMORY_ALLOCATION","MEMORY_ALLOCATION_ALLOCATE","Agent 2",2,"0x0000794d66300000",1808,143929327157215,143929327158295
"MEMORY_ALLOCATION","MEMORY_ALLOCATION_ALLOCATE","Agent 2",2,"0x0000794d66301000",1814,143929327228736,143929327229516
"MEMORY_ALLOCATION","MEMORY_ALLOCATION_ALLOCATE","Agent 2",2,"0x0000794d66302000",1820,143929327297787,143929327298797
"MEMORY_ALLOCATION","MEMORY_ALLOCATION_ALLOCATE","Agent 2",2097152,"0x0000794d4f000000",1826,143929327366398,143929327421649
"MEMORY_ALLOCATION","MEMORY_ALLOCATION_ALLOCATE","Agent 2",2,"0x0000794d66303000",1832,143929341624784,143929341631974
"MEMORY_ALLOCATION","MEMORY_ALLOCATION_ALLOCATE","Agent 2",2,"0x0000794d66304000",1838,143929341730606,143929341731966
"MEMORY_ALLOCATION","MEMORY_ALLOCATION_ALLOCATE","Agent 2",2097152,"0x0000794d4ec00000",1844,143929341802757,143929341891178
"MEMORY_ALLOCATION","MEMORY_ALLOCATION_ALLOCATE","Agent 2",2,"0x0000794d66305000",1850,143929348520778,143929348524138
"MEMORY_ALLOCATION","MEMORY_ALLOCATION_ALLOCATE","Agent 2",2,"0x0000794d66306000",1856,143929348606160,143929348607260
"MEMORY_ALLOCATION","MEMORY_ALLOCATION_ALLOCATE","Agent 2",2097152,"0x0000794d4e800000",1862,143929348677011,143929348741122
"MEMORY_ALLOCATION","MEMORY_ALLOCATION_ALLOCATE","Agent 2",2,"0x0000794d66307000",1868,143929362720513,143929362725644
"MEMORY_ALLOCATION","MEMORY_ALLOCATION_ALLOCATE","Agent 2",2,"0x0000794d66308000",1874,143929362811465,143929362813165
"MEMORY_ALLOCATION","MEMORY_ALLOCATION_ALLOCATE","Agent 2",2,"0x0000794d66309000",1880,143929362877116,143929362877806
"MEMORY_ALLOCATION","MEMORY_ALLOCATION_ALLOCATE","Agent 2",2,"0x0000794d6630a000",1886,143929362977957,143929362978687
"MEMORY_ALLOCATION","MEMORY_ALLOCATION_ALLOCATE","Agent 2",8388608,"0x0000794d4de00000",1892,143929363042788,143929363119550
"MEMORY_ALLOCATION","MEMORY_ALLOCATION_ALLOCATE","Agent 2",2,"0x0000794d6630b000",1898,143929420182464,143929420189214
"MEMORY_ALLOCATION","MEMORY_ALLOCATION_ALLOCATE","Agent 2",2,"0x0000794d6630c000",1904,143929420284125,143929420285075
"MEMORY_ALLOCATION","MEMORY_ALLOCATION_ALLOCATE","Agent 2",2,"0x0000794d6630d000",1910,143929420349016,143929420349756
"MEMORY_ALLOCATION","MEMORY_ALLOCATION_ALLOCATE","Agent 2",2,"0x0000794d6630e000",1916,143929420411117,143929420411917
"MEMORY_ALLOCATION","MEMORY_ALLOCATION_ALLOCATE","Agent 2",8388608,"0x0000794d4d400000",1922,143929420474138,143929420583160
"MEMORY_ALLOCATION","MEMORY_ALLOCATION_ALLOCATE","Agent 2",2,"0x0000794d6630f000",1928,143929476036760,143929476043100
"MEMORY_ALLOCATION","MEMORY_ALLOCATION_ALLOCATE","Agent 2",2,"0x0000794d66310000",1934,143929476135091,143929476136201
"MEMORY_ALLOCATION","MEMORY_ALLOCATION_ALLOCATE","Agent 2",2048,"0x0000794d66311000",1940,143929476205542,143929476206442
"MEMORY_ALLOCATION","MEMORY_ALLOCATION_ALLOCATE","Agent 2",2048,"0x0000794d66312000",1946,143929476274663,143929476275513
"MEMORY_ALLOCATION","MEMORY_ALLOCATION_ALLOCATE","Agent 2",2,"0x0000794d66313000",1952,143929476354025,143929476354895
"MEMORY_ALLOCATION","MEMORY_ALLOCATION_ALLOCATE","Agent 2",2,"0x0000794d66314000",1958,143929476418276,143929476418956
"MEMORY_ALLOCATION","MEMORY_ALLOCATION_ALLOCATE","Agent 2",8388608,"0x0000794d4ca00000",1964,143929476480997,143929476568928
"MEMORY_ALLOCATION","MEMORY_ALLOCATION_ALLOCATE","Agent 2",2,"0x0000794d66315000",1970,143929533049263,143929533055873
"MEMORY_ALLOCATION","MEMORY_ALLOCATION_ALLOCATE","Agent 2",2,"0x0000794d66316000",1976,143929533166745,143929533167835
"MEMORY_ALLOCATION","MEMORY_ALLOCATION_ALLOCATE","Agent 2",2,"0x0000794d66317000",1982,143929533227386,143929533228086
"MEMORY_ALLOCATION","MEMORY_ALLOCATION_ALLOCATE","Agent 2",2,"0x0000794d66318000",1988,143929533286027,143929533287277
"MEMORY_ALLOCATION","MEMORY_ALLOCATION_ALLOCATE","Agent 2",8388608,"0x0000794d4c000000",1994,143929533344658,143929533439809
"MEMORY_ALLOCATION","MEMORY_ALLOCATION_ALLOCATE","Agent 2",2,"0x0000794d66319000",2000,143929588816348,143929588823018
"MEMORY_ALLOCATION","MEMORY_ALLOCATION_ALLOCATE","Agent 2",2,"0x0000794d6631a000",2006,143929588915450,143929588916810
"MEMORY_ALLOCATION","MEMORY_ALLOCATION_ALLOCATE","Agent 2",2048,"0x0000794d6631b000",2012,143929589042561,143929589043571
"MEMORY_ALLOCATION","MEMORY_ALLOCATION_ALLOCATE","Agent 2",2048,"0x0000794d6631c000",2018,143929589113143,143929589114053
"MEMORY_ALLOCATION","MEMORY_ALLOCATION_ALLOCATE","Agent 2",2048,"0x0000794d6631d000",2024,143929589179094,143929589179804
"MEMORY_ALLOCATION","MEMORY_ALLOCATION_ALLOCATE","Agent 2",10240,"0x0000794d6631e000",2030,143929589243095,143929589243875
"MEMORY_ALLOCATION","MEMORY_ALLOCATION_ALLOCATE","Agent 2",2,"0x0000794d66321000",2036,143929589308856,143929589309496
"MEMORY_ALLOCATION","MEMORY_ALLOCATION_ALLOCATE","Agent 2",2,"0x0000794d66322000",2042,143929589370556,143929589371246
"MEMORY_ALLOCATION","MEMORY_ALLOCATION_ALLOCATE","Agent 2",2097152,"0x0000794d4bc00000",2048,143929589431987,143929589535849
"MEMORY_ALLOCATION","MEMORY_ALLOCATION_ALLOCATE","Agent 2",2,"0x0000794d66323000",2054,143929603462730,143929603464300
"MEMORY_ALLOCATION","MEMORY_ALLOCATION_ALLOCATE","Agent 2",2,"0x0000794d66324000",2060,143929603535161,143929603536011
"MEMORY_ALLOCATION","MEMORY_ALLOCATION_ALLOCATE","Agent 2",2,"0x0000794d66325000",2066,143929603599012,143929603599812
"MEMORY_ALLOCATION","MEMORY_ALLOCATION_ALLOCATE","Agent 2",2,"0x0000794d66326000",2072,143929603661163,143929603661963
"MEMORY_ALLOCATION","MEMORY_ALLOCATION_ALLOCATE","Agent 2",4194304,"0x0000794d4b600000",2078,143929603721974,143929603775495
"MEMORY_ALLOCATION","MEMORY_ALLOCATION_ALLOCATE","Agent 2",2,"0x0000794d66327000",2084,143929631079148,143929631084238
"MEMORY_ALLOCATION","MEMORY_ALLOCATION_ALLOCATE","Agent 2",2,"0x0000794d66328000",2090,143929631172640,143929631173560
"MEMORY_ALLOCATION","MEMORY_ALLOCATION_ALLOCATE","Agent 2",2048,"0x0000794d66329000",2096,143929631242031,143929631242621
"MEMORY_ALLOCATION","MEMORY_ALLOCATION_ALLOCATE","Agent 2",2048,"0x0000794d6632a000",2102,143929631536055,143929631538485
"MEMORY_ALLOCATION","MEMORY_ALLOCATION_ALLOCATE","Agent 2",2048,"0x0000794d6632b000",2108,143929631635617,143929631636777
"MEMORY_ALLOCATION","MEMORY_ALLOCATION_ALLOCATE","Agent 2",2048,"0x0000794d6632c000",2114,143929631699288,143929631700168
"MEMORY_ALLOCATION","MEMORY_ALLOCATION_ALLOCATE","Agent 2",2,"0x0000794d6632d000",2120,143929631770849,143929631771689
"MEMORY_ALLOCATION","MEMORY_ALLOCATION_ALLOCATE","Agent 2",2,"0x0000794d6632e000",2126,143929631840110,143929631841030
"MEMORY_ALLOCATION","MEMORY_ALLOCATION_ALLOCATE","Agent 2",2097152,"0x0000794d4b200000",2132,143929631908391,143929631994812
"MEMORY_ALLOCATION","MEMORY_ALLOCATION_ALLOCATE","Agent 2",2,"0x0000794d6632f000",2138,143929646261828,143929646267728
"MEMORY_ALLOCATION","MEMORY_ALLOCATION_ALLOCATE","Agent 2",2,"0x0000794d66330000",2144,143929646364550,143929646365930
"MEMORY_ALLOCATION","MEMORY_ALLOCATION_ALLOCATE","Agent 2",256,"0x0000794d66331000",2150,143929646431051,143929646431881
"MEMORY_ALLOCATION","MEMORY_ALLOCATION_ALLOCATE","Agent 2",2,"0x0000794d66332000",2156,143929646494252,143929646495312
"MEMORY_ALLOCATION","MEMORY_ALLOCATION_ALLOCATE","Agent 2",2,"0x0000794d66333000",2162,143929646559663,143929646560773
"MEMORY_ALLOCATION","MEMORY_ALLOCATION_ALLOCATE","Agent 2",2097152,"0x0000794d4ae00000",2168,143929646627694,143929646714275
"MEMORY_ALLOCATION","MEMORY_ALLOCATION_ALLOCATE","Agent 2",2,"0x0000794d66334000",2174,143929660704607,143929660707427
"MEMORY_ALLOCATION","MEMORY_ALLOCATION_ALLOCATE","Agent 2",2,"0x0000794d66335000",2180,143929660790858,143929660791678
"MEMORY_ALLOCATION","MEMORY_ALLOCATION_ALLOCATE","Agent 2",2,"0x0000794d66336000",2186,143929660861979,143929660862749
"MEMORY_ALLOCATION","MEMORY_ALLOCATION_ALLOCATE","Agent 2",2,"0x0000794d66337000",2192,143929660932100,143929660932780
"MEMORY_ALLOCATION","MEMORY_ALLOCATION_ALLOCATE","Agent 2",2097152,"0x0000794d4aa00000",2198,143929661098423,143929661178614
"MEMORY_ALLOCATION","MEMORY_ALLOCATION_ALLOCATE","Agent 2",2,"0x0000794d66338000",2204,143929675116705,143929675122095
"MEMORY_ALLOCATION","MEMORY_ALLOCATION_ALLOCATE","Agent 2",2,"0x0000794d66339000",2210,143929675215117,143929675216117
"MEMORY_ALLOCATION","MEMORY_ALLOCATION_ALLOCATE","Agent 2",2097152,"0x0000794d4a600000",2216,143929675285678,143929675363529
"MEMORY_ALLOCATION","MEMORY_ALLOCATION_ALLOCATE","Agent 2",2,"0x0000794d6633a000",2222,143929681111016,143929681114996
"MEMORY_ALLOCATION","MEMORY_ALLOCATION_ALLOCATE","Agent 2",2,"0x0000794d6633b000",2228,143929681197287,143929681198207
"MEMORY_ALLOCATION","MEMORY_ALLOCATION_ALLOCATE","Agent 2",2097152,"0x0000794d4a200000",2234,143929681276269,143929681347590
"MEMORY_ALLOCATION","MEMORY_ALLOCATION_ALLOCATE","Agent 2",2,"0x0000794d6633c000",2240,143929695761068,143929695767438
"MEMORY_ALLOCATION","MEMORY_ALLOCATION_ALLOCATE","Agent 2",2,"0x0000794d6633d000",2246,143929695858019,143929695858999
"MEMORY_ALLOCATION","MEMORY_ALLOCATION_ALLOCATE","Agent 2",2,"0x0000794d6633e000",2252,143929695922280,143929695923080
"MEMORY_ALLOCATION","MEMORY_ALLOCATION_ALLOCATE","Agent 2",2,"0x0000794d6633f000",2258,143929696044302,143929696045232
"MEMORY_ALLOCATION","MEMORY_ALLOCATION_ALLOCATE","Agent 2",8388608,"0x0000794d49800000",2264,143929696111263,143929696198695
"MEMORY_ALLOCATION","MEMORY_ALLOCATION_ALLOCATE","Agent 2",2,"0x0000794d66340000",2270,143929753199518,143929753206498
"MEMORY_ALLOCATION","MEMORY_ALLOCATION_ALLOCATE","Agent 2",2,"0x0000794d66341000",2276,143929753300479,143929753301279
"MEMORY_ALLOCATION","MEMORY_ALLOCATION_ALLOCATE","Agent 2",2,"0x0000794d66342000",2282,143929753370480,143929753371351
"MEMORY_ALLOCATION","MEMORY_ALLOCATION_ALLOCATE","Agent 2",2,"0x0000794d66343000",2288,143929753438682,143929753439382
"MEMORY_ALLOCATION","MEMORY_ALLOCATION_ALLOCATE","Agent 2",8388608,"0x0000794d48e00000",2294,143929753507393,143929753592304
"MEMORY_ALLOCATION","MEMORY_ALLOCATION_ALLOCATE","Agent 2",2,"0x0000794d66344000",2300,143929808137580,143929808143620
"MEMORY_ALLOCATION","MEMORY_ALLOCATION_ALLOCATE","Agent 2",2,"0x0000794d66345000",2306,143929808238562,143929808239552
"MEMORY_ALLOCATION","MEMORY_ALLOCATION_ALLOCATE","Agent 2",2048,"0x0000794d66346000",2312,143929808306713,143929808307493
"MEMORY_ALLOCATION","MEMORY_ALLOCATION_ALLOCATE","Agent 2",2048,"0x0000794d66347000",2318,143929808371254,143929808372034
"MEMORY_ALLOCATION","MEMORY_ALLOCATION_ALLOCATE","Agent 2",2,"0x0000794d66348000",2324,143929808433105,143929808433955
"MEMORY_ALLOCATION","MEMORY_ALLOCATION_ALLOCATE","Agent 2",2,"0x0000794d66349000",2330,143929808494216,143929808494896
"MEMORY_ALLOCATION","MEMORY_ALLOCATION_ALLOCATE","Agent 2",8388608,"0x0000794d48400000",2336,143929808553106,143929808637108
"MEMORY_ALLOCATION","MEMORY_ALLOCATION_ALLOCATE","Agent 2",2,"0x0000794d6634a000",2342,143929863834344,143929863839214
"MEMORY_ALLOCATION","MEMORY_ALLOCATION_ALLOCATE","Agent 2",2,"0x0000794d6634b000",2348,143929863918005,143929863918825
"MEMORY_ALLOCATION","MEMORY_ALLOCATION_ALLOCATE","Agent 2",2,"0x0000794d6634c000",2354,143929863975006,143929863975756
"MEMORY_ALLOCATION","MEMORY_ALLOCATION_ALLOCATE","Agent 2",2,"0x0000794d6634d000",2360,143929864031787,143929864032487
"MEMORY_ALLOCATION","MEMORY_ALLOCATION_ALLOCATE","Agent 2",8388608,"0x0000794d47a00000",2366,143929864088278,143929864172799
"MEMORY_ALLOCATION","MEMORY_ALLOCATION_ALLOCATE","Agent 2",2,"0x0000794d6634e000",2372,143929917620659,143929917626009
"MEMORY_ALLOCATION","MEMORY_ALLOCATION_ALLOCATE","Agent 2",2,"0x0000794d6634f000",2378,143929917704140,143929917704960
"MEMORY_ALLOCATION","MEMORY_ALLOCATION_ALLOCATE","Agent 2",2048,"0x0000794d66350000",2384,143929917761231,143929917762111
"MEMORY_ALLOCATION","MEMORY_ALLOCATION_ALLOCATE","Agent 2",2048,"0x0000794d66351000",2390,143929917817461,143929917818162
"MEMORY_ALLOCATION","MEMORY_ALLOCATION_ALLOCATE","Agent 2",2048,"0x0000794d66352000",2396,143929917873822,143929917874572
"MEMORY_ALLOCATION","MEMORY_ALLOCATION_ALLOCATE","Agent 2",10240,"0x0000794d66353000",2402,143929917930093,143929917930803
"MEMORY_ALLOCATION","MEMORY_ALLOCATION_ALLOCATE","Agent 2",2,"0x0000794d66356000",2408,143929917988604,143929917989264
"MEMORY_ALLOCATION","MEMORY_ALLOCATION_ALLOCATE","Agent 2",2,"0x0000794d66357000",2414,143929918050255,143929918050965
"MEMORY_ALLOCATION","MEMORY_ALLOCATION_ALLOCATE","Agent 2",2097152,"0x0000794d47600000",2420,143929918106146,143929918206657
"MEMORY_ALLOCATION","MEMORY_ALLOCATION_ALLOCATE","Agent 2",2,"0x0000794d66358000",2426,143929931601810,143929931603290
"MEMORY_ALLOCATION","MEMORY_ALLOCATION_ALLOCATE","Agent 2",2,"0x0000794d66359000",2432,143929931664141,143929931664931
"MEMORY_ALLOCATION","MEMORY_ALLOCATION_ALLOCATE","Agent 2",2,"0x0000794d6635a000",2438,143929931720102,143929931720792
"MEMORY_ALLOCATION","MEMORY_ALLOCATION_ALLOCATE","Agent 2",2,"0x0000794d6635b000",2444,143929931776513,143929931777233
"MEMORY_ALLOCATION","MEMORY_ALLOCATION_ALLOCATE","Agent 2",4194304,"0x0000794d47000000",2450,143929931831974,143929931877815
"MEMORY_ALLOCATION","MEMORY_ALLOCATION_ALLOCATE","Agent 2",2,"0x0000794d6635c000",2456,143929958488438,143929958490158
"MEMORY_ALLOCATION","MEMORY_ALLOCATION_ALLOCATE","Agent 2",2,"0x0000794d6635d000",2462,143929958554579,143929958555429
"MEMORY_ALLOCATION","MEMORY_ALLOCATION_ALLOCATE","Agent 2",2048,"0x0000794d6635e000",2468,143929958610950,143929958611640
"MEMORY_ALLOCATION","MEMORY_ALLOCATION_ALLOCATE","Agent 2",2048,"0x0000794d6635f000",2474,143929958668400,143929958669150
"MEMORY_ALLOCATION","MEMORY_ALLOCATION_ALLOCATE","Agent 2",2048,"0x0000794d66360000",2480,143929958725301,143929958726051
"MEMORY_ALLOCATION","MEMORY_ALLOCATION_ALLOCATE","Agent 2",2048,"0x0000794d66361000",2486,143929958782552,143929958783162
"MEMORY_ALLOCATION","MEMORY_ALLOCATION_ALLOCATE","Agent 2",2,"0x0000794d66362000",2492,143929958839463,143929958840133
"MEMORY_ALLOCATION","MEMORY_ALLOCATION_ALLOCATE","Agent 2",2,"0x0000794d66363000",2498,143929958895744,143929958896424
"MEMORY_ALLOCATION","MEMORY_ALLOCATION_ALLOCATE","Agent 2",2097152,"0x0000794d46000000",2504,143929958951415,143929959017346
"MEMORY_ALLOCATION","MEMORY_ALLOCATION_ALLOCATE","Agent 2",2,"0x0000794d66364000",2510,143929972610172,143929972611972
"MEMORY_ALLOCATION","MEMORY_ALLOCATION_ALLOCATE","Agent 2",2,"0x0000794d66365000",2516,143929972672943,143929972673773
"MEMORY_ALLOCATION","MEMORY_ALLOCATION_ALLOCATE","Agent 2",256,"0x0000794d66366000",2522,143929972730234,143929972730984
"MEMORY_ALLOCATION","MEMORY_ALLOCATION_ALLOCATE","Agent 2",2,"0x0000794d66367000",2528,143929972787044,143929972787824
"MEMORY_ALLOCATION","MEMORY_ALLOCATION_ALLOCATE","Agent 2",2,"0x0000794d66368000",2534,143929972843625,143929972844315
"MEMORY_ALLOCATION","MEMORY_ALLOCATION_ALLOCATE","Agent 2",2097152,"0x0000794d45c00000",2540,143929972899576,143929972949777
"MEMORY_ALLOCATION","MEMORY_ALLOCATION_ALLOCATE","Agent 2",2,"0x0000794d66369000",2546,143929986508752,143929986510162
"MEMORY_ALLOCATION","MEMORY_ALLOCATION_ALLOCATE","Agent 2",2,"0x0000794d6636a000",2552,143929986572793,143929986573583
"MEMORY_ALLOCATION","MEMORY_ALLOCATION_ALLOCATE","Agent 2",2,"0x0000794d6636b000",2558,143929986629694,143929986630374
"MEMORY_ALLOCATION","MEMORY_ALLOCATION_ALLOCATE","Agent 2",2,"0x0000794d6636c000",2564,143929986685715,143929986686395
"MEMORY_ALLOCATION","MEMORY_ALLOCATION_ALLOCATE","Agent 2",2097152,"0x0000794d45800000",2570,143929986742626,143929986784266
"MEMORY_ALLOCATION","MEMORY_ALLOCATION_ALLOCATE","Agent 2",2,"0x0000794d6636d000",2576,143930000351602,143930000353272
"MEMORY_ALLOCATION","MEMORY_ALLOCATION_ALLOCATE","Agent 2",2,"0x0000794d6636e000",2582,143930000416993,143930000417893
"MEMORY_ALLOCATION","MEMORY_ALLOCATION_ALLOCATE","Agent 2",2097152,"0x0000794d45400000",2588,143930000474334,143930000517774
"MEMORY_ALLOCATION","MEMORY_ALLOCATION_ALLOCATE","Agent 2",2,"0x0000794d6636f000",2594,143930005975617,143930005977467
"MEMORY_ALLOCATION","MEMORY_ALLOCATION_ALLOCATE","Agent 2",2,"0x0000794d66370000",2600,143930006039018,143930006039868
"MEMORY_ALLOCATION","MEMORY_ALLOCATION_ALLOCATE","Agent 2",2097152,"0x0000794d45000000",2606,143930006097309,143930006137920
"MEMORY_ALLOCATION","MEMORY_ALLOCATION_ALLOCATE","Agent 2",2,"0x0000794d66371000",2612,143930019723485,143930019724965
"MEMORY_ALLOCATION","MEMORY_ALLOCATION_ALLOCATE","Agent 2",2,"0x0000794d66372000",2618,143930019786446,143930019787206
"MEMORY_ALLOCATION","MEMORY_ALLOCATION_ALLOCATE","Agent 2",2,"0x0000794d66373000",2624,143930019842787,143930019843477
"MEMORY_ALLOCATION","MEMORY_ALLOCATION_ALLOCATE","Agent 2",2,"0x0000794d66374000",2630,143930019899238,143930019899878
"MEMORY_ALLOCATION","MEMORY_ALLOCATION_ALLOCATE","Agent 2",8388608,"0x0000794d44600000",2636,143930019953699,143930019999830
"MEMORY_ALLOCATION","MEMORY_ALLOCATION_ALLOCATE","Agent 2",2,"0x0000794d66375000",2642,143930076608567,143930076614577
"MEMORY_ALLOCATION","MEMORY_ALLOCATION_ALLOCATE","Agent 2",2,"0x0000794d66376000",2648,143930076711999,143930076713089
"MEMORY_ALLOCATION","MEMORY_ALLOCATION_ALLOCATE","Agent 2",2,"0x0000794d66377000",2654,143930076785230,143930076786070
"MEMORY_ALLOCATION","MEMORY_ALLOCATION_ALLOCATE","Agent 2",2,"0x0000794d66378000",2660,143930076855861,143930076856711
"MEMORY_ALLOCATION","MEMORY_ALLOCATION_ALLOCATE","Agent 2",8388608,"0x0000794d43c00000",2666,143930076925452,143930077036144
"MEMORY_ALLOCATION","MEMORY_ALLOCATION_ALLOCATE","Agent 2",2,"0x0000794d66379000",2672,143930132166669,143930132173029
"MEMORY_ALLOCATION","MEMORY_ALLOCATION_ALLOCATE","Agent 2",2,"0x0000794d6637a000",2678,143930132268590,143930132269761
"MEMORY_ALLOCATION","MEMORY_ALLOCATION_ALLOCATE","Agent 2",2048,"0x0000794d6637b000",2684,143930132339832,143930132340502
"MEMORY_ALLOCATION","MEMORY_ALLOCATION_ALLOCATE","Agent 2",2048,"0x0000794d6637c000",2690,143930132410923,143930132411853
"MEMORY_ALLOCATION","MEMORY_ALLOCATION_ALLOCATE","Agent 2",2,"0x0000794d6637d000",2696,143930132481874,143930132482614
"MEMORY_ALLOCATION","MEMORY_ALLOCATION_ALLOCATE","Agent 2",2,"0x0000794d6637e000",2702,143930132551795,143930132552555
"MEMORY_ALLOCATION","MEMORY_ALLOCATION_ALLOCATE","Agent 2",8388608,"0x0000794d43200000",2708,143930132621376,143930132704737
"MEMORY_ALLOCATION","MEMORY_ALLOCATION_ALLOCATE","Agent 2",2,"0x0000794d6637f000",2714,143930189116192,143930189122532
"MEMORY_ALLOCATION","MEMORY_ALLOCATION_ALLOCATE","Agent 2",2,"0x0000794d66380000",2720,143930189219043,143930189220063
"MEMORY_ALLOCATION","MEMORY_ALLOCATION_ALLOCATE","Agent 2",2,"0x0000794d66381000",2726,143930189290174,143930189290834
"MEMORY_ALLOCATION","MEMORY_ALLOCATION_ALLOCATE","Agent 2",2,"0x0000794d66382000",2732,143930189359545,143930189360215
"MEMORY_ALLOCATION","MEMORY_ALLOCATION_ALLOCATE","Agent 2",8388608,"0x0000794d42800000",2738,143930189424386,143930189520608
"MEMORY_ALLOCATION","MEMORY_ALLOCATION_ALLOCATE","Agent 2",2,"0x0000794d66383000",2744,143930244640603,143930244646463
"MEMORY_ALLOCATION","MEMORY_ALLOCATION_ALLOCATE","Agent 2",2,"0x0000794d66384000",2750,143930244729944,143930244731064
"MEMORY_ALLOCATION","MEMORY_ALLOCATION_ALLOCATE","Agent 2",2048,"0x0000794d66385000",2756,143930244791245,143930244791965
"MEMORY_ALLOCATION","MEMORY_ALLOCATION_ALLOCATE","Agent 2",2048,"0x0000794d66386000",2762,143930244854736,143930244855526
"MEMORY_ALLOCATION","MEMORY_ALLOCATION_ALLOCATE","Agent 2",2048,"0x0000794d66387000",2768,143930244916667,143930244917717
"MEMORY_ALLOCATION","MEMORY_ALLOCATION_ALLOCATE","Agent 2",10240,"0x0000794d66388000",2774,143930245012009,143930245012949
"MEMORY_ALLOCATION","MEMORY_ALLOCATION_ALLOCATE","Agent 2",2,"0x0000794d6638b000",2780,143930245078160,143930245078970
"MEMORY_ALLOCATION","MEMORY_ALLOCATION_ALLOCATE","Agent 2",2,"0x0000794d6638c000",2786,143930245137681,143930245138601
"MEMORY_ALLOCATION","MEMORY_ALLOCATION_ALLOCATE","Agent 2",2097152,"0x0000794d42400000",2792,143930245204732,143930245287183
"MEMORY_ALLOCATION","MEMORY_ALLOCATION_ALLOCATE","Agent 2",2,"0x0000794d6638d000",2798,143930259221904,143930259223504
"MEMORY_ALLOCATION","MEMORY_ALLOCATION_ALLOCATE","Agent 2",2,"0x0000794d6638e000",2804,143930259558879,143930259560039
"MEMORY_ALLOCATION","MEMORY_ALLOCATION_ALLOCATE","Agent 2",2,"0x0000794d6638f000",2810,143930259620320,143930259621040
"MEMORY_ALLOCATION","MEMORY_ALLOCATION_ALLOCATE","Agent 2",2,"0x0000794d66390000",2816,143930259678991,143930259679681
"MEMORY_ALLOCATION","MEMORY_ALLOCATION_ALLOCATE","Agent 2",4194304,"0x0000794d41e00000",2822,143930259747712,143930259798083
"MEMORY_ALLOCATION","MEMORY_ALLOCATION_ALLOCATE","Agent 2",2,"0x0000794d66391000",2828,143930287166677,143930287169877
"MEMORY_ALLOCATION","MEMORY_ALLOCATION_ALLOCATE","Agent 2",2,"0x0000794d66392000",2834,143930287242298,143930287243228
"MEMORY_ALLOCATION","MEMORY_ALLOCATION_ALLOCATE","Agent 2",2048,"0x0000794d66393000",2840,143930287302789,143930287303529
"MEMORY_ALLOCATION","MEMORY_ALLOCATION_ALLOCATE","Agent 2",2048,"0x0000794d66394000",2846,143930287362860,143930287363690
"MEMORY_ALLOCATION","MEMORY_ALLOCATION_ALLOCATE","Agent 2",2048,"0x0000794d66395000",2852,143930287425591,143930287426331
"MEMORY_ALLOCATION","MEMORY_ALLOCATION_ALLOCATE","Agent 2",2048,"0x0000794d66396000",2858,143930287483792,143930287484492
"MEMORY_ALLOCATION","MEMORY_ALLOCATION_ALLOCATE","Agent 2",2,"0x0000794d66397000",2864,143930287545453,143930287546173
"MEMORY_ALLOCATION","MEMORY_ALLOCATION_ALLOCATE","Agent 2",2,"0x0000794d66398000",2870,143930287603314,143930287603984
"MEMORY_ALLOCATION","MEMORY_ALLOCATION_ALLOCATE","Agent 2",2097152,"0x0000794d41a00000",2876,143930287662525,143930287721126
"MEMORY_ALLOCATION","MEMORY_ALLOCATION_ALLOCATE","Agent 2",2,"0x0000794d66399000",2882,143930301579326,143930301580896
"MEMORY_ALLOCATION","MEMORY_ALLOCATION_ALLOCATE","Agent 2",2,"0x0000794d6639a000",2888,143930301646707,143930301647547
"MEMORY_ALLOCATION","MEMORY_ALLOCATION_ALLOCATE","Agent 2",256,"0x0000794d6639b000",2894,143930301708068,143930301708698
"MEMORY_ALLOCATION","MEMORY_ALLOCATION_ALLOCATE","Agent 2",2,"0x0000794d6639c000",2900,143930301766618,143930301767418
"MEMORY_ALLOCATION","MEMORY_ALLOCATION_ALLOCATE","Agent 2",2,"0x0000794d6639d000",2906,143930301827959,143930301828579
"MEMORY_ALLOCATION","MEMORY_ALLOCATION_ALLOCATE","Agent 2",2097152,"0x0000794d41600000",2912,143930301886140,143930301943681
"MEMORY_ALLOCATION","MEMORY_ALLOCATION_ALLOCATE","Agent 2",2,"0x0000794d6639e000",2918,143930315824861,143930315826772
"MEMORY_ALLOCATION","MEMORY_ALLOCATION_ALLOCATE","Agent 2",2,"0x0000794d6639f000",2924,143930315895993,143930315897013
"MEMORY_ALLOCATION","MEMORY_ALLOCATION_ALLOCATE","Agent 2",2,"0x0000794d663a0000",2930,143930315956323,143930315957043
"MEMORY_ALLOCATION","MEMORY_ALLOCATION_ALLOCATE","Agent 2",2,"0x0000794d663a1000",2936,143930316042335,143930316043195
"MEMORY_ALLOCATION","MEMORY_ALLOCATION_ALLOCATE","Agent 2",2097152,"0x0000794d41200000",2942,143930316106166,143930316160667
"MEMORY_ALLOCATION","MEMORY_ALLOCATION_ALLOCATE","Agent 2",2,"0x0000794d663a2000",2948,143930330191319,143930330195979
"MEMORY_ALLOCATION","MEMORY_ALLOCATION_ALLOCATE","Agent 2",2,"0x0000794d663a3000",2954,143930330275270,143930330276070
"MEMORY_ALLOCATION","MEMORY_ALLOCATION_ALLOCATE","Agent 2",2097152,"0x0000794d40e00000",2960,143930330336491,143930330413732
"MEMORY_ALLOCATION","MEMORY_ALLOCATION_ALLOCATE","Agent 2",2,"0x0000794d663a4000",2966,143930336626186,143930336630537
"MEMORY_ALLOCATION","MEMORY_ALLOCATION_ALLOCATE","Agent 2",2,"0x0000794d663a5000",2972,143930336706738,143930336707568
"MEMORY_ALLOCATION","MEMORY_ALLOCATION_ALLOCATE","Agent 2",2097152,"0x0000794d40a00000",2978,143930336766779,143930336850110
"MEMORY_ALLOCATION","MEMORY_ALLOCATION_ALLOCATE","Agent 2",2,"0x0000794d663a6000",2984,143930350627839,143930350629949
"MEMORY_ALLOCATION","MEMORY_ALLOCATION_ALLOCATE","Agent 2",2,"0x0000794d663a7000",2990,143930350700320,143930350701200
"MEMORY_ALLOCATION","MEMORY_ALLOCATION_ALLOCATE","Agent 2",2,"0x0000794d663a8000",2996,143930350764241,143930350764921
"MEMORY_ALLOCATION","MEMORY_ALLOCATION_ALLOCATE","Agent 2",2,"0x0000794d663a9000",3002,143930350826282,143930350827012
"MEMORY_ALLOCATION","MEMORY_ALLOCATION_ALLOCATE","Agent 2",8388608,"0x0000794d40000000",3008,143930350888573,143930350941933
"MEMORY_ALLOCATION","MEMORY_ALLOCATION_ALLOCATE","Agent 2",2,"0x0000794d663aa000",3014,143930407681953,143930407689263
"MEMORY_ALLOCATION","MEMORY_ALLOCATION_ALLOCATE","Agent 2",2,"0x0000794d663ab000",3020,143930407784045,143930407784865
"MEMORY_ALLOCATION","MEMORY_ALLOCATION_ALLOCATE","Agent 2",2,"0x0000794d663ac000",3026,143930407855466,143930407856756
"MEMORY_ALLOCATION","MEMORY_ALLOCATION_ALLOCATE","Agent 2",2,"0x0000794d663ad000",3032,143930407926597,143930407927467
"MEMORY_ALLOCATION","MEMORY_ALLOCATION_ALLOCATE","Agent 2",8388608,"0x0000794d3f600000",3038,143930408091679,143930408201071
"MEMORY_ALLOCATION","MEMORY_ALLOCATION_ALLOCATE","Agent 2",2,"0x0000794d663ae000",3044,143930463681942,143930463689212
"MEMORY_ALLOCATION","MEMORY_ALLOCATION_ALLOCATE","Agent 2",2,"0x0000794d663af000",3050,143930463791713,143930463792593
"MEMORY_ALLOCATION","MEMORY_ALLOCATION_ALLOCATE","Agent 2",2048,"0x0000794d663b0000",3056,143930463860224,143930463861144
"MEMORY_ALLOCATION","MEMORY_ALLOCATION_ALLOCATE","Agent 2",2048,"0x0000794d663b1000",3062,143930463923385,143930463924225
"MEMORY_ALLOCATION","MEMORY_ALLOCATION_ALLOCATE","Agent 2",2,"0x0000794d663b2000",3068,143930463985386,143930463986246
"MEMORY_ALLOCATION","MEMORY_ALLOCATION_ALLOCATE","Agent 2",2,"0x0000794d663b3000",3074,143930464100608,143930464101378
"MEMORY_ALLOCATION","MEMORY_ALLOCATION_ALLOCATE","Agent 2",8388608,"0x0000794d3ec00000",3080,143930464161449,143930464256880
"MEMORY_ALLOCATION","MEMORY_ALLOCATION_ALLOCATE","Agent 2",2,"0x0000794d663b4000",3086,143930521040210,143930521046711
"MEMORY_ALLOCATION","MEMORY_ALLOCATION_ALLOCATE","Agent 2",2,"0x0000794d663b5000",3092,143930521143522,143930521144382
"MEMORY_ALLOCATION","MEMORY_ALLOCATION_ALLOCATE","Agent 2",2,"0x0000794d663b6000",3098,143930521205623,143930521206593
"MEMORY_ALLOCATION","MEMORY_ALLOCATION_ALLOCATE","Agent 2",2,"0x0000794d663b7000",3104,143930521266334,143930521267024
"MEMORY_ALLOCATION","MEMORY_ALLOCATION_ALLOCATE","Agent 2",8388608,"0x0000794d3e200000",3110,143930521325615,143930521430606
"MEMORY_ALLOCATION","MEMORY_ALLOCATION_ALLOCATE","Agent 2",2,"0x0000794d663b8000",3116,143930576758295,143930576764985
"MEMORY_ALLOCATION","MEMORY_ALLOCATION_ALLOCATE","Agent 2",2,"0x0000794d663b9000",3122,143930576856736,143930576857576
"MEMORY_ALLOCATION","MEMORY_ALLOCATION_ALLOCATE","Agent 2",2048,"0x0000794d663ba000",3128,143930576918527,143930576919327
"MEMORY_ALLOCATION","MEMORY_ALLOCATION_ALLOCATE","Agent 2",2048,"0x0000794d663bb000",3134,143930576980618,143930576981288
"MEMORY_ALLOCATION","MEMORY_ALLOCATION_ALLOCATE","Agent 2",2048,"0x0000794d663bc000",3140,143930577042239,143930577043269
"MEMORY_ALLOCATION","MEMORY_ALLOCATION_ALLOCATE","Agent 2",10240,"0x0000794d663bd000",3146,143930577104590,143930577105400
"MEMORY_ALLOCATION","MEMORY_ALLOCATION_ALLOCATE","Agent 2",2,"0x0000794d663c0000",3152,143930577446155,143930577447385
"MEMORY_ALLOCATION","MEMORY_ALLOCATION_ALLOCATE","Agent 2",2,"0x0000794d663c1000",3158,143930577530886,143930577531776
"MEMORY_ALLOCATION","MEMORY_ALLOCATION_ALLOCATE","Agent 2",2097152,"0x0000794d3de00000",3164,143930577591537,143930577681999
"MEMORY_ALLOCATION","MEMORY_ALLOCATION_ALLOCATE","Agent 2",2,"0x0000794d663c2000",3170,143930591582419,143930591583999
"MEMORY_ALLOCATION","MEMORY_ALLOCATION_ALLOCATE","Agent 2",2,"0x0000794d663c3000",3176,143930591653720,143930591654510
"MEMORY_ALLOCATION","MEMORY_ALLOCATION_ALLOCATE","Agent 2",2,"0x0000794d663c4000",3182,143930591716621,143930591717391
"MEMORY_ALLOCATION","MEMORY_ALLOCATION_ALLOCATE","Agent 2",2,"0x0000794d663c5000",3188,143930591779312,143930591780222
"MEMORY_ALLOCATION","MEMORY_ALLOCATION_ALLOCATE","Agent 2",4194304,"0x0000794d3d800000",3194,143930591841493,143930591898404
"MEMORY_ALLOCATION","MEMORY_ALLOCATION_ALLOCATE","Agent 2",2,"0x0000794d663c6000",3200,143930619210928,143930619212768
"MEMORY_ALLOCATION","MEMORY_ALLOCATION_ALLOCATE","Agent 2",2,"0x0000794d663c7000",3206,143930619289709,143930619290599
"MEMORY_ALLOCATION","MEMORY_ALLOCATION_ALLOCATE","Agent 2",2048,"0x0000794d663c8000",3212,143930619360080,143930619361070
"MEMORY_ALLOCATION","MEMORY_ALLOCATION_ALLOCATE","Agent 2",2048,"0x0000794d663c9000",3218,143930619430551,143930619431451
"MEMORY_ALLOCATION","MEMORY_ALLOCATION_ALLOCATE","Agent 2",2048,"0x0000794d663ca000",3224,143930619500942,143930619501662
"MEMORY_ALLOCATION","MEMORY_ALLOCATION_ALLOCATE","Agent 2",2048,"0x0000794d663cb000",3230,143930619569393,143930619570053
"MEMORY_ALLOCATION","MEMORY_ALLOCATION_ALLOCATE","Agent 2",2,"0x0000794d663cc000",3236,143930620585619,143930620586799
"MEMORY_ALLOCATION","MEMORY_ALLOCATION_ALLOCATE","Agent 2",2,"0x0000794d663cd000",3242,143930620657630,143930620658350
"MEMORY_ALLOCATION","MEMORY_ALLOCATION_ALLOCATE","Agent 2",2097152,"0x0000794d3d400000",3248,143930620725731,143930620789662
"MEMORY_ALLOCATION","MEMORY_ALLOCATION_ALLOCATE","Agent 2",2,"0x0000794d663ce000",3254,143930634795094,143930634796734
"MEMORY_ALLOCATION","MEMORY_ALLOCATION_ALLOCATE","Agent 2",2,"0x0000794d663cf000",3260,143930634865425,143930634866245
"MEMORY_ALLOCATION","MEMORY_ALLOCATION_ALLOCATE","Agent 2",256,"0x0000794d663d0000",3266,143930634928916,143930634929666
"MEMORY_ALLOCATION","MEMORY_ALLOCATION_ALLOCATE","Agent 2",2,"0x0000794d663d1000",3272,143930634993367,143930634994057
"MEMORY_ALLOCATION","MEMORY_ALLOCATION_ALLOCATE","Agent 2",2,"0x0000794d663d2000",3278,143930635062958,143930635063778
"MEMORY_ALLOCATION","MEMORY_ALLOCATION_ALLOCATE","Agent 2",2097152,"0x0000794d3d000000",3284,143930635128009,143930635171800
"MEMORY_ALLOCATION","MEMORY_ALLOCATION_ALLOCATE","Agent 2",2,"0x0000794d663d3000",3290,143930649050230,143930649051680
"MEMORY_ALLOCATION","MEMORY_ALLOCATION_ALLOCATE","Agent 2",2,"0x0000794d663d4000",3296,143930649126241,143930649127201
"MEMORY_ALLOCATION","MEMORY_ALLOCATION_ALLOCATE","Agent 2",2,"0x0000794d663d5000",3302,143930649195662,143930649196502
"MEMORY_ALLOCATION","MEMORY_ALLOCATION_ALLOCATE","Agent 2",2,"0x0000794d663d6000",3308,143930649264123,143930649264773
"MEMORY_ALLOCATION","MEMORY_ALLOCATION_ALLOCATE","Agent 2",2097152,"0x0000794d3cc00000",3314,143930649333254,143930649376455
"MEMORY_ALLOCATION","MEMORY_ALLOCATION_ALLOCATE","Agent 2",2,"0x0000794d663d7000",3320,143930662803638,143930662805038
"MEMORY_ALLOCATION","MEMORY_ALLOCATION_ALLOCATE","Agent 2",2,"0x0000794d663d8000",3326,143930662877469,143930662878329
"MEMORY_ALLOCATION","MEMORY_ALLOCATION_ALLOCATE","Agent 2",2097152,"0x0000794d3c800000",3332,143930662941060,143930662990031
"MEMORY_ALLOCATION","MEMORY_ALLOCATION_ALLOCATE","Agent 2",2,"0x0000794d663d9000",3338,143930668842600,143930668843920
"MEMORY_ALLOCATION","MEMORY_ALLOCATION_ALLOCATE","Agent 2",2,"0x0000794d663da000",3344,143930668910571,143930668911441
"MEMORY_ALLOCATION","MEMORY_ALLOCATION_ALLOCATE","Agent 2",2097152,"0x0000794d3c400000",3350,143930668988082,143930669078083
"MEMORY_ALLOCATION","MEMORY_ALLOCATION_ALLOCATE","Agent 2",2,"0x0000794d663db000",3356,143930682835002,143930682836482
"MEMORY_ALLOCATION","MEMORY_ALLOCATION_ALLOCATE","Agent 2",2,"0x0000794d663dc000",3362,143930682910973,143930682911973
"MEMORY_ALLOCATION","MEMORY_ALLOCATION_ALLOCATE","Agent 2",2,"0x0000794d663dd000",3368,143930682982984,143930682983784
"MEMORY_ALLOCATION","MEMORY_ALLOCATION_ALLOCATE","Agent 2",2,"0x0000794d663de000",3374,143930683058925,143930683059755
"MEMORY_ALLOCATION","MEMORY_ALLOCATION_ALLOCATE","Agent 2",8388608,"0x0000794d3ba00000",3380,143930683127946,143930683171287
"MEMORY_ALLOCATION","MEMORY_ALLOCATION_ALLOCATE","Agent 2",2,"0x0000794d663df000",3386,143930739526251,143930739531921
"MEMORY_ALLOCATION","MEMORY_ALLOCATION_ALLOCATE","Agent 2",2,"0x0000794d663e0000",3392,143930739620692,143930739621952
"MEMORY_ALLOCATION","MEMORY_ALLOCATION_ALLOCATE","Agent 2",2,"0x0000794d663e1000",3398,143930739684323,143930739685053
"MEMORY_ALLOCATION","MEMORY_ALLOCATION_ALLOCATE","Agent 2",2,"0x0000794d663e2000",3404,143930739744034,143930739744754
"MEMORY_ALLOCATION","MEMORY_ALLOCATION_ALLOCATE","Agent 2",8388608,"0x0000794d3b000000",3410,143930739803995,143930739890186
"MEMORY_ALLOCATION","MEMORY_ALLOCATION_ALLOCATE","Agent 2",2,"0x0000794d663e3000",3416,143930795204134,143930795210124
"MEMORY_ALLOCATION","MEMORY_ALLOCATION_ALLOCATE","Agent 2",2,"0x0000794d663e4000",3422,143930795300296,143930795301486
"MEMORY_ALLOCATION","MEMORY_ALLOCATION_ALLOCATE","Agent 2",2048,"0x0000794d663e5000",3428,143930795370487,143930795371227
"MEMORY_ALLOCATION","MEMORY_ALLOCATION_ALLOCATE","Agent 2",2048,"0x0000794d663e6000",3434,143930795439868,143930795441038
"MEMORY_ALLOCATION","MEMORY_ALLOCATION_ALLOCATE","Agent 2",2,"0x0000794d663e7000",3440,143930795510709,143930795511499
"MEMORY_ALLOCATION","MEMORY_ALLOCATION_ALLOCATE","Agent 2",2,"0x0000794d663e8000",3446,143930795578690,143930795579380
"MEMORY_ALLOCATION","MEMORY_ALLOCATION_ALLOCATE","Agent 2",8388608,"0x0000794d3a600000",3452,143930795647761,143930795749472
"MEMORY_ALLOCATION","MEMORY_ALLOCATION_ALLOCATE","Agent 2",2,"0x0000794d663e9000",3458,143930852250788,143930852257288
"MEMORY_ALLOCATION","MEMORY_ALLOCATION_ALLOCATE","Agent 2",2,"0x0000794d663ea000",3464,143930852349270,143930852350480
"MEMORY_ALLOCATION","MEMORY_ALLOCATION_ALLOCATE","Agent 2",2,"0x0000794d663eb000",3470,143930852419631,143930852420441
"MEMORY_ALLOCATION","MEMORY_ALLOCATION_ALLOCATE","Agent 2",2,"0x0000794d663ec000",3476,143930852487482,143930852488302
"MEMORY_ALLOCATION","MEMORY_ALLOCATION_ALLOCATE","Agent 2",8388608,"0x0000794d39c00000",3482,143930852555303,143930852643434
"MEMORY_ALLOCATION","MEMORY_ALLOCATION_ALLOCATE","Agent 2",2,"0x0000794d663ed000",3488,143930908070814,143930908076734
"MEMORY_ALLOCATION","MEMORY_ALLOCATION_ALLOCATE","Agent 2",2,"0x0000794d663ee000",3494,143930908170486,143930908171946
"MEMORY_ALLOCATION","MEMORY_ALLOCATION_ALLOCATE","Agent 2",2048,"0x0000794d663ef000",3500,143930908241847,143930908242607
"MEMORY_ALLOCATION","MEMORY_ALLOCATION_ALLOCATE","Agent 2",2048,"0x0000794d663f0000",3506,143930908582192,143930908583202
"MEMORY_ALLOCATION","MEMORY_ALLOCATION_ALLOCATE","Agent 2",2048,"0x0000794d663f1000",3512,143930908654743,143930908655723
"MEMORY_ALLOCATION","MEMORY_ALLOCATION_ALLOCATE","Agent 2",10240,"0x0000794d663f2000",3518,143930908715004,143930908715824
"MEMORY_ALLOCATION","MEMORY_ALLOCATION_ALLOCATE","Agent 2",2,"0x0000794d663f5000",3524,143930908810905,143930908811725
"MEMORY_ALLOCATION","MEMORY_ALLOCATION_ALLOCATE","Agent 2",2,"0x0000794d663f6000",3530,143930908871156,143930908871826
"MEMORY_ALLOCATION","MEMORY_ALLOCATION_ALLOCATE","Agent 2",2097152,"0x0000794d39800000",3536,143930908932187,143930909058329
"MEMORY_ALLOCATION","MEMORY_ALLOCATION_ALLOCATE","Agent 2",2,"0x0000794d663f7000",3542,143930922900799,143930922902199
"MEMORY_ALLOCATION","MEMORY_ALLOCATION_ALLOCATE","Agent 2",2,"0x0000794d663f8000",3548,143930922965190,143930922966190
"MEMORY_ALLOCATION","MEMORY_ALLOCATION_ALLOCATE","Agent 2",2,"0x0000794d663f9000",3554,143930923054261,143930923055061
"MEMORY_ALLOCATION","MEMORY_ALLOCATION_ALLOCATE","Agent 2",2,"0x0000794d663fa000",3560,143930923113902,143930923114932
"MEMORY_ALLOCATION","MEMORY_ALLOCATION_ALLOCATE","Agent 2",4194304,"0x0000794d39200000",3566,143930923173073,143930923219794
"MEMORY_ALLOCATION","MEMORY_ALLOCATION_ALLOCATE","Agent 2",2,"0x0000794d663fb000",3572,143930950401016,143930950402776
"MEMORY_ALLOCATION","MEMORY_ALLOCATION_ALLOCATE","Agent 2",2,"0x0000794d663fc000",3578,143930950471377,143930950472417
"MEMORY_ALLOCATION","MEMORY_ALLOCATION_ALLOCATE","Agent 2",2048,"0x0000794d663fd000",3584,143930950531388,143930950532238
"MEMORY_ALLOCATION","MEMORY_ALLOCATION_ALLOCATE","Agent 2",2048,"0x0000794d663fe000",3590,143930950592709,143930950593519
"MEMORY_ALLOCATION","MEMORY_ALLOCATION_ALLOCATE","Agent 2",2048,"0x0000794d663ff000",3596,143930950652579,143930950653259
"MEMORY_ALLOCATION","MEMORY_ALLOCATION_ALLOCATE","Agent 2",2048,"0x0000794d38e00000",3602,143930950711730,143930950773761
"MEMORY_ALLOCATION","MEMORY_ALLOCATION_ALLOCATE","Agent 2",2,"0x0000794d38e01000",3608,143930950841452,143930950842332
"MEMORY_ALLOCATION","MEMORY_ALLOCATION_ALLOCATE","Agent 2",2,"0x0000794d38e02000",3614,143930950900283,143930950900983
"MEMORY_ALLOCATION","MEMORY_ALLOCATION_ALLOCATE","Agent 2",2097152,"0x0000794d38a00000",3620,143930950958634,143930950997145
"MEMORY_ALLOCATION","MEMORY_ALLOCATION_ALLOCATE","Agent 2",2,"0x0000794d38e03000",3626,143930964749763,143930964751133
"MEMORY_ALLOCATION","MEMORY_ALLOCATION_ALLOCATE","Agent 2",2,"0x0000794d38e04000",3632,143930964824744,143930964825484
"MEMORY_ALLOCATION","MEMORY_ALLOCATION_ALLOCATE","Agent 2",256,"0x0000794d38e05000",3638,143930964883315,143930964883955
"MEMORY_ALLOCATION","MEMORY_ALLOCATION_ALLOCATE","Agent 2",2,"0x0000794d38e06000",3644,143930964941156,143930964942046
"MEMORY_ALLOCATION","MEMORY_ALLOCATION_ALLOCATE","Agent 2",2,"0x0000794d38e07000",3650,143930964998627,143930964999167
"MEMORY_ALLOCATION","MEMORY_ALLOCATION_ALLOCATE","Agent 2",2097152,"0x0000794d38600000",3656,143930965097538,143930965142899
"MEMORY_ALLOCATION","MEMORY_ALLOCATION_ALLOCATE","Agent 2",2,"0x0000794d38e08000",3662,143930978897407,143930978898697
"MEMORY_ALLOCATION","MEMORY_ALLOCATION_ALLOCATE","Agent 2",2,"0x0000794d38e09000",3668,143930978963688,143930978964468
"MEMORY_ALLOCATION","MEMORY_ALLOCATION_ALLOCATE","Agent 2",2,"0x0000794d38e0a000",3674,143930979052290,143930979053040
"MEMORY_ALLOCATION","MEMORY_ALLOCATION_ALLOCATE","Agent 2",2,"0x0000794d38e0b000",3680,143930979112021,143930979112661
"MEMORY_ALLOCATION","MEMORY_ALLOCATION_ALLOCATE","Agent 2",2097152,"0x0000794d38200000",3686,143930979170642,143930979220012
"MEMORY_ALLOCATION","MEMORY_ALLOCATION_ALLOCATE","Agent 2",2,"0x0000794d38e0c000",3692,143930992706117,143930992707357
"MEMORY_ALLOCATION","MEMORY_ALLOCATION_ALLOCATE","Agent 2",2,"0x0000794d38e0d000",3698,143930992772178,143930992773098
"MEMORY_ALLOCATION","MEMORY_ALLOCATION_ALLOCATE","Agent 2",2097152,"0x0000794d37e00000",3704,143930992832389,143930992874369
"MEMORY_ALLOCATION","MEMORY_ALLOCATION_ALLOCATE","Agent 2",2,"0x0000794d38e0e000",3710,143930997974916,143930997976316
"MEMORY_ALLOCATION","MEMORY_ALLOCATION_ALLOCATE","Agent 2",2,"0x0000794d38e0f000",3716,143930998069458,143930998070268
"MEMORY_ALLOCATION","MEMORY_ALLOCATION_ALLOCATE","Agent 2",2097152,"0x0000794d37a00000",3722,143930998129369,143930998170619
"MEMORY_ALLOCATION","MEMORY_ALLOCATION_ALLOCATE","Agent 2",2,"0x0000794d38e10000",3728,143931011983729,143931011984999
"MEMORY_ALLOCATION","MEMORY_ALLOCATION_ALLOCATE","Agent 2",2,"0x0000794d38e11000",3734,143931012087160,143931012088100
"MEMORY_ALLOCATION","MEMORY_ALLOCATION_ALLOCATE","Agent 2",2,"0x0000794d38e12000",3740,143931012146051,143931012146691
"MEMORY_ALLOCATION","MEMORY_ALLOCATION_ALLOCATE","Agent 2",2,"0x0000794d38e13000",3746,143931012204512,143931012205312
"MEMORY_ALLOCATION","MEMORY_ALLOCATION_ALLOCATE","Agent 2",8388608,"0x0000794d37000000",3752,143931012262363,143931012304544
"MEMORY_ALLOCATION","MEMORY_ALLOCATION_ALLOCATE","Agent 2",2,"0x0000794d38e14000",3758,143931069192476,143931069198216
"MEMORY_ALLOCATION","MEMORY_ALLOCATION_ALLOCATE","Agent 2",2,"0x0000794d38e15000",3764,143931069291567,143931069292377
"MEMORY_ALLOCATION","MEMORY_ALLOCATION_ALLOCATE","Agent 2",2,"0x0000794d38e16000",3770,143931069360838,143931069361958
"MEMORY_ALLOCATION","MEMORY_ALLOCATION_ALLOCATE","Agent 2",2,"0x0000794d38e17000",3776,143931069429989,143931069430629
"MEMORY_ALLOCATION","MEMORY_ALLOCATION_ALLOCATE","Agent 2",8388608,"0x0000794d36600000",3782,143931069498340,143931069585872
"MEMORY_ALLOCATION","MEMORY_ALLOCATION_ALLOCATE","Agent 2",2,"0x0000794d38e18000",3788,143931124134498,143931124140678
"MEMORY_ALLOCATION","MEMORY_ALLOCATION_ALLOCATE","Agent 2",2,"0x0000794d38e19000",3794,143931124231100,143931124232040
"MEMORY_ALLOCATION","MEMORY_ALLOCATION_ALLOCATE","Agent 2",2048,"0x0000794d38e1a000",3800,143931124291401,143931124292071
"MEMORY_ALLOCATION","MEMORY_ALLOCATION_ALLOCATE","Agent 2",2048,"0x0000794d38e1b000",3806,143931124351191,143931124352152
"MEMORY_ALLOCATION","MEMORY_ALLOCATION_ALLOCATE","Agent 2",2,"0x0000794d38e1c000",3812,143931124413002,143931124413692
"MEMORY_ALLOCATION","MEMORY_ALLOCATION_ALLOCATE","Agent 2",2,"0x0000794d38e1d000",3818,143931124472093,143931124472703
"MEMORY_ALLOCATION","MEMORY_ALLOCATION_ALLOCATE","Agent 2",8388608,"0x0000794d35c00000",3824,143931124527504,143931124599755
"MEMORY_ALLOCATION","MEMORY_ALLOCATION_ALLOCATE","Agent 2",2,"0x0000794d38e1e000",3830,143931179064411,143931179070491
"MEMORY_ALLOCATION","MEMORY_ALLOCATION_ALLOCATE","Agent 2",2,"0x0000794d38e1f000",3836,143931179151442,143931179152162
"MEMORY_ALLOCATION","MEMORY_ALLOCATION_ALLOCATE","Agent 2",2,"0x0000794d38e20000",3842,143931179210663,143931179211503
"MEMORY_ALLOCATION","MEMORY_ALLOCATION_ALLOCATE","Agent 2",2,"0x0000794d38e21000",3848,143931179268264,143931179269034
"MEMORY_ALLOCATION","MEMORY_ALLOCATION_ALLOCATE","Agent 2",8388608,"0x0000794d35200000",3854,143931179529528,143931179616129
"MEMORY_ALLOCATION","MEMORY_ALLOCATION_ALLOCATE","Agent 2",2,"0x0000794d38e22000",3860,143931231505125,143931231510225
"MEMORY_ALLOCATION","MEMORY_ALLOCATION_ALLOCATE","Agent 2",2,"0x0000794d38e23000",3866,143931231594187,143931231595177
"MEMORY_ALLOCATION","MEMORY_ALLOCATION_ALLOCATE","Agent 2",2048,"0x0000794d38e24000",3872,143931231658168,143931231658888
"MEMORY_ALLOCATION","MEMORY_ALLOCATION_ALLOCATE","Agent 2",2048,"0x0000794d38e25000",3878,143931231719499,143931231720079
"MEMORY_ALLOCATION","MEMORY_ALLOCATION_ALLOCATE","Agent 2",2048,"0x0000794d38e26000",3884,143931231783150,143931231784030
"MEMORY_ALLOCATION","MEMORY_ALLOCATION_ALLOCATE","Agent 2",10240,"0x0000794d38e27000",3890,143931231844860,143931231845510
"MEMORY_ALLOCATION","MEMORY_ALLOCATION_ALLOCATE","Agent 2",2,"0x0000794d38e2a000",3896,143931231909261,143931231910001
"MEMORY_ALLOCATION","MEMORY_ALLOCATION_ALLOCATE","Agent 2",2,"0x0000794d38e2b000",3902,143931231970592,143931231971172
"MEMORY_ALLOCATION","MEMORY_ALLOCATION_ALLOCATE","Agent 2",2097152,"0x0000794d34e00000",3908,143931232069504,143931232167785
"MEMORY_ALLOCATION","MEMORY_ALLOCATION_ALLOCATE","Agent 2",2,"0x0000794d38e2c000",3914,143931244948739,143931244951599
"MEMORY_ALLOCATION","MEMORY_ALLOCATION_ALLOCATE","Agent 2",2,"0x0000794d38e2d000",3920,143931245043280,143931245044140
"MEMORY_ALLOCATION","MEMORY_ALLOCATION_ALLOCATE","Agent 2",2,"0x0000794d38e2e000",3926,143931245106381,143931245107131
"MEMORY_ALLOCATION","MEMORY_ALLOCATION_ALLOCATE","Agent 2",2,"0x0000794d38e2f000",3932,143931245168112,143931245168792
"MEMORY_ALLOCATION","MEMORY_ALLOCATION_ALLOCATE","Agent 2",4194304,"0x0000794d34800000",3938,143931245228383,143931245291384
"MEMORY_ALLOCATION","MEMORY_ALLOCATION_ALLOCATE","Agent 2",2,"0x0000794d38e30000",3944,143931270180011,143931270185661
"MEMORY_ALLOCATION","MEMORY_ALLOCATION_ALLOCATE","Agent 2",2,"0x0000794d38e31000",3950,143931270271313,143931270272033
"MEMORY_ALLOCATION","MEMORY_ALLOCATION_ALLOCATE","Agent 2",2048,"0x0000794d38e32000",3956,143931270339904,143931270340644
"MEMORY_ALLOCATION","MEMORY_ALLOCATION_ALLOCATE","Agent 2",2048,"0x0000794d38e33000",3962,143931270407705,143931270408285
"MEMORY_ALLOCATION","MEMORY_ALLOCATION_ALLOCATE","Agent 2",2048,"0x0000794d38e34000",3968,143931270475806,143931270476496
"MEMORY_ALLOCATION","MEMORY_ALLOCATION_ALLOCATE","Agent 2",2048,"0x0000794d38e35000",3974,143931270542787,143931270543487
"MEMORY_ALLOCATION","MEMORY_ALLOCATION_ALLOCATE","Agent 2",2,"0x0000794d38e36000",3980,143931270612678,143931270613358
"MEMORY_ALLOCATION","MEMORY_ALLOCATION_ALLOCATE","Agent 2",2,"0x0000794d38e37000",3986,143931270680039,143931270680569
"MEMORY_ALLOCATION","MEMORY_ALLOCATION_ALLOCATE","Agent 2",2097152,"0x0000794d34400000",3992,143931270744640,143931270819641
"MEMORY_ALLOCATION","MEMORY_ALLOCATION_ALLOCATE","Agent 2",2,"0x0000794d38e38000",3998,143931283295870,143931283297570
"MEMORY_ALLOCATION","MEMORY_ALLOCATION_ALLOCATE","Agent 2",2,"0x0000794d38e39000",4004,143931283365101,143931283365841
"MEMORY_ALLOCATION","MEMORY_ALLOCATION_ALLOCATE","Agent 2",256,"0x0000794d38e3a000",4010,143931283425752,143931283426372
"MEMORY_ALLOCATION","MEMORY_ALLOCATION_ALLOCATE","Agent 2",2,"0x0000794d38e3b000",4016,143931283485503,143931283486023
"MEMORY_ALLOCATION","MEMORY_ALLOCATION_ALLOCATE","Agent 2",2,"0x0000794d38e3c000",4022,143931283544154,143931283544664
"MEMORY_ALLOCATION","MEMORY_ALLOCATION_ALLOCATE","Agent 2",2097152,"0x0000794d34000000",4028,143931283603635,143931283652966
"MEMORY_ALLOCATION","MEMORY_ALLOCATION_ALLOCATE","Agent 2",2,"0x0000794d38e3d000",4034,143931295912231,143931295913431
"MEMORY_ALLOCATION","MEMORY_ALLOCATION_ALLOCATE","Agent 2",2,"0x0000794d38e3e000",4040,143931295980842,143931295981652
"MEMORY_ALLOCATION","MEMORY_ALLOCATION_ALLOCATE","Agent 2",2,"0x0000794d38e3f000",4046,143931296140435,143931296141145
"MEMORY_ALLOCATION","MEMORY_ALLOCATION_ALLOCATE","Agent 2",2,"0x0000794d38e40000",4052,143931296202466,143931296203126
"MEMORY_ALLOCATION","MEMORY_ALLOCATION_ALLOCATE","Agent 2",2097152,"0x0000794d33c00000",4058,143931296264057,143931296315597
"MEMORY_ALLOCATION","MEMORY_ALLOCATION_ALLOCATE","Agent 2",2,"0x0000794d38e41000",4064,143931308273249,143931308274769
"MEMORY_ALLOCATION","MEMORY_ALLOCATION_ALLOCATE","Agent 2",2,"0x0000794d38e42000",4070,143931308346140,143931308346900
"MEMORY_ALLOCATION","MEMORY_ALLOCATION_ALLOCATE","Agent 2",2097152,"0x0000794d33800000",4076,143931308412631,143931308453121
"MEMORY_ALLOCATION","MEMORY_ALLOCATION_ALLOCATE","Agent 2",2,"0x0000794d38e43000",4082,143931312959540,143931312961000
"MEMORY_ALLOCATION","MEMORY_ALLOCATION_ALLOCATE","Agent 2",2,"0x0000794d38e44000",4088,143931313041251,143931313042231
"MEMORY_ALLOCATION","MEMORY_ALLOCATION_ALLOCATE","Agent 2",2097152,"0x0000794d33400000",4094,143931313109412,143931313152883
"MEMORY_ALLOCATION","MEMORY_ALLOCATION_ALLOCATE","Agent 2",2,"0x0000794d38e45000",4100,143931325338197,143931325343977
"MEMORY_ALLOCATION","MEMORY_ALLOCATION_ALLOCATE","Agent 2",2,"0x0000794d38e46000",4106,143931325422688,143931325423618
"MEMORY_ALLOCATION","MEMORY_ALLOCATION_ALLOCATE","Agent 2",2,"0x0000794d38e47000",4112,143931325483969,143931325484599
"MEMORY_ALLOCATION","MEMORY_ALLOCATION_ALLOCATE","Agent 2",2,"0x0000794d38e48000",4118,143931325543500,143931325544140
"MEMORY_ALLOCATION","MEMORY_ALLOCATION_ALLOCATE","Agent 2",8388608,"0x0000794d32a00000",4124,143931325604131,143931325684012
"MEMORY_ALLOCATION","MEMORY_ALLOCATION_ALLOCATE","Agent 2",2,"0x0000794d38e49000",4130,143931374173187,143931374179137
"MEMORY_ALLOCATION","MEMORY_ALLOCATION_ALLOCATE","Agent 2",2,"0x0000794d38e4a000",4136,143931374268269,143931374269179
"MEMORY_ALLOCATION","MEMORY_ALLOCATION_ALLOCATE","Agent 2",2,"0x0000794d38e4b000",4142,143931374335550,143931374336070
"MEMORY_ALLOCATION","MEMORY_ALLOCATION_ALLOCATE","Agent 2",2,"0x0000794d38e4c000",4148,143931374400171,143931374400741
"MEMORY_ALLOCATION","MEMORY_ALLOCATION_ALLOCATE","Agent 2",8388608,"0x0000794d32000000",4154,143931374465382,143931374549393
"MEMORY_ALLOCATION","MEMORY_ALLOCATION_ALLOCATE","Agent 2",2,"0x0000794d38e4d000",4160,143931420582200,143931420588730
"MEMORY_ALLOCATION","MEMORY_ALLOCATION_ALLOCATE","Agent 2",2,"0x0000794d38e4e000",4166,143931420678862,143931420679712
"MEMORY_ALLOCATION","MEMORY_ALLOCATION_ALLOCATE","Agent 2",2048,"0x0000794d38e4f000",4172,143931420746533,143931420747103
"MEMORY_ALLOCATION","MEMORY_ALLOCATION_ALLOCATE","Agent 2",2048,"0x0000794d38e50000",4178,143931420812264,143931420813004
"MEMORY_ALLOCATION","MEMORY_ALLOCATION_ALLOCATE","Agent 2",2,"0x0000794d38e51000",4184,143931420877625,143931420878395
"MEMORY_ALLOCATION","MEMORY_ALLOCATION_ALLOCATE","Agent 2",2,"0x0000794d38e52000",4190,143931420960936,143931420961726
"MEMORY_ALLOCATION","MEMORY_ALLOCATION_ALLOCATE","Agent 2",8388608,"0x0000794d31000000",4196,143931422771224,143931422862935
"MEMORY_ALLOCATION","MEMORY_ALLOCATION_ALLOCATE","Agent 2",2,"0x0000794d38e53000",4202,143931469432821,143931469438641
"MEMORY_ALLOCATION","MEMORY_ALLOCATION_ALLOCATE","Agent 2",2,"0x0000794d38e54000",4208,143931469534452,143931469535262
"MEMORY_ALLOCATION","MEMORY_ALLOCATION_ALLOCATE","Agent 2",2,"0x0000794d38e55000",4214,143931469594243,143931469594863
"MEMORY_ALLOCATION","MEMORY_ALLOCATION_ALLOCATE","Agent 2",2,"0x0000794d38e56000",4220,143931469650004,143931469650584
"MEMORY_ALLOCATION","MEMORY_ALLOCATION_ALLOCATE","Agent 2",8388608,"0x0000794d30600000",4226,143931469704625,143931469788106
"MEMORY_ALLOCATION","MEMORY_ALLOCATION_ALLOCATE","Agent 2",2,"0x0000794d38e57000",4232,143931514684946,143931514691107
"MEMORY_ALLOCATION","MEMORY_ALLOCATION_ALLOCATE","Agent 2",2,"0x0000794d38e58000",4238,143931514767498,143931514768458
"MEMORY_ALLOCATION","MEMORY_ALLOCATION_ALLOCATE","Agent 2",2048,"0x0000794d38e59000",4244,143931514824629,143931514825989
"MEMORY_ALLOCATION","MEMORY_ALLOCATION_ALLOCATE","Agent 2",2048,"0x0000794d38e5a000",4250,143931514882729,143931514883389
"MEMORY_ALLOCATION","MEMORY_ALLOCATION_ALLOCATE","Agent 2",2048,"0x0000794d38e5b000",4256,143931514939260,143931514939780
"MEMORY_ALLOCATION","MEMORY_ALLOCATION_ALLOCATE","Agent 2",10240,"0x0000794d38e5c000",4262,143931514995431,143931514996091
"MEMORY_ALLOCATION","MEMORY_ALLOCATION_ALLOCATE","Agent 2",2,"0x0000794d38e5f000",4268,143931515086393,143931515087003
"MEMORY_ALLOCATION","MEMORY_ALLOCATION_ALLOCATE","Agent 2",2,"0x0000794d38e60000",4274,143931515140933,143931515141583
"MEMORY_ALLOCATION","MEMORY_ALLOCATION_ALLOCATE","Agent 2",2097152,"0x0000794d30200000",4280,143931515195424,143931515288346
"MEMORY_ALLOCATION","MEMORY_ALLOCATION_ALLOCATE","Agent 2",2,"0x0000794d38e61000",4286,143931526779210,143931526781020
"MEMORY_ALLOCATION","MEMORY_ALLOCATION_ALLOCATE","Agent 2",2,"0x0000794d38e62000",4292,143931526844891,143931526845771
"MEMORY_ALLOCATION","MEMORY_ALLOCATION_ALLOCATE","Agent 2",2,"0x0000794d38e63000",4298,143931526904462,143931526905042
"MEMORY_ALLOCATION","MEMORY_ALLOCATION_ALLOCATE","Agent 2",2,"0x0000794d38e64000",4304,143931526960042,143931526960772
"MEMORY_ALLOCATION","MEMORY_ALLOCATION_ALLOCATE","Agent 2",4194304,"0x0000794d2fc00000",4310,143931527039124,143931527098615
"MEMORY_ALLOCATION","MEMORY_ALLOCATION_ALLOCATE","Agent 2",2,"0x0000794d38e65000",4316,143931549412273,143931549414063
"MEMORY_ALLOCATION","MEMORY_ALLOCATION_ALLOCATE","Agent 2",2,"0x0000794d38e66000",4322,143931549478204,143931549479264
"MEMORY_ALLOCATION","MEMORY_ALLOCATION_ALLOCATE","Agent 2",2048,"0x0000794d38e67000",4328,143931549535385,143931549536015
"MEMORY_ALLOCATION","MEMORY_ALLOCATION_ALLOCATE","Agent 2",2048,"0x0000794d38e68000",4334,143931549593145,143931549593685
"MEMORY_ALLOCATION","MEMORY_ALLOCATION_ALLOCATE","Agent 2",2048,"0x0000794d38e69000",4340,143931549649716,143931549650326
"MEMORY_ALLOCATION","MEMORY_ALLOCATION_ALLOCATE","Agent 2",2048,"0x0000794d38e6a000",4346,143931549707397,143931549707957
"MEMORY_ALLOCATION","MEMORY_ALLOCATION_ALLOCATE","Agent 2",2,"0x0000794d38e6b000",4352,143931549762888,143931549763368
"MEMORY_ALLOCATION","MEMORY_ALLOCATION_ALLOCATE","Agent 2",2,"0x0000794d38e6c000",4358,143931549816699,143931549817349
"MEMORY_ALLOCATION","MEMORY_ALLOCATION_ALLOCATE","Agent 2",2097152,"0x0000794d2f800000",4364,143931549871560,143931549920830
"MEMORY_ALLOCATION","MEMORY_ALLOCATION_ALLOCATE","Agent 2",2,"0x0000794d38e6d000",4370,143931561182171,143931561183531
"MEMORY_ALLOCATION","MEMORY_ALLOCATION_ALLOCATE","Agent 2",2,"0x0000794d38e6e000",4376,143931561245552,143931561246352
"MEMORY_ALLOCATION","MEMORY_ALLOCATION_ALLOCATE","Agent 2",256,"0x0000794d38e6f000",4382,143931561301853,143931561302363
"MEMORY_ALLOCATION","MEMORY_ALLOCATION_ALLOCATE","Agent 2",2,"0x0000794d38e70000",4388,143931561357334,143931561357874
"MEMORY_ALLOCATION","MEMORY_ALLOCATION_ALLOCATE","Agent 2",2,"0x0000794d38e71000",4394,143931561412904,143931561413424
"MEMORY_ALLOCATION","MEMORY_ALLOCATION_ALLOCATE","Agent 2",2097152,"0x0000794d2f400000",4400,143931561471545,143931561519366
"MEMORY_ALLOCATION","MEMORY_ALLOCATION_ALLOCATE","Agent 2",2,"0x0000794d38e72000",4406,143931572824057,143931572825287
"MEMORY_ALLOCATION","MEMORY_ALLOCATION_ALLOCATE","Agent 2",2,"0x0000794d38e73000",4412,143931572885018,143931572885628
"MEMORY_ALLOCATION","MEMORY_ALLOCATION_ALLOCATE","Agent 2",2,"0x0000794d38e74000",4418,143931572941619,143931572942179
"MEMORY_ALLOCATION","MEMORY_ALLOCATION_ALLOCATE","Agent 2",2,"0x0000794d38e75000",4424,143931572998220,143931572998760
"MEMORY_ALLOCATION","MEMORY_ALLOCATION_ALLOCATE","Agent 2",2097152,"0x0000794d2f000000",4430,143931573118062,143931573154522
"MEMORY_ALLOCATION","MEMORY_ALLOCATION_ALLOCATE","Agent 2",2,"0x0000794d38e76000",4436,143931584389853,143931584391243
"MEMORY_ALLOCATION","MEMORY_ALLOCATION_ALLOCATE","Agent 2",2,"0x0000794d38e77000",4442,143931584452374,143931584453044
"MEMORY_ALLOCATION","MEMORY_ALLOCATION_ALLOCATE","Agent 2",2097152,"0x0000794d2ec00000",4448,143931584508064,143931584545225
"MEMORY_ALLOCATION","MEMORY_ALLOCATION_ALLOCATE","Agent 2",2,"0x0000794d38e78000",4454,143931589522070,143931589523450
"MEMORY_ALLOCATION","MEMORY_ALLOCATION_ALLOCATE","Agent 2",2,"0x0000794d38e79000",4460,143931589584981,143931589585721
"MEMORY_ALLOCATION","MEMORY_ALLOCATION_ALLOCATE","Agent 2",2097152,"0x0000794d2e800000",4466,143931589639812,143931589676323
"MEMORY_ALLOCATION","MEMORY_ALLOCATION_ALLOCATE","Agent 2",2,"0x0000794d38e7a000",4472,143931600787451,143931600789771
"MEMORY_ALLOCATION","MEMORY_ALLOCATION_ALLOCATE","Agent 2",2,"0x0000794d38e7b000",4478,143931600854652,143931600855382
"MEMORY_ALLOCATION","MEMORY_ALLOCATION_ALLOCATE","Agent 2",3072,"0x0000794d38e7c000",4484,143931600911413,143931600911983
"MEMORY_ALLOCATION","MEMORY_ALLOCATION_ALLOCATE","Agent 2",3145728,"0x0000794d2e200000",4490,143931600967984,143931601056635
"MEMORY_ALLOCATION","MEMORY_ALLOCATION_ALLOCATE","Agent 2",2097152,"0x0000794d2de00000",4496,143931601991679,143931602040760
"MEMORY_ALLOCATION","MEMORY_ALLOCATION_ALLOCATE","Agent 2",2304,"0x0000794d38e7d000",4502,143931602648279,143931602650139
"MEMORY_ALLOCATION","MEMORY_ALLOCATION_ALLOCATE","Agent 2",256,"0x0000794d38e7e000",4508,143931602713040,143931602713820
"MEMORY_ALLOCATION","MEMORY_ALLOCATION_ALLOCATE","Agent 2",73728,"0x0000794d38e7f000",4514,143931602769511,143931602770201
"MEMORY_ALLOCATION","MEMORY_ALLOCATION_ALLOCATE","Agent 2",64,"0x0000794d38e91000",4520,143931602845972,143931602847072
"MEMORY_ALLOCATION","MEMORY_ALLOCATION_ALLOCATE","Agent 2",4718592,"0x0000794d2d600000",4526,143931602903103,143931602943064
"MEMORY_ALLOCATION","MEMORY_ALLOCATION_ALLOCATE","Agent 2",2359296,"0x0000794d2d000000",4532,143931604462217,143931604520448
"MEMORY_ALLOCATION","MEMORY_ALLOCATION_ALLOCATE","Agent 2",805306368,"0x0000794cfce00000",4538,143931605227608,143931605296329
"MEMORY_ALLOCATION","MEMORY_ALLOCATION_ALLOCATE","Agent 2",4697620480,"0x0000794be4c00000",4732,143931921142806,143931921438960
"MEMORY_ALLOCATION","MEMORY_ALLOCATION_ALLOCATE","Agent 2",3072,"0x0000794d38e92000",5854,143933701248089,143933701254789
"MEMORY_ALLOCATION","MEMORY_ALLOCATION_ALLOCATE","Agent 2",2,"0x0000794d38e93000",5860,143933701337160,143933701338290
"MEMORY_ALLOCATION","MEMORY_ALLOCATION_ALLOCATE","Agent 2",18874368,"0x0000794be3800000",5866,143933701388641,143933701475272
"MEMORY_ALLOCATION","MEMORY_ALLOCATION_ALLOCATE","Agent 2",18874368,"0x0000794be2400000",5876,143933708304496,143933708405037
"MEMORY_ALLOCATION","MEMORY_ALLOCATION_ALLOCATE","Agent 2",18874368,"0x0000794be1000000",5886,143933715203481,143933715287012
"MEMORY_ALLOCATION","MEMORY_ALLOCATION_ALLOCATE","Agent 2",786432,"0x0000794d38e94000",5896,143933722204167,143933722209757
"MEMORY_ALLOCATION","MEMORY_ALLOCATION_ALLOCATE","Agent 2",786432,"0x0000794be0c00000",5902,143933722522802,143933722613983
"MEMORY_ALLOCATION","MEMORY_ALLOCATION_ALLOCATE","Agent 2",3072,"0x0000794d38f54000",5908,143933722908967,143933722910557
"MEMORY_ALLOCATION","MEMORY_ALLOCATION_ALLOCATE","Agent 2",3072,"0x0000794d38f55000",5914,143933722971078,143933722971858
"MEMORY_ALLOCATION","MEMORY_ALLOCATION_ALLOCATE","Agent 2",3072,"0x0000794d38f56000",5920,143933723037399,143933723038519
"MEMORY_ALLOCATION","MEMORY_ALLOCATION_ALLOCATE","Agent 2",3072,"0x0000794d38f57000",5926,143933723089190,143933723089830
"MEMORY_ALLOCATION","MEMORY_ALLOCATION_ALLOCATE","Agent 2",512,"0x0000794d38f58000",5932,143933723138261,143933723138891
"MEMORY_ALLOCATION","MEMORY_ALLOCATION_ALLOCATE","Agent 2",786432,"0x0000794be0cc0000",5938,143933723187652,143933723188352
"MEMORY_ALLOCATION","MEMORY_ALLOCATION_ALLOCATE","Agent 2",6291456,"0x0000794be0400000",5944,143933723462626,143933723507747
"MEMORY_ALLOCATION","MEMORY_ALLOCATION_ALLOCATE","Agent 2",512,"0x0000794be0d80000",5950,143933725574198,143933725577898
"MEMORY_ALLOCATION","MEMORY_ALLOCATION_ALLOCATE","Agent 2",6291456,"0x0000794bdfc00000",5956,143933725853602,143933725925213
"MEMORY_ALLOCATION","MEMORY_ALLOCATION_ALLOCATE","Agent 2",786432,"0x0000794bdf800000",5962,143933727783561,143933727851942
"MEMORY_ALLOCATION","MEMORY_ALLOCATION_ALLOCATE","Agent 2",3072,"0x0000794be0d81000",5968,143933728205758,143933728206978
"MEMORY_ALLOCATION","MEMORY_ALLOCATION_ALLOCATE","Agent 2",2,"0x0000794be0d82000",5974,143933728267829,143933728268569
"MEMORY_ALLOCATION","MEMORY_ALLOCATION_ALLOCATE","Agent 2",18874368,"0x0000794bde400000",5980,143933728319039,143933728355350
"MEMORY_ALLOCATION","MEMORY_ALLOCATION_ALLOCATE","Agent 2",18874368,"0x0000794bdd000000",5990,143933735046911,143933735145723
"MEMORY_ALLOCATION","MEMORY_ALLOCATION_ALLOCATE","Agent 2",18874368,"0x0000794bdbc00000",6000,143933741857075,143933741949206
"MEMORY_ALLOCATION","MEMORY_ALLOCATION_ALLOCATE","Agent 2",786432,"0x0000794bdf8c0000",6010,143933748694488,143933748699848
"MEMORY_ALLOCATION","MEMORY_ALLOCATION_ALLOCATE","Agent 2",786432,"0x0000794bdb800000",6016,143933749019823,143933749111395
"MEMORY_ALLOCATION","MEMORY_ALLOCATION_ALLOCATE","Agent 2",3072,"0x0000794be0d83000",6022,143933749394939,143933749396499
"MEMORY_ALLOCATION","MEMORY_ALLOCATION_ALLOCATE","Agent 2",3072,"0x0000794be0d84000",6028,143933749457330,143933749458110
"MEMORY_ALLOCATION","MEMORY_ALLOCATION_ALLOCATE","Agent 2",3072,"0x0000794be0d85000",6034,143933749510241,143933749510831
"MEMORY_ALLOCATION","MEMORY_ALLOCATION_ALLOCATE","Agent 2",3072,"0x0000794be0d86000",6040,143933749562281,143933749563051
"MEMORY_ALLOCATION","MEMORY_ALLOCATION_ALLOCATE","Agent 2",512,"0x0000794be0d87000",6046,143933749612992,143933749613542
"MEMORY_ALLOCATION","MEMORY_ALLOCATION_ALLOCATE","Agent 2",786432,"0x0000794bdb8c0000",6052,143933749663503,143933749664173
"MEMORY_ALLOCATION","MEMORY_ALLOCATION_ALLOCATE","Agent 2",6291456,"0x0000794bdb000000",6058,143933749945667,143933749993548
"MEMORY_ALLOCATION","MEMORY_ALLOCATION_ALLOCATE","Agent 2",512,"0x0000794be0d88000",6064,143933752091180,143933752094520
"MEMORY_ALLOCATION","MEMORY_ALLOCATION_ALLOCATE","Agent 2",6291456,"0x0000794bda800000",6070,143933752186961,143933752247842
"MEMORY_ALLOCATION","MEMORY_ALLOCATION_ALLOCATE","Agent 2",786432,"0x0000794bda400000",6076,143933754053040,143933754119691
"MEMORY_ALLOCATION","MEMORY_ALLOCATION_ALLOCATE","Agent 2",3072,"0x0000794be0d89000",6082,143933754447806,143933754449206
"MEMORY_ALLOCATION","MEMORY_ALLOCATION_ALLOCATE","Agent 2",2,"0x0000794be0d8a000",6088,143933754506816,143933754507556
"MEMORY_ALLOCATION","MEMORY_ALLOCATION_ALLOCATE","Agent 2",18874368,"0x0000794bd9000000",6094,143933754557417,143933754592338
"MEMORY_ALLOCATION","MEMORY_ALLOCATION_ALLOCATE","Agent 2",18874368,"0x0000794bd7c00000",6104,143933761330980,143933761429111
"MEMORY_ALLOCATION","MEMORY_ALLOCATION_ALLOCATE","Agent 2",18874368,"0x0000794bd6800000",6114,143933768254565,143933768343456
"MEMORY_ALLOCATION","MEMORY_ALLOCATION_ALLOCATE","Agent 2",786432,"0x0000794bda4c0000",6124,143933775186820,143933775191290
"MEMORY_ALLOCATION","MEMORY_ALLOCATION_ALLOCATE","Agent 2",786432,"0x0000794bd6400000",6130,143933775504025,143933775595926
"MEMORY_ALLOCATION","MEMORY_ALLOCATION_ALLOCATE","Agent 2",3072,"0x0000794be0d8b000",6136,143933775879940,143933775882230
"MEMORY_ALLOCATION","MEMORY_ALLOCATION_ALLOCATE","Agent 2",3072,"0x0000794be0d8c000",6142,143933775939101,143933775939831
"MEMORY_ALLOCATION","MEMORY_ALLOCATION_ALLOCATE","Agent 2",3072,"0x0000794be0d8d000",6148,143933775988132,143933775988672
"MEMORY_ALLOCATION","MEMORY_ALLOCATION_ALLOCATE","Agent 2",3072,"0x0000794be0d8e000",6154,143933776071803,143933776072643
"MEMORY_ALLOCATION","MEMORY_ALLOCATION_ALLOCATE","Agent 2",512,"0x0000794be0d8f000",6160,143933776120884,143933776121414
"MEMORY_ALLOCATION","MEMORY_ALLOCATION_ALLOCATE","Agent 2",786432,"0x0000794bd64c0000",6166,143933776170125,143933776170745
"MEMORY_ALLOCATION","MEMORY_ALLOCATION_ALLOCATE","Agent 2",6291456,"0x0000794bd5c00000",6172,143933776450269,143933776494710
"MEMORY_ALLOCATION","MEMORY_ALLOCATION_ALLOCATE","Agent 2",512,"0x0000794be0d90000",6178,143933778613142,143933778617342
"MEMORY_ALLOCATION","MEMORY_ALLOCATION_ALLOCATE","Agent 2",6291456,"0x0000794bd5400000",6184,143933778682633,143933778752244
"MEMORY_ALLOCATION","MEMORY_ALLOCATION_ALLOCATE","Agent 2",786432,"0x0000794bd5000000",6190,143933780586882,143933780651583
"MEMORY_ALLOCATION","MEMORY_ALLOCATION_ALLOCATE","Agent 2",3072,"0x0000794be0d91000",6196,143933780958407,143933780959947
"MEMORY_ALLOCATION","MEMORY_ALLOCATION_ALLOCATE","Agent 2",2,"0x0000794be0d92000",6202,143933781016668,143933781017438
"MEMORY_ALLOCATION","MEMORY_ALLOCATION_ALLOCATE","Agent 2",18874368,"0x0000794bd3c00000",6208,143933781066489,143933781102480
"MEMORY_ALLOCATION","MEMORY_ALLOCATION_ALLOCATE","Agent 2",18874368,"0x0000794bd2800000",6218,143933787709220,143933787806561
"MEMORY_ALLOCATION","MEMORY_ALLOCATION_ALLOCATE","Agent 2",18874368,"0x0000794bd1400000",6228,143933794521283,143933794608964
"MEMORY_ALLOCATION","MEMORY_ALLOCATION_ALLOCATE","Agent 2",786432,"0x0000794bd50c0000",6238,143933801291566,143933801296926
"MEMORY_ALLOCATION","MEMORY_ALLOCATION_ALLOCATE","Agent 2",786432,"0x0000794bd1000000",6244,143933801610601,143933801698892
"MEMORY_ALLOCATION","MEMORY_ALLOCATION_ALLOCATE","Agent 2",3072,"0x0000794be0d93000",6250,143933801991176,143933801993616
"MEMORY_ALLOCATION","MEMORY_ALLOCATION_ALLOCATE","Agent 2",3072,"0x0000794be0d94000",6256,143933802091688,143933802092458
"MEMORY_ALLOCATION","MEMORY_ALLOCATION_ALLOCATE","Agent 2",3072,"0x0000794be0d95000",6262,143933802141489,143933802142069
"MEMORY_ALLOCATION","MEMORY_ALLOCATION_ALLOCATE","Agent 2",3072,"0x0000794be0d96000",6268,143933802191719,143933802192969
"MEMORY_ALLOCATION","MEMORY_ALLOCATION_ALLOCATE","Agent 2",512,"0x0000794be0d97000",6274,143933802277061,143933802277571
"MEMORY_ALLOCATION","MEMORY_ALLOCATION_ALLOCATE","Agent 2",786432,"0x0000794bd10c0000",6280,143933802326281,143933802326941
"MEMORY_ALLOCATION","MEMORY_ALLOCATION_ALLOCATE","Agent 2",6291456,"0x0000794bd0800000",6286,143933802592825,143933802639806
"MEMORY_ALLOCATION","MEMORY_ALLOCATION_ALLOCATE","Agent 2",512,"0x0000794be0d98000",6292,143933804728138,143933804732648
"MEMORY_ALLOCATION","MEMORY_ALLOCATION_ALLOCATE","Agent 2",6291456,"0x0000794bd0000000",6298,143933804797749,143933804861070
"MEMORY_ALLOCATION","MEMORY_ALLOCATION_ALLOCATE","Agent 2",786432,"0x0000794bcfc00000",6304,143933806955402,143933807059373
"MEMORY_ALLOCATION","MEMORY_ALLOCATION_ALLOCATE","Agent 2",3072,"0x0000794be0d99000",6310,143933807380028,143933807381768
"MEMORY_ALLOCATION","MEMORY_ALLOCATION_ALLOCATE","Agent 2",2,"0x0000794be0d9a000",6316,143933807440859,143933807441719
"MEMORY_ALLOCATION","MEMORY_ALLOCATION_ALLOCATE","Agent 2",18874368,"0x0000794bce800000",6322,143933807492030,143933807527620
"MEMORY_ALLOCATION","MEMORY_ALLOCATION_ALLOCATE","Agent 2",18874368,"0x0000794bcd400000",6332,143933814536676,143933814638568
"MEMORY_ALLOCATION","MEMORY_ALLOCATION_ALLOCATE","Agent 2",18874368,"0x0000794bcc000000",6342,143933821626234,143933821719425
"MEMORY_ALLOCATION","MEMORY_ALLOCATION_ALLOCATE","Agent 2",786432,"0x0000794bcfcc0000",6352,143933828821213,143933828827593
"MEMORY_ALLOCATION","MEMORY_ALLOCATION_ALLOCATE","Agent 2",786432,"0x0000794bcbc00000",6358,143933829167238,143933829261370
"MEMORY_ALLOCATION","MEMORY_ALLOCATION_ALLOCATE","Agent 2",3072,"0x0000794be0d9b000",6364,143933829579065,143933829582575
"MEMORY_ALLOCATION","MEMORY_ALLOCATION_ALLOCATE","Agent 2",3072,"0x0000794be0d9c000",6370,143933829647676,143933829648916
"MEMORY_ALLOCATION","MEMORY_ALLOCATION_ALLOCATE","Agent 2",3072,"0x0000794be0d9d000",6376,143933829703746,143933829704446
"MEMORY_ALLOCATION","MEMORY_ALLOCATION_ALLOCATE","Agent 2",3072,"0x0000794be0d9e000",6382,143933829757147,143933829757867
"MEMORY_ALLOCATION","MEMORY_ALLOCATION_ALLOCATE","Agent 2",512,"0x0000794be0d9f000",6388,143933829811118,143933829811778
"MEMORY_ALLOCATION","MEMORY_ALLOCATION_ALLOCATE","Agent 2",786432,"0x0000794bcbcc0000",6394,143933829874379,143933829875199
"MEMORY_ALLOCATION","MEMORY_ALLOCATION_ALLOCATE","Agent 2",6291456,"0x0000794bcb400000",6400,143933830216424,143933830270135
"MEMORY_ALLOCATION","MEMORY_ALLOCATION_ALLOCATE","Agent 2",512,"0x0000794be0da0000",6406,143933832609561,143933832613611
"MEMORY_ALLOCATION","MEMORY_ALLOCATION_ALLOCATE","Agent 2",6291456,"0x0000794bcac00000",6412,143933832685002,143933832756393
"MEMORY_ALLOCATION","MEMORY_ALLOCATION_ALLOCATE","Agent 2",786432,"0x0000794bca800000",6418,143933834796684,143933834868785
"MEMORY_ALLOCATION","MEMORY_ALLOCATION_ALLOCATE","Agent 2",3072,"0x0000794be0da1000",6424,143933835221630,143933835224060
"MEMORY_ALLOCATION","MEMORY_ALLOCATION_ALLOCATE","Agent 2",2,"0x0000794be0da2000",6430,143933835289051,143933835289961
"MEMORY_ALLOCATION","MEMORY_ALLOCATION_ALLOCATE","Agent 2",18874368,"0x0000794bc9400000",6436,143933835344762,143933835383632
"MEMORY_ALLOCATION","MEMORY_ALLOCATION_ALLOCATE","Agent 2",18874368,"0x0000794bc8000000",6446,143933842487750,143933842586832
"MEMORY_ALLOCATION","MEMORY_ALLOCATION_ALLOCATE","Agent 2",18874368,"0x0000794bc6c00000",6456,143933849717300,143933849807111
"MEMORY_ALLOCATION","MEMORY_ALLOCATION_ALLOCATE","Agent 2",786432,"0x0000794bca8c0000",6466,143933863204734,143933863209644
"MEMORY_ALLOCATION","MEMORY_ALLOCATION_ALLOCATE","Agent 2",786432,"0x0000794bc6800000",6472,143933863508139,143933863586920
"MEMORY_ALLOCATION","MEMORY_ALLOCATION_ALLOCATE","Agent 2",3072,"0x0000794be0da3000",6478,143933863885115,143933863887845
"MEMORY_ALLOCATION","MEMORY_ALLOCATION_ALLOCATE","Agent 2",3072,"0x0000794be0da4000",6484,143933863952146,143933863952876
"MEMORY_ALLOCATION","MEMORY_ALLOCATION_ALLOCATE","Agent 2",3072,"0x0000794be0da5000",6490,143933864037147,143933864037867
"MEMORY_ALLOCATION","MEMORY_ALLOCATION_ALLOCATE","Agent 2",3072,"0x0000794be0da6000",6496,143933864088358,143933864089168
"MEMORY_ALLOCATION","MEMORY_ALLOCATION_ALLOCATE","Agent 2",512,"0x0000794be0da7000",6502,143933864159139,143933864159829
"MEMORY_ALLOCATION","MEMORY_ALLOCATION_ALLOCATE","Agent 2",786432,"0x0000794bc68c0000",6508,143933864209300,143933864210120
"MEMORY_ALLOCATION","MEMORY_ALLOCATION_ALLOCATE","Agent 2",6291456,"0x0000794bc6000000",6514,143933864502624,143933864564335
"MEMORY_ALLOCATION","MEMORY_ALLOCATION_ALLOCATE","Agent 2",512,"0x0000794be0da8000",6520,143933866866830,143933866872710
"MEMORY_ALLOCATION","MEMORY_ALLOCATION_ALLOCATE","Agent 2",6291456,"0x0000794bc5800000",6526,143933866949431,143933867046472
"MEMORY_ALLOCATION","MEMORY_ALLOCATION_ALLOCATE","Agent 2",786432,"0x0000794bc5400000",6532,143933869258496,143933869348587
"MEMORY_ALLOCATION","MEMORY_ALLOCATION_ALLOCATE","Agent 2",3072,"0x0000794be0da9000",6538,143933869663712,143933869666362
"MEMORY_ALLOCATION","MEMORY_ALLOCATION_ALLOCATE","Agent 2",2,"0x0000794be0daa000",6544,143933869727403,143933869728473
"MEMORY_ALLOCATION","MEMORY_ALLOCATION_ALLOCATE","Agent 2",18874368,"0x0000794bc4000000",6550,143933869778184,143933869813664
"MEMORY_ALLOCATION","MEMORY_ALLOCATION_ALLOCATE","Agent 2",18874368,"0x0000794bc2c00000",6560,143933877752785,143933877847346
"MEMORY_ALLOCATION","MEMORY_ALLOCATION_ALLOCATE","Agent 2",18874368,"0x0000794bc1800000",6570,143933884974904,143933885066656
"MEMORY_ALLOCATION","MEMORY_ALLOCATION_ALLOCATE","Agent 2",786432,"0x0000794bc54c0000",6580,143933892320326,143933892326196
"MEMORY_ALLOCATION","MEMORY_ALLOCATION_ALLOCATE","Agent 2",786432,"0x0000794bc1400000",6586,143933892605250,143933892695531
"MEMORY_ALLOCATION","MEMORY_ALLOCATION_ALLOCATE","Agent 2",3072,"0x0000794be0dab000",6592,143933892990406,143933892993376
"MEMORY_ALLOCATION","MEMORY_ALLOCATION_ALLOCATE","Agent 2",3072,"0x0000794be0dac000",6598,143933893060777,143933893061737
"MEMORY_ALLOCATION","MEMORY_ALLOCATION_ALLOCATE","Agent 2",3072,"0x0000794be0dad000",6604,143933893113128,143933893113688
"MEMORY_ALLOCATION","MEMORY_ALLOCATION_ALLOCATE","Agent 2",3072,"0x0000794be0dae000",6610,143933893163038,143933893163578
"MEMORY_ALLOCATION","MEMORY_ALLOCATION_ALLOCATE","Agent 2",1024,"0x0000794be0daf000",6616,143933893217179,143933893217939
"MEMORY_ALLOCATION","MEMORY_ALLOCATION_ALLOCATE","Agent 2",1572864,"0x0000794bc1000000",6622,143933893329141,143933893371522
"MEMORY_ALLOCATION","MEMORY_ALLOCATION_ALLOCATE","Agent 2",12582912,"0x0000794bc0200000",6628,143933893812818,143933893847749
"MEMORY_ALLOCATION","MEMORY_ALLOCATION_ALLOCATE","Agent 2",1024,"0x0000794be0db0000",6634,143933900820295,143933900826585
"MEMORY_ALLOCATION","MEMORY_ALLOCATION_ALLOCATE","Agent 2",12582912,"0x0000794bbf400000",6640,143933900901186,143933901010738
"MEMORY_ALLOCATION","MEMORY_ALLOCATION_ALLOCATE","Agent 2",1572864,"0x0000794bbf000000",6646,143933905562367,143933905647298
"MEMORY_ALLOCATION","MEMORY_ALLOCATION_ALLOCATE","Agent 2",3072,"0x0000794be0db1000",6652,143933906435930,143933906439020
"MEMORY_ALLOCATION","MEMORY_ALLOCATION_ALLOCATE","Agent 2",2,"0x0000794be0db2000",6658,143933906514861,143933906515791
"MEMORY_ALLOCATION","MEMORY_ALLOCATION_ALLOCATE","Agent 2",37748736,"0x0000794bbca00000",6664,143933906566172,143933906613992
"MEMORY_ALLOCATION","MEMORY_ALLOCATION_ALLOCATE","Agent 2",37748736,"0x0000794bba400000",6678,143933921356196,143933921444627
"MEMORY_ALLOCATION","MEMORY_ALLOCATION_ALLOCATE","Agent 2",37748736,"0x0000794bb7e00000",6692,143933937147215,143933937249637
"MEMORY_ALLOCATION","MEMORY_ALLOCATION_ALLOCATE","Agent 2",786432,"0x0000794bc14c0000",6706,143933951497983,143933951503523
"MEMORY_ALLOCATION","MEMORY_ALLOCATION_ALLOCATE","Agent 2",786432,"0x0000794bb7a00000",6712,143933951781477,143933951877929
"MEMORY_ALLOCATION","MEMORY_ALLOCATION_ALLOCATE","Agent 2",3072,"0x0000794be0db3000",6718,143933952193684,143933952196524
"MEMORY_ALLOCATION","MEMORY_ALLOCATION_ALLOCATE","Agent 2",3072,"0x0000794be0db4000",6724,143933952299325,143933952300095
"MEMORY_ALLOCATION","MEMORY_ALLOCATION_ALLOCATE","Agent 2",3072,"0x0000794be0db5000",6730,143933952351926,143933952352536
"MEMORY_ALLOCATION","MEMORY_ALLOCATION_ALLOCATE","Agent 2",3072,"0x0000794be0db6000",6736,143933952403097,143933952404287
"MEMORY_ALLOCATION","MEMORY_ALLOCATION_ALLOCATE","Agent 2",512,"0x0000794be0db7000",6742,143933952456028,143933952456558
"MEMORY_ALLOCATION","MEMORY_ALLOCATION_ALLOCATE","Agent 2",786432,"0x0000794bb7ac0000",6748,143933952505728,143933952506478
"MEMORY_ALLOCATION","MEMORY_ALLOCATION_ALLOCATE","Agent 2",6291456,"0x0000794bb7200000",6754,143933952774392,143933952814683
"MEMORY_ALLOCATION","MEMORY_ALLOCATION_ALLOCATE","Agent 2",512,"0x0000794be0db8000",6760,143933954992676,143933954996736
"MEMORY_ALLOCATION","MEMORY_ALLOCATION_ALLOCATE","Agent 2",6291456,"0x0000794bb6a00000",6766,143933955116778,143933955176189
"MEMORY_ALLOCATION","MEMORY_ALLOCATION_ALLOCATE","Agent 2",786432,"0x0000794bb6600000",6772,143933957059907,143933957127618
"MEMORY_ALLOCATION","MEMORY_ALLOCATION_ALLOCATE","Agent 2",3072,"0x0000794be0db9000",6778,143933957409133,143933957411983
"MEMORY_ALLOCATION","MEMORY_ALLOCATION_ALLOCATE","Agent 2",2,"0x0000794be0dba000",6784,143933957470864,143933957471754
"MEMORY_ALLOCATION","MEMORY_ALLOCATION_ALLOCATE","Agent 2",37748736,"0x0000794bb4000000",6790,143933957523695,143933957567015
"MEMORY_ALLOCATION","MEMORY_ALLOCATION_ALLOCATE","Agent 2",37748736,"0x0000794bb1a00000",6804,143933971639449,143933971729530
"MEMORY_ALLOCATION","MEMORY_ALLOCATION_ALLOCATE","Agent 2",37748736,"0x0000794baf400000",6818,143933985887105,143933985982216
"MEMORY_ALLOCATION","MEMORY_ALLOCATION_ALLOCATE","Agent 2",786432,"0x0000794bb66c0000",6832,143933999638393,143933999643353
"MEMORY_ALLOCATION","MEMORY_ALLOCATION_ALLOCATE","Agent 2",786432,"0x0000794baf000000",6838,143933999915647,143934000049749
"MEMORY_ALLOCATION","MEMORY_ALLOCATION_ALLOCATE","Agent 2",3072,"0x0000794be0dbb000",6844,143934000352544,143934000355724
"MEMORY_ALLOCATION","MEMORY_ALLOCATION_ALLOCATE","Agent 2",3072,"0x0000794be0dbc000",6850,143934000416745,143934000417625
"MEMORY_ALLOCATION","MEMORY_ALLOCATION_ALLOCATE","Agent 2",3072,"0x0000794be0dbd000",6856,143934000467826,143934000468466
"MEMORY_ALLOCATION","MEMORY_ALLOCATION_ALLOCATE","Agent 2",3072,"0x0000794be0dbe000",6862,143934000519246,143934000520036
"MEMORY_ALLOCATION","MEMORY_ALLOCATION_ALLOCATE","Agent 2",512,"0x0000794be0dbf000",6868,143934000569587,143934000570157
"MEMORY_ALLOCATION","MEMORY_ALLOCATION_ALLOCATE","Agent 2",786432,"0x0000794baf0c0000",6874,143934000620148,143934000620838
"MEMORY_ALLOCATION","MEMORY_ALLOCATION_ALLOCATE","Agent 2",6291456,"0x0000794bae800000",6880,143934000887112,143934000927293
"MEMORY_ALLOCATION","MEMORY_ALLOCATION_ALLOCATE","Agent 2",512,"0x0000794be0dc0000",6886,143934002920043,143934002923803
"MEMORY_ALLOCATION","MEMORY_ALLOCATION_ALLOCATE","Agent 2",6291456,"0x0000794bae000000",6892,143934002988184,143934003084525
"MEMORY_ALLOCATION","MEMORY_ALLOCATION_ALLOCATE","Agent 2",786432,"0x0000794badc00000",6898,143934004937493,143934005035595
"MEMORY_ALLOCATION","MEMORY_ALLOCATION_ALLOCATE","Agent 2",3072,"0x0000794be0dc1000",6904,143934005315289,143934005318129
"MEMORY_ALLOCATION","MEMORY_ALLOCATION_ALLOCATE","Agent 2",2,"0x0000794be0dc2000",6910,143934005376420,143934005377310
"MEMORY_ALLOCATION","MEMORY_ALLOCATION_ALLOCATE","Agent 2",37748736,"0x0000794bab600000",6916,143934005427641,143934005474002
"MEMORY_ALLOCATION","MEMORY_ALLOCATION_ALLOCATE","Agent 2",37748736,"0x0000794ba9000000",6930,143934019344522,143934019437633
"MEMORY_ALLOCATION","MEMORY_ALLOCATION_ALLOCATE","Agent 2",37748736,"0x0000794ba6a00000",6944,143934033046010,143934033142801
"MEMORY_ALLOCATION","MEMORY_ALLOCATION_ALLOCATE","Agent 2",786432,"0x0000794badcc0000",6958,143934046853929,143934046859139
"MEMORY_ALLOCATION","MEMORY_ALLOCATION_ALLOCATE","Agent 2",786432,"0x0000794ba6600000",6964,143934047177004,143934047285636
"MEMORY_ALLOCATION","MEMORY_ALLOCATION_ALLOCATE","Agent 2",3072,"0x0000794be0dc3000",6970,143934047562640,143934047565570
"MEMORY_ALLOCATION","MEMORY_ALLOCATION_ALLOCATE","Agent 2",3072,"0x0000794be0dc4000",6976,143934047627801,143934047628551
"MEMORY_ALLOCATION","MEMORY_ALLOCATION_ALLOCATE","Agent 2",3072,"0x0000794be0dc5000",6982,143934047680392,143934047680992
"MEMORY_ALLOCATION","MEMORY_ALLOCATION_ALLOCATE","Agent 2",3072,"0x0000794be0dc6000",6988,143934047729832,143934047730822
"MEMORY_ALLOCATION","MEMORY_ALLOCATION_ALLOCATE","Agent 2",512,"0x0000794be0dc7000",6994,143934047779223,143934047779753
"MEMORY_ALLOCATION","MEMORY_ALLOCATION_ALLOCATE","Agent 2",786432,"0x0000794ba66c0000",7000,143934047827874,143934047828594
"MEMORY_ALLOCATION","MEMORY_ALLOCATION_ALLOCATE","Agent 2",6291456,"0x0000794ba5e00000",7006,143934048235950,143934048280141
"MEMORY_ALLOCATION","MEMORY_ALLOCATION_ALLOCATE","Agent 2",512,"0x0000794be0dc8000",7012,143934050281301,143934050284781
"MEMORY_ALLOCATION","MEMORY_ALLOCATION_ALLOCATE","Agent 2",6291456,"0x0000794ba5600000",7018,143934050351452,143934050411583
"MEMORY_ALLOCATION","MEMORY_ALLOCATION_ALLOCATE","Agent 2",786432,"0x0000794ba5200000",7024,143934052219710,143934052286901
"MEMORY_ALLOCATION","MEMORY_ALLOCATION_ALLOCATE","Agent 2",3072,"0x0000794be0dc9000",7030,143934052569646,143934052571856
"MEMORY_ALLOCATION","MEMORY_ALLOCATION_ALLOCATE","Agent 2",2,"0x0000794be0dca000",7036,143934052633287,143934052634237
"MEMORY_ALLOCATION","MEMORY_ALLOCATION_ALLOCATE","Agent 2",37748736,"0x0000794ba2c00000",7042,143934052685457,143934052729988
"MEMORY_ALLOCATION","MEMORY_ALLOCATION_ALLOCATE","Agent 2",37748736,"0x0000794ba0600000",7056,143934066591268,143934066686390
"MEMORY_ALLOCATION","MEMORY_ALLOCATION_ALLOCATE","Agent 2",37748736,"0x0000794b9e000000",7070,143934080514099,143934080609231
"MEMORY_ALLOCATION","MEMORY_ALLOCATION_ALLOCATE","Agent 2",786432,"0x0000794ba52c0000",7084,143934094711275,143934094716825
"MEMORY_ALLOCATION","MEMORY_ALLOCATION_ALLOCATE","Agent 2",786432,"0x0000794b9dc00000",7090,143934094999959,143934095132011
"MEMORY_ALLOCATION","MEMORY_ALLOCATION_ALLOCATE","Agent 2",3072,"0x0000794be0dcb000",7096,143934095408405,143934095411265
"MEMORY_ALLOCATION","MEMORY_ALLOCATION_ALLOCATE","Agent 2",3072,"0x0000794be0dcc000",7102,143934095473356,143934095474186
"MEMORY_ALLOCATION","MEMORY_ALLOCATION_ALLOCATE","Agent 2",3072,"0x0000794be0dcd000",7108,143934095524987,143934095525547
"MEMORY_ALLOCATION","MEMORY_ALLOCATION_ALLOCATE","Agent 2",3072,"0x0000794be0dce000",7114,143934095575298,143934095576038
"MEMORY_ALLOCATION","MEMORY_ALLOCATION_ALLOCATE","Agent 2",512,"0x0000794be0dcf000",7120,143934095626058,143934095626598
"MEMORY_ALLOCATION","MEMORY_ALLOCATION_ALLOCATE","Agent 2",786432,"0x0000794b9dcc0000",7126,143934095676539,143934095677279
"MEMORY_ALLOCATION","MEMORY_ALLOCATION_ALLOCATE","Agent 2",6291456,"0x0000794b9d400000",7132,143934095955883,143934095993744
"MEMORY_ALLOCATION","MEMORY_ALLOCATION_ALLOCATE","Agent 2",512,"0x0000794be0dd0000",7138,143934098057475,143934098062255
"MEMORY_ALLOCATION","MEMORY_ALLOCATION_ALLOCATE","Agent 2",6291456,"0x0000794b9cc00000",7144,143934098130756,143934098193867
"MEMORY_ALLOCATION","MEMORY_ALLOCATION_ALLOCATE","Agent 2",786432,"0x0000794b9c800000",7150,143934100038635,143934100102266
"MEMORY_ALLOCATION","MEMORY_ALLOCATION_ALLOCATE","Agent 2",3072,"0x0000794be0dd1000",7156,143934100386611,143934100388901
"MEMORY_ALLOCATION","MEMORY_ALLOCATION_ALLOCATE","Agent 2",2,"0x0000794be0dd2000",7162,143934100448822,143934100449712
"MEMORY_ALLOCATION","MEMORY_ALLOCATION_ALLOCATE","Agent 2",37748736,"0x0000794b9a200000",7168,143934100500302,143934100544683
"MEMORY_ALLOCATION","MEMORY_ALLOCATION_ALLOCATE","Agent 2",37748736,"0x0000794b97c00000",7182,143934114678247,143934114766489
"MEMORY_ALLOCATION","MEMORY_ALLOCATION_ALLOCATE","Agent 2",37748736,"0x0000794b95600000",7196,143934128574698,143934128676380
"MEMORY_ALLOCATION","MEMORY_ALLOCATION_ALLOCATE","Agent 2",786432,"0x0000794b9c8c0000",7210,143934142875735,143934142881295
"MEMORY_ALLOCATION","MEMORY_ALLOCATION_ALLOCATE","Agent 2",786432,"0x0000794b95200000",7216,143934143229540,143934143314962
"MEMORY_ALLOCATION","MEMORY_ALLOCATION_ALLOCATE","Agent 2",3072,"0x0000794be0dd3000",7222,143934143596936,143934143600406
"MEMORY_ALLOCATION","MEMORY_ALLOCATION_ALLOCATE","Agent 2",3072,"0x0000794be0dd4000",7228,143934143662637,143934143663487
"MEMORY_ALLOCATION","MEMORY_ALLOCATION_ALLOCATE","Agent 2",3072,"0x0000794be0dd5000",7234,143934143714968,143934143715688
"MEMORY_ALLOCATION","MEMORY_ALLOCATION_ALLOCATE","Agent 2",3072,"0x0000794be0dd6000",7240,143934143766259,143934143766999
"MEMORY_ALLOCATION","MEMORY_ALLOCATION_ALLOCATE","Agent 2",1024,"0x0000794be0dd7000",7246,143934143817349,143934143817889
"MEMORY_ALLOCATION","MEMORY_ALLOCATION_ALLOCATE","Agent 2",1572864,"0x0000794b94e00000",7252,143934143868590,143934143903111
"MEMORY_ALLOCATION","MEMORY_ALLOCATION_ALLOCATE","Agent 2",12582912,"0x0000794b94000000",7258,143934144371368,143934144405318
"MEMORY_ALLOCATION","MEMORY_ALLOCATION_ALLOCATE","Agent 2",1024,"0x0000794be0dd8000",7264,143934149192041,143934149197951
"MEMORY_ALLOCATION","MEMORY_ALLOCATION_ALLOCATE","Agent 2",12582912,"0x0000794b93200000",7270,143934149272472,143934149346283
"MEMORY_ALLOCATION","MEMORY_ALLOCATION_ALLOCATE","Agent 2",1572864,"0x0000794b92e00000",7276,143934154097735,143934154190307
"MEMORY_ALLOCATION","MEMORY_ALLOCATION_ALLOCATE","Agent 2",3072,"0x0000794be0dd9000",7282,143934154716635,143934154719815
"MEMORY_ALLOCATION","MEMORY_ALLOCATION_ALLOCATE","Agent 2",2,"0x0000794be0dda000",7288,143934154782826,143934154784236
"MEMORY_ALLOCATION","MEMORY_ALLOCATION_ALLOCATE","Agent 2",18874368,"0x0000794b91a00000",7294,143934154833136,143934154870427
"MEMORY_ALLOCATION","MEMORY_ALLOCATION_ALLOCATE","Agent 2",18874368,"0x0000794b90600000",7304,143934162238699,143934162325790
"MEMORY_ALLOCATION","MEMORY_ALLOCATION_ALLOCATE","Agent 2",18874368,"0x0000794b8f200000",7314,143934169660711,143934169754153
"MEMORY_ALLOCATION","MEMORY_ALLOCATION_ALLOCATE","Agent 2",786432,"0x0000794b952c0000",7324,143934176938471,143934176943902
"MEMORY_ALLOCATION","MEMORY_ALLOCATION_ALLOCATE","Agent 2",786432,"0x0000794b8ee00000",7330,143934177264286,143934177349888
"MEMORY_ALLOCATION","MEMORY_ALLOCATION_ALLOCATE","Agent 2",3072,"0x0000794be0ddb000",7336,143934177638962,143934177643432
"MEMORY_ALLOCATION","MEMORY_ALLOCATION_ALLOCATE","Agent 2",3072,"0x0000794be0ddc000",7342,143934177703913,143934177704843
"MEMORY_ALLOCATION","MEMORY_ALLOCATION_ALLOCATE","Agent 2",3072,"0x0000794be0ddd000",7348,143934177753804,143934177754454
"MEMORY_ALLOCATION","MEMORY_ALLOCATION_ALLOCATE","Agent 2",3072,"0x0000794be0dde000",7354,143934178042138,143934178043158
"MEMORY_ALLOCATION","MEMORY_ALLOCATION_ALLOCATE","Agent 2",512,"0x0000794be0ddf000",7360,143934178104899,143934178105609
"MEMORY_ALLOCATION","MEMORY_ALLOCATION_ALLOCATE","Agent 2",786432,"0x0000794b8eec0000",7366,143934178186820,143934178187550
"MEMORY_ALLOCATION","MEMORY_ALLOCATION_ALLOCATE","Agent 2",6291456,"0x0000794b8e600000",7372,143934178461775,143934178504605
"MEMORY_ALLOCATION","MEMORY_ALLOCATION_ALLOCATE","Agent 2",512,"0x0000794be0de0000",7378,143934180683298,143934180689128
"MEMORY_ALLOCATION","MEMORY_ALLOCATION_ALLOCATE","Agent 2",6291456,"0x0000794b8de00000",7384,143934180757819,143934180828830
"MEMORY_ALLOCATION","MEMORY_ALLOCATION_ALLOCATE","Agent 2",786432,"0x0000794b8da00000",7390,143934182938122,143934183063034
"MEMORY_ALLOCATION","MEMORY_ALLOCATION_ALLOCATE","Agent 2",3072,"0x0000794be0de1000",7396,143934183376149,143934183379649
"MEMORY_ALLOCATION","MEMORY_ALLOCATION_ALLOCATE","Agent 2",2,"0x0000794be0de2000",7402,143934183441070,143934183441950
"MEMORY_ALLOCATION","MEMORY_ALLOCATION_ALLOCATE","Agent 2",37748736,"0x0000794b8b400000",7408,143934183492791,143934183527231
"MEMORY_ALLOCATION","MEMORY_ALLOCATION_ALLOCATE","Agent 2",37748736,"0x0000794b88e00000",7422,143934198411197,143934198508629
"MEMORY_ALLOCATION","MEMORY_ALLOCATION_ALLOCATE","Agent 2",37748736,"0x0000794b86200000",7436,143934213631758,143934213828991
"MEMORY_ALLOCATION","MEMORY_ALLOCATION_ALLOCATE","Agent 2",786432,"0x0000794b8dac0000",7450,143934228494263,143934228500203
"MEMORY_ALLOCATION","MEMORY_ALLOCATION_ALLOCATE","Agent 2",786432,"0x0000794b85e00000",7456,143934228792988,143934228867119
"MEMORY_ALLOCATION","MEMORY_ALLOCATION_ALLOCATE","Agent 2",3072,"0x0000794be0de3000",7462,143934229208034,143934229211234
"MEMORY_ALLOCATION","MEMORY_ALLOCATION_ALLOCATE","Agent 2",3072,"0x0000794be0de4000",7468,143934229274455,143934229275845
"MEMORY_ALLOCATION","MEMORY_ALLOCATION_ALLOCATE","Agent 2",3072,"0x0000794be0de5000",7474,143934229328526,143934229329186
"MEMORY_ALLOCATION","MEMORY_ALLOCATION_ALLOCATE","Agent 2",3072,"0x0000794be0de6000",7480,143934229398357,143934229399327
"MEMORY_ALLOCATION","MEMORY_ALLOCATION_ALLOCATE","Agent 2",512,"0x0000794be0de7000",7486,143934229450668,143934229451238
"MEMORY_ALLOCATION","MEMORY_ALLOCATION_ALLOCATE","Agent 2",786432,"0x0000794b85ec0000",7492,143934229500769,143934229501569
"MEMORY_ALLOCATION","MEMORY_ALLOCATION_ALLOCATE","Agent 2",6291456,"0x0000794b85600000",7498,143934229783073,143934229825173
"MEMORY_ALLOCATION","MEMORY_ALLOCATION_ALLOCATE","Agent 2",512,"0x0000794be0de8000",7504,143934231944195,143934231947976
"MEMORY_ALLOCATION","MEMORY_ALLOCATION_ALLOCATE","Agent 2",6291456,"0x0000794b84e00000",7510,143934232040247,143934232102188
"MEMORY_ALLOCATION","MEMORY_ALLOCATION_ALLOCATE","Agent 2",786432,"0x0000794b84a00000",7516,143934234051927,143934234125119
"MEMORY_ALLOCATION","MEMORY_ALLOCATION_ALLOCATE","Agent 2",3072,"0x0000794be0de9000",7522,143934234409193,143934234411963
"MEMORY_ALLOCATION","MEMORY_ALLOCATION_ALLOCATE","Agent 2",2,"0x0000794be0dea000",7528,143934234472034,143934234473144
"MEMORY_ALLOCATION","MEMORY_ALLOCATION_ALLOCATE","Agent 2",37748736,"0x0000794b82400000",7534,143934234524165,143934234559135
"MEMORY_ALLOCATION","MEMORY_ALLOCATION_ALLOCATE","Agent 2",37748736,"0x0000794b7fe00000",7548,143934249055385,143934249160647
"MEMORY_ALLOCATION","MEMORY_ALLOCATION_ALLOCATE","Agent 2",37748736,"0x0000794b7d800000",7562,143934263372842,143934263469014
"MEMORY_ALLOCATION","MEMORY_ALLOCATION_ALLOCATE","Agent 2",786432,"0x0000794b84ac0000",7576,143934277708249,143934277713850
"MEMORY_ALLOCATION","MEMORY_ALLOCATION_ALLOCATE","Agent 2",786432,"0x0000794b7d400000",7582,143934277989274,143934278105756
"MEMORY_ALLOCATION","MEMORY_ALLOCATION_ALLOCATE","Agent 2",3072,"0x0000794be0deb000",7588,143934278383460,143934278387050
"MEMORY_ALLOCATION","MEMORY_ALLOCATION_ALLOCATE","Agent 2",3072,"0x0000794be0dec000",7594,143934278450261,143934278451111
"MEMORY_ALLOCATION","MEMORY_ALLOCATION_ALLOCATE","Agent 2",3072,"0x0000794be0ded000",7600,143934278502562,143934278503212
"MEMORY_ALLOCATION","MEMORY_ALLOCATION_ALLOCATE","Agent 2",3072,"0x0000794be0dee000",7606,143934278554012,143934278554942
"MEMORY_ALLOCATION","MEMORY_ALLOCATION_ALLOCATE","Agent 2",512,"0x0000794be0def000",7612,143934278604903,143934278605423
"MEMORY_ALLOCATION","MEMORY_ALLOCATION_ALLOCATE","Agent 2",786432,"0x0000794b7d4c0000",7618,143934278655834,143934278656654
"MEMORY_ALLOCATION","MEMORY_ALLOCATION_ALLOCATE","Agent 2",6291456,"0x0000794b7cc00000",7624,143934278937388,143934278977349
"MEMORY_ALLOCATION","MEMORY_ALLOCATION_ALLOCATE","Agent 2",512,"0x0000794be0df0000",7630,143934280996909,143934281036830
"MEMORY_ALLOCATION","MEMORY_ALLOCATION_ALLOCATE","Agent 2",6291456,"0x0000794b7c400000",7636,143934281102851,143934281164062
"MEMORY_ALLOCATION","MEMORY_ALLOCATION_ALLOCATE","Agent 2",786432,"0x0000794b7c000000",7642,143934283058501,143934283133372
"MEMORY_ALLOCATION","MEMORY_ALLOCATION_ALLOCATE","Agent 2",3072,"0x0000794be0df1000",7648,143934283420546,143934283423286
"MEMORY_ALLOCATION","MEMORY_ALLOCATION_ALLOCATE","Agent 2",2,"0x0000794be0df2000",7654,143934283483327,143934283484177
"MEMORY_ALLOCATION","MEMORY_ALLOCATION_ALLOCATE","Agent 2",37748736,"0x0000794b79a00000",7660,143934283534948,143934283569818
"MEMORY_ALLOCATION","MEMORY_ALLOCATION_ALLOCATE","Agent 2",37748736,"0x0000794b77400000",7674,143934297590021,143934297686642
"MEMORY_ALLOCATION","MEMORY_ALLOCATION_ALLOCATE","Agent 2",37748736,"0x0000794b74e00000",7688,143934311626284,143934311727905
"MEMORY_ALLOCATION","MEMORY_ALLOCATION_ALLOCATE","Agent 2",786432,"0x0000794b7c0c0000",7702,143934325932781,143934325939341
"MEMORY_ALLOCATION","MEMORY_ALLOCATION_ALLOCATE","Agent 2",786432,"0x0000794b74a00000",7708,143934326271286,143934326354487
"MEMORY_ALLOCATION","MEMORY_ALLOCATION_ALLOCATE","Agent 2",3072,"0x0000794be0df3000",7714,143934326640611,143934326643651
"MEMORY_ALLOCATION","MEMORY_ALLOCATION_ALLOCATE","Agent 2",3072,"0x0000794be0df4000",7720,143934326705882,143934326706712
"MEMORY_ALLOCATION","MEMORY_ALLOCATION_ALLOCATE","Agent 2",3072,"0x0000794be0df5000",7726,143934326757793,143934326758413
"MEMORY_ALLOCATION","MEMORY_ALLOCATION_ALLOCATE","Agent 2",3072,"0x0000794be0df6000",7732,143934326809424,143934326810234
"MEMORY_ALLOCATION","MEMORY_ALLOCATION_ALLOCATE","Agent 2",512,"0x0000794be0df7000",7738,143934326867065,143934326867755
"MEMORY_ALLOCATION","MEMORY_ALLOCATION_ALLOCATE","Agent 2",786432,"0x0000794b74ac0000",7744,143934326917036,143934326917926
"MEMORY_ALLOCATION","MEMORY_ALLOCATION_ALLOCATE","Agent 2",6291456,"0x0000794b74200000",7750,143934327232720,143934327271881
"MEMORY_ALLOCATION","MEMORY_ALLOCATION_ALLOCATE","Agent 2",512,"0x0000794be0df8000",7756,143934329259561,143934329263841
"MEMORY_ALLOCATION","MEMORY_ALLOCATION_ALLOCATE","Agent 2",6291456,"0x0000794b73a00000",7762,143934329328162,143934329387943
"MEMORY_ALLOCATION","MEMORY_ALLOCATION_ALLOCATE","Agent 2",786432,"0x0000794b73600000",7768,143934331235901,143934331311602
"MEMORY_ALLOCATION","MEMORY_ALLOCATION_ALLOCATE","Agent 2",3072,"0x0000794be0df9000",7774,143934331604207,143934331607057
"MEMORY_ALLOCATION","MEMORY_ALLOCATION_ALLOCATE","Agent 2",2,"0x0000794be0dfa000",7780,143934331666098,143934331667168
"MEMORY_ALLOCATION","MEMORY_ALLOCATION_ALLOCATE","Agent 2",37748736,"0x0000794b71000000",7786,143934331718468,143934331758719
"MEMORY_ALLOCATION","MEMORY_ALLOCATION_ALLOCATE","Agent 2",37748736,"0x0000794b6ea00000",7800,143934345830942,143934345925334
"MEMORY_ALLOCATION","MEMORY_ALLOCATION_ALLOCATE","Agent 2",37748736,"0x0000794b6c400000",7814,143934360710668,143934360810760
"MEMORY_ALLOCATION","MEMORY_ALLOCATION_ALLOCATE","Agent 2",786432,"0x0000794b736c0000",7828,143934375360500,143934375366430
"MEMORY_ALLOCATION","MEMORY_ALLOCATION_ALLOCATE","Agent 2",786432,"0x0000794b6c000000",7834,143934375661775,143934375747456
"MEMORY_ALLOCATION","MEMORY_ALLOCATION_ALLOCATE","Agent 2",3072,"0x0000794be0dfb000",7840,143934376044181,143934376048171
"MEMORY_ALLOCATION","MEMORY_ALLOCATION_ALLOCATE","Agent 2",3072,"0x0000794be0dfc000",7846,143934376112562,143934376113552
"MEMORY_ALLOCATION","MEMORY_ALLOCATION_ALLOCATE","Agent 2",3072,"0x0000794be0dfd000",7852,143934376193543,143934376194163
"MEMORY_ALLOCATION","MEMORY_ALLOCATION_ALLOCATE","Agent 2",3072,"0x0000794be0dfe000",7858,143934376243914,143934376244744
"MEMORY_ALLOCATION","MEMORY_ALLOCATION_ALLOCATE","Agent 2",512,"0x0000794be0dff000",7864,143934376295264,143934376295764
"MEMORY_ALLOCATION","MEMORY_ALLOCATION_ALLOCATE","Agent 2",786432,"0x0000794b6c0c0000",7870,143934376346405,143934376347225
"MEMORY_ALLOCATION","MEMORY_ALLOCATION_ALLOCATE","Agent 2",6291456,"0x0000794b6b800000",7876,143934376631220,143934376670730
"MEMORY_ALLOCATION","MEMORY_ALLOCATION_ALLOCATE","Agent 2",512,"0x0000794bdf980000",7882,143934378757812,143934378762032
"MEMORY_ALLOCATION","MEMORY_ALLOCATION_ALLOCATE","Agent 2",6291456,"0x0000794b6b000000",7888,143934378828903,143934378892974
"MEMORY_ALLOCATION","MEMORY_ALLOCATION_ALLOCATE","Agent 2",786432,"0x0000794b6ac00000",7894,143934380855533,143934380930775
"MEMORY_ALLOCATION","MEMORY_ALLOCATION_ALLOCATE","Agent 2",3072,"0x0000794bdf981000",7900,143934381254940,143934381256680
"MEMORY_ALLOCATION","MEMORY_ALLOCATION_ALLOCATE","Agent 2",2,"0x0000794bdf982000",7906,143934381317240,143934381317960
"MEMORY_ALLOCATION","MEMORY_ALLOCATION_ALLOCATE","Agent 2",37748736,"0x0000794b68600000",7912,143934381367631,143934381403442
"MEMORY_ALLOCATION","MEMORY_ALLOCATION_ALLOCATE","Agent 2",37748736,"0x0000794b66000000",7926,143934395796390,143934395893392
"MEMORY_ALLOCATION","MEMORY_ALLOCATION_ALLOCATE","Agent 2",37748736,"0x0000794b63a00000",7940,143934410191238,143934410293920
"MEMORY_ALLOCATION","MEMORY_ALLOCATION_ALLOCATE","Agent 2",786432,"0x0000794b6acc0000",7954,143934425039513,143934425045564
"MEMORY_ALLOCATION","MEMORY_ALLOCATION_ALLOCATE","Agent 2",786432,"0x0000794b63600000",7960,143934425339848,143934425422269
"MEMORY_ALLOCATION","MEMORY_ALLOCATION_ALLOCATE","Agent 2",3072,"0x0000794bdf983000",7966,143934425708614,143934425710814
"MEMORY_ALLOCATION","MEMORY_ALLOCATION_ALLOCATE","Agent 2",3072,"0x0000794bdf984000",7972,143934425772955,143934425773605
"MEMORY_ALLOCATION","MEMORY_ALLOCATION_ALLOCATE","Agent 2",3072,"0x0000794bdf985000",7978,143934425825815,143934425826375
"MEMORY_ALLOCATION","MEMORY_ALLOCATION_ALLOCATE","Agent 2",3072,"0x0000794bdf986000",7984,143934425876976,143934425877446
"MEMORY_ALLOCATION","MEMORY_ALLOCATION_ALLOCATE","Agent 2",1024,"0x0000794bdf987000",7990,143934425927577,143934425928117
"MEMORY_ALLOCATION","MEMORY_ALLOCATION_ALLOCATE","Agent 2",1572864,"0x0000794b63200000",7996,143934425977888,143934426049619
"MEMORY_ALLOCATION","MEMORY_ALLOCATION_ALLOCATE","Agent 2",12582912,"0x0000794b62400000",8002,143934426518506,143934426553166
"MEMORY_ALLOCATION","MEMORY_ALLOCATION_ALLOCATE","Agent 2",1024,"0x0000794bdf988000",8008,143934431355219,143934431360399
"MEMORY_ALLOCATION","MEMORY_ALLOCATION_ALLOCATE","Agent 2",12582912,"0x0000794b61600000",8014,143934431435791,143934431530612
"MEMORY_ALLOCATION","MEMORY_ALLOCATION_ALLOCATE","Agent 2",1572864,"0x0000794b61200000",8020,143934435943469,143934436068041
"MEMORY_ALLOCATION","MEMORY_ALLOCATION_ALLOCATE","Agent 2",3072,"0x0000794bdf989000",8026,143934436569458,143934436572608
"MEMORY_ALLOCATION","MEMORY_ALLOCATION_ALLOCATE","Agent 2",2,"0x0000794bdf98a000",8032,143934436638069,143934436638769
"MEMORY_ALLOCATION","MEMORY_ALLOCATION_ALLOCATE","Agent 2",37748736,"0x0000794b5ec00000",8038,143934436688610,143934436738441
"MEMORY_ALLOCATION","MEMORY_ALLOCATION_ALLOCATE","Agent 2",37748736,"0x0000794b5c600000",8052,143934451411403,143934451511055
"MEMORY_ALLOCATION","MEMORY_ALLOCATION_ALLOCATE","Agent 2",37748736,"0x0000794b5a000000",8066,143934465863012,143934465960984
"MEMORY_ALLOCATION","MEMORY_ALLOCATION_ALLOCATE","Agent 2",786432,"0x0000794b636c0000",8080,143934479956486,143934479962526
"MEMORY_ALLOCATION","MEMORY_ALLOCATION_ALLOCATE","Agent 2",786432,"0x0000794b59c00000",8086,143934480278611,143934480364312
"MEMORY_ALLOCATION","MEMORY_ALLOCATION_ALLOCATE","Agent 2",3072,"0x0000794bdf98b000",8092,143934480654237,143934480656967
"MEMORY_ALLOCATION","MEMORY_ALLOCATION_ALLOCATE","Agent 2",3072,"0x0000794bdf98c000",8098,143934480719708,143934480720408
"MEMORY_ALLOCATION","MEMORY_ALLOCATION_ALLOCATE","Agent 2",3072,"0x0000794bdf98d000",8104,143934480771019,143934480771599
"MEMORY_ALLOCATION","MEMORY_ALLOCATION_ALLOCATE","Agent 2",3072,"0x0000794bdf98e000",8110,143934480821359,143934480821919
"MEMORY_ALLOCATION","MEMORY_ALLOCATION_ALLOCATE","Agent 2",512,"0x0000794bdf98f000",8116,143934480871630,143934480872190
"MEMORY_ALLOCATION","MEMORY_ALLOCATION_ALLOCATE","Agent 2",786432,"0x0000794b59cc0000",8122,143934480922301,143934480923131
"MEMORY_ALLOCATION","MEMORY_ALLOCATION_ALLOCATE","Agent 2",6291456,"0x0000794b59400000",8128,143934481251426,143934481290896
"MEMORY_ALLOCATION","MEMORY_ALLOCATION_ALLOCATE","Agent 2",512,"0x0000794bdf990000",8134,143934483309217,143934483312387
"MEMORY_ALLOCATION","MEMORY_ALLOCATION_ALLOCATE","Agent 2",6291456,"0x0000794b58c00000",8140,143934483380168,143934483452469
"MEMORY_ALLOCATION","MEMORY_ALLOCATION_ALLOCATE","Agent 2",786432,"0x0000794b58800000",8146,143934485305577,143934485367728
"MEMORY_ALLOCATION","MEMORY_ALLOCATION_ALLOCATE","Agent 2",3072,"0x0000794bdf991000",8152,143934485659723,143934485661773
"MEMORY_ALLOCATION","MEMORY_ALLOCATION_ALLOCATE","Agent 2",2,"0x0000794bdf992000",8158,143934485720034,143934485720774
"MEMORY_ALLOCATION","MEMORY_ALLOCATION_ALLOCATE","Agent 2",37748736,"0x0000794b56200000",8164,143934485771174,143934485812235
"MEMORY_ALLOCATION","MEMORY_ALLOCATION_ALLOCATE","Agent 2",37748736,"0x0000794b53c00000",8178,143934500126722,143934500227544
"MEMORY_ALLOCATION","MEMORY_ALLOCATION_ALLOCATE","Agent 2",37748736,"0x0000794b51600000",8192,143934514294487,143934514381768
"MEMORY_ALLOCATION","MEMORY_ALLOCATION_ALLOCATE","Agent 2",786432,"0x0000794b588c0000",8206,143934528219818,143934528226088
"MEMORY_ALLOCATION","MEMORY_ALLOCATION_ALLOCATE","Agent 2",786432,"0x0000794b51200000",8212,143934528505202,143934528593064
"MEMORY_ALLOCATION","MEMORY_ALLOCATION_ALLOCATE","Agent 2",3072,"0x0000794bdf993000",8218,143934528862708,143934528865398
"MEMORY_ALLOCATION","MEMORY_ALLOCATION_ALLOCATE","Agent 2",3072,"0x0000794bdf994000",8224,143934528927149,143934528927919
"MEMORY_ALLOCATION","MEMORY_ALLOCATION_ALLOCATE","Agent 2",3072,"0x0000794bdf995000",8230,143934528979659,143934528980420
"MEMORY_ALLOCATION","MEMORY_ALLOCATION_ALLOCATE","Agent 2",3072,"0x0000794bdf996000",8236,143934529066961,143934529067681
"MEMORY_ALLOCATION","MEMORY_ALLOCATION_ALLOCATE","Agent 2",512,"0x0000794bdf997000",8242,143934529117902,143934529118462
"MEMORY_ALLOCATION","MEMORY_ALLOCATION_ALLOCATE","Agent 2",786432,"0x0000794b512c0000",8248,143934529190053,143934529190763
"MEMORY_ALLOCATION","MEMORY_ALLOCATION_ALLOCATE","Agent 2",6291456,"0x0000794b50a00000",8254,143934529461617,143934529499667
"MEMORY_ALLOCATION","MEMORY_ALLOCATION_ALLOCATE","Agent 2",512,"0x0000794bdf998000",8260,143934531626050,143934531629560
"MEMORY_ALLOCATION","MEMORY_ALLOCATION_ALLOCATE","Agent 2",6291456,"0x0000794b50200000",8266,143934531695661,143934531766192
"MEMORY_ALLOCATION","MEMORY_ALLOCATION_ALLOCATE","Agent 2",786432,"0x0000794b4fe00000",8272,143934533673301,143934533735492
"MEMORY_ALLOCATION","MEMORY_ALLOCATION_ALLOCATE","Agent 2",3072,"0x0000794bdf999000",8278,143934534039486,143934534042706
"MEMORY_ALLOCATION","MEMORY_ALLOCATION_ALLOCATE","Agent 2",2,"0x0000794bdf99a000",8284,143934534103097,143934534103857
"MEMORY_ALLOCATION","MEMORY_ALLOCATION_ALLOCATE","Agent 2",37748736,"0x0000794b4d800000",8290,143934534154468,143934534195659
"MEMORY_ALLOCATION","MEMORY_ALLOCATION_ALLOCATE","Agent 2",37748736,"0x0000794b4b200000",8304,143934548231321,143934548335083
"MEMORY_ALLOCATION","MEMORY_ALLOCATION_ALLOCATE","Agent 2",37748736,"0x0000794b48c00000",8318,143934562321745,143934562414497
"MEMORY_ALLOCATION","MEMORY_ALLOCATION_ALLOCATE","Agent 2",786432,"0x0000794b4fec0000",8332,143934576282847,143934576289627
"MEMORY_ALLOCATION","MEMORY_ALLOCATION_ALLOCATE","Agent 2",786432,"0x0000794b48800000",8338,143934576581721,143934576667153
"MEMORY_ALLOCATION","MEMORY_ALLOCATION_ALLOCATE","Agent 2",3072,"0x0000794bdf99b000",8344,143934576952297,143934576955327
"MEMORY_ALLOCATION","MEMORY_ALLOCATION_ALLOCATE","Agent 2",3072,"0x0000794bdf99c000",8350,143934577021928,143934577025578
"MEMORY_ALLOCATION","MEMORY_ALLOCATION_ALLOCATE","Agent 2",3072,"0x0000794bdf99d000",8356,143934577082589,143934577083559
"MEMORY_ALLOCATION","MEMORY_ALLOCATION_ALLOCATE","Agent 2",3072,"0x0000794bdf99e000",8362,143934577136170,143934577136760
"MEMORY_ALLOCATION","MEMORY_ALLOCATION_ALLOCATE","Agent 2",512,"0x0000794bdf99f000",8368,143934577217441,143934577218231
"MEMORY_ALLOCATION","MEMORY_ALLOCATION_ALLOCATE","Agent 2",786432,"0x0000794b488c0000",8374,143934577271972,143934577272742
"MEMORY_ALLOCATION","MEMORY_ALLOCATION_ALLOCATE","Agent 2",6291456,"0x0000794b48000000",8380,143934577555876,143934577595457
"MEMORY_ALLOCATION","MEMORY_ALLOCATION_ALLOCATE","Agent 2",512,"0x0000794bdf9a0000",8386,143934579602527,143934579606397
"MEMORY_ALLOCATION","MEMORY_ALLOCATION_ALLOCATE","Agent 2",6291456,"0x0000794b47800000",8392,143934579674308,143934579748009
"MEMORY_ALLOCATION","MEMORY_ALLOCATION_ALLOCATE","Agent 2",786432,"0x0000794b47400000",8398,143934581636928,143934581705979
"MEMORY_ALLOCATION","MEMORY_ALLOCATION_ALLOCATE","Agent 2",3072,"0x0000794bdf9a1000",8404,143934582229007,143934582232077
"MEMORY_ALLOCATION","MEMORY_ALLOCATION_ALLOCATE","Agent 2",2,"0x0000794bdf9a2000",8410,143934582326108,143934582326999
"MEMORY_ALLOCATION","MEMORY_ALLOCATION_ALLOCATE","Agent 2",37748736,"0x0000794b44e00000",8416,143934582384979,143934582429000
"MEMORY_ALLOCATION","MEMORY_ALLOCATION_ALLOCATE","Agent 2",37748736,"0x0000794b42800000",8430,143934596899489,143934597043112
"MEMORY_ALLOCATION","MEMORY_ALLOCATION_ALLOCATE","Agent 2",37748736,"0x0000794b40200000",8444,143934611037974,143934611138815
"MEMORY_ALLOCATION","MEMORY_ALLOCATION_ALLOCATE","Agent 2",786432,"0x0000794b474c0000",8458,143934625226659,143934625232689
"MEMORY_ALLOCATION","MEMORY_ALLOCATION_ALLOCATE","Agent 2",786432,"0x0000794b3fe00000",8464,143934625523293,143934625624785
"MEMORY_ALLOCATION","MEMORY_ALLOCATION_ALLOCATE","Agent 2",3072,"0x0000794bdf9a3000",8470,143934625920669,143934625924050
"MEMORY_ALLOCATION","MEMORY_ALLOCATION_ALLOCATE","Agent 2",3072,"0x0000794bdf9a4000",8476,143934625989230,143934625990481
"MEMORY_ALLOCATION","MEMORY_ALLOCATION_ALLOCATE","Agent 2",3072,"0x0000794bdf9a5000",8482,143934626054201,143934626055041
"MEMORY_ALLOCATION","MEMORY_ALLOCATION_ALLOCATE","Agent 2",3072,"0x0000794bdf9a6000",8488,143934626126063,143934626126833
"MEMORY_ALLOCATION","MEMORY_ALLOCATION_ALLOCATE","Agent 2",512,"0x0000794bdf9a7000",8494,143934626206924,143934626207464
"MEMORY_ALLOCATION","MEMORY_ALLOCATION_ALLOCATE","Agent 2",786432,"0x0000794b3fec0000",8500,143934626257565,143934626258425
"MEMORY_ALLOCATION","MEMORY_ALLOCATION_ALLOCATE","Agent 2",6291456,"0x0000794b3f600000",8506,143934626532929,143934626573419
"MEMORY_ALLOCATION","MEMORY_ALLOCATION_ALLOCATE","Agent 2",512,"0x0000794bdf9a8000",8512,143934628636751,143934628640551
"MEMORY_ALLOCATION","MEMORY_ALLOCATION_ALLOCATE","Agent 2",6291456,"0x0000794b3ee00000",8518,143934628705822,143934628776613
"MEMORY_ALLOCATION","MEMORY_ALLOCATION_ALLOCATE","Agent 2",786432,"0x0000794b3ea00000",8524,143934630719762,143934630793693
"MEMORY_ALLOCATION","MEMORY_ALLOCATION_ALLOCATE","Agent 2",3072,"0x0000794bdf9a9000",8530,143934631119058,143934631121858
"MEMORY_ALLOCATION","MEMORY_ALLOCATION_ALLOCATE","Agent 2",2,"0x0000794bdf9aa000",8536,143934631212200,143934631213050
"MEMORY_ALLOCATION","MEMORY_ALLOCATION_ALLOCATE","Agent 2",37748736,"0x0000794b3c400000",8542,143934631265251,143934631307771
"MEMORY_ALLOCATION","MEMORY_ALLOCATION_ALLOCATE","Agent 2",37748736,"0x0000794b39e00000",8556,143934645462846,143934645565017
"MEMORY_ALLOCATION","MEMORY_ALLOCATION_ALLOCATE","Agent 2",37748736,"0x0000794b37800000",8570,143934659773443,143934659864044
"MEMORY_ALLOCATION","MEMORY_ALLOCATION_ALLOCATE","Agent 2",786432,"0x0000794b3eac0000",8584,143934674172911,143934674179521
"MEMORY_ALLOCATION","MEMORY_ALLOCATION_ALLOCATE","Agent 2",786432,"0x0000794b37400000",8590,143934674475736,143934674562087
"MEMORY_ALLOCATION","MEMORY_ALLOCATION_ALLOCATE","Agent 2",3072,"0x0000794bdf9ab000",8596,143934674859362,143934674862772
"MEMORY_ALLOCATION","MEMORY_ALLOCATION_ALLOCATE","Agent 2",3072,"0x0000794bdf9ac000",8602,143934674924473,143934674925413
"MEMORY_ALLOCATION","MEMORY_ALLOCATION_ALLOCATE","Agent 2",3072,"0x0000794bdf9ad000",8608,143934674977873,143934674979263
"MEMORY_ALLOCATION","MEMORY_ALLOCATION_ALLOCATE","Agent 2",3072,"0x0000794bdf9ae000",8614,143934675032944,143934675033664
"MEMORY_ALLOCATION","MEMORY_ALLOCATION_ALLOCATE","Agent 2",1024,"0x0000794bdf9af000",8620,143934675086115,143934675086735
"MEMORY_ALLOCATION","MEMORY_ALLOCATION_ALLOCATE","Agent 2",1572864,"0x0000794b37000000",8626,143934675139446,143934675180727
"MEMORY_ALLOCATION","MEMORY_ALLOCATION_ALLOCATE","Agent 2",12582912,"0x0000794b36200000",8632,143934675647454,143934675689344
"MEMORY_ALLOCATION","MEMORY_ALLOCATION_ALLOCATE","Agent 2",1024,"0x0000794bdf9b0000",8638,143934680477487,143934680484177
"MEMORY_ALLOCATION","MEMORY_ALLOCATION_ALLOCATE","Agent 2",12582912,"0x0000794b35400000",8644,143934680561468,143934680648839
"MEMORY_ALLOCATION","MEMORY_ALLOCATION_ALLOCATE","Agent 2",1572864,"0x0000794b35000000",8650,143934685399521,143934685495363
"MEMORY_ALLOCATION","MEMORY_ALLOCATION_ALLOCATE","Agent 2",3072,"0x0000794bdf9b1000",8656,143934685988800,143934685993430
"MEMORY_ALLOCATION","MEMORY_ALLOCATION_ALLOCATE","Agent 2",2,"0x0000794bdf9b2000",8662,143934686095172,143934686096132
"MEMORY_ALLOCATION","MEMORY_ALLOCATION_ALLOCATE","Agent 2",18874368,"0x0000794b33c00000",8668,143934686149603,143934686195353
"MEMORY_ALLOCATION","MEMORY_ALLOCATION_ALLOCATE","Agent 2",18874368,"0x0000794b32800000",8678,143934693384562,143934693473814
"MEMORY_ALLOCATION","MEMORY_ALLOCATION_ALLOCATE","Agent 2",18874368,"0x0000794b31400000",8688,143934700700293,143934700789445
"MEMORY_ALLOCATION","MEMORY_ALLOCATION_ALLOCATE","Agent 2",786432,"0x0000794b374c0000",8698,143934707888462,143934707895272
"MEMORY_ALLOCATION","MEMORY_ALLOCATION_ALLOCATE","Agent 2",786432,"0x0000794b31000000",8704,143934708251958,143934708338379
"MEMORY_ALLOCATION","MEMORY_ALLOCATION_ALLOCATE","Agent 2",3072,"0x0000794bdf9b3000",8710,143934708617693,143934708621613
"MEMORY_ALLOCATION","MEMORY_ALLOCATION_ALLOCATE","Agent 2",3072,"0x0000794bdf9b4000",8716,143934708684234,143934708685114
"MEMORY_ALLOCATION","MEMORY_ALLOCATION_ALLOCATE","Agent 2",3072,"0x0000794bdf9b5000",8722,143934708737395,143934708738105
"MEMORY_ALLOCATION","MEMORY_ALLOCATION_ALLOCATE","Agent 2",3072,"0x0000794bdf9b6000",8728,143934708790686,143934708791316
"MEMORY_ALLOCATION","MEMORY_ALLOCATION_ALLOCATE","Agent 2",512,"0x0000794bdf9b7000",8734,143934708843817,143934708844357
"MEMORY_ALLOCATION","MEMORY_ALLOCATION_ALLOCATE","Agent 2",786432,"0x0000794b310c0000",8740,143934708895208,143934708895978
"MEMORY_ALLOCATION","MEMORY_ALLOCATION_ALLOCATE","Agent 2",6291456,"0x0000794b30800000",8746,143934709250843,143934709298194
"MEMORY_ALLOCATION","MEMORY_ALLOCATION_ALLOCATE","Agent 2",512,"0x0000794bdf9b8000",8752,143934711639469,143934711644739
"MEMORY_ALLOCATION","MEMORY_ALLOCATION_ALLOCATE","Agent 2",6291456,"0x0000794b30000000",8758,143934711722061,143934711791082
"MEMORY_ALLOCATION","MEMORY_ALLOCATION_ALLOCATE","Agent 2",786432,"0x0000794b2fc00000",8764,143934713779102,143934713857113
"MEMORY_ALLOCATION","MEMORY_ALLOCATION_ALLOCATE","Agent 2",3072,"0x0000794bdf9b9000",8770,143934714224489,143934714227599
"MEMORY_ALLOCATION","MEMORY_ALLOCATION_ALLOCATE","Agent 2",2,"0x0000794bdf9ba000",8776,143934714288799,143934714289870
"MEMORY_ALLOCATION","MEMORY_ALLOCATION_ALLOCATE","Agent 2",37748736,"0x0000794b2d600000",8782,143934714341810,143934714385221
"MEMORY_ALLOCATION","MEMORY_ALLOCATION_ALLOCATE","Agent 2",37748736,"0x0000794b2b000000",8796,143934728673498,143934728765959
"MEMORY_ALLOCATION","MEMORY_ALLOCATION_ALLOCATE","Agent 2",37748736,"0x0000794b28a00000",8810,143934743309090,143934743406201
"MEMORY_ALLOCATION","MEMORY_ALLOCATION_ALLOCATE","Agent 2",786432,"0x0000794b2fcc0000",8824,143934758036933,143934758045553
"MEMORY_ALLOCATION","MEMORY_ALLOCATION_ALLOCATE","Agent 2",786432,"0x0000794b28600000",8830,143934758370918,143934758467609
"MEMORY_ALLOCATION","MEMORY_ALLOCATION_ALLOCATE","Agent 2",3072,"0x0000794bdf9bb000",8836,143934758765714,143934758769814
"MEMORY_ALLOCATION","MEMORY_ALLOCATION_ALLOCATE","Agent 2",3072,"0x0000794bdf9bc000",8842,143934758833805,143934758834565
"MEMORY_ALLOCATION","MEMORY_ALLOCATION_ALLOCATE","Agent 2",3072,"0x0000794bdf9bd000",8848,143934758888686,143934758889436
"MEMORY_ALLOCATION","MEMORY_ALLOCATION_ALLOCATE","Agent 2",3072,"0x0000794bdf9be000",8854,143934758942957,143934758943627
"MEMORY_ALLOCATION","MEMORY_ALLOCATION_ALLOCATE","Agent 2",512,"0x0000794bdf9bf000",8860,143934758995707,143934758996327
"MEMORY_ALLOCATION","MEMORY_ALLOCATION_ALLOCATE","Agent 2",786432,"0x0000794b286c0000",8866,143934759056488,143934759057338
"MEMORY_ALLOCATION","MEMORY_ALLOCATION_ALLOCATE","Agent 2",6291456,"0x0000794b27e00000",8872,143934759358623,143934759411614
"MEMORY_ALLOCATION","MEMORY_ALLOCATION_ALLOCATE","Agent 2",512,"0x0000794bdf9c0000",8878,143934761525516,143934761531416
"MEMORY_ALLOCATION","MEMORY_ALLOCATION_ALLOCATE","Agent 2",6291456,"0x0000794b27600000",8884,143934761605887,143934761672928
"MEMORY_ALLOCATION","MEMORY_ALLOCATION_ALLOCATE","Agent 2",786432,"0x0000794b27200000",8890,143934763625138,143934763703729
"MEMORY_ALLOCATION","MEMORY_ALLOCATION_ALLOCATE","Agent 2",3072,"0x0000794bdf9c1000",8896,143934764016963,143934764020694
"MEMORY_ALLOCATION","MEMORY_ALLOCATION_ALLOCATE","Agent 2",2,"0x0000794bdf9c2000",8902,143934764083774,143934764084695
"MEMORY_ALLOCATION","MEMORY_ALLOCATION_ALLOCATE","Agent 2",37748736,"0x0000794b24c00000",8908,143934764137075,143934764181706
"MEMORY_ALLOCATION","MEMORY_ALLOCATION_ALLOCATE","Agent 2",37748736,"0x0000794b22600000",8922,143934778592565,143934778686176
"MEMORY_ALLOCATION","MEMORY_ALLOCATION_ALLOCATE","Agent 2",37748736,"0x0000794b20000000",8936,143934793298918,143934793394879
"MEMORY_ALLOCATION","MEMORY_ALLOCATION_ALLOCATE","Agent 2",786432,"0x0000794b272c0000",8950,143934808154293,143934808159943
"MEMORY_ALLOCATION","MEMORY_ALLOCATION_ALLOCATE","Agent 2",786432,"0x0000794b1fc00000",8956,143934808448957,143934808536259
"MEMORY_ALLOCATION","MEMORY_ALLOCATION_ALLOCATE","Agent 2",3072,"0x0000794bdf9c3000",8962,143934808834023,143934808837723
"MEMORY_ALLOCATION","MEMORY_ALLOCATION_ALLOCATE","Agent 2",3072,"0x0000794bdf9c4000",8968,143934808910664,143934808911804
"MEMORY_ALLOCATION","MEMORY_ALLOCATION_ALLOCATE","Agent 2",3072,"0x0000794bdf9c5000",8974,143934808974195,143934808975415
"MEMORY_ALLOCATION","MEMORY_ALLOCATION_ALLOCATE","Agent 2",3072,"0x0000794bdf9c6000",8980,143934809050116,143934809051016
"MEMORY_ALLOCATION","MEMORY_ALLOCATION_ALLOCATE","Agent 2",512,"0x0000794bdf9c7000",8986,143934809111457,143934809112307
"MEMORY_ALLOCATION","MEMORY_ALLOCATION_ALLOCATE","Agent 2",786432,"0x0000794b1fcc0000",8992,143934809168258,143934809169168
"MEMORY_ALLOCATION","MEMORY_ALLOCATION_ALLOCATE","Agent 2",6291456,"0x0000794b1f400000",8998,143934809467263,143934809515693
"MEMORY_ALLOCATION","MEMORY_ALLOCATION_ALLOCATE","Agent 2",512,"0x0000794bdf9c8000",9004,143934811681166,143934811687146
"MEMORY_ALLOCATION","MEMORY_ALLOCATION_ALLOCATE","Agent 2",6291456,"0x0000794b1ec00000",9010,143934811766008,143934811846809
"MEMORY_ALLOCATION","MEMORY_ALLOCATION_ALLOCATE","Agent 2",786432,"0x0000794b1e800000",9016,143934813859479,143934813939920
"MEMORY_ALLOCATION","MEMORY_ALLOCATION_ALLOCATE","Agent 2",3072,"0x0000794bdf9c9000",9022,143934814288076,143934814292576
"MEMORY_ALLOCATION","MEMORY_ALLOCATION_ALLOCATE","Agent 2",2,"0x0000794bdf9ca000",9028,143934814353037,143934814353997
"MEMORY_ALLOCATION","MEMORY_ALLOCATION_ALLOCATE","Agent 2",37748736,"0x0000794b1c200000",9034,143934814403557,143934814450578
"MEMORY_ALLOCATION","MEMORY_ALLOCATION_ALLOCATE","Agent 2",37748736,"0x0000794b19c00000",9048,143934828938158,143934829072900
"MEMORY_ALLOCATION","MEMORY_ALLOCATION_ALLOCATE","Agent 2",37748736,"0x0000794b17600000",9062,143934843766763,143934843859374
"MEMORY_ALLOCATION","MEMORY_ALLOCATION_ALLOCATE","Agent 2",786432,"0x0000794b1e8c0000",9076,143934859386770,143934859393940
"MEMORY_ALLOCATION","MEMORY_ALLOCATION_ALLOCATE","Agent 2",786432,"0x0000794b17200000",9082,143934859721255,143934859807486
"MEMORY_ALLOCATION","MEMORY_ALLOCATION_ALLOCATE","Agent 2",3072,"0x0000794bdf9cb000",9088,143934860130711,143934860135101
"MEMORY_ALLOCATION","MEMORY_ALLOCATION_ALLOCATE","Agent 2",3072,"0x0000794bdf9cc000",9094,143934860232672,143934860233822
"MEMORY_ALLOCATION","MEMORY_ALLOCATION_ALLOCATE","Agent 2",3072,"0x0000794bdf9cd000",9100,143934860291363,143934860292173
"MEMORY_ALLOCATION","MEMORY_ALLOCATION_ALLOCATE","Agent 2",3072,"0x0000794bdf9ce000",9106,143934860560547,143934860561527
"MEMORY_ALLOCATION","MEMORY_ALLOCATION_ALLOCATE","Agent 2",512,"0x0000794bdf9cf000",9112,143934860630868,143934860631738
"MEMORY_ALLOCATION","MEMORY_ALLOCATION_ALLOCATE","Agent 2",786432,"0x0000794b172c0000",9118,143934860684669,143934860685689
"MEMORY_ALLOCATION","MEMORY_ALLOCATION_ALLOCATE","Agent 2",6291456,"0x0000794b16a00000",9124,143934860975574,143934861045305
"MEMORY_ALLOCATION","MEMORY_ALLOCATION_ALLOCATE","Agent 2",512,"0x0000794bdf9d0000",9130,143934863265958,143934863271999
"MEMORY_ALLOCATION","MEMORY_ALLOCATION_ALLOCATE","Agent 2",6291456,"0x0000794b16200000",9136,143934863344370,143934863415021
"MEMORY_ALLOCATION","MEMORY_ALLOCATION_ALLOCATE","Agent 2",786432,"0x0000794b15e00000",9142,143934865466432,143934865548633
"MEMORY_ALLOCATION","MEMORY_ALLOCATION_ALLOCATE","Agent 2",3072,"0x0000794bdf9d1000",9148,143934865877328,143934865881248
"MEMORY_ALLOCATION","MEMORY_ALLOCATION_ALLOCATE","Agent 2",2,"0x0000794bdf9d2000",9154,143934865949549,143934865950949
"MEMORY_ALLOCATION","MEMORY_ALLOCATION_ALLOCATE","Agent 2",37748736,"0x0000794b13800000",9160,143934866023540,143934866083971
"MEMORY_ALLOCATION","MEMORY_ALLOCATION_ALLOCATE","Agent 2",37748736,"0x0000794b11200000",9174,143934880675752,143934880774744
"MEMORY_ALLOCATION","MEMORY_ALLOCATION_ALLOCATE","Agent 2",37748736,"0x0000794b0ec00000",9188,143934895027850,143934895128762
"MEMORY_ALLOCATION","MEMORY_ALLOCATION_ALLOCATE","Agent 2",786432,"0x0000794b15ec0000",9202,143934909591231,143934909597931
"MEMORY_ALLOCATION","MEMORY_ALLOCATION_ALLOCATE","Agent 2",786432,"0x0000794b0e800000",9208,143934909915416,143934910021628
"MEMORY_ALLOCATION","MEMORY_ALLOCATION_ALLOCATE","Agent 2",3072,"0x0000794bdf9d3000",9214,143934910333132,143934910337652
"MEMORY_ALLOCATION","MEMORY_ALLOCATION_ALLOCATE","Agent 2",3072,"0x0000794bdf9d4000",9220,143934910401963,143934910402863
"MEMORY_ALLOCATION","MEMORY_ALLOCATION_ALLOCATE","Agent 2",3072,"0x0000794bdf9d5000",9226,143934910456594,143934910457374
"MEMORY_ALLOCATION","MEMORY_ALLOCATION_ALLOCATE","Agent 2",3072,"0x0000794bdf9d6000",9232,143934910509915,143934910510535
"MEMORY_ALLOCATION","MEMORY_ALLOCATION_ALLOCATE","Agent 2",512,"0x0000794bdf9d7000",9238,143934910561426,143934910562036
"MEMORY_ALLOCATION","MEMORY_ALLOCATION_ALLOCATE","Agent 2",786432,"0x0000794b0e8c0000",9244,143934910615597,143934910616637
"MEMORY_ALLOCATION","MEMORY_ALLOCATION_ALLOCATE","Agent 2",6291456,"0x0000794b0e000000",9250,143934910934051,143934910988352
"MEMORY_ALLOCATION","MEMORY_ALLOCATION_ALLOCATE","Agent 2",512,"0x0000794bdf9d8000",9256,143934913129075,143934913133365
"MEMORY_ALLOCATION","MEMORY_ALLOCATION_ALLOCATE","Agent 2",6291456,"0x0000794b0d800000",9262,143934913233906,143934913303037
"MEMORY_ALLOCATION","MEMORY_ALLOCATION_ALLOCATE","Agent 2",786432,"0x0000794b0d400000",9268,143934915308338,143934915383139
"MEMORY_ALLOCATION","MEMORY_ALLOCATION_ALLOCATE","Agent 2",3072,"0x0000794bdf9d9000",9274,143934915691154,143934915694984
"MEMORY_ALLOCATION","MEMORY_ALLOCATION_ALLOCATE","Agent 2",2,"0x0000794bdf9da000",9280,143934915763885,143934915765175
"MEMORY_ALLOCATION","MEMORY_ALLOCATION_ALLOCATE","Agent 2",37748736,"0x0000794b0ae00000",9286,143934915821766,143934915873406
"MEMORY_ALLOCATION","MEMORY_ALLOCATION_ALLOCATE","Agent 2",37748736,"0x0000794b08800000",9300,143934930451997,143934930547939
"MEMORY_ALLOCATION","MEMORY_ALLOCATION_ALLOCATE","Agent 2",37748736,"0x0000794b06200000",9314,143934945174821,143934945276492
"MEMORY_ALLOCATION","MEMORY_ALLOCATION_ALLOCATE","Agent 2",786432,"0x0000794b0d4c0000",9328,143934960320430,143934960327780
"MEMORY_ALLOCATION","MEMORY_ALLOCATION_ALLOCATE","Agent 2",786432,"0x0000794b05e00000",9334,143934960670076,143934960758247
"MEMORY_ALLOCATION","MEMORY_ALLOCATION_ALLOCATE","Agent 2",3072,"0x0000794bdf9db000",9340,143934961070482,143934961074882
"MEMORY_ALLOCATION","MEMORY_ALLOCATION_ALLOCATE","Agent 2",3072,"0x0000794bdf9dc000",9346,143934961137903,143934961139023
"MEMORY_ALLOCATION","MEMORY_ALLOCATION_ALLOCATE","Agent 2",3072,"0x0000794bdf9dd000",9352,143934961220594,143934961221634
"MEMORY_ALLOCATION","MEMORY_ALLOCATION_ALLOCATE","Agent 2",3072,"0x0000794bdf9de000",9358,143934961273065,143934961273955
"MEMORY_ALLOCATION","MEMORY_ALLOCATION_ALLOCATE","Agent 2",1024,"0x0000794bdf9df000",9364,143934961324046,143934961324766
"MEMORY_ALLOCATION","MEMORY_ALLOCATION_ALLOCATE","Agent 2",1572864,"0x0000794b05a00000",9370,143934961375586,143934961423127
"MEMORY_ALLOCATION","MEMORY_ALLOCATION_ALLOCATE","Agent 2",12582912,"0x0000794b04c00000",9376,143934961931165,143934961967255
"MEMORY_ALLOCATION","MEMORY_ALLOCATION_ALLOCATE","Agent 2",1024,"0x0000794bdf9e0000",9382,143934967226305,143934967233725
"MEMORY_ALLOCATION","MEMORY_ALLOCATION_ALLOCATE","Agent 2",12582912,"0x0000794b03e00000",9388,143934967317516,143934967413858
"MEMORY_ALLOCATION","MEMORY_ALLOCATION_ALLOCATE","Agent 2",1572864,"0x0000794b03a00000",9394,143934972487695,143934972596227
"MEMORY_ALLOCATION","MEMORY_ALLOCATION_ALLOCATE","Agent 2",3072,"0x0000794bdf9e1000",9400,143934973148295,143934973153155
"MEMORY_ALLOCATION","MEMORY_ALLOCATION_ALLOCATE","Agent 2",2,"0x0000794bdf9e2000",9406,143934973251107,143934973252307
"MEMORY_ALLOCATION","MEMORY_ALLOCATION_ALLOCATE","Agent 2",18874368,"0x0000794b02600000",9412,143934973311277,143934973352908
"MEMORY_ALLOCATION","MEMORY_ALLOCATION_ALLOCATE","Agent 2",18874368,"0x0000794b01200000",9422,143934981460261,143934981541582
"MEMORY_ALLOCATION","MEMORY_ALLOCATION_ALLOCATE","Agent 2",18874368,"0x0000794affe00000",9432,143934988992085,143934989116197
"MEMORY_ALLOCATION","MEMORY_ALLOCATION_ALLOCATE","Agent 2",786432,"0x0000794b05ec0000",9442,143934996368177,143934996375427
"MEMORY_ALLOCATION","MEMORY_ALLOCATION_ALLOCATE","Agent 2",786432,"0x0000794affa00000",9448,143934996748653,143934996848724
"MEMORY_ALLOCATION","MEMORY_ALLOCATION_ALLOCATE","Agent 2",3072,"0x0000794bdf9e3000",9454,143934997339922,143934997343352
"MEMORY_ALLOCATION","MEMORY_ALLOCATION_ALLOCATE","Agent 2",3072,"0x0000794bdf9e4000",9460,143934997408103,143934997409013
"MEMORY_ALLOCATION","MEMORY_ALLOCATION_ALLOCATE","Agent 2",3072,"0x0000794bdf9e5000",9466,143934997482944,143934997483824
"MEMORY_ALLOCATION","MEMORY_ALLOCATION_ALLOCATE","Agent 2",3072,"0x0000794bdf9e6000",9472,143934997537475,143934997538255
"MEMORY_ALLOCATION","MEMORY_ALLOCATION_ALLOCATE","Agent 2",1024,"0x0000794bdf9e7000",9478,143934997589286,143934997589886
"MEMORY_ALLOCATION","MEMORY_ALLOCATION_ALLOCATE","Agent 2",1572864,"0x0000794aff600000",9484,143934997640866,143934997678967
"MEMORY_ALLOCATION","MEMORY_ALLOCATION_ALLOCATE","Agent 2",12582912,"0x0000794afe800000",9490,143934998176214,143934998213415
"MEMORY_ALLOCATION","MEMORY_ALLOCATION_ALLOCATE","Agent 2",1024,"0x0000794bdf9e8000",9496,143935003112119,143935003119969
"MEMORY_ALLOCATION","MEMORY_ALLOCATION_ALLOCATE","Agent 2",12582912,"0x0000794afda00000",9502,143935003226831,143935003328363
"MEMORY_ALLOCATION","MEMORY_ALLOCATION_ALLOCATE","Agent 2",1572864,"0x0000794afd600000",9508,143935007771030,143935007876542
"MEMORY_ALLOCATION","MEMORY_ALLOCATION_ALLOCATE","Agent 2",3072,"0x0000794bdf9e9000",9514,143935008417360,143935008422260
"MEMORY_ALLOCATION","MEMORY_ALLOCATION_ALLOCATE","Agent 2",2,"0x0000794bdf9ea000",9520,143935008490901,143935008492451
"MEMORY_ALLOCATION","MEMORY_ALLOCATION_ALLOCATE","Agent 2",18874368,"0x0000794afc200000",9526,143935008546462,143935008583262
"MEMORY_ALLOCATION","MEMORY_ALLOCATION_ALLOCATE","Agent 2",18874368,"0x0000794afae00000",9536,143935015917564,143935016037295
"MEMORY_ALLOCATION","MEMORY_ALLOCATION_ALLOCATE","Agent 2",18874368,"0x0000794af9a00000",9546,143935023427377,143935023527759
"MEMORY_ALLOCATION","MEMORY_ALLOCATION_ALLOCATE","Agent 2",786432,"0x0000794affac0000",9556,143935030738928,143935030745179
"MEMORY_ALLOCATION","MEMORY_ALLOCATION_ALLOCATE","Agent 2",786432,"0x0000794af9600000",9562,143935031108374,143935031196985
"MEMORY_ALLOCATION","MEMORY_ALLOCATION_ALLOCATE","Agent 2",3072,"0x0000794bdf9eb000",9568,143935031480280,143935031484880
"MEMORY_ALLOCATION","MEMORY_ALLOCATION_ALLOCATE","Agent 2",3072,"0x0000794bdf9ec000",9574,143935031547661,143935031548611
"MEMORY_ALLOCATION","MEMORY_ALLOCATION_ALLOCATE","Agent 2",3072,"0x0000794bdf9ed000",9580,143935031602272,143935031603162
"MEMORY_ALLOCATION","MEMORY_ALLOCATION_ALLOCATE","Agent 2",3072,"0x0000794bdf9ee000",9586,143935031655292,143935031656052
"MEMORY_ALLOCATION","MEMORY_ALLOCATION_ALLOCATE","Agent 2",512,"0x0000794bdf9ef000",9592,143935031706703,143935031707353
"MEMORY_ALLOCATION","MEMORY_ALLOCATION_ALLOCATE","Agent 2",786432,"0x0000794af96c0000",9598,143935031758854,143935031759684
"MEMORY_ALLOCATION","MEMORY_ALLOCATION_ALLOCATE","Agent 2",6291456,"0x0000794af8e00000",9604,143935032046708,143935032089599
"MEMORY_ALLOCATION","MEMORY_ALLOCATION_ALLOCATE","Agent 2",512,"0x0000794bdf9f0000",9610,143935034208011,143935034213601
"MEMORY_ALLOCATION","MEMORY_ALLOCATION_ALLOCATE","Agent 2",6291456,"0x0000794af8600000",9616,143935034281692,143935034364653
"MEMORY_ALLOCATION","MEMORY_ALLOCATION_ALLOCATE","Agent 2",786432,"0x0000794af8200000",9622,143935036295823,143935036367434
"MEMORY_ALLOCATION","MEMORY_ALLOCATION_ALLOCATE","Agent 2",3072,"0x0000794bdf9f1000",9628,143935036711459,143935036715419
"MEMORY_ALLOCATION","MEMORY_ALLOCATION_ALLOCATE","Agent 2",2,"0x0000794bdf9f2000",9634,143935036775900,143935036776750
"MEMORY_ALLOCATION","MEMORY_ALLOCATION_ALLOCATE","Agent 2",18874368,"0x0000794af6e00000",9640,143935036828791,143935036863861
"MEMORY_ALLOCATION","MEMORY_ALLOCATION_ALLOCATE","Agent 2",18874368,"0x0000794af5a00000",9650,143935044686730,143935044792382
"MEMORY_ALLOCATION","MEMORY_ALLOCATION_ALLOCATE","Agent 2",18874368,"0x0000794af4600000",9660,143935052775823,143935052894494
"MEMORY_ALLOCATION","MEMORY_ALLOCATION_ALLOCATE","Agent 2",786432,"0x0000794af82c0000",9670,143935060495740,143935060502900
"MEMORY_ALLOCATION","MEMORY_ALLOCATION_ALLOCATE","Agent 2",786432,"0x0000794af4200000",9676,143935060842475,143935060938346
"MEMORY_ALLOCATION","MEMORY_ALLOCATION_ALLOCATE","Agent 2",3072,"0x0000794bdf9f3000",9682,143935061257071,143935061261711
"MEMORY_ALLOCATION","MEMORY_ALLOCATION_ALLOCATE","Agent 2",3072,"0x0000794bdf9f4000",9688,143935061329092,143935061330282
"MEMORY_ALLOCATION","MEMORY_ALLOCATION_ALLOCATE","Agent 2",3072,"0x0000794bdf9f5000",9694,143935061386413,143935061387533
"MEMORY_ALLOCATION","MEMORY_ALLOCATION_ALLOCATE","Agent 2",3072,"0x0000794bdf9f6000",9700,143935061442904,143935061443754
"MEMORY_ALLOCATION","MEMORY_ALLOCATION_ALLOCATE","Agent 2",512,"0x0000794bdf9f7000",9706,143935061499435,143935061500195
"MEMORY_ALLOCATION","MEMORY_ALLOCATION_ALLOCATE","Agent 2",786432,"0x0000794af42c0000",9712,143935061553356,143935061554426
"MEMORY_ALLOCATION","MEMORY_ALLOCATION_ALLOCATE","Agent 2",6291456,"0x0000794af3a00000",9718,143935061848530,143935061901101
"MEMORY_ALLOCATION","MEMORY_ALLOCATION_ALLOCATE","Agent 2",512,"0x0000794bdf9f8000",9724,143935064085974,143935064092044
"MEMORY_ALLOCATION","MEMORY_ALLOCATION_ALLOCATE","Agent 2",6291456,"0x0000794af3200000",9730,143935064164145,143935064251077
"MEMORY_ALLOCATION","MEMORY_ALLOCATION_ALLOCATE","Agent 2",786432,"0x0000794af2e00000",9736,143935066195736,143935066274837
"MEMORY_ALLOCATION","MEMORY_ALLOCATION_ALLOCATE","Agent 2",3072,"0x0000794bdf9f9000",9742,143935066619053,143935066623593
"MEMORY_ALLOCATION","MEMORY_ALLOCATION_ALLOCATE","Agent 2",2,"0x0000794bdf9fa000",9748,143935066689854,143935066691044
"MEMORY_ALLOCATION","MEMORY_ALLOCATION_ALLOCATE","Agent 2",18874368,"0x0000794af1a00000",9754,143935066759985,143935066800245
"MEMORY_ALLOCATION","MEMORY_ALLOCATION_ALLOCATE","Agent 2",18874368,"0x0000794af0600000",9764,143935074540353,143935074645584
"MEMORY_ALLOCATION","MEMORY_ALLOCATION_ALLOCATE","Agent 2",18874368,"0x0000794aef200000",9774,143935081961715,143935082093477
"MEMORY_ALLOCATION","MEMORY_ALLOCATION_ALLOCATE","Agent 2",786432,"0x0000794af2ec0000",9784,143935089497900,143935089505630
"MEMORY_ALLOCATION","MEMORY_ALLOCATION_ALLOCATE","Agent 2",786432,"0x0000794aeee00000",9790,143935089922146,143935090057808
"MEMORY_ALLOCATION","MEMORY_ALLOCATION_ALLOCATE","Agent 2",3072,"0x0000794bdf9fb000",9796,143935090378263,143935090383143
"MEMORY_ALLOCATION","MEMORY_ALLOCATION_ALLOCATE","Agent 2",3072,"0x0000794bdf9fc000",9802,143935090745298,143935090747998
"MEMORY_ALLOCATION","MEMORY_ALLOCATION_ALLOCATE","Agent 2",3072,"0x0000794bdf9fd000",9808,143935090840280,143935090841710
"MEMORY_ALLOCATION","MEMORY_ALLOCATION_ALLOCATE","Agent 2",3072,"0x0000794bdf9fe000",9814,143935090899411,143935090900531
"MEMORY_ALLOCATION","MEMORY_ALLOCATION_ALLOCATE","Agent 2",512,"0x0000794bdf9ff000",9820,143935090956712,143935090957462
"MEMORY_ALLOCATION","MEMORY_ALLOCATION_ALLOCATE","Agent 2",786432,"0x0000794aeeec0000",9826,143935091018703,143935091019873
"MEMORY_ALLOCATION","MEMORY_ALLOCATION_ALLOCATE","Agent 2",6291456,"0x0000794aee600000",9832,143935091340377,143935091404378
"MEMORY_ALLOCATION","MEMORY_ALLOCATION_ALLOCATE","Agent 2",512,"0x0000794bdb980000",9838,143935093667133,143935093671653
"MEMORY_ALLOCATION","MEMORY_ALLOCATION_ALLOCATE","Agent 2",6291456,"0x0000794aede00000",9844,143935093746064,143935093836715
"MEMORY_ALLOCATION","MEMORY_ALLOCATION_ALLOCATE","Agent 2",786432,"0x0000794aeda00000",9850,143935095752804,143935095827776
"MEMORY_ALLOCATION","MEMORY_ALLOCATION_ALLOCATE","Agent 2",3072,"0x0000794bdb981000",9856,143935096240412,143935096243592
"MEMORY_ALLOCATION","MEMORY_ALLOCATION_ALLOCATE","Agent 2",2,"0x0000794bdb982000",9862,143935096303673,143935096304293
"MEMORY_ALLOCATION","MEMORY_ALLOCATION_ALLOCATE","Agent 2",18874368,"0x0000794aec600000",9868,143935096356654,143935096393254
"MEMORY_ALLOCATION","MEMORY_ALLOCATION_ALLOCATE","Agent 2",18874368,"0x0000794aeb200000",9878,143935103518102,143935103613244
"MEMORY_ALLOCATION","MEMORY_ALLOCATION_ALLOCATE","Agent 2",18874368,"0x0000794ae9e00000",9888,143935110687141,143935110792692
"MEMORY_ALLOCATION","MEMORY_ALLOCATION_ALLOCATE","Agent 2",786432,"0x0000794aedac0000",9898,143935117962741,143935117969701
"MEMORY_ALLOCATION","MEMORY_ALLOCATION_ALLOCATE","Agent 2",786432,"0x0000794ae9a00000",9904,143935118333387,143935118409978
"MEMORY_ALLOCATION","MEMORY_ALLOCATION_ALLOCATE","Agent 2",3072,"0x0000794bdb983000",9910,143935118698372,143935118702042
"MEMORY_ALLOCATION","MEMORY_ALLOCATION_ALLOCATE","Agent 2",3072,"0x0000794bdb984000",9916,143935118763733,143935118764553
"MEMORY_ALLOCATION","MEMORY_ALLOCATION_ALLOCATE","Agent 2",3072,"0x0000794bdb985000",9922,143935118818764,143935118819384
"MEMORY_ALLOCATION","MEMORY_ALLOCATION_ALLOCATE","Agent 2",3072,"0x0000794bdb986000",9928,143935118872965,143935118873525
"MEMORY_ALLOCATION","MEMORY_ALLOCATION_ALLOCATE","Agent 2",512,"0x0000794bdb987000",9934,143935118925386,143935118925906
"MEMORY_ALLOCATION","MEMORY_ALLOCATION_ALLOCATE","Agent 2",786432,"0x0000794ae9ac0000",9940,143935118978677,143935118979487
"MEMORY_ALLOCATION","MEMORY_ALLOCATION_ALLOCATE","Agent 2",6291456,"0x0000794ae9200000",9946,143935119305002,143935119349122
"MEMORY_ALLOCATION","MEMORY_ALLOCATION_ALLOCATE","Agent 2",512,"0x0000794bdb988000",9952,143935121610427,143935121615687
"MEMORY_ALLOCATION","MEMORY_ALLOCATION_ALLOCATE","Agent 2",6291456,"0x0000794ae8a00000",9958,143935121685458,143935121763289
"MEMORY_ALLOCATION","MEMORY_ALLOCATION_ALLOCATE","Agent 2",786432,"0x0000794ae8600000",9964,143935123804860,143935123878561
"MEMORY_ALLOCATION","MEMORY_ALLOCATION_ALLOCATE","Agent 2",3072,"0x0000794bdb989000",9970,143935124274077,143935124277417
"MEMORY_ALLOCATION","MEMORY_ALLOCATION_ALLOCATE","Agent 2",2,"0x0000794bdb98a000",9976,143935124340398,143935124341218
"MEMORY_ALLOCATION","MEMORY_ALLOCATION_ALLOCATE","Agent 2",18874368,"0x0000794ae7200000",9982,143935124393339,143935124429669
"MEMORY_ALLOCATION","MEMORY_ALLOCATION_ALLOCATE","Agent 2",18874368,"0x0000794ae5e00000",9992,143935131887842,143935131968944
"MEMORY_ALLOCATION","MEMORY_ALLOCATION_ALLOCATE","Agent 2",18874368,"0x0000794ae4a00000",10002,143935139124502,143935139218954
"MEMORY_ALLOCATION","MEMORY_ALLOCATION_ALLOCATE","Agent 2",786432,"0x0000794ae86c0000",10012,143935146440983,143935146448453
"MEMORY_ALLOCATION","MEMORY_ALLOCATION_ALLOCATE","Agent 2",786432,"0x0000794ae4600000",10018,143935146773188,143935146851959
"MEMORY_ALLOCATION","MEMORY_ALLOCATION_ALLOCATE","Agent 2",3072,"0x0000794bdb98b000",10024,143935147191564,143935147194915
"MEMORY_ALLOCATION","MEMORY_ALLOCATION_ALLOCATE","Agent 2",3072,"0x0000794bdb98c000",10030,143935147259786,143935147260546
"MEMORY_ALLOCATION","MEMORY_ALLOCATION_ALLOCATE","Agent 2",3072,"0x0000794bdb98d000",10036,143935147315006,143935147315586
"MEMORY_ALLOCATION","MEMORY_ALLOCATION_ALLOCATE","Agent 2",3072,"0x0000794bdb98e000",10042,143935147368667,143935147369237
"MEMORY_ALLOCATION","MEMORY_ALLOCATION_ALLOCATE","Agent 2",1024,"0x0000794bdb98f000",10048,143935147422208,143935147422908
"MEMORY_ALLOCATION","MEMORY_ALLOCATION_ALLOCATE","Agent 2",1572864,"0x0000794ae4200000",10054,143935147476159,143935147516789
"MEMORY_ALLOCATION","MEMORY_ALLOCATION_ALLOCATE","Agent 2",12582912,"0x0000794ae3400000",10060,143935147948546,143935147989247
"MEMORY_ALLOCATION","MEMORY_ALLOCATION_ALLOCATE","Agent 2",1024,"0x0000794bdb990000",10066,143935152887501,143935152894671
"MEMORY_ALLOCATION","MEMORY_ALLOCATION_ALLOCATE","Agent 2",12582912,"0x0000794ae2600000",10072,143935152974912,143935153094944
"MEMORY_ALLOCATION","MEMORY_ALLOCATION_ALLOCATE","Agent 2",1572864,"0x0000794ae2200000",10078,143935158208292,143935158306203
"MEMORY_ALLOCATION","MEMORY_ALLOCATION_ALLOCATE","Agent 2",3072,"0x0000794bdb991000",10084,143935159048334,143935159053354
"MEMORY_ALLOCATION","MEMORY_ALLOCATION_ALLOCATE","Agent 2",27525120,"0x0000794ae0400000",10090,143935159137926,143935159187227
"MEMORY_ALLOCATION","MEMORY_ALLOCATION_ALLOCATE","Agent 2",512,"0x0000794bdb992000",10100,143935170282075,143935170289085
"MEMORY_ALLOCATION","MEMORY_ALLOCATION_ALLOCATE","Agent 2",1536,"0x0000794bdb993000",10106,143935170367236,143935170368086
"MEMORY_ALLOCATION","MEMORY_ALLOCATION_ALLOCATE","Agent 2",2,"0x0000794bdb994000",10112,143935170422287,143935170423047
"MEMORY_ALLOCATION","MEMORY_ALLOCATION_ALLOCATE","Agent 2",2,"0x0000794bdb995000",10118,143935170476218,143935170476848
"MEMORY_ALLOCATION","MEMORY_ALLOCATION_ALLOCATE","Agent 2",4718592,"0x0000794adfc00000",10124,143935170529118,143935170632350
"MEMORY_ALLOCATION","MEMORY_ALLOCATION_ALLOCATE","Agent 2",2,"0x0000794bdb996000",10130,143935172257685,143935172262355
"MEMORY_ALLOCATION","MEMORY_ALLOCATION_ALLOCATE","Agent 2",2,"0x0000794bdb997000",10136,143935172328076,143935172328826
"MEMORY_ALLOCATION","MEMORY_ALLOCATION_ALLOCATE","Agent 2",2,"0x0000794bdb998000",10142,143935172380557,143935172381197
"MEMORY_ALLOCATION","MEMORY_ALLOCATION_ALLOCATE","Agent 2",2,"0x0000794bdb999000",10148,143935172432327,143935172432907
"MEMORY_ALLOCATION","MEMORY_ALLOCATION_ALLOCATE","Agent 2",4718592,"0x0000794adf400000",10154,143935172686811,143935172764672
"MEMORY_ALLOCATION","MEMORY_ALLOCATION_ALLOCATE","Agent 2",2,"0x0000794bdb99a000",10160,143935174251465,143935174255415
"MEMORY_ALLOCATION","MEMORY_ALLOCATION_ALLOCATE","Agent 2",2,"0x0000794bdb99b000",10166,143935174322436,143935174323586
"MEMORY_ALLOCATION","MEMORY_ALLOCATION_ALLOCATE","Agent 2",2,"0x0000794bdb99c000",10172,143935174375177,143935174375857
"MEMORY_ALLOCATION","MEMORY_ALLOCATION_ALLOCATE","Agent 2",2,"0x0000794bdb99d000",10178,143935174428188,143935174428688
"MEMORY_ALLOCATION","MEMORY_ALLOCATION_ALLOCATE","Agent 2",4718592,"0x0000794adec00000",10184,143935174480258,143935174546919
"MEMORY_ALLOCATION","MEMORY_ALLOCATION_ALLOCATE","Agent 2",2,"0x0000794bdb99e000",10190,143935175993751,143935175997631
"MEMORY_ALLOCATION","MEMORY_ALLOCATION_ALLOCATE","Agent 2",2,"0x0000794bdb99f000",10196,143935176097183,143935176098093
"MEMORY_ALLOCATION","MEMORY_ALLOCATION_ALLOCATE","Agent 2",1536,"0x0000794bdb9a0000",10202,143935176149964,143935176150604
"MEMORY_ALLOCATION","MEMORY_ALLOCATION_ALLOCATE","Agent 2",1536,"0x0000794bdb9a1000",10208,143935176234065,143935176234985
"MEMORY_ALLOCATION","MEMORY_ALLOCATION_ALLOCATE","Agent 2",1536,"0x0000794bdb9a2000",10214,143935176286836,143935176287396
"MEMORY_ALLOCATION","MEMORY_ALLOCATION_ALLOCATE","Agent 2",128,"0x0000794bdb9a3000",10220,143935176340737,143935176341267
"MEMORY_ALLOCATION","MEMORY_ALLOCATION_ALLOCATE","Agent 2",2,"0x0000794bdb9a4000",10226,143935176392967,143935176393547
"MEMORY_ALLOCATION","MEMORY_ALLOCATION_ALLOCATE","Agent 2",2,"0x0000794bdb9a5000",10232,143935176444478,143935176444958
"MEMORY_ALLOCATION","MEMORY_ALLOCATION_ALLOCATE","Agent 2",1179648,"0x0000794ae46c0000",10238,143935176496709,143935176498709
"MEMORY_ALLOCATION","MEMORY_ALLOCATION_ALLOCATE","Agent 2",2,"0x0000794ae47e0000",10244,143935176836624,143935176837704
"MEMORY_ALLOCATION","MEMORY_ALLOCATION_ALLOCATE","Agent 2",2,"0x0000794ae47e1000",10250,143935176893985,143935176894755
"MEMORY_ALLOCATION","MEMORY_ALLOCATION_ALLOCATE","Agent 2",2,"0x0000794ae47e2000",10256,143935176945506,143935176946196
"MEMORY_ALLOCATION","MEMORY_ALLOCATION_ALLOCATE","Agent 2",2,"0x0000794ae47e3000",10262,143935176996447,143935176997147
"MEMORY_ALLOCATION","MEMORY_ALLOCATION_ALLOCATE","Agent 2",1179648,"0x0000794ade800000",10268,143935177083228,143935177160959
"MEMORY_ALLOCATION","MEMORY_ALLOCATION_ALLOCATE","Agent 2",2,"0x0000794ae47e4000",10274,143935177512734,143935177513824
"MEMORY_ALLOCATION","MEMORY_ALLOCATION_ALLOCATE","Agent 2",2,"0x0000794ae47e5000",10280,143935177568535,143935177569335
"MEMORY_ALLOCATION","MEMORY_ALLOCATION_ALLOCATE","Agent 2",128,"0x0000794ae47e6000",10286,143935177620536,143935177621146
"MEMORY_ALLOCATION","MEMORY_ALLOCATION_ALLOCATE","Agent 2",2,"0x0000794ae47e7000",10292,143935177672687,143935177673337
"MEMORY_ALLOCATION","MEMORY_ALLOCATION_ALLOCATE","Agent 2",2,"0x0000794ae47e8000",10298,143935177723498,143935177724048
"MEMORY_ALLOCATION","MEMORY_ALLOCATION_ALLOCATE","Agent 2",1179648,"0x0000794ade400000",10304,143935177773778,143935177810269
"MEMORY_ALLOCATION","MEMORY_ALLOCATION_ALLOCATE","Agent 2",2,"0x0000794ae47e9000",10310,143935178197515,143935178198735
"MEMORY_ALLOCATION","MEMORY_ALLOCATION_ALLOCATE","Agent 2",2,"0x0000794ae47ea000",10316,143935178252576,143935178253316
"MEMORY_ALLOCATION","MEMORY_ALLOCATION_ALLOCATE","Agent 2",2,"0x0000794ae47eb000",10322,143935178304496,143935178305166
"MEMORY_ALLOCATION","MEMORY_ALLOCATION_ALLOCATE","Agent 2",2,"0x0000794ae47ec000",10328,143935178355007,143935178355587
"MEMORY_ALLOCATION","MEMORY_ALLOCATION_ALLOCATE","Agent 2",1179648,"0x0000794ade000000",10334,143935178407078,143935178441949
"MEMORY_ALLOCATION","MEMORY_ALLOCATION_ALLOCATE","Agent 2",2,"0x0000794ae47ed000",10340,143935178779604,143935178780654
"MEMORY_ALLOCATION","MEMORY_ALLOCATION_ALLOCATE","Agent 2",2,"0x0000794ae47ee000",10346,143935178834215,143935178834975
"MEMORY_ALLOCATION","MEMORY_ALLOCATION_ALLOCATE","Agent 2",1536,"0x0000794ae47ef000",10352,143935178898445,143935178899165
"MEMORY_ALLOCATION","MEMORY_ALLOCATION_ALLOCATE","Agent 2",2,"0x0000794ae47f0000",10358,143935179384303,143935179385463
"MEMORY_ALLOCATION","MEMORY_ALLOCATION_ALLOCATE","Agent 2",2,"0x0000794ae47f1000",10364,143935179436954,143935179437734
"MEMORY_ALLOCATION","MEMORY_ALLOCATION_ALLOCATE","Agent 2",4718592,"0x0000794add800000",10370,143935179488134,143935179527505
"MEMORY_ALLOCATION","MEMORY_ALLOCATION_ALLOCATE","Agent 2",2,"0x0000794ae47f2000",10376,143935181307792,143935181313592
"MEMORY_ALLOCATION","MEMORY_ALLOCATION_ALLOCATE","Agent 2",2,"0x0000794ae47f3000",10382,143935181381583,143935181382473
"MEMORY_ALLOCATION","MEMORY_ALLOCATION_ALLOCATE","Agent 2",2,"0x0000794ae47f4000",10388,143935181435014,143935181435764
"MEMORY_ALLOCATION","MEMORY_ALLOCATION_ALLOCATE","Agent 2",2,"0x0000794ae47f5000",10394,143935181489435,143935181490015
"MEMORY_ALLOCATION","MEMORY_ALLOCATION_ALLOCATE","Agent 2",4718592,"0x0000794add000000",10400,143935181542286,143935181621707
"MEMORY_ALLOCATION","MEMORY_ALLOCATION_ALLOCATE","Agent 2",2,"0x0000794ae47f6000",10406,143935183084259,143935183088309
"MEMORY_ALLOCATION","MEMORY_ALLOCATION_ALLOCATE","Agent 2",2,"0x0000794ae47f7000",10412,143935183153660,143935183154550
"MEMORY_ALLOCATION","MEMORY_ALLOCATION_ALLOCATE","Agent 2",2,"0x0000794ae47f8000",10418,143935183237311,143935183238271
"MEMORY_ALLOCATION","MEMORY_ALLOCATION_ALLOCATE","Agent 2",2,"0x0000794ae47f9000",10424,143935183291122,143935183291922
"MEMORY_ALLOCATION","MEMORY_ALLOCATION_ALLOCATE","Agent 2",4718592,"0x0000794adc800000",10430,143935183344273,143935183408854
"MEMORY_ALLOCATION","MEMORY_ALLOCATION_ALLOCATE","Agent 2",2,"0x0000794ae47fa000",10436,143935184882306,143935184885856
"MEMORY_ALLOCATION","MEMORY_ALLOCATION_ALLOCATE","Agent 2",2,"0x0000794ae47fb000",10442,143935184950287,143935184951307
"MEMORY_ALLOCATION","MEMORY_ALLOCATION_ALLOCATE","Agent 2",1536,"0x0000794ae47fc000",10448,143935185040549,143935185041329
"MEMORY_ALLOCATION","MEMORY_ALLOCATION_ALLOCATE","Agent 2",1536,"0x0000794ae47fd000",10454,143935185097169,143935185097919
"MEMORY_ALLOCATION","MEMORY_ALLOCATION_ALLOCATE","Agent 2",1536,"0x0000794ae47fe000",10460,143935185152480,143935185153250
"MEMORY_ALLOCATION","MEMORY_ALLOCATION_ALLOCATE","Agent 2",128,"0x0000794ae47ff000",10466,143935185206291,143935185206761
"MEMORY_ALLOCATION","MEMORY_ALLOCATION_ALLOCATE","Agent 2",2,"0x0000794bdb9a6000",10472,143935185258962,143935185262732
"MEMORY_ALLOCATION","MEMORY_ALLOCATION_ALLOCATE","Agent 2",2,"0x0000794bdb9a7000",10478,143935185317643,143935185318163
"MEMORY_ALLOCATION","MEMORY_ALLOCATION_ALLOCATE","Agent 2",1179648,"0x0000794adc400000",10484,143935185369644,143935185439195
"MEMORY_ALLOCATION","MEMORY_ALLOCATION_ALLOCATE","Agent 2",2,"0x0000794bdb9a8000",10490,143935185790090,143935185791490
"MEMORY_ALLOCATION","MEMORY_ALLOCATION_ALLOCATE","Agent 2",2,"0x0000794bdb9a9000",10496,143935185848341,143935185849081
"MEMORY_ALLOCATION","MEMORY_ALLOCATION_ALLOCATE","Agent 2",2,"0x0000794bdb9aa000",10502,143935186149125,143935186150265
"MEMORY_ALLOCATION","MEMORY_ALLOCATION_ALLOCATE","Agent 2",2,"0x0000794bdb9ab000",10508,143935186230727,143935186231417
"MEMORY_ALLOCATION","MEMORY_ALLOCATION_ALLOCATE","Agent 2",1179648,"0x0000794adc000000",10514,143935186283047,143935186336008
"MEMORY_ALLOCATION","MEMORY_ALLOCATION_ALLOCATE","Agent 2",2,"0x0000794bdb9ac000",10520,143935186709804,143935186710984
"MEMORY_ALLOCATION","MEMORY_ALLOCATION_ALLOCATE","Agent 2",2,"0x0000794bdb9ad000",10526,143935186767355,143935186768085
"MEMORY_ALLOCATION","MEMORY_ALLOCATION_ALLOCATE","Agent 2",128,"0x0000794bdb9ae000",10532,143935186820296,143935186820936
"MEMORY_ALLOCATION","MEMORY_ALLOCATION_ALLOCATE","Agent 2",2,"0x0000794bdb9af000",10538,143935186874216,143935186874806
"MEMORY_ALLOCATION","MEMORY_ALLOCATION_ALLOCATE","Agent 2",2,"0x0000794bdb9b0000",10544,143935186927737,143935186928347
"MEMORY_ALLOCATION","MEMORY_ALLOCATION_ALLOCATE","Agent 2",1179648,"0x0000794adbc00000",10550,143935186982168,143935187057759
"MEMORY_ALLOCATION","MEMORY_ALLOCATION_ALLOCATE","Agent 2",2,"0x0000794bdb9b1000",10556,143935187429605,143935187430815
"MEMORY_ALLOCATION","MEMORY_ALLOCATION_ALLOCATE","Agent 2",2,"0x0000794bdb9b2000",10562,143935187487566,143935187488286
"MEMORY_ALLOCATION","MEMORY_ALLOCATION_ALLOCATE","Agent 2",2,"0x0000794bdb9b3000",10568,143935187540766,143935187541356
"MEMORY_ALLOCATION","MEMORY_ALLOCATION_ALLOCATE","Agent 2",2,"0x0000794bdb9b4000",10574,143935187592027,143935187592587
"MEMORY_ALLOCATION","MEMORY_ALLOCATION_ALLOCATE","Agent 2",1179648,"0x0000794adb800000",10580,143935187644658,143935187678989
"MEMORY_ALLOCATION","MEMORY_ALLOCATION_ALLOCATE","Agent 2",2,"0x0000794bdb9b5000",10586,143935188053224,143935188054284
"MEMORY_ALLOCATION","MEMORY_ALLOCATION_ALLOCATE","Agent 2",2,"0x0000794bdb9b6000",10592,143935188110565,143935188111275
"MEMORY_ALLOCATION","MEMORY_ALLOCATION_ALLOCATE","Agent 2",1536,"0x0000794bdb9b7000",10598,143935188162866,143935188163456
"MEMORY_ALLOCATION","MEMORY_ALLOCATION_ALLOCATE","Agent 2",2,"0x0000794bdb9b8000",10604,143935188215387,143935188216057
"MEMORY_ALLOCATION","MEMORY_ALLOCATION_ALLOCATE","Agent 2",2,"0x0000794bdb9b9000",10610,143935188266827,143935188267538
"MEMORY_ALLOCATION","MEMORY_ALLOCATION_ALLOCATE","Agent 2",4718592,"0x0000794adb000000",10616,143935188318218,143935188355879
"MEMORY_ALLOCATION","MEMORY_ALLOCATION_ALLOCATE","Agent 2",2,"0x0000794bdb9ba000",10622,143935189941863,143935189946573
"MEMORY_ALLOCATION","MEMORY_ALLOCATION_ALLOCATE","Agent 2",2,"0x0000794bdb9bb000",10628,143935190051965,143935190052955
"MEMORY_ALLOCATION","MEMORY_ALLOCATION_ALLOCATE","Agent 2",2,"0x0000794bdb9bc000",10634,143935190108095,143935190108895
"MEMORY_ALLOCATION","MEMORY_ALLOCATION_ALLOCATE","Agent 2",2,"0x0000794bdb9bd000",10640,143935190162726,143935190163356
"MEMORY_ALLOCATION","MEMORY_ALLOCATION_ALLOCATE","Agent 2",4718592,"0x0000794ada800000",10646,143935190245938,143935190314919
"MEMORY_ALLOCATION","MEMORY_ALLOCATION_ALLOCATE","Agent 2",2,"0x0000794bdb9be000",10652,143935191771541,143935191775381
"MEMORY_ALLOCATION","MEMORY_ALLOCATION_ALLOCATE","Agent 2",2,"0x0000794bdb9bf000",10658,143935191839872,143935191840682
"MEMORY_ALLOCATION","MEMORY_ALLOCATION_ALLOCATE","Agent 2",2,"0x0000794bdb9c0000",10664,143935191893733,143935191894393
"MEMORY_ALLOCATION","MEMORY_ALLOCATION_ALLOCATE","Agent 2",2,"0x0000794bdb9c1000",10670,143935191948283,143935191948953
"MEMORY_ALLOCATION","MEMORY_ALLOCATION_ALLOCATE","Agent 2",4718592,"0x0000794ada000000",10676,143935192038375,143935192095646
"MEMORY_ALLOCATION","MEMORY_ALLOCATION_ALLOCATE","Agent 2",2,"0x0000794bdb9c2000",10682,143935193575778,143935193579178
"MEMORY_ALLOCATION","MEMORY_ALLOCATION_ALLOCATE","Agent 2",2,"0x0000794bdb9c3000",10688,143935193643059,143935193643799
"MEMORY_ALLOCATION","MEMORY_ALLOCATION_ALLOCATE","Agent 2",1536,"0x0000794bdb9c4000",10694,143935193695900,143935193696980
"MEMORY_ALLOCATION","MEMORY_ALLOCATION_ALLOCATE","Agent 2",1536,"0x0000794bdb9c5000",10700,143935193748231,143935193749081
"MEMORY_ALLOCATION","MEMORY_ALLOCATION_ALLOCATE","Agent 2",1536,"0x0000794bdb9c6000",10706,143935193803492,143935193804222
"MEMORY_ALLOCATION","MEMORY_ALLOCATION_ALLOCATE","Agent 2",128,"0x0000794bdb9c7000",10712,143935193858372,143935193859242
"MEMORY_ALLOCATION","MEMORY_ALLOCATION_ALLOCATE","Agent 2",2,"0x0000794bdb9c8000",10718,143935193911413,143935193912053
"MEMORY_ALLOCATION","MEMORY_ALLOCATION_ALLOCATE","Agent 2",2,"0x0000794bdb9c9000",10724,143935193963854,143935193964354
"MEMORY_ALLOCATION","MEMORY_ALLOCATION_ALLOCATE","Agent 2",1179648,"0x0000794ad9c00000",10730,143935194041125,143935194106646
"MEMORY_ALLOCATION","MEMORY_ALLOCATION_ALLOCATE","Agent 2",2,"0x0000794bdb9ca000",10736,143935194472862,143935194473982
"MEMORY_ALLOCATION","MEMORY_ALLOCATION_ALLOCATE","Agent 2",2,"0x0000794bdb9cb000",10742,143935194531023,143935194531753
"MEMORY_ALLOCATION","MEMORY_ALLOCATION_ALLOCATE","Agent 2",2,"0x0000794bdb9cc000",10748,143935194583103,143935194583733
"MEMORY_ALLOCATION","MEMORY_ALLOCATION_ALLOCATE","Agent 2",2,"0x0000794bdb9cd000",10754,143935194635624,143935194636214
"MEMORY_ALLOCATION","MEMORY_ALLOCATION_ALLOCATE","Agent 2",1179648,"0x0000794ad9800000",10760,143935194686085,143935194729986
"MEMORY_ALLOCATION","MEMORY_ALLOCATION_ALLOCATE","Agent 2",2,"0x0000794bdb9ce000",10766,143935195076821,143935195078101
"MEMORY_ALLOCATION","MEMORY_ALLOCATION_ALLOCATE","Agent 2",2,"0x0000794bdb9cf000",10772,143935195135112,143935195135832
"MEMORY_ALLOCATION","MEMORY_ALLOCATION_ALLOCATE","Agent 2",128,"0x0000794bdb9d0000",10778,143935195187253,143935195187873
"MEMORY_ALLOCATION","MEMORY_ALLOCATION_ALLOCATE","Agent 2",2,"0x0000794bdb9d1000",10784,143935195240613,143935195241223
"MEMORY_ALLOCATION","MEMORY_ALLOCATION_ALLOCATE","Agent 2",2,"0x0000794bdb9d2000",10790,143935195292204,143935195292804
"MEMORY_ALLOCATION","MEMORY_ALLOCATION_ALLOCATE","Agent 2",1179648,"0x0000794ad9400000",10796,143935195345095,143935195383965
"MEMORY_ALLOCATION","MEMORY_ALLOCATION_ALLOCATE","Agent 2",2,"0x0000794bdb9d3000",10802,143935195733621,143935195734791
"MEMORY_ALLOCATION","MEMORY_ALLOCATION_ALLOCATE","Agent 2",2,"0x0000794bdb9d4000",10808,143935195789162,143935195789842
"MEMORY_ALLOCATION","MEMORY_ALLOCATION_ALLOCATE","Agent 2",2,"0x0000794bdb9d5000",10814,143935195841442,143935195842172
"MEMORY_ALLOCATION","MEMORY_ALLOCATION_ALLOCATE","Agent 2",2,"0x0000794bdb9d6000",10820,143935195892263,143935195892863
"MEMORY_ALLOCATION","MEMORY_ALLOCATION_ALLOCATE","Agent 2",1179648,"0x0000794ad9000000",10826,143935195943604,143935195978605
"MEMORY_ALLOCATION","MEMORY_ALLOCATION_ALLOCATE","Agent 2",2,"0x0000794bdb9d7000",10832,143935196390941,143935196392281
"MEMORY_ALLOCATION","MEMORY_ALLOCATION_ALLOCATE","Agent 2",2,"0x0000794bdb9d8000",10838,143935196446802,143935196447592
"MEMORY_ALLOCATION","MEMORY_ALLOCATION_ALLOCATE","Agent 2",1536,"0x0000794bdb9d9000",10844,143935196497772,143935196498262
"MEMORY_ALLOCATION","MEMORY_ALLOCATION_ALLOCATE","Agent 2",2,"0x0000794bdb9da000",10850,143935196549753,143935196550413
"MEMORY_ALLOCATION","MEMORY_ALLOCATION_ALLOCATE","Agent 2",2,"0x0000794bdb9db000",10856,143935196809107,143935196810247
"MEMORY_ALLOCATION","MEMORY_ALLOCATION_ALLOCATE","Agent 2",4718592,"0x0000794ad8800000",10862,143935196862028,143935196904459
"MEMORY_ALLOCATION","MEMORY_ALLOCATION_ALLOCATE","Agent 2",2,"0x0000794bdb9dc000",10868,143935198647915,143935198652575
"MEMORY_ALLOCATION","MEMORY_ALLOCATION_ALLOCATE","Agent 2",2,"0x0000794bdb9dd000",10874,143935198719766,143935198720606
"MEMORY_ALLOCATION","MEMORY_ALLOCATION_ALLOCATE","Agent 2",2,"0x0000794bdb9de000",10880,143935198774987,143935198776077
"MEMORY_ALLOCATION","MEMORY_ALLOCATION_ALLOCATE","Agent 2",2,"0x0000794bdb9df000",10886,143935198829578,143935198830338
"MEMORY_ALLOCATION","MEMORY_ALLOCATION_ALLOCATE","Agent 2",4718592,"0x0000794ad8000000",10892,143935198882959,143935198955000
"MEMORY_ALLOCATION","MEMORY_ALLOCATION_ALLOCATE","Agent 2",2,"0x0000794bdb9e0000",10898,143935200493373,143935200496543
"MEMORY_ALLOCATION","MEMORY_ALLOCATION_ALLOCATE","Agent 2",2,"0x0000794bdb9e1000",10904,143935200562284,143935200563034
"MEMORY_ALLOCATION","MEMORY_ALLOCATION_ALLOCATE","Agent 2",2,"0x0000794bdb9e2000",10910,143935200615895,143935200616675
"MEMORY_ALLOCATION","MEMORY_ALLOCATION_ALLOCATE","Agent 2",2,"0x0000794bdb9e3000",10916,143935200669526,143935200670096
"MEMORY_ALLOCATION","MEMORY_ALLOCATION_ALLOCATE","Agent 2",4718592,"0x0000794ad7800000",10922,143935200724387,143935200787037
"MEMORY_ALLOCATION","MEMORY_ALLOCATION_ALLOCATE","Agent 2",2,"0x0000794bdb9e4000",10928,143935202325491,143935202329501
"MEMORY_ALLOCATION","MEMORY_ALLOCATION_ALLOCATE","Agent 2",2,"0x0000794bdb9e5000",10934,143935202395992,143935202396772
"MEMORY_ALLOCATION","MEMORY_ALLOCATION_ALLOCATE","Agent 2",1536,"0x0000794bdb9e6000",10940,143935202449333,143935202450033
"MEMORY_ALLOCATION","MEMORY_ALLOCATION_ALLOCATE","Agent 2",1536,"0x0000794bdb9e7000",10946,143935202503474,143935202504304
"MEMORY_ALLOCATION","MEMORY_ALLOCATION_ALLOCATE","Agent 2",1536,"0x0000794bdb9e8000",10952,143935202557254,143935202557954
"MEMORY_ALLOCATION","MEMORY_ALLOCATION_ALLOCATE","Agent 2",128,"0x0000794bdb9e9000",10958,143935202611245,143935202612095
"MEMORY_ALLOCATION","MEMORY_ALLOCATION_ALLOCATE","Agent 2",2,"0x0000794bdb9ea000",10964,143935202665686,143935202666646
"MEMORY_ALLOCATION","MEMORY_ALLOCATION_ALLOCATE","Agent 2",2,"0x0000794bdb9eb000",10970,143935202718817,143935202719397
"MEMORY_ALLOCATION","MEMORY_ALLOCATION_ALLOCATE","Agent 2",1179648,"0x0000794ad7400000",10976,143935202770728,143935202835829
"MEMORY_ALLOCATION","MEMORY_ALLOCATION_ALLOCATE","Agent 2",2,"0x0000794bdb9ec000",10982,143935203269785,143935203271055
"MEMORY_ALLOCATION","MEMORY_ALLOCATION_ALLOCATE","Agent 2",2,"0x0000794bdb9ed000",10988,143935203326476,143935203327266
"MEMORY_ALLOCATION","MEMORY_ALLOCATION_ALLOCATE","Agent 2",2,"0x0000794bdb9ee000",10994,143935203377477,143935203378387
"MEMORY_ALLOCATION","MEMORY_ALLOCATION_ALLOCATE","Agent 2",2,"0x0000794bdb9ef000",11000,143935203431378,143935203431948
"MEMORY_ALLOCATION","MEMORY_ALLOCATION_ALLOCATE","Agent 2",1179648,"0x0000794ad7000000",11006,143935203484788,143935203529429
"MEMORY_ALLOCATION","MEMORY_ALLOCATION_ALLOCATE","Agent 2",2,"0x0000794bdb9f0000",11012,143935203881024,143935203882174
"MEMORY_ALLOCATION","MEMORY_ALLOCATION_ALLOCATE","Agent 2",2,"0x0000794bdb9f1000",11018,143935203939455,143935203940325
"MEMORY_ALLOCATION","MEMORY_ALLOCATION_ALLOCATE","Agent 2",128,"0x0000794bdb9f2000",11024,143935203993436,143935203994146
"MEMORY_ALLOCATION","MEMORY_ALLOCATION_ALLOCATE","Agent 2",2,"0x0000794bdb9f3000",11030,143935204082007,143935204082807
"MEMORY_ALLOCATION","MEMORY_ALLOCATION_ALLOCATE","Agent 2",2,"0x0000794bdb9f4000",11036,143935204135288,143935204135898
"MEMORY_ALLOCATION","MEMORY_ALLOCATION_ALLOCATE","Agent 2",1179648,"0x0000794ad6c00000",11042,143935204187249,143935204223199
"MEMORY_ALLOCATION","MEMORY_ALLOCATION_ALLOCATE","Agent 2",2,"0x0000794bdb9f5000",11048,143935204579765,143935204580845
"MEMORY_ALLOCATION","MEMORY_ALLOCATION_ALLOCATE","Agent 2",2,"0x0000794bdb9f6000",11054,143935204636066,143935204636896
"MEMORY_ALLOCATION","MEMORY_ALLOCATION_ALLOCATE","Agent 2",2,"0x0000794bdb9f7000",11060,143935204689047,143935204689647
"MEMORY_ALLOCATION","MEMORY_ALLOCATION_ALLOCATE","Agent 2",2,"0x0000794bdb9f8000",11066,143935204740927,143935204741817
"MEMORY_ALLOCATION","MEMORY_ALLOCATION_ALLOCATE","Agent 2",1179648,"0x0000794ad6800000",11072,143935204792668,143935204827229
"MEMORY_ALLOCATION","MEMORY_ALLOCATION_ALLOCATE","Agent 2",2,"0x0000794bdb9f9000",11078,143935205236185,143935205237485
"MEMORY_ALLOCATION","MEMORY_ALLOCATION_ALLOCATE","Agent 2",2,"0x0000794bdb9fa000",11084,143935205291756,143935205292616
"MEMORY_ALLOCATION","MEMORY_ALLOCATION_ALLOCATE","Agent 2",1536,"0x0000794bdb9fb000",11090,143935205344966,143935205345717
"MEMORY_ALLOCATION","MEMORY_ALLOCATION_ALLOCATE","Agent 2",2,"0x0000794bdb9fc000",11096,143935205397027,143935205397707
"MEMORY_ALLOCATION","MEMORY_ALLOCATION_ALLOCATE","Agent 2",2,"0x0000794bdb9fd000",11102,143935205449678,143935205450368
"MEMORY_ALLOCATION","MEMORY_ALLOCATION_ALLOCATE","Agent 2",4718592,"0x0000794ad6000000",11108,143935205500739,143935205538529
"MEMORY_ALLOCATION","MEMORY_ALLOCATION_ALLOCATE","Agent 2",2,"0x0000794bdb9fe000",11114,143935207163064,143935207167474
"MEMORY_ALLOCATION","MEMORY_ALLOCATION_ALLOCATE","Agent 2",2,"0x0000794bdb9ff000",11120,143935207263986,143935207264616
"MEMORY_ALLOCATION","MEMORY_ALLOCATION_ALLOCATE","Agent 2",2,"0x0000794bda580000",11126,143935207320636,143935207322377
"MEMORY_ALLOCATION","MEMORY_ALLOCATION_ALLOCATE","Agent 2",2,"0x0000794bda581000",11132,143935207379297,143935207379977
"MEMORY_ALLOCATION","MEMORY_ALLOCATION_ALLOCATE","Agent 2",4718592,"0x0000794ad5800000",11138,143935207434638,143935207503149
"MEMORY_ALLOCATION","MEMORY_ALLOCATION_ALLOCATE","Agent 2",2,"0x0000794bda582000",11144,143935208983952,143935208987132
"MEMORY_ALLOCATION","MEMORY_ALLOCATION_ALLOCATE","Agent 2",2,"0x0000794bda583000",11150,143935209088203,143935209089023
"MEMORY_ALLOCATION","MEMORY_ALLOCATION_ALLOCATE","Agent 2",2,"0x0000794bda584000",11156,143935209142574,143935209143264
"MEMORY_ALLOCATION","MEMORY_ALLOCATION_ALLOCATE","Agent 2",2,"0x0000794bda585000",11162,143935209220885,143935209221365
"MEMORY_ALLOCATION","MEMORY_ALLOCATION_ALLOCATE","Agent 2",4718592,"0x0000794ad5000000",11168,143935209272646,143935209331527
"MEMORY_ALLOCATION","MEMORY_ALLOCATION_ALLOCATE","Agent 2",2,"0x0000794bda586000",11174,143935210782969,143935210785439
"MEMORY_ALLOCATION","MEMORY_ALLOCATION_ALLOCATE","Agent 2",2,"0x0000794bda587000",11180,143935210848590,143935210849400
"MEMORY_ALLOCATION","MEMORY_ALLOCATION_ALLOCATE","Agent 2",1536,"0x0000794bda588000",11186,143935210901271,143935210901901
"MEMORY_ALLOCATION","MEMORY_ALLOCATION_ALLOCATE","Agent 2",1536,"0x0000794bda589000",11192,143935210954662,143935210955372
"MEMORY_ALLOCATION","MEMORY_ALLOCATION_ALLOCATE","Agent 2",1536,"0x0000794bda58a000",11198,143935211051413,143935211052073
"MEMORY_ALLOCATION","MEMORY_ALLOCATION_ALLOCATE","Agent 2",128,"0x0000794bda58b000",11204,143935211335527,143935211336357
"MEMORY_ALLOCATION","MEMORY_ALLOCATION_ALLOCATE","Agent 2",2,"0x0000794bda58c000",11210,143935211388648,143935211389238
"MEMORY_ALLOCATION","MEMORY_ALLOCATION_ALLOCATE","Agent 2",2,"0x0000794bda58d000",11216,143935211451099,143935211451739
"MEMORY_ALLOCATION","MEMORY_ALLOCATION_ALLOCATE","Agent 2",1179648,"0x0000794ad4c00000",11222,143935211503410,143935211569001
"MEMORY_ALLOCATION","MEMORY_ALLOCATION_ALLOCATE","Agent 2",2,"0x0000794bda58e000",11228,143935211925666,143935211926986
"MEMORY_ALLOCATION","MEMORY_ALLOCATION_ALLOCATE","Agent 2",2,"0x0000794bda58f000",11234,143935211982577,143935211983307
"MEMORY_ALLOCATION","MEMORY_ALLOCATION_ALLOCATE","Agent 2",2,"0x0000794bda590000",11240,143935212078749,143935212079569
"MEMORY_ALLOCATION","MEMORY_ALLOCATION_ALLOCATE","Agent 2",2,"0x0000794bda591000",11246,143935212131399,143935212132049
"MEMORY_ALLOCATION","MEMORY_ALLOCATION_ALLOCATE","Agent 2",1179648,"0x0000794ad4800000",11252,143935212182450,143935212222841
"MEMORY_ALLOCATION","MEMORY_ALLOCATION_ALLOCATE","Agent 2",2,"0x0000794bda592000",11258,143935212565406,143935212566506
"MEMORY_ALLOCATION","MEMORY_ALLOCATION_ALLOCATE","Agent 2",2,"0x0000794bda593000",11264,143935212620187,143935212620997
"MEMORY_ALLOCATION","MEMORY_ALLOCATION_ALLOCATE","Agent 2",128,"0x0000794bda594000",11270,143935212672158,143935212672788
"MEMORY_ALLOCATION","MEMORY_ALLOCATION_ALLOCATE","Agent 2",2,"0x0000794bda595000",11276,143935212722688,143935212723328
"MEMORY_ALLOCATION","MEMORY_ALLOCATION_ALLOCATE","Agent 2",2,"0x0000794bda596000",11282,143935212773139,143935212773709
"MEMORY_ALLOCATION","MEMORY_ALLOCATION_ALLOCATE","Agent 2",1179648,"0x0000794ad4400000",11288,143935212822770,143935212857070
"MEMORY_ALLOCATION","MEMORY_ALLOCATION_ALLOCATE","Agent 2",2,"0x0000794bda597000",11294,143935213232176,143935213233316
"MEMORY_ALLOCATION","MEMORY_ALLOCATION_ALLOCATE","Agent 2",2,"0x0000794bda598000",11300,143935213287787,143935213288637
"MEMORY_ALLOCATION","MEMORY_ALLOCATION_ALLOCATE","Agent 2",2,"0x0000794bda599000",11306,143935213338978,143935213339608
"MEMORY_ALLOCATION","MEMORY_ALLOCATION_ALLOCATE","Agent 2",2,"0x0000794bda59a000",11312,143935213389629,143935213390159
"MEMORY_ALLOCATION","MEMORY_ALLOCATION_ALLOCATE","Agent 2",1179648,"0x0000794ad4000000",11318,143935213441639,143935213475820
"MEMORY_ALLOCATION","MEMORY_ALLOCATION_ALLOCATE","Agent 2",2,"0x0000794bda59b000",11324,143935213826565,143935213827755
"MEMORY_ALLOCATION","MEMORY_ALLOCATION_ALLOCATE","Agent 2",2,"0x0000794bda59c000",11330,143935213882186,143935213882986
"MEMORY_ALLOCATION","MEMORY_ALLOCATION_ALLOCATE","Agent 2",1536,"0x0000794bda59d000",11336,143935213933537,143935213934147
"MEMORY_ALLOCATION","MEMORY_ALLOCATION_ALLOCATE","Agent 2",2,"0x0000794bda59e000",11342,143935213987548,143935213988308
"MEMORY_ALLOCATION","MEMORY_ALLOCATION_ALLOCATE","Agent 2",2,"0x0000794bda59f000",11348,143935214078449,143935214079229
"MEMORY_ALLOCATION","MEMORY_ALLOCATION_ALLOCATE","Agent 2",4718592,"0x0000794ad3800000",11354,143935214130850,143935214167710
"MEMORY_ALLOCATION","MEMORY_ALLOCATION_ALLOCATE","Agent 2",2,"0x0000794bda5a0000",11360,143935215673203,143935215675473
"MEMORY_ALLOCATION","MEMORY_ALLOCATION_ALLOCATE","Agent 2",2,"0x0000794bda5a1000",11366,143935215736354,143935215737134
"MEMORY_ALLOCATION","MEMORY_ALLOCATION_ALLOCATE","Agent 2",2,"0x0000794bda5a2000",11372,143935215790675,143935215791365
"MEMORY_ALLOCATION","MEMORY_ALLOCATION_ALLOCATE","Agent 2",2,"0x0000794bda5a3000",11378,143935215844766,143935215845436
"MEMORY_ALLOCATION","MEMORY_ALLOCATION_ALLOCATE","Agent 2",4718592,"0x0000794ad3000000",11384,143935215900567,143935215957848
"MEMORY_ALLOCATION","MEMORY_ALLOCATION_ALLOCATE","Agent 2",2,"0x0000794bda5a4000",11390,143935217351409,143935217354409
"MEMORY_ALLOCATION","MEMORY_ALLOCATION_ALLOCATE","Agent 2",2,"0x0000794bda5a5000",11396,143935217414930,143935217415850
"MEMORY_ALLOCATION","MEMORY_ALLOCATION_ALLOCATE","Agent 2",2,"0x0000794bda5a6000",11402,143935217469440,143935217470070
"MEMORY_ALLOCATION","MEMORY_ALLOCATION_ALLOCATE","Agent 2",2,"0x0000794bda5a7000",11408,143935217523681,143935217524211
"MEMORY_ALLOCATION","MEMORY_ALLOCATION_ALLOCATE","Agent 2",4718592,"0x0000794ad2800000",11414,143935217576742,143935217625373
"MEMORY_ALLOCATION","MEMORY_ALLOCATION_ALLOCATE","Agent 2",2,"0x0000794bda5a8000",11420,143935218991794,143935218994544
"MEMORY_ALLOCATION","MEMORY_ALLOCATION_ALLOCATE","Agent 2",2,"0x0000794bda5a9000",11426,143935219093685,143935219094585
"MEMORY_ALLOCATION","MEMORY_ALLOCATION_ALLOCATE","Agent 2",1536,"0x0000794bda5aa000",11432,143935219148936,143935219149596
"MEMORY_ALLOCATION","MEMORY_ALLOCATION_ALLOCATE","Agent 2",1536,"0x0000794bda5ab000",11438,143935219250318,143935219251088
"MEMORY_ALLOCATION","MEMORY_ALLOCATION_ALLOCATE","Agent 2",1536,"0x0000794bda5ac000",11444,143935219305048,143935219305938
"MEMORY_ALLOCATION","MEMORY_ALLOCATION_ALLOCATE","Agent 2",128,"0x0000794bda5ad000",11450,143935219358149,143935219358789
"MEMORY_ALLOCATION","MEMORY_ALLOCATION_ALLOCATE","Agent 2",2,"0x0000794bda5ae000",11456,143935219411510,143935219412340
"MEMORY_ALLOCATION","MEMORY_ALLOCATION_ALLOCATE","Agent 2",2,"0x0000794bda5af000",11462,143935219465871,143935219466481
"MEMORY_ALLOCATION","MEMORY_ALLOCATION_ALLOCATE","Agent 2",1179648,"0x0000794ad2400000",11468,143935219519612,143935219580163
"MEMORY_ALLOCATION","MEMORY_ALLOCATION_ALLOCATE","Agent 2",2,"0x0000794bda5b0000",11474,143935219914438,143935219915618
"MEMORY_ALLOCATION","MEMORY_ALLOCATION_ALLOCATE","Agent 2",2,"0x0000794bda5b1000",11480,143935219970798,143935219971478
"MEMORY_ALLOCATION","MEMORY_ALLOCATION_ALLOCATE","Agent 2",2,"0x0000794bda5b2000",11486,143935220049050,143935220049800
"MEMORY_ALLOCATION","MEMORY_ALLOCATION_ALLOCATE","Agent 2",2,"0x0000794bda5b3000",11492,143935220103060,143935220103710
"MEMORY_ALLOCATION","MEMORY_ALLOCATION_ALLOCATE","Agent 2",1179648,"0x0000794ad2000000",11498,143935220157141,143935220202092
"MEMORY_ALLOCATION","MEMORY_ALLOCATION_ALLOCATE","Agent 2",2,"0x0000794bda5b4000",11504,143935220561307,143935220562557
"MEMORY_ALLOCATION","MEMORY_ALLOCATION_ALLOCATE","Agent 2",2,"0x0000794bda5b5000",11510,143935220618318,143935220619198
"MEMORY_ALLOCATION","MEMORY_ALLOCATION_ALLOCATE","Agent 2",128,"0x0000794bda5b6000",11516,143935220671989,143935220672629
"MEMORY_ALLOCATION","MEMORY_ALLOCATION_ALLOCATE","Agent 2",2,"0x0000794bda5b7000",11522,143935220724900,143935220725520
"MEMORY_ALLOCATION","MEMORY_ALLOCATION_ALLOCATE","Agent 2",2,"0x0000794bda5b8000",11528,143935220775941,143935220776561
"MEMORY_ALLOCATION","MEMORY_ALLOCATION_ALLOCATE","Agent 2",1179648,"0x0000794ad1c00000",11534,143935220827171,143935220862322
"MEMORY_ALLOCATION","MEMORY_ALLOCATION_ALLOCATE","Agent 2",2,"0x0000794bda5b9000",11540,143935221236238,143935221237498
"MEMORY_ALLOCATION","MEMORY_ALLOCATION_ALLOCATE","Agent 2",2,"0x0000794bda5ba000",11546,143935221291498,143935221292278
"MEMORY_ALLOCATION","MEMORY_ALLOCATION_ALLOCATE","Agent 2",2,"0x0000794bda5bb000",11552,143935221549422,143935221550332
"MEMORY_ALLOCATION","MEMORY_ALLOCATION_ALLOCATE","Agent 2",2,"0x0000794bda5bc000",11558,143935221604863,143935221605623
"MEMORY_ALLOCATION","MEMORY_ALLOCATION_ALLOCATE","Agent 2",1179648,"0x0000794ad1800000",11564,143935221658534,143935221695014
"MEMORY_ALLOCATION","MEMORY_ALLOCATION_ALLOCATE","Agent 2",2,"0x0000794bda5bd000",11570,143935222060370,143935222061660
"MEMORY_ALLOCATION","MEMORY_ALLOCATION_ALLOCATE","Agent 2",2,"0x0000794bda5be000",11576,143935222116951,143935222117731
"MEMORY_ALLOCATION","MEMORY_ALLOCATION_ALLOCATE","Agent 2",1536,"0x0000794bda5bf000",11582,143935222169652,143935222170362
"MEMORY_ALLOCATION","MEMORY_ALLOCATION_ALLOCATE","Agent 2",2,"0x0000794bda5c0000",11588,143935222222432,143935222223182
"MEMORY_ALLOCATION","MEMORY_ALLOCATION_ALLOCATE","Agent 2",2,"0x0000794bda5c1000",11594,143935222274943,143935222275583
"MEMORY_ALLOCATION","MEMORY_ALLOCATION_ALLOCATE","Agent 2",4718592,"0x0000794ad1000000",11600,143935222326254,143935222363545
"MEMORY_ALLOCATION","MEMORY_ALLOCATION_ALLOCATE","Agent 2",2,"0x0000794bda5c2000",11606,143935223787156,143935223789876
"MEMORY_ALLOCATION","MEMORY_ALLOCATION_ALLOCATE","Agent 2",2,"0x0000794bda5c3000",11612,143935223850697,143935223851457
"MEMORY_ALLOCATION","MEMORY_ALLOCATION_ALLOCATE","Agent 2",2,"0x0000794bda5c4000",11618,143935223905178,143935223905828
"MEMORY_ALLOCATION","MEMORY_ALLOCATION_ALLOCATE","Agent 2",2,"0x0000794bda5c5000",11624,143935223957649,143935223958259
"MEMORY_ALLOCATION","MEMORY_ALLOCATION_ALLOCATE","Agent 2",4718592,"0x0000794ad0800000",11630,143935224038490,143935224093871
"MEMORY_ALLOCATION","MEMORY_ALLOCATION_ALLOCATE","Agent 2",2,"0x0000794bda5c6000",11636,143935225388460,143935225391721
"MEMORY_ALLOCATION","MEMORY_ALLOCATION_ALLOCATE","Agent 2",2,"0x0000794bda5c7000",11642,143935225451011,143935225451841
"MEMORY_ALLOCATION","MEMORY_ALLOCATION_ALLOCATE","Agent 2",2,"0x0000794bda5c8000",11648,143935225504362,143935225505002
"MEMORY_ALLOCATION","MEMORY_ALLOCATION_ALLOCATE","Agent 2",2,"0x0000794bda5c9000",11654,143935225557863,143935225558513
"MEMORY_ALLOCATION","MEMORY_ALLOCATION_ALLOCATE","Agent 2",4718592,"0x0000794ad0000000",11660,143935225611074,143935225659205
"MEMORY_ALLOCATION","MEMORY_ALLOCATION_ALLOCATE","Agent 2",2,"0x0000794bda5ca000",11666,143935226991755,143935226994285
"MEMORY_ALLOCATION","MEMORY_ALLOCATION_ALLOCATE","Agent 2",2,"0x0000794bda5cb000",11672,143935227096586,143935227097446
"MEMORY_ALLOCATION","MEMORY_ALLOCATION_ALLOCATE","Agent 2",1536,"0x0000794bda5cc000",11678,143935227152047,143935227152877
"MEMORY_ALLOCATION","MEMORY_ALLOCATION_ALLOCATE","Agent 2",1536,"0x0000794bda5cd000",11684,143935227236729,143935227237499
"MEMORY_ALLOCATION","MEMORY_ALLOCATION_ALLOCATE","Agent 2",1536,"0x0000794bda5ce000",11690,143935227291769,143935227292529
"MEMORY_ALLOCATION","MEMORY_ALLOCATION_ALLOCATE","Agent 2",128,"0x0000794bda5cf000",11696,143935227345570,143935227346130
"MEMORY_ALLOCATION","MEMORY_ALLOCATION_ALLOCATE","Agent 2",2,"0x0000794bda5d0000",11702,143935227399141,143935227399781
"MEMORY_ALLOCATION","MEMORY_ALLOCATION_ALLOCATE","Agent 2",2,"0x0000794bda5d1000",11708,143935227451222,143935227451842
"MEMORY_ALLOCATION","MEMORY_ALLOCATION_ALLOCATE","Agent 2",1179648,"0x0000794acfc00000",11714,143935227503773,143935227555653
"MEMORY_ALLOCATION","MEMORY_ALLOCATION_ALLOCATE","Agent 2",2,"0x0000794bda5d2000",11720,143935227910139,143935227911279
"MEMORY_ALLOCATION","MEMORY_ALLOCATION_ALLOCATE","Agent 2",2,"0x0000794bda5d3000",11726,143935227966280,143935227967060
"MEMORY_ALLOCATION","MEMORY_ALLOCATION_ALLOCATE","Agent 2",2,"0x0000794bda5d4000",11732,143935228039721,143935228040461
"MEMORY_ALLOCATION","MEMORY_ALLOCATION_ALLOCATE","Agent 2",2,"0x0000794bda5d5000",11738,143935228092672,143935228093282
"MEMORY_ALLOCATION","MEMORY_ALLOCATION_ALLOCATE","Agent 2",1179648,"0x0000794acf800000",11744,143935228144872,143935228188723
"MEMORY_ALLOCATION","MEMORY_ALLOCATION_ALLOCATE","Agent 2",2,"0x0000794bda5d6000",11750,143935228523648,143935228524878
"MEMORY_ALLOCATION","MEMORY_ALLOCATION_ALLOCATE","Agent 2",2,"0x0000794bda5d7000",11756,143935228580299,143935228581039
"MEMORY_ALLOCATION","MEMORY_ALLOCATION_ALLOCATE","Agent 2",128,"0x0000794bda5d8000",11762,143935228633180,143935228633960
"MEMORY_ALLOCATION","MEMORY_ALLOCATION_ALLOCATE","Agent 2",2,"0x0000794bda5d9000",11768,143935228684351,143935228685001
"MEMORY_ALLOCATION","MEMORY_ALLOCATION_ALLOCATE","Agent 2",2,"0x0000794bda5da000",11774,143935228736011,143935228736701
"MEMORY_ALLOCATION","MEMORY_ALLOCATION_ALLOCATE","Agent 2",1179648,"0x0000794acf400000",11780,143935228786892,143935228821553
"MEMORY_ALLOCATION","MEMORY_ALLOCATION_ALLOCATE","Agent 2",2,"0x0000794bda5db000",11786,143935229198788,143935229200018
"MEMORY_ALLOCATION","MEMORY_ALLOCATION_ALLOCATE","Agent 2",2,"0x0000794bda5dc000",11792,143935229255289,143935229256059
"MEMORY_ALLOCATION","MEMORY_ALLOCATION_ALLOCATE","Agent 2",2,"0x0000794bda5dd000",11798,143935229307280,143935229307990
"MEMORY_ALLOCATION","MEMORY_ALLOCATION_ALLOCATE","Agent 2",2,"0x0000794bda5de000",11804,143935229359501,143935229360191
"MEMORY_ALLOCATION","MEMORY_ALLOCATION_ALLOCATE","Agent 2",1179648,"0x0000794acf000000",11810,143935229412102,143935229448672
"MEMORY_ALLOCATION","MEMORY_ALLOCATION_ALLOCATE","Agent 2",2,"0x0000794bda5df000",11816,143935229769357,143935229770647
"MEMORY_ALLOCATION","MEMORY_ALLOCATION_ALLOCATE","Agent 2",2,"0x0000794bda5e0000",11822,143935229825058,143935229825838
"MEMORY_ALLOCATION","MEMORY_ALLOCATION_ALLOCATE","Agent 2",1536,"0x0000794bda5e1000",11828,143935229876879,143935229877509
"MEMORY_ALLOCATION","MEMORY_ALLOCATION_ALLOCATE","Agent 2",2,"0x0000794bda5e2000",11834,143935229929609,143935229930239
"MEMORY_ALLOCATION","MEMORY_ALLOCATION_ALLOCATE","Agent 2",2,"0x0000794bda5e3000",11840,143935229981520,143935229982170
"MEMORY_ALLOCATION","MEMORY_ALLOCATION_ALLOCATE","Agent 2",4718592,"0x0000794ace800000",11846,143935230067782,143935230104352
"MEMORY_ALLOCATION","MEMORY_ALLOCATION_ALLOCATE","Agent 2",2,"0x0000794bda5e4000",11852,143935231506143,143935231509703
"MEMORY_ALLOCATION","MEMORY_ALLOCATION_ALLOCATE","Agent 2",2,"0x0000794bda5e5000",11858,143935231569954,143935231570754
"MEMORY_ALLOCATION","MEMORY_ALLOCATION_ALLOCATE","Agent 2",2,"0x0000794bda5e6000",11864,143935231622925,143935231623545
"MEMORY_ALLOCATION","MEMORY_ALLOCATION_ALLOCATE","Agent 2",2,"0x0000794bda5e7000",11870,143935231675996,143935231676696
"MEMORY_ALLOCATION","MEMORY_ALLOCATION_ALLOCATE","Agent 2",4718592,"0x0000794ace000000",11876,143935231729067,143935231783648
"MEMORY_ALLOCATION","MEMORY_ALLOCATION_ALLOCATE","Agent 2",2,"0x0000794bda5e8000",11882,143935233137748,143935233139908
"MEMORY_ALLOCATION","MEMORY_ALLOCATION_ALLOCATE","Agent 2",2,"0x0000794bda5e9000",11888,143935233229819,143935233230680
"MEMORY_ALLOCATION","MEMORY_ALLOCATION_ALLOCATE","Agent 2",2,"0x0000794bda5ea000",11894,143935233283220,143935233283980
"MEMORY_ALLOCATION","MEMORY_ALLOCATION_ALLOCATE","Agent 2",2,"0x0000794bda5eb000",11900,143935233337141,143935233337791
"MEMORY_ALLOCATION","MEMORY_ALLOCATION_ALLOCATE","Agent 2",4718592,"0x0000794acd800000",11906,143935233597815,143935233646436
"MEMORY_ALLOCATION","MEMORY_ALLOCATION_ALLOCATE","Agent 2",2,"0x0000794bda5ec000",11912,143935235039207,143935235042827
"MEMORY_ALLOCATION","MEMORY_ALLOCATION_ALLOCATE","Agent 2",2,"0x0000794bda5ed000",11918,143935235104168,143935235105108
"MEMORY_ALLOCATION","MEMORY_ALLOCATION_ALLOCATE","Agent 2",1536,"0x0000794bda5ee000",11924,143935235158529,143935235159299
"MEMORY_ALLOCATION","MEMORY_ALLOCATION_ALLOCATE","Agent 2",1536,"0x0000794bda5ef000",11930,143935235244330,143935235244940
"MEMORY_ALLOCATION","MEMORY_ALLOCATION_ALLOCATE","Agent 2",1536,"0x0000794bda5f0000",11936,143935235297731,143935235298421
"MEMORY_ALLOCATION","MEMORY_ALLOCATION_ALLOCATE","Agent 2",128,"0x0000794bda5f1000",11942,143935235351282,143935235351912
"MEMORY_ALLOCATION","MEMORY_ALLOCATION_ALLOCATE","Agent 2",2,"0x0000794bda5f2000",11948,143935235403802,143935235404412
"MEMORY_ALLOCATION","MEMORY_ALLOCATION_ALLOCATE","Agent 2",2,"0x0000794bda5f3000",11954,143935235457423,143935235458073
"MEMORY_ALLOCATION","MEMORY_ALLOCATION_ALLOCATE","Agent 2",1179648,"0x0000794acd400000",11960,143935235510144,143935235568985
"MEMORY_ALLOCATION","MEMORY_ALLOCATION_ALLOCATE","Agent 2",2,"0x0000794bda5f4000",11966,143935235901210,143935235902450
"MEMORY_ALLOCATION","MEMORY_ALLOCATION_ALLOCATE","Agent 2",2,"0x0000794bda5f5000",11972,143935235956171,143935235957031
"MEMORY_ALLOCATION","MEMORY_ALLOCATION_ALLOCATE","Agent 2",2,"0x0000794bda5f6000",11978,143935236039972,143935236040782
"MEMORY_ALLOCATION","MEMORY_ALLOCATION_ALLOCATE","Agent 2",2,"0x0000794bda5f7000",11984,143935236093573,143935236094273
"MEMORY_ALLOCATION","MEMORY_ALLOCATION_ALLOCATE","Agent 2",1179648,"0x0000794acd000000",11990,143935236144974,143935236187834
"MEMORY_ALLOCATION","MEMORY_ALLOCATION_ALLOCATE","Agent 2",2,"0x0000794bda5f8000",11996,143935236560150,143935236561410
"MEMORY_ALLOCATION","MEMORY_ALLOCATION_ALLOCATE","Agent 2",2,"0x0000794bda5f9000",12002,143935236614971,143935236615641
"MEMORY_ALLOCATION","MEMORY_ALLOCATION_ALLOCATE","Agent 2",128,"0x0000794bda5fa000",12008,143935236664982,143935236665722
"MEMORY_ALLOCATION","MEMORY_ALLOCATION_ALLOCATE","Agent 2",2,"0x0000794bda5fb000",12014,143935236715602,143935236716292
"MEMORY_ALLOCATION","MEMORY_ALLOCATION_ALLOCATE","Agent 2",2,"0x0000794bda5fc000",12020,143935236765663,143935236766473
"MEMORY_ALLOCATION","MEMORY_ALLOCATION_ALLOCATE","Agent 2",1179648,"0x0000794accc00000",12026,143935236815934,143935236851544
"MEMORY_ALLOCATION","MEMORY_ALLOCATION_ALLOCATE","Agent 2",2,"0x0000794bda5fd000",12032,143935237221680,143935237223100
"MEMORY_ALLOCATION","MEMORY_ALLOCATION_ALLOCATE","Agent 2",2,"0x0000794bda5fe000",12038,143935237279481,143935237280391
"MEMORY_ALLOCATION","MEMORY_ALLOCATION_ALLOCATE","Agent 2",2,"0x0000794bda5ff000",12044,143935237331052,143935237331572
"MEMORY_ALLOCATION","MEMORY_ALLOCATION_ALLOCATE","Agent 2",2,"0x0000794bd6580000",12050,143935237382393,143935237383873
"MEMORY_ALLOCATION","MEMORY_ALLOCATION_ALLOCATE","Agent 2",1179648,"0x0000794acc800000",12056,143935237437573,143935237472354
"MEMORY_ALLOCATION","MEMORY_ALLOCATION_ALLOCATE","Agent 2",2,"0x0000794bd6581000",12062,143935237805289,143935237806639
"MEMORY_ALLOCATION","MEMORY_ALLOCATION_ALLOCATE","Agent 2",2,"0x0000794bd6582000",12068,143935237860790,143935237861480
"MEMORY_ALLOCATION","MEMORY_ALLOCATION_ALLOCATE","Agent 2",1536,"0x0000794bd6583000",12074,143935237915131,143935237915731
"MEMORY_ALLOCATION","MEMORY_ALLOCATION_ALLOCATE","Agent 2",2,"0x0000794bd6584000",12080,143935237968831,143935237969501
"MEMORY_ALLOCATION","MEMORY_ALLOCATION_ALLOCATE","Agent 2",2,"0x0000794bd6585000",12086,143935238056703,143935238057493
"MEMORY_ALLOCATION","MEMORY_ALLOCATION_ALLOCATE","Agent 2",4718592,"0x0000794acc000000",12092,143935238109984,143935238147904
"MEMORY_ALLOCATION","MEMORY_ALLOCATION_ALLOCATE","Agent 2",2,"0x0000794bd6586000",12098,143935239677547,143935239680237
"MEMORY_ALLOCATION","MEMORY_ALLOCATION_ALLOCATE","Agent 2",2,"0x0000794bd6587000",12104,143935239740228,143935239740878
"MEMORY_ALLOCATION","MEMORY_ALLOCATION_ALLOCATE","Agent 2",2,"0x0000794bd6588000",12110,143935239793569,143935239794509
"MEMORY_ALLOCATION","MEMORY_ALLOCATION_ALLOCATE","Agent 2",2,"0x0000794bd6589000",12116,143935239847470,143935239848050
"MEMORY_ALLOCATION","MEMORY_ALLOCATION_ALLOCATE","Agent 2",4718592,"0x0000794acb800000",12122,143935239899801,143935239954212
"MEMORY_ALLOCATION","MEMORY_ALLOCATION_ALLOCATE","Agent 2",2,"0x0000794bd658a000",12128,143935241310292,143935241312492
"MEMORY_ALLOCATION","MEMORY_ALLOCATION_ALLOCATE","Agent 2",2,"0x0000794bd658b000",12134,143935241373403,143935241374263
"MEMORY_ALLOCATION","MEMORY_ALLOCATION_ALLOCATE","Agent 2",2,"0x0000794bd658c000",12140,143935241427864,143935241428654
"MEMORY_ALLOCATION","MEMORY_ALLOCATION_ALLOCATE","Agent 2",2,"0x0000794bd658d000",12146,143935241481715,143935241482425
"MEMORY_ALLOCATION","MEMORY_ALLOCATION_ALLOCATE","Agent 2",4718592,"0x0000794acb000000",12152,143935241534615,143935241587656
"MEMORY_ALLOCATION","MEMORY_ALLOCATION_ALLOCATE","Agent 2",2,"0x0000794bd658e000",12158,143935243047838,143935243050848
"MEMORY_ALLOCATION","MEMORY_ALLOCATION_ALLOCATE","Agent 2",2,"0x0000794bd658f000",12164,143935243115429,143935243116199
"MEMORY_ALLOCATION","MEMORY_ALLOCATION_ALLOCATE","Agent 2",1536,"0x0000794bd6590000",12170,143935243169930,143935243170640
"MEMORY_ALLOCATION","MEMORY_ALLOCATION_ALLOCATE","Agent 2",1536,"0x0000794bd6591000",12176,143935243224001,143935243224651
"MEMORY_ALLOCATION","MEMORY_ALLOCATION_ALLOCATE","Agent 2",1536,"0x0000794bd6592000",12182,143935243278452,143935243279132
"MEMORY_ALLOCATION","MEMORY_ALLOCATION_ALLOCATE","Agent 2",128,"0x0000794bd6593000",12188,143935243334123,143935243334953
"MEMORY_ALLOCATION","MEMORY_ALLOCATION_ALLOCATE","Agent 2",2,"0x0000794bd6594000",12194,143935243387413,143935243388123
"MEMORY_ALLOCATION","MEMORY_ALLOCATION_ALLOCATE","Agent 2",2,"0x0000794bd6595000",12200,143935243440884,143935243441484
"MEMORY_ALLOCATION","MEMORY_ALLOCATION_ALLOCATE","Agent 2",1179648,"0x0000794acac00000",12206,143935243493445,143935243558106
"MEMORY_ALLOCATION","MEMORY_ALLOCATION_ALLOCATE","Agent 2",2,"0x0000794bd6596000",12212,143935243909961,143935243911141
"MEMORY_ALLOCATION","MEMORY_ALLOCATION_ALLOCATE","Agent 2",2,"0x0000794bd6597000",12218,143935243964662,143935243965362
"MEMORY_ALLOCATION","MEMORY_ALLOCATION_ALLOCATE","Agent 2",2,"0x0000794bd6598000",12224,143935244042023,143935244042853
"MEMORY_ALLOCATION","MEMORY_ALLOCATION_ALLOCATE","Agent 2",2,"0x0000794bd6599000",12230,143935244094194,143935244094864
"MEMORY_ALLOCATION","MEMORY_ALLOCATION_ALLOCATE","Agent 2",1179648,"0x0000794aca800000",12236,143935244144765,143935244188586
"MEMORY_ALLOCATION","MEMORY_ALLOCATION_ALLOCATE","Agent 2",2,"0x0000794bd659a000",12242,143935244526721,143935244527841
"MEMORY_ALLOCATION","MEMORY_ALLOCATION_ALLOCATE","Agent 2",2,"0x0000794bd659b000",12248,143935244582032,143935244582732
"MEMORY_ALLOCATION","MEMORY_ALLOCATION_ALLOCATE","Agent 2",128,"0x0000794bd659c000",12254,143935244834545,143935244835675
"MEMORY_ALLOCATION","MEMORY_ALLOCATION_ALLOCATE","Agent 2",2,"0x0000794bd659d000",12260,143935244886916,143935244887596
"MEMORY_ALLOCATION","MEMORY_ALLOCATION_ALLOCATE","Agent 2",2,"0x0000794bd659e000",12266,143935244950417,143935244951147
"MEMORY_ALLOCATION","MEMORY_ALLOCATION_ALLOCATE","Agent 2",1179648,"0x0000794aca400000",12272,143935245038059,143935245078269
"MEMORY_ALLOCATION","MEMORY_ALLOCATION_ALLOCATE","Agent 2",2,"0x0000794bd659f000",12278,143935245448575,143935245449715
"MEMORY_ALLOCATION","MEMORY_ALLOCATION_ALLOCATE","Agent 2",2,"0x0000794bd65a0000",12284,143935245502536,143935245503256
"MEMORY_ALLOCATION","MEMORY_ALLOCATION_ALLOCATE","Agent 2",2,"0x0000794bd65a1000",12290,143935245553346,143935245553886
"MEMORY_ALLOCATION","MEMORY_ALLOCATION_ALLOCATE","Agent 2",2,"0x0000794bd65a2000",12296,143935245602667,143935245603257
"MEMORY_ALLOCATION","MEMORY_ALLOCATION_ALLOCATE","Agent 2",1179648,"0x0000794aca000000",12302,143935245653428,143935245689358
"MEMORY_ALLOCATION","MEMORY_ALLOCATION_ALLOCATE","Agent 2",2,"0x0000794bd65a3000",12308,143935246050104,143935246051364
"MEMORY_ALLOCATION","MEMORY_ALLOCATION_ALLOCATE","Agent 2",2,"0x0000794bd65a4000",12314,143935246106465,143935246107215
"MEMORY_ALLOCATION","MEMORY_ALLOCATION_ALLOCATE","Agent 2",1536,"0x0000794bd65a5000",12320,143935246156805,143935246157476
"MEMORY_ALLOCATION","MEMORY_ALLOCATION_ALLOCATE","Agent 2",2,"0x0000794bd65a6000",12326,143935246206816,143935246207476
"MEMORY_ALLOCATION","MEMORY_ALLOCATION_ALLOCATE","Agent 2",2,"0x0000794bd65a7000",12332,143935246256767,143935246257397
"MEMORY_ALLOCATION","MEMORY_ALLOCATION_ALLOCATE","Agent 2",4718592,"0x0000794ac9800000",12338,143935246305668,143935246343388
"MEMORY_ALLOCATION","MEMORY_ALLOCATION_ALLOCATE","Agent 2",2,"0x0000794bd65a8000",12344,143935247828201,143935247831141
"MEMORY_ALLOCATION","MEMORY_ALLOCATION_ALLOCATE","Agent 2",2,"0x0000794bd65a9000",12350,143935247892102,143935247893002
"MEMORY_ALLOCATION","MEMORY_ALLOCATION_ALLOCATE","Agent 2",2,"0x0000794bd65aa000",12356,143935247945273,143935247945983
"MEMORY_ALLOCATION","MEMORY_ALLOCATION_ALLOCATE","Agent 2",2,"0x0000794bd65ab000",12362,143935247998413,143935247999033
"MEMORY_ALLOCATION","MEMORY_ALLOCATION_ALLOCATE","Agent 2",4718592,"0x0000794ac9000000",12368,143935248089235,143935248148056
"MEMORY_ALLOCATION","MEMORY_ALLOCATION_ALLOCATE","Agent 2",2,"0x0000794bd65ac000",12374,143935249521987,143935249524907
"MEMORY_ALLOCATION","MEMORY_ALLOCATION_ALLOCATE","Agent 2",2,"0x0000794bd65ad000",12380,143935249586218,143935249587068
"MEMORY_ALLOCATION","MEMORY_ALLOCATION_ALLOCATE","Agent 2",2,"0x0000794bd65ae000",12386,143935249639958,143935249640778
"MEMORY_ALLOCATION","MEMORY_ALLOCATION_ALLOCATE","Agent 2",2,"0x0000794bd65af000",12392,143935249694049,143935249694769
"MEMORY_ALLOCATION","MEMORY_ALLOCATION_ALLOCATE","Agent 2",4718592,"0x0000794ac8800000",12398,143935249746540,143935249798361
"MEMORY_ALLOCATION","MEMORY_ALLOCATION_ALLOCATE","Agent 2",2,"0x0000794bd65b0000",12404,143935251143601,143935251145771
"MEMORY_ALLOCATION","MEMORY_ALLOCATION_ALLOCATE","Agent 2",2,"0x0000794bd65b1000",12410,143935251240013,143935251240813
"MEMORY_ALLOCATION","MEMORY_ALLOCATION_ALLOCATE","Agent 2",1536,"0x0000794bd65b2000",12416,143935251292743,143935251293523
"MEMORY_ALLOCATION","MEMORY_ALLOCATION_ALLOCATE","Agent 2",1536,"0x0000794bd65b3000",12422,143935251347864,143935251348474
"MEMORY_ALLOCATION","MEMORY_ALLOCATION_ALLOCATE","Agent 2",1536,"0x0000794bd65b4000",12428,143935251401425,143935251402375
"MEMORY_ALLOCATION","MEMORY_ALLOCATION_ALLOCATE","Agent 2",128,"0x0000794bd65b5000",12434,143935251456416,143935251457196
"MEMORY_ALLOCATION","MEMORY_ALLOCATION_ALLOCATE","Agent 2",2,"0x0000794bd65b6000",12440,143935251509477,143935251510197
"MEMORY_ALLOCATION","MEMORY_ALLOCATION_ALLOCATE","Agent 2",2,"0x0000794bd65b7000",12446,143935251563958,143935251564568
"MEMORY_ALLOCATION","MEMORY_ALLOCATION_ALLOCATE","Agent 2",1179648,"0x0000794ac8400000",12452,143935251616438,143935251673649
"MEMORY_ALLOCATION","MEMORY_ALLOCATION_ALLOCATE","Agent 2",2,"0x0000794bd65b8000",12458,143935252044315,143935252045645
"MEMORY_ALLOCATION","MEMORY_ALLOCATION_ALLOCATE","Agent 2",2,"0x0000794bd65b9000",12464,143935252102106,143935252102846
"MEMORY_ALLOCATION","MEMORY_ALLOCATION_ALLOCATE","Agent 2",2,"0x0000794bd65ba000",12470,143935252153426,143935252154147
"MEMORY_ALLOCATION","MEMORY_ALLOCATION_ALLOCATE","Agent 2",2,"0x0000794bd65bb000",12476,143935252237028,143935252237738
"MEMORY_ALLOCATION","MEMORY_ALLOCATION_ALLOCATE","Agent 2",1179648,"0x0000794ac8000000",12482,143935252287329,143935252330189
"MEMORY_ALLOCATION","MEMORY_ALLOCATION_ALLOCATE","Agent 2",2,"0x0000794bd65bc000",12488,143935252653054,143935252654434
"MEMORY_ALLOCATION","MEMORY_ALLOCATION_ALLOCATE","Agent 2",2,"0x0000794bd65bd000",12494,143935252710955,143935252711685
"MEMORY_ALLOCATION","MEMORY_ALLOCATION_ALLOCATE","Agent 2",128,"0x0000794bd65be000",12500,143935252764776,143935252765516
"MEMORY_ALLOCATION","MEMORY_ALLOCATION_ALLOCATE","Agent 2",2,"0x0000794bd65bf000",12506,143935252817797,143935252818447
"MEMORY_ALLOCATION","MEMORY_ALLOCATION_ALLOCATE","Agent 2",2,"0x0000794bd65c0000",12512,143935252870297,143935252871127
"MEMORY_ALLOCATION","MEMORY_ALLOCATION_ALLOCATE","Agent 2",1179648,"0x0000794ac7c00000",12518,143935252923658,143935252959929
"MEMORY_ALLOCATION","MEMORY_ALLOCATION_ALLOCATE","Agent 2",2,"0x0000794bd65c1000",12524,143935253353385,143935253354795
"MEMORY_ALLOCATION","MEMORY_ALLOCATION_ALLOCATE","Agent 2",2,"0x0000794bd65c2000",12530,143935253408476,143935253409256
"MEMORY_ALLOCATION","MEMORY_ALLOCATION_ALLOCATE","Agent 2",2,"0x0000794bd65c3000",12536,143935253460186,143935253461076
"MEMORY_ALLOCATION","MEMORY_ALLOCATION_ALLOCATE","Agent 2",2,"0x0000794bd65c4000",12542,143935253512427,143935253513127
"MEMORY_ALLOCATION","MEMORY_ALLOCATION_ALLOCATE","Agent 2",1179648,"0x0000794ac7800000",12548,143935253564088,143935253598978
"MEMORY_ALLOCATION","MEMORY_ALLOCATION_ALLOCATE","Agent 2",2,"0x0000794bd65c5000",12554,143935253924863,143935253926443
"MEMORY_ALLOCATION","MEMORY_ALLOCATION_ALLOCATE","Agent 2",2,"0x0000794bd65c6000",12560,143935253983134,143935253984104
"MEMORY_ALLOCATION","MEMORY_ALLOCATION_ALLOCATE","Agent 2",1536,"0x0000794bd65c7000",12566,143935254077296,143935254078376
"MEMORY_ALLOCATION","MEMORY_ALLOCATION_ALLOCATE","Agent 2",2,"0x0000794bd65c8000",12572,143935254130627,143935254131227
"MEMORY_ALLOCATION","MEMORY_ALLOCATION_ALLOCATE","Agent 2",2,"0x0000794bd65c9000",12578,143935254182407,143935254183237
"MEMORY_ALLOCATION","MEMORY_ALLOCATION_ALLOCATE","Agent 2",4718592,"0x0000794ac7000000",12584,143935254233368,143935254269159
"MEMORY_ALLOCATION","MEMORY_ALLOCATION_ALLOCATE","Agent 2",2,"0x0000794bd65ca000",12590,143935255686420,143935255690690
"MEMORY_ALLOCATION","MEMORY_ALLOCATION_ALLOCATE","Agent 2",2,"0x0000794bd65cb000",12596,143935255752071,143935255753181
"MEMORY_ALLOCATION","MEMORY_ALLOCATION_ALLOCATE","Agent 2",2,"0x0000794bd65cc000",12602,143935256018895,143935256020035
"MEMORY_ALLOCATION","MEMORY_ALLOCATION_ALLOCATE","Agent 2",2,"0x0000794bd65cd000",12608,143935256075736,143935256076386
"MEMORY_ALLOCATION","MEMORY_ALLOCATION_ALLOCATE","Agent 2",4718592,"0x0000794ac6800000",12614,143935256128297,143935256191008
"MEMORY_ALLOCATION","MEMORY_ALLOCATION_ALLOCATE","Agent 2",2,"0x0000794bd65ce000",12620,143935257563469,143935257566059
"MEMORY_ALLOCATION","MEMORY_ALLOCATION_ALLOCATE","Agent 2",2,"0x0000794bd65cf000",12626,143935257624560,143935257625540
"MEMORY_ALLOCATION","MEMORY_ALLOCATION_ALLOCATE","Agent 2",2,"0x0000794bd65d0000",12632,143935257677200,143935257677960
"MEMORY_ALLOCATION","MEMORY_ALLOCATION_ALLOCATE","Agent 2",2,"0x0000794bd65d1000",12638,143935257728961,143935257729631
"MEMORY_ALLOCATION","MEMORY_ALLOCATION_ALLOCATE","Agent 2",4718592,"0x0000794ac6000000",12644,143935257782442,143935257831463
"MEMORY_ALLOCATION","MEMORY_ALLOCATION_ALLOCATE","Agent 2",2,"0x0000794bd65d2000",12650,143935259167863,143935259171063
"MEMORY_ALLOCATION","MEMORY_ALLOCATION_ALLOCATE","Agent 2",2,"0x0000794bd65d3000",12656,143935259261374,143935259262174
"MEMORY_ALLOCATION","MEMORY_ALLOCATION_ALLOCATE","Agent 2",1536,"0x0000794bd65d4000",12662,143935259314925,143935259315685
"MEMORY_ALLOCATION","MEMORY_ALLOCATION_ALLOCATE","Agent 2",1536,"0x0000794bd65d5000",12668,143935259369866,143935259370446
"MEMORY_ALLOCATION","MEMORY_ALLOCATION_ALLOCATE","Agent 2",1536,"0x0000794bd65d6000",12674,143935259423817,143935259424697
"MEMORY_ALLOCATION","MEMORY_ALLOCATION_ALLOCATE","Agent 2",128,"0x0000794bd65d7000",12680,143935259477288,143935259477868
"MEMORY_ALLOCATION","MEMORY_ALLOCATION_ALLOCATE","Agent 2",2,"0x0000794bd65d8000",12686,143935259530758,143935259531428
"MEMORY_ALLOCATION","MEMORY_ALLOCATION_ALLOCATE","Agent 2",2,"0x0000794bd65d9000",12692,143935259583649,143935259584499
"MEMORY_ALLOCATION","MEMORY_ALLOCATION_ALLOCATE","Agent 2",1179648,"0x0000794ac5c00000",12698,143935259636630,143935259691981
"MEMORY_ALLOCATION","MEMORY_ALLOCATION_ALLOCATE","Agent 2",2,"0x0000794bd65da000",12704,143935260056356,143935260057746
"MEMORY_ALLOCATION","MEMORY_ALLOCATION_ALLOCATE","Agent 2",2,"0x0000794bd65db000",12710,143935260113847,143935260114687
"MEMORY_ALLOCATION","MEMORY_ALLOCATION_ALLOCATE","Agent 2",2,"0x0000794bd65dc000",12716,143935260167508,143935260168218
"MEMORY_ALLOCATION","MEMORY_ALLOCATION_ALLOCATE","Agent 2",2,"0x0000794bd65dd000",12722,143935260237669,143935260238299
"MEMORY_ALLOCATION","MEMORY_ALLOCATION_ALLOCATE","Agent 2",1179648,"0x0000794ac5800000",12728,143935260291300,143935260338841
"MEMORY_ALLOCATION","MEMORY_ALLOCATION_ALLOCATE","Agent 2",2,"0x0000794bd65de000",12734,143935260663255,143935260664585
"MEMORY_ALLOCATION","MEMORY_ALLOCATION_ALLOCATE","Agent 2",2,"0x0000794bd65df000",12740,143935260722256,143935260723036
"MEMORY_ALLOCATION","MEMORY_ALLOCATION_ALLOCATE","Agent 2",128,"0x0000794bd65e0000",12746,143935260775717,143935260776427
"MEMORY_ALLOCATION","MEMORY_ALLOCATION_ALLOCATE","Agent 2",2,"0x0000794bd65e1000",12752,143935260828788,143935260829578
"MEMORY_ALLOCATION","MEMORY_ALLOCATION_ALLOCATE","Agent 2",2,"0x0000794bd65e2000",12758,143935260881359,143935260882049
"MEMORY_ALLOCATION","MEMORY_ALLOCATION_ALLOCATE","Agent 2",1179648,"0x0000794ac5400000",12764,143935260934900,143935260969980
"MEMORY_ALLOCATION","MEMORY_ALLOCATION_ALLOCATE","Agent 2",2,"0x0000794bd65e3000",12770,143935261351396,143935261352636
"MEMORY_ALLOCATION","MEMORY_ALLOCATION_ALLOCATE","Agent 2",2,"0x0000794bd65e4000",12776,143935261407977,143935261408747
"MEMORY_ALLOCATION","MEMORY_ALLOCATION_ALLOCATE","Agent 2",2,"0x0000794bd65e5000",12782,143935261461318,143935261462118
"MEMORY_ALLOCATION","MEMORY_ALLOCATION_ALLOCATE","Agent 2",2,"0x0000794bd65e6000",12788,143935261511678,143935261512338
"MEMORY_ALLOCATION","MEMORY_ALLOCATION_ALLOCATE","Agent 2",1179648,"0x0000794ac5000000",12794,143935261563049,143935261614450
"MEMORY_ALLOCATION","MEMORY_ALLOCATION_ALLOCATE","Agent 2",2,"0x0000794bd65e7000",12800,143935261941665,143935261942785
"MEMORY_ALLOCATION","MEMORY_ALLOCATION_ALLOCATE","Agent 2",2,"0x0000794bd65e8000",12806,143935261997626,143935261998376
"MEMORY_ALLOCATION","MEMORY_ALLOCATION_ALLOCATE","Agent 2",1536,"0x0000794bd65e9000",12812,143935262090897,143935262091807
"MEMORY_ALLOCATION","MEMORY_ALLOCATION_ALLOCATE","Agent 2",2,"0x0000794bd65ea000",12818,143935262142198,143935262142878
"MEMORY_ALLOCATION","MEMORY_ALLOCATION_ALLOCATE","Agent 2",2,"0x0000794bd65eb000",12824,143935262196039,143935262196639
"MEMORY_ALLOCATION","MEMORY_ALLOCATION_ALLOCATE","Agent 2",4718592,"0x0000794ac4800000",12830,143935262246209,143935262282570
"MEMORY_ALLOCATION","MEMORY_ALLOCATION_ALLOCATE","Agent 2",2,"0x0000794bd65ec000",12836,143935263649461,143935263652081
"MEMORY_ALLOCATION","MEMORY_ALLOCATION_ALLOCATE","Agent 2",2,"0x0000794bd65ed000",12842,143935263710862,143935263711932
"MEMORY_ALLOCATION","MEMORY_ALLOCATION_ALLOCATE","Agent 2",2,"0x0000794bd65ee000",12848,143935263763843,143935263764683
"MEMORY_ALLOCATION","MEMORY_ALLOCATION_ALLOCATE","Agent 2",2,"0x0000794bd65ef000",12854,143935263817353,143935263818023
"MEMORY_ALLOCATION","MEMORY_ALLOCATION_ALLOCATE","Agent 2",4718592,"0x0000794ac4000000",12860,143935263869034,143935263925795
"MEMORY_ALLOCATION","MEMORY_ALLOCATION_ALLOCATE","Agent 2",2,"0x0000794bd65f0000",12866,143935265241735,143935265244255
"MEMORY_ALLOCATION","MEMORY_ALLOCATION_ALLOCATE","Agent 2",2,"0x0000794bd65f1000",12872,143935265306026,143935265306856
"MEMORY_ALLOCATION","MEMORY_ALLOCATION_ALLOCATE","Agent 2",2,"0x0000794bd65f2000",12878,143935265359387,143935265360117
"MEMORY_ALLOCATION","MEMORY_ALLOCATION_ALLOCATE","Agent 2",2,"0x0000794bd65f3000",12884,143935265412808,143935265413498
"MEMORY_ALLOCATION","MEMORY_ALLOCATION_ALLOCATE","Agent 2",4718592,"0x0000794ac3800000",12890,143935265464388,143935265512349
"MEMORY_ALLOCATION","MEMORY_ALLOCATION_ALLOCATE","Agent 2",2,"0x0000794bd65f4000",12896,143935266820459,143935266823399
"MEMORY_ALLOCATION","MEMORY_ALLOCATION_ALLOCATE","Agent 2",2,"0x0000794bd65f5000",12902,143935266882650,143935266883380
"MEMORY_ALLOCATION","MEMORY_ALLOCATION_ALLOCATE","Agent 2",1536,"0x0000794bd65f6000",12908,143935266936071,143935266936771
"MEMORY_ALLOCATION","MEMORY_ALLOCATION_ALLOCATE","Agent 2",1536,"0x0000794bd65f7000",12914,143935266989241,143935266989861
"MEMORY_ALLOCATION","MEMORY_ALLOCATION_ALLOCATE","Agent 2",1536,"0x0000794bd65f8000",12920,143935267078993,143935267079743
"MEMORY_ALLOCATION","MEMORY_ALLOCATION_ALLOCATE","Agent 2",128,"0x0000794bd65f9000",12926,143935267132314,143935267132964
"MEMORY_ALLOCATION","MEMORY_ALLOCATION_ALLOCATE","Agent 2",2,"0x0000794bd65fa000",12932,143935267185214,143935267186084
"MEMORY_ALLOCATION","MEMORY_ALLOCATION_ALLOCATE","Agent 2",2,"0x0000794bd65fb000",12938,143935267238805,143935267239465
"MEMORY_ALLOCATION","MEMORY_ALLOCATION_ALLOCATE","Agent 2",1179648,"0x0000794ac3400000",12944,143935267290746,143935267344277
"MEMORY_ALLOCATION","MEMORY_ALLOCATION_ALLOCATE","Agent 2",2,"0x0000794bd65fc000",12950,143935267684402,143935267685682
"MEMORY_ALLOCATION","MEMORY_ALLOCATION_ALLOCATE","Agent 2",2,"0x0000794bd65fd000",12956,143935267948096,143935267949096
"MEMORY_ALLOCATION","MEMORY_ALLOCATION_ALLOCATE","Agent 2",2,"0x0000794bd65fe000",12962,143935268050098,143935268051108
"MEMORY_ALLOCATION","MEMORY_ALLOCATION_ALLOCATE","Agent 2",2,"0x0000794bd65ff000",12968,143935268104098,143935268104658
"MEMORY_ALLOCATION","MEMORY_ALLOCATION_ALLOCATE","Agent 2",1179648,"0x0000794ac3000000",12974,143935268155599,143935268200110
"MEMORY_ALLOCATION","MEMORY_ALLOCATION_ALLOCATE","Agent 2",2,"0x0000794bd5180000",12980,143935268576476,143935268578736
"MEMORY_ALLOCATION","MEMORY_ALLOCATION_ALLOCATE","Agent 2",2,"0x0000794bd5181000",12986,143935268632436,143935268633106
"MEMORY_ALLOCATION","MEMORY_ALLOCATION_ALLOCATE","Agent 2",128,"0x0000794bd5182000",12992,143935268682797,143935268683327
"MEMORY_ALLOCATION","MEMORY_ALLOCATION_ALLOCATE","Agent 2",2,"0x0000794bd5183000",12998,143935268733868,143935268734548
"MEMORY_ALLOCATION","MEMORY_ALLOCATION_ALLOCATE","Agent 2",2,"0x0000794bd5184000",13004,143935268784409,143935268785119
"MEMORY_ALLOCATION","MEMORY_ALLOCATION_ALLOCATE","Agent 2",1179648,"0x0000794ac2c00000",13010,143935268834389,143935268869750
"MEMORY_ALLOCATION","MEMORY_ALLOCATION_ALLOCATE","Agent 2",2,"0x0000794bd5185000",13016,143935269240576,143935269241776
"MEMORY_ALLOCATION","MEMORY_ALLOCATION_ALLOCATE","Agent 2",2,"0x0000794bd5186000",13022,143935269297446,143935269298257
"MEMORY_ALLOCATION","MEMORY_ALLOCATION_ALLOCATE","Agent 2",2,"0x0000794bd5187000",13028,143935269348957,143935269349657
"MEMORY_ALLOCATION","MEMORY_ALLOCATION_ALLOCATE","Agent 2",2,"0x0000794bd5188000",13034,143935269400298,143935269400868
"MEMORY_ALLOCATION","MEMORY_ALLOCATION_ALLOCATE","Agent 2",1179648,"0x0000794ac2800000",13040,143935269452339,143935269486839
"MEMORY_ALLOCATION","MEMORY_ALLOCATION_ALLOCATE","Agent 2",2,"0x0000794bd5189000",13046,143935269821714,143935269822884
"MEMORY_ALLOCATION","MEMORY_ALLOCATION_ALLOCATE","Agent 2",2,"0x0000794bd518a000",13052,143935269875735,143935269876415
"MEMORY_ALLOCATION","MEMORY_ALLOCATION_ALLOCATE","Agent 2",1536,"0x0000794bd518b000",13058,143935269926526,143935269927226
"MEMORY_ALLOCATION","MEMORY_ALLOCATION_ALLOCATE","Agent 2",2,"0x0000794bd518c000",13064,143935269977727,143935269978287
"MEMORY_ALLOCATION","MEMORY_ALLOCATION_ALLOCATE","Agent 2",2,"0x0000794bd518d000",13070,143935270043588,143935270044388
"MEMORY_ALLOCATION","MEMORY_ALLOCATION_ALLOCATE","Agent 2",4718592,"0x0000794ac2000000",13076,143935270094729,143935270138179
"MEMORY_ALLOCATION","MEMORY_ALLOCATION_ALLOCATE","Agent 2",2,"0x0000794bd518e000",13082,143935271551571,143935271553761
"MEMORY_ALLOCATION","MEMORY_ALLOCATION_ALLOCATE","Agent 2",2,"0x0000794bd518f000",13088,143935271614222,143935271614912
"MEMORY_ALLOCATION","MEMORY_ALLOCATION_ALLOCATE","Agent 2",2,"0x0000794bd5190000",13094,143935271667492,143935271668062
"MEMORY_ALLOCATION","MEMORY_ALLOCATION_ALLOCATE","Agent 2",2,"0x0000794bd5191000",13100,143935271721553,143935271722233
"MEMORY_ALLOCATION","MEMORY_ALLOCATION_ALLOCATE","Agent 2",4718592,"0x0000794ac1800000",13106,143935271775594,143935271839465
"MEMORY_ALLOCATION","MEMORY_ALLOCATION_ALLOCATE","Agent 2",2,"0x0000794bd5192000",13112,143935273206636,143935273209036
"MEMORY_ALLOCATION","MEMORY_ALLOCATION_ALLOCATE","Agent 2",2,"0x0000794bd5193000",13118,143935273269527,143935273270407
"MEMORY_ALLOCATION","MEMORY_ALLOCATION_ALLOCATE","Agent 2",2,"0x0000794bd5194000",13124,143935273322408,143935273323058
"MEMORY_ALLOCATION","MEMORY_ALLOCATION_ALLOCATE","Agent 2",2,"0x0000794bd5195000",13130,143935273375878,143935273376488
"MEMORY_ALLOCATION","MEMORY_ALLOCATION_ALLOCATE","Agent 2",4718592,"0x0000794ac1000000",13136,143935273428429,143935273477050
"MEMORY_ALLOCATION","MEMORY_ALLOCATION_ALLOCATE","Agent 2",2,"0x0000794bd5196000",13142,143935274797750,143935274800110
"MEMORY_ALLOCATION","MEMORY_ALLOCATION_ALLOCATE","Agent 2",2,"0x0000794bd5197000",13148,143935274862261,143935274863041
"MEMORY_ALLOCATION","MEMORY_ALLOCATION_ALLOCATE","Agent 2",1536,"0x0000794bd5198000",13154,143935274915132,143935274915702
"MEMORY_ALLOCATION","MEMORY_ALLOCATION_ALLOCATE","Agent 2",1536,"0x0000794bd5199000",13160,143935274969663,143935274970253
"MEMORY_ALLOCATION","MEMORY_ALLOCATION_ALLOCATE","Agent 2",1536,"0x0000794bd519a000",13166,143935275046244,143935275047014
"MEMORY_ALLOCATION","MEMORY_ALLOCATION_ALLOCATE","Agent 2",128,"0x0000794bd519b000",13172,143935275100375,143935275101025
"MEMORY_ALLOCATION","MEMORY_ALLOCATION_ALLOCATE","Agent 2",2,"0x0000794bd519c000",13178,143935275153335,143935275154005
"MEMORY_ALLOCATION","MEMORY_ALLOCATION_ALLOCATE","Agent 2",2,"0x0000794bd519d000",13184,143935275239617,143935275240187
"MEMORY_ALLOCATION","MEMORY_ALLOCATION_ALLOCATE","Agent 2",1179648,"0x0000794ac0c00000",13190,143935275293137,143935275344038
"MEMORY_ALLOCATION","MEMORY_ALLOCATION_ALLOCATE","Agent 2",2,"0x0000794bd519e000",13196,143935275670923,143935275672213
"MEMORY_ALLOCATION","MEMORY_ALLOCATION_ALLOCATE","Agent 2",2,"0x0000794bd519f000",13202,143935275727714,143935275728534
"MEMORY_ALLOCATION","MEMORY_ALLOCATION_ALLOCATE","Agent 2",2,"0x0000794bd51a0000",13208,143935275779665,143935275780515
"MEMORY_ALLOCATION","MEMORY_ALLOCATION_ALLOCATE","Agent 2",2,"0x0000794bd51a1000",13214,143935275831576,143935275832236
"MEMORY_ALLOCATION","MEMORY_ALLOCATION_ALLOCATE","Agent 2",1179648,"0x0000794ac0800000",13220,143935275881826,143935275924907
"MEMORY_ALLOCATION","MEMORY_ALLOCATION_ALLOCATE","Agent 2",2,"0x0000794bd51a2000",13226,143935276314803,143935276316233
"MEMORY_ALLOCATION","MEMORY_ALLOCATION_ALLOCATE","Agent 2",2,"0x0000794bd51a3000",13232,143935276370484,143935276371244
"MEMORY_ALLOCATION","MEMORY_ALLOCATION_ALLOCATE","Agent 2",128,"0x0000794bd51a4000",13238,143935276420995,143935276421605
"MEMORY_ALLOCATION","MEMORY_ALLOCATION_ALLOCATE","Agent 2",2,"0x0000794bd51a5000",13244,143935276471165,143935276471905
"MEMORY_ALLOCATION","MEMORY_ALLOCATION_ALLOCATE","Agent 2",2,"0x0000794bd51a6000",13250,143935276521866,143935276522496
"MEMORY_ALLOCATION","MEMORY_ALLOCATION_ALLOCATE","Agent 2",1179648,"0x0000794ac0400000",13256,143935276571857,143935276606127
"MEMORY_ALLOCATION","MEMORY_ALLOCATION_ALLOCATE","Agent 2",2,"0x0000794bd51a7000",13262,143935276916302,143935276917602
"MEMORY_ALLOCATION","MEMORY_ALLOCATION_ALLOCATE","Agent 2",2,"0x0000794bd51a8000",13268,143935276971063,143935276971783
"MEMORY_ALLOCATION","MEMORY_ALLOCATION_ALLOCATE","Agent 2",2,"0x0000794bd51a9000",13274,143935277043254,143935277044314
"MEMORY_ALLOCATION","MEMORY_ALLOCATION_ALLOCATE","Agent 2",2,"0x0000794bd51aa000",13280,143935277118785,143935277119695
"MEMORY_ALLOCATION","MEMORY_ALLOCATION_ALLOCATE","Agent 2",1179648,"0x0000794ac0000000",13286,143935277187606,143935277224747
"MEMORY_ALLOCATION","MEMORY_ALLOCATION_ALLOCATE","Agent 2",2,"0x0000794bd51ab000",13292,143935277581732,143935277582982
"MEMORY_ALLOCATION","MEMORY_ALLOCATION_ALLOCATE","Agent 2",2,"0x0000794bd51ac000",13298,143935277635433,143935277636133
"MEMORY_ALLOCATION","MEMORY_ALLOCATION_ALLOCATE","Agent 2",1536,"0x0000794bd51ad000",13304,143935277889407,143935277890477
"MEMORY_ALLOCATION","MEMORY_ALLOCATION_ALLOCATE","Agent 2",2,"0x0000794bd51ae000",13310,143935277954308,143935277955048
"MEMORY_ALLOCATION","MEMORY_ALLOCATION_ALLOCATE","Agent 2",2,"0x0000794bd51af000",13316,143935278045759,143935278046449
"MEMORY_ALLOCATION","MEMORY_ALLOCATION_ALLOCATE","Agent 2",4718592,"0x0000794abf800000",13322,143935278099760,143935278150681
"MEMORY_ALLOCATION","MEMORY_ALLOCATION_ALLOCATE","Agent 2",2,"0x0000794bd51b0000",13328,143935279553702,143935279556462
"MEMORY_ALLOCATION","MEMORY_ALLOCATION_ALLOCATE","Agent 2",2,"0x0000794bd51b1000",13334,143935279616643,143935279617573
"MEMORY_ALLOCATION","MEMORY_ALLOCATION_ALLOCATE","Agent 2",2,"0x0000794bd51b2000",13340,143935279670664,143935279671364
"MEMORY_ALLOCATION","MEMORY_ALLOCATION_ALLOCATE","Agent 2",2,"0x0000794bd51b3000",13346,143935279723025,143935279723675
"MEMORY_ALLOCATION","MEMORY_ALLOCATION_ALLOCATE","Agent 2",4718592,"0x0000794abf000000",13352,143935279775425,143935279835006
"MEMORY_ALLOCATION","MEMORY_ALLOCATION_ALLOCATE","Agent 2",2,"0x0000794bd51b4000",13358,143935281163876,143935281166966
"MEMORY_ALLOCATION","MEMORY_ALLOCATION_ALLOCATE","Agent 2",2,"0x0000794bd51b5000",13364,143935281256298,143935281257068
"MEMORY_ALLOCATION","MEMORY_ALLOCATION_ALLOCATE","Agent 2",2,"0x0000794bd51b6000",13370,143935281310239,143935281310889
"MEMORY_ALLOCATION","MEMORY_ALLOCATION_ALLOCATE","Agent 2",2,"0x0000794bd51b7000",13376,143935281363189,143935281363819
"MEMORY_ALLOCATION","MEMORY_ALLOCATION_ALLOCATE","Agent 2",4718592,"0x0000794abe800000",13382,143935281417110,143935281464601
"MEMORY_ALLOCATION","MEMORY_ALLOCATION_ALLOCATE","Agent 2",2,"0x0000794bd51b8000",13388,143935282769881,143935282772321
"MEMORY_ALLOCATION","MEMORY_ALLOCATION_ALLOCATE","Agent 2",2,"0x0000794bd51b9000",13394,143935282831312,143935282832032
"MEMORY_ALLOCATION","MEMORY_ALLOCATION_ALLOCATE","Agent 2",1536,"0x0000794bd51ba000",13400,143935282886433,143935282887243
"MEMORY_ALLOCATION","MEMORY_ALLOCATION_ALLOCATE","Agent 2",1536,"0x0000794bd51bb000",13406,143935282939983,143935282940623
"MEMORY_ALLOCATION","MEMORY_ALLOCATION_ALLOCATE","Agent 2",1536,"0x0000794bd51bc000",13412,143935282994014,143935282994654
"MEMORY_ALLOCATION","MEMORY_ALLOCATION_ALLOCATE","Agent 2",128,"0x0000794bd51bd000",13418,143935283082816,143935283083876
"MEMORY_ALLOCATION","MEMORY_ALLOCATION_ALLOCATE","Agent 2",2,"0x0000794bd51be000",13424,143935283136206,143935283137046
"MEMORY_ALLOCATION","MEMORY_ALLOCATION_ALLOCATE","Agent 2",2,"0x0000794bd51bf000",13430,143935283189007,143935283189667
"MEMORY_ALLOCATION","MEMORY_ALLOCATION_ALLOCATE","Agent 2",1179648,"0x0000794abe400000",13436,143935283242658,143935283294689
"MEMORY_ALLOCATION","MEMORY_ALLOCATION_ALLOCATE","Agent 2",2,"0x0000794bd51c0000",13442,143935283639804,143935283641094
"MEMORY_ALLOCATION","MEMORY_ALLOCATION_ALLOCATE","Agent 2",2,"0x0000794bd51c1000",13448,143935283695635,143935283696475
"MEMORY_ALLOCATION","MEMORY_ALLOCATION_ALLOCATE","Agent 2",2,"0x0000794bd51c2000",13454,143935283748776,143935283749476
"MEMORY_ALLOCATION","MEMORY_ALLOCATION_ALLOCATE","Agent 2",2,"0x0000794bd51c3000",13460,143935283799986,143935283800656
"MEMORY_ALLOCATION","MEMORY_ALLOCATION_ALLOCATE","Agent 2",1179648,"0x0000794abe000000",13466,143935283850737,143935283892858
"MEMORY_ALLOCATION","MEMORY_ALLOCATION_ALLOCATE","Agent 2",2,"0x0000794bd51c4000",13472,143935284296424,143935284297714
"MEMORY_ALLOCATION","MEMORY_ALLOCATION_ALLOCATE","Agent 2",2,"0x0000794bd51c5000",13478,143935284351305,143935284352155
"MEMORY_ALLOCATION","MEMORY_ALLOCATION_ALLOCATE","Agent 2",128,"0x0000794bd51c6000",13484,143935284403576,143935284404406
"MEMORY_ALLOCATION","MEMORY_ALLOCATION_ALLOCATE","Agent 2",2,"0x0000794bd51c7000",13490,143935284454076,143935284454846
"MEMORY_ALLOCATION","MEMORY_ALLOCATION_ALLOCATE","Agent 2",2,"0x0000794bd51c8000",13496,143935284504557,143935284505227
"MEMORY_ALLOCATION","MEMORY_ALLOCATION_ALLOCATE","Agent 2",1179648,"0x0000794abdc00000",13502,143935284555728,143935284591948
"MEMORY_ALLOCATION","MEMORY_ALLOCATION_ALLOCATE","Agent 2",2,"0x0000794bd51c9000",13508,143935284922543,143935284923753
"MEMORY_ALLOCATION","MEMORY_ALLOCATION_ALLOCATE","Agent 2",2,"0x0000794bd51ca000",13514,143935284979594,143935284980494
"MEMORY_ALLOCATION","MEMORY_ALLOCATION_ALLOCATE","Agent 2",2,"0x0000794bd51cb000",13520,143935285063056,143935285063856
"MEMORY_ALLOCATION","MEMORY_ALLOCATION_ALLOCATE","Agent 2",2,"0x0000794bd51cc000",13526,143935285117206,143935285117966
"MEMORY_ALLOCATION","MEMORY_ALLOCATION_ALLOCATE","Agent 2",1179648,"0x0000794abd800000",13532,143935285167747,143935285202188
"MEMORY_ALLOCATION","MEMORY_ALLOCATION_ALLOCATE","Agent 2",2,"0x0000794bd51cd000",13538,143935285552633,143935285553953
"MEMORY_ALLOCATION","MEMORY_ALLOCATION_ALLOCATE","Agent 2",2,"0x0000794bd51ce000",13544,143935285609714,143935285610514
"MEMORY_ALLOCATION","MEMORY_ALLOCATION_ALLOCATE","Agent 2",1536,"0x0000794bd51cf000",13550,143935285661215,143935285661865
"MEMORY_ALLOCATION","MEMORY_ALLOCATION_ALLOCATE","Agent 2",2,"0x0000794bd51d0000",13556,143935285714325,143935285714995
"MEMORY_ALLOCATION","MEMORY_ALLOCATION_ALLOCATE","Agent 2",2,"0x0000794bd51d1000",13562,143935285764616,143935285765226
"MEMORY_ALLOCATION","MEMORY_ALLOCATION_ALLOCATE","Agent 2",4718592,"0x0000794abd000000",13568,143935285816037,143935285851968
"MEMORY_ALLOCATION","MEMORY_ALLOCATION_ALLOCATE","Agent 2",2,"0x0000794bd51d2000",13574,143935287314150,143935287317360
"MEMORY_ALLOCATION","MEMORY_ALLOCATION_ALLOCATE","Agent 2",2,"0x0000794bd51d3000",13580,143935287377401,143935287378111
"MEMORY_ALLOCATION","MEMORY_ALLOCATION_ALLOCATE","Agent 2",2,"0x0000794bd51d4000",13586,143935287432072,143935287432692
"MEMORY_ALLOCATION","MEMORY_ALLOCATION_ALLOCATE","Agent 2",2,"0x0000794bd51d5000",13592,143935287485792,143935287486472
"MEMORY_ALLOCATION","MEMORY_ALLOCATION_ALLOCATE","Agent 2",4718592,"0x0000794abc800000",13598,143935287539043,143935287595034
"MEMORY_ALLOCATION","MEMORY_ALLOCATION_ALLOCATE","Agent 2",2,"0x0000794bd51d6000",13604,143935288912584,143935288915914
"MEMORY_ALLOCATION","MEMORY_ALLOCATION_ALLOCATE","Agent 2",2,"0x0000794bd51d7000",13610,143935288975045,143935288975905
"MEMORY_ALLOCATION","MEMORY_ALLOCATION_ALLOCATE","Agent 2",2,"0x0000794bd51d8000",13616,143935289040866,143935289041566
"MEMORY_ALLOCATION","MEMORY_ALLOCATION_ALLOCATE","Agent 2",2,"0x0000794bd51d9000",13622,143935289094767,143935289095407
"MEMORY_ALLOCATION","MEMORY_ALLOCATION_ALLOCATE","Agent 2",4718592,"0x0000794abc000000",13628,143935289148048,143935289196998
"MEMORY_ALLOCATION","MEMORY_ALLOCATION_ALLOCATE","Agent 2",2,"0x0000794bd51da000",13634,143935290515688,143935290518708
"MEMORY_ALLOCATION","MEMORY_ALLOCATION_ALLOCATE","Agent 2",2,"0x0000794bd51db000",13640,143935290576389,143935290577149
"MEMORY_ALLOCATION","MEMORY_ALLOCATION_ALLOCATE","Agent 2",1536,"0x0000794bd51dc000",13646,143935290629570,143935290630270
"MEMORY_ALLOCATION","MEMORY_ALLOCATION_ALLOCATE","Agent 2",1536,"0x0000794bd51dd000",13652,143935290890074,143935290891104
"MEMORY_ALLOCATION","MEMORY_ALLOCATION_ALLOCATE","Agent 2",1536,"0x0000794bd51de000",13658,143935290957545,143935290958355
"MEMORY_ALLOCATION","MEMORY_ALLOCATION_ALLOCATE","Agent 2",128,"0x0000794bd51df000",13664,143935291053266,143935291054186
"MEMORY_ALLOCATION","MEMORY_ALLOCATION_ALLOCATE","Agent 2",2,"0x0000794bd51e0000",13670,143935291106107,143935291106917
"MEMORY_ALLOCATION","MEMORY_ALLOCATION_ALLOCATE","Agent 2",2,"0x0000794bd51e1000",13676,143935291157958,143935291158658
"MEMORY_ALLOCATION","MEMORY_ALLOCATION_ALLOCATE","Agent 2",1179648,"0x0000794abbc00000",13682,143935291207669,143935291262480
"MEMORY_ALLOCATION","MEMORY_ALLOCATION_ALLOCATE","Agent 2",2,"0x0000794bd51e2000",13688,143935291594915,143935291596205
"MEMORY_ALLOCATION","MEMORY_ALLOCATION_ALLOCATE","Agent 2",2,"0x0000794bd51e3000",13694,143935291651976,143935291652816
"MEMORY_ALLOCATION","MEMORY_ALLOCATION_ALLOCATE","Agent 2",2,"0x0000794bd51e4000",13700,143935291702776,143935291703486
"MEMORY_ALLOCATION","MEMORY_ALLOCATION_ALLOCATE","Agent 2",2,"0x0000794bd51e5000",13706,143935291753317,143935291753957
"MEMORY_ALLOCATION","MEMORY_ALLOCATION_ALLOCATE","Agent 2",1179648,"0x0000794abb800000",13712,143935291803728,143935291847999
"MEMORY_ALLOCATION","MEMORY_ALLOCATION_ALLOCATE","Agent 2",2,"0x0000794bd51e6000",13718,143935292206624,143935292207954
"MEMORY_ALLOCATION","MEMORY_ALLOCATION_ALLOCATE","Agent 2",2,"0x0000794bd51e7000",13724,143935292260815,143935292261535
"MEMORY_ALLOCATION","MEMORY_ALLOCATION_ALLOCATE","Agent 2",128,"0x0000794bd51e8000",13730,143935292312586,143935292313216
"MEMORY_ALLOCATION","MEMORY_ALLOCATION_ALLOCATE","Agent 2",2,"0x0000794bd51e9000",13736,143935292364246,143935292364866
"MEMORY_ALLOCATION","MEMORY_ALLOCATION_ALLOCATE","Agent 2",2,"0x0000794bd51ea000",13742,143935292413737,143935292414427
"MEMORY_ALLOCATION","MEMORY_ALLOCATION_ALLOCATE","Agent 2",1179648,"0x0000794abb400000",13748,143935292463578,143935292503968
"MEMORY_ALLOCATION","MEMORY_ALLOCATION_ALLOCATE","Agent 2",2,"0x0000794bd51eb000",13754,143935292835894,143935292837064
"MEMORY_ALLOCATION","MEMORY_ALLOCATION_ALLOCATE","Agent 2",2,"0x0000794bd51ec000",13760,143935292892794,143935292893624
"MEMORY_ALLOCATION","MEMORY_ALLOCATION_ALLOCATE","Agent 2",2,"0x0000794bd51ed000",13766,143935292945155,143935292946405
"MEMORY_ALLOCATION","MEMORY_ALLOCATION_ALLOCATE","Agent 2",2,"0x0000794bd51ee000",13772,143935292997056,143935292997736
"MEMORY_ALLOCATION","MEMORY_ALLOCATION_ALLOCATE","Agent 2",1179648,"0x0000794abb000000",13778,143935293083217,143935293118548
"MEMORY_ALLOCATION","MEMORY_ALLOCATION_ALLOCATE","Agent 2",2,"0x0000794bd51ef000",13784,143935293467823,143935293468983
"MEMORY_ALLOCATION","MEMORY_ALLOCATION_ALLOCATE","Agent 2",2,"0x0000794bd51f0000",13790,143935293522364,143935293523144
"MEMORY_ALLOCATION","MEMORY_ALLOCATION_ALLOCATE","Agent 2",1536,"0x0000794bd51f1000",13796,143935293573525,143935293574205
"MEMORY_ALLOCATION","MEMORY_ALLOCATION_ALLOCATE","Agent 2",2,"0x0000794bd51f2000",13802,143935293624536,143935293625176
"MEMORY_ALLOCATION","MEMORY_ALLOCATION_ALLOCATE","Agent 2",2,"0x0000794bd51f3000",13808,143935293674376,143935293675086
"MEMORY_ALLOCATION","MEMORY_ALLOCATION_ALLOCATE","Agent 2",4718592,"0x0000794aba800000",13814,143935293725257,143935293762728
"MEMORY_ALLOCATION","MEMORY_ALLOCATION_ALLOCATE","Agent 2",2,"0x0000794bd51f4000",13820,143935295139688,143935295142909
"MEMORY_ALLOCATION","MEMORY_ALLOCATION_ALLOCATE","Agent 2",2,"0x0000794bd51f5000",13826,143935295232500,143935295233470
"MEMORY_ALLOCATION","MEMORY_ALLOCATION_ALLOCATE","Agent 2",2,"0x0000794bd51f6000",13832,143935295286631,143935295287281
"MEMORY_ALLOCATION","MEMORY_ALLOCATION_ALLOCATE","Agent 2",2,"0x0000794bd51f7000",13838,143935295339102,143935295339712
"MEMORY_ALLOCATION","MEMORY_ALLOCATION_ALLOCATE","Agent 2",4718592,"0x0000794aba000000",13844,143935295392642,143935295451983
"MEMORY_ALLOCATION","MEMORY_ALLOCATION_ALLOCATE","Agent 2",2,"0x0000794bd51f8000",13850,143935296829574,143935296833264
"MEMORY_ALLOCATION","MEMORY_ALLOCATION_ALLOCATE","Agent 2",2,"0x0000794bd51f9000",13856,143935296893365,143935296894135
"MEMORY_ALLOCATION","MEMORY_ALLOCATION_ALLOCATE","Agent 2",2,"0x0000794bd51fa000",13862,143935296948756,143935296949696
"MEMORY_ALLOCATION","MEMORY_ALLOCATION_ALLOCATE","Agent 2",2,"0x0000794bd51fb000",13868,143935297037437,143935297038317
"MEMORY_ALLOCATION","MEMORY_ALLOCATION_ALLOCATE","Agent 2",4718592,"0x0000794ab9800000",13874,143935297091678,143935297141359
"MEMORY_ALLOCATION","MEMORY_ALLOCATION_ALLOCATE","Agent 2",2,"0x0000794bd51fc000",13880,143935298433198,143935298435488
"MEMORY_ALLOCATION","MEMORY_ALLOCATION_ALLOCATE","Agent 2",2,"0x0000794bd51fd000",13886,143935298494049,143935298494979
"MEMORY_ALLOCATION","MEMORY_ALLOCATION_ALLOCATE","Agent 2",1536,"0x0000794bd51fe000",13892,143935298548260,143935298548990
"MEMORY_ALLOCATION","MEMORY_ALLOCATION_ALLOCATE","Agent 2",1536,"0x0000794bd51ff000",13898,143935298601071,143935298601611
"MEMORY_ALLOCATION","MEMORY_ALLOCATION_ALLOCATE","Agent 2",1536,"0x0000794bd1180000",13904,143935298655782,143935298657702
"MEMORY_ALLOCATION","MEMORY_ALLOCATION_ALLOCATE","Agent 2",128,"0x0000794bd1181000",13910,143935298710573,143935298711213
"MEMORY_ALLOCATION","MEMORY_ALLOCATION_ALLOCATE","Agent 2",2,"0x0000794bd1182000",13916,143935298763723,143935298764363
"MEMORY_ALLOCATION","MEMORY_ALLOCATION_ALLOCATE","Agent 2",2,"0x0000794bd1183000",13922,143935298816274,143935298816834
"MEMORY_ALLOCATION","MEMORY_ALLOCATION_ALLOCATE","Agent 2",1179648,"0x0000794ab9400000",13928,143935298867675,143935298921586
"MEMORY_ALLOCATION","MEMORY_ALLOCATION_ALLOCATE","Agent 2",2,"0x0000794bd1184000",13934,143935299316132,143935299317252
"MEMORY_ALLOCATION","MEMORY_ALLOCATION_ALLOCATE","Agent 2",2,"0x0000794bd1185000",13940,143935299372153,143935299372823
"MEMORY_ALLOCATION","MEMORY_ALLOCATION_ALLOCATE","Agent 2",2,"0x0000794bd1186000",13946,143935299424453,143935299425093
"MEMORY_ALLOCATION","MEMORY_ALLOCATION_ALLOCATE","Agent 2",2,"0x0000794bd1187000",13952,143935299475024,143935299475584
"MEMORY_ALLOCATION","MEMORY_ALLOCATION_ALLOCATE","Agent 2",1179648,"0x0000794ab9000000",13958,143935299526035,143935299569036
"MEMORY_ALLOCATION","MEMORY_ALLOCATION_ALLOCATE","Agent 2",2,"0x0000794bd1188000",13964,143935299887050,143935299888090
"MEMORY_ALLOCATION","MEMORY_ALLOCATION_ALLOCATE","Agent 2",2,"0x0000794bd1189000",13970,143935299944031,143935299944711
"MEMORY_ALLOCATION","MEMORY_ALLOCATION_ALLOCATE","Agent 2",128,"0x0000794bd118a000",13976,143935299996312,143935299997002
"MEMORY_ALLOCATION","MEMORY_ALLOCATION_ALLOCATE","Agent 2",2,"0x0000794bd118b000",13982,143935300084123,143935300084863
"MEMORY_ALLOCATION","MEMORY_ALLOCATION_ALLOCATE","Agent 2",2,"0x0000794bd118c000",13988,143935300137144,143935300137714
"MEMORY_ALLOCATION","MEMORY_ALLOCATION_ALLOCATE","Agent 2",1179648,"0x0000794ab8c00000",13994,143935300188335,143935300226556
"MEMORY_ALLOCATION","MEMORY_ALLOCATION_ALLOCATE","Agent 2",2,"0x0000794bd118d000",14000,143935300557631,143935300558791
"MEMORY_ALLOCATION","MEMORY_ALLOCATION_ALLOCATE","Agent 2",2,"0x0000794bd118e000",14006,143935300819375,143935300820195
"MEMORY_ALLOCATION","MEMORY_ALLOCATION_ALLOCATE","Agent 2",2,"0x0000794bd118f000",14012,143935300871915,143935300872595
"MEMORY_ALLOCATION","MEMORY_ALLOCATION_ALLOCATE","Agent 2",2,"0x0000794bd1190000",14018,143935300924756,143935300925336
"MEMORY_ALLOCATION","MEMORY_ALLOCATION_ALLOCATE","Agent 2",1179648,"0x0000794ab8800000",14024,143935300977367,143935301048188
"MEMORY_ALLOCATION","MEMORY_ALLOCATION_ALLOCATE","Agent 2",2,"0x0000794bd1191000",14030,143935301414354,143935301415584
"MEMORY_ALLOCATION","MEMORY_ALLOCATION_ALLOCATE","Agent 2",2,"0x0000794bd1192000",14036,143935301468894,143935301469694
"MEMORY_ALLOCATION","MEMORY_ALLOCATION_ALLOCATE","Agent 2",1179648,"0x0000794ab8400000",14042,143935301520085,143935301554606
"MEMORY_ALLOCATION","MEMORY_ALLOCATION_ALLOCATE","Agent 2",31457280,"0x0000794ab6400000",14048,143935301885471,143935301926981
"MEMORY_ALLOCATION","MEMORY_ALLOCATION_ALLOCATE","Agent 2",524288,"0x0000794bcfd80000",14058,143935314075586,143935314082766
"MEMORY_ALLOCATION","MEMORY_ALLOCATION_ALLOCATE","Agent 2",524288,"0x0000794bcbd80000",14060,143935314090086,143935314091496
"MEMORY_ALLOCATION","MEMORY_ALLOCATION_ALLOCATE","Agent 2",2048,"0x0000794bd1193000",14062,143935314096296,143935314098456
"MEMORY_ALLOCATION","MEMORY_ALLOCATION_ALLOCATE","Agent 2",2048,"0x0000794bd1194000",14064,143935314101816,143935314102576
"MEMORY_ALLOCATION","MEMORY_ALLOCATION_ALLOCATE","Agent 2",524288,"0x0000794bca980000",14076,143935314206408,143935314208368
"MEMORY_ALLOCATION","MEMORY_ALLOCATION_ALLOCATE","Agent 2",524288,"0x0000794bc6980000",14078,143935314213018,143935314214418
"MEMORY_ALLOCATION","MEMORY_ALLOCATION_ALLOCATE","Agent 2",2048,"0x0000794bd1195000",14080,143935314218318,143935314218858
"MEMORY_ALLOCATION","MEMORY_ALLOCATION_ALLOCATE","Agent 2",2048,"0x0000794bd1196000",14082,143935314222658,143935314223288
"MEMORY_ALLOCATION","MEMORY_ALLOCATION_ALLOCATE","Agent 2",524288,"0x0000794bc5580000",14094,143935314296239,143935314297409
"MEMORY_ALLOCATION","MEMORY_ALLOCATION_ALLOCATE","Agent 2",524288,"0x0000794bc1180000",14096,143935314300879,143935314301929
"MEMORY_ALLOCATION","MEMORY_ALLOCATION_ALLOCATE","Agent 2",2048,"0x0000794bd1197000",14098,143935314305479,143935314306039
"MEMORY_ALLOCATION","MEMORY_ALLOCATION_ALLOCATE","Agent 2",2048,"0x0000794bd1198000",14100,143935314309349,143935314309739
"MEMORY_ALLOCATION","MEMORY_ALLOCATION_ALLOCATE","Agent 2",524288,"0x0000794bbf180000",14112,143935314381080,143935314382850
"MEMORY_ALLOCATION","MEMORY_ALLOCATION_ALLOCATE","Agent 2",524288,"0x0000794bc1580000",14114,143935314385930,143935314386910
"MEMORY_ALLOCATION","MEMORY_ALLOCATION_ALLOCATE","Agent 2",2048,"0x0000794bd1199000",14116,143935314391110,143935314391600
"MEMORY_ALLOCATION","MEMORY_ALLOCATION_ALLOCATE","Agent 2",2048,"0x0000794bd119a000",14118,143935314394051,143935314394601
"MEMORY_ALLOCATION","MEMORY_ALLOCATION_ALLOCATE","Agent 2",268435456,"0x0000794aa6200000",14130,143935314466962,143935314562003
"MEMORY_ALLOCATION","MEMORY_ALLOCATION_ALLOCATE","Agent 2",268435456,"0x0000794a96000000",14132,143935314567723,143935314608524
"MEMORY_ALLOCATION","MEMORY_ALLOCATION_ALLOCATE","Agent 2",524288,"0x0000794bb7b80000",14134,143935314612044,143935314613164
"MEMORY_ALLOCATION","MEMORY_ALLOCATION_ALLOCATE","Agent 2",524288,"0x0000794bb6780000",14144,143935316062716,143935316064616
"MEMORY_ALLOCATION","MEMORY_ALLOCATION_ALLOCATE","Agent 2",524288,"0x0000794baf180000",14146,143935316069406,143935316070206
"MEMORY_ALLOCATION","MEMORY_ALLOCATION_ALLOCATE","Agent 2",2048,"0x0000794bd119b000",14148,143935316074126,143935316075706
"MEMORY_ALLOCATION","MEMORY_ALLOCATION_ALLOCATE","Agent 2",2048,"0x0000794bd119c000",14150,143935316078226,143935316078686
"MEMORY_ALLOCATION","MEMORY_ALLOCATION_ALLOCATE","Agent 2",524288,"0x0000794badd80000",14162,143935316150157,143935316151677
"MEMORY_ALLOCATION","MEMORY_ALLOCATION_ALLOCATE","Agent 2",524288,"0x0000794ba6780000",14164,143935316155987,143935316156567
"MEMORY_ALLOCATION","MEMORY_ALLOCATION_ALLOCATE","Agent 2",2048,"0x0000794bd119d000",14166,143935316160197,143935316160787
"MEMORY_ALLOCATION","MEMORY_ALLOCATION_ALLOCATE","Agent 2",2048,"0x0000794bd119e000",14168,143935316164337,143935316164777
"MEMORY_ALLOCATION","MEMORY_ALLOCATION_ALLOCATE","Agent 2",524288,"0x0000794ba5380000",14180,143935316260619,143935316261749
"MEMORY_ALLOCATION","MEMORY_ALLOCATION_ALLOCATE","Agent 2",524288,"0x0000794b9dd80000",14182,143935316264879,143935316265639
"MEMORY_ALLOCATION","MEMORY_ALLOCATION_ALLOCATE","Agent 2",2048,"0x0000794bd119f000",14184,143935316268549,143935316269299
"MEMORY_ALLOCATION","MEMORY_ALLOCATION_ALLOCATE","Agent 2",2048,"0x0000794bd11a0000",14186,143935316271989,143935316272559
"MEMORY_ALLOCATION","MEMORY_ALLOCATION_ALLOCATE","Agent 2",524288,"0x0000794b9c980000",14198,143935316340360,143935316341470
"MEMORY_ALLOCATION","MEMORY_ALLOCATION_ALLOCATE","Agent 2",524288,"0x0000794b94f80000",14200,143935316344740,143935316345770
"MEMORY_ALLOCATION","MEMORY_ALLOCATION_ALLOCATE","Agent 2",2048,"0x0000794bd11a1000",14202,143935316348950,143935316349500
"MEMORY_ALLOCATION","MEMORY_ALLOCATION_ALLOCATE","Agent 2",2048,"0x0000794bd11a2000",14204,143935316352060,143935316352530
"MEMORY_ALLOCATION","MEMORY_ALLOCATION_ALLOCATE","Agent 2",268435456,"0x0000794a85e00000",14216,143935316420681,143935316468962
"MEMORY_ALLOCATION","MEMORY_ALLOCATION_ALLOCATE","Agent 2",268435456,"0x0000794a75c00000",14218,143935316473262,143935316514893
"MEMORY_ALLOCATION","MEMORY_ALLOCATION_ALLOCATE","Agent 2",524288,"0x0000794b92f80000",14220,143935316518513,143935316519713
"MEMORY_ALLOCATION","MEMORY_ALLOCATION_ALLOCATE","Agent 2",524288,"0x0000794b95380000",14230,143935318297020,143935318298840
"MEMORY_ALLOCATION","MEMORY_ALLOCATION_ALLOCATE","Agent 2",524288,"0x0000794b8ef80000",14232,143935318302430,143935318303620
"MEMORY_ALLOCATION","MEMORY_ALLOCATION_ALLOCATE","Agent 2",2048,"0x0000794bd11a3000",14234,143935318306830,143935318307470
"MEMORY_ALLOCATION","MEMORY_ALLOCATION_ALLOCATE","Agent 2",2048,"0x0000794bd11a4000",14236,143935318310210,143935318310620
"MEMORY_ALLOCATION","MEMORY_ALLOCATION_ALLOCATE","Agent 2",524288,"0x0000794b8db80000",14248,143935318381871,143935318383461
"MEMORY_ALLOCATION","MEMORY_ALLOCATION_ALLOCATE","Agent 2",524288,"0x0000794b85f80000",14250,143935318387301,143935318388141
"MEMORY_ALLOCATION","MEMORY_ALLOCATION_ALLOCATE","Agent 2",2048,"0x0000794bd11a5000",14252,143935318391461,143935318392011
"MEMORY_ALLOCATION","MEMORY_ALLOCATION_ALLOCATE","Agent 2",2048,"0x0000794bd11a6000",14254,143935318394631,143935318395081
"MEMORY_ALLOCATION","MEMORY_ALLOCATION_ALLOCATE","Agent 2",524288,"0x0000794b84b80000",14266,143935318461022,143935318462982
"MEMORY_ALLOCATION","MEMORY_ALLOCATION_ALLOCATE","Agent 2",524288,"0x0000794b7d580000",14268,143935318466242,143935318467332
"MEMORY_ALLOCATION","MEMORY_ALLOCATION_ALLOCATE","Agent 2",2048,"0x0000794bd11a7000",14270,143935318470412,143935318470862
"MEMORY_ALLOCATION","MEMORY_ALLOCATION_ALLOCATE","Agent 2",2048,"0x0000794bd11a8000",14272,143935318473502,143935318473922
"MEMORY_ALLOCATION","MEMORY_ALLOCATION_ALLOCATE","Agent 2",524288,"0x0000794b7c180000",14284,143935318540543,143935318541933
"MEMORY_ALLOCATION","MEMORY_ALLOCATION_ALLOCATE","Agent 2",524288,"0x0000794b74b80000",14286,143935318545353,143935318546113
"MEMORY_ALLOCATION","MEMORY_ALLOCATION_ALLOCATE","Agent 2",2048,"0x0000794bd11a9000",14288,143935318548993,143935318549493
"MEMORY_ALLOCATION","MEMORY_ALLOCATION_ALLOCATE","Agent 2",2048,"0x0000794bd11aa000",14290,143935318552033,143935318552463
"MEMORY_ALLOCATION","MEMORY_ALLOCATION_ALLOCATE","Agent 2",268435456,"0x0000794a65a00000",14302,143935318619614,143935318655415
"MEMORY_ALLOCATION","MEMORY_ALLOCATION_ALLOCATE","Agent 2",268435456,"0x0000794a55800000",14304,143935318659715,143935318687806
"MEMORY_ALLOCATION","MEMORY_ALLOCATION_ALLOCATE","Agent 2",524288,"0x0000794b73780000",14306,143935318691186,143935318692456
"MEMORY_ALLOCATION","MEMORY_ALLOCATION_ALLOCATE","Agent 2",6144,"0x0000794bd11ab000",14316,143936077496045,143936077507355
"MEMORY_ALLOCATION","MEMORY_ALLOCATION_ALLOCATE","Agent 2",35840,"0x0000794bd11ad000",14329,143936097733932,143936097739222
"MEMORY_ALLOCATION","MEMORY_ALLOCATION_FREE","",0,"0x0000794bd11ab000",14331,143936097758732,143936097759952
"MEMORY_ALLOCATION","MEMORY_ALLOCATION_ALLOCATE","Agent 2",6144,"0x0000794bd11ab000",14339,143936097940815,143936097941575
"MEMORY_ALLOCATION","MEMORY_ALLOCATION_ALLOCATE","Agent 2",35840,"0x0000794bd11b6000",14341,143936097945435,143936097946075
"MEMORY_ALLOCATION","MEMORY_ALLOCATION_ALLOCATE","Agent 2",1024,"0x0000794bd11bf000",14404,143936119722535,143936119727385
"MEMORY_ALLOCATION","MEMORY_ALLOCATION_ALLOCATE","Agent 2",1024,"0x0000794bd11c0000",14406,143936119732555,143936119733355
"MEMORY_ALLOCATION","MEMORY_ALLOCATION_ALLOCATE","Agent 2",8192,"0x0000794bd11c1000",14437,143936140250957,143936140254417
"MEMORY_ALLOCATION","MEMORY_ALLOCATION_ALLOCATE","Agent 2",8192,"0x0000794bd11c3000",14439,143936140259037,143936140259697
"MEMORY_ALLOCATION","MEMORY_ALLOCATION_ALLOCATE","Agent 2",8192,"0x0000794bd11c5000",14490,143936163281626,143936163286796
"MEMORY_ALLOCATION","MEMORY_ALLOCATION_FREE","",0,"0x0000794bd11ab000",14492,143936163296756,143936163298416
"MEMORY_ALLOCATION","MEMORY_ALLOCATION_ALLOCATE","Agent 2",24576,"0x0000794bd11c7000",14530,143936164133049,143936164134469
"MEMORY_ALLOCATION","MEMORY_ALLOCATION_FREE","",0,"0x0000794bd11c5000",14532,143936164138799,143936164139429
"MEMORY_ALLOCATION","MEMORY_ALLOCATION_ALLOCATE","Agent 2",2048,"0x0000794bd11ab000",15026,143936172476546,143936172481296
"MEMORY_ALLOCATION","MEMORY_ALLOCATION_FREE","",0,"0x0000794bd11bf000",15028,143936172490956,143936172492646
"MEMORY_ALLOCATION","MEMORY_ALLOCATION_ALLOCATE","Agent 2",2048,"0x0000794bd11ac000",15030,143936172496206,143936172497006
"MEMORY_ALLOCATION","MEMORY_ALLOCATION_FREE","",0,"0x0000794bd11c0000",15032,143936172500956,143936172501856
"MEMORY_ALLOCATION","MEMORY_ALLOCATION_ALLOCATE","Agent 2",16384,"0x0000794bd11cd000",15040,143936172538617,143936172539887
"MEMORY_ALLOCATION","MEMORY_ALLOCATION_FREE","",0,"0x0000794bd11c1000",15042,143936172562717,143936172563727
"MEMORY_ALLOCATION","MEMORY_ALLOCATION_ALLOCATE","Agent 2",16384,"0x0000794bd11bf000",15044,143936172568177,143936172568777
"MEMORY_ALLOCATION","MEMORY_ALLOCATION_FREE","",0,"0x0000794bd11c3000",15046,143936172572277,143936172572947
"MEMORY_ALLOCATION","MEMORY_ALLOCATION_ALLOCATE","Agent 2",49152,"0x0000794bd11d1000",16538,143936195765329,143936195770379
"MEMORY_ALLOCATION","MEMORY_ALLOCATION_FREE","",0,"0x0000794bd11b6000",16540,143936195780749,143936195782359
"MEMORY_ALLOCATION","MEMORY_ALLOCATION_ALLOCATE","Agent 2",49152,"0x0000794bd11dd000",16558,143936196366528,143936196367808
"MEMORY_ALLOCATION","MEMORY_ALLOCATION_FREE","",0,"0x0000794bd11c7000",16560,143936196372268,143936196373618
"MEMORY_ALLOCATION","MEMORY_ALLOCATION_ALLOCATE","Agent 2",1048576,"0x0000794a55400000",39554,143936595107027,143936595207658
"MEMORY_ALLOCATION","MEMORY_ALLOCATION_FREE","",0,"0x0000794bd11d1000",39556,143936595220439,143936595224579
"MEMORY_ALLOCATION","MEMORY_ALLOCATION_FREE","",0,"0x0000794d66200000",240638,143940409054650,143940409062850
"MEMORY_ALLOCATION","MEMORY_ALLOCATION_FREE","",0,"0x0000794d66201000",240640,143940409071950,143940409073090
"MEMORY_ALLOCATION","MEMORY_ALLOCATION_FREE","",0,"0x0000794d65800000",240642,143940409079690,143940409477826
"MEMORY_ALLOCATION","MEMORY_ALLOCATION_FREE","",0,"0x0000794d66202000",240644,143940409484327,143940409485467
"MEMORY_ALLOCATION","MEMORY_ALLOCATION_FREE","",0,"0x0000794d66203000",240646,143940409489837,143940409490617
"MEMORY_ALLOCATION","MEMORY_ALLOCATION_FREE","",0,"0x0000794d66204000",240648,143940409494657,143940409495117
"MEMORY_ALLOCATION","MEMORY_ALLOCATION_FREE","",0,"0x0000794d66205000",240650,143940409499597,143940409500227
"MEMORY_ALLOCATION","MEMORY_ALLOCATION_FREE","",0,"0x0000794d63400000",240652,143940409505647,143940409565788
"MEMORY_ALLOCATION","MEMORY_ALLOCATION_FREE","",0,"0x0000794d66206000",240654,143940409570858,143940409571608
"MEMORY_ALLOCATION","MEMORY_ALLOCATION_FREE","",0,"0x0000794d66207000",240656,143940409575948,143940409576518
"MEMORY_ALLOCATION","MEMORY_ALLOCATION_FREE","",0,"0x0000794d66208000",240658,143940409580488,143940409580968
"MEMORY_ALLOCATION","MEMORY_ALLOCATION_FREE","",0,"0x0000794d66209000",240660,143940409584898,143940409586288
"MEMORY_ALLOCATION","MEMORY_ALLOCATION_FREE","",0,"0x0000794d6620a000",240662,143940409590108,143940409590558
"MEMORY_ALLOCATION","MEMORY_ALLOCATION_FREE","",0,"0x0000794d6620b000",240664,143940409594648,143940409595348
"MEMORY_ALLOCATION","MEMORY_ALLOCATION_FREE","",0,"0x0000794d62a00000",240666,143940409600688,143940409658989
"MEMORY_ALLOCATION","MEMORY_ALLOCATION_FREE","",0,"0x0000794d6620c000",240668,143940409664039,143940409664829
"MEMORY_ALLOCATION","MEMORY_ALLOCATION_FREE","",0,"0x0000794d6620d000",240670,143940409668669,143940409669279
"MEMORY_ALLOCATION","MEMORY_ALLOCATION_FREE","",0,"0x0000794d6620e000",240672,143940409673089,143940409673579
"MEMORY_ALLOCATION","MEMORY_ALLOCATION_FREE","",0,"0x0000794d6620f000",240674,143940409677639,143940409678259
"MEMORY_ALLOCATION","MEMORY_ALLOCATION_FREE","",0,"0x0000794d62000000",240676,143940409683360,143940409741670
"MEMORY_ALLOCATION","MEMORY_ALLOCATION_FREE","",0,"0x0000794d66210000",240678,143940409746930,143940409747561
"MEMORY_ALLOCATION","MEMORY_ALLOCATION_FREE","",0,"0x0000794d66211000",240680,143940409751551,143940409752161
"MEMORY_ALLOCATION","MEMORY_ALLOCATION_FREE","",0,"0x0000794d66212000",240682,143940409756021,143940409756451
"MEMORY_ALLOCATION","MEMORY_ALLOCATION_FREE","",0,"0x0000794d66213000",240684,143940409760171,143940409760681
"MEMORY_ALLOCATION","MEMORY_ALLOCATION_FREE","",0,"0x0000794d66214000",240686,143940409764581,143940409765011
"MEMORY_ALLOCATION","MEMORY_ALLOCATION_FREE","",0,"0x0000794d66215000",240688,143940409769001,143940409769771
"MEMORY_ALLOCATION","MEMORY_ALLOCATION_FREE","",0,"0x0000794d66218000",240690,143940409773451,143940409773911
"MEMORY_ALLOCATION","MEMORY_ALLOCATION_FREE","",0,"0x0000794d66219000",240692,143940409778411,143940409778991
"MEMORY_ALLOCATION","MEMORY_ALLOCATION_FREE","",0,"0x0000794d65400000",240694,143940409783791,143940409784321
"MEMORY_ALLOCATION","MEMORY_ALLOCATION_FREE","",0,"0x0000794d6621a000",240696,143940409788381,143940409788941
"MEMORY_ALLOCATION","MEMORY_ALLOCATION_FREE","",0,"0x0000794d6621b000",240698,143940409792851,143940409793571
"MEMORY_ALLOCATION","MEMORY_ALLOCATION_FREE","",0,"0x0000794d6621c000",240700,143940409797891,143940409798451
"MEMORY_ALLOCATION","MEMORY_ALLOCATION_FREE","",0,"0x0000794d6621d000",240702,143940409802771,143940409803391
"MEMORY_ALLOCATION","MEMORY_ALLOCATION_FREE","",0,"0x0000794d61a00000",240704,143940409807701,143940409872132
"MEMORY_ALLOCATION","MEMORY_ALLOCATION_FREE","",0,"0x0000794d6621e000",240706,143940409877212,143940409877802
"MEMORY_ALLOCATION","MEMORY_ALLOCATION_FREE","",0,"0x0000794d6621f000",240708,143940409881793,143940409882573
"MEMORY_ALLOCATION","MEMORY_ALLOCATION_FREE","",0,"0x0000794d66220000",240710,143940409886423,143940409886873
"MEMORY_ALLOCATION","MEMORY_ALLOCATION_FREE","",0,"0x0000794d66221000",240712,143940409891593,143940409892433
"MEMORY_ALLOCATION","MEMORY_ALLOCATION_FREE","",0,"0x0000794d66222000",240714,143940409896123,143940409896473
"MEMORY_ALLOCATION","MEMORY_ALLOCATION_FREE","",0,"0x0000794d66223000",240716,143940409900883,143940409901623
"MEMORY_ALLOCATION","MEMORY_ALLOCATION_FREE","",0,"0x0000794d66224000",240718,143940409905363,143940409905753
"MEMORY_ALLOCATION","MEMORY_ALLOCATION_FREE","",0,"0x0000794d66225000",240720,143940409909953,143940409910473
"MEMORY_ALLOCATION","MEMORY_ALLOCATION_FREE","",0,"0x0000794d65000000",240722,143940409915103,143940409915733
"MEMORY_ALLOCATION","MEMORY_ALLOCATION_FREE","",0,"0x0000794d66226000",240724,143940409919723,143940409920113
"MEMORY_ALLOCATION","MEMORY_ALLOCATION_FREE","",0,"0x0000794d66227000",240726,143940409924543,143940409924953
"MEMORY_ALLOCATION","MEMORY_ALLOCATION_FREE","",0,"0x0000794d66228000",240728,143940409928683,143940409929063
"MEMORY_ALLOCATION","MEMORY_ALLOCATION_FREE","",0,"0x0000794d66229000",240730,143940409933243,143940409933843
"MEMORY_ALLOCATION","MEMORY_ALLOCATION_FREE","",0,"0x0000794d6622a000",240732,143940409938123,143940409938633
"MEMORY_ALLOCATION","MEMORY_ALLOCATION_FREE","",0,"0x0000794d61600000",240734,143940409943153,143940409943743
"MEMORY_ALLOCATION","MEMORY_ALLOCATION_FREE","",0,"0x0000794d6622b000",240736,143940409947994,143940409948514
"MEMORY_ALLOCATION","MEMORY_ALLOCATION_FREE","",0,"0x0000794d6622c000",240738,143940409953104,143940409953484
"MEMORY_ALLOCATION","MEMORY_ALLOCATION_FREE","",0,"0x0000794d6622d000",240740,143940409957644,143940409958364
"MEMORY_ALLOCATION","MEMORY_ALLOCATION_FREE","",0,"0x0000794d6622e000",240742,143940409962194,143940409962604
"MEMORY_ALLOCATION","MEMORY_ALLOCATION_FREE","",0,"0x0000794d61200000",240744,143940409966774,143940409967214
"MEMORY_ALLOCATION","MEMORY_ALLOCATION_FREE","",0,"0x0000794d6622f000",240746,143940409971284,143940409971824
"MEMORY_ALLOCATION","MEMORY_ALLOCATION_FREE","",0,"0x0000794d66230000",240748,143940409976524,143940409976914
"MEMORY_ALLOCATION","MEMORY_ALLOCATION_FREE","",0,"0x0000794d60400000",240750,143940409981014,143940409981474
"MEMORY_ALLOCATION","MEMORY_ALLOCATION_FREE","",0,"0x0000794d66231000",240752,143940409985584,143940409986194
"MEMORY_ALLOCATION","MEMORY_ALLOCATION_FREE","",0,"0x0000794d66232000",240754,143940409989954,143940409990314
"MEMORY_ALLOCATION","MEMORY_ALLOCATION_FREE","",0,"0x0000794d60000000",240756,143940409994574,143940409995084
"MEMORY_ALLOCATION","MEMORY_ALLOCATION_FREE","",0,"0x0000794d66233000",240758,143940409998794,143940409999544
"MEMORY_ALLOCATION","MEMORY_ALLOCATION_FREE","",0,"0x0000794d66234000",240760,143940410020055,143940410020575
"MEMORY_ALLOCATION","MEMORY_ALLOCATION_FREE","",0,"0x0000794d66235000",240762,143940410024585,143940410025135
"MEMORY_ALLOCATION","MEMORY_ALLOCATION_FREE","",0,"0x0000794d66236000",240764,143940410028945,143940410029395
"MEMORY_ALLOCATION","MEMORY_ALLOCATION_FREE","",0,"0x0000794d5f600000",240766,143940410033875,143940410089756
"MEMORY_ALLOCATION","MEMORY_ALLOCATION_FREE","",0,"0x0000794d66237000",240768,143940410094446,143940410095086
"MEMORY_ALLOCATION","MEMORY_ALLOCATION_FREE","",0,"0x0000794d66238000",240770,143940410099646,143940410100136
"MEMORY_ALLOCATION","MEMORY_ALLOCATION_FREE","",0,"0x0000794d66239000",240772,143940410104566,143940410105186
"MEMORY_ALLOCATION","MEMORY_ALLOCATION_FREE","",0,"0x0000794d6623a000",240774,143940410109286,143940410109656
"MEMORY_ALLOCATION","MEMORY_ALLOCATION_FREE","",0,"0x0000794d5ec00000",240776,143940410113796,143940410169337
"MEMORY_ALLOCATION","MEMORY_ALLOCATION_FREE","",0,"0x0000794d6623b000",240778,143940410174307,143940410174977
"MEMORY_ALLOCATION","MEMORY_ALLOCATION_FREE","",0,"0x0000794d6623c000",240780,143940410179337,143940410179737
"MEMORY_ALLOCATION","MEMORY_ALLOCATION_FREE","",0,"0x0000794d6623d000",240782,143940410183447,143940410183977
"MEMORY_ALLOCATION","MEMORY_ALLOCATION_FREE","",0,"0x0000794d6623e000",240784,143940410188017,143940410188387
"MEMORY_ALLOCATION","MEMORY_ALLOCATION_FREE","",0,"0x0000794d6623f000",240786,143940410192197,143940410192657
"MEMORY_ALLOCATION","MEMORY_ALLOCATION_FREE","",0,"0x0000794d66240000",240788,143940410197077,143940410197467
"MEMORY_ALLOCATION","MEMORY_ALLOCATION_FREE","",0,"0x0000794d5e200000",240790,143940410201557,143940410259628
"MEMORY_ALLOCATION","MEMORY_ALLOCATION_FREE","",0,"0x0000794d66241000",240792,143940410263668,143940410264348
"MEMORY_ALLOCATION","MEMORY_ALLOCATION_FREE","",0,"0x0000794d66242000",240794,143940410267528,143940410267938
"MEMORY_ALLOCATION","MEMORY_ALLOCATION_FREE","",0,"0x0000794d66243000",240796,143940410271128,143940410271758
"MEMORY_ALLOCATION","MEMORY_ALLOCATION_FREE","",0,"0x0000794d66244000",240798,143940410275369,143940410275679
"MEMORY_ALLOCATION","MEMORY_ALLOCATION_FREE","",0,"0x0000794d5d800000",240800,143940410278949,143940410330719
"MEMORY_ALLOCATION","MEMORY_ALLOCATION_FREE","",0,"0x0000794d66245000",240802,143940410570303,143940410572413
"MEMORY_ALLOCATION","MEMORY_ALLOCATION_FREE","",0,"0x0000794d66246000",240804,143940410580793,143940410581463
"MEMORY_ALLOCATION","MEMORY_ALLOCATION_FREE","",0,"0x0000794d66247000",240806,143940410600103,143940410600733
"MEMORY_ALLOCATION","MEMORY_ALLOCATION_FREE","",0,"0x0000794d66248000",240808,143940410606054,143940410606704
"MEMORY_ALLOCATION","MEMORY_ALLOCATION_FREE","",0,"0x0000794d66249000",240810,143940410611824,143940410612564
"MEMORY_ALLOCATION","MEMORY_ALLOCATION_FREE","",0,"0x0000794d6624a000",240812,143940410618814,143940410619454
"MEMORY_ALLOCATION","MEMORY_ALLOCATION_FREE","",0,"0x0000794d6624d000",240814,143940410624924,143940410625374
"MEMORY_ALLOCATION","MEMORY_ALLOCATION_FREE","",0,"0x0000794d6624e000",240816,143940410628564,143940410628904
"MEMORY_ALLOCATION","MEMORY_ALLOCATION_FREE","",0,"0x0000794d5d400000",240818,143940410633494,143940410634374
"MEMORY_ALLOCATION","MEMORY_ALLOCATION_FREE","",0,"0x0000794d6624f000",240820,143940410638304,143940410639444
"MEMORY_ALLOCATION","MEMORY_ALLOCATION_FREE","",0,"0x0000794d66250000",240822,143940410642864,143940410643264
"MEMORY_ALLOCATION","MEMORY_ALLOCATION_FREE","",0,"0x0000794d66251000",240824,143940410646334,143940410646704
"MEMORY_ALLOCATION","MEMORY_ALLOCATION_FREE","",0,"0x0000794d66252000",240826,143940410650014,143940410650364
"MEMORY_ALLOCATION","MEMORY_ALLOCATION_FREE","",0,"0x0000794d5ce00000",240828,143940410653964,143940410727245
"MEMORY_ALLOCATION","MEMORY_ALLOCATION_FREE","",0,"0x0000794d66253000",240830,143940410733815,143940410734955
"MEMORY_ALLOCATION","MEMORY_ALLOCATION_FREE","",0,"0x0000794d66254000",240832,143940410740586,143940410741106
"MEMORY_ALLOCATION","MEMORY_ALLOCATION_FREE","",0,"0x0000794d66255000",240834,143940410746366,143940410747146
"MEMORY_ALLOCATION","MEMORY_ALLOCATION_FREE","",0,"0x0000794d66256000",240836,143940410752996,143940410753496
"MEMORY_ALLOCATION","MEMORY_ALLOCATION_FREE","",0,"0x0000794d66257000",240838,143940410758466,143940410759136
"MEMORY_ALLOCATION","MEMORY_ALLOCATION_FREE","",0,"0x0000794d66258000",240840,143940410764296,143940410764746
"MEMORY_ALLOCATION","MEMORY_ALLOCATION_FREE","",0,"0x0000794d66259000",240842,143940410769476,143940410770036
"MEMORY_ALLOCATION","MEMORY_ALLOCATION_FREE","",0,"0x0000794d6625a000",240844,143940410775866,143940410776306
"MEMORY_ALLOCATION","MEMORY_ALLOCATION_FREE","",0,"0x0000794d5ca00000",240846,143940410781256,143940410781846
"MEMORY_ALLOCATION","MEMORY_ALLOCATION_FREE","",0,"0x0000794d6625b000",240848,143940410787916,143940410788556
"MEMORY_ALLOCATION","MEMORY_ALLOCATION_FREE","",0,"0x0000794d6625c000",240850,143940410793706,143940410794136
"MEMORY_ALLOCATION","MEMORY_ALLOCATION_FREE","",0,"0x0000794d6625d000",240852,143940410799376,143940410800056
"MEMORY_ALLOCATION","MEMORY_ALLOCATION_FREE","",0,"0x0000794d6625e000",240854,143940410805057,143940410805497
"MEMORY_ALLOCATION","MEMORY_ALLOCATION_FREE","",0,"0x0000794d6625f000",240856,143940410810647,143940410811227
"MEMORY_ALLOCATION","MEMORY_ALLOCATION_FREE","",0,"0x0000794d5c600000",240858,143940410816377,143940410817067
"MEMORY_ALLOCATION","MEMORY_ALLOCATION_FREE","",0,"0x0000794d66260000",240860,143940410822667,143940410823317
"MEMORY_ALLOCATION","MEMORY_ALLOCATION_FREE","",0,"0x0000794d66261000",240862,143940410828187,143940410828677
"MEMORY_ALLOCATION","MEMORY_ALLOCATION_FREE","",0,"0x0000794d66262000",240864,143940410833957,143940410834547
"MEMORY_ALLOCATION","MEMORY_ALLOCATION_FREE","",0,"0x0000794d66263000",240866,143940410839537,143940410840227
"MEMORY_ALLOCATION","MEMORY_ALLOCATION_FREE","",0,"0x0000794d5c200000",240868,143940410845947,143940410846477
"MEMORY_ALLOCATION","MEMORY_ALLOCATION_FREE","",0,"0x0000794d66264000",240870,143940410851787,143940410852307
"MEMORY_ALLOCATION","MEMORY_ALLOCATION_FREE","",0,"0x0000794d66265000",240872,143940410857287,143940410858047
"MEMORY_ALLOCATION","MEMORY_ALLOCATION_FREE","",0,"0x0000794d5be00000",240874,143940410863357,143940410863747
"MEMORY_ALLOCATION","MEMORY_ALLOCATION_FREE","",0,"0x0000794d66266000",240876,143940410869008,143940410869548
"MEMORY_ALLOCATION","MEMORY_ALLOCATION_FREE","",0,"0x0000794d66267000",240878,143940410874678,143940410875208
"MEMORY_ALLOCATION","MEMORY_ALLOCATION_FREE","",0,"0x0000794d5ba00000",240880,143940410880228,143940410880628
"MEMORY_ALLOCATION","MEMORY_ALLOCATION_FREE","",0,"0x0000794d66268000",240882,143940410885828,143940410886368
"MEMORY_ALLOCATION","MEMORY_ALLOCATION_FREE","",0,"0x0000794d66269000",240884,143940410891148,143940410891748
"MEMORY_ALLOCATION","MEMORY_ALLOCATION_FREE","",0,"0x0000794d6626a000",240886,143940410897218,143940410897808
"MEMORY_ALLOCATION","MEMORY_ALLOCATION_FREE","",0,"0x0000794d6626b000",240888,143940410902998,143940410903638
"MEMORY_ALLOCATION","MEMORY_ALLOCATION_FREE","",0,"0x0000794d5b000000",240890,143940410908928,143940410973309
"MEMORY_ALLOCATION","MEMORY_ALLOCATION_FREE","",0,"0x0000794d6626c000",240892,143940410979939,143940410980749
"MEMORY_ALLOCATION","MEMORY_ALLOCATION_FREE","",0,"0x0000794d6626d000",240894,143940410985929,143940410986549
"MEMORY_ALLOCATION","MEMORY_ALLOCATION_FREE","",0,"0x0000794d6626e000",240896,143940410991809,143940410992359
"MEMORY_ALLOCATION","MEMORY_ALLOCATION_FREE","",0,"0x0000794d6626f000",240898,143940410997499,143940410997979
"MEMORY_ALLOCATION","MEMORY_ALLOCATION_FREE","",0,"0x0000794d5a600000",240900,143940411013930,143940411184402
"MEMORY_ALLOCATION","MEMORY_ALLOCATION_FREE","",0,"0x0000794d66270000",240902,143940411189442,143940411190012
"MEMORY_ALLOCATION","MEMORY_ALLOCATION_FREE","",0,"0x0000794d66271000",240904,143940411193842,143940411194182
"MEMORY_ALLOCATION","MEMORY_ALLOCATION_FREE","",0,"0x0000794d66272000",240906,143940411197413,143940411197743
"MEMORY_ALLOCATION","MEMORY_ALLOCATION_FREE","",0,"0x0000794d66273000",240908,143940411201323,143940411201793
"MEMORY_ALLOCATION","MEMORY_ALLOCATION_FREE","",0,"0x0000794d66274000",240910,143940411205553,143940411205833
"MEMORY_ALLOCATION","MEMORY_ALLOCATION_FREE","",0,"0x0000794d66275000",240912,143940411209833,143940411210293
"MEMORY_ALLOCATION","MEMORY_ALLOCATION_FREE","",0,"0x0000794d59c00000",240914,143940411213633,143940411257303
"MEMORY_ALLOCATION","MEMORY_ALLOCATION_FREE","",0,"0x0000794d66276000",240916,143940411261293,143940411261753
"MEMORY_ALLOCATION","MEMORY_ALLOCATION_FREE","",0,"0x0000794d66277000",240918,143940411264884,143940411265314
"MEMORY_ALLOCATION","MEMORY_ALLOCATION_FREE","",0,"0x0000794d66278000",240920,143940411268634,143940411268934
"MEMORY_ALLOCATION","MEMORY_ALLOCATION_FREE","",0,"0x0000794d66279000",240922,143940411272664,143940411273104
"MEMORY_ALLOCATION","MEMORY_ALLOCATION_FREE","",0,"0x0000794d59200000",240924,143940411276364,143940411325634
"MEMORY_ALLOCATION","MEMORY_ALLOCATION_FREE","",0,"0x0000794d6627a000",240926,143940411329485,143940411329895
"MEMORY_ALLOCATION","MEMORY_ALLOCATION_FREE","",0,"0x0000794d6627b000",240928,143940411333115,143940411333685
"MEMORY_ALLOCATION","MEMORY_ALLOCATION_FREE","",0,"0x0000794d6627c000",240930,143940411336965,143940411337315
"MEMORY_ALLOCATION","MEMORY_ALLOCATION_FREE","",0,"0x0000794d6627d000",240932,143940411340805,143940411341305
"MEMORY_ALLOCATION","MEMORY_ALLOCATION_FREE","",0,"0x0000794d6627e000",240934,143940411344385,143940411344705
"MEMORY_ALLOCATION","MEMORY_ALLOCATION_FREE","",0,"0x0000794d6627f000",240936,143940411347715,143940411349265
"MEMORY_ALLOCATION","MEMORY_ALLOCATION_FREE","",0,"0x0000794d66282000",240938,143940411352225,143940411352565
"MEMORY_ALLOCATION","MEMORY_ALLOCATION_FREE","",0,"0x0000794d66283000",240940,143940411355915,143940411356295
"MEMORY_ALLOCATION","MEMORY_ALLOCATION_FREE","",0,"0x0000794d58e00000",240942,143940411359595,143940411360075
"MEMORY_ALLOCATION","MEMORY_ALLOCATION_FREE","",0,"0x0000794d66284000",240944,143940411364135,143940411364475
"MEMORY_ALLOCATION","MEMORY_ALLOCATION_FREE","",0,"0x0000794d66285000",240946,143940411367785,143940411368415
"MEMORY_ALLOCATION","MEMORY_ALLOCATION_FREE","",0,"0x0000794d66286000",240948,143940411372145,143940411372535
"MEMORY_ALLOCATION","MEMORY_ALLOCATION_FREE","",0,"0x0000794d66287000",240950,143940411375745,143940411376205
"MEMORY_ALLOCATION","MEMORY_ALLOCATION_FREE","",0,"0x0000794d58800000",240952,143940411379725,143940411431616
"MEMORY_ALLOCATION","MEMORY_ALLOCATION_FREE","",0,"0x0000794d66288000",240954,143940411435726,143940411436256
"MEMORY_ALLOCATION","MEMORY_ALLOCATION_FREE","",0,"0x0000794d66289000",240956,143940411439526,143940411439946
"MEMORY_ALLOCATION","MEMORY_ALLOCATION_FREE","",0,"0x0000794d6628a000",240958,143940411443416,143940411443706
"MEMORY_ALLOCATION","MEMORY_ALLOCATION_FREE","",0,"0x0000794d6628b000",240960,143940411446926,143940411447326
"MEMORY_ALLOCATION","MEMORY_ALLOCATION_FREE","",0,"0x0000794d6628c000",240962,143940411450806,143940411451116
"MEMORY_ALLOCATION","MEMORY_ALLOCATION_FREE","",0,"0x0000794d6628d000",240964,143940411454276,143940411454696
"MEMORY_ALLOCATION","MEMORY_ALLOCATION_FREE","",0,"0x0000794d6628e000",240966,143940411458006,143940411458336
"MEMORY_ALLOCATION","MEMORY_ALLOCATION_FREE","",0,"0x0000794d6628f000",240968,143940411461607,143940411461967
"MEMORY_ALLOCATION","MEMORY_ALLOCATION_FREE","",0,"0x0000794d58400000",240970,143940411465577,143940411465917
"MEMORY_ALLOCATION","MEMORY_ALLOCATION_FREE","",0,"0x0000794d66290000",240972,143940411469117,143940411469447
"MEMORY_ALLOCATION","MEMORY_ALLOCATION_FREE","",0,"0x0000794d66291000",240974,143940411472457,143940411472807
"MEMORY_ALLOCATION","MEMORY_ALLOCATION_FREE","",0,"0x0000794d66292000",240976,143940411476057,143940411476367
"MEMORY_ALLOCATION","MEMORY_ALLOCATION_FREE","",0,"0x0000794d66293000",240978,143940411479877,143940411480167
"MEMORY_ALLOCATION","MEMORY_ALLOCATION_FREE","",0,"0x0000794d66294000",240980,143940411483277,143940411483587
"MEMORY_ALLOCATION","MEMORY_ALLOCATION_FREE","",0,"0x0000794d58000000",240982,143940411486897,143940411487207
"MEMORY_ALLOCATION","MEMORY_ALLOCATION_FREE","",0,"0x0000794d66295000",240984,143940411490267,143940411490837
"MEMORY_ALLOCATION","MEMORY_ALLOCATION_FREE","",0,"0x0000794d66296000",240986,143940411494017,143940411494297
"MEMORY_ALLOCATION","MEMORY_ALLOCATION_FREE","",0,"0x0000794d66297000",240988,143940411497637,143940411498057
"MEMORY_ALLOCATION","MEMORY_ALLOCATION_FREE","",0,"0x0000794d66298000",240990,143940411501217,143940411501557
"MEMORY_ALLOCATION","MEMORY_ALLOCATION_FREE","",0,"0x0000794d57c00000",240992,143940411505327,143940411505617
"MEMORY_ALLOCATION","MEMORY_ALLOCATION_FREE","",0,"0x0000794d66299000",240994,143940411508547,143940411508897
"MEMORY_ALLOCATION","MEMORY_ALLOCATION_FREE","",0,"0x0000794d6629a000",240996,143940411511947,143940411512217
"MEMORY_ALLOCATION","MEMORY_ALLOCATION_FREE","",0,"0x0000794d57800000",240998,143940411515197,143940411515547
"MEMORY_ALLOCATION","MEMORY_ALLOCATION_FREE","",0,"0x0000794d6629b000",241000,143940411518877,143940411519197
"MEMORY_ALLOCATION","MEMORY_ALLOCATION_FREE","",0,"0x0000794d6629c000",241002,143940411522897,143940411523177
"MEMORY_ALLOCATION","MEMORY_ALLOCATION_FREE","",0,"0x0000794d57400000",241004,143940411526418,143940411526788
"MEMORY_ALLOCATION","MEMORY_ALLOCATION_FREE","",0,"0x0000794d6629d000",241006,143940411529868,143940411530408
"MEMORY_ALLOCATION","MEMORY_ALLOCATION_FREE","",0,"0x0000794d6629e000",241008,143940411533448,143940411533698
"MEMORY_ALLOCATION","MEMORY_ALLOCATION_FREE","",0,"0x0000794d6629f000",241010,143940411537438,143940411537788
"MEMORY_ALLOCATION","MEMORY_ALLOCATION_FREE","",0,"0x0000794d662a0000",241012,143940411540908,143940411541218
"MEMORY_ALLOCATION","MEMORY_ALLOCATION_FREE","",0,"0x0000794d56a00000",241014,143940411544288,143940411600379
"MEMORY_ALLOCATION","MEMORY_ALLOCATION_FREE","",0,"0x0000794d662a1000",241016,143940411604339,143940411604929
"MEMORY_ALLOCATION","MEMORY_ALLOCATION_FREE","",0,"0x0000794d662a2000",241018,143940411608099,143940411608379
"MEMORY_ALLOCATION","MEMORY_ALLOCATION_FREE","",0,"0x0000794d662a3000",241020,143940411611609,143940411612019
"MEMORY_ALLOCATION","MEMORY_ALLOCATION_FREE","",0,"0x0000794d662a4000",241022,143940411615579,143940411615879
"MEMORY_ALLOCATION","MEMORY_ALLOCATION_FREE","",0,"0x0000794d56000000",241024,143940411619359,143940411672070
"MEMORY_ALLOCATION","MEMORY_ALLOCATION_FREE","",0,"0x0000794d662a5000",241026,143940411676250,143940411677020
"MEMORY_ALLOCATION","MEMORY_ALLOCATION_FREE","",0,"0x0000794d662a6000",241028,143940411680070,143940411680780
"MEMORY_ALLOCATION","MEMORY_ALLOCATION_FREE","",0,"0x0000794d662a7000",241030,143940411684730,143940411685260
"MEMORY_ALLOCATION","MEMORY_ALLOCATION_FREE","",0,"0x0000794d662a8000",241032,143940411688430,143940411688720
"MEMORY_ALLOCATION","MEMORY_ALLOCATION_FREE","",0,"0x0000794d662a9000",241034,143940411691740,143940411692380
"MEMORY_ALLOCATION","MEMORY_ALLOCATION_FREE","",0,"0x0000794d662aa000",241036,143940411695810,143940411696120
"MEMORY_ALLOCATION","MEMORY_ALLOCATION_FREE","",0,"0x0000794d55600000",241038,143940411700260,143940411751981
"MEMORY_ALLOCATION","MEMORY_ALLOCATION_FREE","",0,"0x0000794d662ab000",241040,143940411755601,143940411756131
"MEMORY_ALLOCATION","MEMORY_ALLOCATION_FREE","",0,"0x0000794d662ac000",241042,143940411759331,143940411759741
"MEMORY_ALLOCATION","MEMORY_ALLOCATION_FREE","",0,"0x0000794d662ad000",241044,143940411763641,143940411764081
"MEMORY_ALLOCATION","MEMORY_ALLOCATION_FREE","",0,"0x0000794d662ae000",241046,143940411767601,143940411767901
"MEMORY_ALLOCATION","MEMORY_ALLOCATION_FREE","",0,"0x0000794d54c00000",241048,143940411771451,143940411816072
"MEMORY_ALLOCATION","MEMORY_ALLOCATION_FREE","",0,"0x0000794d662af000",241050,143940411820562,143940411821102
"MEMORY_ALLOCATION","MEMORY_ALLOCATION_FREE","",0,"0x0000794d662b0000",241052,143940411824192,143940411825052
"MEMORY_ALLOCATION","MEMORY_ALLOCATION_FREE","",0,"0x0000794d662b1000",241054,143940411828522,143940411829002
"MEMORY_ALLOCATION","MEMORY_ALLOCATION_FREE","",0,"0x0000794d662b2000",241056,143940411832182,143940411832472
"MEMORY_ALLOCATION","MEMORY_ALLOCATION_FREE","",0,"0x0000794d662b3000",241058,143940411835862,143940411836262
"MEMORY_ALLOCATION","MEMORY_ALLOCATION_FREE","",0,"0x0000794d662b4000",241060,143940411839482,143940411839772
"MEMORY_ALLOCATION","MEMORY_ALLOCATION_FREE","",0,"0x0000794d662b7000",241062,143940411843462,143940411843862
"MEMORY_ALLOCATION","MEMORY_ALLOCATION_FREE","",0,"0x0000794d662b8000",241064,143940411847182,143940411847472
"MEMORY_ALLOCATION","MEMORY_ALLOCATION_FREE","",0,"0x0000794d54800000",241066,143940411851332,143940411851632
"MEMORY_ALLOCATION","MEMORY_ALLOCATION_FREE","",0,"0x0000794d662b9000",241068,143940411854812,143940411855242
"MEMORY_ALLOCATION","MEMORY_ALLOCATION_FREE","",0,"0x0000794d662ba000",241070,143940411858303,143940411858583
"MEMORY_ALLOCATION","MEMORY_ALLOCATION_FREE","",0,"0x0000794d662bb000",241072,143940411862023,143940411862483
"MEMORY_ALLOCATION","MEMORY_ALLOCATION_FREE","",0,"0x0000794d662bc000",241074,143940411865723,143940411866023
"MEMORY_ALLOCATION","MEMORY_ALLOCATION_FREE","",0,"0x0000794d54200000",241076,143940411869243,143940411917013
"MEMORY_ALLOCATION","MEMORY_ALLOCATION_FREE","",0,"0x0000794d662bd000",241078,143940411920473,143940411921043
"MEMORY_ALLOCATION","MEMORY_ALLOCATION_FREE","",0,"0x0000794d662be000",241080,143940411924264,143940411924574
"MEMORY_ALLOCATION","MEMORY_ALLOCATION_FREE","",0,"0x0000794d662bf000",241082,143940411927974,143940411928394
"MEMORY_ALLOCATION","MEMORY_ALLOCATION_FREE","",0,"0x0000794d662c0000",241084,143940411931554,143940411931854
"MEMORY_ALLOCATION","MEMORY_ALLOCATION_FREE","",0,"0x0000794d662c1000",241086,143940411934994,143940411935484
"MEMORY_ALLOCATION","MEMORY_ALLOCATION_FREE","",0,"0x0000794d662c2000",241088,143940411938614,143940411938894
"MEMORY_ALLOCATION","MEMORY_ALLOCATION_FREE","",0,"0x0000794d662c3000",241090,143940411942614,143940411942964
"MEMORY_ALLOCATION","MEMORY_ALLOCATION_FREE","",0,"0x0000794d662c4000",241092,143940411946654,143940411946954
"MEMORY_ALLOCATION","MEMORY_ALLOCATION_FREE","",0,"0x0000794d53e00000",241094,143940411950514,143940411950934
"MEMORY_ALLOCATION","MEMORY_ALLOCATION_FREE","",0,"0x0000794d662c5000",241096,143940411954144,143940411954454
"MEMORY_ALLOCATION","MEMORY_ALLOCATION_FREE","",0,"0x0000794d662c6000",241098,143940411957964,143940411958254
"MEMORY_ALLOCATION","MEMORY_ALLOCATION_FREE","",0,"0x0000794d662c7000",241100,143940411961494,143940411961954
"MEMORY_ALLOCATION","MEMORY_ALLOCATION_FREE","",0,"0x0000794d662c8000",241102,143940411965914,143940411966194
"MEMORY_ALLOCATION","MEMORY_ALLOCATION_FREE","",0,"0x0000794d662c9000",241104,143940411969254,143940411969714
"MEMORY_ALLOCATION","MEMORY_ALLOCATION_FREE","",0,"0x0000794d53a00000",241106,143940411973384,143940411973684
"MEMORY_ALLOCATION","MEMORY_ALLOCATION_FREE","",0,"0x0000794d662ca000",241108,143940411976644,143940411977014
"MEMORY_ALLOCATION","MEMORY_ALLOCATION_FREE","",0,"0x0000794d662cb000",241110,143940411979954,143940411980294
"MEMORY_ALLOCATION","MEMORY_ALLOCATION_FREE","",0,"0x0000794d662cc000",241112,143940411983494,143940411983784
"MEMORY_ALLOCATION","MEMORY_ALLOCATION_FREE","",0,"0x0000794d662cd000",241114,143940411986894,143940411987254
"MEMORY_ALLOCATION","MEMORY_ALLOCATION_FREE","",0,"0x0000794d53600000",241116,143940411990785,143940411991045
"MEMORY_ALLOCATION","MEMORY_ALLOCATION_FREE","",0,"0x0000794d662ce000",241118,143940411994215,143940411994505
"MEMORY_ALLOCATION","MEMORY_ALLOCATION_FREE","",0,"0x0000794d662cf000",241120,143940411997685,143940411998055
"MEMORY_ALLOCATION","MEMORY_ALLOCATION_FREE","",0,"0x0000794d53200000",241122,143940412009075,143940412009485
"MEMORY_ALLOCATION","MEMORY_ALLOCATION_FREE","",0,"0x0000794d662d0000",241124,143940412031955,143940412033815
"MEMORY_ALLOCATION","MEMORY_ALLOCATION_FREE","",0,"0x0000794d662d1000",241126,143940412038375,143940412038905
"MEMORY_ALLOCATION","MEMORY_ALLOCATION_FREE","",0,"0x0000794d52e00000",241128,143940412042785,143940412043555
"MEMORY_ALLOCATION","MEMORY_ALLOCATION_FREE","",0,"0x0000794d662d2000",241130,143940412046795,143940412047225
"MEMORY_ALLOCATION","MEMORY_ALLOCATION_FREE","",0,"0x0000794d662d3000",241132,143940412050455,143940412050845
"MEMORY_ALLOCATION","MEMORY_ALLOCATION_FREE","",0,"0x0000794d662d4000",241134,143940412054116,143940412054426
"MEMORY_ALLOCATION","MEMORY_ALLOCATION_FREE","",0,"0x0000794d662d5000",241136,143940412057376,143940412057746
"MEMORY_ALLOCATION","MEMORY_ALLOCATION_FREE","",0,"0x0000794d52400000",241138,143940412061686,143940412121447
"MEMORY_ALLOCATION","MEMORY_ALLOCATION_FREE","",0,"0x0000794d662d6000",241140,143940412125827,143940412126447
"MEMORY_ALLOCATION","MEMORY_ALLOCATION_FREE","",0,"0x0000794d662d7000",241142,143940412129737,143940412130267
"MEMORY_ALLOCATION","MEMORY_ALLOCATION_FREE","",0,"0x0000794d662d8000",241144,143940412133377,143940412133697
"MEMORY_ALLOCATION","MEMORY_ALLOCATION_FREE","",0,"0x0000794d662d9000",241146,143940412137317,143940412137797
"MEMORY_ALLOCATION","MEMORY_ALLOCATION_FREE","",0,"0x0000794d51a00000",241148,143940412141027,143940412190478
"MEMORY_ALLOCATION","MEMORY_ALLOCATION_FREE","",0,"0x0000794d662da000",241150,143940412194088,143940412194578
"MEMORY_ALLOCATION","MEMORY_ALLOCATION_FREE","",0,"0x0000794d662db000",241152,143940412336730,143940412337220
"MEMORY_ALLOCATION","MEMORY_ALLOCATION_FREE","",0,"0x0000794d662dc000",241154,143940412341680,143940412341940
"MEMORY_ALLOCATION","MEMORY_ALLOCATION_FREE","",0,"0x0000794d662dd000",241156,143940412345230,143940412345540
"MEMORY_ALLOCATION","MEMORY_ALLOCATION_FREE","",0,"0x0000794d662de000",241158,143940412348740,143940412349010
"MEMORY_ALLOCATION","MEMORY_ALLOCATION_FREE","",0,"0x0000794d662df000",241160,143940412352590,143940412354530
"MEMORY_ALLOCATION","MEMORY_ALLOCATION_FREE","",0,"0x0000794d51000000",241162,143940412358580,143940412405791
"MEMORY_ALLOCATION","MEMORY_ALLOCATION_FREE","",0,"0x0000794d662e0000",241164,143940412410161,143940412410651
"MEMORY_ALLOCATION","MEMORY_ALLOCATION_FREE","",0,"0x0000794d662e1000",241166,143940412414411,143940412414891
"MEMORY_ALLOCATION","MEMORY_ALLOCATION_FREE","",0,"0x0000794d662e2000",241168,143940412418561,143940412418881
"MEMORY_ALLOCATION","MEMORY_ALLOCATION_FREE","",0,"0x0000794d662e3000",241170,143940412422291,143940412422741
"MEMORY_ALLOCATION","MEMORY_ALLOCATION_FREE","",0,"0x0000794d50600000",241172,143940412426381,143940412475392
"MEMORY_ALLOCATION","MEMORY_ALLOCATION_FREE","",0,"0x0000794d662e4000",241174,143940412479272,143940412479712
"MEMORY_ALLOCATION","MEMORY_ALLOCATION_FREE","",0,"0x0000794d662e5000",241176,143940412483142,143940412483482
"MEMORY_ALLOCATION","MEMORY_ALLOCATION_FREE","",0,"0x0000794d662e6000",241178,143940412486902,143940412487232
"MEMORY_ALLOCATION","MEMORY_ALLOCATION_FREE","",0,"0x0000794d662e7000",241180,143940412490742,143940412491372
"MEMORY_ALLOCATION","MEMORY_ALLOCATION_FREE","",0,"0x0000794d662e8000",241182,143940412494762,143940412495082
"MEMORY_ALLOCATION","MEMORY_ALLOCATION_FREE","",0,"0x0000794d662e9000",241184,143940412499072,143940412499562
"MEMORY_ALLOCATION","MEMORY_ALLOCATION_FREE","",0,"0x0000794d662ec000",241186,143940412503352,143940412503772
"MEMORY_ALLOCATION","MEMORY_ALLOCATION_FREE","",0,"0x0000794d662ed000",241188,143940412507132,143940412507552
"MEMORY_ALLOCATION","MEMORY_ALLOCATION_FREE","",0,"0x0000794d50200000",241190,143940412511532,143940412511862
"MEMORY_ALLOCATION","MEMORY_ALLOCATION_FREE","",0,"0x0000794d662ee000",241192,143940412515263,143940412515573
"MEMORY_ALLOCATION","MEMORY_ALLOCATION_FREE","",0,"0x0000794d662ef000",241194,143940412518743,143940412519173
"MEMORY_ALLOCATION","MEMORY_ALLOCATION_FREE","",0,"0x0000794d662f0000",241196,143940412523173,143940412523493
"MEMORY_ALLOCATION","MEMORY_ALLOCATION_FREE","",0,"0x0000794d662f1000",241198,143940412527193,143940412527643
"MEMORY_ALLOCATION","MEMORY_ALLOCATION_FREE","",0,"0x0000794d4fc00000",241200,143940412530833,143940412578463
"MEMORY_ALLOCATION","MEMORY_ALLOCATION_FREE","",0,"0x0000794d662f2000",241202,143940412582284,143940412582794
"MEMORY_ALLOCATION","MEMORY_ALLOCATION_FREE","",0,"0x0000794d662f3000",241204,143940412586344,143940412586784
"MEMORY_ALLOCATION","MEMORY_ALLOCATION_FREE","",0,"0x0000794d662f4000",241206,143940412590344,143940412590674
"MEMORY_ALLOCATION","MEMORY_ALLOCATION_FREE","",0,"0x0000794d662f5000",241208,143940412594214,143940412594614
"MEMORY_ALLOCATION","MEMORY_ALLOCATION_FREE","",0,"0x0000794d662f6000",241210,143940412598294,143940412598874
"MEMORY_ALLOCATION","MEMORY_ALLOCATION_FREE","",0,"0x0000794d662f7000",241212,143940412602724,143940412603104
"MEMORY_ALLOCATION","MEMORY_ALLOCATION_FREE","",0,"0x0000794d662f8000",241214,143940412606534,143940412606914
"MEMORY_ALLOCATION","MEMORY_ALLOCATION_FREE","",0,"0x0000794d662f9000",241216,143940412610674,143940412611124
"MEMORY_ALLOCATION","MEMORY_ALLOCATION_FREE","",0,"0x0000794d4f800000",241218,143940412614604,143940412615094
"MEMORY_ALLOCATION","MEMORY_ALLOCATION_FREE","",0,"0x0000794d662fa000",241220,143940412618164,143940412618464
"MEMORY_ALLOCATION","MEMORY_ALLOCATION_FREE","",0,"0x0000794d662fb000",241222,143940412621634,143940412622104
"MEMORY_ALLOCATION","MEMORY_ALLOCATION_FREE","",0,"0x0000794d662fc000",241224,143940412625374,143940412625694
"MEMORY_ALLOCATION","MEMORY_ALLOCATION_FREE","",0,"0x0000794d662fd000",241226,143940412629204,143940412629604
"MEMORY_ALLOCATION","MEMORY_ALLOCATION_FREE","",0,"0x0000794d662fe000",241228,143940412632934,143940412633234
"MEMORY_ALLOCATION","MEMORY_ALLOCATION_FREE","",0,"0x0000794d4f400000",241230,143940412636464,143940412637004
"MEMORY_ALLOCATION","MEMORY_ALLOCATION_FREE","",0,"0x0000794d662ff000",241232,143940412640004,143940412640474
"MEMORY_ALLOCATION","MEMORY_ALLOCATION_FREE","",0,"0x0000794d66300000",241234,143940412643504,143940412644044
"MEMORY_ALLOCATION","MEMORY_ALLOCATION_FREE","",0,"0x0000794d66301000",241236,143940412647685,143940412648145
"MEMORY_ALLOCATION","MEMORY_ALLOCATION_FREE","",0,"0x0000794d66302000",241238,143940412651535,143940412651845
"MEMORY_ALLOCATION","MEMORY_ALLOCATION_FREE","",0,"0x0000794d4f000000",241240,143940412655525,143940412655815
"MEMORY_ALLOCATION","MEMORY_ALLOCATION_FREE","",0,"0x0000794d66303000",241242,143940412659035,143940412659625
"MEMORY_ALLOCATION","MEMORY_ALLOCATION_FREE","",0,"0x0000794d66304000",241244,143940412662775,143940412663075
"MEMORY_ALLOCATION","MEMORY_ALLOCATION_FREE","",0,"0x0000794d4ec00000",241246,143940412666485,143940412666755
"MEMORY_ALLOCATION","MEMORY_ALLOCATION_FREE","",0,"0x0000794d66305000",241248,143940412670445,143940412670805
"MEMORY_ALLOCATION","MEMORY_ALLOCATION_FREE","",0,"0x0000794d66306000",241250,143940412674055,143940412674345
"MEMORY_ALLOCATION","MEMORY_ALLOCATION_FREE","",0,"0x0000794d4e800000",241252,143940412678445,143940412678795
"MEMORY_ALLOCATION","MEMORY_ALLOCATION_FREE","",0,"0x0000794d66307000",241254,143940412681935,143940412682365
"MEMORY_ALLOCATION","MEMORY_ALLOCATION_FREE","",0,"0x0000794d66308000",241256,143940412686195,143940412686505
"MEMORY_ALLOCATION","MEMORY_ALLOCATION_FREE","",0,"0x0000794d66309000",241258,143940412690445,143940412691115
"MEMORY_ALLOCATION","MEMORY_ALLOCATION_FREE","",0,"0x0000794d6630a000",241260,143940412694445,143940412694725
"MEMORY_ALLOCATION","MEMORY_ALLOCATION_FREE","",0,"0x0000794d4de00000",241262,143940412698125,143940412751786
"MEMORY_ALLOCATION","MEMORY_ALLOCATION_FREE","",0,"0x0000794d6630b000",241264,143940412756256,143940412756906
"MEMORY_ALLOCATION","MEMORY_ALLOCATION_FREE","",0,"0x0000794d6630c000",241266,143940412760366,143940412761166
"MEMORY_ALLOCATION","MEMORY_ALLOCATION_FREE","",0,"0x0000794d6630d000",241268,143940412764616,143940412765126
"MEMORY_ALLOCATION","MEMORY_ALLOCATION_FREE","",0,"0x0000794d6630e000",241270,143940412768666,143940412768976
"MEMORY_ALLOCATION","MEMORY_ALLOCATION_FREE","",0,"0x0000794d4d400000",241272,143940412772586,143940412822227
"MEMORY_ALLOCATION","MEMORY_ALLOCATION_FREE","",0,"0x0000794d6630f000",241274,143940412826147,143940412826687
"MEMORY_ALLOCATION","MEMORY_ALLOCATION_FREE","",0,"0x0000794d66310000",241276,143940412830117,143940412830437
"MEMORY_ALLOCATION","MEMORY_ALLOCATION_FREE","",0,"0x0000794d66311000",241278,143940412834237,143940412834697
"MEMORY_ALLOCATION","MEMORY_ALLOCATION_FREE","",0,"0x0000794d66312000",241280,143940412838057,143940412838367
"MEMORY_ALLOCATION","MEMORY_ALLOCATION_FREE","",0,"0x0000794d66313000",241282,143940412842297,143940412842827
"MEMORY_ALLOCATION","MEMORY_ALLOCATION_FREE","",0,"0x0000794d66314000",241284,143940412846508,143940412846838
"MEMORY_ALLOCATION","MEMORY_ALLOCATION_FREE","",0,"0x0000794d4ca00000",241286,143940412850448,143940412899908
"MEMORY_ALLOCATION","MEMORY_ALLOCATION_FREE","",0,"0x0000794d66315000",241288,143940412904508,143940412905188
"MEMORY_ALLOCATION","MEMORY_ALLOCATION_FREE","",0,"0x0000794d66316000",241290,143940412908478,143940412908788
"MEMORY_ALLOCATION","MEMORY_ALLOCATION_FREE","",0,"0x0000794d66317000",241292,143940412912319,143940412912729
"MEMORY_ALLOCATION","MEMORY_ALLOCATION_FREE","",0,"0x0000794d66318000",241294,143940412916899,143940412917239
"MEMORY_ALLOCATION","MEMORY_ALLOCATION_FREE","",0,"0x0000794d4c000000",241296,143940412920979,143940412967469
"MEMORY_ALLOCATION","MEMORY_ALLOCATION_FREE","",0,"0x0000794d66319000",241298,143940412974059,143940412975029
"MEMORY_ALLOCATION","MEMORY_ALLOCATION_FREE","",0,"0x0000794d6631a000",241300,143940412981430,143940412982090
"MEMORY_ALLOCATION","MEMORY_ALLOCATION_FREE","",0,"0x0000794d6631b000",241302,143940412987610,143940412988190
"MEMORY_ALLOCATION","MEMORY_ALLOCATION_FREE","",0,"0x0000794d6631c000",241304,143940412991580,143940412991930
"MEMORY_ALLOCATION","MEMORY_ALLOCATION_FREE","",0,"0x0000794d6631d000",241306,143940412995320,143940412995710
"MEMORY_ALLOCATION","MEMORY_ALLOCATION_FREE","",0,"0x0000794d6631e000",241308,143940412998930,143940412999230
"MEMORY_ALLOCATION","MEMORY_ALLOCATION_FREE","",0,"0x0000794d66321000",241310,143940413016030,143940413016450
"MEMORY_ALLOCATION","MEMORY_ALLOCATION_FREE","",0,"0x0000794d66322000",241312,143940413020300,143940413020620
"MEMORY_ALLOCATION","MEMORY_ALLOCATION_FREE","",0,"0x0000794d4bc00000",241314,143940413024170,143940413024660
"MEMORY_ALLOCATION","MEMORY_ALLOCATION_FREE","",0,"0x0000794d66323000",241316,143940413028740,143940413029330
"MEMORY_ALLOCATION","MEMORY_ALLOCATION_FREE","",0,"0x0000794d66324000",241318,143940413032650,143940413032990
"MEMORY_ALLOCATION","MEMORY_ALLOCATION_FREE","",0,"0x0000794d66325000",241320,143940413036480,143940413036880
"MEMORY_ALLOCATION","MEMORY_ALLOCATION_FREE","",0,"0x0000794d66326000",241322,143940413041060,143940413041390
"MEMORY_ALLOCATION","MEMORY_ALLOCATION_FREE","",0,"0x0000794d4b600000",241324,143940413045161,143940413100351
"MEMORY_ALLOCATION","MEMORY_ALLOCATION_FREE","",0,"0x0000794d66327000",241326,143940413104501,143940413105091
"MEMORY_ALLOCATION","MEMORY_ALLOCATION_FREE","",0,"0x0000794d66328000",241328,143940413108262,143940413108622
"MEMORY_ALLOCATION","MEMORY_ALLOCATION_FREE","",0,"0x0000794d66329000",241330,143940413112272,143940413112622
"MEMORY_ALLOCATION","MEMORY_ALLOCATION_FREE","",0,"0x0000794d6632a000",241332,143940413116212,143940413116542
"MEMORY_ALLOCATION","MEMORY_ALLOCATION_FREE","",0,"0x0000794d6632b000",241334,143940413120352,143940413121022
"MEMORY_ALLOCATION","MEMORY_ALLOCATION_FREE","",0,"0x0000794d6632c000",241336,143940413124232,143940413124552
"MEMORY_ALLOCATION","MEMORY_ALLOCATION_FREE","",0,"0x0000794d6632d000",241338,143940413127792,143940413128392
"MEMORY_ALLOCATION","MEMORY_ALLOCATION_FREE","",0,"0x0000794d6632e000",241340,143940413132082,143940413132482
"MEMORY_ALLOCATION","MEMORY_ALLOCATION_FREE","",0,"0x0000794d4b200000",241342,143940413135872,143940413136292
"MEMORY_ALLOCATION","MEMORY_ALLOCATION_FREE","",0,"0x0000794d6632f000",241344,143940413139462,143940413139912
"MEMORY_ALLOCATION","MEMORY_ALLOCATION_FREE","",0,"0x0000794d66330000",241346,143940413143482,143940413143822
"MEMORY_ALLOCATION","MEMORY_ALLOCATION_FREE","",0,"0x0000794d66331000",241348,143940413146882,143940413147222
"MEMORY_ALLOCATION","MEMORY_ALLOCATION_FREE","",0,"0x0000794d66332000",241350,143940413150602,143940413150912
"MEMORY_ALLOCATION","MEMORY_ALLOCATION_FREE","",0,"0x0000794d66333000",241352,143940413154102,143940413154512
"MEMORY_ALLOCATION","MEMORY_ALLOCATION_FREE","",0,"0x0000794d4ae00000",241354,143940413157802,143940413158242
"MEMORY_ALLOCATION","MEMORY_ALLOCATION_FREE","",0,"0x0000794d66334000",241356,143940413161702,143940413162002
"MEMORY_ALLOCATION","MEMORY_ALLOCATION_FREE","",0,"0x0000794d66335000",241358,143940413165232,143940413165582
"MEMORY_ALLOCATION","MEMORY_ALLOCATION_FREE","",0,"0x0000794d66336000",241360,143940413169252,143940413169542
"MEMORY_ALLOCATION","MEMORY_ALLOCATION_FREE","",0,"0x0000794d66337000",241362,143940413172822,143940413173202
"MEMORY_ALLOCATION","MEMORY_ALLOCATION_FREE","",0,"0x0000794d4aa00000",241364,143940413176673,143940413177223
"MEMORY_ALLOCATION","MEMORY_ALLOCATION_FREE","",0,"0x0000794d66338000",241366,143940413180533,143940413180833
"MEMORY_ALLOCATION","MEMORY_ALLOCATION_FREE","",0,"0x0000794d66339000",241368,143940413184413,143940413184793
"MEMORY_ALLOCATION","MEMORY_ALLOCATION_FREE","",0,"0x0000794d4a600000",241370,143940413188133,143940413188423
"MEMORY_ALLOCATION","MEMORY_ALLOCATION_FREE","",0,"0x0000794d6633a000",241372,143940413192203,143940413192503
"MEMORY_ALLOCATION","MEMORY_ALLOCATION_FREE","",0,"0x0000794d6633b000",241374,143940413195903,143940413196393
"MEMORY_ALLOCATION","MEMORY_ALLOCATION_FREE","",0,"0x0000794d4a200000",241376,143940413200123,143940413200393
"MEMORY_ALLOCATION","MEMORY_ALLOCATION_FREE","",0,"0x0000794d6633c000",241378,143940413203803,143940413204233
"MEMORY_ALLOCATION","MEMORY_ALLOCATION_FREE","",0,"0x0000794d6633d000",241380,143940413209373,143940413210153
"MEMORY_ALLOCATION","MEMORY_ALLOCATION_FREE","",0,"0x0000794d6633e000",241382,143940413216073,143940413216643
"MEMORY_ALLOCATION","MEMORY_ALLOCATION_FREE","",0,"0x0000794d6633f000",241384,143940413222023,143940413222663
"MEMORY_ALLOCATION","MEMORY_ALLOCATION_FREE","",0,"0x0000794d49800000",241386,143940413226253,143940413280614
"MEMORY_ALLOCATION","MEMORY_ALLOCATION_FREE","",0,"0x0000794d66340000",241388,143940413284584,143940413285014
"MEMORY_ALLOCATION","MEMORY_ALLOCATION_FREE","",0,"0x0000794d66341000",241390,143940413288124,143940413288524
"MEMORY_ALLOCATION","MEMORY_ALLOCATION_FREE","",0,"0x0000794d66342000",241392,143940413292294,143940413292634
"MEMORY_ALLOCATION","MEMORY_ALLOCATION_FREE","",0,"0x0000794d66343000",241394,143940413296594,143940413297064
"MEMORY_ALLOCATION","MEMORY_ALLOCATION_FREE","",0,"0x0000794d48e00000",241396,143940413301034,143940413347685
"MEMORY_ALLOCATION","MEMORY_ALLOCATION_FREE","",0,"0x0000794d66344000",241398,143940413353345,143940413354095
"MEMORY_ALLOCATION","MEMORY_ALLOCATION_FREE","",0,"0x0000794d66345000",241400,143940413359685,143940413360395
"MEMORY_ALLOCATION","MEMORY_ALLOCATION_FREE","",0,"0x0000794d66346000",241402,143940413364025,143940413364365
"MEMORY_ALLOCATION","MEMORY_ALLOCATION_FREE","",0,"0x0000794d66347000",241404,143940413367675,143940413367995
"MEMORY_ALLOCATION","MEMORY_ALLOCATION_FREE","",0,"0x0000794d66348000",241406,143940413371506,143940413371806
"MEMORY_ALLOCATION","MEMORY_ALLOCATION_FREE","",0,"0x0000794d66349000",241408,143940413375186,143940413375556
"MEMORY_ALLOCATION","MEMORY_ALLOCATION_FREE","",0,"0x0000794d48400000",241410,143940413380016,143940413430226
"MEMORY_ALLOCATION","MEMORY_ALLOCATION_FREE","",0,"0x0000794d6634a000",241412,143940413434356,143940413434966
"MEMORY_ALLOCATION","MEMORY_ALLOCATION_FREE","",0,"0x0000794d6634b000",241414,143940413438517,143940413439057
"MEMORY_ALLOCATION","MEMORY_ALLOCATION_FREE","",0,"0x0000794d6634c000",241416,143940413442467,143940413442827
"MEMORY_ALLOCATION","MEMORY_ALLOCATION_FREE","",0,"0x0000794d6634d000",241418,143940413446407,143940413447577
"MEMORY_ALLOCATION","MEMORY_ALLOCATION_FREE","",0,"0x0000794d47a00000",241420,143940413451267,143940413502137
"MEMORY_ALLOCATION","MEMORY_ALLOCATION_FREE","",0,"0x0000794d6634e000",241422,143940413506188,143940413506698
"MEMORY_ALLOCATION","MEMORY_ALLOCATION_FREE","",0,"0x0000794d6634f000",241424,143940413510128,143940413510558
"MEMORY_ALLOCATION","MEMORY_ALLOCATION_FREE","",0,"0x0000794d66350000",241426,143940413513818,143940413514158
"MEMORY_ALLOCATION","MEMORY_ALLOCATION_FREE","",0,"0x0000794d66351000",241428,143940413517828,143940413518258
"MEMORY_ALLOCATION","MEMORY_ALLOCATION_FREE","",0,"0x0000794d66352000",241430,143940413524028,143940413524568
"MEMORY_ALLOCATION","MEMORY_ALLOCATION_FREE","",0,"0x0000794d66353000",241432,143940413530608,143940413531348
"MEMORY_ALLOCATION","MEMORY_ALLOCATION_FREE","",0,"0x0000794d66356000",241434,143940413536758,143940413537098
"MEMORY_ALLOCATION","MEMORY_ALLOCATION_FREE","",0,"0x0000794d66357000",241436,143940413540588,143940413541058
"MEMORY_ALLOCATION","MEMORY_ALLOCATION_FREE","",0,"0x0000794d47600000",241438,143940413544538,143940413544978
"MEMORY_ALLOCATION","MEMORY_ALLOCATION_FREE","",0,"0x0000794d66358000",241440,143940413548168,143940413548488
"MEMORY_ALLOCATION","MEMORY_ALLOCATION_FREE","",0,"0x0000794d66359000",241442,143940413551788,143940413552238
"MEMORY_ALLOCATION","MEMORY_ALLOCATION_FREE","",0,"0x0000794d6635a000",241444,143940413555638,143940413555968
"MEMORY_ALLOCATION","MEMORY_ALLOCATION_FREE","",0,"0x0000794d6635b000",241446,143940413559048,143940413559388
"MEMORY_ALLOCATION","MEMORY_ALLOCATION_FREE","",0,"0x0000794d47000000",241448,143940413562868,143940413619189
"MEMORY_ALLOCATION","MEMORY_ALLOCATION_FREE","",0,"0x0000794d6635c000",241450,143940413626319,143940413626999
"MEMORY_ALLOCATION","MEMORY_ALLOCATION_FREE","",0,"0x0000794d6635d000",241452,143940413631309,143940413631869
"MEMORY_ALLOCATION","MEMORY_ALLOCATION_FREE","",0,"0x0000794d6635e000",241454,143940413635180,143940413635510
"MEMORY_ALLOCATION","MEMORY_ALLOCATION_FREE","",0,"0x0000794d6635f000",241456,143940413638860,143940413639460
"MEMORY_ALLOCATION","MEMORY_ALLOCATION_FREE","",0,"0x0000794d66360000",241458,143940413643160,143940413643520
"MEMORY_ALLOCATION","MEMORY_ALLOCATION_FREE","",0,"0x0000794d66361000",241460,143940413646910,143940413647290
"MEMORY_ALLOCATION","MEMORY_ALLOCATION_FREE","",0,"0x0000794d66362000",241462,143940413650390,143940413650710
"MEMORY_ALLOCATION","MEMORY_ALLOCATION_FREE","",0,"0x0000794d66363000",241464,143940413654380,143940413654710
"MEMORY_ALLOCATION","MEMORY_ALLOCATION_FREE","",0,"0x0000794d46000000",241466,143940413658240,143940413658580
"MEMORY_ALLOCATION","MEMORY_ALLOCATION_FREE","",0,"0x0000794d66364000",241468,143940413661780,143940413662100
"MEMORY_ALLOCATION","MEMORY_ALLOCATION_FREE","",0,"0x0000794d66365000",241470,143940413665190,143940413666080
"MEMORY_ALLOCATION","MEMORY_ALLOCATION_FREE","",0,"0x0000794d66366000",241472,143940413669380,143940413669690
"MEMORY_ALLOCATION","MEMORY_ALLOCATION_FREE","",0,"0x0000794d66367000",241474,143940413673380,143940413673790
"MEMORY_ALLOCATION","MEMORY_ALLOCATION_FREE","",0,"0x0000794d66368000",241476,143940413677080,143940413677380
"MEMORY_ALLOCATION","MEMORY_ALLOCATION_FREE","",0,"0x0000794d45c00000",241478,143940413680990,143940413681260
"MEMORY_ALLOCATION","MEMORY_ALLOCATION_FREE","",0,"0x0000794d66369000",241480,143940413684410,143940413684760
"MEMORY_ALLOCATION","MEMORY_ALLOCATION_FREE","",0,"0x0000794d6636a000",241482,143940413687750,143940413688060
"MEMORY_ALLOCATION","MEMORY_ALLOCATION_FREE","",0,"0x0000794d6636b000",241484,143940413691820,143940413692200
"MEMORY_ALLOCATION","MEMORY_ALLOCATION_FREE","",0,"0x0000794d6636c000",241486,143940413695610,143940413695930
"MEMORY_ALLOCATION","MEMORY_ALLOCATION_FREE","",0,"0x0000794d45800000",241488,143940413699440,143940413699860
"MEMORY_ALLOCATION","MEMORY_ALLOCATION_FREE","",0,"0x0000794d6636d000",241490,143940413703141,143940413703701
"MEMORY_ALLOCATION","MEMORY_ALLOCATION_FREE","",0,"0x0000794d6636e000",241492,143940413707161,143940413707471
"MEMORY_ALLOCATION","MEMORY_ALLOCATION_FREE","",0,"0x0000794d45400000",241494,143940413710921,143940413711361
"MEMORY_ALLOCATION","MEMORY_ALLOCATION_FREE","",0,"0x0000794d6636f000",241496,143940413714651,143940413715231
"MEMORY_ALLOCATION","MEMORY_ALLOCATION_FREE","",0,"0x0000794d66370000",241498,143940413718541,143940413718861
"MEMORY_ALLOCATION","MEMORY_ALLOCATION_FREE","",0,"0x0000794d45000000",241500,143940413722891,143940413723171
"MEMORY_ALLOCATION","MEMORY_ALLOCATION_FREE","",0,"0x0000794d66371000",241502,143940413867503,143940413868163
"MEMORY_ALLOCATION","MEMORY_ALLOCATION_FREE","",0,"0x0000794d66372000",241504,143940413871963,143940413872313
"MEMORY_ALLOCATION","MEMORY_ALLOCATION_FREE","",0,"0x0000794d66373000",241506,143940413875583,143940413876493
"MEMORY_ALLOCATION","MEMORY_ALLOCATION_FREE","",0,"0x0000794d66374000",241508,143940413879773,143940413880083
"MEMORY_ALLOCATION","MEMORY_ALLOCATION_FREE","",0,"0x0000794d44600000",241510,143940413883253,143940413938874
"MEMORY_ALLOCATION","MEMORY_ALLOCATION_FREE","",0,"0x0000794d66375000",241512,143940413945274,143940413946194
"MEMORY_ALLOCATION","MEMORY_ALLOCATION_FREE","",0,"0x0000794d66376000",241514,143940413951484,143940413951904
"MEMORY_ALLOCATION","MEMORY_ALLOCATION_FREE","",0,"0x0000794d66377000",241516,143940413955244,143940413955784
"MEMORY_ALLOCATION","MEMORY_ALLOCATION_FREE","",0,"0x0000794d66378000",241518,143940413959054,143940413959394
"MEMORY_ALLOCATION","MEMORY_ALLOCATION_FREE","",0,"0x0000794d43c00000",241520,143940413963054,143940414085956
"MEMORY_ALLOCATION","MEMORY_ALLOCATION_FREE","",0,"0x0000794d66379000",241522,143940414093086,143940414094186
"MEMORY_ALLOCATION","MEMORY_ALLOCATION_FREE","",0,"0x0000794d6637a000",241524,143940414098067,143940414098407
"MEMORY_ALLOCATION","MEMORY_ALLOCATION_FREE","",0,"0x0000794d6637b000",241526,143940414101657,143940414102067
"MEMORY_ALLOCATION","MEMORY_ALLOCATION_FREE","",0,"0x0000794d6637c000",241528,143940414105557,143940414105897
"MEMORY_ALLOCATION","MEMORY_ALLOCATION_FREE","",0,"0x0000794d6637d000",241530,143940414109997,143940414110807
"MEMORY_ALLOCATION","MEMORY_ALLOCATION_FREE","",0,"0x0000794d6637e000",241532,143940414114387,143940414114657
"MEMORY_ALLOCATION","MEMORY_ALLOCATION_FREE","",0,"0x0000794d43200000",241534,143940414118747,143940414167118
"MEMORY_ALLOCATION","MEMORY_ALLOCATION_FREE","",0,"0x0000794d6637f000",241536,143940414171098,143940414171838
"MEMORY_ALLOCATION","MEMORY_ALLOCATION_FREE","",0,"0x0000794d66380000",241538,143940414175558,143940414175928
"MEMORY_ALLOCATION","MEMORY_ALLOCATION_FREE","",0,"0x0000794d66381000",241540,143940414179438,143940414179818
"MEMORY_ALLOCATION","MEMORY_ALLOCATION_FREE","",0,"0x0000794d66382000",241542,143940414184108,143940414184478
"MEMORY_ALLOCATION","MEMORY_ALLOCATION_FREE","",0,"0x0000794d42800000",241544,143940414187838,143940414240999
"MEMORY_ALLOCATION","MEMORY_ALLOCATION_FREE","",0,"0x0000794d66383000",241546,143940414247039,143940414247749
"MEMORY_ALLOCATION","MEMORY_ALLOCATION_FREE","",0,"0x0000794d66384000",241548,143940414251849,143940414252179
"MEMORY_ALLOCATION","MEMORY_ALLOCATION_FREE","",0,"0x0000794d66385000",241550,143940414255549,143940414255969
"MEMORY_ALLOCATION","MEMORY_ALLOCATION_FREE","",0,"0x0000794d66386000",241552,143940414259409,143940414259689
"MEMORY_ALLOCATION","MEMORY_ALLOCATION_FREE","",0,"0x0000794d66387000",241554,143940414262849,143940414263309
"MEMORY_ALLOCATION","MEMORY_ALLOCATION_FREE","",0,"0x0000794d66388000",241556,143940414266879,143940414267199
"MEMORY_ALLOCATION","MEMORY_ALLOCATION_FREE","",0,"0x0000794d6638b000",241558,143940414270329,143940414270689
"MEMORY_ALLOCATION","MEMORY_ALLOCATION_FREE","",0,"0x0000794d6638c000",241560,143940414274839,143940414275129
"MEMORY_ALLOCATION","MEMORY_ALLOCATION_FREE","",0,"0x0000794d42400000",241562,143940414278589,143940414278899
"MEMORY_ALLOCATION","MEMORY_ALLOCATION_FREE","",0,"0x0000794d6638d000",241564,143940414282309,143940414282639
"MEMORY_ALLOCATION","MEMORY_ALLOCATION_FREE","",0,"0x0000794d6638e000",241566,143940414286329,143940414286659
"MEMORY_ALLOCATION","MEMORY_ALLOCATION_FREE","",0,"0x0000794d6638f000",241568,143940414290439,143940414290960
"MEMORY_ALLOCATION","MEMORY_ALLOCATION_FREE","",0,"0x0000794d66390000",241570,143940414294260,143940414294540
"MEMORY_ALLOCATION","MEMORY_ALLOCATION_FREE","",0,"0x0000794d41e00000",241572,143940414297920,143940414351040
"MEMORY_ALLOCATION","MEMORY_ALLOCATION_FREE","",0,"0x0000794d66391000",241574,143940414355070,143940414355770
"MEMORY_ALLOCATION","MEMORY_ALLOCATION_FREE","",0,"0x0000794d66392000",241576,143940414359191,143940414359491
"MEMORY_ALLOCATION","MEMORY_ALLOCATION_FREE","",0,"0x0000794d66393000",241578,143940414363001,143940414363391
"MEMORY_ALLOCATION","MEMORY_ALLOCATION_FREE","",0,"0x0000794d66394000",241580,143940414366641,143940414366921
"MEMORY_ALLOCATION","MEMORY_ALLOCATION_FREE","",0,"0x0000794d66395000",241582,143940414370221,143940414370541
"MEMORY_ALLOCATION","MEMORY_ALLOCATION_FREE","",0,"0x0000794d66396000",241584,143940414373691,143940414374011
"MEMORY_ALLOCATION","MEMORY_ALLOCATION_FREE","",0,"0x0000794d66397000",241586,143940414377221,143940414377601
"MEMORY_ALLOCATION","MEMORY_ALLOCATION_FREE","",0,"0x0000794d66398000",241588,143940414381371,143940414381701
"MEMORY_ALLOCATION","MEMORY_ALLOCATION_FREE","",0,"0x0000794d41a00000",241590,143940414385421,143940414385951
"MEMORY_ALLOCATION","MEMORY_ALLOCATION_FREE","",0,"0x0000794d66399000",241592,143940414389101,143940414389481
"MEMORY_ALLOCATION","MEMORY_ALLOCATION_FREE","",0,"0x0000794d6639a000",241594,143940414392671,143940414393021
"MEMORY_ALLOCATION","MEMORY_ALLOCATION_FREE","",0,"0x0000794d6639b000",241596,143940414396441,143940414396761
"MEMORY_ALLOCATION","MEMORY_ALLOCATION_FREE","",0,"0x0000794d6639c000",241598,143940414400021,143940414400321
"MEMORY_ALLOCATION","MEMORY_ALLOCATION_FREE","",0,"0x0000794d6639d000",241600,143940414403411,143940414403711
"MEMORY_ALLOCATION","MEMORY_ALLOCATION_FREE","",0,"0x0000794d41600000",241602,143940414407911,143940414408231
"MEMORY_ALLOCATION","MEMORY_ALLOCATION_FREE","",0,"0x0000794d6639e000",241604,143940414411631,143940414411981
"MEMORY_ALLOCATION","MEMORY_ALLOCATION_FREE","",0,"0x0000794d6639f000",241606,143940414415621,143940414416181
"MEMORY_ALLOCATION","MEMORY_ALLOCATION_FREE","",0,"0x0000794d663a0000",241608,143940414419601,143940414419901
"MEMORY_ALLOCATION","MEMORY_ALLOCATION_FREE","",0,"0x0000794d663a1000",241610,143940414423452,143940414424052
"MEMORY_ALLOCATION","MEMORY_ALLOCATION_FREE","",0,"0x0000794d41200000",241612,143940414427062,143940414427352
"MEMORY_ALLOCATION","MEMORY_ALLOCATION_FREE","",0,"0x0000794d663a2000",241614,143940414430622,143940414430932
"MEMORY_ALLOCATION","MEMORY_ALLOCATION_FREE","",0,"0x0000794d663a3000",241616,143940414435142,143940414435622
"MEMORY_ALLOCATION","MEMORY_ALLOCATION_FREE","",0,"0x0000794d40e00000",241618,143940414440202,143940414440732
"MEMORY_ALLOCATION","MEMORY_ALLOCATION_FREE","",0,"0x0000794d663a4000",241620,143940414445422,143940414445782
"MEMORY_ALLOCATION","MEMORY_ALLOCATION_FREE","",0,"0x0000794d663a5000",241622,143940414449012,143940414449412
"MEMORY_ALLOCATION","MEMORY_ALLOCATION_FREE","",0,"0x0000794d40a00000",241624,143940414452642,143940414453062
"MEMORY_ALLOCATION","MEMORY_ALLOCATION_FREE","",0,"0x0000794d663a6000",241626,143940414456302,143940414456612
"MEMORY_ALLOCATION","MEMORY_ALLOCATION_FREE","",0,"0x0000794d663a7000",241628,143940414459932,143940414460362
"MEMORY_ALLOCATION","MEMORY_ALLOCATION_FREE","",0,"0x0000794d663a8000",241630,143940414464082,143940414464372
"MEMORY_ALLOCATION","MEMORY_ALLOCATION_FREE","",0,"0x0000794d663a9000",241632,143940414467692,143940414468122
"MEMORY_ALLOCATION","MEMORY_ALLOCATION_FREE","",0,"0x0000794d40000000",241634,143940414471642,143940414528503
"MEMORY_ALLOCATION","MEMORY_ALLOCATION_FREE","",0,"0x0000794d663aa000",241636,143940414532733,143940414533193
"MEMORY_ALLOCATION","MEMORY_ALLOCATION_FREE","",0,"0x0000794d663ab000",241638,143940414536453,143940414536833
"MEMORY_ALLOCATION","MEMORY_ALLOCATION_FREE","",0,"0x0000794d663ac000",241640,143940414540243,143940414540523
"MEMORY_ALLOCATION","MEMORY_ALLOCATION_FREE","",0,"0x0000794d663ad000",241642,143940414544213,143940414544633
"MEMORY_ALLOCATION","MEMORY_ALLOCATION_FREE","",0,"0x0000794d3f600000",241644,143940414548013,143940414595104
"MEMORY_ALLOCATION","MEMORY_ALLOCATION_FREE","",0,"0x0000794d663ae000",241646,143940414600564,143940414601144
"MEMORY_ALLOCATION","MEMORY_ALLOCATION_FREE","",0,"0x0000794d663af000",241648,143940414605734,143940414606354
"MEMORY_ALLOCATION","MEMORY_ALLOCATION_FREE","",0,"0x0000794d663b0000",241650,143940414609534,143940414609844
"MEMORY_ALLOCATION","MEMORY_ALLOCATION_FREE","",0,"0x0000794d663b1000",241652,143940414613064,143940414613544
"MEMORY_ALLOCATION","MEMORY_ALLOCATION_FREE","",0,"0x0000794d663b2000",241654,143940414617055,143940414617375
"MEMORY_ALLOCATION","MEMORY_ALLOCATION_FREE","",0,"0x0000794d663b3000",241656,143940414620945,143940414621365
"MEMORY_ALLOCATION","MEMORY_ALLOCATION_FREE","",0,"0x0000794d3ec00000",241658,143940414624875,143940414679795
"MEMORY_ALLOCATION","MEMORY_ALLOCATION_FREE","",0,"0x0000794d663b4000",241660,143940414683846,143940414684306
"MEMORY_ALLOCATION","MEMORY_ALLOCATION_FREE","",0,"0x0000794d663b5000",241662,143940414687946,143940414688276
"MEMORY_ALLOCATION","MEMORY_ALLOCATION_FREE","",0,"0x0000794d663b6000",241664,143940414691536,143940414691846
"MEMORY_ALLOCATION","MEMORY_ALLOCATION_FREE","",0,"0x0000794d663b7000",241666,143940414696136,143940414696596
"MEMORY_ALLOCATION","MEMORY_ALLOCATION_FREE","",0,"0x0000794d3e200000",241668,143940414700046,143940414751977
"MEMORY_ALLOCATION","MEMORY_ALLOCATION_FREE","",0,"0x0000794d663b8000",241670,143940414755957,143940414756387
"MEMORY_ALLOCATION","MEMORY_ALLOCATION_FREE","",0,"0x0000794d663b9000",241672,143940414759847,143940414760417
"MEMORY_ALLOCATION","MEMORY_ALLOCATION_FREE","",0,"0x0000794d663ba000",241674,143940414764087,143940414764437
"MEMORY_ALLOCATION","MEMORY_ALLOCATION_FREE","",0,"0x0000794d663bb000",241676,143940414769497,143940414770047
"MEMORY_ALLOCATION","MEMORY_ALLOCATION_FREE","",0,"0x0000794d663bc000",241678,143940414774987,143940414775447
"MEMORY_ALLOCATION","MEMORY_ALLOCATION_FREE","",0,"0x0000794d663bd000",241680,143940414779477,143940414779837
"MEMORY_ALLOCATION","MEMORY_ALLOCATION_FREE","",0,"0x0000794d663c0000",241682,143940414783487,143940414783807
"MEMORY_ALLOCATION","MEMORY_ALLOCATION_FREE","",0,"0x0000794d663c1000",241684,143940414787287,143940414787787
"MEMORY_ALLOCATION","MEMORY_ALLOCATION_FREE","",0,"0x0000794d3de00000",241686,143940414791227,143940414791587
"MEMORY_ALLOCATION","MEMORY_ALLOCATION_FREE","",0,"0x0000794d663c2000",241688,143940414794987,143940414795327
"MEMORY_ALLOCATION","MEMORY_ALLOCATION_FREE","",0,"0x0000794d663c3000",241690,143940414798317,143940414798767
"MEMORY_ALLOCATION","MEMORY_ALLOCATION_FREE","",0,"0x0000794d663c4000",241692,143940414802117,143940414802447
"MEMORY_ALLOCATION","MEMORY_ALLOCATION_FREE","",0,"0x0000794d663c5000",241694,143940414805627,143940414806027
"MEMORY_ALLOCATION","MEMORY_ALLOCATION_FREE","",0,"0x0000794d3d800000",241696,143940414809417,143940414862588
"MEMORY_ALLOCATION","MEMORY_ALLOCATION_FREE","",0,"0x0000794d663c6000",241698,143940414868058,143940414868788
"MEMORY_ALLOCATION","MEMORY_ALLOCATION_FREE","",0,"0x0000794d663c7000",241700,143940414872178,143940414872528
"MEMORY_ALLOCATION","MEMORY_ALLOCATION_FREE","",0,"0x0000794d663c8000",241702,143940414876098,143940414876408
"MEMORY_ALLOCATION","MEMORY_ALLOCATION_FREE","",0,"0x0000794d663c9000",241704,143940414879699,143940414880099
"MEMORY_ALLOCATION","MEMORY_ALLOCATION_FREE","",0,"0x0000794d663ca000",241706,143940414883689,143940414884009
"MEMORY_ALLOCATION","MEMORY_ALLOCATION_FREE","",0,"0x0000794d663cb000",241708,143940414887289,143940414887799
"MEMORY_ALLOCATION","MEMORY_ALLOCATION_FREE","",0,"0x0000794d663cc000",241710,143940414891499,143940414891809
"MEMORY_ALLOCATION","MEMORY_ALLOCATION_FREE","",0,"0x0000794d663cd000",241712,143940414895259,143940414895679
"MEMORY_ALLOCATION","MEMORY_ALLOCATION_FREE","",0,"0x0000794d3d400000",241714,143940414899009,143940414899459
"MEMORY_ALLOCATION","MEMORY_ALLOCATION_FREE","",0,"0x0000794d663ce000",241716,143940414902649,143940414902949
"MEMORY_ALLOCATION","MEMORY_ALLOCATION_FREE","",0,"0x0000794d663cf000",241718,143940414906089,143940414906489
"MEMORY_ALLOCATION","MEMORY_ALLOCATION_FREE","",0,"0x0000794d663d0000",241720,143940414909949,143940414910239
"MEMORY_ALLOCATION","MEMORY_ALLOCATION_FREE","",0,"0x0000794d663d1000",241722,143940414914539,143940414915099
"MEMORY_ALLOCATION","MEMORY_ALLOCATION_FREE","",0,"0x0000794d663d2000",241724,143940414918369,143940414918669
"MEMORY_ALLOCATION","MEMORY_ALLOCATION_FREE","",0,"0x0000794d3d000000",241726,143940414922699,143940414923179
"MEMORY_ALLOCATION","MEMORY_ALLOCATION_FREE","",0,"0x0000794d663d3000",241728,143940414926679,143940414927129
"MEMORY_ALLOCATION","MEMORY_ALLOCATION_FREE","",0,"0x0000794d663d4000",241730,143940414930529,143940414930809
"MEMORY_ALLOCATION","MEMORY_ALLOCATION_FREE","",0,"0x0000794d663d5000",241732,143940414934289,143940414934689
"MEMORY_ALLOCATION","MEMORY_ALLOCATION_FREE","",0,"0x0000794d663d6000",241734,143940414938079,143940414938379
"MEMORY_ALLOCATION","MEMORY_ALLOCATION_FREE","",0,"0x0000794d3cc00000",241736,143940414941889,143940414942209
"MEMORY_ALLOCATION","MEMORY_ALLOCATION_FREE","",0,"0x0000794d663d7000",241738,143940414945510,143940414945840
"MEMORY_ALLOCATION","MEMORY_ALLOCATION_FREE","",0,"0x0000794d663d8000",241740,143940414949280,143940414949560
"MEMORY_ALLOCATION","MEMORY_ALLOCATION_FREE","",0,"0x0000794d3c800000",241742,143940414953180,143940414953480
"MEMORY_ALLOCATION","MEMORY_ALLOCATION_FREE","",0,"0x0000794d663d9000",241744,143940414957220,143940414957760
"MEMORY_ALLOCATION","MEMORY_ALLOCATION_FREE","",0,"0x0000794d663da000",241746,143940414960790,143940414961090
"MEMORY_ALLOCATION","MEMORY_ALLOCATION_FREE","",0,"0x0000794d3c400000",241748,143940414964290,143940414965040
"MEMORY_ALLOCATION","MEMORY_ALLOCATION_FREE","",0,"0x0000794d663db000",241750,143940414968090,143940414968650
"MEMORY_ALLOCATION","MEMORY_ALLOCATION_FREE","",0,"0x0000794d663dc000",241752,143940414971870,143940414972160
"MEMORY_ALLOCATION","MEMORY_ALLOCATION_FREE","",0,"0x0000794d663dd000",241754,143940414975670,143940414976490
"MEMORY_ALLOCATION","MEMORY_ALLOCATION_FREE","",0,"0x0000794d663de000",241756,143940414979790,143940414980080
"MEMORY_ALLOCATION","MEMORY_ALLOCATION_FREE","",0,"0x0000794d3ba00000",241758,143940414983520,143940415034581
"MEMORY_ALLOCATION","MEMORY_ALLOCATION_FREE","",0,"0x0000794d663df000",241760,143940415039111,143940415039891
"MEMORY_ALLOCATION","MEMORY_ALLOCATION_FREE","",0,"0x0000794d663e0000",241762,143940415044181,143940415044601
"MEMORY_ALLOCATION","MEMORY_ALLOCATION_FREE","",0,"0x0000794d663e1000",241764,143940415048991,143940415049831
"MEMORY_ALLOCATION","MEMORY_ALLOCATION_FREE","",0,"0x0000794d663e2000",241766,143940415055161,143940415055641
"MEMORY_ALLOCATION","MEMORY_ALLOCATION_FREE","",0,"0x0000794d3b000000",241768,143940415059291,143940415107902
"MEMORY_ALLOCATION","MEMORY_ALLOCATION_FREE","",0,"0x0000794d663e3000",241770,143940415113542,143940415114502
"MEMORY_ALLOCATION","MEMORY_ALLOCATION_FREE","",0,"0x0000794d663e4000",241772,143940415118852,143940415119262
"MEMORY_ALLOCATION","MEMORY_ALLOCATION_FREE","",0,"0x0000794d663e5000",241774,143940415122732,143940415123172
"MEMORY_ALLOCATION","MEMORY_ALLOCATION_FREE","",0,"0x0000794d663e6000",241776,143940415126922,143940415127322
"MEMORY_ALLOCATION","MEMORY_ALLOCATION_FREE","",0,"0x0000794d663e7000",241778,143940415130772,143940415131302
"MEMORY_ALLOCATION","MEMORY_ALLOCATION_FREE","",0,"0x0000794d663e8000",241780,143940415134812,143940415135102
"MEMORY_ALLOCATION","MEMORY_ALLOCATION_FREE","",0,"0x0000794d3a600000",241782,143940415138802,143940415190943
"MEMORY_ALLOCATION","MEMORY_ALLOCATION_FREE","",0,"0x0000794d663e9000",241784,143940415195273,143940415195963
"MEMORY_ALLOCATION","MEMORY_ALLOCATION_FREE","",0,"0x0000794d663ea000",241786,143940415199323,143940415199643
"MEMORY_ALLOCATION","MEMORY_ALLOCATION_FREE","",0,"0x0000794d663eb000",241788,143940415203373,143940415203823
"MEMORY_ALLOCATION","MEMORY_ALLOCATION_FREE","",0,"0x0000794d663ec000",241790,143940415207454,143940415207824
"MEMORY_ALLOCATION","MEMORY_ALLOCATION_FREE","",0,"0x0000794d39c00000",241792,143940415211414,143940415260254
"MEMORY_ALLOCATION","MEMORY_ALLOCATION_FREE","",0,"0x0000794d663ed000",241794,143940415264544,143940415265324
"MEMORY_ALLOCATION","MEMORY_ALLOCATION_FREE","",0,"0x0000794d663ee000",241796,143940415268534,143940415268814
"MEMORY_ALLOCATION","MEMORY_ALLOCATION_FREE","",0,"0x0000794d663ef000",241798,143940415273215,143940415273725
"MEMORY_ALLOCATION","MEMORY_ALLOCATION_FREE","",0,"0x0000794d663f0000",241800,143940415278345,143940415278795
"MEMORY_ALLOCATION","MEMORY_ALLOCATION_FREE","",0,"0x0000794d663f1000",241802,143940415283935,143940415284505
"MEMORY_ALLOCATION","MEMORY_ALLOCATION_FREE","",0,"0x0000794d663f2000",241804,143940415287915,143940415288205
"MEMORY_ALLOCATION","MEMORY_ALLOCATION_FREE","",0,"0x0000794d663f5000",241806,143940415291205,143940415291585
"MEMORY_ALLOCATION","MEMORY_ALLOCATION_FREE","",0,"0x0000794d663f6000",241808,143940415295165,143940415295495
"MEMORY_ALLOCATION","MEMORY_ALLOCATION_FREE","",0,"0x0000794d39800000",241810,143940415299195,143940415299845
"MEMORY_ALLOCATION","MEMORY_ALLOCATION_FREE","",0,"0x0000794d663f7000",241812,143940415303235,143940415304335
"MEMORY_ALLOCATION","MEMORY_ALLOCATION_FREE","",0,"0x0000794d663f8000",241814,143940415307855,143940415308165
"MEMORY_ALLOCATION","MEMORY_ALLOCATION_FREE","",0,"0x0000794d663f9000",241816,143940415311695,143940415312015
"MEMORY_ALLOCATION","MEMORY_ALLOCATION_FREE","",0,"0x0000794d663fa000",241818,143940415315215,143940415315525
"MEMORY_ALLOCATION","MEMORY_ALLOCATION_FREE","",0,"0x0000794d39200000",241820,143940415318785,143940415375406
"MEMORY_ALLOCATION","MEMORY_ALLOCATION_FREE","",0,"0x0000794d663fb000",241822,143940415380906,143940415381756
"MEMORY_ALLOCATION","MEMORY_ALLOCATION_FREE","",0,"0x0000794d663fc000",241824,143940415386156,143940415386526
"MEMORY_ALLOCATION","MEMORY_ALLOCATION_FREE","",0,"0x0000794d663fd000",241826,143940415390016,143940415390416
"MEMORY_ALLOCATION","MEMORY_ALLOCATION_FREE","",0,"0x0000794d663fe000",241828,143940415393836,143940415394156
"MEMORY_ALLOCATION","MEMORY_ALLOCATION_FREE","",0,"0x0000794d663ff000",241830,143940415397876,143940415398476
"MEMORY_ALLOCATION","MEMORY_ALLOCATION_FREE","",0,"0x0000794d38e00000",241832,143940415403476,143940415404987
"MEMORY_ALLOCATION","MEMORY_ALLOCATION_FREE","",0,"0x0000794d38e01000",241834,143940415408377,143940415409137
"MEMORY_ALLOCATION","MEMORY_ALLOCATION_FREE","",0,"0x0000794d38e02000",241836,143940415412997,143940415413427
"MEMORY_ALLOCATION","MEMORY_ALLOCATION_FREE","",0,"0x0000794d38a00000",241838,143940415417317,143940415417947
"MEMORY_ALLOCATION","MEMORY_ALLOCATION_FREE","",0,"0x0000794d38e03000",241840,143940415421697,143940415422177
"MEMORY_ALLOCATION","MEMORY_ALLOCATION_FREE","",0,"0x0000794d38e04000",241842,143940415425377,143940415425697
"MEMORY_ALLOCATION","MEMORY_ALLOCATION_FREE","",0,"0x0000794d38e05000",241844,143940415429387,143940415429727
"MEMORY_ALLOCATION","MEMORY_ALLOCATION_FREE","",0,"0x0000794d38e06000",241846,143940415433227,143940415433597
"MEMORY_ALLOCATION","MEMORY_ALLOCATION_FREE","",0,"0x0000794d38e07000",241848,143940415437117,143940415437547
"MEMORY_ALLOCATION","MEMORY_ALLOCATION_FREE","",0,"0x0000794d38600000",241850,143940415441657,143940415442347
"MEMORY_ALLOCATION","MEMORY_ALLOCATION_FREE","",0,"0x0000794d38e08000",241852,143940415586519,143940415587169
"MEMORY_ALLOCATION","MEMORY_ALLOCATION_FREE","",0,"0x0000794d38e09000",241854,143940415591099,143940415591769
"MEMORY_ALLOCATION","MEMORY_ALLOCATION_FREE","",0,"0x0000794d38e0a000",241856,143940415595109,143940415595479
"MEMORY_ALLOCATION","MEMORY_ALLOCATION_FREE","",0,"0x0000794d38e0b000",241858,143940415599199,143940415599789
"MEMORY_ALLOCATION","MEMORY_ALLOCATION_FREE","",0,"0x0000794d38200000",241860,143940415603150,143940415603560
"MEMORY_ALLOCATION","MEMORY_ALLOCATION_FREE","",0,"0x0000794d38e0c000",241862,143940415607010,143940415607500
"MEMORY_ALLOCATION","MEMORY_ALLOCATION_FREE","",0,"0x0000794d38e0d000",241864,143940415610810,143940415611410
"MEMORY_ALLOCATION","MEMORY_ALLOCATION_FREE","",0,"0x0000794d37e00000",241866,143940415614960,143940415615360
"MEMORY_ALLOCATION","MEMORY_ALLOCATION_FREE","",0,"0x0000794d38e0e000",241868,143940415618530,143940415618910
"MEMORY_ALLOCATION","MEMORY_ALLOCATION_FREE","",0,"0x0000794d38e0f000",241870,143940415622460,143940415622950
"MEMORY_ALLOCATION","MEMORY_ALLOCATION_FREE","",0,"0x0000794d37a00000",241872,143940415626750,143940415627110
"MEMORY_ALLOCATION","MEMORY_ALLOCATION_FREE","",0,"0x0000794d38e10000",241874,143940415630890,143940415631210
"MEMORY_ALLOCATION","MEMORY_ALLOCATION_FREE","",0,"0x0000794d38e11000",241876,143940415634490,143940415635050
"MEMORY_ALLOCATION","MEMORY_ALLOCATION_FREE","",0,"0x0000794d38e12000",241878,143940415638230,143940415638590
"MEMORY_ALLOCATION","MEMORY_ALLOCATION_FREE","",0,"0x0000794d38e13000",241880,143940415641930,143940415642450
"MEMORY_ALLOCATION","MEMORY_ALLOCATION_FREE","",0,"0x0000794d37000000",241882,143940415646120,143940415708311
"MEMORY_ALLOCATION","MEMORY_ALLOCATION_FREE","",0,"0x0000794d38e14000",241884,143940415714271,143940415714931
"MEMORY_ALLOCATION","MEMORY_ALLOCATION_FREE","",0,"0x0000794d38e15000",241886,143940415719851,143940415720371
"MEMORY_ALLOCATION","MEMORY_ALLOCATION_FREE","",0,"0x0000794d38e16000",241888,143940415723861,143940415724191
"MEMORY_ALLOCATION","MEMORY_ALLOCATION_FREE","",0,"0x0000794d38e17000",241890,143940415727641,143940415728201
"MEMORY_ALLOCATION","MEMORY_ALLOCATION_FREE","",0,"0x0000794d36600000",241892,143940415731521,143940415779552
"MEMORY_ALLOCATION","MEMORY_ALLOCATION_FREE","",0,"0x0000794d38e18000",241894,143940415783842,143940415784382
"MEMORY_ALLOCATION","MEMORY_ALLOCATION_FREE","",0,"0x0000794d38e19000",241896,143940415788012,143940415788592
"MEMORY_ALLOCATION","MEMORY_ALLOCATION_FREE","",0,"0x0000794d38e1a000",241898,143940415791732,143940415792062
"MEMORY_ALLOCATION","MEMORY_ALLOCATION_FREE","",0,"0x0000794d38e1b000",241900,143940415795192,143940415795522
"MEMORY_ALLOCATION","MEMORY_ALLOCATION_FREE","",0,"0x0000794d38e1c000",241902,143940415799153,143940415799493
"MEMORY_ALLOCATION","MEMORY_ALLOCATION_FREE","",0,"0x0000794d38e1d000",241904,143940415802753,143940415803253
"MEMORY_ALLOCATION","MEMORY_ALLOCATION_FREE","",0,"0x0000794d35c00000",241906,143940415806843,143940415855763
"MEMORY_ALLOCATION","MEMORY_ALLOCATION_FREE","",0,"0x0000794d38e1e000",241908,143940415861733,143940415862473
"MEMORY_ALLOCATION","MEMORY_ALLOCATION_FREE","",0,"0x0000794d38e1f000",241910,143940415867354,143940415868404
"MEMORY_ALLOCATION","MEMORY_ALLOCATION_FREE","",0,"0x0000794d38e20000",241912,143940415871734,143940415872034
"MEMORY_ALLOCATION","MEMORY_ALLOCATION_FREE","",0,"0x0000794d38e21000",241914,143940415875854,143940415876494
"MEMORY_ALLOCATION","MEMORY_ALLOCATION_FREE","",0,"0x0000794d35200000",241916,143940415880234,143940415928094
"MEMORY_ALLOCATION","MEMORY_ALLOCATION_FREE","",0,"0x0000794d38e22000",241918,143940415932245,143940415932675
"MEMORY_ALLOCATION","MEMORY_ALLOCATION_FREE","",0,"0x0000794d38e23000",241920,143940415936505,143940415936935
"MEMORY_ALLOCATION","MEMORY_ALLOCATION_FREE","",0,"0x0000794d38e24000",241922,143940415940545,143940415940845
"MEMORY_ALLOCATION","MEMORY_ALLOCATION_FREE","",0,"0x0000794d38e25000",241924,143940415944695,143940415945095
"MEMORY_ALLOCATION","MEMORY_ALLOCATION_FREE","",0,"0x0000794d38e26000",241926,143940415948305,143940415948605
"MEMORY_ALLOCATION","MEMORY_ALLOCATION_FREE","",0,"0x0000794d38e27000",241928,143940415952525,143940415952925
"MEMORY_ALLOCATION","MEMORY_ALLOCATION_FREE","",0,"0x0000794d38e2a000",241930,143940415955945,143940415956225
"MEMORY_ALLOCATION","MEMORY_ALLOCATION_FREE","",0,"0x0000794d38e2b000",241932,143940415959595,143940415960065
"MEMORY_ALLOCATION","MEMORY_ALLOCATION_FREE","",0,"0x0000794d34e00000",241934,143940415963735,143940415964205
"MEMORY_ALLOCATION","MEMORY_ALLOCATION_FREE","",0,"0x0000794d38e2c000",241936,143940415967305,143940415967625
"MEMORY_ALLOCATION","MEMORY_ALLOCATION_FREE","",0,"0x0000794d38e2d000",241938,143940415971085,143940415971465
"MEMORY_ALLOCATION","MEMORY_ALLOCATION_FREE","",0,"0x0000794d38e2e000",241940,143940415974875,143940415975145
"MEMORY_ALLOCATION","MEMORY_ALLOCATION_FREE","",0,"0x0000794d38e2f000",241942,143940415978585,143940415979015
"MEMORY_ALLOCATION","MEMORY_ALLOCATION_FREE","",0,"0x0000794d34800000",241944,143940415982885,143940416037276
"MEMORY_ALLOCATION","MEMORY_ALLOCATION_FREE","",0,"0x0000794d38e30000",241946,143940416041596,143940416042086
"MEMORY_ALLOCATION","MEMORY_ALLOCATION_FREE","",0,"0x0000794d38e31000",241948,143940416046136,143940416046776
"MEMORY_ALLOCATION","MEMORY_ALLOCATION_FREE","",0,"0x0000794d38e32000",241950,143940416050206,143940416050566
"MEMORY_ALLOCATION","MEMORY_ALLOCATION_FREE","",0,"0x0000794d38e33000",241952,143940416054806,143940416055386
"MEMORY_ALLOCATION","MEMORY_ALLOCATION_FREE","",0,"0x0000794d38e34000",241954,143940416060026,143940416060446
"MEMORY_ALLOCATION","MEMORY_ALLOCATION_FREE","",0,"0x0000794d38e35000",241956,143940416065107,143940416065787
"MEMORY_ALLOCATION","MEMORY_ALLOCATION_FREE","",0,"0x0000794d38e36000",241958,143940416070017,143940416070367
"MEMORY_ALLOCATION","MEMORY_ALLOCATION_FREE","",0,"0x0000794d38e37000",241960,143940416074137,143940416074557
"MEMORY_ALLOCATION","MEMORY_ALLOCATION_FREE","",0,"0x0000794d34400000",241962,143940416078187,143940416078637
"MEMORY_ALLOCATION","MEMORY_ALLOCATION_FREE","",0,"0x0000794d38e38000",241964,143940416081767,143940416082067
"MEMORY_ALLOCATION","MEMORY_ALLOCATION_FREE","",0,"0x0000794d38e39000",241966,143940416085237,143940416085657
"MEMORY_ALLOCATION","MEMORY_ALLOCATION_FREE","",0,"0x0000794d38e3a000",241968,143940416089007,143940416089347
"MEMORY_ALLOCATION","MEMORY_ALLOCATION_FREE","",0,"0x0000794d38e3b000",241970,143940416092957,143940416093517
"MEMORY_ALLOCATION","MEMORY_ALLOCATION_FREE","",0,"0x0000794d38e3c000",241972,143940416096747,143940416097177
"MEMORY_ALLOCATION","MEMORY_ALLOCATION_FREE","",0,"0x0000794d34000000",241974,143940416101177,143940416101837
"MEMORY_ALLOCATION","MEMORY_ALLOCATION_FREE","",0,"0x0000794d38e3d000",241976,143940416104867,143940416105337
"MEMORY_ALLOCATION","MEMORY_ALLOCATION_FREE","",0,"0x0000794d38e3e000",241978,143940416108847,143940416109127
"MEMORY_ALLOCATION","MEMORY_ALLOCATION_FREE","",0,"0x0000794d38e3f000",241980,143940416112737,143940416113137
"MEMORY_ALLOCATION","MEMORY_ALLOCATION_FREE","",0,"0x0000794d38e40000",241982,143940416116957,143940416117267
"MEMORY_ALLOCATION","MEMORY_ALLOCATION_FREE","",0,"0x0000794d33c00000",241984,143940416122027,143940416122677
"MEMORY_ALLOCATION","MEMORY_ALLOCATION_FREE","",0,"0x0000794d38e41000",241986,143940416128538,143940416129618
"MEMORY_ALLOCATION","MEMORY_ALLOCATION_FREE","",0,"0x0000794d38e42000",241988,143940416134158,143940416134668
"MEMORY_ALLOCATION","MEMORY_ALLOCATION_FREE","",0,"0x0000794d33800000",241990,143940416139158,143940416139528
"MEMORY_ALLOCATION","MEMORY_ALLOCATION_FREE","",0,"0x0000794d38e43000",241992,143940416143848,143940416144738
"MEMORY_ALLOCATION","MEMORY_ALLOCATION_FREE","",0,"0x0000794d38e44000",241994,143940416149188,143940416149668
"MEMORY_ALLOCATION","MEMORY_ALLOCATION_FREE","",0,"0x0000794d33400000",241996,143940416154848,143940416155468
"MEMORY_ALLOCATION","MEMORY_ALLOCATION_FREE","",0,"0x0000794d38e45000",241998,143940416160418,143940416160948
"MEMORY_ALLOCATION","MEMORY_ALLOCATION_FREE","",0,"0x0000794d38e46000",242000,143940416165568,143940416166108
"MEMORY_ALLOCATION","MEMORY_ALLOCATION_FREE","",0,"0x0000794d38e47000",242002,143940416171748,143940416172488
"MEMORY_ALLOCATION","MEMORY_ALLOCATION_FREE","",0,"0x0000794d38e48000",242004,143940416177428,143940416177838
"MEMORY_ALLOCATION","MEMORY_ALLOCATION_FREE","",0,"0x0000794d32a00000",242006,143940416181968,143940416240459
"MEMORY_ALLOCATION","MEMORY_ALLOCATION_FREE","",0,"0x0000794d38e49000",242008,143940416246419,143940416247189
"MEMORY_ALLOCATION","MEMORY_ALLOCATION_FREE","",0,"0x0000794d38e4a000",242010,143940416252149,143940416252589
"MEMORY_ALLOCATION","MEMORY_ALLOCATION_FREE","",0,"0x0000794d38e4b000",242012,143940416256749,143940416257259
"MEMORY_ALLOCATION","MEMORY_ALLOCATION_FREE","",0,"0x0000794d38e4c000",242014,143940416261620,143940416262070
"MEMORY_ALLOCATION","MEMORY_ALLOCATION_FREE","",0,"0x0000794d32000000",242016,143940416267380,143940416317390
"MEMORY_ALLOCATION","MEMORY_ALLOCATION_FREE","",0,"0x0000794d38e4d000",242018,143940416322700,143940416323240
"MEMORY_ALLOCATION","MEMORY_ALLOCATION_FREE","",0,"0x0000794d38e4e000",242020,143940416327471,143940416327881
"MEMORY_ALLOCATION","MEMORY_ALLOCATION_FREE","",0,"0x0000794d38e4f000",242022,143940416332191,143940416332601
"MEMORY_ALLOCATION","MEMORY_ALLOCATION_FREE","",0,"0x0000794d38e50000",242024,143940416336531,143940416336931
"MEMORY_ALLOCATION","MEMORY_ALLOCATION_FREE","",0,"0x0000794d38e51000",242026,143940416341231,143940416341821
"MEMORY_ALLOCATION","MEMORY_ALLOCATION_FREE","",0,"0x0000794d38e52000",242028,143940416346071,143940416346491
"MEMORY_ALLOCATION","MEMORY_ALLOCATION_FREE","",0,"0x0000794d31000000",242030,143940416350621,143940416408662
"MEMORY_ALLOCATION","MEMORY_ALLOCATION_FREE","",0,"0x0000794d38e53000",242032,143940416418312,143940416419282
"MEMORY_ALLOCATION","MEMORY_ALLOCATION_FREE","",0,"0x0000794d38e54000",242034,143940416774967,143940416775707
"MEMORY_ALLOCATION","MEMORY_ALLOCATION_FREE","",0,"0x0000794d38e55000",242036,143940416779467,143940416780047
"MEMORY_ALLOCATION","MEMORY_ALLOCATION_FREE","",0,"0x0000794d38e56000",242038,143940416783057,143940416783387
"MEMORY_ALLOCATION","MEMORY_ALLOCATION_FREE","",0,"0x0000794d30600000",242040,143940416787077,143940416845998
"MEMORY_ALLOCATION","MEMORY_ALLOCATION_FREE","",0,"0x0000794d38e57000",242042,143940416849998,143940416850518
"MEMORY_ALLOCATION","MEMORY_ALLOCATION_FREE","",0,"0x0000794d38e58000",242044,143940416853759,143940416854069
"MEMORY_ALLOCATION","MEMORY_ALLOCATION_FREE","",0,"0x0000794d38e59000",242046,143940416857119,143940416857739
"MEMORY_ALLOCATION","MEMORY_ALLOCATION_FREE","",0,"0x0000794d38e5a000",242048,143940416860909,143940416861199
"MEMORY_ALLOCATION","MEMORY_ALLOCATION_FREE","",0,"0x0000794d38e5b000",242050,143940416864809,143940416865359
"MEMORY_ALLOCATION","MEMORY_ALLOCATION_FREE","",0,"0x0000794d38e5c000",242052,143940416868639,143940416868939
"MEMORY_ALLOCATION","MEMORY_ALLOCATION_FREE","",0,"0x0000794d38e5f000",242054,143940416872809,143940416873149
"MEMORY_ALLOCATION","MEMORY_ALLOCATION_FREE","",0,"0x0000794d38e60000",242056,143940416876169,143940416876439
"MEMORY_ALLOCATION","MEMORY_ALLOCATION_FREE","",0,"0x0000794d30200000",242058,143940416879939,143940416880449
"MEMORY_ALLOCATION","MEMORY_ALLOCATION_FREE","",0,"0x0000794d38e61000",242060,143940416883619,143940416883999
"MEMORY_ALLOCATION","MEMORY_ALLOCATION_FREE","",0,"0x0000794d38e62000",242062,143940416887049,143940416887339
"MEMORY_ALLOCATION","MEMORY_ALLOCATION_FREE","",0,"0x0000794d38e63000",242064,143940416891219,143940416891699
"MEMORY_ALLOCATION","MEMORY_ALLOCATION_FREE","",0,"0x0000794d38e64000",242066,143940416895099,143940416895349
"MEMORY_ALLOCATION","MEMORY_ALLOCATION_FREE","",0,"0x0000794d2fc00000",242068,143940416898729,143940416951070
"MEMORY_ALLOCATION","MEMORY_ALLOCATION_FREE","",0,"0x0000794d38e65000",242070,143940416955090,143940416955610
"MEMORY_ALLOCATION","MEMORY_ALLOCATION_FREE","",0,"0x0000794d38e66000",242072,143940416958680,143940416958950
"MEMORY_ALLOCATION","MEMORY_ALLOCATION_FREE","",0,"0x0000794d38e67000",242074,143940416962290,143940416962690
"MEMORY_ALLOCATION","MEMORY_ALLOCATION_FREE","",0,"0x0000794d38e68000",242076,143940416966480,143940416966760
"MEMORY_ALLOCATION","MEMORY_ALLOCATION_FREE","",0,"0x0000794d38e69000",242078,143940416969960,143940416970330
"MEMORY_ALLOCATION","MEMORY_ALLOCATION_FREE","",0,"0x0000794d38e6a000",242080,143940416974080,143940416974360
"MEMORY_ALLOCATION","MEMORY_ALLOCATION_FREE","",0,"0x0000794d38e6b000",242082,143940416977980,143940416978520
"MEMORY_ALLOCATION","MEMORY_ALLOCATION_FREE","",0,"0x0000794d38e6c000",242084,143940416982080,143940416982350
"MEMORY_ALLOCATION","MEMORY_ALLOCATION_FREE","",0,"0x0000794d2f800000",242086,143940416985771,143940416986111
"MEMORY_ALLOCATION","MEMORY_ALLOCATION_FREE","",0,"0x0000794d38e6d000",242088,143940416988941,143940416989361
"MEMORY_ALLOCATION","MEMORY_ALLOCATION_FREE","",0,"0x0000794d38e6e000",242090,143940416992631,143940416992911
"MEMORY_ALLOCATION","MEMORY_ALLOCATION_FREE","",0,"0x0000794d38e6f000",242092,143940416997031,143940416997421
"MEMORY_ALLOCATION","MEMORY_ALLOCATION_FREE","",0,"0x0000794d38e70000",242094,143940417011541,143940417011911
"MEMORY_ALLOCATION","MEMORY_ALLOCATION_FREE","",0,"0x0000794d38e71000",242096,143940417015311,143940417015621
"MEMORY_ALLOCATION","MEMORY_ALLOCATION_FREE","",0,"0x0000794d2f400000",242098,143940417019051,143940417019381
"MEMORY_ALLOCATION","MEMORY_ALLOCATION_FREE","",0,"0x0000794d38e72000",242100,143940417022491,143940417022761
"MEMORY_ALLOCATION","MEMORY_ALLOCATION_FREE","",0,"0x0000794d38e73000",242102,143940417026141,143940417026521
"MEMORY_ALLOCATION","MEMORY_ALLOCATION_FREE","",0,"0x0000794d38e74000",242104,143940417030451,143940417030691
"MEMORY_ALLOCATION","MEMORY_ALLOCATION_FREE","",0,"0x0000794d38e75000",242106,143940417034231,143940417034721
"MEMORY_ALLOCATION","MEMORY_ALLOCATION_FREE","",0,"0x0000794d2f000000",242108,143940417038051,143940417038911
"MEMORY_ALLOCATION","MEMORY_ALLOCATION_FREE","",0,"0x0000794d38e76000",242110,143940417041881,143940417042171
"MEMORY_ALLOCATION","MEMORY_ALLOCATION_FREE","",0,"0x0000794d38e77000",242112,143940417045491,143940417045931
"MEMORY_ALLOCATION","MEMORY_ALLOCATION_FREE","",0,"0x0000794d2ec00000",242114,143940417050031,143940417050531
"MEMORY_ALLOCATION","MEMORY_ALLOCATION_FREE","",0,"0x0000794d38e78000",242116,143940417054392,143940417054662
"MEMORY_ALLOCATION","MEMORY_ALLOCATION_FREE","",0,"0x0000794d38e79000",242118,143940417058382,143940417058802
"MEMORY_ALLOCATION","MEMORY_ALLOCATION_FREE","",0,"0x0000794d2e800000",242120,143940417062272,143940417062632
"MEMORY_ALLOCATION","MEMORY_ALLOCATION_FREE","",0,"0x0000794d38e7a000",242122,143940417065832,143940417066112
"MEMORY_ALLOCATION","MEMORY_ALLOCATION_FREE","",0,"0x0000794d38e7b000",242124,143940417069752,143940417070192
"MEMORY_ALLOCATION","MEMORY_ALLOCATION_FREE","",0,"0x0000794d38e7c000",242126,143940417073352,143940417073632
"MEMORY_ALLOCATION","MEMORY_ALLOCATION_FREE","",0,"0x0000794d2e200000",242128,143940417076802,143940417129773
"MEMORY_ALLOCATION","MEMORY_ALLOCATION_FREE","",0,"0x0000794d2de00000",242130,143940417133623,143940417134183
"MEMORY_ALLOCATION","MEMORY_ALLOCATION_FREE","",0,"0x0000794d38e7d000",242132,143940417137543,143940417138053
"MEMORY_ALLOCATION","MEMORY_ALLOCATION_FREE","",0,"0x0000794d38e7e000",242134,143940417141453,143940417141773
"MEMORY_ALLOCATION","MEMORY_ALLOCATION_FREE","",0,"0x0000794d38e7f000",242136,143940417145603,143940417146083
"MEMORY_ALLOCATION","MEMORY_ALLOCATION_FREE","",0,"0x0000794d38e91000",242138,143940417149253,143940417149553
"MEMORY_ALLOCATION","MEMORY_ALLOCATION_FREE","",0,"0x0000794d2d600000",242140,143940417153413,143940417201564
"MEMORY_ALLOCATION","MEMORY_ALLOCATION_FREE","",0,"0x0000794d2d000000",242142,143940417205684,143940417249935
"MEMORY_ALLOCATION","MEMORY_ALLOCATION_FREE","",0,"0x0000794cfce00000",242144,143940417254955,143940417336096
"MEMORY_ALLOCATION","MEMORY_ALLOCATION_FREE","",0,"0x0000794be4c00000",242146,143940417340086,143940417544339
"MEMORY_ALLOCATION","MEMORY_ALLOCATION_FREE","",0,"0x0000794d38e92000",242148,143940417549429,143940417550689
"MEMORY_ALLOCATION","MEMORY_ALLOCATION_FREE","",0,"0x0000794d38e93000",242150,143940417554779,143940417555159
"MEMORY_ALLOCATION","MEMORY_ALLOCATION_FREE","",0,"0x0000794be3800000",242152,143940417559119,143940417610210
"MEMORY_ALLOCATION","MEMORY_ALLOCATION_FREE","",0,"0x0000794be2400000",242154,143940417616180,143940417665321
"MEMORY_ALLOCATION","MEMORY_ALLOCATION_FREE","",0,"0x0000794be1000000",242156,143940417669641,143940417715122
"MEMORY_ALLOCATION","MEMORY_ALLOCATION_FREE","",0,"0x0000794d38e94000",242158,143940417718832,143940417719492
"MEMORY_ALLOCATION","MEMORY_ALLOCATION_FREE","",0,"0x0000794be0c00000",242160,143940417725162,143940417727482
"MEMORY_ALLOCATION","MEMORY_ALLOCATION_FREE","",0,"0x0000794d38f54000",242162,143940417730682,143940417731082
"MEMORY_ALLOCATION","MEMORY_ALLOCATION_FREE","",0,"0x0000794d38f55000",242164,143940417734392,143940417734872
"MEMORY_ALLOCATION","MEMORY_ALLOCATION_FREE","",0,"0x0000794d38f56000",242166,143940417738042,143940417738442
"MEMORY_ALLOCATION","MEMORY_ALLOCATION_FREE","",0,"0x0000794d38f57000",242168,143940417741892,143940417742222
"MEMORY_ALLOCATION","MEMORY_ALLOCATION_FREE","",0,"0x0000794d38f58000",242170,143940417745582,143940417746362
"MEMORY_ALLOCATION","MEMORY_ALLOCATION_FREE","",0,"0x0000794be0cc0000",242172,143940417752612,143940417755612
"MEMORY_ALLOCATION","MEMORY_ALLOCATION_FREE","",0,"0x0000794be0400000",242174,143940417760552,143940417812613
"MEMORY_ALLOCATION","MEMORY_ALLOCATION_FREE","",0,"0x0000794be0d80000",242176,143940417818173,143940417818983
"MEMORY_ALLOCATION","MEMORY_ALLOCATION_FREE","",0,"0x0000794bdfc00000",242178,143940417824443,143940417878664
"MEMORY_ALLOCATION","MEMORY_ALLOCATION_FREE","",0,"0x0000794bdf800000",242180,143940417885084,143940417887354
"MEMORY_ALLOCATION","MEMORY_ALLOCATION_FREE","",0,"0x0000794be0d81000",242182,143940417892024,143940417892944
"MEMORY_ALLOCATION","MEMORY_ALLOCATION_FREE","",0,"0x0000794be0d82000",242184,143940417897174,143940417897614
"MEMORY_ALLOCATION","MEMORY_ALLOCATION_FREE","",0,"0x0000794bde400000",242186,143940417902514,143940417955815
"MEMORY_ALLOCATION","MEMORY_ALLOCATION_FREE","",0,"0x0000794bdd000000",242188,143940417961575,143940418030396
"MEMORY_ALLOCATION","MEMORY_ALLOCATION_FREE","",0,"0x0000794bdbc00000",242190,143940418036726,143940418091367
"MEMORY_ALLOCATION","MEMORY_ALLOCATION_FREE","",0,"0x0000794bdf8c0000",242192,143940418097677,143940418099177
"MEMORY_ALLOCATION","MEMORY_ALLOCATION_FREE","",0,"0x0000794bdb800000",242194,143940418106738,143940418109028
"MEMORY_ALLOCATION","MEMORY_ALLOCATION_FREE","",0,"0x0000794be0d83000",242196,143940418113778,143940418114558
"MEMORY_ALLOCATION","MEMORY_ALLOCATION_FREE","",0,"0x0000794be0d84000",242198,143940418119408,143940418119908
"MEMORY_ALLOCATION","MEMORY_ALLOCATION_FREE","",0,"0x0000794be0d85000",242200,143940418124468,143940418125018
"MEMORY_ALLOCATION","MEMORY_ALLOCATION_FREE","",0,"0x0000794be0d86000",242202,143940418339121,143940418339981
"MEMORY_ALLOCATION","MEMORY_ALLOCATION_FREE","",0,"0x0000794be0d87000",242204,143940418345621,143940418346771
"MEMORY_ALLOCATION","MEMORY_ALLOCATION_FREE","",0,"0x0000794bdb8c0000",242206,143940418352611,143940418354841
"MEMORY_ALLOCATION","MEMORY_ALLOCATION_FREE","",0,"0x0000794bdb000000",242208,143940418359601,143940418422402
"MEMORY_ALLOCATION","MEMORY_ALLOCATION_FREE","",0,"0x0000794be0d88000",242210,143940418427952,143940418428662
"MEMORY_ALLOCATION","MEMORY_ALLOCATION_FREE","",0,"0x0000794bda800000",242212,143940418433282,143940418486333
"MEMORY_ALLOCATION","MEMORY_ALLOCATION_FREE","",0,"0x0000794bda400000",242214,143940418493053,143940418495823
"MEMORY_ALLOCATION","MEMORY_ALLOCATION_FREE","",0,"0x0000794be0d89000",242216,143940418499443,143940418500193
"MEMORY_ALLOCATION","MEMORY_ALLOCATION_FREE","",0,"0x0000794be0d8a000",242218,143940418503744,143940418504114
"MEMORY_ALLOCATION","MEMORY_ALLOCATION_FREE","",0,"0x0000794bd9000000",242220,143940418508014,143940418564694
"MEMORY_ALLOCATION","MEMORY_ALLOCATION_FREE","",0,"0x0000794bd7c00000",242222,143940418570445,143940418616655
"MEMORY_ALLOCATION","MEMORY_ALLOCATION_FREE","",0,"0x0000794bd6800000",242224,143940418620935,143940418667076
"MEMORY_ALLOCATION","MEMORY_ALLOCATION_FREE","",0,"0x0000794bda4c0000",242226,143940418670946,143940418671806
"MEMORY_ALLOCATION","MEMORY_ALLOCATION_FREE","",0,"0x0000794bd6400000",242228,143940418677596,143940418679666
"MEMORY_ALLOCATION","MEMORY_ALLOCATION_FREE","",0,"0x0000794be0d8b000",242230,143940418683426,143940418683986
"MEMORY_ALLOCATION","MEMORY_ALLOCATION_FREE","",0,"0x0000794be0d8c000",242232,143940418687406,143940418687776
"MEMORY_ALLOCATION","MEMORY_ALLOCATION_FREE","",0,"0x0000794be0d8d000",242234,143940418691346,143940418691676
"MEMORY_ALLOCATION","MEMORY_ALLOCATION_FREE","",0,"0x0000794be0d8e000",242236,143940418694886,143940418695226
"MEMORY_ALLOCATION","MEMORY_ALLOCATION_FREE","",0,"0x0000794be0d8f000",242238,143940418698817,143940418699577
"MEMORY_ALLOCATION","MEMORY_ALLOCATION_FREE","",0,"0x0000794bd64c0000",242240,143940418703897,143940418705937
"MEMORY_ALLOCATION","MEMORY_ALLOCATION_FREE","",0,"0x0000794bd5c00000",242242,143940418709787,143940418757937
"MEMORY_ALLOCATION","MEMORY_ALLOCATION_FREE","",0,"0x0000794be0d90000",242244,143940418762017,143940418762577
"MEMORY_ALLOCATION","MEMORY_ALLOCATION_FREE","",0,"0x0000794bd5400000",242246,143940418766258,143940418815318
"MEMORY_ALLOCATION","MEMORY_ALLOCATION_FREE","",0,"0x0000794bd5000000",242248,143940418821238,143940418823328
"MEMORY_ALLOCATION","MEMORY_ALLOCATION_FREE","",0,"0x0000794be0d91000",242250,143940418826698,143940418827398
"MEMORY_ALLOCATION","MEMORY_ALLOCATION_FREE","",0,"0x0000794be0d92000",242252,143940418830759,143940418831149
"MEMORY_ALLOCATION","MEMORY_ALLOCATION_FREE","",0,"0x0000794bd3c00000",242254,143940418834809,143940418883689
"MEMORY_ALLOCATION","MEMORY_ALLOCATION_FREE","",0,"0x0000794bd2800000",242256,143940418887619,143940418934440
"MEMORY_ALLOCATION","MEMORY_ALLOCATION_FREE","",0,"0x0000794bd1400000",242258,143940418938530,143940418985161
"MEMORY_ALLOCATION","MEMORY_ALLOCATION_FREE","",0,"0x0000794bd50c0000",242260,143940418989331,143940418990231
"MEMORY_ALLOCATION","MEMORY_ALLOCATION_FREE","",0,"0x0000794bd1000000",242262,143940418995561,143940418996971
"MEMORY_ALLOCATION","MEMORY_ALLOCATION_FREE","",0,"0x0000794be0d93000",242264,143940419011841,143940419012461
"MEMORY_ALLOCATION","MEMORY_ALLOCATION_FREE","",0,"0x0000794be0d94000",242266,143940419015761,143940419016211
"MEMORY_ALLOCATION","MEMORY_ALLOCATION_FREE","",0,"0x0000794be0d95000",242268,143940419020221,143940419020781
"MEMORY_ALLOCATION","MEMORY_ALLOCATION_FREE","",0,"0x0000794be0d96000",242270,143940419024131,143940419024461
"MEMORY_ALLOCATION","MEMORY_ALLOCATION_FREE","",0,"0x0000794be0d97000",242272,143940419028182,143940419028782
"MEMORY_ALLOCATION","MEMORY_ALLOCATION_FREE","",0,"0x0000794bd10c0000",242274,143940419033732,143940419034872
"MEMORY_ALLOCATION","MEMORY_ALLOCATION_FREE","",0,"0x0000794bd0800000",242276,143940419038572,143940419085702
"MEMORY_ALLOCATION","MEMORY_ALLOCATION_FREE","",0,"0x0000794be0d98000",242278,143940419089762,143940419090302
"MEMORY_ALLOCATION","MEMORY_ALLOCATION_FREE","",0,"0x0000794bd0000000",242280,143940419093772,143940419142923
"MEMORY_ALLOCATION","MEMORY_ALLOCATION_FREE","",0,"0x0000794bcfc00000",242282,143940419147323,143940419147853
"MEMORY_ALLOCATION","MEMORY_ALLOCATION_FREE","",0,"0x0000794be0d99000",242284,143940419151383,143940419151883
"MEMORY_ALLOCATION","MEMORY_ALLOCATION_FREE","",0,"0x0000794be0d9a000",242286,143940419155333,143940419155683
"MEMORY_ALLOCATION","MEMORY_ALLOCATION_FREE","",0,"0x0000794bce800000",242288,143940419159343,143940419206914
"MEMORY_ALLOCATION","MEMORY_ALLOCATION_FREE","",0,"0x0000794bcd400000",242290,143940419210584,143940419255695
"MEMORY_ALLOCATION","MEMORY_ALLOCATION_FREE","",0,"0x0000794bcc000000",242292,143940419259415,143940419303776
"MEMORY_ALLOCATION","MEMORY_ALLOCATION_FREE","",0,"0x0000794bcfcc0000",242294,143940419307446,143940419308096
"MEMORY_ALLOCATION","MEMORY_ALLOCATION_FREE","",0,"0x0000794bcbc00000",242296,143940419312706,143940419313976
"MEMORY_ALLOCATION","MEMORY_ALLOCATION_FREE","",0,"0x0000794be0d9b000",242298,143940419317396,143940419317916
"MEMORY_ALLOCATION","MEMORY_ALLOCATION_FREE","",0,"0x0000794be0d9c000",242300,143940419321286,143940419321646
"MEMORY_ALLOCATION","MEMORY_ALLOCATION_FREE","",0,"0x0000794be0d9d000",242302,143940419325536,143940419326036
"MEMORY_ALLOCATION","MEMORY_ALLOCATION_FREE","",0,"0x0000794be0d9e000",242304,143940419329446,143940419329806
"MEMORY_ALLOCATION","MEMORY_ALLOCATION_FREE","",0,"0x0000794be0d9f000",242306,143940419334526,143940419335846
"MEMORY_ALLOCATION","MEMORY_ALLOCATION_FREE","",0,"0x0000794bcbcc0000",242308,143940419339896,143940419340556
"MEMORY_ALLOCATION","MEMORY_ALLOCATION_FREE","",0,"0x0000794bcb400000",242310,143940419344136,143940419389967
"MEMORY_ALLOCATION","MEMORY_ALLOCATION_FREE","",0,"0x0000794be0da0000",242312,143940419394367,143940419394937
"MEMORY_ALLOCATION","MEMORY_ALLOCATION_FREE","",0,"0x0000794bcac00000",242314,143940419398837,143940419447078
"MEMORY_ALLOCATION","MEMORY_ALLOCATION_FREE","",0,"0x0000794bca800000",242316,143940419451038,143940419451578
"MEMORY_ALLOCATION","MEMORY_ALLOCATION_FREE","",0,"0x0000794be0da1000",242318,143940419455808,143940419456438
"MEMORY_ALLOCATION","MEMORY_ALLOCATION_FREE","",0,"0x0000794be0da2000",242320,143940419459728,143940419460128
"MEMORY_ALLOCATION","MEMORY_ALLOCATION_FREE","",0,"0x0000794bc9400000",242322,143940419463868,143940419517349
"MEMORY_ALLOCATION","MEMORY_ALLOCATION_FREE","",0,"0x0000794bc8000000",242324,143940419521329,143940419568040
"MEMORY_ALLOCATION","MEMORY_ALLOCATION_FREE","",0,"0x0000794bc6c00000",242326,143940419571860,143940419617960
"MEMORY_ALLOCATION","MEMORY_ALLOCATION_FREE","",0,"0x0000794bca8c0000",242328,143940419621901,143940419622741
"MEMORY_ALLOCATION","MEMORY_ALLOCATION_FREE","",0,"0x0000794bc6800000",242330,143940419626581,143940419627051
"MEMORY_ALLOCATION","MEMORY_ALLOCATION_FREE","",0,"0x0000794be0da3000",242332,143940419630891,143940419631481
"MEMORY_ALLOCATION","MEMORY_ALLOCATION_FREE","",0,"0x0000794be0da4000",242334,143940419634811,143940419635161
"MEMORY_ALLOCATION","MEMORY_ALLOCATION_FREE","",0,"0x0000794be0da5000",242336,143940419638591,143940419638941
"MEMORY_ALLOCATION","MEMORY_ALLOCATION_FREE","",0,"0x0000794be0da6000",242338,143940419642291,143940419642631
"MEMORY_ALLOCATION","MEMORY_ALLOCATION_FREE","",0,"0x0000794be0da7000",242340,143940419646431,143940419647021
"MEMORY_ALLOCATION","MEMORY_ALLOCATION_FREE","",0,"0x0000794bc68c0000",242342,143940419650811,143940419651301
"MEMORY_ALLOCATION","MEMORY_ALLOCATION_FREE","",0,"0x0000794bc6000000",242344,143940419654631,143940419699602
"MEMORY_ALLOCATION","MEMORY_ALLOCATION_FREE","",0,"0x0000794be0da8000",242346,143940419703872,143940419704402
"MEMORY_ALLOCATION","MEMORY_ALLOCATION_FREE","",0,"0x0000794bc5800000",242348,143940419707842,143940419754053
"MEMORY_ALLOCATION","MEMORY_ALLOCATION_FREE","",0,"0x0000794bc5400000",242350,143940419758453,143940419759023
"MEMORY_ALLOCATION","MEMORY_ALLOCATION_FREE","",0,"0x0000794be0da9000",242352,143940419762463,143940419762883
"MEMORY_ALLOCATION","MEMORY_ALLOCATION_FREE","",0,"0x0000794be0daa000",242354,143940419766223,143940419766533
"MEMORY_ALLOCATION","MEMORY_ALLOCATION_FREE","",0,"0x0000794bc4000000",242356,143940419770373,143940419819004
"MEMORY_ALLOCATION","MEMORY_ALLOCATION_FREE","",0,"0x0000794bc2c00000",242358,143940419823244,143940419867714
"MEMORY_ALLOCATION","MEMORY_ALLOCATION_FREE","",0,"0x0000794bc1800000",242360,143940419871844,143940419916015
"MEMORY_ALLOCATION","MEMORY_ALLOCATION_FREE","",0,"0x0000794bc54c0000",242362,143940419920165,143940419920785
"MEMORY_ALLOCATION","MEMORY_ALLOCATION_FREE","",0,"0x0000794bc1400000",242364,143940419924915,143940419925245
"MEMORY_ALLOCATION","MEMORY_ALLOCATION_FREE","",0,"0x0000794be0dab000",242366,143940419928895,143940419929485
"MEMORY_ALLOCATION","MEMORY_ALLOCATION_FREE","",0,"0x0000794be0dac000",242368,143940419932945,143940419933315
"MEMORY_ALLOCATION","MEMORY_ALLOCATION_FREE","",0,"0x0000794be0dad000",242370,143940419936915,143940419937795
"MEMORY_ALLOCATION","MEMORY_ALLOCATION_FREE","",0,"0x0000794be0dae000",242372,143940419940955,143940419941285
"MEMORY_ALLOCATION","MEMORY_ALLOCATION_FREE","",0,"0x0000794be0daf000",242374,143940419945025,143940419945785
"MEMORY_ALLOCATION","MEMORY_ALLOCATION_FREE","",0,"0x0000794bc1000000",242376,143940419949425,143940419949845
"MEMORY_ALLOCATION","MEMORY_ALLOCATION_FREE","",0,"0x0000794bc0200000",242378,143940419953886,143940419998996
"MEMORY_ALLOCATION","MEMORY_ALLOCATION_FREE","",0,"0x0000794be0db0000",242380,143940420017357,143940420017867
"MEMORY_ALLOCATION","MEMORY_ALLOCATION_FREE","",0,"0x0000794bbf400000",242382,143940420021337,143940420070127
"MEMORY_ALLOCATION","MEMORY_ALLOCATION_FREE","",0,"0x0000794bbf000000",242384,143940420073747,143940420074287
"MEMORY_ALLOCATION","MEMORY_ALLOCATION_FREE","",0,"0x0000794be0db1000",242386,143940420077707,143940420078227
"MEMORY_ALLOCATION","MEMORY_ALLOCATION_FREE","",0,"0x0000794be0db2000",242388,143940420081857,143940420082267
"MEMORY_ALLOCATION","MEMORY_ALLOCATION_FREE","",0,"0x0000794bbca00000",242390,143940420086208,143940420133518
"MEMORY_ALLOCATION","MEMORY_ALLOCATION_FREE","",0,"0x0000794bba400000",242392,143940420137148,143940420180929
"MEMORY_ALLOCATION","MEMORY_ALLOCATION_FREE","",0,"0x0000794bb7e00000",242394,143940420184519,143940420228300
"MEMORY_ALLOCATION","MEMORY_ALLOCATION_FREE","",0,"0x0000794bc14c0000",242396,143940420232320,143940420232940
"MEMORY_ALLOCATION","MEMORY_ALLOCATION_FREE","",0,"0x0000794bb7a00000",242398,143940420236690,143940420237310
"MEMORY_ALLOCATION","MEMORY_ALLOCATION_FREE","",0,"0x0000794be0db3000",242400,143940420241400,143940420242350
"MEMORY_ALLOCATION","MEMORY_ALLOCATION_FREE","",0,"0x0000794be0db4000",242402,143940420245800,143940420246180
"MEMORY_ALLOCATION","MEMORY_ALLOCATION_FREE","",0,"0x0000794be0db5000",242404,143940420250120,143940420250540
"MEMORY_ALLOCATION","MEMORY_ALLOCATION_FREE","",0,"0x0000794be0db6000",242406,143940420253580,143940420253940
"MEMORY_ALLOCATION","MEMORY_ALLOCATION_FREE","",0,"0x0000794be0db7000",242408,143940420257780,143940420258350
"MEMORY_ALLOCATION","MEMORY_ALLOCATION_FREE","",0,"0x0000794bb7ac0000",242410,143940420261940,143940420262610
"MEMORY_ALLOCATION","MEMORY_ALLOCATION_FREE","",0,"0x0000794bb7200000",242412,143940420266350,143940420314791
"MEMORY_ALLOCATION","MEMORY_ALLOCATION_FREE","",0,"0x0000794be0db8000",242414,143940420318841,143940420319281
"MEMORY_ALLOCATION","MEMORY_ALLOCATION_FREE","",0,"0x0000794bb6a00000",242416,143940420322791,143940420367412
"MEMORY_ALLOCATION","MEMORY_ALLOCATION_FREE","",0,"0x0000794bb6600000",242418,143940420371132,143940420371742
"MEMORY_ALLOCATION","MEMORY_ALLOCATION_FREE","",0,"0x0000794be0db9000",242420,143940420375432,143940420375852
"MEMORY_ALLOCATION","MEMORY_ALLOCATION_FREE","",0,"0x0000794be0dba000",242422,143940420379072,143940420379412
"MEMORY_ALLOCATION","MEMORY_ALLOCATION_FREE","",0,"0x0000794bb4000000",242424,143940420382812,143940420434163
"MEMORY_ALLOCATION","MEMORY_ALLOCATION_FREE","",0,"0x0000794bb1a00000",242426,143940420438583,143940420483564
"MEMORY_ALLOCATION","MEMORY_ALLOCATION_FREE","",0,"0x0000794baf400000",242428,143940420487524,143940420531424
"MEMORY_ALLOCATION","MEMORY_ALLOCATION_FREE","",0,"0x0000794bb66c0000",242430,143940420535364,143940420536044
"MEMORY_ALLOCATION","MEMORY_ALLOCATION_FREE","",0,"0x0000794baf000000",242432,143940420539994,143940420540614
"MEMORY_ALLOCATION","MEMORY_ALLOCATION_FREE","",0,"0x0000794be0dbb000",242434,143940420544395,143940420544905
"MEMORY_ALLOCATION","MEMORY_ALLOCATION_FREE","",0,"0x0000794be0dbc000",242436,143940420547995,143940420548315
"MEMORY_ALLOCATION","MEMORY_ALLOCATION_FREE","",0,"0x0000794be0dbd000",242438,143940420551605,143940420551965
"MEMORY_ALLOCATION","MEMORY_ALLOCATION_FREE","",0,"0x0000794be0dbe000",242440,143940420555155,143940420555475
"MEMORY_ALLOCATION","MEMORY_ALLOCATION_FREE","",0,"0x0000794be0dbf000",242442,143940420558865,143940420559515
"MEMORY_ALLOCATION","MEMORY_ALLOCATION_FREE","",0,"0x0000794baf0c0000",242444,143940420562945,143940420563425
"MEMORY_ALLOCATION","MEMORY_ALLOCATION_FREE","",0,"0x0000794bae800000",242446,143940420566685,143940420613686
"MEMORY_ALLOCATION","MEMORY_ALLOCATION_FREE","",0,"0x0000794be0dc0000",242448,143940420617786,143940420618346
"MEMORY_ALLOCATION","MEMORY_ALLOCATION_FREE","",0,"0x0000794bae000000",242450,143940420621896,143940420669566
"MEMORY_ALLOCATION","MEMORY_ALLOCATION_FREE","",0,"0x0000794badc00000",242452,143940420675717,143940420676457
"MEMORY_ALLOCATION","MEMORY_ALLOCATION_FREE","",0,"0x0000794be0dc1000",242454,143940420681567,143940420682157
"MEMORY_ALLOCATION","MEMORY_ALLOCATION_FREE","",0,"0x0000794be0dc2000",242456,143940420687057,143940420687687
"MEMORY_ALLOCATION","MEMORY_ALLOCATION_FREE","",0,"0x0000794bab600000",242458,143940420693317,143940420743188
"MEMORY_ALLOCATION","MEMORY_ALLOCATION_FREE","",0,"0x0000794ba9000000",242460,143940420748748,143940420796798
"MEMORY_ALLOCATION","MEMORY_ALLOCATION_FREE","",0,"0x0000794ba6a00000",242462,143940420802508,143940420851329
"MEMORY_ALLOCATION","MEMORY_ALLOCATION_FREE","",0,"0x0000794badcc0000",242464,143940420857079,143940420858259
"MEMORY_ALLOCATION","MEMORY_ALLOCATION_FREE","",0,"0x0000794ba6600000",242466,143940420863719,143940420864259
"MEMORY_ALLOCATION","MEMORY_ALLOCATION_FREE","",0,"0x0000794be0dc3000",242468,143940420869499,143940420870219
"MEMORY_ALLOCATION","MEMORY_ALLOCATION_FREE","",0,"0x0000794be0dc4000",242470,143940420874940,143940420875420
"MEMORY_ALLOCATION","MEMORY_ALLOCATION_FREE","",0,"0x0000794be0dc5000",242472,143940420880520,143940420881050
"MEMORY_ALLOCATION","MEMORY_ALLOCATION_FREE","",0,"0x0000794be0dc6000",242474,143940420885930,143940420886410
"MEMORY_ALLOCATION","MEMORY_ALLOCATION_FREE","",0,"0x0000794be0dc7000",242476,143940420891390,143940420892260
"MEMORY_ALLOCATION","MEMORY_ALLOCATION_FREE","",0,"0x0000794ba66c0000",242478,143940420896890,143940420897460
"MEMORY_ALLOCATION","MEMORY_ALLOCATION_FREE","",0,"0x0000794ba5e00000",242480,143940420902190,143940420956701
"MEMORY_ALLOCATION","MEMORY_ALLOCATION_FREE","",0,"0x0000794be0dc8000",242482,143940420962041,143940420962631
"MEMORY_ALLOCATION","MEMORY_ALLOCATION_FREE","",0,"0x0000794ba5600000",242484,143940420967901,143940421032172
"MEMORY_ALLOCATION","MEMORY_ALLOCATION_FREE","",0,"0x0000794ba5200000",242486,143940421038662,143940421039392
"MEMORY_ALLOCATION","MEMORY_ALLOCATION_FREE","",0,"0x0000794be0dc9000",242488,143940421044242,143940421045002
"MEMORY_ALLOCATION","MEMORY_ALLOCATION_FREE","",0,"0x0000794be0dca000",242490,143940421049892,143940421050342
"MEMORY_ALLOCATION","MEMORY_ALLOCATION_FREE","",0,"0x0000794ba2c00000",242492,143940421055422,143940421106053
"MEMORY_ALLOCATION","MEMORY_ALLOCATION_FREE","",0,"0x0000794ba0600000",242494,143940421112043,143940421160894
"MEMORY_ALLOCATION","MEMORY_ALLOCATION_FREE","",0,"0x0000794b9e000000",242496,143940421166574,143940421214625
"MEMORY_ALLOCATION","MEMORY_ALLOCATION_FREE","",0,"0x0000794ba52c0000",242498,143940421220425,143940421221115
"MEMORY_ALLOCATION","MEMORY_ALLOCATION_FREE","",0,"0x0000794b9dc00000",242500,143940421226405,143940421227315
"MEMORY_ALLOCATION","MEMORY_ALLOCATION_FREE","",0,"0x0000794be0dcb000",242502,143940421232155,143940421232875
"MEMORY_ALLOCATION","MEMORY_ALLOCATION_FREE","",0,"0x0000794be0dcc000",242504,143940421237405,143940421237875
"MEMORY_ALLOCATION","MEMORY_ALLOCATION_FREE","",0,"0x0000794be0dcd000",242506,143940421242645,143940421243145
"MEMORY_ALLOCATION","MEMORY_ALLOCATION_FREE","",0,"0x0000794be0dce000",242508,143940421248245,143940421248745
"MEMORY_ALLOCATION","MEMORY_ALLOCATION_FREE","",0,"0x0000794be0dcf000",242510,143940421253245,143940421254195
"MEMORY_ALLOCATION","MEMORY_ALLOCATION_FREE","",0,"0x0000794b9dcc0000",242512,143940421259325,143940421259865
"MEMORY_ALLOCATION","MEMORY_ALLOCATION_FREE","",0,"0x0000794b9d400000",242514,143940421264415,143940421320416
"MEMORY_ALLOCATION","MEMORY_ALLOCATION_FREE","",0,"0x0000794be0dd0000",242516,143940421325406,143940421326096
"MEMORY_ALLOCATION","MEMORY_ALLOCATION_FREE","",0,"0x0000794b9cc00000",242518,143940421330526,143940421378067
"MEMORY_ALLOCATION","MEMORY_ALLOCATION_FREE","",0,"0x0000794b9c800000",242520,143940421382377,143940421382897
"MEMORY_ALLOCATION","MEMORY_ALLOCATION_FREE","",0,"0x0000794be0dd1000",242522,143940421386157,143940421386577
"MEMORY_ALLOCATION","MEMORY_ALLOCATION_FREE","",0,"0x0000794be0dd2000",242524,143940421389767,143940421390137
"MEMORY_ALLOCATION","MEMORY_ALLOCATION_FREE","",0,"0x0000794b9a200000",242526,143940421393417,143940421441158
"MEMORY_ALLOCATION","MEMORY_ALLOCATION_FREE","",0,"0x0000794b97c00000",242528,143940421444708,143940421489329
"MEMORY_ALLOCATION","MEMORY_ALLOCATION_FREE","",0,"0x0000794b95600000",242530,143940421492759,143940421537160
"MEMORY_ALLOCATION","MEMORY_ALLOCATION_FREE","",0,"0x0000794b9c8c0000",242532,143940421541010,143940421541590
"MEMORY_ALLOCATION","MEMORY_ALLOCATION_FREE","",0,"0x0000794b95200000",242534,143940421545880,143940421546410
"MEMORY_ALLOCATION","MEMORY_ALLOCATION_FREE","",0,"0x0000794be0dd3000",242536,143940421549900,143940421550470
"MEMORY_ALLOCATION","MEMORY_ALLOCATION_FREE","",0,"0x0000794be0dd4000",242538,143940421553900,143940421554280
"MEMORY_ALLOCATION","MEMORY_ALLOCATION_FREE","",0,"0x0000794be0dd5000",242540,143940421557680,143940421558070
"MEMORY_ALLOCATION","MEMORY_ALLOCATION_FREE","",0,"0x0000794be0dd6000",242542,143940421561030,143940421561390
"MEMORY_ALLOCATION","MEMORY_ALLOCATION_FREE","",0,"0x0000794be0dd7000",242544,143940421564700,143940421565260
"MEMORY_ALLOCATION","MEMORY_ALLOCATION_FREE","",0,"0x0000794b94e00000",242546,143940421568550,143940421568890
"MEMORY_ALLOCATION","MEMORY_ALLOCATION_FREE","",0,"0x0000794b94000000",242548,143940421572180,143940421623231
"MEMORY_ALLOCATION","MEMORY_ALLOCATION_FREE","",0,"0x0000794be0dd8000",242550,143940421627111,143940421627591
"MEMORY_ALLOCATION","MEMORY_ALLOCATION_FREE","",0,"0x0000794b93200000",242552,143940421774193,143940421825774
"MEMORY_ALLOCATION","MEMORY_ALLOCATION_FREE","",0,"0x0000794b92e00000",242554,143940421830274,143940421831304
"MEMORY_ALLOCATION","MEMORY_ALLOCATION_FREE","",0,"0x0000794be0dd9000",242556,143940421834894,143940421835364
"MEMORY_ALLOCATION","MEMORY_ALLOCATION_FREE","",0,"0x0000794be0dda000",242558,143940421838584,143940421838924
"MEMORY_ALLOCATION","MEMORY_ALLOCATION_FREE","",0,"0x0000794b91a00000",242560,143940421842574,143940421888795
"MEMORY_ALLOCATION","MEMORY_ALLOCATION_FREE","",0,"0x0000794b90600000",242562,143940421892725,143940421938186
"MEMORY_ALLOCATION","MEMORY_ALLOCATION_FREE","",0,"0x0000794b8f200000",242564,143940421942266,143940421985876
"MEMORY_ALLOCATION","MEMORY_ALLOCATION_FREE","",0,"0x0000794b952c0000",242566,143940421990326,143940421990996
"MEMORY_ALLOCATION","MEMORY_ALLOCATION_FREE","",0,"0x0000794b8ee00000",242568,143940421995867,143940421996507
"MEMORY_ALLOCATION","MEMORY_ALLOCATION_FREE","",0,"0x0000794be0ddb000",242570,143940422008657,143940422009367
"MEMORY_ALLOCATION","MEMORY_ALLOCATION_FREE","",0,"0x0000794be0ddc000",242572,143940422012637,143940422013007
"MEMORY_ALLOCATION","MEMORY_ALLOCATION_FREE","",0,"0x0000794be0ddd000",242574,143940422016327,143940422016687
"MEMORY_ALLOCATION","MEMORY_ALLOCATION_FREE","",0,"0x0000794be0dde000",242576,143940422019767,143940422020077
"MEMORY_ALLOCATION","MEMORY_ALLOCATION_FREE","",0,"0x0000794be0ddf000",242578,143940422023517,143940422024187
"MEMORY_ALLOCATION","MEMORY_ALLOCATION_FREE","",0,"0x0000794b8eec0000",242580,143940422027597,143940422028077
"MEMORY_ALLOCATION","MEMORY_ALLOCATION_FREE","",0,"0x0000794b8e600000",242582,143940422031387,143940422081488
"MEMORY_ALLOCATION","MEMORY_ALLOCATION_FREE","",0,"0x0000794be0de0000",242584,143940422085768,143940422086208
"MEMORY_ALLOCATION","MEMORY_ALLOCATION_FREE","",0,"0x0000794b8de00000",242586,143940422090848,143940422139189
"MEMORY_ALLOCATION","MEMORY_ALLOCATION_FREE","",0,"0x0000794b8da00000",242588,143940422143339,143940422143829
"MEMORY_ALLOCATION","MEMORY_ALLOCATION_FREE","",0,"0x0000794be0de1000",242590,143940422147239,143940422147699
"MEMORY_ALLOCATION","MEMORY_ALLOCATION_FREE","",0,"0x0000794be0de2000",242592,143940422150819,143940422151149
"MEMORY_ALLOCATION","MEMORY_ALLOCATION_FREE","",0,"0x0000794b8b400000",242594,143940422154609,143940422199660
"MEMORY_ALLOCATION","MEMORY_ALLOCATION_FREE","",0,"0x0000794b88e00000",242596,143940422203590,143940422248240
"MEMORY_ALLOCATION","MEMORY_ALLOCATION_FREE","",0,"0x0000794b86200000",242598,143940422252150,143940422296981
"MEMORY_ALLOCATION","MEMORY_ALLOCATION_FREE","",0,"0x0000794b8dac0000",242600,143940422301161,143940422301851
"MEMORY_ALLOCATION","MEMORY_ALLOCATION_FREE","",0,"0x0000794b85e00000",242602,143940422305211,143940422305711
"MEMORY_ALLOCATION","MEMORY_ALLOCATION_FREE","",0,"0x0000794be0de3000",242604,143940422309591,143940422310191
"MEMORY_ALLOCATION","MEMORY_ALLOCATION_FREE","",0,"0x0000794be0de4000",242606,143940422313351,143940422313701
"MEMORY_ALLOCATION","MEMORY_ALLOCATION_FREE","",0,"0x0000794be0de5000",242608,143940422316891,143940422317231
"MEMORY_ALLOCATION","MEMORY_ALLOCATION_FREE","",0,"0x0000794be0de6000",242610,143940422320441,143940422320761
"MEMORY_ALLOCATION","MEMORY_ALLOCATION_FREE","",0,"0x0000794be0de7000",242612,143940422324212,143940422325142
"MEMORY_ALLOCATION","MEMORY_ALLOCATION_FREE","",0,"0x0000794b85ec0000",242614,143940422328532,143940422329132
"MEMORY_ALLOCATION","MEMORY_ALLOCATION_FREE","",0,"0x0000794b85600000",242616,143940422332832,143940422380592
"MEMORY_ALLOCATION","MEMORY_ALLOCATION_FREE","",0,"0x0000794be0de8000",242618,143940422384362,143940422384842
"MEMORY_ALLOCATION","MEMORY_ALLOCATION_FREE","",0,"0x0000794b84e00000",242620,143940422388022,143940422436533
"MEMORY_ALLOCATION","MEMORY_ALLOCATION_FREE","",0,"0x0000794b84a00000",242622,143940422440523,143940422441143
"MEMORY_ALLOCATION","MEMORY_ALLOCATION_FREE","",0,"0x0000794be0de9000",242624,143940422444963,143940422445393
"MEMORY_ALLOCATION","MEMORY_ALLOCATION_FREE","",0,"0x0000794be0dea000",242626,143940422448893,143940422449203
"MEMORY_ALLOCATION","MEMORY_ALLOCATION_FREE","",0,"0x0000794b82400000",242628,143940422452523,143940422497514
"MEMORY_ALLOCATION","MEMORY_ALLOCATION_FREE","",0,"0x0000794b7fe00000",242630,143940422501514,143940422547835
"MEMORY_ALLOCATION","MEMORY_ALLOCATION_FREE","",0,"0x0000794b7d800000",242632,143940422551805,143940422596136
"MEMORY_ALLOCATION","MEMORY_ALLOCATION_FREE","",0,"0x0000794b84ac0000",242634,143940422599916,143940422600486
"MEMORY_ALLOCATION","MEMORY_ALLOCATION_FREE","",0,"0x0000794b7d400000",242636,143940422604266,143940422604886
"MEMORY_ALLOCATION","MEMORY_ALLOCATION_FREE","",0,"0x0000794be0deb000",242638,143940422608346,143940422608776
"MEMORY_ALLOCATION","MEMORY_ALLOCATION_FREE","",0,"0x0000794be0dec000",242640,143940422611966,143940422612296
"MEMORY_ALLOCATION","MEMORY_ALLOCATION_FREE","",0,"0x0000794be0ded000",242642,143940422615686,143940422616006
"MEMORY_ALLOCATION","MEMORY_ALLOCATION_FREE","",0,"0x0000794be0dee000",242644,143940422619046,143940422619366
"MEMORY_ALLOCATION","MEMORY_ALLOCATION_FREE","",0,"0x0000794be0def000",242646,143940422622856,143940422623326
"MEMORY_ALLOCATION","MEMORY_ALLOCATION_FREE","",0,"0x0000794b7d4c0000",242648,143940422626546,143940422626976
"MEMORY_ALLOCATION","MEMORY_ALLOCATION_FREE","",0,"0x0000794b7cc00000",242650,143940422630076,143940422681647
"MEMORY_ALLOCATION","MEMORY_ALLOCATION_FREE","",0,"0x0000794be0df0000",242652,143940422687857,143940422688587
"MEMORY_ALLOCATION","MEMORY_ALLOCATION_FREE","",0,"0x0000794b7c400000",242654,143940422692997,143940422744258
"MEMORY_ALLOCATION","MEMORY_ALLOCATION_FREE","",0,"0x0000794b7c000000",242656,143940422749258,143940422749768
"MEMORY_ALLOCATION","MEMORY_ALLOCATION_FREE","",0,"0x0000794be0df1000",242658,143940422754148,143940422754688
"MEMORY_ALLOCATION","MEMORY_ALLOCATION_FREE","",0,"0x0000794be0df2000",242660,143940422758868,143940422759258
"MEMORY_ALLOCATION","MEMORY_ALLOCATION_FREE","",0,"0x0000794b79a00000",242662,143940422763648,143940422813009
"MEMORY_ALLOCATION","MEMORY_ALLOCATION_FREE","",0,"0x0000794b77400000",242664,143940422818219,143940422865390
"MEMORY_ALLOCATION","MEMORY_ALLOCATION_FREE","",0,"0x0000794b74e00000",242666,143940422870460,143940422922131
"MEMORY_ALLOCATION","MEMORY_ALLOCATION_FREE","",0,"0x0000794b7c0c0000",242668,143940422928361,143940422929461
"MEMORY_ALLOCATION","MEMORY_ALLOCATION_FREE","",0,"0x0000794b74a00000",242670,143940422934601,143940422935371
"MEMORY_ALLOCATION","MEMORY_ALLOCATION_FREE","",0,"0x0000794be0df3000",242672,143940422940001,143940422940731
"MEMORY_ALLOCATION","MEMORY_ALLOCATION_FREE","",0,"0x0000794be0df4000",242674,143940422944971,143940422945411
"MEMORY_ALLOCATION","MEMORY_ALLOCATION_FREE","",0,"0x0000794be0df5000",242676,143940422949661,143940422950221
"MEMORY_ALLOCATION","MEMORY_ALLOCATION_FREE","",0,"0x0000794be0df6000",242678,143940422954421,143940422954841
"MEMORY_ALLOCATION","MEMORY_ALLOCATION_FREE","",0,"0x0000794be0df7000",242680,143940422959281,143940422959801
"MEMORY_ALLOCATION","MEMORY_ALLOCATION_FREE","",0,"0x0000794b74ac0000",242682,143940422964731,143940422965571
"MEMORY_ALLOCATION","MEMORY_ALLOCATION_FREE","",0,"0x0000794b74200000",242684,143940422970031,143940423034692
"MEMORY_ALLOCATION","MEMORY_ALLOCATION_FREE","",0,"0x0000794be0df8000",242686,143940423040552,143940423041342
"MEMORY_ALLOCATION","MEMORY_ALLOCATION_FREE","",0,"0x0000794b73a00000",242688,143940423046112,143940423098033
"MEMORY_ALLOCATION","MEMORY_ALLOCATION_FREE","",0,"0x0000794b73600000",242690,143940423103633,143940423104253
"MEMORY_ALLOCATION","MEMORY_ALLOCATION_FREE","",0,"0x0000794be0df9000",242692,143940423108923,143940423109493
"MEMORY_ALLOCATION","MEMORY_ALLOCATION_FREE","",0,"0x0000794be0dfa000",242694,143940423114954,143940423115374
"MEMORY_ALLOCATION","MEMORY_ALLOCATION_FREE","",0,"0x0000794b71000000",242696,143940423120214,143940423169184
"MEMORY_ALLOCATION","MEMORY_ALLOCATION_FREE","",0,"0x0000794b6ea00000",242698,143940423174374,143940423222035
"MEMORY_ALLOCATION","MEMORY_ALLOCATION_FREE","",0,"0x0000794b6c400000",242700,143940423227105,143940423275206
"MEMORY_ALLOCATION","MEMORY_ALLOCATION_FREE","",0,"0x0000794b736c0000",242702,143940423280396,143940423281176
"MEMORY_ALLOCATION","MEMORY_ALLOCATION_FREE","",0,"0x0000794b6c000000",242704,143940423285526,143940423286146
"MEMORY_ALLOCATION","MEMORY_ALLOCATION_FREE","",0,"0x0000794be0dfb000",242706,143940423289786,143940423290306
"MEMORY_ALLOCATION","MEMORY_ALLOCATION_FREE","",0,"0x0000794be0dfc000",242708,143940423293866,143940423294266
"MEMORY_ALLOCATION","MEMORY_ALLOCATION_FREE","",0,"0x0000794be0dfd000",242710,143940423297636,143940423297976
"MEMORY_ALLOCATION","MEMORY_ALLOCATION_FREE","",0,"0x0000794be0dfe000",242712,143940423301356,143940423301726
"MEMORY_ALLOCATION","MEMORY_ALLOCATION_FREE","",0,"0x0000794be0dff000",242714,143940423305116,143940423305606
"MEMORY_ALLOCATION","MEMORY_ALLOCATION_FREE","",0,"0x0000794b6c0c0000",242716,143940423308986,143940423309676
"MEMORY_ALLOCATION","MEMORY_ALLOCATION_FREE","",0,"0x0000794b6b800000",242718,143940423313417,143940423361667
"MEMORY_ALLOCATION","MEMORY_ALLOCATION_FREE","",0,"0x0000794bdf980000",242720,143940423365897,143940423366977
"MEMORY_ALLOCATION","MEMORY_ALLOCATION_FREE","",0,"0x0000794b6b000000",242722,143940423370587,143940423418018
"MEMORY_ALLOCATION","MEMORY_ALLOCATION_FREE","",0,"0x0000794b6ac00000",242724,143940423422398,143940423422938
"MEMORY_ALLOCATION","MEMORY_ALLOCATION_FREE","",0,"0x0000794bdf981000",242726,143940423426758,143940423427328
"MEMORY_ALLOCATION","MEMORY_ALLOCATION_FREE","",0,"0x0000794bdf982000",242728,143940423432028,143940423432928
"MEMORY_ALLOCATION","MEMORY_ALLOCATION_FREE","",0,"0x0000794b68600000",242730,143940423436688,143940423485619
"MEMORY_ALLOCATION","MEMORY_ALLOCATION_FREE","",0,"0x0000794b66000000",242732,143940423489829,143940423534410
"MEMORY_ALLOCATION","MEMORY_ALLOCATION_FREE","",0,"0x0000794b63a00000",242734,143940423538270,143940423585821
"MEMORY_ALLOCATION","MEMORY_ALLOCATION_FREE","",0,"0x0000794b6acc0000",242736,143940423589721,143940423590381
"MEMORY_ALLOCATION","MEMORY_ALLOCATION_FREE","",0,"0x0000794b63600000",242738,143940423593811,143940423594151
"MEMORY_ALLOCATION","MEMORY_ALLOCATION_FREE","",0,"0x0000794bdf983000",242740,143940423597471,143940423598041
"MEMORY_ALLOCATION","MEMORY_ALLOCATION_FREE","",0,"0x0000794bdf984000",242742,143940423601331,143940423601741
"MEMORY_ALLOCATION","MEMORY_ALLOCATION_FREE","",0,"0x0000794bdf985000",242744,143940423604701,143940423605051
"MEMORY_ALLOCATION","MEMORY_ALLOCATION_FREE","",0,"0x0000794bdf986000",242746,143940423608381,143940423608811
"MEMORY_ALLOCATION","MEMORY_ALLOCATION_FREE","",0,"0x0000794bdf987000",242748,143940423611871,143940423612281
"MEMORY_ALLOCATION","MEMORY_ALLOCATION_FREE","",0,"0x0000794b63200000",242750,143940423615661,143940423616321
"MEMORY_ALLOCATION","MEMORY_ALLOCATION_FREE","",0,"0x0000794b62400000",242752,143940423620141,143940423665932
"MEMORY_ALLOCATION","MEMORY_ALLOCATION_FREE","",0,"0x0000794bdf988000",242754,143940423669902,143940423670422
"MEMORY_ALLOCATION","MEMORY_ALLOCATION_FREE","",0,"0x0000794b61600000",242756,143940423673762,143940423721243
"MEMORY_ALLOCATION","MEMORY_ALLOCATION_FREE","",0,"0x0000794b61200000",242758,143940423725103,143940423725623
"MEMORY_ALLOCATION","MEMORY_ALLOCATION_FREE","",0,"0x0000794bdf989000",242760,143940423729013,143940423729503
"MEMORY_ALLOCATION","MEMORY_ALLOCATION_FREE","",0,"0x0000794bdf98a000",242762,143940423732933,143940423733403
"MEMORY_ALLOCATION","MEMORY_ALLOCATION_FREE","",0,"0x0000794b5ec00000",242764,143940423736833,143940423782494
"MEMORY_ALLOCATION","MEMORY_ALLOCATION_FREE","",0,"0x0000794b5c600000",242766,143940423786614,143940423830984
"MEMORY_ALLOCATION","MEMORY_ALLOCATION_FREE","",0,"0x0000794b5a000000",242768,143940423834704,143940423878845
"MEMORY_ALLOCATION","MEMORY_ALLOCATION_FREE","",0,"0x0000794b636c0000",242770,143940423882685,143940423883275
"MEMORY_ALLOCATION","MEMORY_ALLOCATION_FREE","",0,"0x0000794b59c00000",242772,143940423886295,143940423886635
"MEMORY_ALLOCATION","MEMORY_ALLOCATION_FREE","",0,"0x0000794bdf98b000",242774,143940423890025,143940423890575
"MEMORY_ALLOCATION","MEMORY_ALLOCATION_FREE","",0,"0x0000794bdf98c000",242776,143940423893875,143940423894275
"MEMORY_ALLOCATION","MEMORY_ALLOCATION_FREE","",0,"0x0000794bdf98d000",242778,143940423897815,143940423898135
"MEMORY_ALLOCATION","MEMORY_ALLOCATION_FREE","",0,"0x0000794bdf98e000",242780,143940423901735,143940423902235
"MEMORY_ALLOCATION","MEMORY_ALLOCATION_FREE","",0,"0x0000794bdf98f000",242782,143940423905486,143940423905976
"MEMORY_ALLOCATION","MEMORY_ALLOCATION_FREE","",0,"0x0000794b59cc0000",242784,143940423909556,143940423910166
"MEMORY_ALLOCATION","MEMORY_ALLOCATION_FREE","",0,"0x0000794b59400000",242786,143940423913926,143940423962956
"MEMORY_ALLOCATION","MEMORY_ALLOCATION_FREE","",0,"0x0000794bdf990000",242788,143940423966876,143940423967346
"MEMORY_ALLOCATION","MEMORY_ALLOCATION_FREE","",0,"0x0000794b58c00000",242790,143940423970877,143940424031257
"MEMORY_ALLOCATION","MEMORY_ALLOCATION_FREE","",0,"0x0000794b58800000",242792,143940424036648,143940424037198
"MEMORY_ALLOCATION","MEMORY_ALLOCATION_FREE","",0,"0x0000794bdf991000",242794,143940424041038,143940424041538
"MEMORY_ALLOCATION","MEMORY_ALLOCATION_FREE","",0,"0x0000794bdf992000",242796,143940424045188,143940424045788
"MEMORY_ALLOCATION","MEMORY_ALLOCATION_FREE","",0,"0x0000794b56200000",242798,143940424049498,143940424094668
"MEMORY_ALLOCATION","MEMORY_ALLOCATION_FREE","",0,"0x0000794b53c00000",242800,143940424099298,143940424146979
"MEMORY_ALLOCATION","MEMORY_ALLOCATION_FREE","",0,"0x0000794b51600000",242802,143940424150929,143940424195210
"MEMORY_ALLOCATION","MEMORY_ALLOCATION_FREE","",0,"0x0000794b588c0000",242804,143940424199070,143940424200180
"MEMORY_ALLOCATION","MEMORY_ALLOCATION_FREE","",0,"0x0000794b51200000",242806,143940424203550,143940424203870
"MEMORY_ALLOCATION","MEMORY_ALLOCATION_FREE","",0,"0x0000794bdf993000",242808,143940424207100,143940424207700
"MEMORY_ALLOCATION","MEMORY_ALLOCATION_FREE","",0,"0x0000794bdf994000",242810,143940424210760,143940424211240
"MEMORY_ALLOCATION","MEMORY_ALLOCATION_FREE","",0,"0x0000794bdf995000",242812,143940424214620,143940424214970
"MEMORY_ALLOCATION","MEMORY_ALLOCATION_FREE","",0,"0x0000794bdf996000",242814,143940424218280,143940424218700
"MEMORY_ALLOCATION","MEMORY_ALLOCATION_FREE","",0,"0x0000794bdf997000",242816,143940424221980,143940424222480
"MEMORY_ALLOCATION","MEMORY_ALLOCATION_FREE","",0,"0x0000794b512c0000",242818,143940424226350,143940424226900
"MEMORY_ALLOCATION","MEMORY_ALLOCATION_FREE","",0,"0x0000794b50a00000",242820,143940424230790,143940424278791
"MEMORY_ALLOCATION","MEMORY_ALLOCATION_FREE","",0,"0x0000794bdf998000",242822,143940424283131,143940424283641
"MEMORY_ALLOCATION","MEMORY_ALLOCATION_FREE","",0,"0x0000794b50200000",242824,143940424287351,143940424332332
"MEMORY_ALLOCATION","MEMORY_ALLOCATION_FREE","",0,"0x0000794b4fe00000",242826,143940424336222,143940424336642
"MEMORY_ALLOCATION","MEMORY_ALLOCATION_FREE","",0,"0x0000794bdf999000",242828,143940424340352,143940424340732
"MEMORY_ALLOCATION","MEMORY_ALLOCATION_FREE","",0,"0x0000794bdf99a000",242830,143940424344022,143940424344492
"MEMORY_ALLOCATION","MEMORY_ALLOCATION_FREE","",0,"0x0000794b4d800000",242832,143940424348372,143940424393713
"MEMORY_ALLOCATION","MEMORY_ALLOCATION_FREE","",0,"0x0000794b4b200000",242834,143940424398183,143940424442254
"MEMORY_ALLOCATION","MEMORY_ALLOCATION_FREE","",0,"0x0000794b48c00000",242836,143940424446684,143940424492444
"MEMORY_ALLOCATION","MEMORY_ALLOCATION_FREE","",0,"0x0000794b4fec0000",242838,143940424496814,143940424497434
"MEMORY_ALLOCATION","MEMORY_ALLOCATION_FREE","",0,"0x0000794b48800000",242840,143940424501575,143940424502285
"MEMORY_ALLOCATION","MEMORY_ALLOCATION_FREE","",0,"0x0000794bdf99b000",242842,143940424505785,143940424506335
"MEMORY_ALLOCATION","MEMORY_ALLOCATION_FREE","",0,"0x0000794bdf99c000",242844,143940424509485,143940424509845
"MEMORY_ALLOCATION","MEMORY_ALLOCATION_FREE","",0,"0x0000794bdf99d000",242846,143940424512865,143940424513185
"MEMORY_ALLOCATION","MEMORY_ALLOCATION_FREE","",0,"0x0000794bdf99e000",242848,143940424516465,143940424516855
"MEMORY_ALLOCATION","MEMORY_ALLOCATION_FREE","",0,"0x0000794bdf99f000",242850,143940424520245,143940424520745
"MEMORY_ALLOCATION","MEMORY_ALLOCATION_FREE","",0,"0x0000794b488c0000",242852,143940424524685,143940424525225
"MEMORY_ALLOCATION","MEMORY_ALLOCATION_FREE","",0,"0x0000794b48000000",242854,143940424528945,143940424576946
"MEMORY_ALLOCATION","MEMORY_ALLOCATION_FREE","",0,"0x0000794bdf9a0000",242856,143940424580746,143940424581286
"MEMORY_ALLOCATION","MEMORY_ALLOCATION_FREE","",0,"0x0000794b47800000",242858,143940424584556,143940424631077
"MEMORY_ALLOCATION","MEMORY_ALLOCATION_FREE","",0,"0x0000794b47400000",242860,143940424634777,143940424635317
"MEMORY_ALLOCATION","MEMORY_ALLOCATION_FREE","",0,"0x0000794bdf9a1000",242862,143940424638607,143940424639147
"MEMORY_ALLOCATION","MEMORY_ALLOCATION_FREE","",0,"0x0000794bdf9a2000",242864,143940424643767,143940424644567
"MEMORY_ALLOCATION","MEMORY_ALLOCATION_FREE","",0,"0x0000794b44e00000",242866,143940424647937,143940424695998
"MEMORY_ALLOCATION","MEMORY_ALLOCATION_FREE","",0,"0x0000794b42800000",242868,143940424700428,143940424746498
"MEMORY_ALLOCATION","MEMORY_ALLOCATION_FREE","",0,"0x0000794b40200000",242870,143940424750908,143940424794699
"MEMORY_ALLOCATION","MEMORY_ALLOCATION_FREE","",0,"0x0000794b474c0000",242872,143940424798459,143940424799549
"MEMORY_ALLOCATION","MEMORY_ALLOCATION_FREE","",0,"0x0000794b3fe00000",242874,143940424802719,143940424803069
"MEMORY_ALLOCATION","MEMORY_ALLOCATION_FREE","",0,"0x0000794bdf9a3000",242876,143940424806449,143940424806989
"MEMORY_ALLOCATION","MEMORY_ALLOCATION_FREE","",0,"0x0000794bdf9a4000",242878,143940424810269,143940424810659
"MEMORY_ALLOCATION","MEMORY_ALLOCATION_FREE","",0,"0x0000794bdf9a5000",242880,143940424813909,143940424814279
"MEMORY_ALLOCATION","MEMORY_ALLOCATION_FREE","",0,"0x0000794bdf9a6000",242882,143940424817909,143940424818369
"MEMORY_ALLOCATION","MEMORY_ALLOCATION_FREE","",0,"0x0000794bdf9a7000",242884,143940424821789,143940424822249
"MEMORY_ALLOCATION","MEMORY_ALLOCATION_FREE","",0,"0x0000794b3fec0000",242886,143940424825829,143940424826379
"MEMORY_ALLOCATION","MEMORY_ALLOCATION_FREE","",0,"0x0000794b3f600000",242888,143940424829900,143940424880670
"MEMORY_ALLOCATION","MEMORY_ALLOCATION_FREE","",0,"0x0000794bdf9a8000",242890,143940424885120,143940424885600
"MEMORY_ALLOCATION","MEMORY_ALLOCATION_FREE","",0,"0x0000794b3ee00000",242892,143940424889420,143940424936311
"MEMORY_ALLOCATION","MEMORY_ALLOCATION_FREE","",0,"0x0000794b3ea00000",242894,143940424941731,143940424942351
"MEMORY_ALLOCATION","MEMORY_ALLOCATION_FREE","",0,"0x0000794bdf9a9000",242896,143940424946891,143940424947441
"MEMORY_ALLOCATION","MEMORY_ALLOCATION_FREE","",0,"0x0000794bdf9aa000",242898,143940424952141,143940424952721
"MEMORY_ALLOCATION","MEMORY_ALLOCATION_FREE","",0,"0x0000794b3c400000",242900,143940424956951,143940425023482
"MEMORY_ALLOCATION","MEMORY_ALLOCATION_FREE","",0,"0x0000794b39e00000",242902,143940425173915,143940425226696
"MEMORY_ALLOCATION","MEMORY_ALLOCATION_FREE","",0,"0x0000794b37800000",242904,143940425233886,143940425287196
"MEMORY_ALLOCATION","MEMORY_ALLOCATION_FREE","",0,"0x0000794b3eac0000",242906,143940425293267,143940425294167
"MEMORY_ALLOCATION","MEMORY_ALLOCATION_FREE","",0,"0x0000794b37400000",242908,143940425298897,143940425299427
"MEMORY_ALLOCATION","MEMORY_ALLOCATION_FREE","",0,"0x0000794bdf9ab000",242910,143940425304427,143940425305167
"MEMORY_ALLOCATION","MEMORY_ALLOCATION_FREE","",0,"0x0000794bdf9ac000",242912,143940425309837,143940425310427
"MEMORY_ALLOCATION","MEMORY_ALLOCATION_FREE","",0,"0x0000794bdf9ad000",242914,143940425315137,143940425315587
"MEMORY_ALLOCATION","MEMORY_ALLOCATION_FREE","",0,"0x0000794bdf9ae000",242916,143940425320947,143940425321597
"MEMORY_ALLOCATION","MEMORY_ALLOCATION_FREE","",0,"0x0000794bdf9af000",242918,143940425326477,143940425327067
"MEMORY_ALLOCATION","MEMORY_ALLOCATION_FREE","",0,"0x0000794b37000000",242920,143940425332217,143940425332807
"MEMORY_ALLOCATION","MEMORY_ALLOCATION_FREE","",0,"0x0000794b36200000",242922,143940425338587,143940425389138
"MEMORY_ALLOCATION","MEMORY_ALLOCATION_FREE","",0,"0x0000794bdf9b0000",242924,143940425395118,143940425395778
"MEMORY_ALLOCATION","MEMORY_ALLOCATION_FREE","",0,"0x0000794b35400000",242926,143940425400788,143940425447989
"MEMORY_ALLOCATION","MEMORY_ALLOCATION_FREE","",0,"0x0000794b35000000",242928,143940425453519,143940425454309
"MEMORY_ALLOCATION","MEMORY_ALLOCATION_FREE","",0,"0x0000794bdf9b1000",242930,143940425459219,143940425459739
"MEMORY_ALLOCATION","MEMORY_ALLOCATION_FREE","",0,"0x0000794bdf9b2000",242932,143940425465169,143940425465739
"MEMORY_ALLOCATION","MEMORY_ALLOCATION_FREE","",0,"0x0000794b33c00000",242934,143940425470709,143940425521550
"MEMORY_ALLOCATION","MEMORY_ALLOCATION_FREE","",0,"0x0000794b32800000",242936,143940425527790,143940425580581
"MEMORY_ALLOCATION","MEMORY_ALLOCATION_FREE","",0,"0x0000794b31400000",242938,143940425584941,143940425630302
"MEMORY_ALLOCATION","MEMORY_ALLOCATION_FREE","",0,"0x0000794b374c0000",242940,143940425634982,143940425635632
"MEMORY_ALLOCATION","MEMORY_ALLOCATION_FREE","",0,"0x0000794b31000000",242942,143940425638892,143940425639212
"MEMORY_ALLOCATION","MEMORY_ALLOCATION_FREE","",0,"0x0000794bdf9b3000",242944,143940425643342,143940425643962
"MEMORY_ALLOCATION","MEMORY_ALLOCATION_FREE","",0,"0x0000794bdf9b4000",242946,143940425648002,143940425648422
"MEMORY_ALLOCATION","MEMORY_ALLOCATION_FREE","",0,"0x0000794bdf9b5000",242948,143940425652042,143940425652392
"MEMORY_ALLOCATION","MEMORY_ALLOCATION_FREE","",0,"0x0000794bdf9b6000",242950,143940425656142,143940425656702
"MEMORY_ALLOCATION","MEMORY_ALLOCATION_FREE","",0,"0x0000794bdf9b7000",242952,143940425659982,143940425660462
"MEMORY_ALLOCATION","MEMORY_ALLOCATION_FREE","",0,"0x0000794b310c0000",242954,143940425664272,143940425665002
"MEMORY_ALLOCATION","MEMORY_ALLOCATION_FREE","",0,"0x0000794b30800000",242956,143940425668652,143940425717773
"MEMORY_ALLOCATION","MEMORY_ALLOCATION_FREE","",0,"0x0000794bdf9b8000",242958,143940425721943,143940425722383
"MEMORY_ALLOCATION","MEMORY_ALLOCATION_FREE","",0,"0x0000794b30000000",242960,143940425725903,143940425771764
"MEMORY_ALLOCATION","MEMORY_ALLOCATION_FREE","",0,"0x0000794b2fc00000",242962,143940425776304,143940425776774
"MEMORY_ALLOCATION","MEMORY_ALLOCATION_FREE","",0,"0x0000794bdf9b9000",242964,143940425780054,143940425780454
"MEMORY_ALLOCATION","MEMORY_ALLOCATION_FREE","",0,"0x0000794bdf9ba000",242966,143940425783854,143940425784344
"MEMORY_ALLOCATION","MEMORY_ALLOCATION_FREE","",0,"0x0000794b2d600000",242968,143940425787754,143940425836495
"MEMORY_ALLOCATION","MEMORY_ALLOCATION_FREE","",0,"0x0000794b2b000000",242970,143940425842615,143940425890556
"MEMORY_ALLOCATION","MEMORY_ALLOCATION_FREE","",0,"0x0000794b28a00000",242972,143940425896036,143940425943526
"MEMORY_ALLOCATION","MEMORY_ALLOCATION_FREE","",0,"0x0000794b2fcc0000",242974,143940425948927,143940425950057
"MEMORY_ALLOCATION","MEMORY_ALLOCATION_FREE","",0,"0x0000794b28600000",242976,143940425955457,143940425956077
"MEMORY_ALLOCATION","MEMORY_ALLOCATION_FREE","",0,"0x0000794bdf9bb000",242978,143940425961037,143940425961697
"MEMORY_ALLOCATION","MEMORY_ALLOCATION_FREE","",0,"0x0000794bdf9bc000",242980,143940425966487,143940425967097
"MEMORY_ALLOCATION","MEMORY_ALLOCATION_FREE","",0,"0x0000794bdf9bd000",242982,143940425971947,143940425972357
"MEMORY_ALLOCATION","MEMORY_ALLOCATION_FREE","",0,"0x0000794bdf9be000",242984,143940425977657,143940425978347
"MEMORY_ALLOCATION","MEMORY_ALLOCATION_FREE","",0,"0x0000794bdf9bf000",242986,143940425983267,143940425984047
"MEMORY_ALLOCATION","MEMORY_ALLOCATION_FREE","",0,"0x0000794b286c0000",242988,143940425989177,143940425989947
"MEMORY_ALLOCATION","MEMORY_ALLOCATION_FREE","",0,"0x0000794b27e00000",242990,143940425995897,143940426061188
"MEMORY_ALLOCATION","MEMORY_ALLOCATION_FREE","",0,"0x0000794bdf9c0000",242992,143940426067368,143940426068168
"MEMORY_ALLOCATION","MEMORY_ALLOCATION_FREE","",0,"0x0000794b27600000",242994,143940426073378,143940426121899
"MEMORY_ALLOCATION","MEMORY_ALLOCATION_FREE","",0,"0x0000794b27200000",242996,143940426127559,143940426128129
"MEMORY_ALLOCATION","MEMORY_ALLOCATION_FREE","",0,"0x0000794bdf9c1000",242998,143940426132949,143940426133549
"MEMORY_ALLOCATION","MEMORY_ALLOCATION_FREE","",0,"0x0000794bdf9c2000",243000,143940426138709,143940426139519
"MEMORY_ALLOCATION","MEMORY_ALLOCATION_FREE","",0,"0x0000794b24c00000",243002,143940426144779,143940426196300
"MEMORY_ALLOCATION","MEMORY_ALLOCATION_FREE","",0,"0x0000794b22600000",243004,143940426202860,143940426255191
"MEMORY_ALLOCATION","MEMORY_ALLOCATION_FREE","",0,"0x0000794b20000000",243006,143940426260721,143940426310012
"MEMORY_ALLOCATION","MEMORY_ALLOCATION_FREE","",0,"0x0000794b272c0000",243008,143940426315032,143940426316062
"MEMORY_ALLOCATION","MEMORY_ALLOCATION_FREE","",0,"0x0000794b1fc00000",243010,143940426319682,143940426320132
"MEMORY_ALLOCATION","MEMORY_ALLOCATION_FREE","",0,"0x0000794bdf9c3000",243012,143940426323392,143940426324042
"MEMORY_ALLOCATION","MEMORY_ALLOCATION_FREE","",0,"0x0000794bdf9c4000",243014,143940426327392,143940426327762
"MEMORY_ALLOCATION","MEMORY_ALLOCATION_FREE","",0,"0x0000794bdf9c5000",243016,143940426330932,143940426331262
"MEMORY_ALLOCATION","MEMORY_ALLOCATION_FREE","",0,"0x0000794bdf9c6000",243018,143940426335192,143940426335652
"MEMORY_ALLOCATION","MEMORY_ALLOCATION_FREE","",0,"0x0000794bdf9c7000",243020,143940426338912,143940426339382
"MEMORY_ALLOCATION","MEMORY_ALLOCATION_FREE","",0,"0x0000794b1fcc0000",243022,143940426343273,143940426344103
"MEMORY_ALLOCATION","MEMORY_ALLOCATION_FREE","",0,"0x0000794b1f400000",243024,143940426347843,143940426393783
"MEMORY_ALLOCATION","MEMORY_ALLOCATION_FREE","",0,"0x0000794bdf9c8000",243026,143940426397683,143940426398243
"MEMORY_ALLOCATION","MEMORY_ALLOCATION_FREE","",0,"0x0000794b1ec00000",243028,143940426401703,143940426445544
"MEMORY_ALLOCATION","MEMORY_ALLOCATION_FREE","",0,"0x0000794b1e800000",243030,143940426449564,143940426450104
"MEMORY_ALLOCATION","MEMORY_ALLOCATION_FREE","",0,"0x0000794bdf9c9000",243032,143940426454034,143940426454494
"MEMORY_ALLOCATION","MEMORY_ALLOCATION_FREE","",0,"0x0000794bdf9ca000",243034,143940426457894,143940426458354
"MEMORY_ALLOCATION","MEMORY_ALLOCATION_FREE","",0,"0x0000794b1c200000",243036,143940426461454,143940426507985
"MEMORY_ALLOCATION","MEMORY_ALLOCATION_FREE","",0,"0x0000794b19c00000",243038,143940426512255,143940426558656
"MEMORY_ALLOCATION","MEMORY_ALLOCATION_FREE","",0,"0x0000794b17600000",243040,143940426563066,143940426606907
"MEMORY_ALLOCATION","MEMORY_ALLOCATION_FREE","",0,"0x0000794b1e8c0000",243042,143940426610637,143940426611357
"MEMORY_ALLOCATION","MEMORY_ALLOCATION_FREE","",0,"0x0000794b17200000",243044,143940426614757,143940426615137
"MEMORY_ALLOCATION","MEMORY_ALLOCATION_FREE","",0,"0x0000794bdf9cb000",243046,143940426618687,143940426619107
"MEMORY_ALLOCATION","MEMORY_ALLOCATION_FREE","",0,"0x0000794bdf9cc000",243048,143940426622367,143940426622727
"MEMORY_ALLOCATION","MEMORY_ALLOCATION_FREE","",0,"0x0000794bdf9cd000",243050,143940426625907,143940426626227
"MEMORY_ALLOCATION","MEMORY_ALLOCATION_FREE","",0,"0x0000794bdf9ce000",243052,143940426629607,143940426630047
"MEMORY_ALLOCATION","MEMORY_ALLOCATION_FREE","",0,"0x0000794bdf9cf000",243054,143940426633057,143940426633627
"MEMORY_ALLOCATION","MEMORY_ALLOCATION_FREE","",0,"0x0000794b172c0000",243056,143940426636797,143940426637487
"MEMORY_ALLOCATION","MEMORY_ALLOCATION_FREE","",0,"0x0000794b16a00000",243058,143940426641027,143940426686228
"MEMORY_ALLOCATION","MEMORY_ALLOCATION_FREE","",0,"0x0000794bdf9d0000",243060,143940426689878,143940426690328
"MEMORY_ALLOCATION","MEMORY_ALLOCATION_FREE","",0,"0x0000794b16200000",243062,143940426693658,143940426738049
"MEMORY_ALLOCATION","MEMORY_ALLOCATION_FREE","",0,"0x0000794b15e00000",243064,143940426741739,143940426742069
"MEMORY_ALLOCATION","MEMORY_ALLOCATION_FREE","",0,"0x0000794bdf9d1000",243066,143940426745369,143940426745749
"MEMORY_ALLOCATION","MEMORY_ALLOCATION_FREE","",0,"0x0000794bdf9d2000",243068,143940426749539,143940426749989
"MEMORY_ALLOCATION","MEMORY_ALLOCATION_FREE","",0,"0x0000794b13800000",243070,143940426753499,143940426798429
"MEMORY_ALLOCATION","MEMORY_ALLOCATION_FREE","",0,"0x0000794b11200000",243072,143940426802769,143940426851700
"MEMORY_ALLOCATION","MEMORY_ALLOCATION_FREE","",0,"0x0000794b0ec00000",243074,143940426857650,143940426907581
"MEMORY_ALLOCATION","MEMORY_ALLOCATION_FREE","",0,"0x0000794b15ec0000",243076,143940426913031,143940426913821
"MEMORY_ALLOCATION","MEMORY_ALLOCATION_FREE","",0,"0x0000794b0e800000",243078,143940426918661,143940426919071
"MEMORY_ALLOCATION","MEMORY_ALLOCATION_FREE","",0,"0x0000794bdf9d3000",243080,143940426923461,143940426924251
"MEMORY_ALLOCATION","MEMORY_ALLOCATION_FREE","",0,"0x0000794bdf9d4000",243082,143940426928521,143940426929071
"MEMORY_ALLOCATION","MEMORY_ALLOCATION_FREE","",0,"0x0000794bdf9d5000",243084,143940426933461,143940426934011
"MEMORY_ALLOCATION","MEMORY_ALLOCATION_FREE","",0,"0x0000794bdf9d6000",243086,143940426939022,143940426939762
"MEMORY_ALLOCATION","MEMORY_ALLOCATION_FREE","",0,"0x0000794bdf9d7000",243088,143940426944202,143940426944832
"MEMORY_ALLOCATION","MEMORY_ALLOCATION_FREE","",0,"0x0000794b0e8c0000",243090,143940426949862,143940426950942
"MEMORY_ALLOCATION","MEMORY_ALLOCATION_FREE","",0,"0x0000794b0e000000",243092,143940426955872,143940427016713
"MEMORY_ALLOCATION","MEMORY_ALLOCATION_FREE","",0,"0x0000794bdf9d8000",243094,143940427022273,143940427023043
"MEMORY_ALLOCATION","MEMORY_ALLOCATION_FREE","",0,"0x0000794b0d800000",243096,143940427028063,143940427077554
"MEMORY_ALLOCATION","MEMORY_ALLOCATION_FREE","",0,"0x0000794b0d400000",243098,143940427082674,143940427083454
"MEMORY_ALLOCATION","MEMORY_ALLOCATION_FREE","",0,"0x0000794bdf9d9000",243100,143940427088214,143940427088914
"MEMORY_ALLOCATION","MEMORY_ALLOCATION_FREE","",0,"0x0000794bdf9da000",243102,143940427093924,143940427094594
"MEMORY_ALLOCATION","MEMORY_ALLOCATION_FREE","",0,"0x0000794b0ae00000",243104,143940427099264,143940427147565
"MEMORY_ALLOCATION","MEMORY_ALLOCATION_FREE","",0,"0x0000794b08800000",243106,143940427153105,143940427203576
"MEMORY_ALLOCATION","MEMORY_ALLOCATION_FREE","",0,"0x0000794b06200000",243108,143940427208886,143940427258306
"MEMORY_ALLOCATION","MEMORY_ALLOCATION_FREE","",0,"0x0000794b0d4c0000",243110,143940427263836,143940427264726
"MEMORY_ALLOCATION","MEMORY_ALLOCATION_FREE","",0,"0x0000794b05e00000",243112,143940427269817,143940427270267
"MEMORY_ALLOCATION","MEMORY_ALLOCATION_FREE","",0,"0x0000794bdf9db000",243114,143940427275487,143940427276177
"MEMORY_ALLOCATION","MEMORY_ALLOCATION_FREE","",0,"0x0000794bdf9dc000",243116,143940427281507,143940427282047
"MEMORY_ALLOCATION","MEMORY_ALLOCATION_FREE","",0,"0x0000794bdf9dd000",243118,143940427286987,143940427287557
"MEMORY_ALLOCATION","MEMORY_ALLOCATION_FREE","",0,"0x0000794bdf9de000",243120,143940427292057,143940427292667
"MEMORY_ALLOCATION","MEMORY_ALLOCATION_FREE","",0,"0x0000794bdf9df000",243122,143940427297557,143940427298167
"MEMORY_ALLOCATION","MEMORY_ALLOCATION_FREE","",0,"0x0000794b05a00000",243124,143940427303267,143940427304387
"MEMORY_ALLOCATION","MEMORY_ALLOCATION_FREE","",0,"0x0000794b04c00000",243126,143940427309097,143940427359258
"MEMORY_ALLOCATION","MEMORY_ALLOCATION_FREE","",0,"0x0000794bdf9e0000",243128,143940427364968,143940427365528
"MEMORY_ALLOCATION","MEMORY_ALLOCATION_FREE","",0,"0x0000794b03e00000",243130,143940427370428,143940427420809
"MEMORY_ALLOCATION","MEMORY_ALLOCATION_FREE","",0,"0x0000794b03a00000",243132,143940427425739,143940427426519
"MEMORY_ALLOCATION","MEMORY_ALLOCATION_FREE","",0,"0x0000794bdf9e1000",243134,143940427431239,143940427431889
"MEMORY_ALLOCATION","MEMORY_ALLOCATION_FREE","",0,"0x0000794bdf9e2000",243136,143940427436839,143940427437419
"MEMORY_ALLOCATION","MEMORY_ALLOCATION_FREE","",0,"0x0000794b02600000",243138,143940427442729,143940427490170
"MEMORY_ALLOCATION","MEMORY_ALLOCATION_FREE","",0,"0x0000794b01200000",243140,143940427494760,143940427541801
"MEMORY_ALLOCATION","MEMORY_ALLOCATION_FREE","",0,"0x0000794affe00000",243142,143940427546021,143940427595202
"MEMORY_ALLOCATION","MEMORY_ALLOCATION_FREE","",0,"0x0000794b05ec0000",243144,143940427599652,143940427600492
"MEMORY_ALLOCATION","MEMORY_ALLOCATION_FREE","",0,"0x0000794affa00000",243146,143940427604102,143940427604532
"MEMORY_ALLOCATION","MEMORY_ALLOCATION_FREE","",0,"0x0000794bdf9e3000",243148,143940427609102,143940427609682
"MEMORY_ALLOCATION","MEMORY_ALLOCATION_FREE","",0,"0x0000794bdf9e4000",243150,143940427613192,143940427613552
"MEMORY_ALLOCATION","MEMORY_ALLOCATION_FREE","",0,"0x0000794bdf9e5000",243152,143940427616872,143940427617292
"MEMORY_ALLOCATION","MEMORY_ALLOCATION_FREE","",0,"0x0000794bdf9e6000",243154,143940427620722,143940427621522
"MEMORY_ALLOCATION","MEMORY_ALLOCATION_FREE","",0,"0x0000794bdf9e7000",243156,143940427624922,143940427625382
"MEMORY_ALLOCATION","MEMORY_ALLOCATION_FREE","",0,"0x0000794aff600000",243158,143940427629482,143940427630012
"MEMORY_ALLOCATION","MEMORY_ALLOCATION_FREE","",0,"0x0000794afe800000",243160,143940427634292,143940427680413
"MEMORY_ALLOCATION","MEMORY_ALLOCATION_FREE","",0,"0x0000794bdf9e8000",243162,143940427684763,143940427685213
"MEMORY_ALLOCATION","MEMORY_ALLOCATION_FREE","",0,"0x0000794afda00000",243164,143940427688753,143940427734364
"MEMORY_ALLOCATION","MEMORY_ALLOCATION_FREE","",0,"0x0000794afd600000",243166,143940427738724,143940427739554
"MEMORY_ALLOCATION","MEMORY_ALLOCATION_FREE","",0,"0x0000794bdf9e9000",243168,143940427742794,143940427743184
"MEMORY_ALLOCATION","MEMORY_ALLOCATION_FREE","",0,"0x0000794bdf9ea000",243170,143940427747094,143940427747514
"MEMORY_ALLOCATION","MEMORY_ALLOCATION_FREE","",0,"0x0000794afc200000",243172,143940427750954,143940427795825
"MEMORY_ALLOCATION","MEMORY_ALLOCATION_FREE","",0,"0x0000794afae00000",243174,143940427800155,143940427849095
"MEMORY_ALLOCATION","MEMORY_ALLOCATION_FREE","",0,"0x0000794af9a00000",243176,143940427853155,143940427897936
"MEMORY_ALLOCATION","MEMORY_ALLOCATION_FREE","",0,"0x0000794affac0000",243178,143940427901666,143940427902356
"MEMORY_ALLOCATION","MEMORY_ALLOCATION_FREE","",0,"0x0000794af9600000",243180,143940427905496,143940427905846
"MEMORY_ALLOCATION","MEMORY_ALLOCATION_FREE","",0,"0x0000794bdf9eb000",243182,143940427909286,143940427909706
"MEMORY_ALLOCATION","MEMORY_ALLOCATION_FREE","",0,"0x0000794bdf9ec000",243184,143940427913026,143940427913386
"MEMORY_ALLOCATION","MEMORY_ALLOCATION_FREE","",0,"0x0000794bdf9ed000",243186,143940427916776,143940427917116
"MEMORY_ALLOCATION","MEMORY_ALLOCATION_FREE","",0,"0x0000794bdf9ee000",243188,143940427920396,143940427920816
"MEMORY_ALLOCATION","MEMORY_ALLOCATION_FREE","",0,"0x0000794bdf9ef000",243190,143940427924387,143940427924717
"MEMORY_ALLOCATION","MEMORY_ALLOCATION_FREE","",0,"0x0000794af96c0000",243192,143940427928607,143940427929117
"MEMORY_ALLOCATION","MEMORY_ALLOCATION_FREE","",0,"0x0000794af8e00000",243194,143940427932847,143940427978657
"MEMORY_ALLOCATION","MEMORY_ALLOCATION_FREE","",0,"0x0000794bdf9f0000",243196,143940427983007,143940427983487
"MEMORY_ALLOCATION","MEMORY_ALLOCATION_FREE","",0,"0x0000794af8600000",243198,143940427987327,143940428037908
"MEMORY_ALLOCATION","MEMORY_ALLOCATION_FREE","",0,"0x0000794af8200000",243200,143940428042998,143940428043568
"MEMORY_ALLOCATION","MEMORY_ALLOCATION_FREE","",0,"0x0000794bdf9f1000",243202,143940428047388,143940428047828
"MEMORY_ALLOCATION","MEMORY_ALLOCATION_FREE","",0,"0x0000794bdf9f2000",243204,143940428051088,143940428051538
"MEMORY_ALLOCATION","MEMORY_ALLOCATION_FREE","",0,"0x0000794af6e00000",243206,143940428055108,143940428101529
"MEMORY_ALLOCATION","MEMORY_ALLOCATION_FREE","",0,"0x0000794af5a00000",243208,143940428106409,143940428158470
"MEMORY_ALLOCATION","MEMORY_ALLOCATION_FREE","",0,"0x0000794af4600000",243210,143940428162730,143940428212621
"MEMORY_ALLOCATION","MEMORY_ALLOCATION_FREE","",0,"0x0000794af82c0000",243212,143940428216541,143940428217161
"MEMORY_ALLOCATION","MEMORY_ALLOCATION_FREE","",0,"0x0000794af4200000",243214,143940428220651,143940428221041
"MEMORY_ALLOCATION","MEMORY_ALLOCATION_FREE","",0,"0x0000794bdf9f3000",243216,143940428224551,143940428225091
"MEMORY_ALLOCATION","MEMORY_ALLOCATION_FREE","",0,"0x0000794bdf9f4000",243218,143940428228421,143940428228841
"MEMORY_ALLOCATION","MEMORY_ALLOCATION_FREE","",0,"0x0000794bdf9f5000",243220,143940428232031,143940428232421
"MEMORY_ALLOCATION","MEMORY_ALLOCATION_FREE","",0,"0x0000794bdf9f6000",243222,143940428236161,143940428236561
"MEMORY_ALLOCATION","MEMORY_ALLOCATION_FREE","",0,"0x0000794bdf9f7000",243224,143940428239861,143940428240241
"MEMORY_ALLOCATION","MEMORY_ALLOCATION_FREE","",0,"0x0000794af42c0000",243226,143940428243921,143940428244761
"MEMORY_ALLOCATION","MEMORY_ALLOCATION_FREE","",0,"0x0000794af3a00000",243228,143940428249141,143940428295672
"MEMORY_ALLOCATION","MEMORY_ALLOCATION_FREE","",0,"0x0000794bdf9f8000",243230,143940428299662,143940428300342
"MEMORY_ALLOCATION","MEMORY_ALLOCATION_FREE","",0,"0x0000794af3200000",243232,143940428303612,143940428348253
"MEMORY_ALLOCATION","MEMORY_ALLOCATION_FREE","",0,"0x0000794af2e00000",243234,143940428352433,143940428352873
"MEMORY_ALLOCATION","MEMORY_ALLOCATION_FREE","",0,"0x0000794bdf9f9000",243236,143940428356623,143940428357093
"MEMORY_ALLOCATION","MEMORY_ALLOCATION_FREE","",0,"0x0000794bdf9fa000",243238,143940428360433,143940428360913
"MEMORY_ALLOCATION","MEMORY_ALLOCATION_FREE","",0,"0x0000794af1a00000",243240,143940428364533,143940428412014
"MEMORY_ALLOCATION","MEMORY_ALLOCATION_FREE","",0,"0x0000794af0600000",243242,143940428416004,143940428464905
"MEMORY_ALLOCATION","MEMORY_ALLOCATION_FREE","",0,"0x0000794aef200000",243244,143940428469035,143940428512335
"MEMORY_ALLOCATION","MEMORY_ALLOCATION_FREE","",0,"0x0000794af2ec0000",243246,143940428516475,143940428517095
"MEMORY_ALLOCATION","MEMORY_ALLOCATION_FREE","",0,"0x0000794aeee00000",243248,143940428521366,143940428521896
"MEMORY_ALLOCATION","MEMORY_ALLOCATION_FREE","",0,"0x0000794bdf9fb000",243250,143940428525426,143940428526006
"MEMORY_ALLOCATION","MEMORY_ALLOCATION_FREE","",0,"0x0000794bdf9fc000",243252,143940428670098,143940428670628
"MEMORY_ALLOCATION","MEMORY_ALLOCATION_FREE","",0,"0x0000794bdf9fd000",243254,143940428674728,143940428675048
"MEMORY_ALLOCATION","MEMORY_ALLOCATION_FREE","",0,"0x0000794bdf9fe000",243256,143940428678748,143940428679128
"MEMORY_ALLOCATION","MEMORY_ALLOCATION_FREE","",0,"0x0000794bdf9ff000",243258,143940428682478,143940428682868
"MEMORY_ALLOCATION","MEMORY_ALLOCATION_FREE","",0,"0x0000794aeeec0000",243260,143940428686808,143940428687568
"MEMORY_ALLOCATION","MEMORY_ALLOCATION_FREE","",0,"0x0000794aee600000",243262,143940428692038,143940428740909
"MEMORY_ALLOCATION","MEMORY_ALLOCATION_FREE","",0,"0x0000794bdb980000",243264,143940428745409,143940428746289
"MEMORY_ALLOCATION","MEMORY_ALLOCATION_FREE","",0,"0x0000794aede00000",243266,143940428750219,143940428795310
"MEMORY_ALLOCATION","MEMORY_ALLOCATION_FREE","",0,"0x0000794aeda00000",243268,143940428799350,143940428799800
"MEMORY_ALLOCATION","MEMORY_ALLOCATION_FREE","",0,"0x0000794bdb981000",243270,143940428803790,143940428804310
"MEMORY_ALLOCATION","MEMORY_ALLOCATION_FREE","",0,"0x0000794bdb982000",243272,143940428807820,143940428808200
"MEMORY_ALLOCATION","MEMORY_ALLOCATION_FREE","",0,"0x0000794aec600000",243274,143940428811880,143940428859051
"MEMORY_ALLOCATION","MEMORY_ALLOCATION_FREE","",0,"0x0000794aeb200000",243276,143940428863551,143940428911281
"MEMORY_ALLOCATION","MEMORY_ALLOCATION_FREE","",0,"0x0000794ae9e00000",243278,143940428915302,143940428963642
"MEMORY_ALLOCATION","MEMORY_ALLOCATION_FREE","",0,"0x0000794aedac0000",243280,143940428967582,143940428968152
"MEMORY_ALLOCATION","MEMORY_ALLOCATION_FREE","",0,"0x0000794ae9a00000",243282,143940428971712,143940428972072
"MEMORY_ALLOCATION","MEMORY_ALLOCATION_FREE","",0,"0x0000794bdb983000",243284,143940428975992,143940428976652
"MEMORY_ALLOCATION","MEMORY_ALLOCATION_FREE","",0,"0x0000794bdb984000",243286,143940428980103,143940428980523
"MEMORY_ALLOCATION","MEMORY_ALLOCATION_FREE","",0,"0x0000794bdb985000",243288,143940428983963,143940428984433
"MEMORY_ALLOCATION","MEMORY_ALLOCATION_FREE","",0,"0x0000794bdb986000",243290,143940428987683,143940428988033
"MEMORY_ALLOCATION","MEMORY_ALLOCATION_FREE","",0,"0x0000794bdb987000",243292,143940428992433,143940428993773
"MEMORY_ALLOCATION","MEMORY_ALLOCATION_FREE","",0,"0x0000794ae9ac0000",243294,143940428997123,143940428997803
"MEMORY_ALLOCATION","MEMORY_ALLOCATION_FREE","",0,"0x0000794ae9200000",243296,143940429015893,143940429064694
"MEMORY_ALLOCATION","MEMORY_ALLOCATION_FREE","",0,"0x0000794bdb988000",243298,143940429069074,143940429069704
"MEMORY_ALLOCATION","MEMORY_ALLOCATION_FREE","",0,"0x0000794ae8a00000",243300,143940429073264,143940429121005
"MEMORY_ALLOCATION","MEMORY_ALLOCATION_FREE","",0,"0x0000794ae8600000",243302,143940429125045,143940429125615
"MEMORY_ALLOCATION","MEMORY_ALLOCATION_FREE","",0,"0x0000794bdb989000",243304,143940429129045,143940429129525
"MEMORY_ALLOCATION","MEMORY_ALLOCATION_FREE","",0,"0x0000794bdb98a000",243306,143940429132665,143940429133035
"MEMORY_ALLOCATION","MEMORY_ALLOCATION_FREE","",0,"0x0000794ae7200000",243308,143940429136605,143940429180896
"MEMORY_ALLOCATION","MEMORY_ALLOCATION_FREE","",0,"0x0000794ae5e00000",243310,143940429185046,143940429231426
"MEMORY_ALLOCATION","MEMORY_ALLOCATION_FREE","",0,"0x0000794ae4a00000",243312,143940429235916,143940429280597
"MEMORY_ALLOCATION","MEMORY_ALLOCATION_FREE","",0,"0x0000794ae86c0000",243314,143940429284667,143940429285217
"MEMORY_ALLOCATION","MEMORY_ALLOCATION_FREE","",0,"0x0000794ae4600000",243316,143940429289537,143940429290837
"MEMORY_ALLOCATION","MEMORY_ALLOCATION_FREE","",0,"0x0000794bdb98b000",243318,143940429294407,143940429295167
"MEMORY_ALLOCATION","MEMORY_ALLOCATION_FREE","",0,"0x0000794bdb98c000",243320,143940429298827,143940429299187
"MEMORY_ALLOCATION","MEMORY_ALLOCATION_FREE","",0,"0x0000794bdb98d000",243322,143940429302737,143940429303237
"MEMORY_ALLOCATION","MEMORY_ALLOCATION_FREE","",0,"0x0000794bdb98e000",243324,143940429307097,143940429307407
"MEMORY_ALLOCATION","MEMORY_ALLOCATION_FREE","",0,"0x0000794bdb98f000",243326,143940429311088,143940429311778
"MEMORY_ALLOCATION","MEMORY_ALLOCATION_FREE","",0,"0x0000794ae4200000",243328,143940429315138,143940429315658
"MEMORY_ALLOCATION","MEMORY_ALLOCATION_FREE","",0,"0x0000794ae3400000",243330,143940429319328,143940429365618
"MEMORY_ALLOCATION","MEMORY_ALLOCATION_FREE","",0,"0x0000794bdb990000",243332,143940429369908,143940429370398
"MEMORY_ALLOCATION","MEMORY_ALLOCATION_FREE","",0,"0x0000794ae2600000",243334,143940429373788,143940429418819
"MEMORY_ALLOCATION","MEMORY_ALLOCATION_FREE","",0,"0x0000794ae2200000",243336,143940429423999,143940429425009
"MEMORY_ALLOCATION","MEMORY_ALLOCATION_FREE","",0,"0x0000794bdb991000",243338,143940429428589,143940429429009
"MEMORY_ALLOCATION","MEMORY_ALLOCATION_FREE","",0,"0x0000794ae0400000",243340,143940429433239,143940429482290
"MEMORY_ALLOCATION","MEMORY_ALLOCATION_FREE","",0,"0x0000794bdb992000",243342,143940429486200,143940429486650
"MEMORY_ALLOCATION","MEMORY_ALLOCATION_FREE","",0,"0x0000794bdb993000",243344,143940429490180,143940429490710
"MEMORY_ALLOCATION","MEMORY_ALLOCATION_FREE","",0,"0x0000794bdb994000",243346,143940429493970,143940429494400
"MEMORY_ALLOCATION","MEMORY_ALLOCATION_FREE","",0,"0x0000794bdb995000",243348,143940429497730,143940429498140
"MEMORY_ALLOCATION","MEMORY_ALLOCATION_FREE","",0,"0x0000794adfc00000",243350,143940429501610,143940429547821
"MEMORY_ALLOCATION","MEMORY_ALLOCATION_FREE","",0,"0x0000794bdb996000",243352,143940429552031,143940429552431
"MEMORY_ALLOCATION","MEMORY_ALLOCATION_FREE","",0,"0x0000794bdb997000",243354,143940429556841,143940429557411
"MEMORY_ALLOCATION","MEMORY_ALLOCATION_FREE","",0,"0x0000794bdb998000",243356,143940429560741,143940429561091
"MEMORY_ALLOCATION","MEMORY_ALLOCATION_FREE","",0,"0x0000794bdb999000",243358,143940429564581,143940429564991
"MEMORY_ALLOCATION","MEMORY_ALLOCATION_FREE","",0,"0x0000794adf400000",243360,143940429568411,143940429614272
"MEMORY_ALLOCATION","MEMORY_ALLOCATION_FREE","",0,"0x0000794bdb99a000",243362,143940429618052,143940429618602
"MEMORY_ALLOCATION","MEMORY_ALLOCATION_FREE","",0,"0x0000794bdb99b000",243364,143940429622242,143940429622852
"MEMORY_ALLOCATION","MEMORY_ALLOCATION_FREE","",0,"0x0000794bdb99c000",243366,143940429626492,143940429626852
"MEMORY_ALLOCATION","MEMORY_ALLOCATION_FREE","",0,"0x0000794bdb99d000",243368,143940429630382,143940429630712
"MEMORY_ALLOCATION","MEMORY_ALLOCATION_FREE","",0,"0x0000794adec00000",243370,143940429634022,143940429680633
"MEMORY_ALLOCATION","MEMORY_ALLOCATION_FREE","",0,"0x0000794bdb99e000",243372,143940429684273,143940429684733
"MEMORY_ALLOCATION","MEMORY_ALLOCATION_FREE","",0,"0x0000794bdb99f000",243374,143940429687873,143940429688873
"MEMORY_ALLOCATION","MEMORY_ALLOCATION_FREE","",0,"0x0000794bdb9a0000",243376,143940429692003,143940429692363
"MEMORY_ALLOCATION","MEMORY_ALLOCATION_FREE","",0,"0x0000794bdb9a1000",243378,143940429695653,143940429695973
"MEMORY_ALLOCATION","MEMORY_ALLOCATION_FREE","",0,"0x0000794bdb9a2000",243380,143940429699763,143940429700113
"MEMORY_ALLOCATION","MEMORY_ALLOCATION_FREE","",0,"0x0000794bdb9a3000",243382,143940429703444,143940429704204
"MEMORY_ALLOCATION","MEMORY_ALLOCATION_FREE","",0,"0x0000794bdb9a4000",243384,143940429707644,143940429707994
"MEMORY_ALLOCATION","MEMORY_ALLOCATION_FREE","",0,"0x0000794bdb9a5000",243386,143940429711384,143940429711794
"MEMORY_ALLOCATION","MEMORY_ALLOCATION_FREE","",0,"0x0000794ae46c0000",243388,143940429715484,143940429716474
"MEMORY_ALLOCATION","MEMORY_ALLOCATION_FREE","",0,"0x0000794ae47e0000",243390,143940429720124,143940429720534
"MEMORY_ALLOCATION","MEMORY_ALLOCATION_FREE","",0,"0x0000794ae47e1000",243392,143940429723904,143940429724504
"MEMORY_ALLOCATION","MEMORY_ALLOCATION_FREE","",0,"0x0000794ae47e2000",243394,143940429728934,143940429729464
"MEMORY_ALLOCATION","MEMORY_ALLOCATION_FREE","",0,"0x0000794ae47e3000",243396,143940429732714,143940429733144
"MEMORY_ALLOCATION","MEMORY_ALLOCATION_FREE","",0,"0x0000794ade800000",243398,143940429736464,143940429737094
"MEMORY_ALLOCATION","MEMORY_ALLOCATION_FREE","",0,"0x0000794ae47e4000",243400,143940429740304,143940429740624
"MEMORY_ALLOCATION","MEMORY_ALLOCATION_FREE","",0,"0x0000794ae47e5000",243402,143940429743954,143940429744284
"MEMORY_ALLOCATION","MEMORY_ALLOCATION_FREE","",0,"0x0000794ae47e6000",243404,143940429747654,143940429748074
"MEMORY_ALLOCATION","MEMORY_ALLOCATION_FREE","",0,"0x0000794ae47e7000",243406,143940429751844,143940429752194
"MEMORY_ALLOCATION","MEMORY_ALLOCATION_FREE","",0,"0x0000794ae47e8000",243408,143940429755514,143940429755904
"MEMORY_ALLOCATION","MEMORY_ALLOCATION_FREE","",0,"0x0000794ade400000",243410,143940429759594,143940429760054
"MEMORY_ALLOCATION","MEMORY_ALLOCATION_FREE","",0,"0x0000794ae47e9000",243412,143940429763174,143940429763554
"MEMORY_ALLOCATION","MEMORY_ALLOCATION_FREE","",0,"0x0000794ae47ea000",243414,143940429767094,143940429767544
"MEMORY_ALLOCATION","MEMORY_ALLOCATION_FREE","",0,"0x0000794ae47eb000",243416,143940429770615,143940429771015
"MEMORY_ALLOCATION","MEMORY_ALLOCATION_FREE","",0,"0x0000794ae47ec000",243418,143940429774625,143940429774925
"MEMORY_ALLOCATION","MEMORY_ALLOCATION_FREE","",0,"0x0000794ade000000",243420,143940429778115,143940429778465
"MEMORY_ALLOCATION","MEMORY_ALLOCATION_FREE","",0,"0x0000794ae47ed000",243422,143940429781755,143940429782105
"MEMORY_ALLOCATION","MEMORY_ALLOCATION_FREE","",0,"0x0000794ae47ee000",243424,143940429785455,143940429785855
"MEMORY_ALLOCATION","MEMORY_ALLOCATION_FREE","",0,"0x0000794ae47ef000",243426,143940429789475,143940429790115
"MEMORY_ALLOCATION","MEMORY_ALLOCATION_FREE","",0,"0x0000794ae47f0000",243428,143940429793515,143940429793835
"MEMORY_ALLOCATION","MEMORY_ALLOCATION_FREE","",0,"0x0000794ae47f1000",243430,143940429800515,143940429800845
"MEMORY_ALLOCATION","MEMORY_ALLOCATION_FREE","",0,"0x0000794add800000",243432,143940430085059,143940430137220
"MEMORY_ALLOCATION","MEMORY_ALLOCATION_FREE","",0,"0x0000794ae47f2000",243434,143940430141640,143940430142350
"MEMORY_ALLOCATION","MEMORY_ALLOCATION_FREE","",0,"0x0000794ae47f3000",243436,143940430145580,143940430145990
"MEMORY_ALLOCATION","MEMORY_ALLOCATION_FREE","",0,"0x0000794ae47f4000",243438,143940430149180,143940430149510
"MEMORY_ALLOCATION","MEMORY_ALLOCATION_FREE","",0,"0x0000794ae47f5000",243440,143940430153600,143940430153890
"MEMORY_ALLOCATION","MEMORY_ALLOCATION_FREE","",0,"0x0000794add000000",243442,143940430157410,143940430202851
"MEMORY_ALLOCATION","MEMORY_ALLOCATION_FREE","",0,"0x0000794ae47f6000",243444,143940430206761,143940430207201
"MEMORY_ALLOCATION","MEMORY_ALLOCATION_FREE","",0,"0x0000794ae47f7000",243446,143940430210351,143940430210681
"MEMORY_ALLOCATION","MEMORY_ALLOCATION_FREE","",0,"0x0000794ae47f8000",243448,143940430214211,143940430214561
"MEMORY_ALLOCATION","MEMORY_ALLOCATION_FREE","",0,"0x0000794ae47f9000",243450,143940430218371,143940430219041
"MEMORY_ALLOCATION","MEMORY_ALLOCATION_FREE","",0,"0x0000794adc800000",243452,143940430222781,143940430269462
"MEMORY_ALLOCATION","MEMORY_ALLOCATION_FREE","",0,"0x0000794ae47fa000",243454,143940430273272,143940430273732
"MEMORY_ALLOCATION","MEMORY_ALLOCATION_FREE","",0,"0x0000794ae47fb000",243456,143940430276922,143940430277272
"MEMORY_ALLOCATION","MEMORY_ALLOCATION_FREE","",0,"0x0000794ae47fc000",243458,143940430280732,143940430281082
"MEMORY_ALLOCATION","MEMORY_ALLOCATION_FREE","",0,"0x0000794ae47fd000",243460,143940430284282,143940430284582
"MEMORY_ALLOCATION","MEMORY_ALLOCATION_FREE","",0,"0x0000794ae47fe000",243462,143940430287902,143940430288232
"MEMORY_ALLOCATION","MEMORY_ALLOCATION_FREE","",0,"0x0000794ae47ff000",243464,143940430291632,143940430292032
"MEMORY_ALLOCATION","MEMORY_ALLOCATION_FREE","",0,"0x0000794bdb9a6000",243466,143940430295382,143940430295962
"MEMORY_ALLOCATION","MEMORY_ALLOCATION_FREE","",0,"0x0000794bdb9a7000",243468,143940430300823,143940430302213
"MEMORY_ALLOCATION","MEMORY_ALLOCATION_FREE","",0,"0x0000794adc400000",243470,143940430305903,143940430306623
"MEMORY_ALLOCATION","MEMORY_ALLOCATION_FREE","",0,"0x0000794bdb9a8000",243472,143940430310013,143940430310453
"MEMORY_ALLOCATION","MEMORY_ALLOCATION_FREE","",0,"0x0000794bdb9a9000",243474,143940430313833,143940430314233
"MEMORY_ALLOCATION","MEMORY_ALLOCATION_FREE","",0,"0x0000794bdb9aa000",243476,143940430317963,143940430318323
"MEMORY_ALLOCATION","MEMORY_ALLOCATION_FREE","",0,"0x0000794bdb9ab000",243478,143940430322143,143940430322683
"MEMORY_ALLOCATION","MEMORY_ALLOCATION_FREE","",0,"0x0000794adc000000",243480,143940430326493,143940430326883
"MEMORY_ALLOCATION","MEMORY_ALLOCATION_FREE","",0,"0x0000794bdb9ac000",243482,143940430330533,143940430330863
"MEMORY_ALLOCATION","MEMORY_ALLOCATION_FREE","",0,"0x0000794bdb9ad000",243484,143940430334283,143940430334593
"MEMORY_ALLOCATION","MEMORY_ALLOCATION_FREE","",0,"0x0000794bdb9ae000",243486,143940430338113,143940430338413
"MEMORY_ALLOCATION","MEMORY_ALLOCATION_FREE","",0,"0x0000794bdb9af000",243488,143940430342623,143940430343233
"MEMORY_ALLOCATION","MEMORY_ALLOCATION_FREE","",0,"0x0000794bdb9b0000",243490,143940430346983,143940430347353
"MEMORY_ALLOCATION","MEMORY_ALLOCATION_FREE","",0,"0x0000794adbc00000",243492,143940430350933,143940430351863
"MEMORY_ALLOCATION","MEMORY_ALLOCATION_FREE","",0,"0x0000794bdb9b1000",243494,143940430355193,143940430355533
"MEMORY_ALLOCATION","MEMORY_ALLOCATION_FREE","",0,"0x0000794bdb9b2000",243496,143940430358643,143940430358953
"MEMORY_ALLOCATION","MEMORY_ALLOCATION_FREE","",0,"0x0000794bdb9b3000",243498,143940430362924,143940430363434
"MEMORY_ALLOCATION","MEMORY_ALLOCATION_FREE","",0,"0x0000794bdb9b4000",243500,143940430366754,143940430367054
"MEMORY_ALLOCATION","MEMORY_ALLOCATION_FREE","",0,"0x0000794adb800000",243502,143940430370204,143940430370564
"MEMORY_ALLOCATION","MEMORY_ALLOCATION_FREE","",0,"0x0000794bdb9b5000",243504,143940430373674,143940430374014
"MEMORY_ALLOCATION","MEMORY_ALLOCATION_FREE","",0,"0x0000794bdb9b6000",243506,143940430377804,143940430378104
"MEMORY_ALLOCATION","MEMORY_ALLOCATION_FREE","",0,"0x0000794bdb9b7000",243508,143940430381584,143940430382234
"MEMORY_ALLOCATION","MEMORY_ALLOCATION_FREE","",0,"0x0000794bdb9b8000",243510,143940430385534,143940430385824
"MEMORY_ALLOCATION","MEMORY_ALLOCATION_FREE","",0,"0x0000794bdb9b9000",243512,143940430389294,143940430389594
"MEMORY_ALLOCATION","MEMORY_ALLOCATION_FREE","",0,"0x0000794adb000000",243514,143940430393024,143940430442755
"MEMORY_ALLOCATION","MEMORY_ALLOCATION_FREE","",0,"0x0000794bdb9ba000",243516,143940430446605,143940430446995
"MEMORY_ALLOCATION","MEMORY_ALLOCATION_FREE","",0,"0x0000794bdb9bb000",243518,143940430450415,143940430450835
"MEMORY_ALLOCATION","MEMORY_ALLOCATION_FREE","",0,"0x0000794bdb9bc000",243520,143940430454255,143940430454565
"MEMORY_ALLOCATION","MEMORY_ALLOCATION_FREE","",0,"0x0000794bdb9bd000",243522,143940430458725,143940430459035
"MEMORY_ALLOCATION","MEMORY_ALLOCATION_FREE","",0,"0x0000794ada800000",243524,143940430462445,143940430507056
"MEMORY_ALLOCATION","MEMORY_ALLOCATION_FREE","",0,"0x0000794bdb9be000",243526,143940430510856,143940430511206
"MEMORY_ALLOCATION","MEMORY_ALLOCATION_FREE","",0,"0x0000794bdb9bf000",243528,143940430514766,143940430515856
"MEMORY_ALLOCATION","MEMORY_ALLOCATION_FREE","",0,"0x0000794bdb9c0000",243530,143940430519106,143940430519376
"MEMORY_ALLOCATION","MEMORY_ALLOCATION_FREE","",0,"0x0000794bdb9c1000",243532,143940430523206,143940430523476
"MEMORY_ALLOCATION","MEMORY_ALLOCATION_FREE","",0,"0x0000794ada000000",243534,143940430527256,143940430571887
"MEMORY_ALLOCATION","MEMORY_ALLOCATION_FREE","",0,"0x0000794bdb9c2000",243536,143940430575507,143940430575877
"MEMORY_ALLOCATION","MEMORY_ALLOCATION_FREE","",0,"0x0000794bdb9c3000",243538,143940430579367,143940430579777
"MEMORY_ALLOCATION","MEMORY_ALLOCATION_FREE","",0,"0x0000794bdb9c4000",243540,143940430583257,143940430583547
"MEMORY_ALLOCATION","MEMORY_ALLOCATION_FREE","",0,"0x0000794bdb9c5000",243542,143940430586827,143940430587137
"MEMORY_ALLOCATION","MEMORY_ALLOCATION_FREE","",0,"0x0000794bdb9c6000",243544,143940430590617,143940430590917
"MEMORY_ALLOCATION","MEMORY_ALLOCATION_FREE","",0,"0x0000794bdb9c7000",243546,143940430594537,143940430595077
"MEMORY_ALLOCATION","MEMORY_ALLOCATION_FREE","",0,"0x0000794bdb9c8000",243548,143940430598417,143940430598827
"MEMORY_ALLOCATION","MEMORY_ALLOCATION_FREE","",0,"0x0000794bdb9c9000",243550,143940430602317,143940430602647
"MEMORY_ALLOCATION","MEMORY_ALLOCATION_FREE","",0,"0x0000794ad9c00000",243552,143940430606337,143940430607157
"MEMORY_ALLOCATION","MEMORY_ALLOCATION_FREE","",0,"0x0000794bdb9ca000",243554,143940430610447,143940430610757
"MEMORY_ALLOCATION","MEMORY_ALLOCATION_FREE","",0,"0x0000794bdb9cb000",243556,143940430614057,143940430614417
"MEMORY_ALLOCATION","MEMORY_ALLOCATION_FREE","",0,"0x0000794bdb9cc000",243558,143940430618257,143940430618557
"MEMORY_ALLOCATION","MEMORY_ALLOCATION_FREE","",0,"0x0000794bdb9cd000",243560,143940430621937,143940430622257
"MEMORY_ALLOCATION","MEMORY_ALLOCATION_FREE","",0,"0x0000794ad9800000",243562,143940430625737,143940430626368
"MEMORY_ALLOCATION","MEMORY_ALLOCATION_FREE","",0,"0x0000794bdb9ce000",243564,143940430629758,143940430630098
"MEMORY_ALLOCATION","MEMORY_ALLOCATION_FREE","",0,"0x0000794bdb9cf000",243566,143940430633658,143940430634168
"MEMORY_ALLOCATION","MEMORY_ALLOCATION_FREE","",0,"0x0000794bdb9d0000",243568,143940430637648,143940430637938
"MEMORY_ALLOCATION","MEMORY_ALLOCATION_FREE","",0,"0x0000794bdb9d1000",243570,143940430641428,143940430641768
"MEMORY_ALLOCATION","MEMORY_ALLOCATION_FREE","",0,"0x0000794bdb9d2000",243572,143940430645238,143940430645548
"MEMORY_ALLOCATION","MEMORY_ALLOCATION_FREE","",0,"0x0000794ad9400000",243574,143940430649018,143940430649518
"MEMORY_ALLOCATION","MEMORY_ALLOCATION_FREE","",0,"0x0000794bdb9d3000",243576,143940430653158,143940430653708
"MEMORY_ALLOCATION","MEMORY_ALLOCATION_FREE","",0,"0x0000794bdb9d4000",243578,143940430657308,143940430657618
"MEMORY_ALLOCATION","MEMORY_ALLOCATION_FREE","",0,"0x0000794bdb9d5000",243580,143940430661248,143940430661548
"MEMORY_ALLOCATION","MEMORY_ALLOCATION_FREE","",0,"0x0000794bdb9d6000",243582,143940430664788,143940430665098
"MEMORY_ALLOCATION","MEMORY_ALLOCATION_FREE","",0,"0x0000794ad9000000",243584,143940430668488,143940430669008
"MEMORY_ALLOCATION","MEMORY_ALLOCATION_FREE","",0,"0x0000794bdb9d7000",243586,143940430672668,143940430673198
"MEMORY_ALLOCATION","MEMORY_ALLOCATION_FREE","",0,"0x0000794bdb9d8000",243588,143940430676348,143940430676678
"MEMORY_ALLOCATION","MEMORY_ALLOCATION_FREE","",0,"0x0000794bdb9d9000",243590,143940430680168,143940430680518
"MEMORY_ALLOCATION","MEMORY_ALLOCATION_FREE","",0,"0x0000794bdb9da000",243592,143940430684268,143940430684608
"MEMORY_ALLOCATION","MEMORY_ALLOCATION_FREE","",0,"0x0000794bdb9db000",243594,143940430687978,143940430688378
"MEMORY_ALLOCATION","MEMORY_ALLOCATION_FREE","",0,"0x0000794ad8800000",243596,143940430691829,143940430742509
"MEMORY_ALLOCATION","MEMORY_ALLOCATION_FREE","",0,"0x0000794bdb9dc000",243598,143940430746439,143940430746869
"MEMORY_ALLOCATION","MEMORY_ALLOCATION_FREE","",0,"0x0000794bdb9dd000",243600,143940430750189,143940430750529
"MEMORY_ALLOCATION","MEMORY_ALLOCATION_FREE","",0,"0x0000794bdb9de000",243602,143940430892912,143940430893272
"MEMORY_ALLOCATION","MEMORY_ALLOCATION_FREE","",0,"0x0000794bdb9df000",243604,143940430897102,143940430897982
"MEMORY_ALLOCATION","MEMORY_ALLOCATION_FREE","",0,"0x0000794ad8000000",243606,143940430901592,143940430953042
"MEMORY_ALLOCATION","MEMORY_ALLOCATION_FREE","",0,"0x0000794bdb9e0000",243608,143940430957023,143940430957483
"MEMORY_ALLOCATION","MEMORY_ALLOCATION_FREE","",0,"0x0000794bdb9e1000",243610,143940430960903,143940430961223
"MEMORY_ALLOCATION","MEMORY_ALLOCATION_FREE","",0,"0x0000794bdb9e2000",243612,143940430964463,143940430964763
"MEMORY_ALLOCATION","MEMORY_ALLOCATION_FREE","",0,"0x0000794bdb9e3000",243614,143940430968923,143940430969303
"MEMORY_ALLOCATION","MEMORY_ALLOCATION_FREE","",0,"0x0000794ad7800000",243616,143940430972893,143940431032054
"MEMORY_ALLOCATION","MEMORY_ALLOCATION_FREE","",0,"0x0000794bdb9e4000",243618,143940431036284,143940431036694
"MEMORY_ALLOCATION","MEMORY_ALLOCATION_FREE","",0,"0x0000794bdb9e5000",243620,143940431040604,143940431040934
"MEMORY_ALLOCATION","MEMORY_ALLOCATION_FREE","",0,"0x0000794bdb9e6000",243622,143940431044254,143940431044544
"MEMORY_ALLOCATION","MEMORY_ALLOCATION_FREE","",0,"0x0000794bdb9e7000",243624,143940431047984,143940431048534
"MEMORY_ALLOCATION","MEMORY_ALLOCATION_FREE","",0,"0x0000794bdb9e8000",243626,143940431051844,143940431052104
"MEMORY_ALLOCATION","MEMORY_ALLOCATION_FREE","",0,"0x0000794bdb9e9000",243628,143940431055824,143940431056124
"MEMORY_ALLOCATION","MEMORY_ALLOCATION_FREE","",0,"0x0000794bdb9ea000",243630,143940431059284,143940431059554
"MEMORY_ALLOCATION","MEMORY_ALLOCATION_FREE","",0,"0x0000794bdb9eb000",243632,143940431063274,143940431063664
"MEMORY_ALLOCATION","MEMORY_ALLOCATION_FREE","",0,"0x0000794ad7400000",243634,143940431067294,143940431067944
"MEMORY_ALLOCATION","MEMORY_ALLOCATION_FREE","",0,"0x0000794bdb9ec000",243636,143940431071524,143940431071794
"MEMORY_ALLOCATION","MEMORY_ALLOCATION_FREE","",0,"0x0000794bdb9ed000",243638,143940431075194,143940431075494
"MEMORY_ALLOCATION","MEMORY_ALLOCATION_FREE","",0,"0x0000794bdb9ee000",243640,143940431079114,143940431079414
"MEMORY_ALLOCATION","MEMORY_ALLOCATION_FREE","",0,"0x0000794bdb9ef000",243642,143940431082874,143940431083304
"MEMORY_ALLOCATION","MEMORY_ALLOCATION_FREE","",0,"0x0000794ad7000000",243644,143940431087225,143940431087655
"MEMORY_ALLOCATION","MEMORY_ALLOCATION_FREE","",0,"0x0000794bdb9f0000",243646,143940431090965,143940431091265
"MEMORY_ALLOCATION","MEMORY_ALLOCATION_FREE","",0,"0x0000794bdb9f1000",243648,143940431094905,143940431095245
"MEMORY_ALLOCATION","MEMORY_ALLOCATION_FREE","",0,"0x0000794bdb9f2000",243650,143940431098885,143940431099155
"MEMORY_ALLOCATION","MEMORY_ALLOCATION_FREE","",0,"0x0000794bdb9f3000",243652,143940431102645,143940431103065
"MEMORY_ALLOCATION","MEMORY_ALLOCATION_FREE","",0,"0x0000794bdb9f4000",243654,143940431106095,143940431106395
"MEMORY_ALLOCATION","MEMORY_ALLOCATION_FREE","",0,"0x0000794ad6c00000",243656,143940431109905,143940431110625
"MEMORY_ALLOCATION","MEMORY_ALLOCATION_FREE","",0,"0x0000794bdb9f5000",243658,143940431113915,143940431114235
"MEMORY_ALLOCATION","MEMORY_ALLOCATION_FREE","",0,"0x0000794bdb9f6000",243660,143940431117815,143940431118105
"MEMORY_ALLOCATION","MEMORY_ALLOCATION_FREE","",0,"0x0000794bdb9f7000",243662,143940431121775,143940431122145
"MEMORY_ALLOCATION","MEMORY_ALLOCATION_FREE","",0,"0x0000794bdb9f8000",243664,143940431125415,143940431125755
"MEMORY_ALLOCATION","MEMORY_ALLOCATION_FREE","",0,"0x0000794ad6800000",243666,143940431129315,143940431129695
"MEMORY_ALLOCATION","MEMORY_ALLOCATION_FREE","",0,"0x0000794bdb9f9000",243668,143940431133185,143940431133525
"MEMORY_ALLOCATION","MEMORY_ALLOCATION_FREE","",0,"0x0000794bdb9fa000",243670,143940431136685,143940431136995
"MEMORY_ALLOCATION","MEMORY_ALLOCATION_FREE","",0,"0x0000794bdb9fb000",243672,143940431140205,143940431140675
"MEMORY_ALLOCATION","MEMORY_ALLOCATION_FREE","",0,"0x0000794bdb9fc000",243674,143940431144635,143940431144995
"MEMORY_ALLOCATION","MEMORY_ALLOCATION_FREE","",0,"0x0000794bdb9fd000",243676,143940431148195,143940431148495
"MEMORY_ALLOCATION","MEMORY_ALLOCATION_FREE","",0,"0x0000794ad6000000",243678,143940431151925,143940431203836
"MEMORY_ALLOCATION","MEMORY_ALLOCATION_FREE","",0,"0x0000794bdb9fe000",243680,143940431207976,143940431208426
"MEMORY_ALLOCATION","MEMORY_ALLOCATION_FREE","",0,"0x0000794bdb9ff000",243682,143940431211876,143940431212386
"MEMORY_ALLOCATION","MEMORY_ALLOCATION_FREE","",0,"0x0000794bda580000",243684,143940431216206,143940431217166
"MEMORY_ALLOCATION","MEMORY_ALLOCATION_FREE","",0,"0x0000794bda581000",243686,143940431221127,143940431221627
"MEMORY_ALLOCATION","MEMORY_ALLOCATION_FREE","",0,"0x0000794ad5800000",243688,143940431225567,143940431272467
"MEMORY_ALLOCATION","MEMORY_ALLOCATION_FREE","",0,"0x0000794bda582000",243690,143940431276937,143940431277697
"MEMORY_ALLOCATION","MEMORY_ALLOCATION_FREE","",0,"0x0000794bda583000",243692,143940431281077,143940431281577
"MEMORY_ALLOCATION","MEMORY_ALLOCATION_FREE","",0,"0x0000794bda584000",243694,143940431285078,143940431285428
"MEMORY_ALLOCATION","MEMORY_ALLOCATION_FREE","",0,"0x0000794bda585000",243696,143940431288978,143940431289308
"MEMORY_ALLOCATION","MEMORY_ALLOCATION_FREE","",0,"0x0000794ad5000000",243698,143940431293008,143940431341638
"MEMORY_ALLOCATION","MEMORY_ALLOCATION_FREE","",0,"0x0000794bda586000",243700,143940431346128,143940431346578
"MEMORY_ALLOCATION","MEMORY_ALLOCATION_FREE","",0,"0x0000794bda587000",243702,143940431350328,143940431350919
"MEMORY_ALLOCATION","MEMORY_ALLOCATION_FREE","",0,"0x0000794bda588000",243704,143940431354449,143940431354799
"MEMORY_ALLOCATION","MEMORY_ALLOCATION_FREE","",0,"0x0000794bda589000",243706,143940431358429,143940431358789
"MEMORY_ALLOCATION","MEMORY_ALLOCATION_FREE","",0,"0x0000794bda58a000",243708,143940431363059,143940431364029
"MEMORY_ALLOCATION","MEMORY_ALLOCATION_FREE","",0,"0x0000794bda58b000",243710,143940431367619,143940431368069
"MEMORY_ALLOCATION","MEMORY_ALLOCATION_FREE","",0,"0x0000794bda58c000",243712,143940431371609,143940431371959
"MEMORY_ALLOCATION","MEMORY_ALLOCATION_FREE","",0,"0x0000794bda58d000",243714,143940431375939,143940431376289
"MEMORY_ALLOCATION","MEMORY_ALLOCATION_FREE","",0,"0x0000794ad4c00000",243716,143940431380309,143940431381539
"MEMORY_ALLOCATION","MEMORY_ALLOCATION_FREE","",0,"0x0000794bda58e000",243718,143940431385049,143940431385439
"MEMORY_ALLOCATION","MEMORY_ALLOCATION_FREE","",0,"0x0000794bda58f000",243720,143940431388699,143940431389189
"MEMORY_ALLOCATION","MEMORY_ALLOCATION_FREE","",0,"0x0000794bda590000",243722,143940431392879,143940431393219
"MEMORY_ALLOCATION","MEMORY_ALLOCATION_FREE","",0,"0x0000794bda591000",243724,143940431396599,143940431396929
"MEMORY_ALLOCATION","MEMORY_ALLOCATION_FREE","",0,"0x0000794ad4800000",243726,143940431400799,143940431401379
"MEMORY_ALLOCATION","MEMORY_ALLOCATION_FREE","",0,"0x0000794bda592000",243728,143940431405259,143940431405699
"MEMORY_ALLOCATION","MEMORY_ALLOCATION_FREE","",0,"0x0000794bda593000",243730,143940431408939,143940431409259
"MEMORY_ALLOCATION","MEMORY_ALLOCATION_FREE","",0,"0x0000794bda594000",243732,143940431412759,143940431413099
"MEMORY_ALLOCATION","MEMORY_ALLOCATION_FREE","",0,"0x0000794bda595000",243734,143940431416569,143940431416910
"MEMORY_ALLOCATION","MEMORY_ALLOCATION_FREE","",0,"0x0000794bda596000",243736,143940431420820,143940431421160
"MEMORY_ALLOCATION","MEMORY_ALLOCATION_FREE","",0,"0x0000794ad4400000",243738,143940431424630,143940431425030
"MEMORY_ALLOCATION","MEMORY_ALLOCATION_FREE","",0,"0x0000794bda597000",243740,143940431428340,143940431428780
"MEMORY_ALLOCATION","MEMORY_ALLOCATION_FREE","",0,"0x0000794bda598000",243742,143940431431790,143940431432110
"MEMORY_ALLOCATION","MEMORY_ALLOCATION_FREE","",0,"0x0000794bda599000",243744,143940431435910,143940431436230
"MEMORY_ALLOCATION","MEMORY_ALLOCATION_FREE","",0,"0x0000794bda59a000",243746,143940431439960,143940431440380
"MEMORY_ALLOCATION","MEMORY_ALLOCATION_FREE","",0,"0x0000794ad4000000",243748,143940431444140,143940431444730
"MEMORY_ALLOCATION","MEMORY_ALLOCATION_FREE","",0,"0x0000794bda59b000",243750,143940431448040,143940431448440
"MEMORY_ALLOCATION","MEMORY_ALLOCATION_FREE","",0,"0x0000794bda59c000",243752,143940431451680,143940431452000
"MEMORY_ALLOCATION","MEMORY_ALLOCATION_FREE","",0,"0x0000794bda59d000",243754,143940431455480,143940431455800
"MEMORY_ALLOCATION","MEMORY_ALLOCATION_FREE","",0,"0x0000794bda59e000",243756,143940431460070,143940431460440
"MEMORY_ALLOCATION","MEMORY_ALLOCATION_FREE","",0,"0x0000794bda59f000",243758,143940431463710,143940431464240
"MEMORY_ALLOCATION","MEMORY_ALLOCATION_FREE","",0,"0x0000794ad3800000",243760,143940431467640,143940431518341
"MEMORY_ALLOCATION","MEMORY_ALLOCATION_FREE","",0,"0x0000794bda5a0000",243762,143940431522771,143940431523191
"MEMORY_ALLOCATION","MEMORY_ALLOCATION_FREE","",0,"0x0000794bda5a1000",243764,143940431526291,143940431526571
"MEMORY_ALLOCATION","MEMORY_ALLOCATION_FREE","",0,"0x0000794bda5a2000",243766,143940431530011,143940431530401
"MEMORY_ALLOCATION","MEMORY_ALLOCATION_FREE","",0,"0x0000794bda5a3000",243768,143940431534141,143940431534681
"MEMORY_ALLOCATION","MEMORY_ALLOCATION_FREE","",0,"0x0000794ad3000000",243770,143940431538291,143940431584732
"MEMORY_ALLOCATION","MEMORY_ALLOCATION_FREE","",0,"0x0000794bda5a4000",243772,143940431588672,143940431589102
"MEMORY_ALLOCATION","MEMORY_ALLOCATION_FREE","",0,"0x0000794bda5a5000",243774,143940431592732,143940431593082
"MEMORY_ALLOCATION","MEMORY_ALLOCATION_FREE","",0,"0x0000794bda5a6000",243776,143940431596372,143940431596702
"MEMORY_ALLOCATION","MEMORY_ALLOCATION_FREE","",0,"0x0000794bda5a7000",243778,143940431600872,143940431601422
"MEMORY_ALLOCATION","MEMORY_ALLOCATION_FREE","",0,"0x0000794ad2800000",243780,143940431604972,143940431651433
"MEMORY_ALLOCATION","MEMORY_ALLOCATION_FREE","",0,"0x0000794bda5a8000",243782,143940431655283,143940431655683
"MEMORY_ALLOCATION","MEMORY_ALLOCATION_FREE","",0,"0x0000794bda5a9000",243784,143940431658953,143940431659283
"MEMORY_ALLOCATION","MEMORY_ALLOCATION_FREE","",0,"0x0000794bda5aa000",243786,143940431664063,143940431664903
"MEMORY_ALLOCATION","MEMORY_ALLOCATION_FREE","",0,"0x0000794bda5ab000",243788,143940431668253,143940431668693
"MEMORY_ALLOCATION","MEMORY_ALLOCATION_FREE","",0,"0x0000794bda5ac000",243790,143940431672393,143940431672793
"MEMORY_ALLOCATION","MEMORY_ALLOCATION_FREE","",0,"0x0000794bda5ad000",243792,143940431676323,143940431676613
"MEMORY_ALLOCATION","MEMORY_ALLOCATION_FREE","",0,"0x0000794bda5ae000",243794,143940431680083,143940431680534
"MEMORY_ALLOCATION","MEMORY_ALLOCATION_FREE","",0,"0x0000794bda5af000",243796,143940431684494,143940431684984
"MEMORY_ALLOCATION","MEMORY_ALLOCATION_FREE","",0,"0x0000794ad2400000",243798,143940431688584,143940431689374
"MEMORY_ALLOCATION","MEMORY_ALLOCATION_FREE","",0,"0x0000794bda5b0000",243800,143940431692764,143940431693094
"MEMORY_ALLOCATION","MEMORY_ALLOCATION_FREE","",0,"0x0000794bda5b1000",243802,143940431696654,143940431696984
"MEMORY_ALLOCATION","MEMORY_ALLOCATION_FREE","",0,"0x0000794bda5b2000",243804,143940431700854,143940431701474
"MEMORY_ALLOCATION","MEMORY_ALLOCATION_FREE","",0,"0x0000794bda5b3000",243806,143940431704774,143940431705174
"MEMORY_ALLOCATION","MEMORY_ALLOCATION_FREE","",0,"0x0000794ad2000000",243808,143940431709264,143940431709734
"MEMORY_ALLOCATION","MEMORY_ALLOCATION_FREE","",0,"0x0000794bda5b4000",243810,143940431712894,143940431713324
"MEMORY_ALLOCATION","MEMORY_ALLOCATION_FREE","",0,"0x0000794bda5b5000",243812,143940431717084,143940431717414
"MEMORY_ALLOCATION","MEMORY_ALLOCATION_FREE","",0,"0x0000794bda5b6000",243814,143940431720974,143940431721354
"MEMORY_ALLOCATION","MEMORY_ALLOCATION_FREE","",0,"0x0000794bda5b7000",243816,143940431724934,143940431725314
"MEMORY_ALLOCATION","MEMORY_ALLOCATION_FREE","",0,"0x0000794bda5b8000",243818,143940431728864,143940431729194
"MEMORY_ALLOCATION","MEMORY_ALLOCATION_FREE","",0,"0x0000794ad1c00000",243820,143940431732914,143940431733444
"MEMORY_ALLOCATION","MEMORY_ALLOCATION_FREE","",0,"0x0000794bda5b9000",243822,143940431736474,143940431736804
"MEMORY_ALLOCATION","MEMORY_ALLOCATION_FREE","",0,"0x0000794bda5ba000",243824,143940431740834,143940431741244
"MEMORY_ALLOCATION","MEMORY_ALLOCATION_FREE","",0,"0x0000794bda5bb000",243826,143940431744734,143940431745134
"MEMORY_ALLOCATION","MEMORY_ALLOCATION_FREE","",0,"0x0000794bda5bc000",243828,143940431748785,143940431749105
"MEMORY_ALLOCATION","MEMORY_ALLOCATION_FREE","",0,"0x0000794ad1800000",243830,143940431752695,143940431752995
"MEMORY_ALLOCATION","MEMORY_ALLOCATION_FREE","",0,"0x0000794bda5bd000",243832,143940431756255,143940431756575
"MEMORY_ALLOCATION","MEMORY_ALLOCATION_FREE","",0,"0x0000794bda5be000",243834,143940431759885,143940431760295
"MEMORY_ALLOCATION","MEMORY_ALLOCATION_FREE","",0,"0x0000794bda5bf000",243836,143940431763755,143940431764185
"MEMORY_ALLOCATION","MEMORY_ALLOCATION_FREE","",0,"0x0000794bda5c0000",243838,143940431767895,143940431768205
"MEMORY_ALLOCATION","MEMORY_ALLOCATION_FREE","",0,"0x0000794bda5c1000",243840,143940431772115,143940431772425
"MEMORY_ALLOCATION","MEMORY_ALLOCATION_FREE","",0,"0x0000794ad1000000",243842,143940431775785,143940431825756
"MEMORY_ALLOCATION","MEMORY_ALLOCATION_FREE","",0,"0x0000794bda5c2000",243844,143940431829856,143940431830446
"MEMORY_ALLOCATION","MEMORY_ALLOCATION_FREE","",0,"0x0000794bda5c3000",243846,143940431833576,143940431833966
"MEMORY_ALLOCATION","MEMORY_ALLOCATION_FREE","",0,"0x0000794bda5c4000",243848,143940431837116,143940431837456
"MEMORY_ALLOCATION","MEMORY_ALLOCATION_FREE","",0,"0x0000794bda5c5000",243850,143940431841106,143940431841426
"MEMORY_ALLOCATION","MEMORY_ALLOCATION_FREE","",0,"0x0000794ad0800000",243852,143940431844736,143940431890477
"MEMORY_ALLOCATION","MEMORY_ALLOCATION_FREE","",0,"0x0000794bda5c6000",243854,143940431894507,143940431894967
"MEMORY_ALLOCATION","MEMORY_ALLOCATION_FREE","",0,"0x0000794bda5c7000",243856,143940431898147,143940431898537
"MEMORY_ALLOCATION","MEMORY_ALLOCATION_FREE","",0,"0x0000794bda5c8000",243858,143940431901827,143940431902127
"MEMORY_ALLOCATION","MEMORY_ALLOCATION_FREE","",0,"0x0000794bda5c9000",243860,143940431905627,143940431905987
"MEMORY_ALLOCATION","MEMORY_ALLOCATION_FREE","",0,"0x0000794ad0000000",243862,143940431909407,143940431956248
"MEMORY_ALLOCATION","MEMORY_ALLOCATION_FREE","",0,"0x0000794bda5ca000",243864,143940431960428,143940431960958
"MEMORY_ALLOCATION","MEMORY_ALLOCATION_FREE","",0,"0x0000794bda5cb000",243866,143940431964298,143940431964758
"MEMORY_ALLOCATION","MEMORY_ALLOCATION_FREE","",0,"0x0000794bda5cc000",243868,143940431967938,143940431968268
"MEMORY_ALLOCATION","MEMORY_ALLOCATION_FREE","",0,"0x0000794bda5cd000",243870,143940431971568,143940431971888
"MEMORY_ALLOCATION","MEMORY_ALLOCATION_FREE","",0,"0x0000794bda5ce000",243872,143940431975428,143940431975778
"MEMORY_ALLOCATION","MEMORY_ALLOCATION_FREE","",0,"0x0000794bda5cf000",243874,143940431979008,143940431979478
"MEMORY_ALLOCATION","MEMORY_ALLOCATION_FREE","",0,"0x0000794bda5d0000",243876,143940431982638,143940431982938
"MEMORY_ALLOCATION","MEMORY_ALLOCATION_FREE","",0,"0x0000794bda5d1000",243878,143940431986368,143940431986678
"MEMORY_ALLOCATION","MEMORY_ALLOCATION_FREE","",0,"0x0000794acfc00000",243880,143940431989848,143940432057949
"MEMORY_ALLOCATION","MEMORY_ALLOCATION_FREE","",0,"0x0000794bda5d2000",243882,143940432062219,143940432062859
"MEMORY_ALLOCATION","MEMORY_ALLOCATION_FREE","",0,"0x0000794bda5d3000",243884,143940432066019,143940432066369
"MEMORY_ALLOCATION","MEMORY_ALLOCATION_FREE","",0,"0x0000794bda5d4000",243886,143940432069999,143940432070339
"MEMORY_ALLOCATION","MEMORY_ALLOCATION_FREE","",0,"0x0000794bda5d5000",243888,143940432073979,143940432074309
"MEMORY_ALLOCATION","MEMORY_ALLOCATION_FREE","",0,"0x0000794acf800000",243890,143940432077870,143940432207011
"MEMORY_ALLOCATION","MEMORY_ALLOCATION_FREE","",0,"0x0000794bda5d6000",243892,143940432211852,143940432212412
"MEMORY_ALLOCATION","MEMORY_ALLOCATION_FREE","",0,"0x0000794bda5d7000",243894,143940432215532,143940432216052
"MEMORY_ALLOCATION","MEMORY_ALLOCATION_FREE","",0,"0x0000794bda5d8000",243896,143940432219502,143940432219842
"MEMORY_ALLOCATION","MEMORY_ALLOCATION_FREE","",0,"0x0000794bda5d9000",243898,143940432223152,143940432223462
"MEMORY_ALLOCATION","MEMORY_ALLOCATION_FREE","",0,"0x0000794bda5da000",243900,143940432227462,143940432227882
"MEMORY_ALLOCATION","MEMORY_ALLOCATION_FREE","",0,"0x0000794acf400000",243902,143940432231372,143940432363274
"MEMORY_ALLOCATION","MEMORY_ALLOCATION_FREE","",0,"0x0000794bda5db000",243904,143940432368314,143940432368884
"MEMORY_ALLOCATION","MEMORY_ALLOCATION_FREE","",0,"0x0000794bda5dc000",243906,143940432372884,143940432373214
"MEMORY_ALLOCATION","MEMORY_ALLOCATION_FREE","",0,"0x0000794bda5dd000",243908,143940432376444,143940432376734
"MEMORY_ALLOCATION","MEMORY_ALLOCATION_FREE","",0,"0x0000794bda5de000",243910,143940432380394,143940432380764
"MEMORY_ALLOCATION","MEMORY_ALLOCATION_FREE","",0,"0x0000794acf000000",243912,143940432384614,143940432514546
"MEMORY_ALLOCATION","MEMORY_ALLOCATION_FREE","",0,"0x0000794bda5df000",243914,143940432518926,143940432519466
"MEMORY_ALLOCATION","MEMORY_ALLOCATION_FREE","",0,"0x0000794bda5e0000",243916,143940432523336,143940432523656
"MEMORY_ALLOCATION","MEMORY_ALLOCATION_FREE","",0,"0x0000794bda5e1000",243918,143940432526956,143940432527256
"MEMORY_ALLOCATION","MEMORY_ALLOCATION_FREE","",0,"0x0000794bda5e2000",243920,143940432530666,143940432531136
"MEMORY_ALLOCATION","MEMORY_ALLOCATION_FREE","",0,"0x0000794bda5e3000",243922,143940432534616,143940432535046
"MEMORY_ALLOCATION","MEMORY_ALLOCATION_FREE","",0,"0x0000794ace800000",243924,143940432539177,143940432590827
"MEMORY_ALLOCATION","MEMORY_ALLOCATION_FREE","",0,"0x0000794bda5e4000",243926,143940432594627,143940432595027
"MEMORY_ALLOCATION","MEMORY_ALLOCATION_FREE","",0,"0x0000794bda5e5000",243928,143940432598597,143940432598877
"MEMORY_ALLOCATION","MEMORY_ALLOCATION_FREE","",0,"0x0000794bda5e6000",243930,143940432602157,143940432602557
"MEMORY_ALLOCATION","MEMORY_ALLOCATION_FREE","",0,"0x0000794bda5e7000",243932,143940432605928,143940432606268
"MEMORY_ALLOCATION","MEMORY_ALLOCATION_FREE","",0,"0x0000794ace000000",243934,143940432609818,143940432656408
"MEMORY_ALLOCATION","MEMORY_ALLOCATION_FREE","",0,"0x0000794bda5e8000",243936,143940432660298,143940432660708
"MEMORY_ALLOCATION","MEMORY_ALLOCATION_FREE","",0,"0x0000794bda5e9000",243938,143940432664178,143940432664498
"MEMORY_ALLOCATION","MEMORY_ALLOCATION_FREE","",0,"0x0000794bda5ea000",243940,143940432668038,143940432668618
"MEMORY_ALLOCATION","MEMORY_ALLOCATION_FREE","",0,"0x0000794bda5eb000",243942,143940432672269,143940432672679
"MEMORY_ALLOCATION","MEMORY_ALLOCATION_FREE","",0,"0x0000794acd800000",243944,143940432676459,143940432722629
"MEMORY_ALLOCATION","MEMORY_ALLOCATION_FREE","",0,"0x0000794bda5ec000",243946,143940432726739,143940432727119
"MEMORY_ALLOCATION","MEMORY_ALLOCATION_FREE","",0,"0x0000794bda5ed000",243948,143940432730719,143940432731039
"MEMORY_ALLOCATION","MEMORY_ALLOCATION_FREE","",0,"0x0000794bda5ee000",243950,143940432734559,143940432734940
"MEMORY_ALLOCATION","MEMORY_ALLOCATION_FREE","",0,"0x0000794bda5ef000",243952,143940432878652,143940432879332
"MEMORY_ALLOCATION","MEMORY_ALLOCATION_FREE","",0,"0x0000794bda5f0000",243954,143940432882992,143940432883302
"MEMORY_ALLOCATION","MEMORY_ALLOCATION_FREE","",0,"0x0000794bda5f1000",243956,143940432887002,143940432887312
"MEMORY_ALLOCATION","MEMORY_ALLOCATION_FREE","",0,"0x0000794bda5f2000",243958,143940432890642,143940432890992
"MEMORY_ALLOCATION","MEMORY_ALLOCATION_FREE","",0,"0x0000794bda5f3000",243960,143940432895002,143940432895432
"MEMORY_ALLOCATION","MEMORY_ALLOCATION_FREE","",0,"0x0000794acd400000",243962,143940432899202,143940433035394
"MEMORY_ALLOCATION","MEMORY_ALLOCATION_FREE","",0,"0x0000794bda5f4000",243964,143940433040644,143940433041244
"MEMORY_ALLOCATION","MEMORY_ALLOCATION_FREE","",0,"0x0000794bda5f5000",243966,143940433044404,143940433044704
"MEMORY_ALLOCATION","MEMORY_ALLOCATION_FREE","",0,"0x0000794bda5f6000",243968,143940433048384,143940433048734
"MEMORY_ALLOCATION","MEMORY_ALLOCATION_FREE","",0,"0x0000794bda5f7000",243970,143940433052994,143940433053344
"MEMORY_ALLOCATION","MEMORY_ALLOCATION_FREE","",0,"0x0000794acd000000",243972,143940433056994,143940433182726
"MEMORY_ALLOCATION","MEMORY_ALLOCATION_FREE","",0,"0x0000794bda5f8000",243974,143940433187216,143940433187736
"MEMORY_ALLOCATION","MEMORY_ALLOCATION_FREE","",0,"0x0000794bda5f9000",243976,143940433191566,143940433192026
"MEMORY_ALLOCATION","MEMORY_ALLOCATION_FREE","",0,"0x0000794bda5fa000",243978,143940433195306,143940433195626
"MEMORY_ALLOCATION","MEMORY_ALLOCATION_FREE","",0,"0x0000794bda5fb000",243980,143940433198567,143940433199027
"MEMORY_ALLOCATION","MEMORY_ALLOCATION_FREE","",0,"0x0000794bda5fc000",243982,143940433202527,143940433202887
"MEMORY_ALLOCATION","MEMORY_ALLOCATION_FREE","",0,"0x0000794accc00000",243984,143940433206297,143940433336489
"MEMORY_ALLOCATION","MEMORY_ALLOCATION_FREE","",0,"0x0000794bda5fd000",243986,143940433340989,143940433341499
"MEMORY_ALLOCATION","MEMORY_ALLOCATION_FREE","",0,"0x0000794bda5fe000",243988,143940433344909,143940433345199
"MEMORY_ALLOCATION","MEMORY_ALLOCATION_FREE","",0,"0x0000794bda5ff000",243990,143940433348679,143940433478611
"MEMORY_ALLOCATION","MEMORY_ALLOCATION_FREE","",0,"0x0000794bd6580000",243992,143940433483981,143940433484811
"MEMORY_ALLOCATION","MEMORY_ALLOCATION_FREE","",0,"0x0000794acc800000",243994,143940433488331,143940433618023
"MEMORY_ALLOCATION","MEMORY_ALLOCATION_FREE","",0,"0x0000794bd6581000",243996,143940433623603,143940433624223
"MEMORY_ALLOCATION","MEMORY_ALLOCATION_FREE","",0,"0x0000794bd6582000",243998,143940433627533,143940433627893
"MEMORY_ALLOCATION","MEMORY_ALLOCATION_FREE","",0,"0x0000794bd6583000",244000,143940433631693,143940433632323
"MEMORY_ALLOCATION","MEMORY_ALLOCATION_FREE","",0,"0x0000794bd6584000",244002,143940433635473,143940433635803
"MEMORY_ALLOCATION","MEMORY_ALLOCATION_FREE","",0,"0x0000794bd6585000",244004,143940433639183,143940433639603
"MEMORY_ALLOCATION","MEMORY_ALLOCATION_FREE","",0,"0x0000794acc000000",244006,143940433643793,143940433692944
"MEMORY_ALLOCATION","MEMORY_ALLOCATION_FREE","",0,"0x0000794bd6586000",244008,143940433697094,143940433697484
"MEMORY_ALLOCATION","MEMORY_ALLOCATION_FREE","",0,"0x0000794bd6587000",244010,143940433701104,143940433701664
"MEMORY_ALLOCATION","MEMORY_ALLOCATION_FREE","",0,"0x0000794bd6588000",244012,143940433705314,143940433705674
"MEMORY_ALLOCATION","MEMORY_ALLOCATION_FREE","",0,"0x0000794bd6589000",244014,143940433709214,143940433709524
"MEMORY_ALLOCATION","MEMORY_ALLOCATION_FREE","",0,"0x0000794acb800000",244016,143940433713954,143940433761195
"MEMORY_ALLOCATION","MEMORY_ALLOCATION_FREE","",0,"0x0000794bd658a000",244018,143940433764845,143940433765265
"MEMORY_ALLOCATION","MEMORY_ALLOCATION_FREE","",0,"0x0000794bd658b000",244020,143940433768775,143940433769225
"MEMORY_ALLOCATION","MEMORY_ALLOCATION_FREE","",0,"0x0000794bd658c000",244022,143940433772695,143940433773055
"MEMORY_ALLOCATION","MEMORY_ALLOCATION_FREE","",0,"0x0000794bd658d000",244024,143940433777635,143940433778085
"MEMORY_ALLOCATION","MEMORY_ALLOCATION_FREE","",0,"0x0000794acb000000",244026,143940433782035,143940433829206
"MEMORY_ALLOCATION","MEMORY_ALLOCATION_FREE","",0,"0x0000794bd658e000",244028,143940433833566,143940433833986
"MEMORY_ALLOCATION","MEMORY_ALLOCATION_FREE","",0,"0x0000794bd658f000",244030,143940433838906,143940433840006
"MEMORY_ALLOCATION","MEMORY_ALLOCATION_FREE","",0,"0x0000794bd6590000",244032,143940433843466,143940433843876
"MEMORY_ALLOCATION","MEMORY_ALLOCATION_FREE","",0,"0x0000794bd6591000",244034,143940433847486,143940433847846
"MEMORY_ALLOCATION","MEMORY_ALLOCATION_FREE","",0,"0x0000794bd6592000",244036,143940433851216,143940433851556
"MEMORY_ALLOCATION","MEMORY_ALLOCATION_FREE","",0,"0x0000794bd6593000",244038,143940433855207,143940433855797
"MEMORY_ALLOCATION","MEMORY_ALLOCATION_FREE","",0,"0x0000794bd6594000",244040,143940433859027,143940433859327
"MEMORY_ALLOCATION","MEMORY_ALLOCATION_FREE","",0,"0x0000794bd6595000",244042,143940433863227,143940433863577
"MEMORY_ALLOCATION","MEMORY_ALLOCATION_FREE","",0,"0x0000794acac00000",244044,143940433867027,143940434018769
"MEMORY_ALLOCATION","MEMORY_ALLOCATION_FREE","",0,"0x0000794bd6596000",244046,143940434023749,143940434024329
"MEMORY_ALLOCATION","MEMORY_ALLOCATION_FREE","",0,"0x0000794bd6597000",244048,143940434028299,143940434028959
"MEMORY_ALLOCATION","MEMORY_ALLOCATION_FREE","",0,"0x0000794bd6598000",244050,143940434032219,143940434032689
"MEMORY_ALLOCATION","MEMORY_ALLOCATION_FREE","",0,"0x0000794bd6599000",244052,143940434036679,143940434037049
"MEMORY_ALLOCATION","MEMORY_ALLOCATION_FREE","",0,"0x0000794aca800000",244054,143940434040669,143940434167311
"MEMORY_ALLOCATION","MEMORY_ALLOCATION_FREE","",0,"0x0000794bd659a000",244056,143940434172101,143940434172541
"MEMORY_ALLOCATION","MEMORY_ALLOCATION_FREE","",0,"0x0000794bd659b000",244058,143940434176211,143940434176611
"MEMORY_ALLOCATION","MEMORY_ALLOCATION_FREE","",0,"0x0000794bd659c000",244060,143940434180251,143940434180541
"MEMORY_ALLOCATION","MEMORY_ALLOCATION_FREE","",0,"0x0000794bd659d000",244062,143940434184662,143940434185062
"MEMORY_ALLOCATION","MEMORY_ALLOCATION_FREE","",0,"0x0000794bd659e000",244064,143940434189712,143940434190142
"MEMORY_ALLOCATION","MEMORY_ALLOCATION_FREE","",0,"0x0000794aca400000",244066,143940434195902,143940434340224
"MEMORY_ALLOCATION","MEMORY_ALLOCATION_FREE","",0,"0x0000794bd659f000",244068,143940434347484,143940434348474
"MEMORY_ALLOCATION","MEMORY_ALLOCATION_FREE","",0,"0x0000794bd65a0000",244070,143940434352914,143940434353384
"MEMORY_ALLOCATION","MEMORY_ALLOCATION_FREE","",0,"0x0000794bd65a1000",244072,143940434357954,143940434358354
"MEMORY_ALLOCATION","MEMORY_ALLOCATION_FREE","",0,"0x0000794bd65a2000",244074,143940434363024,143940434363434
"MEMORY_ALLOCATION","MEMORY_ALLOCATION_FREE","",0,"0x0000794aca000000",244076,143940434367734,143940434507176
"MEMORY_ALLOCATION","MEMORY_ALLOCATION_FREE","",0,"0x0000794bd65a3000",244078,143940434513366,143940434514187
"MEMORY_ALLOCATION","MEMORY_ALLOCATION_FREE","",0,"0x0000794bd65a4000",244080,143940434518877,143940434519277
"MEMORY_ALLOCATION","MEMORY_ALLOCATION_FREE","",0,"0x0000794bd65a5000",244082,143940434523957,143940434524417
"MEMORY_ALLOCATION","MEMORY_ALLOCATION_FREE","",0,"0x0000794bd65a6000",244084,143940434528587,143940434528927
"MEMORY_ALLOCATION","MEMORY_ALLOCATION_FREE","",0,"0x0000794bd65a7000",244086,143940434533647,143940434534167
"MEMORY_ALLOCATION","MEMORY_ALLOCATION_FREE","",0,"0x0000794ac9800000",244088,143940434539667,143940434593978
"MEMORY_ALLOCATION","MEMORY_ALLOCATION_FREE","",0,"0x0000794bd65a8000",244090,143940434599128,143940434599658
"MEMORY_ALLOCATION","MEMORY_ALLOCATION_FREE","",0,"0x0000794bd65a9000",244092,143940434604128,143940434604608
"MEMORY_ALLOCATION","MEMORY_ALLOCATION_FREE","",0,"0x0000794bd65aa000",244094,143940434608908,143940434609288
"MEMORY_ALLOCATION","MEMORY_ALLOCATION_FREE","",0,"0x0000794bd65ab000",244096,143940434614468,143940434614998
"MEMORY_ALLOCATION","MEMORY_ALLOCATION_FREE","",0,"0x0000794ac9000000",244098,143940434620368,143940434672609
"MEMORY_ALLOCATION","MEMORY_ALLOCATION_FREE","",0,"0x0000794bd65ac000",244100,143940434677909,143940434678539
"MEMORY_ALLOCATION","MEMORY_ALLOCATION_FREE","",0,"0x0000794bd65ad000",244102,143940434682819,143940434683249
"MEMORY_ALLOCATION","MEMORY_ALLOCATION_FREE","",0,"0x0000794bd65ae000",244104,143940434687469,143940434687939
"MEMORY_ALLOCATION","MEMORY_ALLOCATION_FREE","",0,"0x0000794bd65af000",244106,143940434694389,143940434695659
"MEMORY_ALLOCATION","MEMORY_ALLOCATION_FREE","",0,"0x0000794ac8800000",244108,143940434700809,143940434752820
"MEMORY_ALLOCATION","MEMORY_ALLOCATION_FREE","",0,"0x0000794bd65b0000",244110,143940434758980,143940434759740
"MEMORY_ALLOCATION","MEMORY_ALLOCATION_FREE","",0,"0x0000794bd65b1000",244112,143940434763800,143940434764210
"MEMORY_ALLOCATION","MEMORY_ALLOCATION_FREE","",0,"0x0000794bd65b2000",244114,143940434767730,143940434768150
"MEMORY_ALLOCATION","MEMORY_ALLOCATION_FREE","",0,"0x0000794bd65b3000",244116,143940434771440,143940434771890
"MEMORY_ALLOCATION","MEMORY_ALLOCATION_FREE","",0,"0x0000794bd65b4000",244118,143940434775260,143940434775560
"MEMORY_ALLOCATION","MEMORY_ALLOCATION_FREE","",0,"0x0000794bd65b5000",244120,143940434778851,143940434779171
"MEMORY_ALLOCATION","MEMORY_ALLOCATION_FREE","",0,"0x0000794bd65b6000",244122,143940434782661,143940434782961
"MEMORY_ALLOCATION","MEMORY_ALLOCATION_FREE","",0,"0x0000794bd65b7000",244124,143940434787141,143940434787711
"MEMORY_ALLOCATION","MEMORY_ALLOCATION_FREE","",0,"0x0000794ac8400000",244126,143940434791431,143940434920133
"MEMORY_ALLOCATION","MEMORY_ALLOCATION_FREE","",0,"0x0000794bd65b8000",244128,143940434924803,143940434925223
"MEMORY_ALLOCATION","MEMORY_ALLOCATION_FREE","",0,"0x0000794bd65b9000",244130,143940434928503,143940434928793
"MEMORY_ALLOCATION","MEMORY_ALLOCATION_FREE","",0,"0x0000794bd65ba000",244132,143940434932133,143940434932423
"MEMORY_ALLOCATION","MEMORY_ALLOCATION_FREE","",0,"0x0000794bd65bb000",244134,143940434936183,143940434936563
"MEMORY_ALLOCATION","MEMORY_ALLOCATION_FREE","",0,"0x0000794ac8000000",244136,143940434940033,143940435067875
"MEMORY_ALLOCATION","MEMORY_ALLOCATION_FREE","",0,"0x0000794bd65bc000",244138,143940435073195,143940435073655
"MEMORY_ALLOCATION","MEMORY_ALLOCATION_FREE","",0,"0x0000794bd65bd000",244140,143940435076935,143940435077315
"MEMORY_ALLOCATION","MEMORY_ALLOCATION_FREE","",0,"0x0000794bd65be000",244142,143940435080495,143940435080785
"MEMORY_ALLOCATION","MEMORY_ALLOCATION_FREE","",0,"0x0000794bd65bf000",244144,143940435084345,143940435085345
"MEMORY_ALLOCATION","MEMORY_ALLOCATION_FREE","",0,"0x0000794bd65c0000",244146,143940435089075,143940435089385
"MEMORY_ALLOCATION","MEMORY_ALLOCATION_FREE","",0,"0x0000794ac7c00000",244148,143940435093175,143940435226117
"MEMORY_ALLOCATION","MEMORY_ALLOCATION_FREE","",0,"0x0000794bd65c1000",244150,143940435231347,143940435231967
"MEMORY_ALLOCATION","MEMORY_ALLOCATION_FREE","",0,"0x0000794bd65c2000",244152,143940435235737,143940435236027
"MEMORY_ALLOCATION","MEMORY_ALLOCATION_FREE","",0,"0x0000794bd65c3000",244154,143940435239428,143940435239968
"MEMORY_ALLOCATION","MEMORY_ALLOCATION_FREE","",0,"0x0000794bd65c4000",244156,143940435243398,143940435243728
"MEMORY_ALLOCATION","MEMORY_ALLOCATION_FREE","",0,"0x0000794ac7800000",244158,143940435247278,143940435375790
"MEMORY_ALLOCATION","MEMORY_ALLOCATION_FREE","",0,"0x0000794bd65c5000",244160,143940435380570,143940435381110
"MEMORY_ALLOCATION","MEMORY_ALLOCATION_FREE","",0,"0x0000794bd65c6000",244162,143940435385280,143940435385550
"MEMORY_ALLOCATION","MEMORY_ALLOCATION_FREE","",0,"0x0000794bd65c7000",244164,143940435389740,143940435390280
"MEMORY_ALLOCATION","MEMORY_ALLOCATION_FREE","",0,"0x0000794bd65c8000",244166,143940435393420,143940435393800
"MEMORY_ALLOCATION","MEMORY_ALLOCATION_FREE","",0,"0x0000794bd65c9000",244168,143940435397280,143940435397730
"MEMORY_ALLOCATION","MEMORY_ALLOCATION_FREE","",0,"0x0000794ac7000000",244170,143940435401480,143940435454301
"MEMORY_ALLOCATION","MEMORY_ALLOCATION_FREE","",0,"0x0000794bd65ca000",244172,143940435458491,143940435458951
"MEMORY_ALLOCATION","MEMORY_ALLOCATION_FREE","",0,"0x0000794bd65cb000",244174,143940435462731,143940435463151
"MEMORY_ALLOCATION","MEMORY_ALLOCATION_FREE","",0,"0x0000794bd65cc000",244176,143940435466411,143940435466711
"MEMORY_ALLOCATION","MEMORY_ALLOCATION_FREE","",0,"0x0000794bd65cd000",244178,143940435470591,143940435471071
"MEMORY_ALLOCATION","MEMORY_ALLOCATION_FREE","",0,"0x0000794ac6800000",244180,143940435474621,143940435521612
"MEMORY_ALLOCATION","MEMORY_ALLOCATION_FREE","",0,"0x0000794bd65ce000",244182,143940435525262,143940435525652
"MEMORY_ALLOCATION","MEMORY_ALLOCATION_FREE","",0,"0x0000794bd65cf000",244184,143940435529112,143940435529662
"MEMORY_ALLOCATION","MEMORY_ALLOCATION_FREE","",0,"0x0000794bd65d0000",244186,143940435533232,143940435533542
"MEMORY_ALLOCATION","MEMORY_ALLOCATION_FREE","",0,"0x0000794bd65d1000",244188,143940435537322,143940435537642
"MEMORY_ALLOCATION","MEMORY_ALLOCATION_FREE","",0,"0x0000794ac6000000",244190,143940435541372,143940435587283
"MEMORY_ALLOCATION","MEMORY_ALLOCATION_FREE","",0,"0x0000794bd65d2000",244192,143940435591443,143940435591803
"MEMORY_ALLOCATION","MEMORY_ALLOCATION_FREE","",0,"0x0000794bd65d3000",244194,143940435595093,143940435595493
"MEMORY_ALLOCATION","MEMORY_ALLOCATION_FREE","",0,"0x0000794bd65d4000",244196,143940435598803,143940435599103
"MEMORY_ALLOCATION","MEMORY_ALLOCATION_FREE","",0,"0x0000794bd65d5000",244198,143940435602353,143940435602663
"MEMORY_ALLOCATION","MEMORY_ALLOCATION_FREE","",0,"0x0000794bd65d6000",244200,143940435605843,143940435606113
"MEMORY_ALLOCATION","MEMORY_ALLOCATION_FREE","",0,"0x0000794bd65d7000",244202,143940435609793,143940435610253
"MEMORY_ALLOCATION","MEMORY_ALLOCATION_FREE","",0,"0x0000794bd65d8000",244204,143940435613353,143940435613643
"MEMORY_ALLOCATION","MEMORY_ALLOCATION_FREE","",0,"0x0000794bd65d9000",244206,143940435617113,143940435617423
"MEMORY_ALLOCATION","MEMORY_ALLOCATION_FREE","",0,"0x0000794ac5c00000",244208,143940435620773,143940435751155
"MEMORY_ALLOCATION","MEMORY_ALLOCATION_FREE","",0,"0x0000794bd65da000",244210,143940435755745,143940435756305
"MEMORY_ALLOCATION","MEMORY_ALLOCATION_FREE","",0,"0x0000794bd65db000",244212,143940435759976,143940435760316
"MEMORY_ALLOCATION","MEMORY_ALLOCATION_FREE","",0,"0x0000794bd65dc000",244214,143940435763366,143940435763686
"MEMORY_ALLOCATION","MEMORY_ALLOCATION_FREE","",0,"0x0000794bd65dd000",244216,143940435766956,143940435767256
"MEMORY_ALLOCATION","MEMORY_ALLOCATION_FREE","",0,"0x0000794ac5800000",244218,143940435770686,143940435904278
"MEMORY_ALLOCATION","MEMORY_ALLOCATION_FREE","",0,"0x0000794bd65de000",244220,143940435910888,143940435911628
"MEMORY_ALLOCATION","MEMORY_ALLOCATION_FREE","",0,"0x0000794bd65df000",244222,143940435916358,143940435917148
"MEMORY_ALLOCATION","MEMORY_ALLOCATION_FREE","",0,"0x0000794bd65e0000",244224,143940435921568,143940435921948
"MEMORY_ALLOCATION","MEMORY_ALLOCATION_FREE","",0,"0x0000794bd65e1000",244226,143940435926278,143940435926758
"MEMORY_ALLOCATION","MEMORY_ALLOCATION_FREE","",0,"0x0000794bd65e2000",244228,143940435931068,143940435931438
"MEMORY_ALLOCATION","MEMORY_ALLOCATION_FREE","",0,"0x0000794ac5400000",244230,143940435936048,143940436075860
"MEMORY_ALLOCATION","MEMORY_ALLOCATION_FREE","",0,"0x0000794bd65e3000",244232,143940436082550,143940436083350
"MEMORY_ALLOCATION","MEMORY_ALLOCATION_FREE","",0,"0x0000794bd65e4000",244234,143940436088361,143940436088881
"MEMORY_ALLOCATION","MEMORY_ALLOCATION_FREE","",0,"0x0000794bd65e5000",244236,143940436093961,143940436094461
"MEMORY_ALLOCATION","MEMORY_ALLOCATION_FREE","",0,"0x0000794bd65e6000",244238,143940436099251,143940436099651
"MEMORY_ALLOCATION","MEMORY_ALLOCATION_FREE","",0,"0x0000794ac5000000",244240,143940436105251,143940436244633
"MEMORY_ALLOCATION","MEMORY_ALLOCATION_FREE","",0,"0x0000794bd65e7000",244242,143940436251503,143940436252473
"MEMORY_ALLOCATION","MEMORY_ALLOCATION_FREE","",0,"0x0000794bd65e8000",244244,143940436257233,143940436257643
"MEMORY_ALLOCATION","MEMORY_ALLOCATION_FREE","",0,"0x0000794bd65e9000",244246,143940436262463,143940436262983
"MEMORY_ALLOCATION","MEMORY_ALLOCATION_FREE","",0,"0x0000794bd65ea000",244248,143940436267563,143940436267943
"MEMORY_ALLOCATION","MEMORY_ALLOCATION_FREE","",0,"0x0000794bd65eb000",244250,143940436273393,143940436273993
"MEMORY_ALLOCATION","MEMORY_ALLOCATION_FREE","",0,"0x0000794ac4800000",244252,143940436278623,143940436330854
"MEMORY_ALLOCATION","MEMORY_ALLOCATION_FREE","",0,"0x0000794bd65ec000",244254,143940436335944,143940436336564
"MEMORY_ALLOCATION","MEMORY_ALLOCATION_FREE","",0,"0x0000794bd65ed000",244256,143940436341364,143940436341784
"MEMORY_ALLOCATION","MEMORY_ALLOCATION_FREE","",0,"0x0000794bd65ee000",244258,143940436346814,143940436347404
"MEMORY_ALLOCATION","MEMORY_ALLOCATION_FREE","",0,"0x0000794bd65ef000",244260,143940436352945,143940436353575
"MEMORY_ALLOCATION","MEMORY_ALLOCATION_FREE","",0,"0x0000794ac4000000",244262,143940436358865,143940436413135
"MEMORY_ALLOCATION","MEMORY_ALLOCATION_FREE","",0,"0x0000794bd65f0000",244264,143940436419026,143940436419516
"MEMORY_ALLOCATION","MEMORY_ALLOCATION_FREE","",0,"0x0000794bd65f1000",244266,143940436425226,143940436425766
"MEMORY_ALLOCATION","MEMORY_ALLOCATION_FREE","",0,"0x0000794bd65f2000",244268,143940436430576,143940436431076
"MEMORY_ALLOCATION","MEMORY_ALLOCATION_FREE","",0,"0x0000794bd65f3000",244270,143940436436056,143940436436576
"MEMORY_ALLOCATION","MEMORY_ALLOCATION_FREE","",0,"0x0000794ac3800000",244272,143940436441486,143940436493857
"MEMORY_ALLOCATION","MEMORY_ALLOCATION_FREE","",0,"0x0000794bd65f4000",244274,143940436499017,143940436499577
"MEMORY_ALLOCATION","MEMORY_ALLOCATION_FREE","",0,"0x0000794bd65f5000",244276,143940436503167,143940436503507
"MEMORY_ALLOCATION","MEMORY_ALLOCATION_FREE","",0,"0x0000794bd65f6000",244278,143940436507247,143940436507537
"MEMORY_ALLOCATION","MEMORY_ALLOCATION_FREE","",0,"0x0000794bd65f7000",244280,143940436510927,143940436511357
"MEMORY_ALLOCATION","MEMORY_ALLOCATION_FREE","",0,"0x0000794bd65f8000",244282,143940436514967,143940436515287
"MEMORY_ALLOCATION","MEMORY_ALLOCATION_FREE","",0,"0x0000794bd65f9000",244284,143940436518597,143940436518917
"MEMORY_ALLOCATION","MEMORY_ALLOCATION_FREE","",0,"0x0000794bd65fa000",244286,143940436521977,143940436522277
"MEMORY_ALLOCATION","MEMORY_ALLOCATION_FREE","",0,"0x0000794bd65fb000",244288,143940436525957,143940436526377
"MEMORY_ALLOCATION","MEMORY_ALLOCATION_FREE","",0,"0x0000794ac3400000",244290,143940436530447,143940436667209
"MEMORY_ALLOCATION","MEMORY_ALLOCATION_FREE","",0,"0x0000794bd65fc000",244292,143940436672229,143940436672719
"MEMORY_ALLOCATION","MEMORY_ALLOCATION_FREE","",0,"0x0000794bd65fd000",244294,143940436676059,143940436676359
"MEMORY_ALLOCATION","MEMORY_ALLOCATION_FREE","",0,"0x0000794bd65fe000",244296,143940436679590,143940436679880
"MEMORY_ALLOCATION","MEMORY_ALLOCATION_FREE","",0,"0x0000794bd65ff000",244298,143940436683390,143940436812042
"MEMORY_ALLOCATION","MEMORY_ALLOCATION_FREE","",0,"0x0000794ac3000000",244300,143940436816812,143940436945024
"MEMORY_ALLOCATION","MEMORY_ALLOCATION_FREE","",0,"0x0000794bd5180000",244302,143940437151337,143940437152607
"MEMORY_ALLOCATION","MEMORY_ALLOCATION_FREE","",0,"0x0000794bd5181000",244304,143940437156657,143940437157177
"MEMORY_ALLOCATION","MEMORY_ALLOCATION_FREE","",0,"0x0000794bd5182000",244306,143940437161887,143940437162637
"MEMORY_ALLOCATION","MEMORY_ALLOCATION_FREE","",0,"0x0000794bd5183000",244308,143940437166707,143940437167267
"MEMORY_ALLOCATION","MEMORY_ALLOCATION_FREE","",0,"0x0000794bd5184000",244310,143940437171167,143940437171547
"MEMORY_ALLOCATION","MEMORY_ALLOCATION_FREE","",0,"0x0000794ac2c00000",244312,143940437175127,143940437308789
"MEMORY_ALLOCATION","MEMORY_ALLOCATION_FREE","",0,"0x0000794bd5185000",244314,143940437313839,143940437314389
"MEMORY_ALLOCATION","MEMORY_ALLOCATION_FREE","",0,"0x0000794bd5186000",244316,143940437318279,143940437318689
"MEMORY_ALLOCATION","MEMORY_ALLOCATION_FREE","",0,"0x0000794bd5187000",244318,143940437321879,143940437322289
"MEMORY_ALLOCATION","MEMORY_ALLOCATION_FREE","",0,"0x0000794bd5188000",244320,143940437326409,143940437326759
"MEMORY_ALLOCATION","MEMORY_ALLOCATION_FREE","",0,"0x0000794ac2800000",244322,143940437330289,143940437459211
"MEMORY_ALLOCATION","MEMORY_ALLOCATION_FREE","",0,"0x0000794bd5189000",244324,143940437463491,143940437463901
"MEMORY_ALLOCATION","MEMORY_ALLOCATION_FREE","",0,"0x0000794bd518a000",244326,143940437467371,143940437467711
"MEMORY_ALLOCATION","MEMORY_ALLOCATION_FREE","",0,"0x0000794bd518b000",244328,143940437471402,143940437471812
"MEMORY_ALLOCATION","MEMORY_ALLOCATION_FREE","",0,"0x0000794bd518c000",244330,143940437475152,143940437475452
"MEMORY_ALLOCATION","MEMORY_ALLOCATION_FREE","",0,"0x0000794bd518d000",244332,143940437479022,143940437479332
"MEMORY_ALLOCATION","MEMORY_ALLOCATION_FREE","",0,"0x0000794ac2000000",244334,143940437483102,143940437531352
"MEMORY_ALLOCATION","MEMORY_ALLOCATION_FREE","",0,"0x0000794bd518e000",244336,143940437535473,143940437535903
"MEMORY_ALLOCATION","MEMORY_ALLOCATION_FREE","",0,"0x0000794bd518f000",244338,143940437539173,143940437539723
"MEMORY_ALLOCATION","MEMORY_ALLOCATION_FREE","",0,"0x0000794bd5190000",244340,143940437543223,143940437543573
"MEMORY_ALLOCATION","MEMORY_ALLOCATION_FREE","",0,"0x0000794bd5191000",244342,143940437546943,143940437547263
"MEMORY_ALLOCATION","MEMORY_ALLOCATION_FREE","",0,"0x0000794ac1800000",244344,143940437550593,143940437599643
"MEMORY_ALLOCATION","MEMORY_ALLOCATION_FREE","",0,"0x0000794bd5192000",244346,143940437604914,143940437605624
"MEMORY_ALLOCATION","MEMORY_ALLOCATION_FREE","",0,"0x0000794bd5193000",244348,143940437609194,143940437609634
"MEMORY_ALLOCATION","MEMORY_ALLOCATION_FREE","",0,"0x0000794bd5194000",244350,143940437612974,143940437613384
"MEMORY_ALLOCATION","MEMORY_ALLOCATION_FREE","",0,"0x0000794bd5195000",244352,143940437617094,143940437617404
"MEMORY_ALLOCATION","MEMORY_ALLOCATION_FREE","",0,"0x0000794ac1000000",244354,143940437620914,143940437671075
"MEMORY_ALLOCATION","MEMORY_ALLOCATION_FREE","",0,"0x0000794bd5196000",244356,143940437675415,143940437675905
"MEMORY_ALLOCATION","MEMORY_ALLOCATION_FREE","",0,"0x0000794bd5197000",244358,143940437678995,143940437679375
"MEMORY_ALLOCATION","MEMORY_ALLOCATION_FREE","",0,"0x0000794bd5198000",244360,143940437682675,143940437683075
"MEMORY_ALLOCATION","MEMORY_ALLOCATION_FREE","",0,"0x0000794bd5199000",244362,143940437686535,143940437686855
"MEMORY_ALLOCATION","MEMORY_ALLOCATION_FREE","",0,"0x0000794bd519a000",244364,143940437690515,143940437691055
"MEMORY_ALLOCATION","MEMORY_ALLOCATION_FREE","",0,"0x0000794bd519b000",244366,143940437694135,143940437694555
"MEMORY_ALLOCATION","MEMORY_ALLOCATION_FREE","",0,"0x0000794bd519c000",244368,143940437697755,143940437698085
"MEMORY_ALLOCATION","MEMORY_ALLOCATION_FREE","",0,"0x0000794bd519d000",244370,143940437701665,143940437702025
"MEMORY_ALLOCATION","MEMORY_ALLOCATION_FREE","",0,"0x0000794ac0c00000",244372,143940437705495,143940437834717
"MEMORY_ALLOCATION","MEMORY_ALLOCATION_FREE","",0,"0x0000794bd519e000",244374,143940437839777,143940437840617
"MEMORY_ALLOCATION","MEMORY_ALLOCATION_FREE","",0,"0x0000794bd519f000",244376,143940437844167,143940437844657
"MEMORY_ALLOCATION","MEMORY_ALLOCATION_FREE","",0,"0x0000794bd51a0000",244378,143940437847977,143940437848397
"MEMORY_ALLOCATION","MEMORY_ALLOCATION_FREE","",0,"0x0000794bd51a1000",244380,143940437851987,143940437852397
"MEMORY_ALLOCATION","MEMORY_ALLOCATION_FREE","",0,"0x0000794ac0800000",244382,143940437856057,143940437985779
"MEMORY_ALLOCATION","MEMORY_ALLOCATION_FREE","",0,"0x0000794bd51a2000",244384,143940437990539,143940437991149
"MEMORY_ALLOCATION","MEMORY_ALLOCATION_FREE","",0,"0x0000794bd51a3000",244386,143940437994519,143940437994909
"MEMORY_ALLOCATION","MEMORY_ALLOCATION_FREE","",0,"0x0000794bd51a4000",244388,143940437999030,143940437999380
"MEMORY_ALLOCATION","MEMORY_ALLOCATION_FREE","",0,"0x0000794bd51a5000",244390,143940438015910,143940438016270
"MEMORY_ALLOCATION","MEMORY_ALLOCATION_FREE","",0,"0x0000794bd51a6000",244392,143940438020440,143940438020840
"MEMORY_ALLOCATION","MEMORY_ALLOCATION_FREE","",0,"0x0000794ac0400000",244394,143940438024120,143940438149792
"MEMORY_ALLOCATION","MEMORY_ALLOCATION_FREE","",0,"0x0000794bd51a7000",244396,143940438154202,143940438154772
"MEMORY_ALLOCATION","MEMORY_ALLOCATION_FREE","",0,"0x0000794bd51a8000",244398,143940438158042,143940438158462
"MEMORY_ALLOCATION","MEMORY_ALLOCATION_FREE","",0,"0x0000794bd51a9000",244400,143940438161852,143940438162152
"MEMORY_ALLOCATION","MEMORY_ALLOCATION_FREE","",0,"0x0000794bd51aa000",244402,143940438165702,143940438166012
"MEMORY_ALLOCATION","MEMORY_ALLOCATION_FREE","",0,"0x0000794ac0000000",244404,143940438169652,143940438459947
"MEMORY_ALLOCATION","MEMORY_ALLOCATION_FREE","",0,"0x0000794bd51ab000",244406,143940438465017,143940438465487
"MEMORY_ALLOCATION","MEMORY_ALLOCATION_FREE","",0,"0x0000794bd51ac000",244408,143940438468767,143940438469087
"MEMORY_ALLOCATION","MEMORY_ALLOCATION_FREE","",0,"0x0000794bd51ad000",244410,143940438472907,143940438473187
"MEMORY_ALLOCATION","MEMORY_ALLOCATION_FREE","",0,"0x0000794bd51ae000",244412,143940438476537,143940438476807
"MEMORY_ALLOCATION","MEMORY_ALLOCATION_FREE","",0,"0x0000794bd51af000",244414,143940438480467,143940438480997
"MEMORY_ALLOCATION","MEMORY_ALLOCATION_FREE","",0,"0x0000794abf800000",244416,143940438484587,143940438532418
"MEMORY_ALLOCATION","MEMORY_ALLOCATION_FREE","",0,"0x0000794bd51b0000",244418,143940438536398,143940438536728
"MEMORY_ALLOCATION","MEMORY_ALLOCATION_FREE","",0,"0x0000794bd51b1000",244420,143940438540128,143940438540558
"MEMORY_ALLOCATION","MEMORY_ALLOCATION_FREE","",0,"0x0000794bd51b2000",244422,143940438544708,143940438545268
"MEMORY_ALLOCATION","MEMORY_ALLOCATION_FREE","",0,"0x0000794bd51b3000",244424,143940438549118,143940438550218
"MEMORY_ALLOCATION","MEMORY_ALLOCATION_FREE","",0,"0x0000794abf000000",244426,143940438553868,143940438600019
"MEMORY_ALLOCATION","MEMORY_ALLOCATION_FREE","",0,"0x0000794bd51b4000",244428,143940438604059,143940438604429
"MEMORY_ALLOCATION","MEMORY_ALLOCATION_FREE","",0,"0x0000794bd51b5000",244430,143940438607999,143940438608299
"MEMORY_ALLOCATION","MEMORY_ALLOCATION_FREE","",0,"0x0000794bd51b6000",244432,143940438611849,143940438612769
"MEMORY_ALLOCATION","MEMORY_ALLOCATION_FREE","",0,"0x0000794bd51b7000",244434,143940438616609,143940438617089
"MEMORY_ALLOCATION","MEMORY_ALLOCATION_FREE","",0,"0x0000794abe800000",244436,143940438620659,143940438666510
"MEMORY_ALLOCATION","MEMORY_ALLOCATION_FREE","",0,"0x0000794bd51b8000",244438,143940438670410,143940438670870
"MEMORY_ALLOCATION","MEMORY_ALLOCATION_FREE","",0,"0x0000794bd51b9000",244440,143940438674020,143940438674320
"MEMORY_ALLOCATION","MEMORY_ALLOCATION_FREE","",0,"0x0000794bd51ba000",244442,143940438678140,143940438678700
"MEMORY_ALLOCATION","MEMORY_ALLOCATION_FREE","",0,"0x0000794bd51bb000",244444,143940438681750,143940438682120
"MEMORY_ALLOCATION","MEMORY_ALLOCATION_FREE","",0,"0x0000794bd51bc000",244446,143940438685720,143940438686100
"MEMORY_ALLOCATION","MEMORY_ALLOCATION_FREE","",0,"0x0000794bd51bd000",244448,143940438689400,143940438689760
"MEMORY_ALLOCATION","MEMORY_ALLOCATION_FREE","",0,"0x0000794bd51be000",244450,143940438693340,143940438693710
"MEMORY_ALLOCATION","MEMORY_ALLOCATION_FREE","",0,"0x0000794bd51bf000",244452,143940438697230,143940438697710
"MEMORY_ALLOCATION","MEMORY_ALLOCATION_FREE","",0,"0x0000794abe400000",244454,143940438701110,143940438845992
"MEMORY_ALLOCATION","MEMORY_ALLOCATION_FREE","",0,"0x0000794bd51c0000",244456,143940438850712,143940438851212
"MEMORY_ALLOCATION","MEMORY_ALLOCATION_FREE","",0,"0x0000794bd51c1000",244458,143940438854933,143940438855243
"MEMORY_ALLOCATION","MEMORY_ALLOCATION_FREE","",0,"0x0000794bd51c2000",244460,143940438858943,143940438859473
"MEMORY_ALLOCATION","MEMORY_ALLOCATION_FREE","",0,"0x0000794bd51c3000",244462,143940438863103,143940438863533
"MEMORY_ALLOCATION","MEMORY_ALLOCATION_FREE","",0,"0x0000794abe000000",244464,143940438866923,143940438999125
"MEMORY_ALLOCATION","MEMORY_ALLOCATION_FREE","",0,"0x0000794bd51c4000",244466,143940439017745,143940439018305
"MEMORY_ALLOCATION","MEMORY_ALLOCATION_FREE","",0,"0x0000794bd51c5000",244468,143940439021645,143940439022025
"MEMORY_ALLOCATION","MEMORY_ALLOCATION_FREE","",0,"0x0000794bd51c6000",244470,143940439025775,143940439026335
"MEMORY_ALLOCATION","MEMORY_ALLOCATION_FREE","",0,"0x0000794bd51c7000",244472,143940439030105,143940439030475
"MEMORY_ALLOCATION","MEMORY_ALLOCATION_FREE","",0,"0x0000794bd51c8000",244474,143940439034305,143940439034605
"MEMORY_ALLOCATION","MEMORY_ALLOCATION_FREE","",0,"0x0000794abdc00000",244476,143940439038575,143940439167747
"MEMORY_ALLOCATION","MEMORY_ALLOCATION_FREE","",0,"0x0000794bd51c9000",244478,143940439171987,143940439172527
"MEMORY_ALLOCATION","MEMORY_ALLOCATION_FREE","",0,"0x0000794bd51ca000",244480,143940439175917,143940439176377
"MEMORY_ALLOCATION","MEMORY_ALLOCATION_FREE","",0,"0x0000794bd51cb000",244482,143940439179637,143940439180037
"MEMORY_ALLOCATION","MEMORY_ALLOCATION_FREE","",0,"0x0000794bd51cc000",244484,143940439183528,143940439183828
"MEMORY_ALLOCATION","MEMORY_ALLOCATION_FREE","",0,"0x0000794abd800000",244486,143940439187318,143940439316550
"MEMORY_ALLOCATION","MEMORY_ALLOCATION_FREE","",0,"0x0000794bd51cd000",244488,143940439321050,143940439321450
"MEMORY_ALLOCATION","MEMORY_ALLOCATION_FREE","",0,"0x0000794bd51ce000",244490,143940439325520,143940439325870
"MEMORY_ALLOCATION","MEMORY_ALLOCATION_FREE","",0,"0x0000794bd51cf000",244492,143940439329410,143940439329770
"MEMORY_ALLOCATION","MEMORY_ALLOCATION_FREE","",0,"0x0000794bd51d0000",244494,143940439333110,143940439333510
"MEMORY_ALLOCATION","MEMORY_ALLOCATION_FREE","",0,"0x0000794bd51d1000",244496,143940439336820,143940439337100
"MEMORY_ALLOCATION","MEMORY_ALLOCATION_FREE","",0,"0x0000794abd000000",244498,143940439341130,143940439388921
"MEMORY_ALLOCATION","MEMORY_ALLOCATION_FREE","",0,"0x0000794bd51d2000",244500,143940439393401,143940439393881
"MEMORY_ALLOCATION","MEMORY_ALLOCATION_FREE","",0,"0x0000794bd51d3000",244502,143940439397041,143940439397491
"MEMORY_ALLOCATION","MEMORY_ALLOCATION_FREE","",0,"0x0000794bd51d4000",244504,143940439401351,143940439401711
"MEMORY_ALLOCATION","MEMORY_ALLOCATION_FREE","",0,"0x0000794bd51d5000",244506,143940439405271,143940439405541
"MEMORY_ALLOCATION","MEMORY_ALLOCATION_FREE","",0,"0x0000794abc800000",244508,143940439409101,143940439455292
"MEMORY_ALLOCATION","MEMORY_ALLOCATION_FREE","",0,"0x0000794bd51d6000",244510,143940439459082,143940439459472
"MEMORY_ALLOCATION","MEMORY_ALLOCATION_FREE","",0,"0x0000794bd51d7000",244512,143940439462452,143940439462922
"MEMORY_ALLOCATION","MEMORY_ALLOCATION_FREE","",0,"0x0000794bd51d8000",244514,143940439466072,143940439466372
"MEMORY_ALLOCATION","MEMORY_ALLOCATION_FREE","",0,"0x0000794bd51d9000",244516,143940439469882,143940439470672
"MEMORY_ALLOCATION","MEMORY_ALLOCATION_FREE","",0,"0x0000794abc000000",244518,143940439474132,143940439520993
"MEMORY_ALLOCATION","MEMORY_ALLOCATION_FREE","",0,"0x0000794bd51da000",244520,143940439524813,143940439525613
"MEMORY_ALLOCATION","MEMORY_ALLOCATION_FREE","",0,"0x0000794bd51db000",244522,143940439528983,143940439529303
"MEMORY_ALLOCATION","MEMORY_ALLOCATION_FREE","",0,"0x0000794bd51dc000",244524,143940439532733,143940439533073
"MEMORY_ALLOCATION","MEMORY_ALLOCATION_FREE","",0,"0x0000794bd51dd000",244526,143940439536053,143940439536343
"MEMORY_ALLOCATION","MEMORY_ALLOCATION_FREE","",0,"0x0000794bd51de000",244528,143940439539653,143940439539993
"MEMORY_ALLOCATION","MEMORY_ALLOCATION_FREE","",0,"0x0000794bd51df000",244530,143940439543303,143940439543683
"MEMORY_ALLOCATION","MEMORY_ALLOCATION_FREE","",0,"0x0000794bd51e0000",244532,143940439546633,143940439546933
"MEMORY_ALLOCATION","MEMORY_ALLOCATION_FREE","",0,"0x0000794bd51e1000",244534,143940439550273,143940439550543
"MEMORY_ALLOCATION","MEMORY_ALLOCATION_FREE","",0,"0x0000794abbc00000",244536,143940439553913,143940439680705
"MEMORY_ALLOCATION","MEMORY_ALLOCATION_FREE","",0,"0x0000794bd51e2000",244538,143940439685855,143940439686505
"MEMORY_ALLOCATION","MEMORY_ALLOCATION_FREE","",0,"0x0000794bd51e3000",244540,143940439689955,143940439690355
"MEMORY_ALLOCATION","MEMORY_ALLOCATION_FREE","",0,"0x0000794bd51e4000",244542,143940439693355,143940439693675
"MEMORY_ALLOCATION","MEMORY_ALLOCATION_FREE","",0,"0x0000794bd51e5000",244544,143940439697315,143940439697575
"MEMORY_ALLOCATION","MEMORY_ALLOCATION_FREE","",0,"0x0000794abb800000",244546,143940439701405,143940439832977
"MEMORY_ALLOCATION","MEMORY_ALLOCATION_FREE","",0,"0x0000794bd51e6000",244548,143940439837987,143940439838597
"MEMORY_ALLOCATION","MEMORY_ALLOCATION_FREE","",0,"0x0000794bd51e7000",244550,143940439841788,143940439842158
"MEMORY_ALLOCATION","MEMORY_ALLOCATION_FREE","",0,"0x0000794bd51e8000",244552,143940439845268,143940439845588
"MEMORY_ALLOCATION","MEMORY_ALLOCATION_FREE","",0,"0x0000794bd51e9000",244554,143940439848738,143940439849038
"MEMORY_ALLOCATION","MEMORY_ALLOCATION_FREE","",0,"0x0000794bd51ea000",244556,143940439852648,143940439853098
"MEMORY_ALLOCATION","MEMORY_ALLOCATION_FREE","",0,"0x0000794abb400000",244558,143940439856448,143940439980900
"MEMORY_ALLOCATION","MEMORY_ALLOCATION_FREE","",0,"0x0000794bd51eb000",244560,143940439984980,143940439985390
"MEMORY_ALLOCATION","MEMORY_ALLOCATION_FREE","",0,"0x0000794bd51ec000",244562,143940439988600,143940439988920
"MEMORY_ALLOCATION","MEMORY_ALLOCATION_FREE","",0,"0x0000794bd51ed000",244564,143940439992010,143940439992290
"MEMORY_ALLOCATION","MEMORY_ALLOCATION_FREE","",0,"0x0000794bd51ee000",244566,143940439995880,143940439996180
"MEMORY_ALLOCATION","MEMORY_ALLOCATION_FREE","",0,"0x0000794abb000000",244568,143940439999670,143940440185293
"MEMORY_ALLOCATION","MEMORY_ALLOCATION_FREE","",0,"0x0000794bd51ef000",244570,143940440190833,143940440191423
"MEMORY_ALLOCATION","MEMORY_ALLOCATION_FREE","",0,"0x0000794bd51f0000",244572,143940440194853,143940440195173
"MEMORY_ALLOCATION","MEMORY_ALLOCATION_FREE","",0,"0x0000794bd51f1000",244574,143940440198593,143940440199003
"MEMORY_ALLOCATION","MEMORY_ALLOCATION_FREE","",0,"0x0000794bd51f2000",244576,143940440201993,143940440202333
"MEMORY_ALLOCATION","MEMORY_ALLOCATION_FREE","",0,"0x0000794bd51f3000",244578,143940440205763,143940440206213
"MEMORY_ALLOCATION","MEMORY_ALLOCATION_FREE","",0,"0x0000794aba800000",244580,143940440210103,143940440259384
"MEMORY_ALLOCATION","MEMORY_ALLOCATION_FREE","",0,"0x0000794bd51f4000",244582,143940440263244,143940440263624
"MEMORY_ALLOCATION","MEMORY_ALLOCATION_FREE","",0,"0x0000794bd51f5000",244584,143940440267144,143940440267444
"MEMORY_ALLOCATION","MEMORY_ALLOCATION_FREE","",0,"0x0000794bd51f6000",244586,143940440270884,143940440271194
"MEMORY_ALLOCATION","MEMORY_ALLOCATION_FREE","",0,"0x0000794bd51f7000",244588,143940440275014,143940440275344
"MEMORY_ALLOCATION","MEMORY_ALLOCATION_FREE","",0,"0x0000794aba000000",244590,143940440278594,143940440325445
"MEMORY_ALLOCATION","MEMORY_ALLOCATION_FREE","",0,"0x0000794bd51f8000",244592,143940440329685,143940440330085
"MEMORY_ALLOCATION","MEMORY_ALLOCATION_FREE","",0,"0x0000794bd51f9000",244594,143940440333435,143940440333755
"MEMORY_ALLOCATION","MEMORY_ALLOCATION_FREE","",0,"0x0000794bd51fa000",244596,143940440336975,143940440337285
"MEMORY_ALLOCATION","MEMORY_ALLOCATION_FREE","",0,"0x0000794bd51fb000",244598,143940440340915,143940440341245
"MEMORY_ALLOCATION","MEMORY_ALLOCATION_FREE","",0,"0x0000794ab9800000",244600,143940440344745,143940440390306
"MEMORY_ALLOCATION","MEMORY_ALLOCATION_FREE","",0,"0x0000794bd51fc000",244602,143940440394626,143940440395016
"MEMORY_ALLOCATION","MEMORY_ALLOCATION_FREE","",0,"0x0000794bd51fd000",244604,143940440398476,143940440398786
"MEMORY_ALLOCATION","MEMORY_ALLOCATION_FREE","",0,"0x0000794bd51fe000",244606,143940440401916,143940440402216
"MEMORY_ALLOCATION","MEMORY_ALLOCATION_FREE","",0,"0x0000794bd51ff000",244608,143940440405316,143940440533598
"MEMORY_ALLOCATION","MEMORY_ALLOCATION_FREE","",0,"0x0000794bd1180000",244610,143940440538538,143940440539678
"MEMORY_ALLOCATION","MEMORY_ALLOCATION_FREE","",0,"0x0000794bd1181000",244612,143940440543328,143940440543818
"MEMORY_ALLOCATION","MEMORY_ALLOCATION_FREE","",0,"0x0000794bd1182000",244614,143940440547538,143940440547928
"MEMORY_ALLOCATION","MEMORY_ALLOCATION_FREE","",0,"0x0000794bd1183000",244616,143940440551298,143940440551678
"MEMORY_ALLOCATION","MEMORY_ALLOCATION_FREE","",0,"0x0000794ab9400000",244618,143940440555858,143940440683590
"MEMORY_ALLOCATION","MEMORY_ALLOCATION_FREE","",0,"0x0000794bd1184000",244620,143940440687980,143940440688510
"MEMORY_ALLOCATION","MEMORY_ALLOCATION_FREE","",0,"0x0000794bd1185000",244622,143940440691800,143940440692180
"MEMORY_ALLOCATION","MEMORY_ALLOCATION_FREE","",0,"0x0000794bd1186000",244624,143940440695940,143940440696280
"MEMORY_ALLOCATION","MEMORY_ALLOCATION_FREE","",0,"0x0000794bd1187000",244626,143940440699961,143940440700541
"MEMORY_ALLOCATION","MEMORY_ALLOCATION_FREE","",0,"0x0000794ab9000000",244628,143940440703941,143940440834223
"MEMORY_ALLOCATION","MEMORY_ALLOCATION_FREE","",0,"0x0000794bd1188000",244630,143940440838813,143940440839283
"MEMORY_ALLOCATION","MEMORY_ALLOCATION_FREE","",0,"0x0000794bd1189000",244632,143940440842783,143940440843823
"MEMORY_ALLOCATION","MEMORY_ALLOCATION_FREE","",0,"0x0000794bd118a000",244634,143940440847523,143940440847843
"MEMORY_ALLOCATION","MEMORY_ALLOCATION_FREE","",0,"0x0000794bd118b000",244636,143940440851803,143940440852223
"MEMORY_ALLOCATION","MEMORY_ALLOCATION_FREE","",0,"0x0000794bd118c000",244638,143940440856003,143940440856353
"MEMORY_ALLOCATION","MEMORY_ALLOCATION_FREE","",0,"0x0000794ab8c00000",244640,143940440860233,143940440988365
"MEMORY_ALLOCATION","MEMORY_ALLOCATION_FREE","",0,"0x0000794bd118d000",244642,143940440993615,143940440994315
"MEMORY_ALLOCATION","MEMORY_ALLOCATION_FREE","",0,"0x0000794bd118e000",244644,143940440997795,143940440998245
"MEMORY_ALLOCATION","MEMORY_ALLOCATION_FREE","",0,"0x0000794bd118f000",244646,143940441016745,143940441017195
"MEMORY_ALLOCATION","MEMORY_ALLOCATION_FREE","",0,"0x0000794bd1190000",244648,143940441020615,143940441020885
"MEMORY_ALLOCATION","MEMORY_ALLOCATION_FREE","",0,"0x0000794ab8800000",244650,143940441024755,143940441151947
"MEMORY_ALLOCATION","MEMORY_ALLOCATION_FREE","",0,"0x0000794bd1191000",244652,143940441296890,143940441297620
"MEMORY_ALLOCATION","MEMORY_ALLOCATION_FREE","",0,"0x0000794bd1192000",244654,143940441301160,143940441301440
"MEMORY_ALLOCATION","MEMORY_ALLOCATION_FREE","",0,"0x0000794ab8400000",244656,143940441305210,143940441433292
"MEMORY_ALLOCATION","MEMORY_ALLOCATION_FREE","",0,"0x0000794ab6400000",244658,143940441438062,143940441485672
"MEMORY_ALLOCATION","MEMORY_ALLOCATION_FREE","",0,"0x0000000000000000",244660,143940441503083,143940441503133
"MEMORY_ALLOCATION","MEMORY_ALLOCATION_FREE","",0,"0x0000794d66c00000",244660,143940441513913,143940442117322
"MEMORY_ALLOCATION","MEMORY_ALLOCATION_FREE","",0,"0x0000794d66600000",244660,143940442121402,143940442737441
"MEMORY_ALLOCATION","MEMORY_ALLOCATION_FREE","",0,"0x0000794bd11dd000",244662,143940442766622,143940442768342
"MEMORY_ALLOCATION","MEMORY_ALLOCATION_FREE","",0,"0x0000794a55400000",244664,143940442774052,143940442918124
"MEMORY_ALLOCATION","MEMORY_ALLOCATION_FREE","",0,"0x0000794bd11ad000",244666,143940442923674,143940442924764
"MEMORY_ALLOCATION","MEMORY_ALLOCATION_FREE","",0,"0x0000794bd11ab000",244668,143940442928864,143940442929304
"MEMORY_ALLOCATION","MEMORY_ALLOCATION_FREE","",0,"0x0000794bd11ac000",244670,143940442933074,143940442933714
"MEMORY_ALLOCATION","MEMORY_ALLOCATION_FREE","",0,"0x0000794bd11cd000",244672,143940442937664,143940442938255
"MEMORY_ALLOCATION","MEMORY_ALLOCATION_FREE","",0,"0x0000794bd11bf000",244674,143940442942935,143940442943655
"MEMORY_ALLOCATION","MEMORY_ALLOCATION_FREE","",0,"0x0000794bcfd80000",244676,143940442946985,143940443078607
"MEMORY_ALLOCATION","MEMORY_ALLOCATION_FREE","",0,"0x0000794bcbd80000",244678,143940443083617,143940443207099
"MEMORY_ALLOCATION","MEMORY_ALLOCATION_FREE","",0,"0x0000794bd1193000",244680,143940443211379,143940443212019
"MEMORY_ALLOCATION","MEMORY_ALLOCATION_FREE","",0,"0x0000794bd1194000",244682,143940443215359,143940443215699
"MEMORY_ALLOCATION","MEMORY_ALLOCATION_FREE","",0,"0x0000794bca980000",244684,143940443219229,143940444507158
"MEMORY_ALLOCATION","MEMORY_ALLOCATION_FREE","",0,"0x0000794bc6980000",244686,143940444513548,143940444639950
"MEMORY_ALLOCATION","MEMORY_ALLOCATION_FREE","",0,"0x0000794bd1195000",244688,143940444644910,143940444645550
"MEMORY_ALLOCATION","MEMORY_ALLOCATION_FREE","",0,"0x0000794bd1196000",244690,143940444648860,143940444649170
"MEMORY_ALLOCATION","MEMORY_ALLOCATION_FREE","",0,"0x0000794bc5580000",244692,143940444652771,143940444778312
"MEMORY_ALLOCATION","MEMORY_ALLOCATION_FREE","",0,"0x0000794bc1180000",244694,143940444783493,143940444899314
"MEMORY_ALLOCATION","MEMORY_ALLOCATION_FREE","",0,"0x0000794bd1197000",244696,143940444904334,143940444905174
"MEMORY_ALLOCATION","MEMORY_ALLOCATION_FREE","",0,"0x0000794bd1198000",244698,143940444908384,143940444908704
"MEMORY_ALLOCATION","MEMORY_ALLOCATION_FREE","",0,"0x0000794bbf180000",244700,143940444912194,143940445043936
"MEMORY_ALLOCATION","MEMORY_ALLOCATION_FREE","",0,"0x0000794bc1580000",244702,143940445049017,143940445170748
"MEMORY_ALLOCATION","MEMORY_ALLOCATION_FREE","",0,"0x0000794bd1199000",244704,143940445175898,143940445176508
"MEMORY_ALLOCATION","MEMORY_ALLOCATION_FREE","",0,"0x0000794bd119a000",244706,143940445179849,143940445180199
"MEMORY_ALLOCATION","MEMORY_ALLOCATION_FREE","",0,"0x0000794aa6200000",244708,143940445184009,143940445230149
"MEMORY_ALLOCATION","MEMORY_ALLOCATION_FREE","",0,"0x0000794a96000000",244710,143940445233919,143940445279400
"MEMORY_ALLOCATION","MEMORY_ALLOCATION_FREE","",0,"0x0000794bb7b80000",244712,143940445283170,143940445400982
"MEMORY_ALLOCATION","MEMORY_ALLOCATION_FREE","",0,"0x0000794bb6780000",244714,143940445405592,143940445525264
"MEMORY_ALLOCATION","MEMORY_ALLOCATION_FREE","",0,"0x0000794baf180000",244716,143940445532284,143940445668696
"MEMORY_ALLOCATION","MEMORY_ALLOCATION_FREE","",0,"0x0000794bd119b000",244718,143940445675246,143940445676216
"MEMORY_ALLOCATION","MEMORY_ALLOCATION_FREE","",0,"0x0000794bd119c000",244720,143940445681106,143940445681476
"MEMORY_ALLOCATION","MEMORY_ALLOCATION_FREE","",0,"0x0000794badd80000",244722,143940445686346,143940445813998
"MEMORY_ALLOCATION","MEMORY_ALLOCATION_FREE","",0,"0x0000794ba6780000",244724,143940445820208,143940445951580
"MEMORY_ALLOCATION","MEMORY_ALLOCATION_FREE","",0,"0x0000794bd119d000",244726,143940445958090,143940445958850
"MEMORY_ALLOCATION","MEMORY_ALLOCATION_FREE","",0,"0x0000794bd119e000",244728,143940445964030,143940445964530
"MEMORY_ALLOCATION","MEMORY_ALLOCATION_FREE","",0,"0x0000794ba5380000",244730,143940445969441,143940446113583
"MEMORY_ALLOCATION","MEMORY_ALLOCATION_FREE","",0,"0x0000794b9dd80000",244732,143940446119873,143940446240645
"MEMORY_ALLOCATION","MEMORY_ALLOCATION_FREE","",0,"0x0000794bd119f000",244734,143940446246235,143940446246905
"MEMORY_ALLOCATION","MEMORY_ALLOCATION_FREE","",0,"0x0000794bd11a0000",244736,143940446250285,143940446250575
"MEMORY_ALLOCATION","MEMORY_ALLOCATION_FREE","",0,"0x0000794b9c980000",244738,143940446254065,143940446369957
"MEMORY_ALLOCATION","MEMORY_ALLOCATION_FREE","",0,"0x0000794b94f80000",244740,143940446374267,143940446497019
"MEMORY_ALLOCATION","MEMORY_ALLOCATION_FREE","",0,"0x0000794bd11a1000",244742,143940446501489,143940446502059
"MEMORY_ALLOCATION","MEMORY_ALLOCATION_FREE","",0,"0x0000794bd11a2000",244744,143940446505379,143940446505649
"MEMORY_ALLOCATION","MEMORY_ALLOCATION_FREE","",0,"0x0000794a85e00000",244746,143940446509719,143940446556279
"MEMORY_ALLOCATION","MEMORY_ALLOCATION_FREE","",0,"0x0000794a75c00000",244748,143940446560019,143940446604910
"MEMORY_ALLOCATION","MEMORY_ALLOCATION_FREE","",0,"0x0000794b92f80000",244750,143940446608610,143940446749112
"MEMORY_ALLOCATION","MEMORY_ALLOCATION_FREE","",0,"0x0000794b95380000",244752,143940446753442,143940446872884
"MEMORY_ALLOCATION","MEMORY_ALLOCATION_FREE","",0,"0x0000794b8ef80000",244754,143940446877294,143940447012536
"MEMORY_ALLOCATION","MEMORY_ALLOCATION_FREE","",0,"0x0000794bd11a3000",244756,143940447019926,143940447020816
"MEMORY_ALLOCATION","MEMORY_ALLOCATION_FREE","",0,"0x0000794bd11a4000",244758,143940447026007,143940447026497
"MEMORY_ALLOCATION","MEMORY_ALLOCATION_FREE","",0,"0x0000794b8db80000",244760,143940447031347,143940447168259
"MEMORY_ALLOCATION","MEMORY_ALLOCATION_FREE","",0,"0x0000794b85f80000",244762,143940447174989,143940447307131
"MEMORY_ALLOCATION","MEMORY_ALLOCATION_FREE","",0,"0x0000794bd11a5000",244764,143940447313671,143940447314531
"MEMORY_ALLOCATION","MEMORY_ALLOCATION_FREE","",0,"0x0000794bd11a6000",244766,143940447319551,143940447320021
"MEMORY_ALLOCATION","MEMORY_ALLOCATION_FREE","",0,"0x0000794b84b80000",244768,143940447324911,143940447454883
"MEMORY_ALLOCATION","MEMORY_ALLOCATION_FREE","",0,"0x0000794b7d580000",244770,143940447460993,143940447589265
"MEMORY_ALLOCATION","MEMORY_ALLOCATION_FREE","",0,"0x0000794bd11a7000",244772,143940447595495,143940447596285
"MEMORY_ALLOCATION","MEMORY_ALLOCATION_FREE","",0,"0x0000794bd11a8000",244774,143940447599475,143940447599845
"MEMORY_ALLOCATION","MEMORY_ALLOCATION_FREE","",0,"0x0000794b7c180000",244776,143940447602955,143940447743477
"MEMORY_ALLOCATION","MEMORY_ALLOCATION_FREE","",0,"0x0000794b74b80000",244778,143940447748027,143940447866449
"MEMORY_ALLOCATION","MEMORY_ALLOCATION_FREE","",0,"0x0000794bd11a9000",244780,143940447870699,143940447871199
"MEMORY_ALLOCATION","MEMORY_ALLOCATION_FREE","",0,"0x0000794bd11aa000",244782,143940447874789,143940447994541
"MEMORY_ALLOCATION","MEMORY_ALLOCATION_FREE","",0,"0x0000794a65a00000",244784,143940447998821,143940448095033
"MEMORY_ALLOCATION","MEMORY_ALLOCATION_FREE","",0,"0x0000794a55800000",244786,143940448099413,143940448146654
"MEMORY_ALLOCATION","MEMORY_ALLOCATION_FREE","",0,"0x0000794b73780000",244788,143940448150384,143940448231065
