condition_id,utc_started,utc_ended,marker,edge_c,hotspot_c,mem_c,socket_power_w,gfx_clock_mhz,mem_clock_mhz,throttle_status,gfx_activity_pct,umc_activity_pct
ullm-sq8_0-f32-kv-p128,2026-07-26T19:12:40.778+09:00,2026-07-26T19:12:41.019+09:00,poller-start,38,38,36,11,41,96,UNTHROTTLED,3,0
ullm-sq8_0-f32-kv-p128,2026-07-26T19:12:41.021+09:00,2026-07-26T19:12:41.211+09:00,immediately-before-process,37,38,36,17,41,96,UNTHROTTLED,3,0
ullm-sq8_0-f32-kv-p128,2026-07-26T19:12:41.020+09:00,2026-07-26T19:12:41.211+09:00,,37,38,36,17,41,96,UNTHROTTLED,3,0
ullm-sq8_0-f32-kv-p128,2026-07-26T19:12:42.212+09:00,2026-07-26T19:12:42.427+09:00,,37,38,36,13,41,96,UNTHROTTLED,3,0
ullm-sq8_0-f32-kv-p128,2026-07-26T19:12:43.427+09:00,2026-07-26T19:12:43.624+09:00,,37,38,36,12,132,96,UNTHROTTLED,3,0
ullm-sq8_0-f32-kv-p128,2026-07-26T19:12:44.627+09:00,2026-07-26T19:12:44.853+09:00,,37,38,36,11,41,96,UNTHROTTLED,3,0
ullm-sq8_0-f32-kv-p128,2026-07-26T19:12:45.854+09:00,2026-07-26T19:12:46.032+09:00,,37,38,36,14,1194,96,UNTHROTTLED,11,0
ullm-sq8_0-f32-kv-p128,2026-07-26T19:12:47.033+09:00,2026-07-26T19:12:47.263+09:00,,37,38,36,8,6,96,THROTTLED,1,0
ullm-sq8_0-f32-kv-p128,2026-07-26T19:12:48.263+09:00,2026-07-26T19:12:48.456+09:00,,37,38,36,12,41,96,UNTHROTTLED,3,0
ullm-sq8_0-f32-kv-p128,2026-07-26T19:12:49.458+09:00,2026-07-26T19:12:49.658+09:00,,37,38,36,16,41,96,UNTHROTTLED,3,0
ullm-sq8_0-f32-kv-p128,2026-07-26T19:12:50.658+09:00,2026-07-26T19:12:50.840+09:00,,37,38,36,12,41,96,UNTHROTTLED,3,0
ullm-sq8_0-f32-kv-p128,2026-07-26T19:12:51.842+09:00,2026-07-26T19:12:52.048+09:00,,37,38,36,14,9,96,UNTHROTTLED,0,0
ullm-sq8_0-f32-kv-p128,2026-07-26T19:12:53.049+09:00,2026-07-26T19:12:53.238+09:00,,37,38,36,13,943,96,UNTHROTTLED,7,0
ullm-sq8_0-f32-kv-p128,2026-07-26T19:12:54.239+09:00,2026-07-26T19:12:54.421+09:00,,37,38,36,9,22,96,THROTTLED,2,0
ullm-sq8_0-f32-kv-p128,2026-07-26T19:12:55.421+09:00,2026-07-26T19:12:55.639+09:00,,37,38,36,12,41,96,UNTHROTTLED,3,0
ullm-sq8_0-f32-kv-p128,2026-07-26T19:12:56.641+09:00,2026-07-26T19:12:56.845+09:00,,37,38,36,15,41,96,UNTHROTTLED,3,0
ullm-sq8_0-f32-kv-p128,2026-07-26T19:12:57.847+09:00,2026-07-26T19:12:58.018+09:00,,37,38,36,13,1021,96,UNTHROTTLED,11,0
ullm-sq8_0-f32-kv-p128,2026-07-26T19:12:59.019+09:00,2026-07-26T19:12:59.218+09:00,,37,38,36,15,1014,96,UNTHROTTLED,9,0
ullm-sq8_0-f32-kv-p128,2026-07-26T19:13:00.219+09:00,2026-07-26T19:13:00.443+09:00,,37,38,36,7,2,96,THROTTLED,0,0
ullm-sq8_0-f32-kv-p128,2026-07-26T19:13:01.444+09:00,2026-07-26T19:13:01.644+09:00,,37,38,36,14,41,96,UNTHROTTLED,3,0
ullm-sq8_0-f32-kv-p128,2026-07-26T19:13:02.647+09:00,2026-07-26T19:13:02.830+09:00,,37,38,36,13,41,96,UNTHROTTLED,3,0
ullm-sq8_0-f32-kv-p128,2026-07-26T19:13:03.831+09:00,2026-07-26T19:13:04.021+09:00,,37,38,36,15,41,96,UNTHROTTLED,3,0
ullm-sq8_0-f32-kv-p128,2026-07-26T19:13:05.021+09:00,2026-07-26T19:13:05.250+09:00,,37,38,36,15,1025,96,UNTHROTTLED,10,0
ullm-sq8_0-f32-kv-p128,2026-07-26T19:13:06.251+09:00,2026-07-26T19:13:06.448+09:00,,37,38,36,13,41,96,UNTHROTTLED,3,0
ullm-sq8_0-f32-kv-p128,2026-07-26T19:13:07.448+09:00,2026-07-26T19:13:07.665+09:00,,37,38,36,16,41,96,UNTHROTTLED,3,0
ullm-sq8_0-f32-kv-p128,2026-07-26T19:13:08.667+09:00,2026-07-26T19:13:08.850+09:00,,37,38,36,15,1193,96,UNTHROTTLED,10,0
ullm-sq8_0-f32-kv-p128,2026-07-26T19:13:09.851+09:00,2026-07-26T19:13:10.043+09:00,,37,38,36,14,41,96,UNTHROTTLED,3,0
ullm-sq8_0-f32-kv-p128,2026-07-26T19:13:11.044+09:00,2026-07-26T19:13:11.236+09:00,,37,38,36,13,41,96,UNTHROTTLED,3,0
ullm-sq8_0-f32-kv-p128,2026-07-26T19:13:12.237+09:00,2026-07-26T19:13:12.422+09:00,,37,38,36,15,1092,96,UNTHROTTLED,6,0
ullm-sq8_0-f32-kv-p128,2026-07-26T19:13:13.423+09:00,2026-07-26T19:13:13.590+09:00,,37,38,36,9,26,772,THROTTLED,1,0
ullm-sq8_0-f32-kv-p128,2026-07-26T19:13:14.591+09:00,2026-07-26T19:13:14.806+09:00,,37,38,38,30,41,772,UNTHROTTLED,3,0
ullm-sq8_0-f32-kv-p128,2026-07-26T19:13:15.807+09:00,2026-07-26T19:13:15.994+09:00,,38,39,38,29,41,772,UNTHROTTLED,3,0
ullm-sq8_0-f32-kv-p128,2026-07-26T19:13:16.995+09:00,2026-07-26T19:13:17.186+09:00,,38,39,38,27,1006,772,THROTTLED,6,0
ullm-sq8_0-f32-kv-p128,2026-07-26T19:13:18.187+09:00,2026-07-26T19:13:18.381+09:00,,38,38,38,16,2511,96,UNTHROTTLED,7,0
ullm-sq8_0-f32-kv-p128,2026-07-26T19:13:19.381+09:00,2026-07-26T19:13:19.561+09:00,,38,39,38,26,1030,772,THROTTLED,6,0
ullm-sq8_0-f32-kv-p128,2026-07-26T19:13:20.562+09:00,2026-07-26T19:13:20.734+09:00,,38,39,38,13,113,96,UNTHROTTLED,5,0
ullm-sq8_0-f32-kv-p128,2026-07-26T19:13:21.735+09:00,2026-07-26T19:13:21.920+09:00,,38,39,38,25,1027,96,THROTTLED,6,0
ullm-sq8_0-f32-kv-p128,2026-07-26T19:13:22.921+09:00,2026-07-26T19:13:23.094+09:00,,38,39,38,11,2253,96,UNTHROTTLED,7,0
ullm-sq8_0-f32-kv-p128,2026-07-26T19:13:24.095+09:00,2026-07-26T19:13:24.266+09:00,,38,39,38,11,41,96,UNTHROTTLED,3,0
ullm-sq8_0-f32-kv-p128,2026-07-26T19:13:25.267+09:00,2026-07-26T19:13:25.464+09:00,,38,39,38,54,1394,772,THROTTLED,62,4
ullm-sq8_0-f32-kv-p128,2026-07-26T19:13:26.468+09:00,2026-07-26T19:13:26.644+09:00,,38,39,38,25,1933,456,UNTHROTTLED,7,0
ullm-sq8_0-f32-kv-p128,2026-07-26T19:13:27.645+09:00,2026-07-26T19:13:27.807+09:00,,38,39,38,34,81,772,UNTHROTTLED,1,0
ullm-sq8_0-f32-kv-p128,2026-07-26T19:13:28.808+09:00,2026-07-26T19:13:28.981+09:00,,38,39,38,30,41,772,UNTHROTTLED,3,0
ullm-sq8_0-f32-kv-p128,2026-07-26T19:13:29.983+09:00,2026-07-26T19:13:30.163+09:00,,38,40,38,30,1712,772,UNTHROTTLED,7,0
ullm-sq8_0-f32-kv-p128,2026-07-26T19:13:31.164+09:00,2026-07-26T19:13:31.346+09:00,,39,40,38,29,2426,772,UNTHROTTLED,7,0
ullm-sq8_0-f32-kv-p128,2026-07-26T19:13:32.347+09:00,2026-07-26T19:13:32.528+09:00,,39,39,38,29,41,772,THROTTLED,3,0
ullm-sq8_0-f32-kv-p128,2026-07-26T19:13:33.531+09:00,2026-07-26T19:13:33.726+09:00,,39,39,38,28,1103,96,THROTTLED,6,0
ullm-sq8_0-f32-kv-p128,2026-07-26T19:13:34.727+09:00,2026-07-26T19:13:34.899+09:00,,39,40,38,25,1043,772,THROTTLED,6,0
ullm-sq8_0-f32-kv-p128,2026-07-26T19:13:35.900+09:00,2026-07-26T19:13:36.064+09:00,,39,39,38,13,41,96,THROTTLED,3,0
ullm-sq8_0-f32-kv-p128,2026-07-26T19:13:37.064+09:00,2026-07-26T19:13:37.233+09:00,,39,40,38,28,1057,772,THROTTLED,6,0
ullm-sq8_0-f32-kv-p128,2026-07-26T19:13:38.234+09:00,2026-07-26T19:13:38.417+09:00,,39,40,38,31,41,772,UNTHROTTLED,3,0
ullm-sq8_0-f32-kv-p128,2026-07-26T19:13:39.418+09:00,2026-07-26T19:13:39.616+09:00,,39,40,38,23,92,772,THROTTLED,5,0
ullm-sq8_0-f32-kv-p128,2026-07-26T19:13:40.618+09:00,2026-07-26T19:13:40.785+09:00,,39,40,38,29,2541,772,UNTHROTTLED,7,0
ullm-sq8_0-f32-kv-p128,2026-07-26T19:13:41.788+09:00,2026-07-26T19:13:41.971+09:00,,39,40,38,16,41,96,UNTHROTTLED,3,0
ullm-sq8_0-f32-kv-p128,2026-07-26T19:13:42.972+09:00,2026-07-26T19:13:43.163+09:00,,39,40,38,30,2592,772,UNTHROTTLED,7,0
ullm-sq8_0-f32-kv-p128,2026-07-26T19:13:44.164+09:00,2026-07-26T19:13:44.346+09:00,,39,40,40,31,41,772,UNTHROTTLED,3,0
ullm-sq8_0-f32-kv-p128,2026-07-26T19:13:45.347+09:00,2026-07-26T19:13:45.540+09:00,,39,40,40,29,41,772,UNTHROTTLED,3,0
ullm-sq8_0-f32-kv-p128,2026-07-26T19:13:46.541+09:00,2026-07-26T19:13:46.715+09:00,,39,40,40,27,1061,772,THROTTLED,6,0
ullm-sq8_0-f32-kv-p128,2026-07-26T19:13:47.716+09:00,2026-07-26T19:13:47.897+09:00,,39,40,40,25,1006,772,THROTTLED,6,0
ullm-sq8_0-f32-kv-p128,2026-07-26T19:13:48.898+09:00,2026-07-26T19:13:49.070+09:00,,40,41,40,27,1035,772,THROTTLED,6,0
ullm-sq8_0-f32-kv-p128,2026-07-26T19:13:50.071+09:00,2026-07-26T19:13:50.261+09:00,,40,41,40,28,1054,772,THROTTLED,6,0
ullm-sq8_0-f32-kv-p128,2026-07-26T19:13:51.261+09:00,2026-07-26T19:13:51.439+09:00,,40,40,40,27,1069,772,THROTTLED,7,0
ullm-sq8_0-f32-kv-p128,2026-07-26T19:13:52.440+09:00,2026-07-26T19:13:52.638+09:00,,40,40,40,30,41,772,UNTHROTTLED,3,0
ullm-sq8_0-f32-kv-p128,2026-07-26T19:13:53.639+09:00,2026-07-26T19:13:53.825+09:00,,40,40,40,16,6,96,THROTTLED,3,0
ullm-sq8_0-f32-kv-p128,2026-07-26T19:13:54.826+09:00,2026-07-26T19:13:55.008+09:00,,40,40,40,26,133,456,THROTTLED,3,0
ullm-sq8_0-f32-kv-p128,2026-07-26T19:13:56.008+09:00,2026-07-26T19:13:56.193+09:00,,40,41,40,30,119,772,UNTHROTTLED,3,0
ullm-sq8_0-f32-kv-p128,2026-07-26T19:13:57.194+09:00,2026-07-26T19:13:57.399+09:00,,40,41,40,11,41,96,UNTHROTTLED,3,0
ullm-sq8_0-f32-kv-p128,2026-07-26T19:13:58.400+09:00,2026-07-26T19:13:58.564+09:00,,39,41,40,31,81,772,UNTHROTTLED,1,0
ullm-sq8_0-f32-kv-p128,2026-07-26T19:13:59.565+09:00,2026-07-26T19:13:59.755+09:00,,40,41,40,41,2827,772,UNTHROTTLED,100,1
ullm-sq8_0-f32-kv-p128,2026-07-26T19:14:00.756+09:00,2026-07-26T19:14:00.950+09:00,,40,41,40,30,41,772,UNTHROTTLED,3,0
ullm-sq8_0-f32-kv-p128,2026-07-26T19:14:01.951+09:00,2026-07-26T19:14:02.125+09:00,,40,41,40,31,1096,772,THROTTLED,7,0
ullm-sq8_0-f32-kv-p128,2026-07-26T19:14:03.126+09:00,2026-07-26T19:14:03.294+09:00,,40,41,40,32,1189,772,THROTTLED,8,0
ullm-sq8_0-f32-kv-p128,2026-07-26T19:14:04.296+09:00,2026-07-26T19:14:04.472+09:00,,40,41,40,31,1562,772,UNTHROTTLED,7,0
ullm-sq8_0-f32-kv-p128,2026-07-26T19:14:05.473+09:00,2026-07-26T19:14:05.649+09:00,,40,42,40,71,3278,772,UNTHROTTLED,100,4
ullm-sq8_0-f32-kv-p128,2026-07-26T19:14:06.650+09:00,2026-07-26T19:14:06.835+09:00,,44,61,44,109,2801,1258,THROTTLED,100,1
ullm-sq8_0-f32-kv-p128,2026-07-26T19:14:06.911+09:00,2026-07-26T19:14:07.101+09:00,immediately-after-process,43,49,44,40,41,1124,UNTHROTTLED,3,0
ullm-sq8_0-f32-kv-p128,2026-07-26T19:14:07.103+09:00,2026-07-26T19:14:07.286+09:00,poller-stop,42,43,42,11,41,96,UNTHROTTLED,3,0
llama-cpp-q8_0-f32-kv-p128,2026-07-26T19:14:12.688+09:00,2026-07-26T19:14:12.870+09:00,poller-start,40,41,40,10,28,96,THROTTLED,4,0
llama-cpp-q8_0-f32-kv-p128,2026-07-26T19:14:12.871+09:00,2026-07-26T19:14:13.060+09:00,,40,41,40,16,41,96,UNTHROTTLED,3,0
llama-cpp-q8_0-f32-kv-p128,2026-07-26T19:14:12.871+09:00,2026-07-26T19:14:13.060+09:00,immediately-before-process,40,41,40,17,41,96,UNTHROTTLED,3,0
llama-cpp-q8_0-f32-kv-p128,2026-07-26T19:14:14.061+09:00,2026-07-26T19:14:14.249+09:00,,40,41,40,14,1183,96,UNTHROTTLED,11,0
llama-cpp-q8_0-f32-kv-p128,2026-07-26T19:14:15.250+09:00,2026-07-26T19:14:15.437+09:00,,40,41,40,14,41,96,UNTHROTTLED,3,0
llama-cpp-q8_0-f32-kv-p128,2026-07-26T19:14:16.438+09:00,2026-07-26T19:14:16.626+09:00,,41,43,42,44,472,875,UNTHROTTLED,1,2
llama-cpp-q8_0-f32-kv-p128,2026-07-26T19:14:17.628+09:00,2026-07-26T19:14:17.798+09:00,,41,42,40,16,125,96,UNTHROTTLED,4,0
llama-cpp-q8_0-f32-kv-p128,2026-07-26T19:14:18.799+09:00,2026-07-26T19:14:18.970+09:00,,44,61,44,244,3100,1258,THROTTLED,100,19
llama-cpp-q8_0-f32-kv-p128,2026-07-26T19:14:19.437+09:00,2026-07-26T19:14:19.626+09:00,immediately-after-process,42,43,42,12,41,96,UNTHROTTLED,3,0
llama-cpp-q8_0-f32-kv-p128,2026-07-26T19:14:19.627+09:00,2026-07-26T19:14:19.806+09:00,poller-stop,42,43,40,16,1013,96,UNTHROTTLED,10,0
llama-cpp-q8_0-f16-kv-p128,2026-07-26T19:14:30.431+09:00,2026-07-26T19:14:30.651+09:00,poller-start,41,41,40,13,41,96,UNTHROTTLED,3,0
llama-cpp-q8_0-f16-kv-p128,2026-07-26T19:14:30.652+09:00,2026-07-26T19:14:30.834+09:00,,40,41,40,17,41,96,UNTHROTTLED,3,0
llama-cpp-q8_0-f16-kv-p128,2026-07-26T19:14:30.652+09:00,2026-07-26T19:14:30.838+09:00,immediately-before-process,41,41,40,13,41,96,UNTHROTTLED,3,0
llama-cpp-q8_0-f16-kv-p128,2026-07-26T19:14:31.835+09:00,2026-07-26T19:14:32.023+09:00,,40,41,40,12,41,96,UNTHROTTLED,3,0
llama-cpp-q8_0-f16-kv-p128,2026-07-26T19:14:33.024+09:00,2026-07-26T19:14:33.215+09:00,,40,41,40,15,41,96,UNTHROTTLED,3,0
llama-cpp-q8_0-f16-kv-p128,2026-07-26T19:14:34.216+09:00,2026-07-26T19:14:34.397+09:00,,42,43,42,49,2816,875,THROTTLED,51,2
llama-cpp-q8_0-f16-kv-p128,2026-07-26T19:14:35.398+09:00,2026-07-26T19:14:35.586+09:00,,41,42,40,38,2099,96,THROTTLED,33,1
llama-cpp-q8_0-f16-kv-p128,2026-07-26T19:14:36.588+09:00,2026-07-26T19:14:36.780+09:00,,44,62,46,232,3084,1258,THROTTLED,100,24
llama-cpp-q8_0-f16-kv-p128,2026-07-26T19:14:37.143+09:00,2026-07-26T19:14:37.329+09:00,immediately-after-process,43,44,42,14,41,96,UNTHROTTLED,3,0
llama-cpp-q8_0-f16-kv-p128,2026-07-26T19:14:37.331+09:00,2026-07-26T19:14:37.508+09:00,poller-stop,42,43,42,15,41,96,UNTHROTTLED,3,0
ullm-sq8_0-f32-kv-p512,2026-07-26T19:14:53.293+09:00,2026-07-26T19:14:53.476+09:00,poller-start,41,41,40,16,41,96,UNTHROTTLED,3,0
ullm-sq8_0-f32-kv-p512,2026-07-26T19:14:53.477+09:00,2026-07-26T19:14:53.666+09:00,immediately-before-process,40,41,40,15,48,96,UNTHROTTLED,3,0
ullm-sq8_0-f32-kv-p512,2026-07-26T19:14:53.477+09:00,2026-07-26T19:14:53.670+09:00,,40,41,40,15,9,96,UNTHROTTLED,0,0
ullm-sq8_0-f32-kv-p512,2026-07-26T19:14:54.672+09:00,2026-07-26T19:14:54.866+09:00,,40,41,38,17,41,96,UNTHROTTLED,3,0
ullm-sq8_0-f32-kv-p512,2026-07-26T19:14:55.867+09:00,2026-07-26T19:14:56.058+09:00,,40,41,40,13,1105,96,UNTHROTTLED,7,0
ullm-sq8_0-f32-kv-p512,2026-07-26T19:14:57.059+09:00,2026-07-26T19:14:57.284+09:00,,40,41,40,16,41,96,UNTHROTTLED,3,0
ullm-sq8_0-f32-kv-p512,2026-07-26T19:14:58.286+09:00,2026-07-26T19:14:58.495+09:00,,40,41,40,16,41,96,UNTHROTTLED,3,0
ullm-sq8_0-f32-kv-p512,2026-07-26T19:14:59.495+09:00,2026-07-26T19:14:59.701+09:00,,40,41,38,13,41,96,UNTHROTTLED,3,0
ullm-sq8_0-f32-kv-p512,2026-07-26T19:15:00.702+09:00,2026-07-26T19:15:00.887+09:00,,40,41,40,8,4,96,THROTTLED,1,0
ullm-sq8_0-f32-kv-p512,2026-07-26T19:15:01.888+09:00,2026-07-26T19:15:02.061+09:00,,40,41,38,16,41,96,UNTHROTTLED,3,0
ullm-sq8_0-f32-kv-p512,2026-07-26T19:15:03.062+09:00,2026-07-26T19:15:03.335+09:00,,40,41,38,16,41,96,UNTHROTTLED,3,0
ullm-sq8_0-f32-kv-p512,2026-07-26T19:15:04.337+09:00,2026-07-26T19:15:04.554+09:00,,40,41,38,15,48,96,UNTHROTTLED,2,0
ullm-sq8_0-f32-kv-p512,2026-07-26T19:15:05.557+09:00,2026-07-26T19:15:05.766+09:00,,40,41,38,12,322,96,UNTHROTTLED,6,0
ullm-sq8_0-f32-kv-p512,2026-07-26T19:15:06.767+09:00,2026-07-26T19:15:06.960+09:00,,40,41,38,13,1195,96,UNTHROTTLED,11,0
ullm-sq8_0-f32-kv-p512,2026-07-26T19:15:07.961+09:00,2026-07-26T19:15:08.150+09:00,,40,41,40,11,1429,96,UNTHROTTLED,8,0
ullm-sq8_0-f32-kv-p512,2026-07-26T19:15:09.151+09:00,2026-07-26T19:15:09.349+09:00,,40,40,38,13,41,96,UNTHROTTLED,3,0
ullm-sq8_0-f32-kv-p512,2026-07-26T19:15:10.350+09:00,2026-07-26T19:15:10.552+09:00,,40,41,38,16,141,96,UNTHROTTLED,3,0
ullm-sq8_0-f32-kv-p512,2026-07-26T19:15:11.553+09:00,2026-07-26T19:15:11.763+09:00,,40,41,38,13,41,96,UNTHROTTLED,3,0
ullm-sq8_0-f32-kv-p512,2026-07-26T19:15:12.765+09:00,2026-07-26T19:15:12.950+09:00,,40,40,38,13,81,96,UNTHROTTLED,5,0
ullm-sq8_0-f32-kv-p512,2026-07-26T19:15:13.951+09:00,2026-07-26T19:15:14.137+09:00,,40,41,38,13,1195,96,UNTHROTTLED,11,0
ullm-sq8_0-f32-kv-p512,2026-07-26T19:15:15.139+09:00,2026-07-26T19:15:15.336+09:00,,40,41,38,16,41,96,UNTHROTTLED,3,0
ullm-sq8_0-f32-kv-p512,2026-07-26T19:15:16.337+09:00,2026-07-26T19:15:16.517+09:00,,40,40,38,13,41,96,UNTHROTTLED,3,0
ullm-sq8_0-f32-kv-p512,2026-07-26T19:15:17.519+09:00,2026-07-26T19:15:17.698+09:00,,40,40,38,14,118,96,UNTHROTTLED,3,0
ullm-sq8_0-f32-kv-p512,2026-07-26T19:15:18.699+09:00,2026-07-26T19:15:18.891+09:00,,39,40,38,13,41,96,UNTHROTTLED,3,0
ullm-sq8_0-f32-kv-p512,2026-07-26T19:15:19.892+09:00,2026-07-26T19:15:20.098+09:00,,39,40,38,15,41,96,UNTHROTTLED,3,0
ullm-sq8_0-f32-kv-p512,2026-07-26T19:15:21.099+09:00,2026-07-26T19:15:21.292+09:00,,40,40,38,16,41,96,UNTHROTTLED,3,0
ullm-sq8_0-f32-kv-p512,2026-07-26T19:15:22.293+09:00,2026-07-26T19:15:22.472+09:00,,40,40,38,8,0,96,THROTTLED,0,0
ullm-sq8_0-f32-kv-p512,2026-07-26T19:15:23.473+09:00,2026-07-26T19:15:23.683+09:00,,39,40,38,16,41,96,UNTHROTTLED,3,0
ullm-sq8_0-f32-kv-p512,2026-07-26T19:15:24.684+09:00,2026-07-26T19:15:24.897+09:00,,40,41,38,27,41,456,UNTHROTTLED,3,0
ullm-sq8_0-f32-kv-p512,2026-07-26T19:15:25.898+09:00,2026-07-26T19:15:26.082+09:00,,40,41,40,25,769,96,UNTHROTTLED,13,13
ullm-sq8_0-f32-kv-p512,2026-07-26T19:15:27.083+09:00,2026-07-26T19:15:27.265+09:00,,40,41,40,23,102,772,THROTTLED,5,0
ullm-sq8_0-f32-kv-p512,2026-07-26T19:15:28.266+09:00,2026-07-26T19:15:28.471+09:00,,40,41,40,27,1022,772,THROTTLED,6,0
ullm-sq8_0-f32-kv-p512,2026-07-26T19:15:29.472+09:00,2026-07-26T19:15:29.659+09:00,,40,41,40,35,81,772,THROTTLED,1,0
ullm-sq8_0-f32-kv-p512,2026-07-26T19:15:30.660+09:00,2026-07-26T19:15:30.876+09:00,,40,41,40,30,41,772,UNTHROTTLED,3,0
ullm-sq8_0-f32-kv-p512,2026-07-26T19:15:31.878+09:00,2026-07-26T19:15:32.062+09:00,,40,41,40,38,81,772,UNTHROTTLED,1,0
ullm-sq8_0-f32-kv-p512,2026-07-26T19:15:33.063+09:00,2026-07-26T19:15:33.250+09:00,,40,41,40,24,1007,96,THROTTLED,6,0
ullm-sq8_0-f32-kv-p512,2026-07-26T19:15:34.255+09:00,2026-07-26T19:15:34.436+09:00,,40,41,40,30,2107,772,UNTHROTTLED,7,0
ullm-sq8_0-f32-kv-p512,2026-07-26T19:15:35.437+09:00,2026-07-26T19:15:35.628+09:00,,41,42,40,28,1040,772,THROTTLED,6,0
ullm-sq8_0-f32-kv-p512,2026-07-26T19:15:36.631+09:00,2026-07-26T19:15:36.814+09:00,,41,42,40,32,81,772,UNTHROTTLED,1,0
ullm-sq8_0-f32-kv-p512,2026-07-26T19:15:37.815+09:00,2026-07-26T19:15:38.003+09:00,,41,42,40,30,41,772,UNTHROTTLED,3,0
ullm-sq8_0-f32-kv-p512,2026-07-26T19:15:39.004+09:00,2026-07-26T19:15:39.170+09:00,,41,42,40,24,102,772,THROTTLED,5,0
ullm-sq8_0-f32-kv-p512,2026-07-26T19:15:40.171+09:00,2026-07-26T19:15:40.347+09:00,,40,42,40,26,1064,772,THROTTLED,6,0
ullm-sq8_0-f32-kv-p512,2026-07-26T19:15:41.348+09:00,2026-07-26T19:15:41.531+09:00,,41,42,40,29,134,772,UNTHROTTLED,3,0
ullm-sq8_0-f32-kv-p512,2026-07-26T19:15:42.532+09:00,2026-07-26T19:15:42.712+09:00,,41,42,40,25,1129,772,THROTTLED,7,0
ullm-sq8_0-f32-kv-p512,2026-07-26T19:15:43.713+09:00,2026-07-26T19:15:43.907+09:00,,41,42,40,31,2155,772,UNTHROTTLED,9,0
ullm-sq8_0-f32-kv-p512,2026-07-26T19:15:44.908+09:00,2026-07-26T19:15:45.081+09:00,,41,41,42,15,81,96,UNTHROTTLED,1,0
ullm-sq8_0-f32-kv-p512,2026-07-26T19:15:46.082+09:00,2026-07-26T19:15:46.389+09:00,,41,42,40,23,1008,772,THROTTLED,6,0
ullm-sq8_0-f32-kv-p512,2026-07-26T19:15:47.391+09:00,2026-07-26T19:15:47.563+09:00,,41,42,42,30,2317,772,UNTHROTTLED,7,0
ullm-sq8_0-f32-kv-p512,2026-07-26T19:15:48.564+09:00,2026-07-26T19:15:48.736+09:00,,40,42,40,27,1040,96,THROTTLED,6,0
ullm-sq8_0-f32-kv-p512,2026-07-26T19:15:49.740+09:00,2026-07-26T19:15:49.965+09:00,,41,42,42,30,2488,772,UNTHROTTLED,7,0
ullm-sq8_0-f32-kv-p512,2026-07-26T19:15:50.966+09:00,2026-07-26T19:15:51.146+09:00,,41,42,40,49,2842,772,UNTHROTTLED,82,3
ullm-sq8_0-f32-kv-p512,2026-07-26T19:15:52.147+09:00,2026-07-26T19:15:52.317+09:00,,41,42,42,30,2840,772,UNTHROTTLED,7,0
ullm-sq8_0-f32-kv-p512,2026-07-26T19:15:53.318+09:00,2026-07-26T19:15:53.487+09:00,,41,42,42,13,2840,96,UNTHROTTLED,7,0
ullm-sq8_0-f32-kv-p512,2026-07-26T19:15:54.488+09:00,2026-07-26T19:15:54.670+09:00,,41,42,42,14,41,96,UNTHROTTLED,3,0
ullm-sq8_0-f32-kv-p512,2026-07-26T19:15:55.670+09:00,2026-07-26T19:15:55.853+09:00,,41,42,40,16,6,96,UNTHROTTLED,3,0
ullm-sq8_0-f32-kv-p512,2026-07-26T19:15:56.853+09:00,2026-07-26T19:15:57.046+09:00,,42,42,42,13,41,96,UNTHROTTLED,3,0
ullm-sq8_0-f32-kv-p512,2026-07-26T19:15:58.047+09:00,2026-07-26T19:15:58.224+09:00,,42,42,42,31,2432,772,THROTTLED,7,0
ullm-sq8_0-f32-kv-p512,2026-07-26T19:15:59.225+09:00,2026-07-26T19:15:59.401+09:00,,41,42,42,13,41,96,UNTHROTTLED,3,0
ullm-sq8_0-f32-kv-p512,2026-07-26T19:16:00.402+09:00,2026-07-26T19:16:00.586+09:00,,42,42,42,27,1027,772,THROTTLED,6,0
ullm-sq8_0-f32-kv-p512,2026-07-26T19:16:01.587+09:00,2026-07-26T19:16:01.764+09:00,,42,42,42,27,1031,772,THROTTLED,6,0
ullm-sq8_0-f32-kv-p512,2026-07-26T19:16:02.765+09:00,2026-07-26T19:16:02.941+09:00,,42,42,42,31,1094,772,UNTHROTTLED,6,0
ullm-sq8_0-f32-kv-p512,2026-07-26T19:16:03.942+09:00,2026-07-26T19:16:04.122+09:00,,41,42,42,38,41,772,UNTHROTTLED,3,1
ullm-sq8_0-f32-kv-p512,2026-07-26T19:16:05.123+09:00,2026-07-26T19:16:05.315+09:00,,41,42,40,13,41,96,UNTHROTTLED,3,0
ullm-sq8_0-f32-kv-p512,2026-07-26T19:16:06.316+09:00,2026-07-26T19:16:06.490+09:00,,42,42,42,26,1011,772,THROTTLED,6,0
ullm-sq8_0-f32-kv-p512,2026-07-26T19:16:07.491+09:00,2026-07-26T19:16:07.669+09:00,,42,43,42,25,1026,772,THROTTLED,6,0
ullm-sq8_0-f32-kv-p512,2026-07-26T19:16:08.670+09:00,2026-07-26T19:16:08.830+09:00,,42,43,42,32,1153,772,THROTTLED,6,0
ullm-sq8_0-f32-kv-p512,2026-07-26T19:16:09.830+09:00,2026-07-26T19:16:10.003+09:00,,42,42,42,31,56,456,UNTHROTTLED,1,0
ullm-sq8_0-f32-kv-p512,2026-07-26T19:16:11.005+09:00,2026-07-26T19:16:11.201+09:00,,42,43,42,47,41,772,THROTTLED,3,3
ullm-sq8_0-f32-kv-p512,2026-07-26T19:16:12.202+09:00,2026-07-26T19:16:12.386+09:00,,42,43,42,32,41,772,UNTHROTTLED,3,0
ullm-sq8_0-f32-kv-p512,2026-07-26T19:16:13.387+09:00,2026-07-26T19:16:13.605+09:00,,42,43,42,31,135,772,UNTHROTTLED,3,0
ullm-sq8_0-f32-kv-p512,2026-07-26T19:16:14.608+09:00,2026-07-26T19:16:14.787+09:00,,42,43,42,32,1176,772,UNTHROTTLED,8,0
ullm-sq8_0-f32-kv-p512,2026-07-26T19:16:15.787+09:00,2026-07-26T19:16:15.965+09:00,,42,43,42,32,1208,772,THROTTLED,9,0
ullm-sq8_0-f32-kv-p512,2026-07-26T19:16:16.966+09:00,2026-07-26T19:16:17.142+09:00,,45,60,44,83,1857,1258,THROTTLED,40,4
ullm-sq8_0-f32-kv-p512,2026-07-26T19:16:18.143+09:00,2026-07-26T19:16:18.328+09:00,,46,63,46,223,3074,1258,THROTTLED,97,11
ullm-sq8_0-f32-kv-p512,2026-07-26T19:16:19.331+09:00,2026-07-26T19:16:19.511+09:00,,48,68,46,250,3368,1258,THROTTLED,100,0
ullm-sq8_0-f32-kv-p512,2026-07-26T19:16:20.512+09:00,2026-07-26T19:16:20.694+09:00,,49,69,48,404,3355,1258,THROTTLED,100,52
ullm-sq8_0-f32-kv-p512,2026-07-26T19:16:21.695+09:00,2026-07-26T19:16:21.880+09:00,,50,66,48,255,3196,1258,THROTTLED,99,11
ullm-sq8_0-f32-kv-p512,2026-07-26T19:16:22.881+09:00,2026-07-26T19:16:23.062+09:00,,51,58,52,234,3230,1258,THROTTLED,99,12
ullm-sq8_0-f32-kv-p512,2026-07-26T19:16:22.922+09:00,2026-07-26T19:16:23.096+09:00,immediately-after-process,51,57,50,33,111,875,UNTHROTTLED,3,0
ullm-sq8_0-f32-kv-p512,2026-07-26T19:16:23.097+09:00,2026-07-26T19:16:23.286+09:00,poller-stop,50,51,48,17,90,96,UNTHROTTLED,3,0
llama-cpp-q8_0-f32-kv-p512,2026-07-26T19:18:12.500+09:00,2026-07-26T19:18:12.758+09:00,poller-start,40,41,40,16,41,96,UNTHROTTLED,3,0
llama-cpp-q8_0-f32-kv-p512,2026-07-26T19:18:12.760+09:00,2026-07-26T19:18:12.958+09:00,immediately-before-process,40,41,40,16,41,96,UNTHROTTLED,3,0
llama-cpp-q8_0-f32-kv-p512,2026-07-26T19:18:12.760+09:00,2026-07-26T19:18:12.960+09:00,,40,41,40,15,41,96,THROTTLED,3,0
llama-cpp-q8_0-f32-kv-p512,2026-07-26T19:18:13.962+09:00,2026-07-26T19:18:14.151+09:00,,40,41,38,16,141,96,UNTHROTTLED,3,0
llama-cpp-q8_0-f32-kv-p512,2026-07-26T19:18:15.152+09:00,2026-07-26T19:18:15.336+09:00,,40,41,38,8,4,96,THROTTLED,0,0
llama-cpp-q8_0-f32-kv-p512,2026-07-26T19:18:16.336+09:00,2026-07-26T19:18:16.519+09:00,,42,43,40,59,2827,875,THROTTLED,100,3
llama-cpp-q8_0-f32-kv-p512,2026-07-26T19:18:17.519+09:00,2026-07-26T19:18:17.707+09:00,,41,42,40,42,2265,96,THROTTLED,39,1
llama-cpp-q8_0-f32-kv-p512,2026-07-26T19:18:18.707+09:00,2026-07-26T19:18:18.918+09:00,,44,58,44,100,1695,1258,THROTTLED,37,9
llama-cpp-q8_0-f32-kv-p512,2026-07-26T19:18:19.919+09:00,2026-07-26T19:18:20.096+09:00,,46,64,48,277,3125,1258,THROTTLED,100,26
llama-cpp-q8_0-f32-kv-p512,2026-07-26T19:18:21.096+09:00,2026-07-26T19:18:21.265+09:00,,46,52,48,242,3092,875,THROTTLED,93,23
llama-cpp-q8_0-f32-kv-p512,2026-07-26T19:18:21.267+09:00,2026-07-26T19:18:21.444+09:00,immediately-after-process,45,47,44,16,11,96,THROTTLED,3,0
llama-cpp-q8_0-f32-kv-p512,2026-07-26T19:18:21.445+09:00,2026-07-26T19:18:21.636+09:00,poller-stop,45,46,44,18,41,96,UNTHROTTLED,3,0
llama-cpp-q8_0-f16-kv-p512,2026-07-26T19:19:19.115+09:00,2026-07-26T19:19:19.335+09:00,poller-start,40,41,40,15,84,96,THROTTLED,3,0
llama-cpp-q8_0-f16-kv-p512,2026-07-26T19:19:19.336+09:00,2026-07-26T19:19:19.523+09:00,,41,41,40,16,41,96,UNTHROTTLED,3,0
llama-cpp-q8_0-f16-kv-p512,2026-07-26T19:19:19.336+09:00,2026-07-26T19:19:19.528+09:00,immediately-before-process,41,41,40,13,113,96,UNTHROTTLED,3,0
llama-cpp-q8_0-f16-kv-p512,2026-07-26T19:19:20.524+09:00,2026-07-26T19:19:20.698+09:00,,41,41,40,14,49,96,UNTHROTTLED,2,0
llama-cpp-q8_0-f16-kv-p512,2026-07-26T19:19:21.700+09:00,2026-07-26T19:19:21.910+09:00,,40,41,40,14,41,96,UNTHROTTLED,3,0
llama-cpp-q8_0-f16-kv-p512,2026-07-26T19:19:22.911+09:00,2026-07-26T19:19:23.086+09:00,,41,43,42,38,2096,875,THROTTLED,38,2
llama-cpp-q8_0-f16-kv-p512,2026-07-26T19:19:24.088+09:00,2026-07-26T19:19:24.276+09:00,,41,42,40,15,13,96,UNTHROTTLED,3,0
llama-cpp-q8_0-f16-kv-p512,2026-07-26T19:19:25.277+09:00,2026-07-26T19:19:25.483+09:00,,44,61,46,287,3055,1258,THROTTLED,100,30
llama-cpp-q8_0-f16-kv-p512,2026-07-26T19:19:26.484+09:00,2026-07-26T19:19:26.660+09:00,,46,63,48,219,3143,1258,UNTHROTTLED,100,19
llama-cpp-q8_0-f16-kv-p512,2026-07-26T19:19:27.661+09:00,2026-07-26T19:19:27.851+09:00,,47,53,48,234,3059,1258,THROTTLED,93,23
llama-cpp-q8_0-f16-kv-p512,2026-07-26T19:19:27.839+09:00,2026-07-26T19:19:28.058+09:00,immediately-after-process,45,47,44,12,41,96,UNTHROTTLED,3,0
llama-cpp-q8_0-f16-kv-p512,2026-07-26T19:19:28.060+09:00,2026-07-26T19:19:28.250+09:00,poller-stop,45,46,44,17,6,96,UNTHROTTLED,3,0
ullm-sq8_0-f32-kv-p1024,2026-07-26T19:20:30.710+09:00,2026-07-26T19:20:30.905+09:00,poller-start,40,41,40,16,41,96,UNTHROTTLED,3,0
ullm-sq8_0-f32-kv-p1024,2026-07-26T19:20:30.907+09:00,2026-07-26T19:20:31.103+09:00,,41,41,40,14,1049,96,UNTHROTTLED,7,0
ullm-sq8_0-f32-kv-p1024,2026-07-26T19:20:30.907+09:00,2026-07-26T19:20:31.106+09:00,immediately-before-process,41,42,40,17,1193,96,UNTHROTTLED,22,0
ullm-sq8_0-f32-kv-p1024,2026-07-26T19:20:32.104+09:00,2026-07-26T19:20:32.285+09:00,,40,41,40,13,65,96,UNTHROTTLED,3,0
ullm-sq8_0-f32-kv-p1024,2026-07-26T19:20:33.286+09:00,2026-07-26T19:20:33.463+09:00,,41,41,38,14,1041,96,UNTHROTTLED,8,0
ullm-sq8_0-f32-kv-p1024,2026-07-26T19:20:34.464+09:00,2026-07-26T19:20:34.657+09:00,,40,41,40,14,41,96,UNTHROTTLED,3,0
ullm-sq8_0-f32-kv-p1024,2026-07-26T19:20:35.658+09:00,2026-07-26T19:20:35.837+09:00,,40,41,40,13,140,96,UNTHROTTLED,3,0
ullm-sq8_0-f32-kv-p1024,2026-07-26T19:20:36.837+09:00,2026-07-26T19:20:37.025+09:00,,40,41,40,14,41,96,UNTHROTTLED,3,0
ullm-sq8_0-f32-kv-p1024,2026-07-26T19:20:38.025+09:00,2026-07-26T19:20:38.212+09:00,,41,41,40,16,41,96,UNTHROTTLED,3,0
ullm-sq8_0-f32-kv-p1024,2026-07-26T19:20:39.213+09:00,2026-07-26T19:20:39.407+09:00,,40,41,40,16,6,96,UNTHROTTLED,3,0
ullm-sq8_0-f32-kv-p1024,2026-07-26T19:20:40.409+09:00,2026-07-26T19:20:40.612+09:00,,40,41,38,14,41,96,UNTHROTTLED,3,0
ullm-sq8_0-f32-kv-p1024,2026-07-26T19:20:41.613+09:00,2026-07-26T19:20:41.802+09:00,,40,41,40,13,1044,96,UNTHROTTLED,8,0
ullm-sq8_0-f32-kv-p1024,2026-07-26T19:20:42.803+09:00,2026-07-26T19:20:42.988+09:00,,40,41,38,8,4,96,THROTTLED,1,0
ullm-sq8_0-f32-kv-p1024,2026-07-26T19:20:43.989+09:00,2026-07-26T19:20:44.202+09:00,,41,41,38,13,91,96,UNTHROTTLED,3,0
ullm-sq8_0-f32-kv-p1024,2026-07-26T19:20:45.203+09:00,2026-07-26T19:20:45.408+09:00,,40,41,38,13,89,96,UNTHROTTLED,3,0
ullm-sq8_0-f32-kv-p1024,2026-07-26T19:20:46.409+09:00,2026-07-26T19:20:46.587+09:00,,40,41,38,14,141,96,UNTHROTTLED,3,0
ullm-sq8_0-f32-kv-p1024,2026-07-26T19:20:47.588+09:00,2026-07-26T19:20:47.775+09:00,,40,41,38,14,940,96,UNTHROTTLED,8,0
ullm-sq8_0-f32-kv-p1024,2026-07-26T19:20:48.776+09:00,2026-07-26T19:20:48.965+09:00,,40,41,38,8,4,96,UNTHROTTLED,1,0
ullm-sq8_0-f32-kv-p1024,2026-07-26T19:20:49.966+09:00,2026-07-26T19:20:50.142+09:00,,40,41,38,16,41,96,UNTHROTTLED,3,0
ullm-sq8_0-f32-kv-p1024,2026-07-26T19:20:51.143+09:00,2026-07-26T19:20:51.342+09:00,,40,41,38,8,5,96,UNTHROTTLED,1,0
ullm-sq8_0-f32-kv-p1024,2026-07-26T19:20:52.343+09:00,2026-07-26T19:20:52.540+09:00,,40,41,38,17,41,96,UNTHROTTLED,3,0
ullm-sq8_0-f32-kv-p1024,2026-07-26T19:20:53.541+09:00,2026-07-26T19:20:53.733+09:00,,40,41,38,8,5,96,THROTTLED,1,0
ullm-sq8_0-f32-kv-p1024,2026-07-26T19:20:54.734+09:00,2026-07-26T19:20:54.919+09:00,,40,41,38,16,1009,96,UNTHROTTLED,10,0
ullm-sq8_0-f32-kv-p1024,2026-07-26T19:20:55.920+09:00,2026-07-26T19:20:56.119+09:00,,40,40,38,16,6,96,UNTHROTTLED,3,0
ullm-sq8_0-f32-kv-p1024,2026-07-26T19:20:57.121+09:00,2026-07-26T19:20:57.325+09:00,,40,41,38,17,41,96,UNTHROTTLED,3,0
ullm-sq8_0-f32-kv-p1024,2026-07-26T19:20:58.326+09:00,2026-07-26T19:20:58.514+09:00,,40,41,38,15,41,96,UNTHROTTLED,3,0
ullm-sq8_0-f32-kv-p1024,2026-07-26T19:20:59.515+09:00,2026-07-26T19:20:59.696+09:00,,40,41,38,14,41,96,UNTHROTTLED,3,0
ullm-sq8_0-f32-kv-p1024,2026-07-26T19:21:00.697+09:00,2026-07-26T19:21:00.874+09:00,,41,42,40,25,1060,772,THROTTLED,6,0
ullm-sq8_0-f32-kv-p1024,2026-07-26T19:21:01.875+09:00,2026-07-26T19:21:02.074+09:00,,41,42,40,31,41,772,THROTTLED,3,0
ullm-sq8_0-f32-kv-p1024,2026-07-26T19:21:03.075+09:00,2026-07-26T19:21:03.267+09:00,,41,42,40,29,1106,772,THROTTLED,7,0
ullm-sq8_0-f32-kv-p1024,2026-07-26T19:21:04.268+09:00,2026-07-26T19:21:04.436+09:00,,41,42,40,26,101,456,UNTHROTTLED,5,0
ullm-sq8_0-f32-kv-p1024,2026-07-26T19:21:05.440+09:00,2026-07-26T19:21:05.621+09:00,,40,42,40,35,22,772,UNTHROTTLED,0,0
ullm-sq8_0-f32-kv-p1024,2026-07-26T19:21:06.623+09:00,2026-07-26T19:21:06.804+09:00,,41,42,40,12,133,96,UNTHROTTLED,3,0
ullm-sq8_0-f32-kv-p1024,2026-07-26T19:21:07.805+09:00,2026-07-26T19:21:07.997+09:00,,40,41,40,16,41,96,THROTTLED,3,0
ullm-sq8_0-f32-kv-p1024,2026-07-26T19:21:08.997+09:00,2026-07-26T19:21:09.197+09:00,,41,42,40,27,1042,772,THROTTLED,6,0
ullm-sq8_0-f32-kv-p1024,2026-07-26T19:21:10.198+09:00,2026-07-26T19:21:10.400+09:00,,42,42,40,28,1072,772,THROTTLED,6,0
ullm-sq8_0-f32-kv-p1024,2026-07-26T19:21:11.401+09:00,2026-07-26T19:21:11.579+09:00,,41,42,40,30,134,772,THROTTLED,3,0
ullm-sq8_0-f32-kv-p1024,2026-07-26T19:21:12.581+09:00,2026-07-26T19:21:12.768+09:00,,41,42,42,28,1026,456,THROTTLED,6,0
ullm-sq8_0-f32-kv-p1024,2026-07-26T19:21:13.769+09:00,2026-07-26T19:21:13.942+09:00,,41,42,40,26,1088,772,THROTTLED,7,0
ullm-sq8_0-f32-kv-p1024,2026-07-26T19:21:14.943+09:00,2026-07-26T19:21:15.113+09:00,,42,42,42,28,1067,772,THROTTLED,7,0
ullm-sq8_0-f32-kv-p1024,2026-07-26T19:21:16.113+09:00,2026-07-26T19:21:16.297+09:00,,41,42,42,25,1064,772,THROTTLED,7,0
ullm-sq8_0-f32-kv-p1024,2026-07-26T19:21:17.299+09:00,2026-07-26T19:21:17.515+09:00,,42,42,42,26,1016,96,THROTTLED,6,0
ullm-sq8_0-f32-kv-p1024,2026-07-26T19:21:18.517+09:00,2026-07-26T19:21:18.694+09:00,,42,42,40,30,2836,772,THROTTLED,7,0
ullm-sq8_0-f32-kv-p1024,2026-07-26T19:21:19.695+09:00,2026-07-26T19:21:19.879+09:00,,41,42,42,31,2836,772,UNTHROTTLED,7,0
ullm-sq8_0-f32-kv-p1024,2026-07-26T19:21:20.880+09:00,2026-07-26T19:21:21.058+09:00,,42,43,42,36,81,772,UNTHROTTLED,1,0
ullm-sq8_0-f32-kv-p1024,2026-07-26T19:21:22.059+09:00,2026-07-26T19:21:22.267+09:00,,42,42,42,30,1093,772,THROTTLED,6,0
ullm-sq8_0-f32-kv-p1024,2026-07-26T19:21:23.268+09:00,2026-07-26T19:21:23.445+09:00,,42,43,42,30,2836,772,UNTHROTTLED,7,0
ullm-sq8_0-f32-kv-p1024,2026-07-26T19:21:24.446+09:00,2026-07-26T19:21:24.637+09:00,,42,42,42,12,41,96,UNTHROTTLED,3,0
ullm-sq8_0-f32-kv-p1024,2026-07-26T19:21:25.638+09:00,2026-07-26T19:21:25.828+09:00,,42,43,42,29,1067,772,THROTTLED,7,0
ullm-sq8_0-f32-kv-p1024,2026-07-26T19:21:26.829+09:00,2026-07-26T19:21:27.009+09:00,,42,43,42,30,2835,772,UNTHROTTLED,7,0
ullm-sq8_0-f32-kv-p1024,2026-07-26T19:21:28.010+09:00,2026-07-26T19:21:28.225+09:00,,42,43,42,29,6,772,UNTHROTTLED,3,0
ullm-sq8_0-f32-kv-p1024,2026-07-26T19:21:29.227+09:00,2026-07-26T19:21:29.394+09:00,,42,43,42,27,1092,772,THROTTLED,6,0
ullm-sq8_0-f32-kv-p1024,2026-07-26T19:21:30.395+09:00,2026-07-26T19:21:30.575+09:00,,42,43,42,30,82,772,UNTHROTTLED,3,0
ullm-sq8_0-f32-kv-p1024,2026-07-26T19:21:31.576+09:00,2026-07-26T19:21:31.763+09:00,,42,43,42,27,1014,772,THROTTLED,6,0
ullm-sq8_0-f32-kv-p1024,2026-07-26T19:21:32.764+09:00,2026-07-26T19:21:32.946+09:00,,42,43,42,16,41,96,UNTHROTTLED,3,0
ullm-sq8_0-f32-kv-p1024,2026-07-26T19:21:33.948+09:00,2026-07-26T19:21:34.127+09:00,,42,43,42,31,41,772,UNTHROTTLED,3,0
ullm-sq8_0-f32-kv-p1024,2026-07-26T19:21:35.129+09:00,2026-07-26T19:21:35.309+09:00,,42,43,42,30,1723,772,THROTTLED,7,0
ullm-sq8_0-f32-kv-p1024,2026-07-26T19:21:36.311+09:00,2026-07-26T19:21:36.498+09:00,,42,43,42,32,41,772,UNTHROTTLED,3,0
ullm-sq8_0-f32-kv-p1024,2026-07-26T19:21:37.500+09:00,2026-07-26T19:21:37.688+09:00,,42,43,42,11,2740,96,UNTHROTTLED,7,0
ullm-sq8_0-f32-kv-p1024,2026-07-26T19:21:38.690+09:00,2026-07-26T19:21:38.936+09:00,,42,43,42,16,41,96,UNTHROTTLED,3,0
ullm-sq8_0-f32-kv-p1024,2026-07-26T19:21:39.937+09:00,2026-07-26T19:21:40.121+09:00,,42,43,42,23,1019,772,THROTTLED,6,0
ullm-sq8_0-f32-kv-p1024,2026-07-26T19:21:41.122+09:00,2026-07-26T19:21:41.302+09:00,,42,43,42,13,41,96,UNTHROTTLED,3,0
ullm-sq8_0-f32-kv-p1024,2026-07-26T19:21:42.303+09:00,2026-07-26T19:21:42.480+09:00,,42,43,42,13,135,96,UNTHROTTLED,3,0
ullm-sq8_0-f32-kv-p1024,2026-07-26T19:21:43.481+09:00,2026-07-26T19:21:43.650+09:00,,42,43,42,28,1070,772,THROTTLED,7,0
ullm-sq8_0-f32-kv-p1024,2026-07-26T19:21:44.651+09:00,2026-07-26T19:21:44.833+09:00,,42,43,42,32,1131,772,THROTTLED,8,0
ullm-sq8_0-f32-kv-p1024,2026-07-26T19:21:45.834+09:00,2026-07-26T19:21:46.047+09:00,,43,43,42,46,2619,772,UNTHROTTLED,9,2
ullm-sq8_0-f32-kv-p1024,2026-07-26T19:21:47.047+09:00,2026-07-26T19:21:47.248+09:00,,43,43,42,30,87,772,THROTTLED,3,0
ullm-sq8_0-f32-kv-p1024,2026-07-26T19:21:48.249+09:00,2026-07-26T19:21:48.426+09:00,,43,44,42,104,2558,875,THROTTLED,13,25
ullm-sq8_0-f32-kv-p1024,2026-07-26T19:21:49.427+09:00,2026-07-26T19:21:49.607+09:00,,47,65,46,426,3337,1258,THROTTLED,100,50
ullm-sq8_0-f32-kv-p1024,2026-07-26T19:21:50.609+09:00,2026-07-26T19:21:50.799+09:00,,48,68,46,258,3360,1258,THROTTLED,100,0
ullm-sq8_0-f32-kv-p1024,2026-07-26T19:21:51.800+09:00,2026-07-26T19:21:51.989+09:00,,49,68,48,246,3173,1258,THROTTLED,97,8
ullm-sq8_0-f32-kv-p1024,2026-07-26T19:21:52.989+09:00,2026-07-26T19:21:53.171+09:00,,51,71,48,256,3244,1258,THROTTLED,100,7
ullm-sq8_0-f32-kv-p1024,2026-07-26T19:21:54.172+09:00,2026-07-26T19:21:54.368+09:00,,52,72,50,239,3433,1258,UNTHROTTLED,100,0
ullm-sq8_0-f32-kv-p1024,2026-07-26T19:21:55.369+09:00,2026-07-26T19:21:55.550+09:00,,53,74,52,259,3353,1258,THROTTLED,100,0
ullm-sq8_0-f32-kv-p1024,2026-07-26T19:21:56.551+09:00,2026-07-26T19:21:56.716+09:00,,54,75,52,255,3429,1258,THROTTLED,100,0
ullm-sq8_0-f32-kv-p1024,2026-07-26T19:21:57.717+09:00,2026-07-26T19:21:57.923+09:00,,56,74,54,265,3423,1258,THROTTLED,100,0
ullm-sq8_0-f32-kv-p1024,2026-07-26T19:21:58.924+09:00,2026-07-26T19:21:59.117+09:00,,57,76,56,194,2905,1258,THROTTLED,100,3
ullm-sq8_0-f32-kv-p1024,2026-07-26T19:22:00.118+09:00,2026-07-26T19:22:00.294+09:00,,58,78,56,252,3421,1258,THROTTLED,100,0
ullm-sq8_0-f32-kv-p1024,2026-07-26T19:22:01.295+09:00,2026-07-26T19:22:01.476+09:00,,59,79,58,262,3176,1258,THROTTLED,100,12
ullm-sq8_0-f32-kv-p1024,2026-07-26T19:22:02.477+09:00,2026-07-26T19:22:02.651+09:00,,60,80,58,172,2568,1258,UNTHROTTLED,100,1
ullm-sq8_0-f32-kv-p1024,2026-07-26T19:22:03.652+09:00,2026-07-26T19:22:03.830+09:00,,61,80,60,425,3404,1258,THROTTLED,100,51
ullm-sq8_0-f32-kv-p1024,2026-07-26T19:22:04.831+09:00,2026-07-26T19:22:05.010+09:00,,62,82,60,265,3191,1258,THROTTLED,100,9
ullm-sq8_0-f32-kv-p1024,2026-07-26T19:22:06.011+09:00,2026-07-26T19:22:06.211+09:00,,63,84,62,267,3261,1258,THROTTLED,100,5
ullm-sq8_0-f32-kv-p1024,2026-07-26T19:22:06.844+09:00,2026-07-26T19:22:07.030+09:00,immediately-after-process,63,70,64,221,3218,772,THROTTLED,95,7
ullm-sq8_0-f32-kv-p1024,2026-07-26T19:22:07.032+09:00,2026-07-26T19:22:07.219+09:00,poller-stop,62,64,60,21,1111,96,UNTHROTTLED,10,0
llama-cpp-q8_0-f32-kv-p1024,2026-07-26T19:25:50.909+09:00,2026-07-26T19:25:51.112+09:00,poller-start,41,41,40,13,140,96,UNTHROTTLED,3,0
llama-cpp-q8_0-f32-kv-p1024,2026-07-26T19:25:51.113+09:00,2026-07-26T19:25:51.296+09:00,,41,42,40,14,1194,96,UNTHROTTLED,11,0
llama-cpp-q8_0-f32-kv-p1024,2026-07-26T19:25:51.113+09:00,2026-07-26T19:25:51.321+09:00,immediately-before-process,41,42,40,16,41,96,UNTHROTTLED,3,0
llama-cpp-q8_0-f32-kv-p1024,2026-07-26T19:25:52.297+09:00,2026-07-26T19:25:52.498+09:00,,41,42,40,16,41,96,UNTHROTTLED,3,0
llama-cpp-q8_0-f32-kv-p1024,2026-07-26T19:25:53.499+09:00,2026-07-26T19:25:53.686+09:00,,41,41,40,15,41,96,UNTHROTTLED,3,0
llama-cpp-q8_0-f32-kv-p1024,2026-07-26T19:25:54.687+09:00,2026-07-26T19:25:54.873+09:00,,42,43,42,58,2828,875,UNTHROTTLED,100,3
llama-cpp-q8_0-f32-kv-p1024,2026-07-26T19:25:55.874+09:00,2026-07-26T19:25:56.050+09:00,,42,42,40,13,41,96,UNTHROTTLED,3,0
llama-cpp-q8_0-f32-kv-p1024,2026-07-26T19:25:57.051+09:00,2026-07-26T19:25:57.229+09:00,,45,54,46,259,3116,1258,THROTTLED,96,25
llama-cpp-q8_0-f32-kv-p1024,2026-07-26T19:25:58.229+09:00,2026-07-26T19:25:58.411+09:00,,46,64,48,257,3043,1258,THROTTLED,96,25
llama-cpp-q8_0-f32-kv-p1024,2026-07-26T19:25:59.412+09:00,2026-07-26T19:25:59.624+09:00,,48,65,50,333,3146,1258,UNTHROTTLED,100,34
llama-cpp-q8_0-f32-kv-p1024,2026-07-26T19:26:00.624+09:00,2026-07-26T19:26:00.822+09:00,,49,62,50,238,2771,1258,THROTTLED,100,30
llama-cpp-q8_0-f32-kv-p1024,2026-07-26T19:26:01.822+09:00,2026-07-26T19:26:02.033+09:00,,50,68,52,256,3005,1258,THROTTLED,95,24
llama-cpp-q8_0-f32-kv-p1024,2026-07-26T19:26:02.247+09:00,2026-07-26T19:26:02.452+09:00,immediately-after-process,48,50,48,15,921,96,UNTHROTTLED,11,0
llama-cpp-q8_0-f32-kv-p1024,2026-07-26T19:26:02.454+09:00,2026-07-26T19:26:02.661+09:00,poller-stop,48,49,48,14,41,96,THROTTLED,3,0
llama-cpp-q8_0-f16-kv-p1024,2026-07-26T19:27:57.310+09:00,2026-07-26T19:27:57.523+09:00,poller-start,41,41,40,13,41,96,UNTHROTTLED,3,0
llama-cpp-q8_0-f16-kv-p1024,2026-07-26T19:27:57.525+09:00,2026-07-26T19:27:57.718+09:00,immediately-before-process,41,42,40,16,41,96,UNTHROTTLED,3,0
llama-cpp-q8_0-f16-kv-p1024,2026-07-26T19:27:57.524+09:00,2026-07-26T19:27:57.748+09:00,,41,42,40,13,41,96,UNTHROTTLED,3,0
llama-cpp-q8_0-f16-kv-p1024,2026-07-26T19:27:58.748+09:00,2026-07-26T19:27:58.963+09:00,,41,41,40,8,11,96,THROTTLED,1,0
llama-cpp-q8_0-f16-kv-p1024,2026-07-26T19:27:59.964+09:00,2026-07-26T19:28:00.179+09:00,,41,41,40,12,41,96,UNTHROTTLED,3,0
llama-cpp-q8_0-f16-kv-p1024,2026-07-26T19:28:01.180+09:00,2026-07-26T19:28:01.359+09:00,,42,43,42,40,2200,875,THROTTLED,42,2
llama-cpp-q8_0-f16-kv-p1024,2026-07-26T19:28:02.360+09:00,2026-07-26T19:28:02.562+09:00,,41,42,40,13,41,96,UNTHROTTLED,3,0
llama-cpp-q8_0-f16-kv-p1024,2026-07-26T19:28:03.563+09:00,2026-07-26T19:28:03.741+09:00,,44,62,46,246,3148,1258,THROTTLED,100,23
llama-cpp-q8_0-f16-kv-p1024,2026-07-26T19:28:04.742+09:00,2026-07-26T19:28:04.907+09:00,,46,64,46,253,3013,1258,THROTTLED,95,24
llama-cpp-q8_0-f16-kv-p1024,2026-07-26T19:28:05.907+09:00,2026-07-26T19:28:06.086+09:00,,47,64,48,247,3096,1258,THROTTLED,100,18
llama-cpp-q8_0-f16-kv-p1024,2026-07-26T19:28:07.087+09:00,2026-07-26T19:28:07.284+09:00,,49,66,50,267,3064,1258,THROTTLED,96,25
llama-cpp-q8_0-f16-kv-p1024,2026-07-26T19:28:08.285+09:00,2026-07-26T19:28:08.458+09:00,,50,69,52,278,3100,1258,THROTTLED,97,25
llama-cpp-q8_0-f16-kv-p1024,2026-07-26T19:28:08.772+09:00,2026-07-26T19:28:08.982+09:00,immediately-after-process,49,50,48,14,41,96,UNTHROTTLED,3,0
llama-cpp-q8_0-f16-kv-p1024,2026-07-26T19:28:08.983+09:00,2026-07-26T19:28:09.215+09:00,poller-stop,48,49,48,15,1177,96,UNTHROTTLED,11,0
ullm-sq8_0-f32-kv-p2048,2026-07-26T19:30:08.977+09:00,2026-07-26T19:30:09.181+09:00,poller-start,41,42,40,13,41,96,UNTHROTTLED,3,0
ullm-sq8_0-f32-kv-p2048,2026-07-26T19:30:09.182+09:00,2026-07-26T19:30:09.383+09:00,,41,41,40,14,59,96,UNTHROTTLED,1,0
ullm-sq8_0-f32-kv-p2048,2026-07-26T19:30:09.182+09:00,2026-07-26T19:30:09.386+09:00,immediately-before-process,41,42,40,15,59,96,UNTHROTTLED,1,0
ullm-sq8_0-f32-kv-p2048,2026-07-26T19:30:10.385+09:00,2026-07-26T19:30:10.593+09:00,,41,42,40,14,1022,96,UNTHROTTLED,11,0
ullm-sq8_0-f32-kv-p2048,2026-07-26T19:30:11.594+09:00,2026-07-26T19:30:11.794+09:00,,40,41,40,17,41,96,UNTHROTTLED,3,0
ullm-sq8_0-f32-kv-p2048,2026-07-26T19:30:12.795+09:00,2026-07-26T19:30:12.986+09:00,,41,41,40,15,41,96,UNTHROTTLED,3,0
ullm-sq8_0-f32-kv-p2048,2026-07-26T19:30:13.987+09:00,2026-07-26T19:30:14.196+09:00,,41,42,38,15,41,96,UNTHROTTLED,3,0
ullm-sq8_0-f32-kv-p2048,2026-07-26T19:30:15.196+09:00,2026-07-26T19:30:15.374+09:00,,41,41,39,14,943,96,UNTHROTTLED,7,0
ullm-sq8_0-f32-kv-p2048,2026-07-26T19:30:16.375+09:00,2026-07-26T19:30:16.564+09:00,,41,42,38,16,41,96,UNTHROTTLED,3,0
ullm-sq8_0-f32-kv-p2048,2026-07-26T19:30:17.565+09:00,2026-07-26T19:30:17.755+09:00,,40,41,38,11,41,96,UNTHROTTLED,3,0
ullm-sq8_0-f32-kv-p2048,2026-07-26T19:30:18.756+09:00,2026-07-26T19:30:18.949+09:00,,41,41,40,13,41,96,UNTHROTTLED,3,0
ullm-sq8_0-f32-kv-p2048,2026-07-26T19:30:19.950+09:00,2026-07-26T19:30:20.140+09:00,,40,41,38,15,41,96,UNTHROTTLED,3,0
ullm-sq8_0-f32-kv-p2048,2026-07-26T19:30:21.141+09:00,2026-07-26T19:30:21.323+09:00,,40,41,40,8,6,96,THROTTLED,1,0
ullm-sq8_0-f32-kv-p2048,2026-07-26T19:30:22.324+09:00,2026-07-26T19:30:22.523+09:00,,40,41,38,13,41,96,UNTHROTTLED,3,0
ullm-sq8_0-f32-kv-p2048,2026-07-26T19:30:23.524+09:00,2026-07-26T19:30:23.726+09:00,,40,41,38,16,41,96,UNTHROTTLED,3,0
ullm-sq8_0-f32-kv-p2048,2026-07-26T19:30:24.727+09:00,2026-07-26T19:30:24.944+09:00,,41,41,38,14,28,96,UNTHROTTLED,3,0
ullm-sq8_0-f32-kv-p2048,2026-07-26T19:30:25.945+09:00,2026-07-26T19:30:26.135+09:00,,40,41,38,16,41,96,UNTHROTTLED,3,0
ullm-sq8_0-f32-kv-p2048,2026-07-26T19:30:27.136+09:00,2026-07-26T19:30:27.325+09:00,,40,41,38,13,41,96,UNTHROTTLED,3,0
ullm-sq8_0-f32-kv-p2048,2026-07-26T19:30:28.326+09:00,2026-07-26T19:30:28.535+09:00,,40,41,38,17,41,96,UNTHROTTLED,3,0
ullm-sq8_0-f32-kv-p2048,2026-07-26T19:30:29.535+09:00,2026-07-26T19:30:29.722+09:00,,40,41,38,15,41,96,UNTHROTTLED,3,0
ullm-sq8_0-f32-kv-p2048,2026-07-26T19:30:30.723+09:00,2026-07-26T19:30:30.915+09:00,,40,41,38,11,41,96,UNTHROTTLED,3,0
ullm-sq8_0-f32-kv-p2048,2026-07-26T19:30:31.916+09:00,2026-07-26T19:30:32.105+09:00,,41,41,38,14,41,96,UNTHROTTLED,3,0
ullm-sq8_0-f32-kv-p2048,2026-07-26T19:30:33.105+09:00,2026-07-26T19:30:33.298+09:00,,40,41,38,13,28,96,UNTHROTTLED,2,0
ullm-sq8_0-f32-kv-p2048,2026-07-26T19:30:34.299+09:00,2026-07-26T19:30:34.479+09:00,,40,41,38,12,41,96,UNTHROTTLED,3,0
ullm-sq8_0-f32-kv-p2048,2026-07-26T19:30:35.479+09:00,2026-07-26T19:30:35.687+09:00,,40,41,38,14,1131,96,UNTHROTTLED,8,0
ullm-sq8_0-f32-kv-p2048,2026-07-26T19:30:36.688+09:00,2026-07-26T19:30:36.923+09:00,,40,41,38,8,5,96,THROTTLED,1,0
ullm-sq8_0-f32-kv-p2048,2026-07-26T19:30:37.924+09:00,2026-07-26T19:30:38.147+09:00,,40,41,38,15,964,96,UNTHROTTLED,6,0
ullm-sq8_0-f32-kv-p2048,2026-07-26T19:30:39.148+09:00,2026-07-26T19:30:39.362+09:00,,40,41,38,16,68,96,UNTHROTTLED,4,0
ullm-sq8_0-f32-kv-p2048,2026-07-26T19:30:40.363+09:00,2026-07-26T19:30:40.564+09:00,,40,41,38,12,1193,96,UNTHROTTLED,9,0
ullm-sq8_0-f32-kv-p2048,2026-07-26T19:30:41.564+09:00,2026-07-26T19:30:41.752+09:00,,40,41,40,29,41,772,THROTTLED,3,0
ullm-sq8_0-f32-kv-p2048,2026-07-26T19:30:42.753+09:00,2026-07-26T19:30:42.969+09:00,,40,41,40,29,131,772,UNTHROTTLED,4,0
ullm-sq8_0-f32-kv-p2048,2026-07-26T19:30:43.971+09:00,2026-07-26T19:30:44.160+09:00,,40,41,40,14,41,96,UNTHROTTLED,3,0
ullm-sq8_0-f32-kv-p2048,2026-07-26T19:30:45.161+09:00,2026-07-26T19:30:45.336+09:00,,40,42,40,32,2626,772,UNTHROTTLED,7,0
ullm-sq8_0-f32-kv-p2048,2026-07-26T19:30:46.337+09:00,2026-07-26T19:30:46.523+09:00,,41,42,40,25,1005,772,THROTTLED,6,0
ullm-sq8_0-f32-kv-p2048,2026-07-26T19:30:47.524+09:00,2026-07-26T19:30:47.693+09:00,,41,42,40,27,1060,772,THROTTLED,7,0
ullm-sq8_0-f32-kv-p2048,2026-07-26T19:30:48.694+09:00,2026-07-26T19:30:48.876+09:00,,41,42,40,26,1024,772,THROTTLED,7,0
ullm-sq8_0-f32-kv-p2048,2026-07-26T19:30:49.877+09:00,2026-07-26T19:30:50.064+09:00,,41,42,40,28,2840,772,THROTTLED,7,0
ullm-sq8_0-f32-kv-p2048,2026-07-26T19:30:51.065+09:00,2026-07-26T19:30:51.251+09:00,,41,42,40,13,41,96,UNTHROTTLED,3,0
ullm-sq8_0-f32-kv-p2048,2026-07-26T19:30:52.252+09:00,2026-07-26T19:30:52.436+09:00,,41,42,40,31,41,772,UNTHROTTLED,3,0
ullm-sq8_0-f32-kv-p2048,2026-07-26T19:30:53.437+09:00,2026-07-26T19:30:53.608+09:00,,42,42,40,31,2840,772,UNTHROTTLED,7,0
ullm-sq8_0-f32-kv-p2048,2026-07-26T19:30:54.610+09:00,2026-07-26T19:30:54.792+09:00,,41,42,40,21,953,772,THROTTLED,6,0
ullm-sq8_0-f32-kv-p2048,2026-07-26T19:30:55.793+09:00,2026-07-26T19:30:56.035+09:00,,41,42,40,26,1005,772,THROTTLED,6,0
ullm-sq8_0-f32-kv-p2048,2026-07-26T19:30:57.036+09:00,2026-07-26T19:30:57.243+09:00,,41,42,40,24,990,772,THROTTLED,6,0
ullm-sq8_0-f32-kv-p2048,2026-07-26T19:30:58.244+09:00,2026-07-26T19:30:58.414+09:00,,41,42,42,25,1017,96,THROTTLED,6,0
ullm-sq8_0-f32-kv-p2048,2026-07-26T19:30:59.415+09:00,2026-07-26T19:30:59.590+09:00,,42,42,42,30,135,772,UNTHROTTLED,3,0
ullm-sq8_0-f32-kv-p2048,2026-07-26T19:31:00.592+09:00,2026-07-26T19:31:00.765+09:00,,42,42,42,25,1034,772,THROTTLED,6,0
ullm-sq8_0-f32-kv-p2048,2026-07-26T19:31:01.766+09:00,2026-07-26T19:31:01.989+09:00,,42,43,42,30,41,772,UNTHROTTLED,3,0
ullm-sq8_0-f32-kv-p2048,2026-07-26T19:31:02.989+09:00,2026-07-26T19:31:03.175+09:00,,42,42,40,23,956,772,THROTTLED,6,0
ullm-sq8_0-f32-kv-p2048,2026-07-26T19:31:04.176+09:00,2026-07-26T19:31:04.358+09:00,,42,42,40,14,27,96,UNTHROTTLED,3,0
ullm-sq8_0-f32-kv-p2048,2026-07-26T19:31:05.359+09:00,2026-07-26T19:31:05.533+09:00,,42,43,42,24,1026,772,THROTTLED,7,0
ullm-sq8_0-f32-kv-p2048,2026-07-26T19:31:06.534+09:00,2026-07-26T19:31:06.716+09:00,,42,42,42,12,41,96,UNTHROTTLED,3,0
ullm-sq8_0-f32-kv-p2048,2026-07-26T19:31:07.717+09:00,2026-07-26T19:31:07.901+09:00,,42,42,42,13,41,96,UNTHROTTLED,3,0
ullm-sq8_0-f32-kv-p2048,2026-07-26T19:31:08.901+09:00,2026-07-26T19:31:09.117+09:00,,42,43,42,23,971,772,THROTTLED,6,0
ullm-sq8_0-f32-kv-p2048,2026-07-26T19:31:10.118+09:00,2026-07-26T19:31:10.302+09:00,,42,42,40,16,41,96,UNTHROTTLED,3,0
ullm-sq8_0-f32-kv-p2048,2026-07-26T19:31:11.303+09:00,2026-07-26T19:31:11.472+09:00,,42,43,42,24,994,772,THROTTLED,6,0
ullm-sq8_0-f32-kv-p2048,2026-07-26T19:31:12.474+09:00,2026-07-26T19:31:12.655+09:00,,42,43,42,27,1053,772,THROTTLED,7,0
ullm-sq8_0-f32-kv-p2048,2026-07-26T19:31:13.657+09:00,2026-07-26T19:31:13.839+09:00,,42,42,42,14,41,96,UNTHROTTLED,3,0
ullm-sq8_0-f32-kv-p2048,2026-07-26T19:31:14.841+09:00,2026-07-26T19:31:15.048+09:00,,42,43,40,14,41,96,UNTHROTTLED,3,0
ullm-sq8_0-f32-kv-p2048,2026-07-26T19:31:16.049+09:00,2026-07-26T19:31:16.253+09:00,,42,43,40,16,41,96,UNTHROTTLED,3,0
ullm-sq8_0-f32-kv-p2048,2026-07-26T19:31:17.255+09:00,2026-07-26T19:31:17.446+09:00,,42,43,42,13,2761,96,UNTHROTTLED,7,0
ullm-sq8_0-f32-kv-p2048,2026-07-26T19:31:18.447+09:00,2026-07-26T19:31:18.622+09:00,,42,43,42,31,22,456,UNTHROTTLED,0,0
ullm-sq8_0-f32-kv-p2048,2026-07-26T19:31:19.623+09:00,2026-07-26T19:31:19.835+09:00,,42,42,42,16,41,96,UNTHROTTLED,4,0
ullm-sq8_0-f32-kv-p2048,2026-07-26T19:31:20.836+09:00,2026-07-26T19:31:21.035+09:00,,42,43,42,35,81,772,UNTHROTTLED,1,0
ullm-sq8_0-f32-kv-p2048,2026-07-26T19:31:22.036+09:00,2026-07-26T19:31:22.209+09:00,,42,43,42,23,964,772,THROTTLED,6,0
ullm-sq8_0-f32-kv-p2048,2026-07-26T19:31:23.211+09:00,2026-07-26T19:31:23.434+09:00,,42,43,42,35,795,96,UNTHROTTLED,48,11
ullm-sq8_0-f32-kv-p2048,2026-07-26T19:31:24.435+09:00,2026-07-26T19:31:24.623+09:00,,42,43,42,22,960,772,THROTTLED,6,0
ullm-sq8_0-f32-kv-p2048,2026-07-26T19:31:25.624+09:00,2026-07-26T19:31:25.801+09:00,,42,43,42,12,41,96,UNTHROTTLED,3,0
ullm-sq8_0-f32-kv-p2048,2026-07-26T19:31:26.802+09:00,2026-07-26T19:31:27.025+09:00,,42,43,42,29,41,772,UNTHROTTLED,3,0
ullm-sq8_0-f32-kv-p2048,2026-07-26T19:31:28.026+09:00,2026-07-26T19:31:28.218+09:00,,42,43,42,16,2494,96,UNTHROTTLED,8,0
ullm-sq8_0-f32-kv-p2048,2026-07-26T19:31:29.221+09:00,2026-07-26T19:31:29.401+09:00,,42,43,42,55,1082,772,UNTHROTTLED,100,2
ullm-sq8_0-f32-kv-p2048,2026-07-26T19:31:30.403+09:00,2026-07-26T19:31:30.594+09:00,,42,43,42,12,41,96,UNTHROTTLED,3,0
ullm-sq8_0-f32-kv-p2048,2026-07-26T19:31:31.595+09:00,2026-07-26T19:31:31.776+09:00,,43,43,42,29,142,772,UNTHROTTLED,3,0
ullm-sq8_0-f32-kv-p2048,2026-07-26T19:31:32.777+09:00,2026-07-26T19:31:32.953+09:00,,43,43,42,30,41,772,UNTHROTTLED,3,0
ullm-sq8_0-f32-kv-p2048,2026-07-26T19:31:33.954+09:00,2026-07-26T19:31:34.146+09:00,,43,44,42,25,1015,772,THROTTLED,7,0
ullm-sq8_0-f32-kv-p2048,2026-07-26T19:31:35.147+09:00,2026-07-26T19:31:35.323+09:00,,43,44,42,30,41,772,THROTTLED,3,0
ullm-sq8_0-f32-kv-p2048,2026-07-26T19:31:36.323+09:00,2026-07-26T19:31:36.504+09:00,,43,44,42,37,2825,772,UNTHROTTLED,45,0
ullm-sq8_0-f32-kv-p2048,2026-07-26T19:31:37.505+09:00,2026-07-26T19:31:37.694+09:00,,43,44,42,30,1022,772,THROTTLED,7,0
ullm-sq8_0-f32-kv-p2048,2026-07-26T19:31:38.695+09:00,2026-07-26T19:31:38.889+09:00,,43,44,42,29,1082,96,THROTTLED,9,0
ullm-sq8_0-f32-kv-p2048,2026-07-26T19:31:39.890+09:00,2026-07-26T19:31:40.057+09:00,,43,44,44,32,1135,772,THROTTLED,9,0
ullm-sq8_0-f32-kv-p2048,2026-07-26T19:31:41.059+09:00,2026-07-26T19:31:41.241+09:00,,43,44,44,32,1161,772,THROTTLED,9,0
ullm-sq8_0-f32-kv-p2048,2026-07-26T19:31:42.242+09:00,2026-07-26T19:31:42.419+09:00,,43,44,42,32,1150,772,THROTTLED,9,0
ullm-sq8_0-f32-kv-p2048,2026-07-26T19:31:43.420+09:00,2026-07-26T19:31:43.629+09:00,,46,64,46,150,3240,1258,THROTTLED,100,1
ullm-sq8_0-f32-kv-p2048,2026-07-26T19:31:44.630+09:00,2026-07-26T19:31:44.798+09:00,,48,68,46,245,3222,1258,THROTTLED,100,7
ullm-sq8_0-f32-kv-p2048,2026-07-26T19:31:45.799+09:00,2026-07-26T19:31:45.982+09:00,,49,69,48,259,3355,1258,THROTTLED,100,0
ullm-sq8_0-f32-kv-p2048,2026-07-26T19:31:46.983+09:00,2026-07-26T19:31:47.159+09:00,,51,70,48,246,3380,1258,THROTTLED,100,0
ullm-sq8_0-f32-kv-p2048,2026-07-26T19:31:48.160+09:00,2026-07-26T19:31:48.328+09:00,,52,72,50,248,3310,1258,THROTTLED,100,3
ullm-sq8_0-f32-kv-p2048,2026-07-26T19:31:49.328+09:00,2026-07-26T19:31:49.519+09:00,,53,73,50,251,3358,1258,THROTTLED,100,0
ullm-sq8_0-f32-kv-p2048,2026-07-26T19:31:50.519+09:00,2026-07-26T19:31:50.707+09:00,,54,74,52,246,3319,1258,THROTTLED,100,3
ullm-sq8_0-f32-kv-p2048,2026-07-26T19:31:51.709+09:00,2026-07-26T19:31:51.885+09:00,,55,75,52,247,3324,1258,THROTTLED,100,3
ullm-sq8_0-f32-kv-p2048,2026-07-26T19:31:52.888+09:00,2026-07-26T19:31:53.079+09:00,,56,76,54,249,3366,1258,THROTTLED,100,0
ullm-sq8_0-f32-kv-p2048,2026-07-26T19:31:54.081+09:00,2026-07-26T19:31:54.298+09:00,,57,78,56,133,2794,1258,THROTTLED,100,1
ullm-sq8_0-f32-kv-p2048,2026-07-26T19:31:55.299+09:00,2026-07-26T19:31:55.507+09:00,,59,80,56,262,3235,1258,THROTTLED,100,7
ullm-sq8_0-f32-kv-p2048,2026-07-26T19:31:56.508+09:00,2026-07-26T19:31:56.703+09:00,,60,80,58,263,3270,1258,THROTTLED,100,5
ullm-sq8_0-f32-kv-p2048,2026-07-26T19:31:57.704+09:00,2026-07-26T19:31:57.891+09:00,,61,81,58,256,3292,1258,THROTTLED,100,4
ullm-sq8_0-f32-kv-p2048,2026-07-26T19:31:58.892+09:00,2026-07-26T19:31:59.064+09:00,,62,82,60,257,3297,1258,THROTTLED,100,3
ullm-sq8_0-f32-kv-p2048,2026-07-26T19:32:00.066+09:00,2026-07-26T19:32:00.249+09:00,,63,83,60,257,3349,1258,UNTHROTTLED,100,0
ullm-sq8_0-f32-kv-p2048,2026-07-26T19:32:01.250+09:00,2026-07-26T19:32:01.419+09:00,,64,84,62,176,2972,1258,UNTHROTTLED,100,1
ullm-sq8_0-f32-kv-p2048,2026-07-26T19:32:02.420+09:00,2026-07-26T19:32:02.581+09:00,,64,84,62,257,3307,1258,THROTTLED,100,3
ullm-sq8_0-f32-kv-p2048,2026-07-26T19:32:03.582+09:00,2026-07-26T19:32:03.765+09:00,,65,86,64,258,3310,1258,THROTTLED,100,2
ullm-sq8_0-f32-kv-p2048,2026-07-26T19:32:04.765+09:00,2026-07-26T19:32:04.965+09:00,,66,87,66,162,2705,1258,THROTTLED,100,1
ullm-sq8_0-f32-kv-p2048,2026-07-26T19:32:05.965+09:00,2026-07-26T19:32:06.157+09:00,,67,88,66,271,3230,1258,THROTTLED,100,8
ullm-sq8_0-f32-kv-p2048,2026-07-26T19:32:07.158+09:00,2026-07-26T19:32:07.357+09:00,,68,89,66,265,3405,1258,THROTTLED,100,0
ullm-sq8_0-f32-kv-p2048,2026-07-26T19:32:08.359+09:00,2026-07-26T19:32:08.543+09:00,,69,90,68,267,3280,1258,THROTTLED,100,4
ullm-sq8_0-f32-kv-p2048,2026-07-26T19:32:09.544+09:00,2026-07-26T19:32:09.713+09:00,,70,91,68,266,3289,1258,THROTTLED,100,3
ullm-sq8_0-f32-kv-p2048,2026-07-26T19:32:10.713+09:00,2026-07-26T19:32:10.953+09:00,,70,93,68,266,3293,1258,THROTTLED,100,3
ullm-sq8_0-f32-kv-p2048,2026-07-26T19:32:11.954+09:00,2026-07-26T19:32:12.124+09:00,,71,93,70,268,3327,1258,THROTTLED,100,0
ullm-sq8_0-f32-kv-p2048,2026-07-26T19:32:13.125+09:00,2026-07-26T19:32:13.289+09:00,,72,93,70,269,3336,1258,THROTTLED,100,0
ullm-sq8_0-f32-kv-p2048,2026-07-26T19:32:14.290+09:00,2026-07-26T19:32:14.478+09:00,,72,94,72,269,3330,1258,THROTTLED,100,0
ullm-sq8_0-f32-kv-p2048,2026-07-26T19:32:15.479+09:00,2026-07-26T19:32:15.662+09:00,,73,92,72,281,2421,1258,THROTTLED,100,21
ullm-sq8_0-f32-kv-p2048,2026-07-26T19:32:16.663+09:00,2026-07-26T19:32:16.829+09:00,,73,94,72,280,3205,1258,THROTTLED,100,9
ullm-sq8_0-f32-kv-p2048,2026-07-26T19:32:17.829+09:00,2026-07-26T19:32:18.007+09:00,,73,95,74,282,3323,1258,THROTTLED,100,0
ullm-sq8_0-f32-kv-p2048,2026-07-26T19:32:19.011+09:00,2026-07-26T19:32:19.193+09:00,,73,94,74,276,3272,1258,THROTTLED,100,4
ullm-sq8_0-f32-kv-p2048,2026-07-26T19:32:20.194+09:00,2026-07-26T19:32:20.376+09:00,,74,95,74,272,3325,1258,THROTTLED,100,0
ullm-sq8_0-f32-kv-p2048,2026-07-26T19:32:21.376+09:00,2026-07-26T19:32:21.574+09:00,,74,95,74,273,3287,1258,THROTTLED,100,3
ullm-sq8_0-f32-kv-p2048,2026-07-26T19:32:22.575+09:00,2026-07-26T19:32:22.782+09:00,,74,95,74,272,3291,1258,THROTTLED,100,3
ullm-sq8_0-f32-kv-p2048,2026-07-26T19:32:23.783+09:00,2026-07-26T19:32:23.969+09:00,,74,96,74,273,3294,1258,THROTTLED,100,3
ullm-sq8_0-f32-kv-p2048,2026-07-26T19:32:24.970+09:00,2026-07-26T19:32:25.162+09:00,,74,95,76,272,3295,1258,THROTTLED,100,2
ullm-sq8_0-f32-kv-p2048,2026-07-26T19:32:26.163+09:00,2026-07-26T19:32:26.341+09:00,,74,96,76,174,3315,1258,THROTTLED,100,6
ullm-sq8_0-f32-kv-p2048,2026-07-26T19:32:27.341+09:00,2026-07-26T19:32:27.562+09:00,,74,95,76,283,3175,1258,THROTTLED,99,11
ullm-sq8_0-f32-kv-p2048,2026-07-26T19:32:28.563+09:00,2026-07-26T19:32:28.740+09:00,,74,96,76,284,3244,1258,THROTTLED,100,6
ullm-sq8_0-f32-kv-p2048,2026-07-26T19:32:29.742+09:00,2026-07-26T19:32:29.919+09:00,,74,94,76,392,3328,1258,THROTTLED,100,42
ullm-sq8_0-f32-kv-p2048,2026-07-26T19:32:30.920+09:00,2026-07-26T19:32:31.103+09:00,,74,95,76,275,3324,1258,THROTTLED,100,0
ullm-sq8_0-f32-kv-p2048,2026-07-26T19:32:32.105+09:00,2026-07-26T19:32:32.283+09:00,,73,94,76,272,3336,1258,THROTTLED,100,0
ullm-sq8_0-f32-kv-p2048,2026-07-26T19:32:33.285+09:00,2026-07-26T19:32:33.482+09:00,,73,94,76,375,3294,1258,THROTTLED,100,36
ullm-sq8_0-f32-kv-p2048,2026-07-26T19:32:34.483+09:00,2026-07-26T19:32:34.669+09:00,,74,95,76,277,3325,1258,UNTHROTTLED,100,0
ullm-sq8_0-f32-kv-p2048,2026-07-26T19:32:35.670+09:00,2026-07-26T19:32:35.859+09:00,,73,94,76,272,3297,1258,THROTTLED,100,2
ullm-sq8_0-f32-kv-p2048,2026-07-26T19:32:36.860+09:00,2026-07-26T19:32:37.056+09:00,,74,94,76,271,3302,1258,THROTTLED,100,2
ullm-sq8_0-f32-kv-p2048,2026-07-26T19:32:38.057+09:00,2026-07-26T19:32:38.289+09:00,,73,94,78,153,2585,1258,THROTTLED,100,1
ullm-sq8_0-f32-kv-p2048,2026-07-26T19:32:39.290+09:00,2026-07-26T19:32:39.488+09:00,,73,96,78,284,3319,1258,THROTTLED,100,0
ullm-sq8_0-f32-kv-p2048,2026-07-26T19:32:40.489+09:00,2026-07-26T19:32:40.693+09:00,,73,95,78,278,3327,1258,THROTTLED,100,0
ullm-sq8_0-f32-kv-p2048,2026-07-26T19:32:41.694+09:00,2026-07-26T19:32:41.867+09:00,,74,94,78,276,3280,1258,THROTTLED,100,4
ullm-sq8_0-f32-kv-p2048,2026-07-26T19:32:42.867+09:00,2026-07-26T19:32:43.041+09:00,,73,94,78,273,3290,1258,THROTTLED,100,3
ullm-sq8_0-f32-kv-p2048,2026-07-26T19:32:44.043+09:00,2026-07-26T19:32:44.214+09:00,,73,95,78,272,3329,1258,THROTTLED,100,0
ullm-sq8_0-f32-kv-p2048,2026-07-26T19:32:45.214+09:00,2026-07-26T19:32:45.480+09:00,,74,95,78,278,3323,1258,THROTTLED,100,0
ullm-sq8_0-f32-kv-p2048,2026-07-26T19:32:46.481+09:00,2026-07-26T19:32:46.646+09:00,,74,94,78,274,3330,1258,THROTTLED,100,0
ullm-sq8_0-f32-kv-p2048,2026-07-26T19:32:47.647+09:00,2026-07-26T19:32:47.805+09:00,,73,94,78,264,3265,1258,THROTTLED,98,2
ullm-sq8_0-f32-kv-p2048,2026-07-26T19:32:48.221+09:00,2026-07-26T19:32:48.401+09:00,immediately-after-process,73,81,80,42,41,772,UNTHROTTLED,3,0
ullm-sq8_0-f32-kv-p2048,2026-07-26T19:32:48.403+09:00,2026-07-26T19:32:48.596+09:00,poller-stop,72,75,76,21,41,96,UNTHROTTLED,3,0
llama-cpp-q8_0-f32-kv-p2048,2026-07-26T19:35:45.442+09:00,2026-07-26T19:35:45.623+09:00,poller-start,41,41,40,11,34,96,THROTTLED,4,0
llama-cpp-q8_0-f32-kv-p2048,2026-07-26T19:35:45.623+09:00,2026-07-26T19:35:45.807+09:00,immediately-before-process,41,41,40,11,44,96,THROTTLED,4,0
llama-cpp-q8_0-f32-kv-p2048,2026-07-26T19:35:45.623+09:00,2026-07-26T19:35:45.814+09:00,,41,41,40,12,41,96,UNTHROTTLED,3,0
llama-cpp-q8_0-f32-kv-p2048,2026-07-26T19:35:46.815+09:00,2026-07-26T19:35:47.011+09:00,,41,42,40,12,140,96,UNTHROTTLED,3,0
llama-cpp-q8_0-f32-kv-p2048,2026-07-26T19:35:48.012+09:00,2026-07-26T19:35:48.211+09:00,,41,42,40,13,1193,96,UNTHROTTLED,11,0
llama-cpp-q8_0-f32-kv-p2048,2026-07-26T19:35:49.213+09:00,2026-07-26T19:35:49.422+09:00,,42,43,42,38,2015,875,THROTTLED,39,2
llama-cpp-q8_0-f32-kv-p2048,2026-07-26T19:35:50.423+09:00,2026-07-26T19:35:50.601+09:00,,42,43,42,31,41,772,UNTHROTTLED,3,0
llama-cpp-q8_0-f32-kv-p2048,2026-07-26T19:35:51.603+09:00,2026-07-26T19:35:51.820+09:00,,42,43,42,46,81,1124,UNTHROTTLED,1,0
llama-cpp-q8_0-f32-kv-p2048,2026-07-26T19:35:52.821+09:00,2026-07-26T19:35:53.051+09:00,,45,59,46,280,3067,1258,THROTTLED,100,29
llama-cpp-q8_0-f32-kv-p2048,2026-07-26T19:35:54.052+09:00,2026-07-26T19:35:54.337+09:00,,46,62,48,308,3126,1258,THROTTLED,100,32
llama-cpp-q8_0-f32-kv-p2048,2026-07-26T19:35:55.338+09:00,2026-07-26T19:35:55.750+09:00,,48,66,50,266,3098,1258,THROTTLED,100,24
llama-cpp-q8_0-f32-kv-p2048,2026-07-26T19:35:56.751+09:00,2026-07-26T19:35:57.010+09:00,,50,65,52,212,3078,1258,THROTTLED,100,16
llama-cpp-q8_0-f32-kv-p2048,2026-07-26T19:35:58.011+09:00,2026-07-26T19:35:58.286+09:00,,50,68,52,247,2954,1258,THROTTLED,93,23
llama-cpp-q8_0-f32-kv-p2048,2026-07-26T19:35:59.288+09:00,2026-07-26T19:35:59.483+09:00,,52,69,54,239,2893,1258,THROTTLED,91,22
llama-cpp-q8_0-f32-kv-p2048,2026-07-26T19:36:00.484+09:00,2026-07-26T19:36:00.747+09:00,,53,71,56,250,3038,1258,THROTTLED,100,20
llama-cpp-q8_0-f32-kv-p2048,2026-07-26T19:36:01.748+09:00,2026-07-26T19:36:02.039+09:00,,54,69,58,247,2937,1258,THROTTLED,93,23
llama-cpp-q8_0-f32-kv-p2048,2026-07-26T19:36:03.040+09:00,2026-07-26T19:36:03.274+09:00,,55,72,58,275,3105,1258,THROTTLED,100,29
llama-cpp-q8_0-f32-kv-p2048,2026-07-26T19:36:03.771+09:00,2026-07-26T19:36:04.097+09:00,immediately-after-process,54,55,54,121,2002,96,THROTTLED,56,11
llama-cpp-q8_0-f32-kv-p2048,2026-07-26T19:36:04.098+09:00,2026-07-26T19:36:04.351+09:00,poller-stop,53,54,54,16,41,96,UNTHROTTLED,3,0
llama-cpp-q8_0-f16-kv-p2048,2026-07-26T19:39:27.687+09:00,2026-07-26T19:39:27.879+09:00,poller-start,41,41,40,13,41,96,UNTHROTTLED,3,0
llama-cpp-q8_0-f16-kv-p2048,2026-07-26T19:39:27.880+09:00,2026-07-26T19:39:28.069+09:00,immediately-before-process,40,41,40,15,41,96,UNTHROTTLED,4,0
llama-cpp-q8_0-f16-kv-p2048,2026-07-26T19:39:27.880+09:00,2026-07-26T19:39:28.073+09:00,,40,41,40,17,41,96,UNTHROTTLED,3,0
llama-cpp-q8_0-f16-kv-p2048,2026-07-26T19:39:29.075+09:00,2026-07-26T19:39:29.254+09:00,,41,42,40,13,948,96,THROTTLED,8,0
llama-cpp-q8_0-f16-kv-p2048,2026-07-26T19:39:30.255+09:00,2026-07-26T19:39:30.445+09:00,,40,41,40,17,41,96,THROTTLED,3,0
llama-cpp-q8_0-f16-kv-p2048,2026-07-26T19:39:31.445+09:00,2026-07-26T19:39:31.626+09:00,,42,43,42,41,2839,875,UNTHROTTLED,27,0
llama-cpp-q8_0-f16-kv-p2048,2026-07-26T19:39:32.627+09:00,2026-07-26T19:39:32.798+09:00,,42,43,42,48,2706,772,THROTTLED,52,2
llama-cpp-q8_0-f16-kv-p2048,2026-07-26T19:39:33.799+09:00,2026-07-26T19:39:33.987+09:00,,42,48,42,216,2847,1258,THROTTLED,100,28
llama-cpp-q8_0-f16-kv-p2048,2026-07-26T19:39:34.988+09:00,2026-07-26T19:39:35.196+09:00,,46,63,46,249,3105,1258,THROTTLED,100,22
llama-cpp-q8_0-f16-kv-p2048,2026-07-26T19:39:36.197+09:00,2026-07-26T19:39:36.368+09:00,,47,60,48,240,2802,1258,THROTTLED,100,33
llama-cpp-q8_0-f16-kv-p2048,2026-07-26T19:39:37.369+09:00,2026-07-26T19:39:37.574+09:00,,48,66,50,229,3090,1258,THROTTLED,100,14
llama-cpp-q8_0-f16-kv-p2048,2026-07-26T19:39:38.575+09:00,2026-07-26T19:39:38.811+09:00,,50,66,50,250,2979,1258,THROTTLED,94,24
llama-cpp-q8_0-f16-kv-p2048,2026-07-26T19:39:39.813+09:00,2026-07-26T19:39:39.982+09:00,,51,64,52,64,195,1258,UNTHROTTLED,4,0
llama-cpp-q8_0-f16-kv-p2048,2026-07-26T19:39:40.983+09:00,2026-07-26T19:39:41.177+09:00,,52,69,54,309,3136,1258,THROTTLED,100,34
llama-cpp-q8_0-f16-kv-p2048,2026-07-26T19:39:42.179+09:00,2026-07-26T19:39:42.358+09:00,,53,70,54,336,3169,1258,UNTHROTTLED,100,33
llama-cpp-q8_0-f16-kv-p2048,2026-07-26T19:39:43.358+09:00,2026-07-26T19:39:43.532+09:00,,54,72,56,312,3161,1258,THROTTLED,100,34
llama-cpp-q8_0-f16-kv-p2048,2026-07-26T19:39:44.534+09:00,2026-07-26T19:39:44.717+09:00,,55,72,58,257,3001,1258,THROTTLED,95,23
llama-cpp-q8_0-f16-kv-p2048,2026-07-26T19:39:45.063+09:00,2026-07-26T19:39:45.258+09:00,immediately-after-process,54,56,54,18,41,96,UNTHROTTLED,3,0
llama-cpp-q8_0-f16-kv-p2048,2026-07-26T19:39:45.259+09:00,2026-07-26T19:39:45.448+09:00,poller-stop,54,55,54,18,41,96,THROTTLED,3,0
ullm-sq8_0-f32-kv-p4095,2026-07-26T19:43:13.708+09:00,2026-07-26T19:43:13.909+09:00,poller-start,40,41,40,15,42,96,UNTHROTTLED,3,0
ullm-sq8_0-f32-kv-p4095,2026-07-26T19:43:13.910+09:00,2026-07-26T19:43:14.101+09:00,,40,41,40,15,74,96,UNTHROTTLED,3,0
ullm-sq8_0-f32-kv-p4095,2026-07-26T19:43:13.910+09:00,2026-07-26T19:43:14.104+09:00,immediately-before-process,41,41,40,12,1354,96,UNTHROTTLED,6,0
ullm-sq8_0-f32-kv-p4095,2026-07-26T19:43:15.103+09:00,2026-07-26T19:43:15.295+09:00,,40,41,38,15,41,96,UNTHROTTLED,3,0
ullm-sq8_0-f32-kv-p4095,2026-07-26T19:43:16.296+09:00,2026-07-26T19:43:16.491+09:00,,40,41,40,15,41,96,UNTHROTTLED,3,0
ullm-sq8_0-f32-kv-p4095,2026-07-26T19:43:17.492+09:00,2026-07-26T19:43:17.701+09:00,,40,41,40,8,4,96,THROTTLED,1,0
ullm-sq8_0-f32-kv-p4095,2026-07-26T19:43:18.702+09:00,2026-07-26T19:43:18.972+09:00,,40,41,38,13,41,96,UNTHROTTLED,3,0
ullm-sq8_0-f32-kv-p4095,2026-07-26T19:43:19.973+09:00,2026-07-26T19:43:20.184+09:00,,40,41,38,16,41,96,UNTHROTTLED,3,0
ullm-sq8_0-f32-kv-p4095,2026-07-26T19:43:21.185+09:00,2026-07-26T19:43:21.380+09:00,,41,41,38,15,972,96,UNTHROTTLED,7,0
ullm-sq8_0-f32-kv-p4095,2026-07-26T19:43:22.381+09:00,2026-07-26T19:43:22.587+09:00,,41,41,40,16,41,96,UNTHROTTLED,3,0
ullm-sq8_0-f32-kv-p4095,2026-07-26T19:43:23.588+09:00,2026-07-26T19:43:23.773+09:00,,41,41,38,12,140,96,UNTHROTTLED,3,0
ullm-sq8_0-f32-kv-p4095,2026-07-26T19:43:24.776+09:00,2026-07-26T19:43:25.011+09:00,,41,41,38,15,41,96,THROTTLED,3,0
ullm-sq8_0-f32-kv-p4095,2026-07-26T19:43:26.012+09:00,2026-07-26T19:43:26.219+09:00,,40,41,38,13,41,96,UNTHROTTLED,3,0
ullm-sq8_0-f32-kv-p4095,2026-07-26T19:43:27.220+09:00,2026-07-26T19:43:27.417+09:00,,40,41,38,17,41,96,UNTHROTTLED,3,0
ullm-sq8_0-f32-kv-p4095,2026-07-26T19:43:28.418+09:00,2026-07-26T19:43:28.630+09:00,,40,41,38,16,41,96,UNTHROTTLED,3,0
ullm-sq8_0-f32-kv-p4095,2026-07-26T19:43:29.630+09:00,2026-07-26T19:43:29.825+09:00,,40,41,38,13,41,96,UNTHROTTLED,3,0
ullm-sq8_0-f32-kv-p4095,2026-07-26T19:43:30.826+09:00,2026-07-26T19:43:31.032+09:00,,40,41,38,16,41,96,UNTHROTTLED,3,0
ullm-sq8_0-f32-kv-p4095,2026-07-26T19:43:32.033+09:00,2026-07-26T19:43:32.228+09:00,,40,41,38,14,41,96,UNTHROTTLED,3,0
ullm-sq8_0-f32-kv-p4095,2026-07-26T19:43:33.229+09:00,2026-07-26T19:43:33.436+09:00,,40,41,38,8,12,96,THROTTLED,1,0
ullm-sq8_0-f32-kv-p4095,2026-07-26T19:43:34.437+09:00,2026-07-26T19:43:34.646+09:00,,40,41,38,15,41,96,UNTHROTTLED,3,0
ullm-sq8_0-f32-kv-p4095,2026-07-26T19:43:35.647+09:00,2026-07-26T19:43:35.833+09:00,,40,41,38,15,41,96,UNTHROTTLED,3,0
ullm-sq8_0-f32-kv-p4095,2026-07-26T19:43:36.834+09:00,2026-07-26T19:43:37.028+09:00,,40,41,38,14,41,96,UNTHROTTLED,3,0
ullm-sq8_0-f32-kv-p4095,2026-07-26T19:43:38.030+09:00,2026-07-26T19:43:38.230+09:00,,40,41,38,15,41,96,UNTHROTTLED,3,0
ullm-sq8_0-f32-kv-p4095,2026-07-26T19:43:39.231+09:00,2026-07-26T19:43:39.430+09:00,,40,41,38,17,41,96,UNTHROTTLED,3,0
ullm-sq8_0-f32-kv-p4095,2026-07-26T19:43:40.431+09:00,2026-07-26T19:43:40.677+09:00,,40,41,38,13,41,96,UNTHROTTLED,3,0
ullm-sq8_0-f32-kv-p4095,2026-07-26T19:43:41.678+09:00,2026-07-26T19:43:41.878+09:00,,40,41,38,13,1194,96,UNTHROTTLED,11,0
ullm-sq8_0-f32-kv-p4095,2026-07-26T19:43:42.878+09:00,2026-07-26T19:43:43.070+09:00,,40,41,38,13,134,96,UNTHROTTLED,3,0
ullm-sq8_0-f32-kv-p4095,2026-07-26T19:43:44.071+09:00,2026-07-26T19:43:44.250+09:00,,40,42,40,30,41,772,UNTHROTTLED,3,0
ullm-sq8_0-f32-kv-p4095,2026-07-26T19:43:45.252+09:00,2026-07-26T19:43:45.439+09:00,,40,41,40,12,2684,96,UNTHROTTLED,7,0
ullm-sq8_0-f32-kv-p4095,2026-07-26T19:43:46.442+09:00,2026-07-26T19:43:46.615+09:00,,41,42,40,37,2833,772,UNTHROTTLED,11,0
ullm-sq8_0-f32-kv-p4095,2026-07-26T19:43:47.616+09:00,2026-07-26T19:43:47.840+09:00,,41,42,40,29,1078,772,THROTTLED,7,0
ullm-sq8_0-f32-kv-p4095,2026-07-26T19:43:48.841+09:00,2026-07-26T19:43:49.029+09:00,,41,42,40,27,1196,772,THROTTLED,9,0
ullm-sq8_0-f32-kv-p4095,2026-07-26T19:43:50.031+09:00,2026-07-26T19:43:50.294+09:00,,41,42,41,26,1024,456,THROTTLED,7,0
ullm-sq8_0-f32-kv-p4095,2026-07-26T19:43:51.295+09:00,2026-07-26T19:43:51.473+09:00,,41,42,40,26,1070,772,THROTTLED,7,0
ullm-sq8_0-f32-kv-p4095,2026-07-26T19:43:52.474+09:00,2026-07-26T19:43:52.661+09:00,,41,42,40,14,87,96,UNTHROTTLED,3,0
ullm-sq8_0-f32-kv-p4095,2026-07-26T19:43:53.665+09:00,2026-07-26T19:43:53.851+09:00,,42,42,42,27,1071,772,THROTTLED,7,0
ullm-sq8_0-f32-kv-p4095,2026-07-26T19:43:54.852+09:00,2026-07-26T19:43:55.028+09:00,,42,42,40,29,138,772,THROTTLED,3,0
ullm-sq8_0-f32-kv-p4095,2026-07-26T19:43:56.029+09:00,2026-07-26T19:43:56.206+09:00,,42,42,42,26,1034,772,THROTTLED,7,0
ullm-sq8_0-f32-kv-p4095,2026-07-26T19:43:57.206+09:00,2026-07-26T19:43:57.418+09:00,,41,42,40,27,1025,96,THROTTLED,6,0
ullm-sq8_0-f32-kv-p4095,2026-07-26T19:43:58.419+09:00,2026-07-26T19:43:58.616+09:00,,42,42,42,15,136,96,UNTHROTTLED,3,0
ullm-sq8_0-f32-kv-p4095,2026-07-26T19:43:59.616+09:00,2026-07-26T19:43:59.810+09:00,,42,42,42,13,41,96,UNTHROTTLED,3,0
ullm-sq8_0-f32-kv-p4095,2026-07-26T19:44:00.811+09:00,2026-07-26T19:44:01.010+09:00,,42,42,42,29,41,772,THROTTLED,3,0
ullm-sq8_0-f32-kv-p4095,2026-07-26T19:44:02.011+09:00,2026-07-26T19:44:02.193+09:00,,42,42,42,28,1050,772,THROTTLED,7,0
ullm-sq8_0-f32-kv-p4095,2026-07-26T19:44:03.195+09:00,2026-07-26T19:44:03.399+09:00,,42,43,42,31,41,772,UNTHROTTLED,3,0
ullm-sq8_0-f32-kv-p4095,2026-07-26T19:44:04.401+09:00,2026-07-26T19:44:04.577+09:00,,42,43,42,26,1092,772,THROTTLED,7,0
ullm-sq8_0-f32-kv-p4095,2026-07-26T19:44:05.578+09:00,2026-07-26T19:44:05.766+09:00,,42,43,42,12,41,96,UNTHROTTLED,3,0
ullm-sq8_0-f32-kv-p4095,2026-07-26T19:44:06.767+09:00,2026-07-26T19:44:06.942+09:00,,42,43,42,27,2712,456,UNTHROTTLED,6,0
ullm-sq8_0-f32-kv-p4095,2026-07-26T19:44:07.943+09:00,2026-07-26T19:44:08.148+09:00,,42,42,42,14,41,96,THROTTLED,3,0
ullm-sq8_0-f32-kv-p4095,2026-07-26T19:44:09.149+09:00,2026-07-26T19:44:09.371+09:00,,42,43,42,30,41,772,UNTHROTTLED,3,0
ullm-sq8_0-f32-kv-p4095,2026-07-26T19:44:10.372+09:00,2026-07-26T19:44:10.594+09:00,,42,43,42,30,41,772,UNTHROTTLED,3,0
ullm-sq8_0-f32-kv-p4095,2026-07-26T19:44:11.595+09:00,2026-07-26T19:44:11.790+09:00,,42,43,42,26,1071,772,THROTTLED,7,0
ullm-sq8_0-f32-kv-p4095,2026-07-26T19:44:12.791+09:00,2026-07-26T19:44:12.982+09:00,,42,43,42,27,1068,772,THROTTLED,7,0
ullm-sq8_0-f32-kv-p4095,2026-07-26T19:44:13.982+09:00,2026-07-26T19:44:14.184+09:00,,42,43,42,27,1047,772,THROTTLED,7,0
ullm-sq8_0-f32-kv-p4095,2026-07-26T19:44:15.185+09:00,2026-07-26T19:44:15.378+09:00,,42,43,42,31,1214,772,THROTTLED,8,0
ullm-sq8_0-f32-kv-p4095,2026-07-26T19:44:16.380+09:00,2026-07-26T19:44:16.560+09:00,,42,43,42,25,41,456,UNTHROTTLED,3,0
ullm-sq8_0-f32-kv-p4095,2026-07-26T19:44:17.561+09:00,2026-07-26T19:44:17.762+09:00,,42,43,42,26,1051,772,THROTTLED,6,0
ullm-sq8_0-f32-kv-p4095,2026-07-26T19:44:18.763+09:00,2026-07-26T19:44:18.958+09:00,,42,43,42,32,81,772,UNTHROTTLED,1,0
ullm-sq8_0-f32-kv-p4095,2026-07-26T19:44:19.959+09:00,2026-07-26T19:44:20.135+09:00,,42,43,42,14,101,96,UNTHROTTLED,5,0
ullm-sq8_0-f32-kv-p4095,2026-07-26T19:44:21.136+09:00,2026-07-26T19:44:21.306+09:00,,42,43,42,26,1065,772,THROTTLED,7,0
ullm-sq8_0-f32-kv-p4095,2026-07-26T19:44:22.306+09:00,2026-07-26T19:44:22.499+09:00,,42,43,42,17,41,96,UNTHROTTLED,3,0
ullm-sq8_0-f32-kv-p4095,2026-07-26T19:44:23.500+09:00,2026-07-26T19:44:23.700+09:00,,42,43,42,25,1854,456,UNTHROTTLED,7,0
ullm-sq8_0-f32-kv-p4095,2026-07-26T19:44:24.702+09:00,2026-07-26T19:44:24.878+09:00,,42,43,42,31,2161,772,UNTHROTTLED,7,0
ullm-sq8_0-f32-kv-p4095,2026-07-26T19:44:25.879+09:00,2026-07-26T19:44:26.078+09:00,,43,44,42,27,1086,772,THROTTLED,7,0
ullm-sq8_0-f32-kv-p4095,2026-07-26T19:44:27.078+09:00,2026-07-26T19:44:27.278+09:00,,43,44,42,32,1164,772,THROTTLED,10,0
ullm-sq8_0-f32-kv-p4095,2026-07-26T19:44:28.279+09:00,2026-07-26T19:44:28.472+09:00,,43,44,44,32,41,772,UNTHROTTLED,3,0
ullm-sq8_0-f32-kv-p4095,2026-07-26T19:44:29.473+09:00,2026-07-26T19:44:29.647+09:00,,43,44,44,32,1194,772,THROTTLED,9,0
ullm-sq8_0-f32-kv-p4095,2026-07-26T19:44:30.648+09:00,2026-07-26T19:44:30.872+09:00,,43,44,44,30,41,772,UNTHROTTLED,3,0
ullm-sq8_0-f32-kv-p4095,2026-07-26T19:44:31.873+09:00,2026-07-26T19:44:32.080+09:00,,45,60,46,349,3218,1258,THROTTLED,100,48
ullm-sq8_0-f32-kv-p4095,2026-07-26T19:44:33.080+09:00,2026-07-26T19:44:33.272+09:00,,47,67,46,248,3342,1258,THROTTLED,100,0
ullm-sq8_0-f32-kv-p4095,2026-07-26T19:44:34.273+09:00,2026-07-26T19:44:34.445+09:00,,49,69,48,253,3274,1258,THROTTLED,100,5
ullm-sq8_0-f32-kv-p4095,2026-07-26T19:44:35.446+09:00,2026-07-26T19:44:35.626+09:00,,50,69,48,249,3299,1258,THROTTLED,100,4
ullm-sq8_0-f32-kv-p4095,2026-07-26T19:44:36.627+09:00,2026-07-26T19:44:36.806+09:00,,52,71,48,247,3310,1258,THROTTLED,100,3
ullm-sq8_0-f32-kv-p4095,2026-07-26T19:44:37.807+09:00,2026-07-26T19:44:37.985+09:00,,53,72,50,247,3315,1258,THROTTLED,100,3
ullm-sq8_0-f32-kv-p4095,2026-07-26T19:44:38.986+09:00,2026-07-26T19:44:39.174+09:00,,54,73,52,247,3316,1258,THROTTLED,100,3
ullm-sq8_0-f32-kv-p4095,2026-07-26T19:44:40.175+09:00,2026-07-26T19:44:40.354+09:00,,55,74,52,248,3317,1258,THROTTLED,100,3
ullm-sq8_0-f32-kv-p4095,2026-07-26T19:44:41.355+09:00,2026-07-26T19:44:41.528+09:00,,56,75,54,251,3353,1258,UNTHROTTLED,100,0
ullm-sq8_0-f32-kv-p4095,2026-07-26T19:44:42.529+09:00,2026-07-26T19:44:42.702+09:00,,57,78,54,248,3327,1258,THROTTLED,100,2
ullm-sq8_0-f32-kv-p4095,2026-07-26T19:44:43.702+09:00,2026-07-26T19:44:43.885+09:00,,58,78,56,255,3349,1258,THROTTLED,100,0
ullm-sq8_0-f32-kv-p4095,2026-07-26T19:44:44.886+09:00,2026-07-26T19:44:45.061+09:00,,59,79,56,255,3352,1258,THROTTLED,100,0
ullm-sq8_0-f32-kv-p4095,2026-07-26T19:44:46.061+09:00,2026-07-26T19:44:46.240+09:00,,60,80,58,255,3355,1258,THROTTLED,100,0
ullm-sq8_0-f32-kv-p4095,2026-07-26T19:44:47.241+09:00,2026-07-26T19:44:47.429+09:00,,61,81,58,252,3334,1258,THROTTLED,100,2
ullm-sq8_0-f32-kv-p4095,2026-07-26T19:44:48.430+09:00,2026-07-26T19:44:48.606+09:00,,62,82,60,256,3352,1258,THROTTLED,100,0
ullm-sq8_0-f32-kv-p4095,2026-07-26T19:44:49.607+09:00,2026-07-26T19:44:49.831+09:00,,63,84,60,254,3321,1258,THROTTLED,100,2
ullm-sq8_0-f32-kv-p4095,2026-07-26T19:44:50.832+09:00,2026-07-26T19:44:51.018+09:00,,64,84,62,256,3319,1258,THROTTLED,100,2
ullm-sq8_0-f32-kv-p4095,2026-07-26T19:44:52.018+09:00,2026-07-26T19:44:52.205+09:00,,65,85,62,333,2826,1258,THROTTLED,100,29
ullm-sq8_0-f32-kv-p4095,2026-07-26T19:44:53.206+09:00,2026-07-26T19:44:53.377+09:00,,66,86,64,257,3322,1258,THROTTLED,100,2
ullm-sq8_0-f32-kv-p4095,2026-07-26T19:44:54.378+09:00,2026-07-26T19:44:54.578+09:00,,67,88,64,263,3331,1258,UNTHROTTLED,100,0
ullm-sq8_0-f32-kv-p4095,2026-07-26T19:44:55.579+09:00,2026-07-26T19:44:55.753+09:00,,68,89,66,260,3319,1258,THROTTLED,100,2
ullm-sq8_0-f32-kv-p4095,2026-07-26T19:44:56.754+09:00,2026-07-26T19:44:56.927+09:00,,69,89,66,260,3319,1258,THROTTLED,100,1
ullm-sq8_0-f32-kv-p4095,2026-07-26T19:44:57.928+09:00,2026-07-26T19:44:58.117+09:00,,69,90,68,188,2588,1258,THROTTLED,100,6
ullm-sq8_0-f32-kv-p4095,2026-07-26T19:44:59.118+09:00,2026-07-26T19:44:59.302+09:00,,70,91,68,269,3331,1258,THROTTLED,100,0
ullm-sq8_0-f32-kv-p4095,2026-07-26T19:45:00.304+09:00,2026-07-26T19:45:00.502+09:00,,71,92,68,263,3317,1258,THROTTLED,100,1
ullm-sq8_0-f32-kv-p4095,2026-07-26T19:45:01.503+09:00,2026-07-26T19:45:01.682+09:00,,71,92,70,252,3262,1258,THROTTLED,96,1
ullm-sq8_0-f32-kv-p4095,2026-07-26T19:45:02.683+09:00,2026-07-26T19:45:02.861+09:00,,72,93,70,264,3315,1258,THROTTLED,100,1
ullm-sq8_0-f32-kv-p4095,2026-07-26T19:45:03.861+09:00,2026-07-26T19:45:04.012+09:00,,72,92,70,266,3315,1258,THROTTLED,100,1
ullm-sq8_0-f32-kv-p4095,2026-07-26T19:45:05.013+09:00,2026-07-26T19:45:05.203+09:00,,73,94,72,265,3316,1258,THROTTLED,100,1
ullm-sq8_0-f32-kv-p4095,2026-07-26T19:45:06.204+09:00,2026-07-26T19:45:06.384+09:00,,73,94,72,272,3317,1258,THROTTLED,100,0
ullm-sq8_0-f32-kv-p4095,2026-07-26T19:45:07.384+09:00,2026-07-26T19:45:07.572+09:00,,73,94,72,271,3322,1258,THROTTLED,100,0
ullm-sq8_0-f32-kv-p4095,2026-07-26T19:45:08.574+09:00,2026-07-26T19:45:08.748+09:00,,73,93,72,269,3313,1258,THROTTLED,100,1
ullm-sq8_0-f32-kv-p4095,2026-07-26T19:45:09.749+09:00,2026-07-26T19:45:09.917+09:00,,74,89,74,267,3313,1258,THROTTLED,100,1
ullm-sq8_0-f32-kv-p4095,2026-07-26T19:45:10.918+09:00,2026-07-26T19:45:11.103+09:00,,72,83,76,172,3331,1258,THROTTLED,98,15
ullm-sq8_0-f32-kv-p4095,2026-07-26T19:45:12.104+09:00,2026-07-26T19:45:12.296+09:00,,72,82,76,175,3399,1258,THROTTLED,100,15
ullm-sq8_0-f32-kv-p4095,2026-07-26T19:45:13.297+09:00,2026-07-26T19:45:13.488+09:00,,72,81,74,174,3400,1258,THROTTLED,100,15
ullm-sq8_0-f32-kv-p4095,2026-07-26T19:45:14.489+09:00,2026-07-26T19:45:14.677+09:00,,71,81,74,159,3406,1258,THROTTLED,100,2
ullm-sq8_0-f32-kv-p4095,2026-07-26T19:45:15.678+09:00,2026-07-26T19:45:15.840+09:00,,70,81,74,173,3401,1258,THROTTLED,100,15
ullm-sq8_0-f32-kv-p4095,2026-07-26T19:45:16.841+09:00,2026-07-26T19:45:17.004+09:00,,70,80,74,154,3405,1258,THROTTLED,100,2
ullm-sq8_0-f32-kv-p4095,2026-07-26T19:45:18.005+09:00,2026-07-26T19:45:18.227+09:00,,70,80,74,205,3406,1258,THROTTLED,100,50
ullm-sq8_0-f32-kv-p4095,2026-07-26T19:45:19.228+09:00,2026-07-26T19:45:19.404+09:00,,70,79,74,172,3405,1258,THROTTLED,100,15
ullm-sq8_0-f32-kv-p4095,2026-07-26T19:45:20.405+09:00,2026-07-26T19:45:20.618+09:00,,69,79,74,155,3410,1258,UNTHROTTLED,100,2
ullm-sq8_0-f32-kv-p4095,2026-07-26T19:45:21.619+09:00,2026-07-26T19:45:21.805+09:00,,69,78,74,155,3399,1258,THROTTLED,100,2
ullm-sq8_0-f32-kv-p4095,2026-07-26T19:45:22.806+09:00,2026-07-26T19:45:22.990+09:00,,69,78,74,155,3408,1258,UNTHROTTLED,100,2
ullm-sq8_0-f32-kv-p4095,2026-07-26T19:45:23.993+09:00,2026-07-26T19:45:24.180+09:00,,68,78,72,155,3401,1258,THROTTLED,100,2
ullm-sq8_0-f32-kv-p4095,2026-07-26T19:45:25.181+09:00,2026-07-26T19:45:25.367+09:00,,68,78,74,170,3405,1258,THROTTLED,100,15
ullm-sq8_0-f32-kv-p4095,2026-07-26T19:45:26.368+09:00,2026-07-26T19:45:26.541+09:00,,68,78,74,170,3405,1258,THROTTLED,100,15
ullm-sq8_0-f32-kv-p4095,2026-07-26T19:45:27.542+09:00,2026-07-26T19:45:27.725+09:00,,68,78,72,170,3407,1258,THROTTLED,100,15
ullm-sq8_0-f32-kv-p4095,2026-07-26T19:45:28.726+09:00,2026-07-26T19:45:28.925+09:00,,68,77,72,170,3409,1258,THROTTLED,100,15
ullm-sq8_0-f32-kv-p4095,2026-07-26T19:45:29.926+09:00,2026-07-26T19:45:30.108+09:00,,69,90,72,273,3384,1258,THROTTLED,100,0
ullm-sq8_0-f32-kv-p4095,2026-07-26T19:45:31.108+09:00,2026-07-26T19:45:31.281+09:00,,69,90,72,275,3257,1258,THROTTLED,100,6
ullm-sq8_0-f32-kv-p4095,2026-07-26T19:45:32.282+09:00,2026-07-26T19:45:32.473+09:00,,70,91,72,273,3276,1258,THROTTLED,100,4
ullm-sq8_0-f32-kv-p4095,2026-07-26T19:45:33.474+09:00,2026-07-26T19:45:33.649+09:00,,71,92,74,268,3288,1258,THROTTLED,100,4
ullm-sq8_0-f32-kv-p4095,2026-07-26T19:45:34.650+09:00,2026-07-26T19:45:34.846+09:00,,71,92,74,267,3296,1258,THROTTLED,100,3
ullm-sq8_0-f32-kv-p4095,2026-07-26T19:45:35.847+09:00,2026-07-26T19:45:36.033+09:00,,71,92,74,160,2615,1258,THROTTLED,100,2
ullm-sq8_0-f32-kv-p4095,2026-07-26T19:45:37.034+09:00,2026-07-26T19:45:37.224+09:00,,71,92,74,168,2651,1258,THROTTLED,100,4
ullm-sq8_0-f32-kv-p4095,2026-07-26T19:45:38.225+09:00,2026-07-26T19:45:38.432+09:00,,72,92,74,268,3302,1258,THROTTLED,100,2
ullm-sq8_0-f32-kv-p4095,2026-07-26T19:45:39.433+09:00,2026-07-26T19:45:39.622+09:00,,72,93,74,269,3338,1258,THROTTLED,100,0
ullm-sq8_0-f32-kv-p4095,2026-07-26T19:45:40.623+09:00,2026-07-26T19:45:40.826+09:00,,72,94,74,268,3305,1258,THROTTLED,100,2
ullm-sq8_0-f32-kv-p4095,2026-07-26T19:45:41.827+09:00,2026-07-26T19:45:42.002+09:00,,72,94,76,268,3307,1258,THROTTLED,100,2
ullm-sq8_0-f32-kv-p4095,2026-07-26T19:45:43.003+09:00,2026-07-26T19:45:43.171+09:00,,72,94,76,268,3308,1258,THROTTLED,100,2
ullm-sq8_0-f32-kv-p4095,2026-07-26T19:45:44.172+09:00,2026-07-26T19:45:44.350+09:00,,72,94,76,268,3309,1258,THROTTLED,100,2
ullm-sq8_0-f32-kv-p4095,2026-07-26T19:45:45.351+09:00,2026-07-26T19:45:45.539+09:00,,72,94,76,268,3310,1258,THROTTLED,100,2
ullm-sq8_0-f32-kv-p4095,2026-07-26T19:45:46.540+09:00,2026-07-26T19:45:46.711+09:00,,73,93,76,161,2834,1258,THROTTLED,100,1
ullm-sq8_0-f32-kv-p4095,2026-07-26T19:45:47.712+09:00,2026-07-26T19:45:47.894+09:00,,73,94,76,271,3335,1258,THROTTLED,100,0
ullm-sq8_0-f32-kv-p4095,2026-07-26T19:45:48.895+09:00,2026-07-26T19:45:49.065+09:00,,73,94,76,269,3312,1258,THROTTLED,100,2
ullm-sq8_0-f32-kv-p4095,2026-07-26T19:45:50.066+09:00,2026-07-26T19:45:50.290+09:00,,73,94,76,268,3313,1258,THROTTLED,100,2
ullm-sq8_0-f32-kv-p4095,2026-07-26T19:45:51.291+09:00,2026-07-26T19:45:51.462+09:00,,73,94,76,268,3314,1258,THROTTLED,100,2
ullm-sq8_0-f32-kv-p4095,2026-07-26T19:45:52.463+09:00,2026-07-26T19:45:52.640+09:00,,73,94,76,269,3313,1258,THROTTLED,100,2
ullm-sq8_0-f32-kv-p4095,2026-07-26T19:45:53.641+09:00,2026-07-26T19:45:53.849+09:00,,73,94,76,270,3337,1258,THROTTLED,100,0
ullm-sq8_0-f32-kv-p4095,2026-07-26T19:45:54.850+09:00,2026-07-26T19:45:55.052+09:00,,73,94,76,274,3331,1258,THROTTLED,100,0
ullm-sq8_0-f32-kv-p4095,2026-07-26T19:45:56.053+09:00,2026-07-26T19:45:56.228+09:00,,73,94,76,268,3314,1258,THROTTLED,100,1
ullm-sq8_0-f32-kv-p4095,2026-07-26T19:45:57.229+09:00,2026-07-26T19:45:57.409+09:00,,73,95,76,269,3315,1258,THROTTLED,100,1
ullm-sq8_0-f32-kv-p4095,2026-07-26T19:45:58.409+09:00,2026-07-26T19:45:58.617+09:00,,73,95,78,270,3315,1258,THROTTLED,100,1
ullm-sq8_0-f32-kv-p4095,2026-07-26T19:45:59.617+09:00,2026-07-26T19:45:59.807+09:00,,73,95,78,273,3335,1258,THROTTLED,100,0
ullm-sq8_0-f32-kv-p4095,2026-07-26T19:46:00.808+09:00,2026-07-26T19:46:00.992+09:00,,73,95,78,269,3314,1258,THROTTLED,100,1
ullm-sq8_0-f32-kv-p4095,2026-07-26T19:46:01.993+09:00,2026-07-26T19:46:02.187+09:00,,73,94,78,269,3315,1258,THROTTLED,100,1
ullm-sq8_0-f32-kv-p4095,2026-07-26T19:46:03.188+09:00,2026-07-26T19:46:03.383+09:00,,73,95,78,272,3332,1258,THROTTLED,100,0
ullm-sq8_0-f32-kv-p4095,2026-07-26T19:46:04.385+09:00,2026-07-26T19:46:04.561+09:00,,74,95,78,269,3316,1258,THROTTLED,100,1
ullm-sq8_0-f32-kv-p4095,2026-07-26T19:46:05.562+09:00,2026-07-26T19:46:05.751+09:00,,73,95,78,269,3316,1258,THROTTLED,100,1
ullm-sq8_0-f32-kv-p4095,2026-07-26T19:46:06.752+09:00,2026-07-26T19:46:06.928+09:00,,73,95,78,269,3318,1258,THROTTLED,100,1
ullm-sq8_0-f32-kv-p4095,2026-07-26T19:46:07.928+09:00,2026-07-26T19:46:08.125+09:00,,72,84,78,193,3408,1258,THROTTLED,100,19
ullm-sq8_0-f32-kv-p4095,2026-07-26T19:46:09.125+09:00,2026-07-26T19:46:09.333+09:00,,72,83,80,177,3402,1258,THROTTLED,100,15
ullm-sq8_0-f32-kv-p4095,2026-07-26T19:46:10.334+09:00,2026-07-26T19:46:10.535+09:00,,72,82,78,176,3403,1258,THROTTLED,100,15
ullm-sq8_0-f32-kv-p4095,2026-07-26T19:46:11.536+09:00,2026-07-26T19:46:11.710+09:00,,71,81,78,158,3404,1258,THROTTLED,100,2
ullm-sq8_0-f32-kv-p4095,2026-07-26T19:46:12.711+09:00,2026-07-26T19:46:12.908+09:00,,71,81,78,210,3408,1258,THROTTLED,100,38
ullm-sq8_0-f32-kv-p4095,2026-07-26T19:46:13.909+09:00,2026-07-26T19:46:14.088+09:00,,70,80,78,157,3408,1258,UNTHROTTLED,100,2
ullm-sq8_0-f32-kv-p4095,2026-07-26T19:46:15.088+09:00,2026-07-26T19:46:15.260+09:00,,69,80,78,173,3404,1258,THROTTLED,100,15
ullm-sq8_0-f32-kv-p4095,2026-07-26T19:46:16.261+09:00,2026-07-26T19:46:16.434+09:00,,69,79,76,172,3405,1258,THROTTLED,100,15
ullm-sq8_0-f32-kv-p4095,2026-07-26T19:46:17.435+09:00,2026-07-26T19:46:17.628+09:00,,69,79,76,156,3411,1258,UNTHROTTLED,100,2
ullm-sq8_0-f32-kv-p4095,2026-07-26T19:46:18.629+09:00,2026-07-26T19:46:18.809+09:00,,69,78,76,172,3408,1258,THROTTLED,100,15
ullm-sq8_0-f32-kv-p4095,2026-07-26T19:46:19.810+09:00,2026-07-26T19:46:20.002+09:00,,68,78,76,156,3403,1258,UNTHROTTLED,100,2
ullm-sq8_0-f32-kv-p4095,2026-07-26T19:46:21.003+09:00,2026-07-26T19:46:21.199+09:00,,68,78,76,171,3409,1258,THROTTLED,100,15
ullm-sq8_0-f32-kv-p4095,2026-07-26T19:46:22.200+09:00,2026-07-26T19:46:22.376+09:00,,68,77,76,171,3409,1258,THROTTLED,100,15
ullm-sq8_0-f32-kv-p4095,2026-07-26T19:46:23.376+09:00,2026-07-26T19:46:23.559+09:00,,68,77,76,171,3409,1258,THROTTLED,100,15
ullm-sq8_0-f32-kv-p4095,2026-07-26T19:46:24.559+09:00,2026-07-26T19:46:24.753+09:00,,68,77,74,171,3409,1258,THROTTLED,100,15
ullm-sq8_0-f32-kv-p4095,2026-07-26T19:46:25.754+09:00,2026-07-26T19:46:25.953+09:00,,67,77,74,170,3409,1258,THROTTLED,100,15
ullm-sq8_0-f32-kv-p4095,2026-07-26T19:46:26.954+09:00,2026-07-26T19:46:27.135+09:00,,68,87,74,275,3334,1258,THROTTLED,100,0
ullm-sq8_0-f32-kv-p4095,2026-07-26T19:46:28.136+09:00,2026-07-26T19:46:28.319+09:00,,69,90,74,150,2995,1258,THROTTLED,100,1
ullm-sq8_0-f32-kv-p4095,2026-07-26T19:46:29.319+09:00,2026-07-26T19:46:29.499+09:00,,69,90,74,274,3271,1258,THROTTLED,100,5
ullm-sq8_0-f32-kv-p4095,2026-07-26T19:46:30.500+09:00,2026-07-26T19:46:30.689+09:00,,69,92,74,269,3287,1258,THROTTLED,100,4
ullm-sq8_0-f32-kv-p4095,2026-07-26T19:46:31.690+09:00,2026-07-26T19:46:31.867+09:00,,70,91,74,267,3293,1258,THROTTLED,100,3
ullm-sq8_0-f32-kv-p4095,2026-07-26T19:46:32.868+09:00,2026-07-26T19:46:33.044+09:00,,70,91,74,267,3333,1258,THROTTLED,100,0
ullm-sq8_0-f32-kv-p4095,2026-07-26T19:46:34.045+09:00,2026-07-26T19:46:34.226+09:00,,71,92,76,267,3300,1258,THROTTLED,100,3
ullm-sq8_0-f32-kv-p4095,2026-07-26T19:46:35.227+09:00,2026-07-26T19:46:35.409+09:00,,71,92,76,267,3302,1258,THROTTLED,100,3
ullm-sq8_0-f32-kv-p4095,2026-07-26T19:46:36.410+09:00,2026-07-26T19:46:36.594+09:00,,71,92,76,248,3318,1258,THROTTLED,100,0
ullm-sq8_0-f32-kv-p4095,2026-07-26T19:46:37.595+09:00,2026-07-26T19:46:37.773+09:00,,72,93,76,273,3313,1258,UNTHROTTLED,100,0
ullm-sq8_0-f32-kv-p4095,2026-07-26T19:46:38.774+09:00,2026-07-26T19:46:38.988+09:00,,72,93,76,268,3307,1258,THROTTLED,100,2
ullm-sq8_0-f32-kv-p4095,2026-07-26T19:46:39.989+09:00,2026-07-26T19:46:40.159+09:00,,72,93,76,268,3307,1258,THROTTLED,100,2
ullm-sq8_0-f32-kv-p4095,2026-07-26T19:46:41.160+09:00,2026-07-26T19:46:41.337+09:00,,72,93,76,268,3308,1258,THROTTLED,100,2
ullm-sq8_0-f32-kv-p4095,2026-07-26T19:46:42.338+09:00,2026-07-26T19:46:42.515+09:00,,73,94,76,268,3307,1258,THROTTLED,100,2
ullm-sq8_0-f32-kv-p4095,2026-07-26T19:46:43.516+09:00,2026-07-26T19:46:43.691+09:00,,73,94,78,268,3311,1258,THROTTLED,100,2
ullm-sq8_0-f32-kv-p4095,2026-07-26T19:46:44.692+09:00,2026-07-26T19:46:44.879+09:00,,73,94,76,269,3310,1258,THROTTLED,100,2
ullm-sq8_0-f32-kv-p4095,2026-07-26T19:46:45.879+09:00,2026-07-26T19:46:46.108+09:00,,73,94,78,222,3322,1258,THROTTLED,100,0
ullm-sq8_0-f32-kv-p4095,2026-07-26T19:46:47.109+09:00,2026-07-26T19:46:47.294+09:00,,73,94,78,269,3311,1258,THROTTLED,100,2
ullm-sq8_0-f32-kv-p4095,2026-07-26T19:46:48.296+09:00,2026-07-26T19:46:48.485+09:00,,73,95,78,269,3311,1258,THROTTLED,100,2
ullm-sq8_0-f32-kv-p4095,2026-07-26T19:46:49.486+09:00,2026-07-26T19:46:49.658+09:00,,73,95,78,272,3332,1258,THROTTLED,100,0
ullm-sq8_0-f32-kv-p4095,2026-07-26T19:46:50.659+09:00,2026-07-26T19:46:50.872+09:00,,73,95,78,269,3314,1258,THROTTLED,100,2
ullm-sq8_0-f32-kv-p4095,2026-07-26T19:46:51.873+09:00,2026-07-26T19:46:52.063+09:00,,73,95,78,270,3312,1258,THROTTLED,100,2
ullm-sq8_0-f32-kv-p4095,2026-07-26T19:46:53.064+09:00,2026-07-26T19:46:53.242+09:00,,74,95,78,269,3310,1258,THROTTLED,100,2
ullm-sq8_0-f32-kv-p4095,2026-07-26T19:46:54.244+09:00,2026-07-26T19:46:54.406+09:00,,74,95,78,271,3312,1258,THROTTLED,100,1
ullm-sq8_0-f32-kv-p4095,2026-07-26T19:46:55.407+09:00,2026-07-26T19:46:55.597+09:00,,74,94,78,274,3319,1258,THROTTLED,100,0
ullm-sq8_0-f32-kv-p4095,2026-07-26T19:46:56.597+09:00,2026-07-26T19:46:56.779+09:00,,74,95,78,270,3314,1258,THROTTLED,100,1
ullm-sq8_0-f32-kv-p4095,2026-07-26T19:46:57.780+09:00,2026-07-26T19:46:57.953+09:00,,74,95,78,274,3326,1258,THROTTLED,100,0
ullm-sq8_0-f32-kv-p4095,2026-07-26T19:46:58.954+09:00,2026-07-26T19:46:59.116+09:00,,74,95,78,270,3313,1258,THROTTLED,100,1
ullm-sq8_0-f32-kv-p4095,2026-07-26T19:47:00.117+09:00,2026-07-26T19:47:00.295+09:00,,74,95,78,270,3313,1258,THROTTLED,100,1
ullm-sq8_0-f32-kv-p4095,2026-07-26T19:47:01.296+09:00,2026-07-26T19:47:01.487+09:00,,74,96,78,270,3315,1258,THROTTLED,100,1
ullm-sq8_0-f32-kv-p4095,2026-07-26T19:47:02.489+09:00,2026-07-26T19:47:02.666+09:00,,74,95,78,271,3313,1258,THROTTLED,100,1
ullm-sq8_0-f32-kv-p4095,2026-07-26T19:47:03.667+09:00,2026-07-26T19:47:03.838+09:00,,74,96,78,273,3320,1258,THROTTLED,100,0
ullm-sq8_0-f32-kv-p4095,2026-07-26T19:47:04.838+09:00,2026-07-26T19:47:05.016+09:00,,73,84,80,212,3368,1258,THROTTLED,100,10
ullm-sq8_0-f32-kv-p4095,2026-07-26T19:47:06.016+09:00,2026-07-26T19:47:06.192+09:00,,72,83,80,177,3401,1258,THROTTLED,100,15
ullm-sq8_0-f32-kv-p4095,2026-07-26T19:47:07.193+09:00,2026-07-26T19:47:07.378+09:00,,72,82,80,176,3402,1258,THROTTLED,100,15
ullm-sq8_0-f32-kv-p4095,2026-07-26T19:47:08.379+09:00,2026-07-26T19:47:08.551+09:00,,72,82,80,175,3404,1258,THROTTLED,100,15
ullm-sq8_0-f32-kv-p4095,2026-07-26T19:47:09.552+09:00,2026-07-26T19:47:09.782+09:00,,71,81,78,160,3392,1258,THROTTLED,100,2
ullm-sq8_0-f32-kv-p4095,2026-07-26T19:47:10.783+09:00,2026-07-26T19:47:10.981+09:00,,70,80,78,150,3161,1258,THROTTLED,84,12
ullm-sq8_0-f32-kv-p4095,2026-07-26T19:47:11.981+09:00,2026-07-26T19:47:12.172+09:00,,70,80,78,173,3403,1258,THROTTLED,100,15
ullm-sq8_0-f32-kv-p4095,2026-07-26T19:47:13.174+09:00,2026-07-26T19:47:13.353+09:00,,70,80,78,156,3401,1258,THROTTLED,100,2
ullm-sq8_0-f32-kv-p4095,2026-07-26T19:47:14.354+09:00,2026-07-26T19:47:14.522+09:00,,69,80,78,157,3409,1258,UNTHROTTLED,100,2
ullm-sq8_0-f32-kv-p4095,2026-07-26T19:47:15.523+09:00,2026-07-26T19:47:15.709+09:00,,69,79,76,172,3405,1258,THROTTLED,100,15
ullm-sq8_0-f32-kv-p4095,2026-07-26T19:47:16.710+09:00,2026-07-26T19:47:16.902+09:00,,69,79,76,172,3404,1258,THROTTLED,100,15
ullm-sq8_0-f32-kv-p4095,2026-07-26T19:47:17.903+09:00,2026-07-26T19:47:18.070+09:00,,68,78,76,197,3410,1258,THROTTLED,100,52
ullm-sq8_0-f32-kv-p4095,2026-07-26T19:47:19.071+09:00,2026-07-26T19:47:19.245+09:00,,68,78,76,171,3409,1258,THROTTLED,100,15
ullm-sq8_0-f32-kv-p4095,2026-07-26T19:47:20.246+09:00,2026-07-26T19:47:20.413+09:00,,68,79,76,172,3408,1258,THROTTLED,100,15
ullm-sq8_0-f32-kv-p4095,2026-07-26T19:47:21.415+09:00,2026-07-26T19:47:21.590+09:00,,68,77,76,171,3408,1258,THROTTLED,100,15
ullm-sq8_0-f32-kv-p4095,2026-07-26T19:47:22.591+09:00,2026-07-26T19:47:22.755+09:00,,68,78,74,170,3408,1258,THROTTLED,100,15
ullm-sq8_0-f32-kv-p4095,2026-07-26T19:47:23.756+09:00,2026-07-26T19:47:23.960+09:00,,68,88,74,270,3339,1258,THROTTLED,100,0
ullm-sq8_0-f32-kv-p4095,2026-07-26T19:47:24.960+09:00,2026-07-26T19:47:25.139+09:00,,69,90,74,275,3243,1258,THROTTLED,100,7
ullm-sq8_0-f32-kv-p4095,2026-07-26T19:47:26.140+09:00,2026-07-26T19:47:26.333+09:00,,69,90,74,277,3329,1258,THROTTLED,100,0
ullm-sq8_0-f32-kv-p4095,2026-07-26T19:47:27.335+09:00,2026-07-26T19:47:27.518+09:00,,70,90,74,264,3424,1258,UNTHROTTLED,100,0
ullm-sq8_0-f32-kv-p4095,2026-07-26T19:47:28.519+09:00,2026-07-26T19:47:28.688+09:00,,70,90,75,261,3373,1258,UNTHROTTLED,100,1
ullm-sq8_0-f32-kv-p4095,2026-07-26T19:47:29.689+09:00,2026-07-26T19:47:29.867+09:00,,70,91,76,266,3297,1258,THROTTLED,100,3
ullm-sq8_0-f32-kv-p4095,2026-07-26T19:47:30.868+09:00,2026-07-26T19:47:31.060+09:00,,71,92,76,266,3299,1258,THROTTLED,100,3
ullm-sq8_0-f32-kv-p4095,2026-07-26T19:47:32.061+09:00,2026-07-26T19:47:32.231+09:00,,71,91,76,267,3301,1258,THROTTLED,100,3
ullm-sq8_0-f32-kv-p4095,2026-07-26T19:47:33.232+09:00,2026-07-26T19:47:33.413+09:00,,72,92,76,267,3303,1258,THROTTLED,100,2
ullm-sq8_0-f32-kv-p4095,2026-07-26T19:47:34.414+09:00,2026-07-26T19:47:34.632+09:00,,72,93,76,271,3334,1258,THROTTLED,100,0
ullm-sq8_0-f32-kv-p4095,2026-07-26T19:47:35.633+09:00,2026-07-26T19:47:35.820+09:00,,72,92,76,151,3052,1258,THROTTLED,100,1
ullm-sq8_0-f32-kv-p4095,2026-07-26T19:47:36.821+09:00,2026-07-26T19:47:37.006+09:00,,72,93,76,268,3305,1258,THROTTLED,100,2
ullm-sq8_0-f32-kv-p4095,2026-07-26T19:47:38.007+09:00,2026-07-26T19:47:38.194+09:00,,72,93,78,271,3331,1258,THROTTLED,100,0
ullm-sq8_0-f32-kv-p4095,2026-07-26T19:47:39.195+09:00,2026-07-26T19:47:39.374+09:00,,72,94,78,271,3329,1258,THROTTLED,100,0
ullm-sq8_0-f32-kv-p4095,2026-07-26T19:47:40.375+09:00,2026-07-26T19:47:40.554+09:00,,73,94,78,269,3307,1258,THROTTLED,100,2
ullm-sq8_0-f32-kv-p4095,2026-07-26T19:47:41.555+09:00,2026-07-26T19:47:41.739+09:00,,73,94,78,269,3308,1258,THROTTLED,100,2
ullm-sq8_0-f32-kv-p4095,2026-07-26T19:47:42.739+09:00,2026-07-26T19:47:42.937+09:00,,73,93,78,239,3397,1258,THROTTLED,100,3
ullm-sq8_0-f32-kv-p4095,2026-07-26T19:47:43.938+09:00,2026-07-26T19:47:44.114+09:00,,73,94,78,270,3308,1258,THROTTLED,100,2
ullm-sq8_0-f32-kv-p4095,2026-07-26T19:47:45.115+09:00,2026-07-26T19:47:45.309+09:00,,73,94,78,271,3310,1258,THROTTLED,100,2
ullm-sq8_0-f32-kv-p4095,2026-07-26T19:47:46.310+09:00,2026-07-26T19:47:46.501+09:00,,73,95,78,269,3310,1258,THROTTLED,100,2
ullm-sq8_0-f32-kv-p4095,2026-07-26T19:47:47.502+09:00,2026-07-26T19:47:47.703+09:00,,74,94,78,273,3337,1258,THROTTLED,100,0
ullm-sq8_0-f32-kv-p4095,2026-07-26T19:47:48.704+09:00,2026-07-26T19:47:48.914+09:00,,74,95,78,273,3328,1258,THROTTLED,100,0
ullm-sq8_0-f32-kv-p4095,2026-07-26T19:47:49.915+09:00,2026-07-26T19:47:50.095+09:00,,74,95,78,269,3311,1258,THROTTLED,100,1
ullm-sq8_0-f32-kv-p4095,2026-07-26T19:47:51.096+09:00,2026-07-26T19:47:51.277+09:00,,74,95,78,270,3310,1258,THROTTLED,100,1
ullm-sq8_0-f32-kv-p4095,2026-07-26T19:47:52.278+09:00,2026-07-26T19:47:52.454+09:00,,74,95,78,270,3312,1258,THROTTLED,100,1
ullm-sq8_0-f32-kv-p4095,2026-07-26T19:47:53.455+09:00,2026-07-26T19:47:53.666+09:00,,74,95,80,273,3322,1258,THROTTLED,100,0
ullm-sq8_0-f32-kv-p4095,2026-07-26T19:47:54.668+09:00,2026-07-26T19:47:54.861+09:00,,74,94,78,265,3346,1258,THROTTLED,100,1
ullm-sq8_0-f32-kv-p4095,2026-07-26T19:47:55.862+09:00,2026-07-26T19:47:56.034+09:00,,74,95,78,270,3312,1258,THROTTLED,100,1
ullm-sq8_0-f32-kv-p4095,2026-07-26T19:47:57.035+09:00,2026-07-26T19:47:57.211+09:00,,74,94,80,233,3323,1258,UNTHROTTLED,100,0
ullm-sq8_0-f32-kv-p4095,2026-07-26T19:47:58.212+09:00,2026-07-26T19:47:58.384+09:00,,74,95,80,270,3313,1258,THROTTLED,100,1
ullm-sq8_0-f32-kv-p4095,2026-07-26T19:47:59.385+09:00,2026-07-26T19:47:59.579+09:00,,74,95,80,270,3312,1258,THROTTLED,100,1
ullm-sq8_0-f32-kv-p4095,2026-07-26T19:48:00.579+09:00,2026-07-26T19:48:00.757+09:00,,74,94,80,163,2417,1258,THROTTLED,100,0
ullm-sq8_0-f32-kv-p4095,2026-07-26T19:48:01.758+09:00,2026-07-26T19:48:01.936+09:00,,74,84,80,241,3338,1258,THROTTLED,100,6
ullm-sq8_0-f32-kv-p4095,2026-07-26T19:48:02.937+09:00,2026-07-26T19:48:03.142+09:00,,73,83,80,178,3397,1258,THROTTLED,100,15
ullm-sq8_0-f32-kv-p4095,2026-07-26T19:48:04.143+09:00,2026-07-26T19:48:04.316+09:00,,72,82,80,177,3399,1258,THROTTLED,100,15
ullm-sq8_0-f32-kv-p4095,2026-07-26T19:48:05.318+09:00,2026-07-26T19:48:05.502+09:00,,72,81,80,176,3399,1258,THROTTLED,100,15
ullm-sq8_0-f32-kv-p4095,2026-07-26T19:48:06.504+09:00,2026-07-26T19:48:06.694+09:00,,72,81,80,161,3403,1258,UNTHROTTLED,100,2
ullm-sq8_0-f32-kv-p4095,2026-07-26T19:48:07.695+09:00,2026-07-26T19:48:07.884+09:00,,71,81,80,160,3406,1258,UNTHROTTLED,100,2
ullm-sq8_0-f32-kv-p4095,2026-07-26T19:48:08.885+09:00,2026-07-26T19:48:09.062+09:00,,71,81,78,172,3393,1258,THROTTLED,100,11
ullm-sq8_0-f32-kv-p4095,2026-07-26T19:48:10.064+09:00,2026-07-26T19:48:10.244+09:00,,70,80,78,174,3401,1258,THROTTLED,100,15
ullm-sq8_0-f32-kv-p4095,2026-07-26T19:48:11.245+09:00,2026-07-26T19:48:11.429+09:00,,70,80,78,166,3414,1258,THROTTLED,100,18
ullm-sq8_0-f32-kv-p4095,2026-07-26T19:48:12.430+09:00,2026-07-26T19:48:12.643+09:00,,70,79,78,158,3424,1258,UNTHROTTLED,92,2
ullm-sq8_0-f32-kv-p4095,2026-07-26T19:48:13.644+09:00,2026-07-26T19:48:13.818+09:00,,70,79,78,165,3321,1258,THROTTLED,97,14
ullm-sq8_0-f32-kv-p4095,2026-07-26T19:48:14.819+09:00,2026-07-26T19:48:14.999+09:00,,69,78,78,208,3406,1258,THROTTLED,100,47
ullm-sq8_0-f32-kv-p4095,2026-07-26T19:48:16.000+09:00,2026-07-26T19:48:16.180+09:00,,69,79,76,155,3391,1258,UNTHROTTLED,100,2
ullm-sq8_0-f32-kv-p4095,2026-07-26T19:48:17.180+09:00,2026-07-26T19:48:17.363+09:00,,69,78,76,155,3413,1258,THROTTLED,100,2
ullm-sq8_0-f32-kv-p4095,2026-07-26T19:48:18.364+09:00,2026-07-26T19:48:18.587+09:00,,68,78,76,155,3412,1258,UNTHROTTLED,100,2
ullm-sq8_0-f32-kv-p4095,2026-07-26T19:48:19.588+09:00,2026-07-26T19:48:19.763+09:00,,68,78,76,171,3407,1258,THROTTLED,100,15
ullm-sq8_0-f32-kv-p4095,2026-07-26T19:48:20.764+09:00,2026-07-26T19:48:20.948+09:00,,68,88,76,275,3331,1258,THROTTLED,100,0
ullm-sq8_0-f32-kv-p4095,2026-07-26T19:48:21.949+09:00,2026-07-26T19:48:22.129+09:00,,69,90,74,276,3355,1258,UNTHROTTLED,100,0
ullm-sq8_0-f32-kv-p4095,2026-07-26T19:48:23.130+09:00,2026-07-26T19:48:23.311+09:00,,70,91,74,277,3261,1258,THROTTLED,100,5
ullm-sq8_0-f32-kv-p4095,2026-07-26T19:48:24.312+09:00,2026-07-26T19:48:24.496+09:00,,70,91,76,272,3329,1258,THROTTLED,100,0
ullm-sq8_0-f32-kv-p4095,2026-07-26T19:48:25.497+09:00,2026-07-26T19:48:25.675+09:00,,71,91,76,156,2614,1258,THROTTLED,100,1
ullm-sq8_0-f32-kv-p4095,2026-07-26T19:48:26.676+09:00,2026-07-26T19:48:26.851+09:00,,71,92,76,266,3392,1258,THROTTLED,100,0
ullm-sq8_0-f32-kv-p4095,2026-07-26T19:48:27.853+09:00,2026-07-26T19:48:28.023+09:00,,71,93,76,269,3296,1258,THROTTLED,100,3
ullm-sq8_0-f32-kv-p4095,2026-07-26T19:48:29.023+09:00,2026-07-26T19:48:29.214+09:00,,72,92,76,268,3332,1258,THROTTLED,100,0
ullm-sq8_0-f32-kv-p4095,2026-07-26T19:48:30.214+09:00,2026-07-26T19:48:30.407+09:00,,72,93,76,268,3300,1258,THROTTLED,100,2
ullm-sq8_0-f32-kv-p4095,2026-07-26T19:48:31.408+09:00,2026-07-26T19:48:31.593+09:00,,72,93,76,231,3015,1258,THROTTLED,100,13
ullm-sq8_0-f32-kv-p4095,2026-07-26T19:48:32.594+09:00,2026-07-26T19:48:32.828+09:00,,72,94,78,269,3304,1258,THROTTLED,100,2
ullm-sq8_0-f32-kv-p4095,2026-07-26T19:48:33.829+09:00,2026-07-26T19:48:34.010+09:00,,73,94,78,270,3303,1258,THROTTLED,100,2
ullm-sq8_0-f32-kv-p4095,2026-07-26T19:48:35.011+09:00,2026-07-26T19:48:35.201+09:00,,73,93,78,270,3303,1258,THROTTLED,100,2
ullm-sq8_0-f32-kv-p4095,2026-07-26T19:48:36.202+09:00,2026-07-26T19:48:36.410+09:00,,73,94,78,270,3337,1258,THROTTLED,100,0
ullm-sq8_0-f32-kv-p4095,2026-07-26T19:48:37.411+09:00,2026-07-26T19:48:37.585+09:00,,73,94,78,270,3306,1258,THROTTLED,100,2
ullm-sq8_0-f32-kv-p4095,2026-07-26T19:48:38.586+09:00,2026-07-26T19:48:38.771+09:00,,73,95,78,270,3307,1258,THROTTLED,100,2
ullm-sq8_0-f32-kv-p4095,2026-07-26T19:48:39.772+09:00,2026-07-26T19:48:39.970+09:00,,73,94,78,272,3324,1258,THROTTLED,100,0
ullm-sq8_0-f32-kv-p4095,2026-07-26T19:48:40.971+09:00,2026-07-26T19:48:41.142+09:00,,74,95,78,270,3306,1258,THROTTLED,100,2
ullm-sq8_0-f32-kv-p4095,2026-07-26T19:48:42.143+09:00,2026-07-26T19:48:42.313+09:00,,74,95,78,271,3324,1258,THROTTLED,100,0
ullm-sq8_0-f32-kv-p4095,2026-07-26T19:48:43.314+09:00,2026-07-26T19:48:43.498+09:00,,74,94,78,270,3308,1258,THROTTLED,100,2
ullm-sq8_0-f32-kv-p4095,2026-07-26T19:48:44.499+09:00,2026-07-26T19:48:44.688+09:00,,74,93,78,271,3307,1258,THROTTLED,100,2
ullm-sq8_0-f32-kv-p4095,2026-07-26T19:48:45.690+09:00,2026-07-26T19:48:45.881+09:00,,74,95,78,270,3308,1258,THROTTLED,100,2
ullm-sq8_0-f32-kv-p4095,2026-07-26T19:48:46.882+09:00,2026-07-26T19:48:47.090+09:00,,74,95,78,271,3308,1258,THROTTLED,100,1
ullm-sq8_0-f32-kv-p4095,2026-07-26T19:48:48.091+09:00,2026-07-26T19:48:48.302+09:00,,74,94,80,160,3380,1258,THROTTLED,100,0
ullm-sq8_0-f32-kv-p4095,2026-07-26T19:48:49.302+09:00,2026-07-26T19:48:49.465+09:00,,74,94,80,224,2620,1258,THROTTLED,100,9
ullm-sq8_0-f32-kv-p4095,2026-07-26T19:48:50.466+09:00,2026-07-26T19:48:50.639+09:00,,74,95,80,273,3333,1258,THROTTLED,100,0
ullm-sq8_0-f32-kv-p4095,2026-07-26T19:48:51.640+09:00,2026-07-26T19:48:51.820+09:00,,74,95,80,270,3311,1258,THROTTLED,100,1
ullm-sq8_0-f32-kv-p4095,2026-07-26T19:48:52.820+09:00,2026-07-26T19:48:53.012+09:00,,74,95,80,271,3310,1258,THROTTLED,100,1
ullm-sq8_0-f32-kv-p4095,2026-07-26T19:48:54.013+09:00,2026-07-26T19:48:54.186+09:00,,74,95,80,273,3326,1258,THROTTLED,100,0
ullm-sq8_0-f32-kv-p4095,2026-07-26T19:48:55.186+09:00,2026-07-26T19:48:55.366+09:00,,74,95,80,274,3337,1258,THROTTLED,100,0
ullm-sq8_0-f32-kv-p4095,2026-07-26T19:48:56.370+09:00,2026-07-26T19:48:56.534+09:00,,74,95,80,271,3312,1258,THROTTLED,100,1
ullm-sq8_0-f32-kv-p4095,2026-07-26T19:48:57.534+09:00,2026-07-26T19:48:57.735+09:00,,75,95,80,270,3312,1258,THROTTLED,100,1
ullm-sq8_0-f32-kv-p4095,2026-07-26T19:48:58.736+09:00,2026-07-26T19:48:58.920+09:00,,75,86,80,241,3338,1258,THROTTLED,100,6
ullm-sq8_0-f32-kv-p4095,2026-07-26T19:48:59.921+09:00,2026-07-26T19:49:00.094+09:00,,73,83,82,179,3400,1258,THROTTLED,100,15
ullm-sq8_0-f32-kv-p4095,2026-07-26T19:49:01.096+09:00,2026-07-26T19:49:01.298+09:00,,73,82,80,159,3394,1258,UNTHROTTLED,100,2
ullm-sq8_0-f32-kv-p4095,2026-07-26T19:49:02.299+09:00,2026-07-26T19:49:02.485+09:00,,72,82,80,177,3402,1258,THROTTLED,100,15
ullm-sq8_0-f32-kv-p4095,2026-07-26T19:49:03.486+09:00,2026-07-26T19:49:03.708+09:00,,72,81,80,176,3402,1258,THROTTLED,100,15
ullm-sq8_0-f32-kv-p4095,2026-07-26T19:49:04.709+09:00,2026-07-26T19:49:04.882+09:00,,71,81,80,175,3403,1258,THROTTLED,100,15
ullm-sq8_0-f32-kv-p4095,2026-07-26T19:49:05.884+09:00,2026-07-26T19:49:06.084+09:00,,71,80,80,157,3393,1258,UNTHROTTLED,100,2
ullm-sq8_0-f32-kv-p4095,2026-07-26T19:49:07.085+09:00,2026-07-26T19:49:07.283+09:00,,70,81,78,161,3405,1258,THROTTLED,100,2
ullm-sq8_0-f32-kv-p4095,2026-07-26T19:49:08.283+09:00,2026-07-26T19:49:08.496+09:00,,70,80,78,162,3410,1258,THROTTLED,100,2
ullm-sq8_0-f32-kv-p4095,2026-07-26T19:49:09.497+09:00,2026-07-26T19:49:09.689+09:00,,70,79,78,173,3404,1258,THROTTLED,100,15
ullm-sq8_0-f32-kv-p4095,2026-07-26T19:49:10.690+09:00,2026-07-26T19:49:10.879+09:00,,69,79,78,172,3404,1258,THROTTLED,100,15
ullm-sq8_0-f32-kv-p4095,2026-07-26T19:49:11.880+09:00,2026-07-26T19:49:12.057+09:00,,69,79,78,181,3401,1258,THROTTLED,100,13
ullm-sq8_0-f32-kv-p4095,2026-07-26T19:49:13.058+09:00,2026-07-26T19:49:13.237+09:00,,69,79,78,172,3405,1258,THROTTLED,100,15
ullm-sq8_0-f32-kv-p4095,2026-07-26T19:49:14.238+09:00,2026-07-26T19:49:14.439+09:00,,69,78,76,157,3419,1258,UNTHROTTLED,100,2
ullm-sq8_0-f32-kv-p4095,2026-07-26T19:49:15.439+09:00,2026-07-26T19:49:15.623+09:00,,68,78,76,165,3415,1258,THROTTLED,100,14
ullm-sq8_0-f32-kv-p4095,2026-07-26T19:49:16.624+09:00,2026-07-26T19:49:16.795+09:00,,68,78,76,208,3416,1258,THROTTLED,100,35
ullm-sq8_0-f32-kv-p4095,2026-07-26T19:49:17.795+09:00,2026-07-26T19:49:17.996+09:00,,68,86,76,184,3312,1258,THROTTLED,100,0
ullm-sq8_0-f32-kv-p4095,2026-07-26T19:49:18.997+09:00,2026-07-26T19:49:19.173+09:00,,69,90,76,274,3328,1258,THROTTLED,100,0
ullm-sq8_0-f32-kv-p4095,2026-07-26T19:49:20.174+09:00,2026-07-26T19:49:20.350+09:00,,70,90,76,277,3261,1258,THROTTLED,100,5
ullm-sq8_0-f32-kv-p4095,2026-07-26T19:49:21.351+09:00,2026-07-26T19:49:21.534+09:00,,70,92,76,272,3278,1258,THROTTLED,100,4
ullm-sq8_0-f32-kv-p4095,2026-07-26T19:49:22.534+09:00,2026-07-26T19:49:22.715+09:00,,71,91,76,269,3289,1258,THROTTLED,100,3
ullm-sq8_0-f32-kv-p4095,2026-07-26T19:49:23.716+09:00,2026-07-26T19:49:23.885+09:00,,71,92,76,268,3294,1258,THROTTLED,100,3
ullm-sq8_0-f32-kv-p4095,2026-07-26T19:49:24.886+09:00,2026-07-26T19:49:25.068+09:00,,71,91,76,269,3295,1258,THROTTLED,100,3
ullm-sq8_0-f32-kv-p4095,2026-07-26T19:49:26.069+09:00,2026-07-26T19:49:26.252+09:00,,72,92,76,273,3335,1258,UNTHROTTLED,100,0
ullm-sq8_0-f32-kv-p4095,2026-07-26T19:49:27.253+09:00,2026-07-26T19:49:27.421+09:00,,72,92,76,268,3299,1258,THROTTLED,100,3
ullm-sq8_0-f32-kv-p4095,2026-07-26T19:49:28.421+09:00,2026-07-26T19:49:28.611+09:00,,72,93,76,269,3302,1258,THROTTLED,100,2
ullm-sq8_0-f32-kv-p4095,2026-07-26T19:49:29.612+09:00,2026-07-26T19:49:29.814+09:00,,72,93,78,269,3303,1258,THROTTLED,100,2
ullm-sq8_0-f32-kv-p4095,2026-07-26T19:49:30.815+09:00,2026-07-26T19:49:31.013+09:00,,73,94,78,270,3323,1258,THROTTLED,100,0
ullm-sq8_0-f32-kv-p4095,2026-07-26T19:49:32.015+09:00,2026-07-26T19:49:32.190+09:00,,73,94,78,179,3315,1258,UNTHROTTLED,100,0
ullm-sq8_0-f32-kv-p4095,2026-07-26T19:49:33.192+09:00,2026-07-26T19:49:33.387+09:00,,73,93,78,269,3305,1258,THROTTLED,100,2
ullm-sq8_0-f32-kv-p4095,2026-07-26T19:49:34.388+09:00,2026-07-26T19:49:34.572+09:00,,73,94,78,210,2980,1258,UNTHROTTLED,100,1
ullm-sq8_0-f32-kv-p4095,2026-07-26T19:49:35.573+09:00,2026-07-26T19:49:35.755+09:00,,74,94,78,270,3308,1258,THROTTLED,100,2
ullm-sq8_0-f32-kv-p4095,2026-07-26T19:49:36.755+09:00,2026-07-26T19:49:36.930+09:00,,74,93,78,233,3030,1258,THROTTLED,100,9
ullm-sq8_0-f32-kv-p4095,2026-07-26T19:49:37.931+09:00,2026-07-26T19:49:38.114+09:00,,74,94,78,263,3280,1258,THROTTLED,98,2
ullm-sq8_0-f32-kv-p4095,2026-07-26T19:49:39.116+09:00,2026-07-26T19:49:39.289+09:00,,74,94,78,270,3308,1258,THROTTLED,100,2
ullm-sq8_0-f32-kv-p4095,2026-07-26T19:49:40.291+09:00,2026-07-26T19:49:40.466+09:00,,74,95,78,271,3309,1258,THROTTLED,100,2
ullm-sq8_0-f32-kv-p4095,2026-07-26T19:49:41.467+09:00,2026-07-26T19:49:41.656+09:00,,74,94,78,434,3320,1258,THROTTLED,100,52
ullm-sq8_0-f32-kv-p4095,2026-07-26T19:49:42.657+09:00,2026-07-26T19:49:42.836+09:00,,74,94,78,276,3320,1258,UNTHROTTLED,100,0
ullm-sq8_0-f32-kv-p4095,2026-07-26T19:49:43.837+09:00,2026-07-26T19:49:44.013+09:00,,74,95,80,271,3307,1258,THROTTLED,100,1
ullm-sq8_0-f32-kv-p4095,2026-07-26T19:49:45.014+09:00,2026-07-26T19:49:45.222+09:00,,74,95,80,271,3309,1258,THROTTLED,100,1
ullm-sq8_0-f32-kv-p4095,2026-07-26T19:49:46.223+09:00,2026-07-26T19:49:46.401+09:00,,74,96,80,270,3311,1258,THROTTLED,100,1
ullm-sq8_0-f32-kv-p4095,2026-07-26T19:49:47.402+09:00,2026-07-26T19:49:47.588+09:00,,74,96,78,271,3309,1258,THROTTLED,100,1
ullm-sq8_0-f32-kv-p4095,2026-07-26T19:49:48.589+09:00,2026-07-26T19:49:48.783+09:00,,75,95,80,270,3310,1258,THROTTLED,100,1
ullm-sq8_0-f32-kv-p4095,2026-07-26T19:49:49.783+09:00,2026-07-26T19:49:49.961+09:00,,74,95,80,276,3328,1258,THROTTLED,100,0
ullm-sq8_0-f32-kv-p4095,2026-07-26T19:49:50.962+09:00,2026-07-26T19:49:51.151+09:00,,74,96,80,271,3312,1258,THROTTLED,100,1
ullm-sq8_0-f32-kv-p4095,2026-07-26T19:49:52.152+09:00,2026-07-26T19:49:52.337+09:00,,74,95,80,260,3408,1258,UNTHROTTLED,100,2
ullm-sq8_0-f32-kv-p4095,2026-07-26T19:49:53.338+09:00,2026-07-26T19:49:53.515+09:00,,75,94,80,271,3312,1258,THROTTLED,100,1
ullm-sq8_0-f32-kv-p4095,2026-07-26T19:49:54.516+09:00,2026-07-26T19:49:54.700+09:00,,75,96,80,273,3322,1258,THROTTLED,100,0
ullm-sq8_0-f32-kv-p4095,2026-07-26T19:49:55.701+09:00,2026-07-26T19:49:55.888+09:00,,75,94,80,271,3313,1258,THROTTLED,100,1
ullm-sq8_0-f32-kv-p4095,2026-07-26T19:49:56.888+09:00,2026-07-26T19:49:57.059+09:00,,74,84,82,178,3400,1258,THROTTLED,100,15
ullm-sq8_0-f32-kv-p4095,2026-07-26T19:49:58.060+09:00,2026-07-26T19:49:58.237+09:00,,73,84,80,178,3401,1258,THROTTLED,100,15
ullm-sq8_0-f32-kv-p4095,2026-07-26T19:49:59.238+09:00,2026-07-26T19:49:59.418+09:00,,72,82,80,162,3403,1258,UNTHROTTLED,100,2
ullm-sq8_0-f32-kv-p4095,2026-07-26T19:50:00.419+09:00,2026-07-26T19:50:00.604+09:00,,72,82,80,176,3402,1258,THROTTLED,100,15
ullm-sq8_0-f32-kv-p4095,2026-07-26T19:50:01.607+09:00,2026-07-26T19:50:01.792+09:00,,72,81,80,175,3403,1258,THROTTLED,100,15
ullm-sq8_0-f32-kv-p4095,2026-07-26T19:50:02.793+09:00,2026-07-26T19:50:03.000+09:00,,71,81,80,217,3409,1258,THROTTLED,100,52
ullm-sq8_0-f32-kv-p4095,2026-07-26T19:50:04.000+09:00,2026-07-26T19:50:04.185+09:00,,71,81,78,175,3403,1258,THROTTLED,100,15
ullm-sq8_0-f32-kv-p4095,2026-07-26T19:50:05.186+09:00,2026-07-26T19:50:05.372+09:00,,70,80,78,157,3408,1258,UNTHROTTLED,100,2
ullm-sq8_0-f32-kv-p4095,2026-07-26T19:50:06.374+09:00,2026-07-26T19:50:06.554+09:00,,70,80,78,174,3404,1258,THROTTLED,100,15
ullm-sq8_0-f32-kv-p4095,2026-07-26T19:50:07.555+09:00,2026-07-26T19:50:07.735+09:00,,70,80,78,156,3407,1258,THROTTLED,100,2
ullm-sq8_0-f32-kv-p4095,2026-07-26T19:50:08.735+09:00,2026-07-26T19:50:08.933+09:00,,70,79,78,162,3408,1258,THROTTLED,100,14
ullm-sq8_0-f32-kv-p4095,2026-07-26T19:50:09.933+09:00,2026-07-26T19:50:10.107+09:00,,69,80,78,173,3405,1258,THROTTLED,100,15
ullm-sq8_0-f32-kv-p4095,2026-07-26T19:50:11.108+09:00,2026-07-26T19:50:11.296+09:00,,69,78,78,157,3399,1258,UNTHROTTLED,100,2
ullm-sq8_0-f32-kv-p4095,2026-07-26T19:50:12.298+09:00,2026-07-26T19:50:12.494+09:00,,69,78,76,172,3409,1258,THROTTLED,100,15
ullm-sq8_0-f32-kv-p4095,2026-07-26T19:50:13.495+09:00,2026-07-26T19:50:13.697+09:00,,68,78,76,171,3410,1258,THROTTLED,100,15
ullm-sq8_0-f32-kv-p4095,2026-07-26T19:50:14.698+09:00,2026-07-26T19:50:14.867+09:00,,68,78,76,155,3412,1258,UNTHROTTLED,100,2
ullm-sq8_0-f32-kv-p4095,2026-07-26T19:50:15.128+09:00,2026-07-26T19:50:15.316+09:00,immediately-after-process,68,74,76,144,3217,772,THROTTLED,90,15
ullm-sq8_0-f32-kv-p4095,2026-07-26T19:50:15.317+09:00,2026-07-26T19:50:15.498+09:00,poller-stop,67,68,74,19,140,96,UNTHROTTLED,3,0
llama-cpp-q8_0-f32-kv-p4095,2026-07-26T19:54:30.510+09:00,2026-07-26T19:54:30.708+09:00,poller-start,41,41,40,16,41,96,UNTHROTTLED,3,0
llama-cpp-q8_0-f32-kv-p4095,2026-07-26T19:54:30.709+09:00,2026-07-26T19:54:30.899+09:00,immediately-before-process,41,42,40,11,42,96,THROTTLED,4,0
llama-cpp-q8_0-f32-kv-p4095,2026-07-26T19:54:30.709+09:00,2026-07-26T19:54:30.901+09:00,,41,42,40,14,41,96,UNTHROTTLED,3,0
llama-cpp-q8_0-f32-kv-p4095,2026-07-26T19:54:31.902+09:00,2026-07-26T19:54:32.111+09:00,,41,41,40,13,41,96,UNTHROTTLED,3,0
llama-cpp-q8_0-f32-kv-p4095,2026-07-26T19:54:33.112+09:00,2026-07-26T19:54:33.308+09:00,,41,41,40,16,41,96,UNTHROTTLED,3,0
llama-cpp-q8_0-f32-kv-p4095,2026-07-26T19:54:34.309+09:00,2026-07-26T19:54:34.504+09:00,,42,43,42,40,1105,875,UNTHROTTLED,1,0
llama-cpp-q8_0-f32-kv-p4095,2026-07-26T19:54:35.505+09:00,2026-07-26T19:54:35.707+09:00,,42,43,42,45,2835,875,UNTHROTTLED,26,0
llama-cpp-q8_0-f32-kv-p4095,2026-07-26T19:54:36.708+09:00,2026-07-26T19:54:36.883+09:00,,42,42,40,12,2591,96,UNTHROTTLED,7,0
llama-cpp-q8_0-f32-kv-p4095,2026-07-26T19:54:37.883+09:00,2026-07-26T19:54:38.072+09:00,,46,58,46,237,2826,1258,THROTTLED,100,29
llama-cpp-q8_0-f32-kv-p4095,2026-07-26T19:54:39.073+09:00,2026-07-26T19:54:39.250+09:00,,47,64,48,246,2973,1258,THROTTLED,94,22
llama-cpp-q8_0-f32-kv-p4095,2026-07-26T19:54:40.251+09:00,2026-07-26T19:54:40.431+09:00,,48,60,48,197,2739,1258,THROTTLED,100,21
llama-cpp-q8_0-f32-kv-p4095,2026-07-26T19:54:41.432+09:00,2026-07-26T19:54:41.613+09:00,,49,66,50,253,3029,1258,THROTTLED,96,23
llama-cpp-q8_0-f32-kv-p4095,2026-07-26T19:54:42.614+09:00,2026-07-26T19:54:42.811+09:00,,50,68,52,253,2994,1258,THROTTLED,95,23
llama-cpp-q8_0-f32-kv-p4095,2026-07-26T19:54:43.811+09:00,2026-07-26T19:54:44.004+09:00,,52,69,54,248,2990,1258,THROTTLED,95,22
llama-cpp-q8_0-f32-kv-p4095,2026-07-26T19:54:45.005+09:00,2026-07-26T19:54:45.183+09:00,,52,70,54,252,3034,1258,THROTTLED,96,21
llama-cpp-q8_0-f32-kv-p4095,2026-07-26T19:54:46.184+09:00,2026-07-26T19:54:46.370+09:00,,54,70,56,316,3145,1258,THROTTLED,100,31
llama-cpp-q8_0-f32-kv-p4095,2026-07-26T19:54:47.370+09:00,2026-07-26T19:54:47.572+09:00,,55,71,58,248,2967,1258,THROTTLED,95,22
llama-cpp-q8_0-f32-kv-p4095,2026-07-26T19:54:48.573+09:00,2026-07-26T19:54:48.756+09:00,,56,73,58,252,2998,1258,THROTTLED,96,21
llama-cpp-q8_0-f32-kv-p4095,2026-07-26T19:54:49.757+09:00,2026-07-26T19:54:49.931+09:00,,57,74,60,262,3033,1258,THROTTLED,96,23
llama-cpp-q8_0-f32-kv-p4095,2026-07-26T19:54:50.932+09:00,2026-07-26T19:54:51.109+09:00,,58,74,60,254,2971,1258,THROTTLED,95,23
llama-cpp-q8_0-f32-kv-p4095,2026-07-26T19:54:52.109+09:00,2026-07-26T19:54:52.284+09:00,,59,76,62,254,2998,1258,THROTTLED,96,22
llama-cpp-q8_0-f32-kv-p4095,2026-07-26T19:54:53.285+09:00,2026-07-26T19:54:53.464+09:00,,60,77,62,261,3111,1258,THROTTLED,100,19
llama-cpp-q8_0-f32-kv-p4095,2026-07-26T19:54:54.465+09:00,2026-07-26T19:54:54.635+09:00,,61,78,64,299,3120,1258,THROTTLED,100,34
llama-cpp-q8_0-f32-kv-p4095,2026-07-26T19:54:55.636+09:00,2026-07-26T19:54:55.810+09:00,,62,74,66,258,2996,1258,THROTTLED,95,22
llama-cpp-q8_0-f32-kv-p4095,2026-07-26T19:54:56.811+09:00,2026-07-26T19:54:57.025+09:00,,63,80,66,254,2987,1258,THROTTLED,96,21
llama-cpp-q8_0-f32-kv-p4095,2026-07-26T19:54:58.026+09:00,2026-07-26T19:54:58.215+09:00,,64,81,68,330,3126,1258,THROTTLED,100,34
llama-cpp-q8_0-f32-kv-p4095,2026-07-26T19:54:59.216+09:00,2026-07-26T19:54:59.389+09:00,,65,80,68,257,2957,1258,THROTTLED,94,23
llama-cpp-q8_0-f32-kv-p4095,2026-07-26T19:55:00.390+09:00,2026-07-26T19:55:00.566+09:00,,65,81,70,256,2952,1258,THROTTLED,95,21
llama-cpp-q8_0-f32-kv-p4095,2026-07-26T19:55:01.567+09:00,2026-07-26T19:55:01.775+09:00,,65,68,66,20,41,96,UNTHROTTLED,3,0
llama-cpp-q8_0-f32-kv-p4095,2026-07-26T19:55:01.647+09:00,2026-07-26T19:55:01.849+09:00,immediately-after-process,65,67,66,19,41,96,UNTHROTTLED,3,0
llama-cpp-q8_0-f32-kv-p4095,2026-07-26T19:55:01.850+09:00,2026-07-26T19:55:02.016+09:00,poller-stop,64,66,66,13,47,96,THROTTLED,4,0
llama-cpp-q8_0-f16-kv-p4095,2026-07-26T19:59:27.431+09:00,2026-07-26T19:59:27.626+09:00,poller-start,40,41,40,12,41,96,UNTHROTTLED,3,0
llama-cpp-q8_0-f16-kv-p4095,2026-07-26T19:59:27.627+09:00,2026-07-26T19:59:27.800+09:00,,40,41,40,13,1141,96,UNTHROTTLED,11,0
llama-cpp-q8_0-f16-kv-p4095,2026-07-26T19:59:27.627+09:00,2026-07-26T19:59:27.816+09:00,immediately-before-process,40,41,40,16,115,96,UNTHROTTLED,3,0
llama-cpp-q8_0-f16-kv-p4095,2026-07-26T19:59:28.800+09:00,2026-07-26T19:59:29.002+09:00,,41,41,40,16,41,96,UNTHROTTLED,3,0
llama-cpp-q8_0-f16-kv-p4095,2026-07-26T19:59:30.003+09:00,2026-07-26T19:59:30.179+09:00,,40,41,40,13,41,96,UNTHROTTLED,3,0
llama-cpp-q8_0-f16-kv-p4095,2026-07-26T19:59:31.180+09:00,2026-07-26T19:59:31.352+09:00,,42,43,42,59,2840,875,UNTHROTTLED,32,4
llama-cpp-q8_0-f16-kv-p4095,2026-07-26T19:59:32.353+09:00,2026-07-26T19:59:32.558+09:00,,41,42,40,13,41,96,UNTHROTTLED,3,0
llama-cpp-q8_0-f16-kv-p4095,2026-07-26T19:59:33.560+09:00,2026-07-26T19:59:33.737+09:00,,44,60,46,208,3079,1258,THROTTLED,100,16
llama-cpp-q8_0-f16-kv-p4095,2026-07-26T19:59:34.738+09:00,2026-07-26T19:59:34.918+09:00,,46,63,46,260,3072,1258,THROTTLED,97,24
llama-cpp-q8_0-f16-kv-p4095,2026-07-26T19:59:35.919+09:00,2026-07-26T19:59:36.089+09:00,,47,64,48,213,3130,1258,THROTTLED,100,16
llama-cpp-q8_0-f16-kv-p4095,2026-07-26T19:59:37.092+09:00,2026-07-26T19:59:37.295+09:00,,48,65,50,253,3061,1258,THROTTLED,96,22
llama-cpp-q8_0-f16-kv-p4095,2026-07-26T19:59:38.295+09:00,2026-07-26T19:59:38.472+09:00,,50,67,52,272,3070,1258,THROTTLED,96,24
llama-cpp-q8_0-f16-kv-p4095,2026-07-26T19:59:39.473+09:00,2026-07-26T19:59:39.667+09:00,,51,69,52,277,3139,1258,THROTTLED,100,23
llama-cpp-q8_0-f16-kv-p4095,2026-07-26T19:59:40.667+09:00,2026-07-26T19:59:40.854+09:00,,52,67,54,320,3121,1258,THROTTLED,100,33
llama-cpp-q8_0-f16-kv-p4095,2026-07-26T19:59:41.855+09:00,2026-07-26T19:59:42.040+09:00,,53,64,56,250,2974,1258,THROTTLED,93,23
llama-cpp-q8_0-f16-kv-p4095,2026-07-26T19:59:43.041+09:00,2026-07-26T19:59:43.224+09:00,,55,65,56,66,207,1258,UNTHROTTLED,4,0
llama-cpp-q8_0-f16-kv-p4095,2026-07-26T19:59:44.225+09:00,2026-07-26T19:59:44.412+09:00,,55,72,58,296,3122,1258,THROTTLED,100,26
llama-cpp-q8_0-f16-kv-p4095,2026-07-26T19:59:45.413+09:00,2026-07-26T19:59:45.583+09:00,,56,74,60,333,3148,1258,THROTTLED,100,34
llama-cpp-q8_0-f16-kv-p4095,2026-07-26T19:59:46.583+09:00,2026-07-26T19:59:46.778+09:00,,57,75,60,259,3021,1258,THROTTLED,96,23
llama-cpp-q8_0-f16-kv-p4095,2026-07-26T19:59:47.779+09:00,2026-07-26T19:59:47.955+09:00,,58,76,62,240,3089,1258,THROTTLED,100,14
llama-cpp-q8_0-f16-kv-p4095,2026-07-26T19:59:48.956+09:00,2026-07-26T19:59:49.142+09:00,,60,79,62,277,3087,1258,THROTTLED,97,23
llama-cpp-q8_0-f16-kv-p4095,2026-07-26T19:59:50.143+09:00,2026-07-26T19:59:50.359+09:00,,60,79,64,270,2955,1258,THROTTLED,93,22
llama-cpp-q8_0-f16-kv-p4095,2026-07-26T19:59:51.361+09:00,2026-07-26T19:59:51.601+09:00,,62,79,64,208,3121,1258,THROTTLED,100,10
llama-cpp-q8_0-f16-kv-p4095,2026-07-26T19:59:52.602+09:00,2026-07-26T19:59:52.790+09:00,,63,80,66,334,3122,1258,THROTTLED,100,32
llama-cpp-q8_0-f16-kv-p4095,2026-07-26T19:59:53.790+09:00,2026-07-26T19:59:53.962+09:00,,63,80,68,297,3053,1258,THROTTLED,100,31
llama-cpp-q8_0-f16-kv-p4095,2026-07-26T19:59:54.962+09:00,2026-07-26T19:59:55.138+09:00,,65,78,68,222,2828,1258,THROTTLED,100,22
llama-cpp-q8_0-f16-kv-p4095,2026-07-26T19:59:56.138+09:00,2026-07-26T19:59:56.344+09:00,,66,81,70,251,2978,1258,THROTTLED,95,21
llama-cpp-q8_0-f16-kv-p4095,2026-07-26T19:59:56.775+09:00,2026-07-26T19:59:56.951+09:00,immediately-after-process,64,66,66,21,41,96,UNTHROTTLED,3,0
llama-cpp-q8_0-f16-kv-p4095,2026-07-26T19:59:56.952+09:00,2026-07-26T19:59:57.154+09:00,poller-stop,64,66,64,20,41,96,UNTHROTTLED,3,0
