"Correlation_Id","Dispatch_Id","Agent_Id","Queue_Id","Process_Id","Thread_Id","Grid_Size","Kernel_Id","Kernel_Name","Workgroup_Size","LDS_Block_Size","Scratch_Size","VGPR_Count","Accum_VGPR_Count","SGPR_Count","Counter_Name","Counter_Value","Start_Timestamp","End_Timestamp"
17160,17160,"Agent 2",1,1122884,1122884,10240,90,"ullm_paged_decode_attn_f32_kernel",256,1024,0,32,0,128,"FETCH_SIZE",0.00000000e+00,15239764594252,15239764705414
17160,17160,"Agent 2",1,1122884,1122884,10240,90,"ullm_paged_decode_attn_f32_kernel",256,1024,0,32,0,128,"VALUInsts",0.00000000e+00,15239764594252,15239764705414
17160,17160,"Agent 2",1,1122884,1122884,10240,90,"ullm_paged_decode_attn_f32_kernel",256,1024,0,32,0,128,"Wavefronts",320.000000,15239764594252,15239764705414
17194,17194,"Agent 2",1,1122884,1122884,10240,90,"ullm_paged_decode_attn_f32_kernel",256,1024,0,32,0,128,"FETCH_SIZE",0.00000000e+00,15239792506063,15239792617105
17194,17194,"Agent 2",1,1122884,1122884,10240,90,"ullm_paged_decode_attn_f32_kernel",256,1024,0,32,0,128,"VALUInsts",0.00000000e+00,15239792506063,15239792617105
17194,17194,"Agent 2",1,1122884,1122884,10240,90,"ullm_paged_decode_attn_f32_kernel",256,1024,0,32,0,128,"Wavefronts",320.000000,15239792506063,15239792617105
17228,17228,"Agent 2",1,1122884,1122884,10240,90,"ullm_paged_decode_attn_f32_kernel",256,1024,0,32,0,128,"FETCH_SIZE",0.00000000e+00,15239794142006,15239794252728
17228,17228,"Agent 2",1,1122884,1122884,10240,90,"ullm_paged_decode_attn_f32_kernel",256,1024,0,32,0,128,"VALUInsts",0.00000000e+00,15239794142006,15239794252728
17228,17228,"Agent 2",1,1122884,1122884,10240,90,"ullm_paged_decode_attn_f32_kernel",256,1024,0,32,0,128,"Wavefronts",320.000000,15239794142006,15239794252728
17262,17262,"Agent 2",1,1122884,1122884,10240,90,"ullm_paged_decode_attn_f32_kernel",256,1024,0,32,0,128,"FETCH_SIZE",0.00000000e+00,15239795796069,15239795906031
17262,17262,"Agent 2",1,1122884,1122884,10240,90,"ullm_paged_decode_attn_f32_kernel",256,1024,0,32,0,128,"VALUInsts",0.00000000e+00,15239795796069,15239795906031
17262,17262,"Agent 2",1,1122884,1122884,10240,90,"ullm_paged_decode_attn_f32_kernel",256,1024,0,32,0,128,"Wavefronts",320.000000,15239795796069,15239795906031
17296,17296,"Agent 2",1,1122884,1122884,10240,90,"ullm_paged_decode_attn_f32_kernel",256,1024,0,32,0,128,"FETCH_SIZE",0.00000000e+00,15239797428372,15239797538494
17296,17296,"Agent 2",1,1122884,1122884,10240,90,"ullm_paged_decode_attn_f32_kernel",256,1024,0,32,0,128,"VALUInsts",0.00000000e+00,15239797428372,15239797538494
17296,17296,"Agent 2",1,1122884,1122884,10240,90,"ullm_paged_decode_attn_f32_kernel",256,1024,0,32,0,128,"Wavefronts",320.000000,15239797428372,15239797538494
17330,17330,"Agent 2",1,1122884,1122884,10240,90,"ullm_paged_decode_attn_f32_kernel",256,1024,0,32,0,128,"FETCH_SIZE",0.00000000e+00,15239799078155,15239799188557
17330,17330,"Agent 2",1,1122884,1122884,10240,90,"ullm_paged_decode_attn_f32_kernel",256,1024,0,32,0,128,"VALUInsts",0.00000000e+00,15239799078155,15239799188557
17330,17330,"Agent 2",1,1122884,1122884,10240,90,"ullm_paged_decode_attn_f32_kernel",256,1024,0,32,0,128,"Wavefronts",320.000000,15239799078155,15239799188557
17364,17364,"Agent 2",1,1122884,1122884,10240,90,"ullm_paged_decode_attn_f32_kernel",256,1024,0,32,0,128,"FETCH_SIZE",0.00000000e+00,15239800705969,15239800817050
17364,17364,"Agent 2",1,1122884,1122884,10240,90,"ullm_paged_decode_attn_f32_kernel",256,1024,0,32,0,128,"VALUInsts",0.00000000e+00,15239800705969,15239800817050
17364,17364,"Agent 2",1,1122884,1122884,10240,90,"ullm_paged_decode_attn_f32_kernel",256,1024,0,32,0,128,"Wavefronts",320.000000,15239800705969,15239800817050
17398,17398,"Agent 2",1,1122884,1122884,10240,90,"ullm_paged_decode_attn_f32_kernel",256,1024,0,32,0,128,"FETCH_SIZE",0.00000000e+00,15239802353432,15239802464074
17398,17398,"Agent 2",1,1122884,1122884,10240,90,"ullm_paged_decode_attn_f32_kernel",256,1024,0,32,0,128,"VALUInsts",0.00000000e+00,15239802353432,15239802464074
17398,17398,"Agent 2",1,1122884,1122884,10240,90,"ullm_paged_decode_attn_f32_kernel",256,1024,0,32,0,128,"Wavefronts",320.000000,15239802353432,15239802464074
17432,17432,"Agent 2",1,1122884,1122884,10240,90,"ullm_paged_decode_attn_f32_kernel",256,1024,0,32,0,128,"FETCH_SIZE",0.00000000e+00,15239803968175,15239804078336
17432,17432,"Agent 2",1,1122884,1122884,10240,90,"ullm_paged_decode_attn_f32_kernel",256,1024,0,32,0,128,"VALUInsts",0.00000000e+00,15239803968175,15239804078336
17432,17432,"Agent 2",1,1122884,1122884,10240,90,"ullm_paged_decode_attn_f32_kernel",256,1024,0,32,0,128,"Wavefronts",320.000000,15239803968175,15239804078336
17466,17466,"Agent 2",1,1122884,1122884,10240,90,"ullm_paged_decode_attn_f32_kernel",256,1024,0,32,0,128,"FETCH_SIZE",0.00000000e+00,15239805599277,15239805709879
17466,17466,"Agent 2",1,1122884,1122884,10240,90,"ullm_paged_decode_attn_f32_kernel",256,1024,0,32,0,128,"VALUInsts",0.00000000e+00,15239805599277,15239805709879
17466,17466,"Agent 2",1,1122884,1122884,10240,90,"ullm_paged_decode_attn_f32_kernel",256,1024,0,32,0,128,"Wavefronts",320.000000,15239805599277,15239805709879
17500,17500,"Agent 2",1,1122884,1122884,10240,90,"ullm_paged_decode_attn_f32_kernel",256,1024,0,32,0,128,"FETCH_SIZE",0.00000000e+00,15239807259701,15239807369982
17500,17500,"Agent 2",1,1122884,1122884,10240,90,"ullm_paged_decode_attn_f32_kernel",256,1024,0,32,0,128,"VALUInsts",0.00000000e+00,15239807259701,15239807369982
17500,17500,"Agent 2",1,1122884,1122884,10240,90,"ullm_paged_decode_attn_f32_kernel",256,1024,0,32,0,128,"Wavefronts",320.000000,15239807259701,15239807369982
17534,17534,"Agent 2",1,1122884,1122884,10240,90,"ullm_paged_decode_attn_f32_kernel",256,1024,0,32,0,128,"FETCH_SIZE",0.00000000e+00,15239808908284,15239809018925
17534,17534,"Agent 2",1,1122884,1122884,10240,90,"ullm_paged_decode_attn_f32_kernel",256,1024,0,32,0,128,"VALUInsts",0.00000000e+00,15239808908284,15239809018925
17534,17534,"Agent 2",1,1122884,1122884,10240,90,"ullm_paged_decode_attn_f32_kernel",256,1024,0,32,0,128,"Wavefronts",320.000000,15239808908284,15239809018925
17568,17568,"Agent 2",1,1122884,1122884,10240,90,"ullm_paged_decode_attn_f32_kernel",256,1024,0,32,0,128,"FETCH_SIZE",0.00000000e+00,15239810545947,15239810657108
17568,17568,"Agent 2",1,1122884,1122884,10240,90,"ullm_paged_decode_attn_f32_kernel",256,1024,0,32,0,128,"VALUInsts",0.00000000e+00,15239810545947,15239810657108
17568,17568,"Agent 2",1,1122884,1122884,10240,90,"ullm_paged_decode_attn_f32_kernel",256,1024,0,32,0,128,"Wavefronts",320.000000,15239810545947,15239810657108
17602,17602,"Agent 2",1,1122884,1122884,10240,90,"ullm_paged_decode_attn_f32_kernel",256,1024,0,32,0,128,"FETCH_SIZE",0.00000000e+00,15239812198930,15239812310011
17602,17602,"Agent 2",1,1122884,1122884,10240,90,"ullm_paged_decode_attn_f32_kernel",256,1024,0,32,0,128,"VALUInsts",0.00000000e+00,15239812198930,15239812310011
17602,17602,"Agent 2",1,1122884,1122884,10240,90,"ullm_paged_decode_attn_f32_kernel",256,1024,0,32,0,128,"Wavefronts",320.000000,15239812198930,15239812310011
17636,17636,"Agent 2",1,1122884,1122884,10240,90,"ullm_paged_decode_attn_f32_kernel",256,1024,0,32,0,128,"FETCH_SIZE",0.00000000e+00,15239813885753,15239813995755
17636,17636,"Agent 2",1,1122884,1122884,10240,90,"ullm_paged_decode_attn_f32_kernel",256,1024,0,32,0,128,"VALUInsts",0.00000000e+00,15239813885753,15239813995755
17636,17636,"Agent 2",1,1122884,1122884,10240,90,"ullm_paged_decode_attn_f32_kernel",256,1024,0,32,0,128,"Wavefronts",320.000000,15239813885753,15239813995755
17670,17670,"Agent 2",1,1122884,1122884,10240,90,"ullm_paged_decode_attn_f32_kernel",256,1024,0,32,0,128,"FETCH_SIZE",0.00000000e+00,15239815518696,15239815629138
17670,17670,"Agent 2",1,1122884,1122884,10240,90,"ullm_paged_decode_attn_f32_kernel",256,1024,0,32,0,128,"VALUInsts",0.00000000e+00,15239815518696,15239815629138
17670,17670,"Agent 2",1,1122884,1122884,10240,90,"ullm_paged_decode_attn_f32_kernel",256,1024,0,32,0,128,"Wavefronts",320.000000,15239815518696,15239815629138
17704,17704,"Agent 2",1,1122884,1122884,10240,90,"ullm_paged_decode_attn_f32_kernel",256,1024,0,32,0,128,"FETCH_SIZE",0.00000000e+00,15239817175599,15239817285961
17704,17704,"Agent 2",1,1122884,1122884,10240,90,"ullm_paged_decode_attn_f32_kernel",256,1024,0,32,0,128,"VALUInsts",0.00000000e+00,15239817175599,15239817285961
17704,17704,"Agent 2",1,1122884,1122884,10240,90,"ullm_paged_decode_attn_f32_kernel",256,1024,0,32,0,128,"Wavefronts",320.000000,15239817175599,15239817285961
17738,17738,"Agent 2",1,1122884,1122884,10240,90,"ullm_paged_decode_attn_f32_kernel",256,1024,0,32,0,128,"FETCH_SIZE",0.00000000e+00,15239818842103,15239818953104
17738,17738,"Agent 2",1,1122884,1122884,10240,90,"ullm_paged_decode_attn_f32_kernel",256,1024,0,32,0,128,"VALUInsts",0.00000000e+00,15239818842103,15239818953104
17738,17738,"Agent 2",1,1122884,1122884,10240,90,"ullm_paged_decode_attn_f32_kernel",256,1024,0,32,0,128,"Wavefronts",320.000000,15239818842103,15239818953104
17772,17772,"Agent 2",1,1122884,1122884,10240,90,"ullm_paged_decode_attn_f32_kernel",256,1024,0,32,0,128,"FETCH_SIZE",0.00000000e+00,15239820506726,15239820617888
17772,17772,"Agent 2",1,1122884,1122884,10240,90,"ullm_paged_decode_attn_f32_kernel",256,1024,0,32,0,128,"VALUInsts",0.00000000e+00,15239820506726,15239820617888
17772,17772,"Agent 2",1,1122884,1122884,10240,90,"ullm_paged_decode_attn_f32_kernel",256,1024,0,32,0,128,"Wavefronts",320.000000,15239820506726,15239820617888
17806,17806,"Agent 2",1,1122884,1122884,10240,90,"ullm_paged_decode_attn_f32_kernel",256,1024,0,32,0,128,"FETCH_SIZE",0.00000000e+00,15239822154029,15239822264071
17806,17806,"Agent 2",1,1122884,1122884,10240,90,"ullm_paged_decode_attn_f32_kernel",256,1024,0,32,0,128,"VALUInsts",0.00000000e+00,15239822154029,15239822264071
17806,17806,"Agent 2",1,1122884,1122884,10240,90,"ullm_paged_decode_attn_f32_kernel",256,1024,0,32,0,128,"Wavefronts",320.000000,15239822154029,15239822264071
17840,17840,"Agent 2",1,1122884,1122884,10240,90,"ullm_paged_decode_attn_f32_kernel",256,1024,0,32,0,128,"FETCH_SIZE",0.00000000e+00,15239823792972,15239823895893
17840,17840,"Agent 2",1,1122884,1122884,10240,90,"ullm_paged_decode_attn_f32_kernel",256,1024,0,32,0,128,"VALUInsts",0.00000000e+00,15239823792972,15239823895893
17840,17840,"Agent 2",1,1122884,1122884,10240,90,"ullm_paged_decode_attn_f32_kernel",256,1024,0,32,0,128,"Wavefronts",320.000000,15239823792972,15239823895893
17874,17874,"Agent 2",1,1122884,1122884,10240,90,"ullm_paged_decode_attn_f32_kernel",256,1024,0,32,0,128,"FETCH_SIZE",0.00000000e+00,15239825408355,15239825508956
17874,17874,"Agent 2",1,1122884,1122884,10240,90,"ullm_paged_decode_attn_f32_kernel",256,1024,0,32,0,128,"VALUInsts",0.00000000e+00,15239825408355,15239825508956
17874,17874,"Agent 2",1,1122884,1122884,10240,90,"ullm_paged_decode_attn_f32_kernel",256,1024,0,32,0,128,"Wavefronts",320.000000,15239825408355,15239825508956
17908,17908,"Agent 2",1,1122884,1122884,10240,90,"ullm_paged_decode_attn_f32_kernel",256,1024,0,32,0,128,"FETCH_SIZE",0.00000000e+00,15239826989457,15239827090098
17908,17908,"Agent 2",1,1122884,1122884,10240,90,"ullm_paged_decode_attn_f32_kernel",256,1024,0,32,0,128,"VALUInsts",0.00000000e+00,15239826989457,15239827090098
17908,17908,"Agent 2",1,1122884,1122884,10240,90,"ullm_paged_decode_attn_f32_kernel",256,1024,0,32,0,128,"Wavefronts",320.000000,15239826989457,15239827090098
17942,17942,"Agent 2",1,1122884,1122884,10240,90,"ullm_paged_decode_attn_f32_kernel",256,1024,0,32,0,128,"FETCH_SIZE",0.00000000e+00,15239828592239,15239828693201
17942,17942,"Agent 2",1,1122884,1122884,10240,90,"ullm_paged_decode_attn_f32_kernel",256,1024,0,32,0,128,"VALUInsts",0.00000000e+00,15239828592239,15239828693201
17942,17942,"Agent 2",1,1122884,1122884,10240,90,"ullm_paged_decode_attn_f32_kernel",256,1024,0,32,0,128,"Wavefronts",320.000000,15239828592239,15239828693201
17976,17976,"Agent 2",1,1122884,1122884,10240,90,"ullm_paged_decode_attn_f32_kernel",256,1024,0,32,0,128,"FETCH_SIZE",0.00000000e+00,15239830211102,15239830312263
17976,17976,"Agent 2",1,1122884,1122884,10240,90,"ullm_paged_decode_attn_f32_kernel",256,1024,0,32,0,128,"VALUInsts",0.00000000e+00,15239830211102,15239830312263
17976,17976,"Agent 2",1,1122884,1122884,10240,90,"ullm_paged_decode_attn_f32_kernel",256,1024,0,32,0,128,"Wavefronts",320.000000,15239830211102,15239830312263
18010,18010,"Agent 2",1,1122884,1122884,10240,90,"ullm_paged_decode_attn_f32_kernel",256,1024,0,32,0,128,"FETCH_SIZE",0.00000000e+00,15239831850245,15239831951646
18010,18010,"Agent 2",1,1122884,1122884,10240,90,"ullm_paged_decode_attn_f32_kernel",256,1024,0,32,0,128,"VALUInsts",0.00000000e+00,15239831850245,15239831951646
18010,18010,"Agent 2",1,1122884,1122884,10240,90,"ullm_paged_decode_attn_f32_kernel",256,1024,0,32,0,128,"Wavefronts",320.000000,15239831850245,15239831951646
18044,18044,"Agent 2",1,1122884,1122884,10240,90,"ullm_paged_decode_attn_f32_kernel",256,1024,0,32,0,128,"FETCH_SIZE",0.00000000e+00,15239833502868,15239833603429
18044,18044,"Agent 2",1,1122884,1122884,10240,90,"ullm_paged_decode_attn_f32_kernel",256,1024,0,32,0,128,"VALUInsts",0.00000000e+00,15239833502868,15239833603429
18044,18044,"Agent 2",1,1122884,1122884,10240,90,"ullm_paged_decode_attn_f32_kernel",256,1024,0,32,0,128,"Wavefronts",320.000000,15239833502868,15239833603429
18078,18078,"Agent 2",1,1122884,1122884,10240,90,"ullm_paged_decode_attn_f32_kernel",256,1024,0,32,0,128,"FETCH_SIZE",0.00000000e+00,15239835110930,15239835211932
18078,18078,"Agent 2",1,1122884,1122884,10240,90,"ullm_paged_decode_attn_f32_kernel",256,1024,0,32,0,128,"VALUInsts",0.00000000e+00,15239835110930,15239835211932
18078,18078,"Agent 2",1,1122884,1122884,10240,90,"ullm_paged_decode_attn_f32_kernel",256,1024,0,32,0,128,"Wavefronts",320.000000,15239835110930,15239835211932
18112,18112,"Agent 2",1,1122884,1122884,10240,90,"ullm_paged_decode_attn_f32_kernel",256,1024,0,32,0,128,"FETCH_SIZE",0.00000000e+00,15239836702393,15239836803554
18112,18112,"Agent 2",1,1122884,1122884,10240,90,"ullm_paged_decode_attn_f32_kernel",256,1024,0,32,0,128,"VALUInsts",0.00000000e+00,15239836702393,15239836803554
18112,18112,"Agent 2",1,1122884,1122884,10240,90,"ullm_paged_decode_attn_f32_kernel",256,1024,0,32,0,128,"Wavefronts",320.000000,15239836702393,15239836803554
18146,18146,"Agent 2",1,1122884,1122884,10240,90,"ullm_paged_decode_attn_f32_kernel",256,1024,0,32,0,128,"FETCH_SIZE",0.00000000e+00,15239838777422,15239838878743
18146,18146,"Agent 2",1,1122884,1122884,10240,90,"ullm_paged_decode_attn_f32_kernel",256,1024,0,32,0,128,"VALUInsts",0.00000000e+00,15239838777422,15239838878743
18146,18146,"Agent 2",1,1122884,1122884,10240,90,"ullm_paged_decode_attn_f32_kernel",256,1024,0,32,0,128,"Wavefronts",320.000000,15239838777422,15239838878743
18180,18180,"Agent 2",1,1122884,1122884,10240,90,"ullm_paged_decode_attn_f32_kernel",256,1024,0,32,0,128,"FETCH_SIZE",0.00000000e+00,15239840388724,15239840489846
18180,18180,"Agent 2",1,1122884,1122884,10240,90,"ullm_paged_decode_attn_f32_kernel",256,1024,0,32,0,128,"VALUInsts",0.00000000e+00,15239840388724,15239840489846
18180,18180,"Agent 2",1,1122884,1122884,10240,90,"ullm_paged_decode_attn_f32_kernel",256,1024,0,32,0,128,"Wavefronts",320.000000,15239840388724,15239840489846
18214,18214,"Agent 2",1,1122884,1122884,10240,90,"ullm_paged_decode_attn_f32_kernel",256,1024,0,32,0,128,"FETCH_SIZE",0.00000000e+00,15239841945866,15239842047187
18214,18214,"Agent 2",1,1122884,1122884,10240,90,"ullm_paged_decode_attn_f32_kernel",256,1024,0,32,0,128,"VALUInsts",0.00000000e+00,15239841945866,15239842047187
18214,18214,"Agent 2",1,1122884,1122884,10240,90,"ullm_paged_decode_attn_f32_kernel",256,1024,0,32,0,128,"Wavefronts",320.000000,15239841945866,15239842047187
18248,18248,"Agent 2",1,1122884,1122884,10240,90,"ullm_paged_decode_attn_f32_kernel",256,1024,0,32,0,128,"FETCH_SIZE",0.00000000e+00,15239843551368,15239843652370
18248,18248,"Agent 2",1,1122884,1122884,10240,90,"ullm_paged_decode_attn_f32_kernel",256,1024,0,32,0,128,"VALUInsts",0.00000000e+00,15239843551368,15239843652370
18248,18248,"Agent 2",1,1122884,1122884,10240,90,"ullm_paged_decode_attn_f32_kernel",256,1024,0,32,0,128,"Wavefronts",320.000000,15239843551368,15239843652370
18282,18282,"Agent 2",1,1122884,1122884,10240,90,"ullm_paged_decode_attn_f32_kernel",256,1024,0,32,0,128,"FETCH_SIZE",0.00000000e+00,15239845155431,15239845256192
18282,18282,"Agent 2",1,1122884,1122884,10240,90,"ullm_paged_decode_attn_f32_kernel",256,1024,0,32,0,128,"VALUInsts",0.00000000e+00,15239845155431,15239845256192
18282,18282,"Agent 2",1,1122884,1122884,10240,90,"ullm_paged_decode_attn_f32_kernel",256,1024,0,32,0,128,"Wavefronts",320.000000,15239845155431,15239845256192
18316,18316,"Agent 2",1,1122884,1122884,10240,90,"ullm_paged_decode_attn_f32_kernel",256,1024,0,32,0,128,"FETCH_SIZE",0.00000000e+00,15239846795294,15239846895815
18316,18316,"Agent 2",1,1122884,1122884,10240,90,"ullm_paged_decode_attn_f32_kernel",256,1024,0,32,0,128,"VALUInsts",0.00000000e+00,15239846795294,15239846895815
18316,18316,"Agent 2",1,1122884,1122884,10240,90,"ullm_paged_decode_attn_f32_kernel",256,1024,0,32,0,128,"Wavefronts",320.000000,15239846795294,15239846895815
18350,18350,"Agent 2",1,1122884,1122884,10240,90,"ullm_paged_decode_attn_f32_kernel",256,1024,0,32,0,128,"FETCH_SIZE",0.00000000e+00,15239848373836,15239848474557
18350,18350,"Agent 2",1,1122884,1122884,10240,90,"ullm_paged_decode_attn_f32_kernel",256,1024,0,32,0,128,"VALUInsts",0.00000000e+00,15239848373836,15239848474557
18350,18350,"Agent 2",1,1122884,1122884,10240,90,"ullm_paged_decode_attn_f32_kernel",256,1024,0,32,0,128,"Wavefronts",320.000000,15239848373836,15239848474557
18384,18384,"Agent 2",1,1122884,1122884,10240,90,"ullm_paged_decode_attn_f32_kernel",256,1024,0,32,0,128,"FETCH_SIZE",0.00000000e+00,15239849927858,15239850028659
18384,18384,"Agent 2",1,1122884,1122884,10240,90,"ullm_paged_decode_attn_f32_kernel",256,1024,0,32,0,128,"VALUInsts",0.00000000e+00,15239849927858,15239850028659
18384,18384,"Agent 2",1,1122884,1122884,10240,90,"ullm_paged_decode_attn_f32_kernel",256,1024,0,32,0,128,"Wavefronts",320.000000,15239849927858,15239850028659
18418,18418,"Agent 2",1,1122884,1122884,10240,90,"ullm_paged_decode_attn_f32_kernel",256,1024,0,32,0,128,"FETCH_SIZE",0.00000000e+00,15239851520760,15239851621881
18418,18418,"Agent 2",1,1122884,1122884,10240,90,"ullm_paged_decode_attn_f32_kernel",256,1024,0,32,0,128,"VALUInsts",0.00000000e+00,15239851520760,15239851621881
18418,18418,"Agent 2",1,1122884,1122884,10240,90,"ullm_paged_decode_attn_f32_kernel",256,1024,0,32,0,128,"Wavefronts",320.000000,15239851520760,15239851621881
18452,18452,"Agent 2",1,1122884,1122884,10240,90,"ullm_paged_decode_attn_f32_kernel",256,1024,0,32,0,128,"FETCH_SIZE",0.00000000e+00,15239853118742,15239853219584
18452,18452,"Agent 2",1,1122884,1122884,10240,90,"ullm_paged_decode_attn_f32_kernel",256,1024,0,32,0,128,"VALUInsts",0.00000000e+00,15239853118742,15239853219584
18452,18452,"Agent 2",1,1122884,1122884,10240,90,"ullm_paged_decode_attn_f32_kernel",256,1024,0,32,0,128,"Wavefronts",320.000000,15239853118742,15239853219584
18486,18486,"Agent 2",1,1122884,1122884,10240,90,"ullm_paged_decode_attn_f32_kernel",256,1024,0,32,0,128,"FETCH_SIZE",0.00000000e+00,15239854684364,15239854785326
18486,18486,"Agent 2",1,1122884,1122884,10240,90,"ullm_paged_decode_attn_f32_kernel",256,1024,0,32,0,128,"VALUInsts",0.00000000e+00,15239854684364,15239854785326
18486,18486,"Agent 2",1,1122884,1122884,10240,90,"ullm_paged_decode_attn_f32_kernel",256,1024,0,32,0,128,"Wavefronts",320.000000,15239854684364,15239854785326
18524,18524,"Agent 2",1,1122884,1122884,10240,90,"ullm_paged_decode_attn_f32_kernel",256,1024,0,32,0,128,"FETCH_SIZE",0.00000000e+00,15239862237090,15239862338491
18524,18524,"Agent 2",1,1122884,1122884,10240,90,"ullm_paged_decode_attn_f32_kernel",256,1024,0,32,0,128,"VALUInsts",0.00000000e+00,15239862237090,15239862338491
18524,18524,"Agent 2",1,1122884,1122884,10240,90,"ullm_paged_decode_attn_f32_kernel",256,1024,0,32,0,128,"Wavefronts",320.000000,15239862237090,15239862338491
18558,18558,"Agent 2",1,1122884,1122884,10240,90,"ullm_paged_decode_attn_f32_kernel",256,1024,0,32,0,128,"FETCH_SIZE",0.00000000e+00,15239863855944,15239863958105
18558,18558,"Agent 2",1,1122884,1122884,10240,90,"ullm_paged_decode_attn_f32_kernel",256,1024,0,32,0,128,"VALUInsts",0.00000000e+00,15239863855944,15239863958105
18558,18558,"Agent 2",1,1122884,1122884,10240,90,"ullm_paged_decode_attn_f32_kernel",256,1024,0,32,0,128,"Wavefronts",320.000000,15239863855944,15239863958105
18592,18592,"Agent 2",1,1122884,1122884,10240,90,"ullm_paged_decode_attn_f32_kernel",256,1024,0,32,0,128,"FETCH_SIZE",0.00000000e+00,15239865521487,15239865623808
18592,18592,"Agent 2",1,1122884,1122884,10240,90,"ullm_paged_decode_attn_f32_kernel",256,1024,0,32,0,128,"VALUInsts",0.00000000e+00,15239865521487,15239865623808
18592,18592,"Agent 2",1,1122884,1122884,10240,90,"ullm_paged_decode_attn_f32_kernel",256,1024,0,32,0,128,"Wavefronts",320.000000,15239865521487,15239865623808
18626,18626,"Agent 2",1,1122884,1122884,10240,90,"ullm_paged_decode_attn_f32_kernel",256,1024,0,32,0,128,"FETCH_SIZE",0.00000000e+00,15239867131429,15239867233391
18626,18626,"Agent 2",1,1122884,1122884,10240,90,"ullm_paged_decode_attn_f32_kernel",256,1024,0,32,0,128,"VALUInsts",0.00000000e+00,15239867131429,15239867233391
18626,18626,"Agent 2",1,1122884,1122884,10240,90,"ullm_paged_decode_attn_f32_kernel",256,1024,0,32,0,128,"Wavefronts",320.000000,15239867131429,15239867233391
18660,18660,"Agent 2",1,1122884,1122884,10240,90,"ullm_paged_decode_attn_f32_kernel",256,1024,0,32,0,128,"FETCH_SIZE",0.00000000e+00,15239868701371,15239868803653
18660,18660,"Agent 2",1,1122884,1122884,10240,90,"ullm_paged_decode_attn_f32_kernel",256,1024,0,32,0,128,"VALUInsts",0.00000000e+00,15239868701371,15239868803653
18660,18660,"Agent 2",1,1122884,1122884,10240,90,"ullm_paged_decode_attn_f32_kernel",256,1024,0,32,0,128,"Wavefronts",320.000000,15239868701371,15239868803653
18694,18694,"Agent 2",1,1122884,1122884,10240,90,"ullm_paged_decode_attn_f32_kernel",256,1024,0,32,0,128,"FETCH_SIZE",0.00000000e+00,15239870307114,15239870408715
18694,18694,"Agent 2",1,1122884,1122884,10240,90,"ullm_paged_decode_attn_f32_kernel",256,1024,0,32,0,128,"VALUInsts",0.00000000e+00,15239870307114,15239870408715
18694,18694,"Agent 2",1,1122884,1122884,10240,90,"ullm_paged_decode_attn_f32_kernel",256,1024,0,32,0,128,"Wavefronts",320.000000,15239870307114,15239870408715
18728,18728,"Agent 2",1,1122884,1122884,10240,90,"ullm_paged_decode_attn_f32_kernel",256,1024,0,32,0,128,"FETCH_SIZE",0.00000000e+00,15239871891936,15239871993617
18728,18728,"Agent 2",1,1122884,1122884,10240,90,"ullm_paged_decode_attn_f32_kernel",256,1024,0,32,0,128,"VALUInsts",0.00000000e+00,15239871891936,15239871993617
18728,18728,"Agent 2",1,1122884,1122884,10240,90,"ullm_paged_decode_attn_f32_kernel",256,1024,0,32,0,128,"Wavefronts",320.000000,15239871891936,15239871993617
18762,18762,"Agent 2",1,1122884,1122884,10240,90,"ullm_paged_decode_attn_f32_kernel",256,1024,0,32,0,128,"FETCH_SIZE",0.00000000e+00,15239873520159,15239873622080
18762,18762,"Agent 2",1,1122884,1122884,10240,90,"ullm_paged_decode_attn_f32_kernel",256,1024,0,32,0,128,"VALUInsts",0.00000000e+00,15239873520159,15239873622080
18762,18762,"Agent 2",1,1122884,1122884,10240,90,"ullm_paged_decode_attn_f32_kernel",256,1024,0,32,0,128,"Wavefronts",320.000000,15239873520159,15239873622080
18796,18796,"Agent 2",1,1122884,1122884,10240,90,"ullm_paged_decode_attn_f32_kernel",256,1024,0,32,0,128,"FETCH_SIZE",0.00000000e+00,15239875334824,15239875436826
18796,18796,"Agent 2",1,1122884,1122884,10240,90,"ullm_paged_decode_attn_f32_kernel",256,1024,0,32,0,128,"VALUInsts",0.00000000e+00,15239875334824,15239875436826
18796,18796,"Agent 2",1,1122884,1122884,10240,90,"ullm_paged_decode_attn_f32_kernel",256,1024,0,32,0,128,"Wavefronts",320.000000,15239875334824,15239875436826
18830,18830,"Agent 2",1,1122884,1122884,10240,90,"ullm_paged_decode_attn_f32_kernel",256,1024,0,32,0,128,"FETCH_SIZE",0.00000000e+00,15239876910886,15239877012568
18830,18830,"Agent 2",1,1122884,1122884,10240,90,"ullm_paged_decode_attn_f32_kernel",256,1024,0,32,0,128,"VALUInsts",0.00000000e+00,15239876910886,15239877012568
18830,18830,"Agent 2",1,1122884,1122884,10240,90,"ullm_paged_decode_attn_f32_kernel",256,1024,0,32,0,128,"Wavefronts",320.000000,15239876910886,15239877012568
18864,18864,"Agent 2",1,1122884,1122884,10240,90,"ullm_paged_decode_attn_f32_kernel",256,1024,0,32,0,128,"FETCH_SIZE",0.00000000e+00,15239878525989,15239878627390
18864,18864,"Agent 2",1,1122884,1122884,10240,90,"ullm_paged_decode_attn_f32_kernel",256,1024,0,32,0,128,"VALUInsts",0.00000000e+00,15239878525989,15239878627390
18864,18864,"Agent 2",1,1122884,1122884,10240,90,"ullm_paged_decode_attn_f32_kernel",256,1024,0,32,0,128,"Wavefronts",320.000000,15239878525989,15239878627390
18898,18898,"Agent 2",1,1122884,1122884,10240,90,"ullm_paged_decode_attn_f32_kernel",256,1024,0,32,0,128,"FETCH_SIZE",0.00000000e+00,15239880141891,15239880243533
18898,18898,"Agent 2",1,1122884,1122884,10240,90,"ullm_paged_decode_attn_f32_kernel",256,1024,0,32,0,128,"VALUInsts",0.00000000e+00,15239880141891,15239880243533
18898,18898,"Agent 2",1,1122884,1122884,10240,90,"ullm_paged_decode_attn_f32_kernel",256,1024,0,32,0,128,"Wavefronts",320.000000,15239880141891,15239880243533
18932,18932,"Agent 2",1,1122884,1122884,10240,90,"ullm_paged_decode_attn_f32_kernel",256,1024,0,32,0,128,"FETCH_SIZE",0.00000000e+00,15239881731434,15239881833355
18932,18932,"Agent 2",1,1122884,1122884,10240,90,"ullm_paged_decode_attn_f32_kernel",256,1024,0,32,0,128,"VALUInsts",0.00000000e+00,15239881731434,15239881833355
18932,18932,"Agent 2",1,1122884,1122884,10240,90,"ullm_paged_decode_attn_f32_kernel",256,1024,0,32,0,128,"Wavefronts",320.000000,15239881731434,15239881833355
18966,18966,"Agent 2",1,1122884,1122884,10240,90,"ullm_paged_decode_attn_f32_kernel",256,1024,0,32,0,128,"FETCH_SIZE",0.00000000e+00,15239883371257,15239883473498
18966,18966,"Agent 2",1,1122884,1122884,10240,90,"ullm_paged_decode_attn_f32_kernel",256,1024,0,32,0,128,"VALUInsts",0.00000000e+00,15239883371257,15239883473498
18966,18966,"Agent 2",1,1122884,1122884,10240,90,"ullm_paged_decode_attn_f32_kernel",256,1024,0,32,0,128,"Wavefronts",320.000000,15239883371257,15239883473498
19000,19000,"Agent 2",1,1122884,1122884,10240,90,"ullm_paged_decode_attn_f32_kernel",256,1024,0,32,0,128,"FETCH_SIZE",0.00000000e+00,15239884933559,15239885035720
19000,19000,"Agent 2",1,1122884,1122884,10240,90,"ullm_paged_decode_attn_f32_kernel",256,1024,0,32,0,128,"VALUInsts",0.00000000e+00,15239884933559,15239885035720
19000,19000,"Agent 2",1,1122884,1122884,10240,90,"ullm_paged_decode_attn_f32_kernel",256,1024,0,32,0,128,"Wavefronts",320.000000,15239884933559,15239885035720
19034,19034,"Agent 2",1,1122884,1122884,10240,90,"ullm_paged_decode_attn_f32_kernel",256,1024,0,32,0,128,"FETCH_SIZE",0.00000000e+00,15239886534461,15239886636182
19034,19034,"Agent 2",1,1122884,1122884,10240,90,"ullm_paged_decode_attn_f32_kernel",256,1024,0,32,0,128,"VALUInsts",0.00000000e+00,15239886534461,15239886636182
19034,19034,"Agent 2",1,1122884,1122884,10240,90,"ullm_paged_decode_attn_f32_kernel",256,1024,0,32,0,128,"Wavefronts",320.000000,15239886534461,15239886636182
19068,19068,"Agent 2",1,1122884,1122884,10240,90,"ullm_paged_decode_attn_f32_kernel",256,1024,0,32,0,128,"FETCH_SIZE",0.00000000e+00,15239888156484,15239888258085
19068,19068,"Agent 2",1,1122884,1122884,10240,90,"ullm_paged_decode_attn_f32_kernel",256,1024,0,32,0,128,"VALUInsts",0.00000000e+00,15239888156484,15239888258085
19068,19068,"Agent 2",1,1122884,1122884,10240,90,"ullm_paged_decode_attn_f32_kernel",256,1024,0,32,0,128,"Wavefronts",320.000000,15239888156484,15239888258085
19102,19102,"Agent 2",1,1122884,1122884,10240,90,"ullm_paged_decode_attn_f32_kernel",256,1024,0,32,0,128,"FETCH_SIZE",0.00000000e+00,15239889729026,15239889830507
19102,19102,"Agent 2",1,1122884,1122884,10240,90,"ullm_paged_decode_attn_f32_kernel",256,1024,0,32,0,128,"VALUInsts",0.00000000e+00,15239889729026,15239889830507
19102,19102,"Agent 2",1,1122884,1122884,10240,90,"ullm_paged_decode_attn_f32_kernel",256,1024,0,32,0,128,"Wavefronts",320.000000,15239889729026,15239889830507
19136,19136,"Agent 2",1,1122884,1122884,10240,90,"ullm_paged_decode_attn_f32_kernel",256,1024,0,32,0,128,"FETCH_SIZE",0.00000000e+00,15239891376209,15239891478010
19136,19136,"Agent 2",1,1122884,1122884,10240,90,"ullm_paged_decode_attn_f32_kernel",256,1024,0,32,0,128,"VALUInsts",0.00000000e+00,15239891376209,15239891478010
19136,19136,"Agent 2",1,1122884,1122884,10240,90,"ullm_paged_decode_attn_f32_kernel",256,1024,0,32,0,128,"Wavefronts",320.000000,15239891376209,15239891478010
19170,19170,"Agent 2",1,1122884,1122884,10240,90,"ullm_paged_decode_attn_f32_kernel",256,1024,0,32,0,128,"FETCH_SIZE",0.00000000e+00,15239892951911,15239893054112
19170,19170,"Agent 2",1,1122884,1122884,10240,90,"ullm_paged_decode_attn_f32_kernel",256,1024,0,32,0,128,"VALUInsts",0.00000000e+00,15239892951911,15239893054112
19170,19170,"Agent 2",1,1122884,1122884,10240,90,"ullm_paged_decode_attn_f32_kernel",256,1024,0,32,0,128,"Wavefronts",320.000000,15239892951911,15239893054112
19204,19204,"Agent 2",1,1122884,1122884,10240,90,"ullm_paged_decode_attn_f32_kernel",256,1024,0,32,0,128,"FETCH_SIZE",0.00000000e+00,15239894584854,15239894686655
19204,19204,"Agent 2",1,1122884,1122884,10240,90,"ullm_paged_decode_attn_f32_kernel",256,1024,0,32,0,128,"VALUInsts",0.00000000e+00,15239894584854,15239894686655
19204,19204,"Agent 2",1,1122884,1122884,10240,90,"ullm_paged_decode_attn_f32_kernel",256,1024,0,32,0,128,"Wavefronts",320.000000,15239894584854,15239894686655
19238,19238,"Agent 2",1,1122884,1122884,10240,90,"ullm_paged_decode_attn_f32_kernel",256,1024,0,32,0,128,"FETCH_SIZE",0.00000000e+00,15239896213516,15239896315398
19238,19238,"Agent 2",1,1122884,1122884,10240,90,"ullm_paged_decode_attn_f32_kernel",256,1024,0,32,0,128,"VALUInsts",0.00000000e+00,15239896213516,15239896315398
19238,19238,"Agent 2",1,1122884,1122884,10240,90,"ullm_paged_decode_attn_f32_kernel",256,1024,0,32,0,128,"Wavefronts",320.000000,15239896213516,15239896315398
19272,19272,"Agent 2",1,1122884,1122884,10240,90,"ullm_paged_decode_attn_f32_kernel",256,1024,0,32,0,128,"FETCH_SIZE",0.00000000e+00,15239897807939,15239897909580
19272,19272,"Agent 2",1,1122884,1122884,10240,90,"ullm_paged_decode_attn_f32_kernel",256,1024,0,32,0,128,"VALUInsts",0.00000000e+00,15239897807939,15239897909580
19272,19272,"Agent 2",1,1122884,1122884,10240,90,"ullm_paged_decode_attn_f32_kernel",256,1024,0,32,0,128,"Wavefronts",320.000000,15239897807939,15239897909580
19306,19306,"Agent 2",1,1122884,1122884,10240,90,"ullm_paged_decode_attn_f32_kernel",256,1024,0,32,0,128,"FETCH_SIZE",0.00000000e+00,15239899440722,15239899542523
19306,19306,"Agent 2",1,1122884,1122884,10240,90,"ullm_paged_decode_attn_f32_kernel",256,1024,0,32,0,128,"VALUInsts",0.00000000e+00,15239899440722,15239899542523
19306,19306,"Agent 2",1,1122884,1122884,10240,90,"ullm_paged_decode_attn_f32_kernel",256,1024,0,32,0,128,"Wavefronts",320.000000,15239899440722,15239899542523
19340,19340,"Agent 2",1,1122884,1122884,10240,90,"ullm_paged_decode_attn_f32_kernel",256,1024,0,32,0,128,"FETCH_SIZE",0.00000000e+00,15239901113625,15239901215146
19340,19340,"Agent 2",1,1122884,1122884,10240,90,"ullm_paged_decode_attn_f32_kernel",256,1024,0,32,0,128,"VALUInsts",0.00000000e+00,15239901113625,15239901215146
19340,19340,"Agent 2",1,1122884,1122884,10240,90,"ullm_paged_decode_attn_f32_kernel",256,1024,0,32,0,128,"Wavefronts",320.000000,15239901113625,15239901215146
19374,19374,"Agent 2",1,1122884,1122884,10240,90,"ullm_paged_decode_attn_f32_kernel",256,1024,0,32,0,128,"FETCH_SIZE",0.00000000e+00,15239902696127,15239902798169
19374,19374,"Agent 2",1,1122884,1122884,10240,90,"ullm_paged_decode_attn_f32_kernel",256,1024,0,32,0,128,"VALUInsts",0.00000000e+00,15239902696127,15239902798169
19374,19374,"Agent 2",1,1122884,1122884,10240,90,"ullm_paged_decode_attn_f32_kernel",256,1024,0,32,0,128,"Wavefronts",320.000000,15239902696127,15239902798169
19408,19408,"Agent 2",1,1122884,1122884,10240,90,"ullm_paged_decode_attn_f32_kernel",256,1024,0,32,0,128,"FETCH_SIZE",0.00000000e+00,15239904341950,15239904443832
19408,19408,"Agent 2",1,1122884,1122884,10240,90,"ullm_paged_decode_attn_f32_kernel",256,1024,0,32,0,128,"VALUInsts",0.00000000e+00,15239904341950,15239904443832
19408,19408,"Agent 2",1,1122884,1122884,10240,90,"ullm_paged_decode_attn_f32_kernel",256,1024,0,32,0,128,"Wavefronts",320.000000,15239904341950,15239904443832
19442,19442,"Agent 2",1,1122884,1122884,10240,90,"ullm_paged_decode_attn_f32_kernel",256,1024,0,32,0,128,"FETCH_SIZE",0.00000000e+00,15239905926692,15239906028494
19442,19442,"Agent 2",1,1122884,1122884,10240,90,"ullm_paged_decode_attn_f32_kernel",256,1024,0,32,0,128,"VALUInsts",0.00000000e+00,15239905926692,15239906028494
19442,19442,"Agent 2",1,1122884,1122884,10240,90,"ullm_paged_decode_attn_f32_kernel",256,1024,0,32,0,128,"Wavefronts",320.000000,15239905926692,15239906028494
19476,19476,"Agent 2",1,1122884,1122884,10240,90,"ullm_paged_decode_attn_f32_kernel",256,1024,0,32,0,128,"FETCH_SIZE",0.00000000e+00,15239907503914,15239907605196
19476,19476,"Agent 2",1,1122884,1122884,10240,90,"ullm_paged_decode_attn_f32_kernel",256,1024,0,32,0,128,"VALUInsts",0.00000000e+00,15239907503914,15239907605196
19476,19476,"Agent 2",1,1122884,1122884,10240,90,"ullm_paged_decode_attn_f32_kernel",256,1024,0,32,0,128,"Wavefronts",320.000000,15239907503914,15239907605196
19510,19510,"Agent 2",1,1122884,1122884,10240,90,"ullm_paged_decode_attn_f32_kernel",256,1024,0,32,0,128,"FETCH_SIZE",0.00000000e+00,15239909689865,15239909791986
19510,19510,"Agent 2",1,1122884,1122884,10240,90,"ullm_paged_decode_attn_f32_kernel",256,1024,0,32,0,128,"VALUInsts",0.00000000e+00,15239909689865,15239909791986
19510,19510,"Agent 2",1,1122884,1122884,10240,90,"ullm_paged_decode_attn_f32_kernel",256,1024,0,32,0,128,"Wavefronts",320.000000,15239909689865,15239909791986
19544,19544,"Agent 2",1,1122884,1122884,10240,90,"ullm_paged_decode_attn_f32_kernel",256,1024,0,32,0,128,"FETCH_SIZE",0.00000000e+00,15239911352568,15239911455290
19544,19544,"Agent 2",1,1122884,1122884,10240,90,"ullm_paged_decode_attn_f32_kernel",256,1024,0,32,0,128,"VALUInsts",0.00000000e+00,15239911352568,15239911455290
19544,19544,"Agent 2",1,1122884,1122884,10240,90,"ullm_paged_decode_attn_f32_kernel",256,1024,0,32,0,128,"Wavefronts",320.000000,15239911352568,15239911455290
19578,19578,"Agent 2",1,1122884,1122884,10240,90,"ullm_paged_decode_attn_f32_kernel",256,1024,0,32,0,128,"FETCH_SIZE",0.00000000e+00,15239912916070,15239913018152
19578,19578,"Agent 2",1,1122884,1122884,10240,90,"ullm_paged_decode_attn_f32_kernel",256,1024,0,32,0,128,"VALUInsts",0.00000000e+00,15239912916070,15239913018152
19578,19578,"Agent 2",1,1122884,1122884,10240,90,"ullm_paged_decode_attn_f32_kernel",256,1024,0,32,0,128,"Wavefronts",320.000000,15239912916070,15239913018152
19612,19612,"Agent 2",1,1122884,1122884,10240,90,"ullm_paged_decode_attn_f32_kernel",256,1024,0,32,0,128,"FETCH_SIZE",0.00000000e+00,15239914523853,15239914625494
19612,19612,"Agent 2",1,1122884,1122884,10240,90,"ullm_paged_decode_attn_f32_kernel",256,1024,0,32,0,128,"VALUInsts",0.00000000e+00,15239914523853,15239914625494
19612,19612,"Agent 2",1,1122884,1122884,10240,90,"ullm_paged_decode_attn_f32_kernel",256,1024,0,32,0,128,"Wavefronts",320.000000,15239914523853,15239914625494
19646,19646,"Agent 2",1,1122884,1122884,10240,90,"ullm_paged_decode_attn_f32_kernel",256,1024,0,32,0,128,"FETCH_SIZE",0.00000000e+00,15239916137875,15239916239597
19646,19646,"Agent 2",1,1122884,1122884,10240,90,"ullm_paged_decode_attn_f32_kernel",256,1024,0,32,0,128,"VALUInsts",0.00000000e+00,15239916137875,15239916239597
19646,19646,"Agent 2",1,1122884,1122884,10240,90,"ullm_paged_decode_attn_f32_kernel",256,1024,0,32,0,128,"Wavefronts",320.000000,15239916137875,15239916239597
19680,19680,"Agent 2",1,1122884,1122884,10240,90,"ullm_paged_decode_attn_f32_kernel",256,1024,0,32,0,128,"FETCH_SIZE",0.00000000e+00,15239917702977,15239917804619
19680,19680,"Agent 2",1,1122884,1122884,10240,90,"ullm_paged_decode_attn_f32_kernel",256,1024,0,32,0,128,"VALUInsts",0.00000000e+00,15239917702977,15239917804619
19680,19680,"Agent 2",1,1122884,1122884,10240,90,"ullm_paged_decode_attn_f32_kernel",256,1024,0,32,0,128,"Wavefronts",320.000000,15239917702977,15239917804619
19714,19714,"Agent 2",1,1122884,1122884,10240,90,"ullm_paged_decode_attn_f32_kernel",256,1024,0,32,0,128,"FETCH_SIZE",0.00000000e+00,15239919356320,15239919457682
19714,19714,"Agent 2",1,1122884,1122884,10240,90,"ullm_paged_decode_attn_f32_kernel",256,1024,0,32,0,128,"VALUInsts",0.00000000e+00,15239919356320,15239919457682
19714,19714,"Agent 2",1,1122884,1122884,10240,90,"ullm_paged_decode_attn_f32_kernel",256,1024,0,32,0,128,"Wavefronts",320.000000,15239919356320,15239919457682
19748,19748,"Agent 2",1,1122884,1122884,10240,90,"ullm_paged_decode_attn_f32_kernel",256,1024,0,32,0,128,"FETCH_SIZE",0.00000000e+00,15239920920982,15239921022544
19748,19748,"Agent 2",1,1122884,1122884,10240,90,"ullm_paged_decode_attn_f32_kernel",256,1024,0,32,0,128,"VALUInsts",0.00000000e+00,15239920920982,15239921022544
19748,19748,"Agent 2",1,1122884,1122884,10240,90,"ullm_paged_decode_attn_f32_kernel",256,1024,0,32,0,128,"Wavefronts",320.000000,15239920920982,15239921022544
19782,19782,"Agent 2",1,1122884,1122884,10240,90,"ullm_paged_decode_attn_f32_kernel",256,1024,0,32,0,128,"FETCH_SIZE",0.00000000e+00,15239922506684,15239922608886
19782,19782,"Agent 2",1,1122884,1122884,10240,90,"ullm_paged_decode_attn_f32_kernel",256,1024,0,32,0,128,"VALUInsts",0.00000000e+00,15239922506684,15239922608886
19782,19782,"Agent 2",1,1122884,1122884,10240,90,"ullm_paged_decode_attn_f32_kernel",256,1024,0,32,0,128,"Wavefronts",320.000000,15239922506684,15239922608886
19816,19816,"Agent 2",1,1122884,1122884,10240,90,"ullm_paged_decode_attn_f32_kernel",256,1024,0,32,0,128,"FETCH_SIZE",0.00000000e+00,15239924145067,15239924246909
19816,19816,"Agent 2",1,1122884,1122884,10240,90,"ullm_paged_decode_attn_f32_kernel",256,1024,0,32,0,128,"VALUInsts",0.00000000e+00,15239924145067,15239924246909
19816,19816,"Agent 2",1,1122884,1122884,10240,90,"ullm_paged_decode_attn_f32_kernel",256,1024,0,32,0,128,"Wavefronts",320.000000,15239924145067,15239924246909
19850,19850,"Agent 2",1,1122884,1122884,10240,90,"ullm_paged_decode_attn_f32_kernel",256,1024,0,32,0,128,"FETCH_SIZE",0.00000000e+00,15239925732701,15239925834262
19850,19850,"Agent 2",1,1122884,1122884,10240,90,"ullm_paged_decode_attn_f32_kernel",256,1024,0,32,0,128,"VALUInsts",0.00000000e+00,15239925732701,15239925834262
19850,19850,"Agent 2",1,1122884,1122884,10240,90,"ullm_paged_decode_attn_f32_kernel",256,1024,0,32,0,128,"Wavefronts",320.000000,15239925732701,15239925834262
19888,19888,"Agent 2",1,1122884,1122884,10240,90,"ullm_paged_decode_attn_f32_kernel",256,1024,0,32,0,128,"FETCH_SIZE",0.00000000e+00,15239933290066,15239933392148
19888,19888,"Agent 2",1,1122884,1122884,10240,90,"ullm_paged_decode_attn_f32_kernel",256,1024,0,32,0,128,"VALUInsts",0.00000000e+00,15239933290066,15239933392148
19888,19888,"Agent 2",1,1122884,1122884,10240,90,"ullm_paged_decode_attn_f32_kernel",256,1024,0,32,0,128,"Wavefronts",320.000000,15239933290066,15239933392148
19922,19922,"Agent 2",1,1122884,1122884,10240,90,"ullm_paged_decode_attn_f32_kernel",256,1024,0,32,0,128,"FETCH_SIZE",0.00000000e+00,15239934851928,15239934954530
19922,19922,"Agent 2",1,1122884,1122884,10240,90,"ullm_paged_decode_attn_f32_kernel",256,1024,0,32,0,128,"VALUInsts",0.00000000e+00,15239934851928,15239934954530
19922,19922,"Agent 2",1,1122884,1122884,10240,90,"ullm_paged_decode_attn_f32_kernel",256,1024,0,32,0,128,"Wavefronts",320.000000,15239934851928,15239934954530
19956,19956,"Agent 2",1,1122884,1122884,10240,90,"ullm_paged_decode_attn_f32_kernel",256,1024,0,32,0,128,"FETCH_SIZE",0.00000000e+00,15239936468031,15239936570792
19956,19956,"Agent 2",1,1122884,1122884,10240,90,"ullm_paged_decode_attn_f32_kernel",256,1024,0,32,0,128,"VALUInsts",0.00000000e+00,15239936468031,15239936570792
19956,19956,"Agent 2",1,1122884,1122884,10240,90,"ullm_paged_decode_attn_f32_kernel",256,1024,0,32,0,128,"Wavefronts",320.000000,15239936468031,15239936570792
19990,19990,"Agent 2",1,1122884,1122884,10240,90,"ullm_paged_decode_attn_f32_kernel",256,1024,0,32,0,128,"FETCH_SIZE",0.00000000e+00,15239938141814,15239938244896
19990,19990,"Agent 2",1,1122884,1122884,10240,90,"ullm_paged_decode_attn_f32_kernel",256,1024,0,32,0,128,"VALUInsts",0.00000000e+00,15239938141814,15239938244896
19990,19990,"Agent 2",1,1122884,1122884,10240,90,"ullm_paged_decode_attn_f32_kernel",256,1024,0,32,0,128,"Wavefronts",320.000000,15239938141814,15239938244896
20024,20024,"Agent 2",1,1122884,1122884,10240,90,"ullm_paged_decode_attn_f32_kernel",256,1024,0,32,0,128,"FETCH_SIZE",0.00000000e+00,15239939726276,15239939828958
20024,20024,"Agent 2",1,1122884,1122884,10240,90,"ullm_paged_decode_attn_f32_kernel",256,1024,0,32,0,128,"VALUInsts",0.00000000e+00,15239939726276,15239939828958
20024,20024,"Agent 2",1,1122884,1122884,10240,90,"ullm_paged_decode_attn_f32_kernel",256,1024,0,32,0,128,"Wavefronts",320.000000,15239939726276,15239939828958
20058,20058,"Agent 2",1,1122884,1122884,10240,90,"ullm_paged_decode_attn_f32_kernel",256,1024,0,32,0,128,"FETCH_SIZE",0.00000000e+00,15239941356579,15239941458781
20058,20058,"Agent 2",1,1122884,1122884,10240,90,"ullm_paged_decode_attn_f32_kernel",256,1024,0,32,0,128,"VALUInsts",0.00000000e+00,15239941356579,15239941458781
20058,20058,"Agent 2",1,1122884,1122884,10240,90,"ullm_paged_decode_attn_f32_kernel",256,1024,0,32,0,128,"Wavefronts",320.000000,15239941356579,15239941458781
20092,20092,"Agent 2",1,1122884,1122884,10240,90,"ullm_paged_decode_attn_f32_kernel",256,1024,0,32,0,128,"FETCH_SIZE",0.00000000e+00,15239942918481,15239943020643
20092,20092,"Agent 2",1,1122884,1122884,10240,90,"ullm_paged_decode_attn_f32_kernel",256,1024,0,32,0,128,"VALUInsts",0.00000000e+00,15239942918481,15239943020643
20092,20092,"Agent 2",1,1122884,1122884,10240,90,"ullm_paged_decode_attn_f32_kernel",256,1024,0,32,0,128,"Wavefronts",320.000000,15239942918481,15239943020643
20126,20126,"Agent 2",1,1122884,1122884,10240,90,"ullm_paged_decode_attn_f32_kernel",256,1024,0,32,0,128,"FETCH_SIZE",0.00000000e+00,15239944512103,15239944614305
20126,20126,"Agent 2",1,1122884,1122884,10240,90,"ullm_paged_decode_attn_f32_kernel",256,1024,0,32,0,128,"VALUInsts",0.00000000e+00,15239944512103,15239944614305
20126,20126,"Agent 2",1,1122884,1122884,10240,90,"ullm_paged_decode_attn_f32_kernel",256,1024,0,32,0,128,"Wavefronts",320.000000,15239944512103,15239944614305
20160,20160,"Agent 2",1,1122884,1122884,10240,90,"ullm_paged_decode_attn_f32_kernel",256,1024,0,32,0,128,"FETCH_SIZE",0.00000000e+00,15239946134206,15239946236208
20160,20160,"Agent 2",1,1122884,1122884,10240,90,"ullm_paged_decode_attn_f32_kernel",256,1024,0,32,0,128,"VALUInsts",0.00000000e+00,15239946134206,15239946236208
20160,20160,"Agent 2",1,1122884,1122884,10240,90,"ullm_paged_decode_attn_f32_kernel",256,1024,0,32,0,128,"Wavefronts",320.000000,15239946134206,15239946236208
20194,20194,"Agent 2",1,1122884,1122884,10240,90,"ullm_paged_decode_attn_f32_kernel",256,1024,0,32,0,128,"FETCH_SIZE",0.00000000e+00,15239947718748,15239947821590
20194,20194,"Agent 2",1,1122884,1122884,10240,90,"ullm_paged_decode_attn_f32_kernel",256,1024,0,32,0,128,"VALUInsts",0.00000000e+00,15239947718748,15239947821590
20194,20194,"Agent 2",1,1122884,1122884,10240,90,"ullm_paged_decode_attn_f32_kernel",256,1024,0,32,0,128,"Wavefronts",320.000000,15239947718748,15239947821590
20228,20228,"Agent 2",1,1122884,1122884,10240,90,"ullm_paged_decode_attn_f32_kernel",256,1024,0,32,0,128,"FETCH_SIZE",0.00000000e+00,15239949377412,15239949480333
20228,20228,"Agent 2",1,1122884,1122884,10240,90,"ullm_paged_decode_attn_f32_kernel",256,1024,0,32,0,128,"VALUInsts",0.00000000e+00,15239949377412,15239949480333
20228,20228,"Agent 2",1,1122884,1122884,10240,90,"ullm_paged_decode_attn_f32_kernel",256,1024,0,32,0,128,"Wavefronts",320.000000,15239949377412,15239949480333
20262,20262,"Agent 2",1,1122884,1122884,10240,90,"ullm_paged_decode_attn_f32_kernel",256,1024,0,32,0,128,"FETCH_SIZE",0.00000000e+00,15239950944953,15239951047475
20262,20262,"Agent 2",1,1122884,1122884,10240,90,"ullm_paged_decode_attn_f32_kernel",256,1024,0,32,0,128,"VALUInsts",0.00000000e+00,15239950944953,15239951047475
20262,20262,"Agent 2",1,1122884,1122884,10240,90,"ullm_paged_decode_attn_f32_kernel",256,1024,0,32,0,128,"Wavefronts",320.000000,15239950944953,15239951047475
20296,20296,"Agent 2",1,1122884,1122884,10240,90,"ullm_paged_decode_attn_f32_kernel",256,1024,0,32,0,128,"FETCH_SIZE",0.00000000e+00,15239952583136,15239952685258
20296,20296,"Agent 2",1,1122884,1122884,10240,90,"ullm_paged_decode_attn_f32_kernel",256,1024,0,32,0,128,"VALUInsts",0.00000000e+00,15239952583136,15239952685258
20296,20296,"Agent 2",1,1122884,1122884,10240,90,"ullm_paged_decode_attn_f32_kernel",256,1024,0,32,0,128,"Wavefronts",320.000000,15239952583136,15239952685258
20330,20330,"Agent 2",1,1122884,1122884,10240,90,"ullm_paged_decode_attn_f32_kernel",256,1024,0,32,0,128,"FETCH_SIZE",0.00000000e+00,15239954187279,15239954289480
20330,20330,"Agent 2",1,1122884,1122884,10240,90,"ullm_paged_decode_attn_f32_kernel",256,1024,0,32,0,128,"VALUInsts",0.00000000e+00,15239954187279,15239954289480
20330,20330,"Agent 2",1,1122884,1122884,10240,90,"ullm_paged_decode_attn_f32_kernel",256,1024,0,32,0,128,"Wavefronts",320.000000,15239954187279,15239954289480
20364,20364,"Agent 2",1,1122884,1122884,10240,90,"ullm_paged_decode_attn_f32_kernel",256,1024,0,32,0,128,"FETCH_SIZE",0.00000000e+00,15239955784221,15239955886103
20364,20364,"Agent 2",1,1122884,1122884,10240,90,"ullm_paged_decode_attn_f32_kernel",256,1024,0,32,0,128,"VALUInsts",0.00000000e+00,15239955784221,15239955886103
20364,20364,"Agent 2",1,1122884,1122884,10240,90,"ullm_paged_decode_attn_f32_kernel",256,1024,0,32,0,128,"Wavefronts",320.000000,15239955784221,15239955886103
20398,20398,"Agent 2",1,1122884,1122884,10240,90,"ullm_paged_decode_attn_f32_kernel",256,1024,0,32,0,128,"FETCH_SIZE",0.00000000e+00,15239957374763,15239957477565
20398,20398,"Agent 2",1,1122884,1122884,10240,90,"ullm_paged_decode_attn_f32_kernel",256,1024,0,32,0,128,"VALUInsts",0.00000000e+00,15239957374763,15239957477565
20398,20398,"Agent 2",1,1122884,1122884,10240,90,"ullm_paged_decode_attn_f32_kernel",256,1024,0,32,0,128,"Wavefronts",320.000000,15239957374763,15239957477565
20432,20432,"Agent 2",1,1122884,1122884,10240,90,"ullm_paged_decode_attn_f32_kernel",256,1024,0,32,0,128,"FETCH_SIZE",0.00000000e+00,15239958949825,15239959052307
20432,20432,"Agent 2",1,1122884,1122884,10240,90,"ullm_paged_decode_attn_f32_kernel",256,1024,0,32,0,128,"VALUInsts",0.00000000e+00,15239958949825,15239959052307
20432,20432,"Agent 2",1,1122884,1122884,10240,90,"ullm_paged_decode_attn_f32_kernel",256,1024,0,32,0,128,"Wavefronts",320.000000,15239958949825,15239959052307
20466,20466,"Agent 2",1,1122884,1122884,10240,90,"ullm_paged_decode_attn_f32_kernel",256,1024,0,32,0,128,"FETCH_SIZE",0.00000000e+00,15239960561208,15239960663569
20466,20466,"Agent 2",1,1122884,1122884,10240,90,"ullm_paged_decode_attn_f32_kernel",256,1024,0,32,0,128,"VALUInsts",0.00000000e+00,15239960561208,15239960663569
20466,20466,"Agent 2",1,1122884,1122884,10240,90,"ullm_paged_decode_attn_f32_kernel",256,1024,0,32,0,128,"Wavefronts",320.000000,15239960561208,15239960663569
20500,20500,"Agent 2",1,1122884,1122884,10240,90,"ullm_paged_decode_attn_f32_kernel",256,1024,0,32,0,128,"FETCH_SIZE",0.00000000e+00,15239962176031,15239962278152
20500,20500,"Agent 2",1,1122884,1122884,10240,90,"ullm_paged_decode_attn_f32_kernel",256,1024,0,32,0,128,"VALUInsts",0.00000000e+00,15239962176031,15239962278152
20500,20500,"Agent 2",1,1122884,1122884,10240,90,"ullm_paged_decode_attn_f32_kernel",256,1024,0,32,0,128,"Wavefronts",320.000000,15239962176031,15239962278152
20534,20534,"Agent 2",1,1122884,1122884,10240,90,"ullm_paged_decode_attn_f32_kernel",256,1024,0,32,0,128,"FETCH_SIZE",0.00000000e+00,15239963810453,15239963912735
20534,20534,"Agent 2",1,1122884,1122884,10240,90,"ullm_paged_decode_attn_f32_kernel",256,1024,0,32,0,128,"VALUInsts",0.00000000e+00,15239963810453,15239963912735
20534,20534,"Agent 2",1,1122884,1122884,10240,90,"ullm_paged_decode_attn_f32_kernel",256,1024,0,32,0,128,"Wavefronts",320.000000,15239963810453,15239963912735
20568,20568,"Agent 2",1,1122884,1122884,10240,90,"ullm_paged_decode_attn_f32_kernel",256,1024,0,32,0,128,"FETCH_SIZE",0.00000000e+00,15239965427596,15239965530358
20568,20568,"Agent 2",1,1122884,1122884,10240,90,"ullm_paged_decode_attn_f32_kernel",256,1024,0,32,0,128,"VALUInsts",0.00000000e+00,15239965427596,15239965530358
20568,20568,"Agent 2",1,1122884,1122884,10240,90,"ullm_paged_decode_attn_f32_kernel",256,1024,0,32,0,128,"Wavefronts",320.000000,15239965427596,15239965530358
20602,20602,"Agent 2",1,1122884,1122884,10240,90,"ullm_paged_decode_attn_f32_kernel",256,1024,0,32,0,128,"FETCH_SIZE",0.00000000e+00,15239967049499,15239967153020
20602,20602,"Agent 2",1,1122884,1122884,10240,90,"ullm_paged_decode_attn_f32_kernel",256,1024,0,32,0,128,"VALUInsts",0.00000000e+00,15239967049499,15239967153020
20602,20602,"Agent 2",1,1122884,1122884,10240,90,"ullm_paged_decode_attn_f32_kernel",256,1024,0,32,0,128,"Wavefronts",320.000000,15239967049499,15239967153020
20636,20636,"Agent 2",1,1122884,1122884,10240,90,"ullm_paged_decode_attn_f32_kernel",256,1024,0,32,0,128,"FETCH_SIZE",0.00000000e+00,15239968619481,15239968722282
20636,20636,"Agent 2",1,1122884,1122884,10240,90,"ullm_paged_decode_attn_f32_kernel",256,1024,0,32,0,128,"VALUInsts",0.00000000e+00,15239968619481,15239968722282
20636,20636,"Agent 2",1,1122884,1122884,10240,90,"ullm_paged_decode_attn_f32_kernel",256,1024,0,32,0,128,"Wavefronts",320.000000,15239968619481,15239968722282
20670,20670,"Agent 2",1,1122884,1122884,10240,90,"ullm_paged_decode_attn_f32_kernel",256,1024,0,32,0,128,"FETCH_SIZE",0.00000000e+00,15239970262984,15239970365145
20670,20670,"Agent 2",1,1122884,1122884,10240,90,"ullm_paged_decode_attn_f32_kernel",256,1024,0,32,0,128,"VALUInsts",0.00000000e+00,15239970262984,15239970365145
20670,20670,"Agent 2",1,1122884,1122884,10240,90,"ullm_paged_decode_attn_f32_kernel",256,1024,0,32,0,128,"Wavefronts",320.000000,15239970262984,15239970365145
20704,20704,"Agent 2",1,1122884,1122884,10240,90,"ullm_paged_decode_attn_f32_kernel",256,1024,0,32,0,128,"FETCH_SIZE",0.00000000e+00,15239971881126,15239971983288
20704,20704,"Agent 2",1,1122884,1122884,10240,90,"ullm_paged_decode_attn_f32_kernel",256,1024,0,32,0,128,"VALUInsts",0.00000000e+00,15239971881126,15239971983288
20704,20704,"Agent 2",1,1122884,1122884,10240,90,"ullm_paged_decode_attn_f32_kernel",256,1024,0,32,0,128,"Wavefronts",320.000000,15239971881126,15239971983288
20738,20738,"Agent 2",1,1122884,1122884,10240,90,"ullm_paged_decode_attn_f32_kernel",256,1024,0,32,0,128,"FETCH_SIZE",0.00000000e+00,15239973506109,15239973608671
20738,20738,"Agent 2",1,1122884,1122884,10240,90,"ullm_paged_decode_attn_f32_kernel",256,1024,0,32,0,128,"VALUInsts",0.00000000e+00,15239973506109,15239973608671
20738,20738,"Agent 2",1,1122884,1122884,10240,90,"ullm_paged_decode_attn_f32_kernel",256,1024,0,32,0,128,"Wavefronts",320.000000,15239973506109,15239973608671
20772,20772,"Agent 2",1,1122884,1122884,10240,90,"ullm_paged_decode_attn_f32_kernel",256,1024,0,32,0,128,"FETCH_SIZE",0.00000000e+00,15239975161292,15239975264094
20772,20772,"Agent 2",1,1122884,1122884,10240,90,"ullm_paged_decode_attn_f32_kernel",256,1024,0,32,0,128,"VALUInsts",0.00000000e+00,15239975161292,15239975264094
20772,20772,"Agent 2",1,1122884,1122884,10240,90,"ullm_paged_decode_attn_f32_kernel",256,1024,0,32,0,128,"Wavefronts",320.000000,15239975161292,15239975264094
20806,20806,"Agent 2",1,1122884,1122884,10240,90,"ullm_paged_decode_attn_f32_kernel",256,1024,0,32,0,128,"FETCH_SIZE",0.00000000e+00,15239976783955,15239976887116
20806,20806,"Agent 2",1,1122884,1122884,10240,90,"ullm_paged_decode_attn_f32_kernel",256,1024,0,32,0,128,"VALUInsts",0.00000000e+00,15239976783955,15239976887116
20806,20806,"Agent 2",1,1122884,1122884,10240,90,"ullm_paged_decode_attn_f32_kernel",256,1024,0,32,0,128,"Wavefronts",320.000000,15239976783955,15239976887116
20840,20840,"Agent 2",1,1122884,1122884,10240,90,"ullm_paged_decode_attn_f32_kernel",256,1024,0,32,0,128,"FETCH_SIZE",0.00000000e+00,15239978386857,15239978489179
20840,20840,"Agent 2",1,1122884,1122884,10240,90,"ullm_paged_decode_attn_f32_kernel",256,1024,0,32,0,128,"VALUInsts",0.00000000e+00,15239978386857,15239978489179
20840,20840,"Agent 2",1,1122884,1122884,10240,90,"ullm_paged_decode_attn_f32_kernel",256,1024,0,32,0,128,"Wavefronts",320.000000,15239978386857,15239978489179
20874,20874,"Agent 2",1,1122884,1122884,10240,90,"ullm_paged_decode_attn_f32_kernel",256,1024,0,32,0,128,"FETCH_SIZE",0.00000000e+00,15239980599008,15239980701250
20874,20874,"Agent 2",1,1122884,1122884,10240,90,"ullm_paged_decode_attn_f32_kernel",256,1024,0,32,0,128,"VALUInsts",0.00000000e+00,15239980599008,15239980701250
20874,20874,"Agent 2",1,1122884,1122884,10240,90,"ullm_paged_decode_attn_f32_kernel",256,1024,0,32,0,128,"Wavefronts",320.000000,15239980599008,15239980701250
20908,20908,"Agent 2",1,1122884,1122884,10240,90,"ullm_paged_decode_attn_f32_kernel",256,1024,0,32,0,128,"FETCH_SIZE",0.00000000e+00,15239982241591,15239982343553
20908,20908,"Agent 2",1,1122884,1122884,10240,90,"ullm_paged_decode_attn_f32_kernel",256,1024,0,32,0,128,"VALUInsts",0.00000000e+00,15239982241591,15239982343553
20908,20908,"Agent 2",1,1122884,1122884,10240,90,"ullm_paged_decode_attn_f32_kernel",256,1024,0,32,0,128,"Wavefronts",320.000000,15239982241591,15239982343553
20942,20942,"Agent 2",1,1122884,1122884,10240,90,"ullm_paged_decode_attn_f32_kernel",256,1024,0,32,0,128,"FETCH_SIZE",0.00000000e+00,15239983837454,15239983939695
20942,20942,"Agent 2",1,1122884,1122884,10240,90,"ullm_paged_decode_attn_f32_kernel",256,1024,0,32,0,128,"VALUInsts",0.00000000e+00,15239983837454,15239983939695
20942,20942,"Agent 2",1,1122884,1122884,10240,90,"ullm_paged_decode_attn_f32_kernel",256,1024,0,32,0,128,"Wavefronts",320.000000,15239983837454,15239983939695
20976,20976,"Agent 2",1,1122884,1122884,10240,90,"ullm_paged_decode_attn_f32_kernel",256,1024,0,32,0,128,"FETCH_SIZE",0.00000000e+00,15239985482277,15239985584838
20976,20976,"Agent 2",1,1122884,1122884,10240,90,"ullm_paged_decode_attn_f32_kernel",256,1024,0,32,0,128,"VALUInsts",0.00000000e+00,15239985482277,15239985584838
20976,20976,"Agent 2",1,1122884,1122884,10240,90,"ullm_paged_decode_attn_f32_kernel",256,1024,0,32,0,128,"Wavefronts",320.000000,15239985482277,15239985584838
21010,21010,"Agent 2",1,1122884,1122884,10240,90,"ullm_paged_decode_attn_f32_kernel",256,1024,0,32,0,128,"FETCH_SIZE",0.00000000e+00,15239987120180,15239987223261
21010,21010,"Agent 2",1,1122884,1122884,10240,90,"ullm_paged_decode_attn_f32_kernel",256,1024,0,32,0,128,"VALUInsts",0.00000000e+00,15239987120180,15239987223261
21010,21010,"Agent 2",1,1122884,1122884,10240,90,"ullm_paged_decode_attn_f32_kernel",256,1024,0,32,0,128,"Wavefronts",320.000000,15239987120180,15239987223261
21044,21044,"Agent 2",1,1122884,1122884,10240,90,"ullm_paged_decode_attn_f32_kernel",256,1024,0,32,0,128,"FETCH_SIZE",0.00000000e+00,15239988713034,15239988815675
21044,21044,"Agent 2",1,1122884,1122884,10240,90,"ullm_paged_decode_attn_f32_kernel",256,1024,0,32,0,128,"VALUInsts",0.00000000e+00,15239988713034,15239988815675
21044,21044,"Agent 2",1,1122884,1122884,10240,90,"ullm_paged_decode_attn_f32_kernel",256,1024,0,32,0,128,"Wavefronts",320.000000,15239988713034,15239988815675
21078,21078,"Agent 2",1,1122884,1122884,10240,90,"ullm_paged_decode_attn_f32_kernel",256,1024,0,32,0,128,"FETCH_SIZE",0.00000000e+00,15239990369017,15239990471138
21078,21078,"Agent 2",1,1122884,1122884,10240,90,"ullm_paged_decode_attn_f32_kernel",256,1024,0,32,0,128,"VALUInsts",0.00000000e+00,15239990369017,15239990471138
21078,21078,"Agent 2",1,1122884,1122884,10240,90,"ullm_paged_decode_attn_f32_kernel",256,1024,0,32,0,128,"Wavefronts",320.000000,15239990369017,15239990471138
21112,21112,"Agent 2",1,1122884,1122884,10240,90,"ullm_paged_decode_attn_f32_kernel",256,1024,0,32,0,128,"FETCH_SIZE",0.00000000e+00,15239991945799,15239992048040
21112,21112,"Agent 2",1,1122884,1122884,10240,90,"ullm_paged_decode_attn_f32_kernel",256,1024,0,32,0,128,"VALUInsts",0.00000000e+00,15239991945799,15239992048040
21112,21112,"Agent 2",1,1122884,1122884,10240,90,"ullm_paged_decode_attn_f32_kernel",256,1024,0,32,0,128,"Wavefronts",320.000000,15239991945799,15239992048040
21146,21146,"Agent 2",1,1122884,1122884,10240,90,"ullm_paged_decode_attn_f32_kernel",256,1024,0,32,0,128,"FETCH_SIZE",0.00000000e+00,15239993556262,15239993659023
21146,21146,"Agent 2",1,1122884,1122884,10240,90,"ullm_paged_decode_attn_f32_kernel",256,1024,0,32,0,128,"VALUInsts",0.00000000e+00,15239993556262,15239993659023
21146,21146,"Agent 2",1,1122884,1122884,10240,90,"ullm_paged_decode_attn_f32_kernel",256,1024,0,32,0,128,"Wavefronts",320.000000,15239993556262,15239993659023
21180,21180,"Agent 2",1,1122884,1122884,10240,90,"ullm_paged_decode_attn_f32_kernel",256,1024,0,32,0,128,"FETCH_SIZE",0.00000000e+00,15239995162204,15239995264445
21180,21180,"Agent 2",1,1122884,1122884,10240,90,"ullm_paged_decode_attn_f32_kernel",256,1024,0,32,0,128,"VALUInsts",0.00000000e+00,15239995162204,15239995264445
21180,21180,"Agent 2",1,1122884,1122884,10240,90,"ullm_paged_decode_attn_f32_kernel",256,1024,0,32,0,128,"Wavefronts",320.000000,15239995162204,15239995264445
21214,21214,"Agent 2",1,1122884,1122884,10240,90,"ullm_paged_decode_attn_f32_kernel",256,1024,0,32,0,128,"FETCH_SIZE",0.00000000e+00,15239996803627,15239996906108
21214,21214,"Agent 2",1,1122884,1122884,10240,90,"ullm_paged_decode_attn_f32_kernel",256,1024,0,32,0,128,"VALUInsts",0.00000000e+00,15239996803627,15239996906108
21214,21214,"Agent 2",1,1122884,1122884,10240,90,"ullm_paged_decode_attn_f32_kernel",256,1024,0,32,0,128,"Wavefronts",320.000000,15239996803627,15239996906108
21252,21252,"Agent 2",1,1122884,1122884,10240,90,"ullm_paged_decode_attn_f32_kernel",256,1024,0,32,0,128,"FETCH_SIZE",0.00000000e+00,15240004363493,15240004466374
21252,21252,"Agent 2",1,1122884,1122884,10240,90,"ullm_paged_decode_attn_f32_kernel",256,1024,0,32,0,128,"VALUInsts",0.00000000e+00,15240004363493,15240004466374
21252,21252,"Agent 2",1,1122884,1122884,10240,90,"ullm_paged_decode_attn_f32_kernel",256,1024,0,32,0,128,"Wavefronts",320.000000,15240004363493,15240004466374
21286,21286,"Agent 2",1,1122884,1122884,10240,90,"ullm_paged_decode_attn_f32_kernel",256,1024,0,32,0,128,"FETCH_SIZE",0.00000000e+00,15240005929155,15240006032916
21286,21286,"Agent 2",1,1122884,1122884,10240,90,"ullm_paged_decode_attn_f32_kernel",256,1024,0,32,0,128,"VALUInsts",0.00000000e+00,15240005929155,15240006032916
21286,21286,"Agent 2",1,1122884,1122884,10240,90,"ullm_paged_decode_attn_f32_kernel",256,1024,0,32,0,128,"Wavefronts",320.000000,15240005929155,15240006032916
21320,21320,"Agent 2",1,1122884,1122884,10240,90,"ullm_paged_decode_attn_f32_kernel",256,1024,0,32,0,128,"FETCH_SIZE",0.00000000e+00,15240007545257,15240007648779
21320,21320,"Agent 2",1,1122884,1122884,10240,90,"ullm_paged_decode_attn_f32_kernel",256,1024,0,32,0,128,"VALUInsts",0.00000000e+00,15240007545257,15240007648779
21320,21320,"Agent 2",1,1122884,1122884,10240,90,"ullm_paged_decode_attn_f32_kernel",256,1024,0,32,0,128,"Wavefronts",320.000000,15240007545257,15240007648779
21354,21354,"Agent 2",1,1122884,1122884,10240,90,"ullm_paged_decode_attn_f32_kernel",256,1024,0,32,0,128,"FETCH_SIZE",0.00000000e+00,15240009159960,15240009263401
21354,21354,"Agent 2",1,1122884,1122884,10240,90,"ullm_paged_decode_attn_f32_kernel",256,1024,0,32,0,128,"VALUInsts",0.00000000e+00,15240009159960,15240009263401
21354,21354,"Agent 2",1,1122884,1122884,10240,90,"ullm_paged_decode_attn_f32_kernel",256,1024,0,32,0,128,"Wavefronts",320.000000,15240009159960,15240009263401
21388,21388,"Agent 2",1,1122884,1122884,10240,90,"ullm_paged_decode_attn_f32_kernel",256,1024,0,32,0,128,"FETCH_SIZE",0.00000000e+00,15240010730342,15240010833463
21388,21388,"Agent 2",1,1122884,1122884,10240,90,"ullm_paged_decode_attn_f32_kernel",256,1024,0,32,0,128,"VALUInsts",0.00000000e+00,15240010730342,15240010833463
21388,21388,"Agent 2",1,1122884,1122884,10240,90,"ullm_paged_decode_attn_f32_kernel",256,1024,0,32,0,128,"Wavefronts",320.000000,15240010730342,15240010833463
21422,21422,"Agent 2",1,1122884,1122884,10240,90,"ullm_paged_decode_attn_f32_kernel",256,1024,0,32,0,128,"FETCH_SIZE",0.00000000e+00,15240012332884,15240012435886
21422,21422,"Agent 2",1,1122884,1122884,10240,90,"ullm_paged_decode_attn_f32_kernel",256,1024,0,32,0,128,"VALUInsts",0.00000000e+00,15240012332884,15240012435886
21422,21422,"Agent 2",1,1122884,1122884,10240,90,"ullm_paged_decode_attn_f32_kernel",256,1024,0,32,0,128,"Wavefronts",320.000000,15240012332884,15240012435886
21456,21456,"Agent 2",1,1122884,1122884,10240,90,"ullm_paged_decode_attn_f32_kernel",256,1024,0,32,0,128,"FETCH_SIZE",0.00000000e+00,15240013908306,15240014011428
21456,21456,"Agent 2",1,1122884,1122884,10240,90,"ullm_paged_decode_attn_f32_kernel",256,1024,0,32,0,128,"VALUInsts",0.00000000e+00,15240013908306,15240014011428
21456,21456,"Agent 2",1,1122884,1122884,10240,90,"ullm_paged_decode_attn_f32_kernel",256,1024,0,32,0,128,"Wavefronts",320.000000,15240013908306,15240014011428
21490,21490,"Agent 2",1,1122884,1122884,10240,90,"ullm_paged_decode_attn_f32_kernel",256,1024,0,32,0,128,"FETCH_SIZE",0.00000000e+00,15240015521609,15240015624930
21490,21490,"Agent 2",1,1122884,1122884,10240,90,"ullm_paged_decode_attn_f32_kernel",256,1024,0,32,0,128,"VALUInsts",0.00000000e+00,15240015521609,15240015624930
21490,21490,"Agent 2",1,1122884,1122884,10240,90,"ullm_paged_decode_attn_f32_kernel",256,1024,0,32,0,128,"Wavefronts",320.000000,15240015521609,15240015624930
21524,21524,"Agent 2",1,1122884,1122884,10240,90,"ullm_paged_decode_attn_f32_kernel",256,1024,0,32,0,128,"FETCH_SIZE",0.00000000e+00,15240017131151,15240017234353
21524,21524,"Agent 2",1,1122884,1122884,10240,90,"ullm_paged_decode_attn_f32_kernel",256,1024,0,32,0,128,"VALUInsts",0.00000000e+00,15240017131151,15240017234353
21524,21524,"Agent 2",1,1122884,1122884,10240,90,"ullm_paged_decode_attn_f32_kernel",256,1024,0,32,0,128,"Wavefronts",320.000000,15240017131151,15240017234353
21558,21558,"Agent 2",1,1122884,1122884,10240,90,"ullm_paged_decode_attn_f32_kernel",256,1024,0,32,0,128,"FETCH_SIZE",0.00000000e+00,15240018706853,15240018809935
21558,21558,"Agent 2",1,1122884,1122884,10240,90,"ullm_paged_decode_attn_f32_kernel",256,1024,0,32,0,128,"VALUInsts",0.00000000e+00,15240018706853,15240018809935
21558,21558,"Agent 2",1,1122884,1122884,10240,90,"ullm_paged_decode_attn_f32_kernel",256,1024,0,32,0,128,"Wavefronts",320.000000,15240018706853,15240018809935
21592,21592,"Agent 2",1,1122884,1122884,10240,90,"ullm_paged_decode_attn_f32_kernel",256,1024,0,32,0,128,"FETCH_SIZE",0.00000000e+00,15240020335996,15240020438598
21592,21592,"Agent 2",1,1122884,1122884,10240,90,"ullm_paged_decode_attn_f32_kernel",256,1024,0,32,0,128,"VALUInsts",0.00000000e+00,15240020335996,15240020438598
21592,21592,"Agent 2",1,1122884,1122884,10240,90,"ullm_paged_decode_attn_f32_kernel",256,1024,0,32,0,128,"Wavefronts",320.000000,15240020335996,15240020438598
21626,21626,"Agent 2",1,1122884,1122884,10240,90,"ullm_paged_decode_attn_f32_kernel",256,1024,0,32,0,128,"FETCH_SIZE",0.00000000e+00,15240021934699,15240022037580
21626,21626,"Agent 2",1,1122884,1122884,10240,90,"ullm_paged_decode_attn_f32_kernel",256,1024,0,32,0,128,"VALUInsts",0.00000000e+00,15240021934699,15240022037580
21626,21626,"Agent 2",1,1122884,1122884,10240,90,"ullm_paged_decode_attn_f32_kernel",256,1024,0,32,0,128,"Wavefronts",320.000000,15240021934699,15240022037580
21660,21660,"Agent 2",1,1122884,1122884,10240,90,"ullm_paged_decode_attn_f32_kernel",256,1024,0,32,0,128,"FETCH_SIZE",0.00000000e+00,15240023578562,15240023681683
21660,21660,"Agent 2",1,1122884,1122884,10240,90,"ullm_paged_decode_attn_f32_kernel",256,1024,0,32,0,128,"VALUInsts",0.00000000e+00,15240023578562,15240023681683
21660,21660,"Agent 2",1,1122884,1122884,10240,90,"ullm_paged_decode_attn_f32_kernel",256,1024,0,32,0,128,"Wavefronts",320.000000,15240023578562,15240023681683
21694,21694,"Agent 2",1,1122884,1122884,10240,90,"ullm_paged_decode_attn_f32_kernel",256,1024,0,32,0,128,"FETCH_SIZE",0.00000000e+00,15240025172384,15240025275825
21694,21694,"Agent 2",1,1122884,1122884,10240,90,"ullm_paged_decode_attn_f32_kernel",256,1024,0,32,0,128,"VALUInsts",0.00000000e+00,15240025172384,15240025275825
21694,21694,"Agent 2",1,1122884,1122884,10240,90,"ullm_paged_decode_attn_f32_kernel",256,1024,0,32,0,128,"Wavefronts",320.000000,15240025172384,15240025275825
21728,21728,"Agent 2",1,1122884,1122884,10240,90,"ullm_paged_decode_attn_f32_kernel",256,1024,0,32,0,128,"FETCH_SIZE",0.00000000e+00,15240026723926,15240026827447
21728,21728,"Agent 2",1,1122884,1122884,10240,90,"ullm_paged_decode_attn_f32_kernel",256,1024,0,32,0,128,"VALUInsts",0.00000000e+00,15240026723926,15240026827447
21728,21728,"Agent 2",1,1122884,1122884,10240,90,"ullm_paged_decode_attn_f32_kernel",256,1024,0,32,0,128,"Wavefronts",320.000000,15240026723926,15240026827447
21762,21762,"Agent 2",1,1122884,1122884,10240,90,"ullm_paged_decode_attn_f32_kernel",256,1024,0,32,0,128,"FETCH_SIZE",0.00000000e+00,15240028349948,15240028453310
21762,21762,"Agent 2",1,1122884,1122884,10240,90,"ullm_paged_decode_attn_f32_kernel",256,1024,0,32,0,128,"VALUInsts",0.00000000e+00,15240028349948,15240028453310
21762,21762,"Agent 2",1,1122884,1122884,10240,90,"ullm_paged_decode_attn_f32_kernel",256,1024,0,32,0,128,"Wavefronts",320.000000,15240028349948,15240028453310
21796,21796,"Agent 2",1,1122884,1122884,10240,90,"ullm_paged_decode_attn_f32_kernel",256,1024,0,32,0,128,"FETCH_SIZE",0.00000000e+00,15240029927731,15240030030652
21796,21796,"Agent 2",1,1122884,1122884,10240,90,"ullm_paged_decode_attn_f32_kernel",256,1024,0,32,0,128,"VALUInsts",0.00000000e+00,15240029927731,15240030030652
21796,21796,"Agent 2",1,1122884,1122884,10240,90,"ullm_paged_decode_attn_f32_kernel",256,1024,0,32,0,128,"Wavefronts",320.000000,15240029927731,15240030030652
21830,21830,"Agent 2",1,1122884,1122884,10240,90,"ullm_paged_decode_attn_f32_kernel",256,1024,0,32,0,128,"FETCH_SIZE",0.00000000e+00,15240031537993,15240031641195
21830,21830,"Agent 2",1,1122884,1122884,10240,90,"ullm_paged_decode_attn_f32_kernel",256,1024,0,32,0,128,"VALUInsts",0.00000000e+00,15240031537993,15240031641195
21830,21830,"Agent 2",1,1122884,1122884,10240,90,"ullm_paged_decode_attn_f32_kernel",256,1024,0,32,0,128,"Wavefronts",320.000000,15240031537993,15240031641195
21864,21864,"Agent 2",1,1122884,1122884,10240,90,"ullm_paged_decode_attn_f32_kernel",256,1024,0,32,0,128,"FETCH_SIZE",0.00000000e+00,15240033129015,15240033232257
21864,21864,"Agent 2",1,1122884,1122884,10240,90,"ullm_paged_decode_attn_f32_kernel",256,1024,0,32,0,128,"VALUInsts",0.00000000e+00,15240033129015,15240033232257
21864,21864,"Agent 2",1,1122884,1122884,10240,90,"ullm_paged_decode_attn_f32_kernel",256,1024,0,32,0,128,"Wavefronts",320.000000,15240033129015,15240033232257
21898,21898,"Agent 2",1,1122884,1122884,10240,90,"ullm_paged_decode_attn_f32_kernel",256,1024,0,32,0,128,"FETCH_SIZE",0.00000000e+00,15240034686837,15240034789919
21898,21898,"Agent 2",1,1122884,1122884,10240,90,"ullm_paged_decode_attn_f32_kernel",256,1024,0,32,0,128,"VALUInsts",0.00000000e+00,15240034686837,15240034789919
21898,21898,"Agent 2",1,1122884,1122884,10240,90,"ullm_paged_decode_attn_f32_kernel",256,1024,0,32,0,128,"Wavefronts",320.000000,15240034686837,15240034789919
21932,21932,"Agent 2",1,1122884,1122884,10240,90,"ullm_paged_decode_attn_f32_kernel",256,1024,0,32,0,128,"FETCH_SIZE",0.00000000e+00,15240036272539,15240036375861
21932,21932,"Agent 2",1,1122884,1122884,10240,90,"ullm_paged_decode_attn_f32_kernel",256,1024,0,32,0,128,"VALUInsts",0.00000000e+00,15240036272539,15240036375861
21932,21932,"Agent 2",1,1122884,1122884,10240,90,"ullm_paged_decode_attn_f32_kernel",256,1024,0,32,0,128,"Wavefronts",320.000000,15240036272539,15240036375861
21966,21966,"Agent 2",1,1122884,1122884,10240,90,"ullm_paged_decode_attn_f32_kernel",256,1024,0,32,0,128,"FETCH_SIZE",0.00000000e+00,15240037856121,15240037959083
21966,21966,"Agent 2",1,1122884,1122884,10240,90,"ullm_paged_decode_attn_f32_kernel",256,1024,0,32,0,128,"VALUInsts",0.00000000e+00,15240037856121,15240037959083
21966,21966,"Agent 2",1,1122884,1122884,10240,90,"ullm_paged_decode_attn_f32_kernel",256,1024,0,32,0,128,"Wavefronts",320.000000,15240037856121,15240037959083
22000,22000,"Agent 2",1,1122884,1122884,10240,90,"ullm_paged_decode_attn_f32_kernel",256,1024,0,32,0,128,"FETCH_SIZE",0.00000000e+00,15240039476824,15240039580066
22000,22000,"Agent 2",1,1122884,1122884,10240,90,"ullm_paged_decode_attn_f32_kernel",256,1024,0,32,0,128,"VALUInsts",0.00000000e+00,15240039476824,15240039580066
22000,22000,"Agent 2",1,1122884,1122884,10240,90,"ullm_paged_decode_attn_f32_kernel",256,1024,0,32,0,128,"Wavefronts",320.000000,15240039476824,15240039580066
22034,22034,"Agent 2",1,1122884,1122884,10240,90,"ullm_paged_decode_attn_f32_kernel",256,1024,0,32,0,128,"FETCH_SIZE",0.00000000e+00,15240041087287,15240041190568
22034,22034,"Agent 2",1,1122884,1122884,10240,90,"ullm_paged_decode_attn_f32_kernel",256,1024,0,32,0,128,"VALUInsts",0.00000000e+00,15240041087287,15240041190568
22034,22034,"Agent 2",1,1122884,1122884,10240,90,"ullm_paged_decode_attn_f32_kernel",256,1024,0,32,0,128,"Wavefronts",320.000000,15240041087287,15240041190568
22068,22068,"Agent 2",1,1122884,1122884,10240,90,"ullm_paged_decode_attn_f32_kernel",256,1024,0,32,0,128,"FETCH_SIZE",0.00000000e+00,15240042649549,15240042753310
22068,22068,"Agent 2",1,1122884,1122884,10240,90,"ullm_paged_decode_attn_f32_kernel",256,1024,0,32,0,128,"VALUInsts",0.00000000e+00,15240042649549,15240042753310
22068,22068,"Agent 2",1,1122884,1122884,10240,90,"ullm_paged_decode_attn_f32_kernel",256,1024,0,32,0,128,"Wavefronts",320.000000,15240042649549,15240042753310
22102,22102,"Agent 2",1,1122884,1122884,10240,90,"ullm_paged_decode_attn_f32_kernel",256,1024,0,32,0,128,"FETCH_SIZE",0.00000000e+00,15240044276691,15240044380293
22102,22102,"Agent 2",1,1122884,1122884,10240,90,"ullm_paged_decode_attn_f32_kernel",256,1024,0,32,0,128,"VALUInsts",0.00000000e+00,15240044276691,15240044380293
22102,22102,"Agent 2",1,1122884,1122884,10240,90,"ullm_paged_decode_attn_f32_kernel",256,1024,0,32,0,128,"Wavefronts",320.000000,15240044276691,15240044380293
22136,22136,"Agent 2",1,1122884,1122884,10240,90,"ullm_paged_decode_attn_f32_kernel",256,1024,0,32,0,128,"FETCH_SIZE",0.00000000e+00,15240045856113,15240045959155
22136,22136,"Agent 2",1,1122884,1122884,10240,90,"ullm_paged_decode_attn_f32_kernel",256,1024,0,32,0,128,"VALUInsts",0.00000000e+00,15240045856113,15240045959155
22136,22136,"Agent 2",1,1122884,1122884,10240,90,"ullm_paged_decode_attn_f32_kernel",256,1024,0,32,0,128,"Wavefronts",320.000000,15240045856113,15240045959155
22170,22170,"Agent 2",1,1122884,1122884,10240,90,"ullm_paged_decode_attn_f32_kernel",256,1024,0,32,0,128,"FETCH_SIZE",0.00000000e+00,15240047513457,15240047616258
22170,22170,"Agent 2",1,1122884,1122884,10240,90,"ullm_paged_decode_attn_f32_kernel",256,1024,0,32,0,128,"VALUInsts",0.00000000e+00,15240047513457,15240047616258
22170,22170,"Agent 2",1,1122884,1122884,10240,90,"ullm_paged_decode_attn_f32_kernel",256,1024,0,32,0,128,"Wavefronts",320.000000,15240047513457,15240047616258
22204,22204,"Agent 2",1,1122884,1122884,10240,90,"ullm_paged_decode_attn_f32_kernel",256,1024,0,32,0,128,"FETCH_SIZE",0.00000000e+00,15240049114519,15240049217320
22204,22204,"Agent 2",1,1122884,1122884,10240,90,"ullm_paged_decode_attn_f32_kernel",256,1024,0,32,0,128,"VALUInsts",0.00000000e+00,15240049114519,15240049217320
22204,22204,"Agent 2",1,1122884,1122884,10240,90,"ullm_paged_decode_attn_f32_kernel",256,1024,0,32,0,128,"Wavefronts",320.000000,15240049114519,15240049217320
22238,22238,"Agent 2",1,1122884,1122884,10240,90,"ullm_paged_decode_attn_f32_kernel",256,1024,0,32,0,128,"FETCH_SIZE",0.00000000e+00,15240051336314,15240051439515
22238,22238,"Agent 2",1,1122884,1122884,10240,90,"ullm_paged_decode_attn_f32_kernel",256,1024,0,32,0,128,"VALUInsts",0.00000000e+00,15240051336314,15240051439515
22238,22238,"Agent 2",1,1122884,1122884,10240,90,"ullm_paged_decode_attn_f32_kernel",256,1024,0,32,0,128,"Wavefronts",320.000000,15240051336314,15240051439515
22272,22272,"Agent 2",1,1122884,1122884,10240,90,"ullm_paged_decode_attn_f32_kernel",256,1024,0,32,0,128,"FETCH_SIZE",0.00000000e+00,15240052937936,15240053041497
22272,22272,"Agent 2",1,1122884,1122884,10240,90,"ullm_paged_decode_attn_f32_kernel",256,1024,0,32,0,128,"VALUInsts",0.00000000e+00,15240052937936,15240053041497
22272,22272,"Agent 2",1,1122884,1122884,10240,90,"ullm_paged_decode_attn_f32_kernel",256,1024,0,32,0,128,"Wavefronts",320.000000,15240052937936,15240053041497
22306,22306,"Agent 2",1,1122884,1122884,10240,90,"ullm_paged_decode_attn_f32_kernel",256,1024,0,32,0,128,"FETCH_SIZE",0.00000000e+00,15240054531758,15240054635480
22306,22306,"Agent 2",1,1122884,1122884,10240,90,"ullm_paged_decode_attn_f32_kernel",256,1024,0,32,0,128,"VALUInsts",0.00000000e+00,15240054531758,15240054635480
22306,22306,"Agent 2",1,1122884,1122884,10240,90,"ullm_paged_decode_attn_f32_kernel",256,1024,0,32,0,128,"Wavefronts",320.000000,15240054531758,15240054635480
22340,22340,"Agent 2",1,1122884,1122884,10240,90,"ullm_paged_decode_attn_f32_kernel",256,1024,0,32,0,128,"FETCH_SIZE",0.00000000e+00,15240056161701,15240056264943
22340,22340,"Agent 2",1,1122884,1122884,10240,90,"ullm_paged_decode_attn_f32_kernel",256,1024,0,32,0,128,"VALUInsts",0.00000000e+00,15240056161701,15240056264943
22340,22340,"Agent 2",1,1122884,1122884,10240,90,"ullm_paged_decode_attn_f32_kernel",256,1024,0,32,0,128,"Wavefronts",320.000000,15240056161701,15240056264943
22374,22374,"Agent 2",1,1122884,1122884,10240,90,"ullm_paged_decode_attn_f32_kernel",256,1024,0,32,0,128,"FETCH_SIZE",0.00000000e+00,15240057728523,15240057831445
22374,22374,"Agent 2",1,1122884,1122884,10240,90,"ullm_paged_decode_attn_f32_kernel",256,1024,0,32,0,128,"VALUInsts",0.00000000e+00,15240057728523,15240057831445
22374,22374,"Agent 2",1,1122884,1122884,10240,90,"ullm_paged_decode_attn_f32_kernel",256,1024,0,32,0,128,"Wavefronts",320.000000,15240057728523,15240057831445
22408,22408,"Agent 2",1,1122884,1122884,10240,90,"ullm_paged_decode_attn_f32_kernel",256,1024,0,32,0,128,"FETCH_SIZE",0.00000000e+00,15240059386666,15240059489628
22408,22408,"Agent 2",1,1122884,1122884,10240,90,"ullm_paged_decode_attn_f32_kernel",256,1024,0,32,0,128,"VALUInsts",0.00000000e+00,15240059386666,15240059489628
22408,22408,"Agent 2",1,1122884,1122884,10240,90,"ullm_paged_decode_attn_f32_kernel",256,1024,0,32,0,128,"Wavefronts",320.000000,15240059386666,15240059489628
22442,22442,"Agent 2",1,1122884,1122884,10240,90,"ullm_paged_decode_attn_f32_kernel",256,1024,0,32,0,128,"FETCH_SIZE",0.00000000e+00,15240060963528,15240061066250
22442,22442,"Agent 2",1,1122884,1122884,10240,90,"ullm_paged_decode_attn_f32_kernel",256,1024,0,32,0,128,"VALUInsts",0.00000000e+00,15240060963528,15240061066250
22442,22442,"Agent 2",1,1122884,1122884,10240,90,"ullm_paged_decode_attn_f32_kernel",256,1024,0,32,0,128,"Wavefronts",320.000000,15240060963528,15240061066250
22476,22476,"Agent 2",1,1122884,1122884,10240,90,"ullm_paged_decode_attn_f32_kernel",256,1024,0,32,0,128,"FETCH_SIZE",0.00000000e+00,15240062569391,15240062672592
22476,22476,"Agent 2",1,1122884,1122884,10240,90,"ullm_paged_decode_attn_f32_kernel",256,1024,0,32,0,128,"VALUInsts",0.00000000e+00,15240062569391,15240062672592
22476,22476,"Agent 2",1,1122884,1122884,10240,90,"ullm_paged_decode_attn_f32_kernel",256,1024,0,32,0,128,"Wavefronts",320.000000,15240062569391,15240062672592
22510,22510,"Agent 2",1,1122884,1122884,10240,90,"ullm_paged_decode_attn_f32_kernel",256,1024,0,32,0,128,"FETCH_SIZE",0.00000000e+00,15240064192014,15240064295615
22510,22510,"Agent 2",1,1122884,1122884,10240,90,"ullm_paged_decode_attn_f32_kernel",256,1024,0,32,0,128,"VALUInsts",0.00000000e+00,15240064192014,15240064295615
22510,22510,"Agent 2",1,1122884,1122884,10240,90,"ullm_paged_decode_attn_f32_kernel",256,1024,0,32,0,128,"Wavefronts",320.000000,15240064192014,15240064295615
22544,22544,"Agent 2",1,1122884,1122884,10240,90,"ullm_paged_decode_attn_f32_kernel",256,1024,0,32,0,128,"FETCH_SIZE",0.00000000e+00,15240065805356,15240065908838
22544,22544,"Agent 2",1,1122884,1122884,10240,90,"ullm_paged_decode_attn_f32_kernel",256,1024,0,32,0,128,"VALUInsts",0.00000000e+00,15240065805356,15240065908838
22544,22544,"Agent 2",1,1122884,1122884,10240,90,"ullm_paged_decode_attn_f32_kernel",256,1024,0,32,0,128,"Wavefronts",320.000000,15240065805356,15240065908838
22578,22578,"Agent 2",1,1122884,1122884,10240,90,"ullm_paged_decode_attn_f32_kernel",256,1024,0,32,0,128,"FETCH_SIZE",0.00000000e+00,15240067536780,15240067640182
22578,22578,"Agent 2",1,1122884,1122884,10240,90,"ullm_paged_decode_attn_f32_kernel",256,1024,0,32,0,128,"VALUInsts",0.00000000e+00,15240067536780,15240067640182
22578,22578,"Agent 2",1,1122884,1122884,10240,90,"ullm_paged_decode_attn_f32_kernel",256,1024,0,32,0,128,"Wavefronts",320.000000,15240067536780,15240067640182
22616,22616,"Agent 2",1,1122884,1122884,10240,90,"ullm_paged_decode_attn_f32_kernel",256,1024,0,32,0,128,"FETCH_SIZE",0.00000000e+00,15240075123687,15240075227328
22616,22616,"Agent 2",1,1122884,1122884,10240,90,"ullm_paged_decode_attn_f32_kernel",256,1024,0,32,0,128,"VALUInsts",0.00000000e+00,15240075123687,15240075227328
22616,22616,"Agent 2",1,1122884,1122884,10240,90,"ullm_paged_decode_attn_f32_kernel",256,1024,0,32,0,128,"Wavefronts",320.000000,15240075123687,15240075227328
22650,22650,"Agent 2",1,1122884,1122884,10240,90,"ullm_paged_decode_attn_f32_kernel",256,1024,0,32,0,128,"FETCH_SIZE",0.00000000e+00,15240076707789,15240076812550
22650,22650,"Agent 2",1,1122884,1122884,10240,90,"ullm_paged_decode_attn_f32_kernel",256,1024,0,32,0,128,"VALUInsts",0.00000000e+00,15240076707789,15240076812550
22650,22650,"Agent 2",1,1122884,1122884,10240,90,"ullm_paged_decode_attn_f32_kernel",256,1024,0,32,0,128,"Wavefronts",320.000000,15240076707789,15240076812550
22684,22684,"Agent 2",1,1122884,1122884,10240,90,"ullm_paged_decode_attn_f32_kernel",256,1024,0,32,0,128,"FETCH_SIZE",0.00000000e+00,15240078374212,15240078478293
22684,22684,"Agent 2",1,1122884,1122884,10240,90,"ullm_paged_decode_attn_f32_kernel",256,1024,0,32,0,128,"VALUInsts",0.00000000e+00,15240078374212,15240078478293
22684,22684,"Agent 2",1,1122884,1122884,10240,90,"ullm_paged_decode_attn_f32_kernel",256,1024,0,32,0,128,"Wavefronts",320.000000,15240078374212,15240078478293
22718,22718,"Agent 2",1,1122884,1122884,10240,90,"ullm_paged_decode_attn_f32_kernel",256,1024,0,32,0,128,"FETCH_SIZE",0.00000000e+00,15240079965674,15240080069356
22718,22718,"Agent 2",1,1122884,1122884,10240,90,"ullm_paged_decode_attn_f32_kernel",256,1024,0,32,0,128,"VALUInsts",0.00000000e+00,15240079965674,15240080069356
22718,22718,"Agent 2",1,1122884,1122884,10240,90,"ullm_paged_decode_attn_f32_kernel",256,1024,0,32,0,128,"Wavefronts",320.000000,15240079965674,15240080069356
22752,22752,"Agent 2",1,1122884,1122884,10240,90,"ullm_paged_decode_attn_f32_kernel",256,1024,0,32,0,128,"FETCH_SIZE",0.00000000e+00,15240081553496,15240081657418
22752,22752,"Agent 2",1,1122884,1122884,10240,90,"ullm_paged_decode_attn_f32_kernel",256,1024,0,32,0,128,"VALUInsts",0.00000000e+00,15240081553496,15240081657418
22752,22752,"Agent 2",1,1122884,1122884,10240,90,"ullm_paged_decode_attn_f32_kernel",256,1024,0,32,0,128,"Wavefronts",320.000000,15240081553496,15240081657418
22786,22786,"Agent 2",1,1122884,1122884,10240,90,"ullm_paged_decode_attn_f32_kernel",256,1024,0,32,0,128,"FETCH_SIZE",0.00000000e+00,15240083119038,15240083222800
22786,22786,"Agent 2",1,1122884,1122884,10240,90,"ullm_paged_decode_attn_f32_kernel",256,1024,0,32,0,128,"VALUInsts",0.00000000e+00,15240083119038,15240083222800
22786,22786,"Agent 2",1,1122884,1122884,10240,90,"ullm_paged_decode_attn_f32_kernel",256,1024,0,32,0,128,"Wavefronts",320.000000,15240083119038,15240083222800
22820,22820,"Agent 2",1,1122884,1122884,10240,90,"ullm_paged_decode_attn_f32_kernel",256,1024,0,32,0,128,"FETCH_SIZE",0.00000000e+00,15240084704821,15240084808662
22820,22820,"Agent 2",1,1122884,1122884,10240,90,"ullm_paged_decode_attn_f32_kernel",256,1024,0,32,0,128,"VALUInsts",0.00000000e+00,15240084704821,15240084808662
22820,22820,"Agent 2",1,1122884,1122884,10240,90,"ullm_paged_decode_attn_f32_kernel",256,1024,0,32,0,128,"Wavefronts",320.000000,15240084704821,15240084808662
22854,22854,"Agent 2",1,1122884,1122884,10240,90,"ullm_paged_decode_attn_f32_kernel",256,1024,0,32,0,128,"FETCH_SIZE",0.00000000e+00,15240086359444,15240086463165
22854,22854,"Agent 2",1,1122884,1122884,10240,90,"ullm_paged_decode_attn_f32_kernel",256,1024,0,32,0,128,"VALUInsts",0.00000000e+00,15240086359444,15240086463165
22854,22854,"Agent 2",1,1122884,1122884,10240,90,"ullm_paged_decode_attn_f32_kernel",256,1024,0,32,0,128,"Wavefronts",320.000000,15240086359444,15240086463165
22888,22888,"Agent 2",1,1122884,1122884,10240,90,"ullm_paged_decode_attn_f32_kernel",256,1024,0,32,0,128,"FETCH_SIZE",0.00000000e+00,15240087925346,15240088029507
22888,22888,"Agent 2",1,1122884,1122884,10240,90,"ullm_paged_decode_attn_f32_kernel",256,1024,0,32,0,128,"VALUInsts",0.00000000e+00,15240087925346,15240088029507
22888,22888,"Agent 2",1,1122884,1122884,10240,90,"ullm_paged_decode_attn_f32_kernel",256,1024,0,32,0,128,"Wavefronts",320.000000,15240087925346,15240088029507
22922,22922,"Agent 2",1,1122884,1122884,10240,90,"ullm_paged_decode_attn_f32_kernel",256,1024,0,32,0,128,"FETCH_SIZE",0.00000000e+00,15240089517768,15240089622049
22922,22922,"Agent 2",1,1122884,1122884,10240,90,"ullm_paged_decode_attn_f32_kernel",256,1024,0,32,0,128,"VALUInsts",0.00000000e+00,15240089517768,15240089622049
22922,22922,"Agent 2",1,1122884,1122884,10240,90,"ullm_paged_decode_attn_f32_kernel",256,1024,0,32,0,128,"Wavefronts",320.000000,15240089517768,15240089622049
22956,22956,"Agent 2",1,1122884,1122884,10240,90,"ullm_paged_decode_attn_f32_kernel",256,1024,0,32,0,128,"FETCH_SIZE",0.00000000e+00,15240091125510,15240091229672
22956,22956,"Agent 2",1,1122884,1122884,10240,90,"ullm_paged_decode_attn_f32_kernel",256,1024,0,32,0,128,"VALUInsts",0.00000000e+00,15240091125510,15240091229672
22956,22956,"Agent 2",1,1122884,1122884,10240,90,"ullm_paged_decode_attn_f32_kernel",256,1024,0,32,0,128,"Wavefronts",320.000000,15240091125510,15240091229672
22990,22990,"Agent 2",1,1122884,1122884,10240,90,"ullm_paged_decode_attn_f32_kernel",256,1024,0,32,0,128,"FETCH_SIZE",0.00000000e+00,15240092679892,15240092783974
22990,22990,"Agent 2",1,1122884,1122884,10240,90,"ullm_paged_decode_attn_f32_kernel",256,1024,0,32,0,128,"VALUInsts",0.00000000e+00,15240092679892,15240092783974
22990,22990,"Agent 2",1,1122884,1122884,10240,90,"ullm_paged_decode_attn_f32_kernel",256,1024,0,32,0,128,"Wavefronts",320.000000,15240092679892,15240092783974
23024,23024,"Agent 2",1,1122884,1122884,10240,90,"ullm_paged_decode_attn_f32_kernel",256,1024,0,32,0,128,"FETCH_SIZE",0.00000000e+00,15240094318955,15240094422477
23024,23024,"Agent 2",1,1122884,1122884,10240,90,"ullm_paged_decode_attn_f32_kernel",256,1024,0,32,0,128,"VALUInsts",0.00000000e+00,15240094318955,15240094422477
23024,23024,"Agent 2",1,1122884,1122884,10240,90,"ullm_paged_decode_attn_f32_kernel",256,1024,0,32,0,128,"Wavefronts",320.000000,15240094318955,15240094422477
23058,23058,"Agent 2",1,1122884,1122884,10240,90,"ullm_paged_decode_attn_f32_kernel",256,1024,0,32,0,128,"FETCH_SIZE",0.00000000e+00,15240095881177,15240095984898
23058,23058,"Agent 2",1,1122884,1122884,10240,90,"ullm_paged_decode_attn_f32_kernel",256,1024,0,32,0,128,"VALUInsts",0.00000000e+00,15240095881177,15240095984898
23058,23058,"Agent 2",1,1122884,1122884,10240,90,"ullm_paged_decode_attn_f32_kernel",256,1024,0,32,0,128,"Wavefronts",320.000000,15240095881177,15240095984898
23092,23092,"Agent 2",1,1122884,1122884,10240,90,"ullm_paged_decode_attn_f32_kernel",256,1024,0,32,0,128,"FETCH_SIZE",0.00000000e+00,15240097502280,15240097606081
23092,23092,"Agent 2",1,1122884,1122884,10240,90,"ullm_paged_decode_attn_f32_kernel",256,1024,0,32,0,128,"VALUInsts",0.00000000e+00,15240097502280,15240097606081
23092,23092,"Agent 2",1,1122884,1122884,10240,90,"ullm_paged_decode_attn_f32_kernel",256,1024,0,32,0,128,"Wavefronts",320.000000,15240097502280,15240097606081
23126,23126,"Agent 2",1,1122884,1122884,10240,90,"ullm_paged_decode_attn_f32_kernel",256,1024,0,32,0,128,"FETCH_SIZE",0.00000000e+00,15240099097182,15240099201143
23126,23126,"Agent 2",1,1122884,1122884,10240,90,"ullm_paged_decode_attn_f32_kernel",256,1024,0,32,0,128,"VALUInsts",0.00000000e+00,15240099097182,15240099201143
23126,23126,"Agent 2",1,1122884,1122884,10240,90,"ullm_paged_decode_attn_f32_kernel",256,1024,0,32,0,128,"Wavefronts",320.000000,15240099097182,15240099201143
23160,23160,"Agent 2",1,1122884,1122884,10240,90,"ullm_paged_decode_attn_f32_kernel",256,1024,0,32,0,128,"FETCH_SIZE",0.00000000e+00,15240100699684,15240100803566
23160,23160,"Agent 2",1,1122884,1122884,10240,90,"ullm_paged_decode_attn_f32_kernel",256,1024,0,32,0,128,"VALUInsts",0.00000000e+00,15240100699684,15240100803566
23160,23160,"Agent 2",1,1122884,1122884,10240,90,"ullm_paged_decode_attn_f32_kernel",256,1024,0,32,0,128,"Wavefronts",320.000000,15240100699684,15240100803566
23194,23194,"Agent 2",1,1122884,1122884,10240,90,"ullm_paged_decode_attn_f32_kernel",256,1024,0,32,0,128,"FETCH_SIZE",0.00000000e+00,15240102342227,15240102446149
23194,23194,"Agent 2",1,1122884,1122884,10240,90,"ullm_paged_decode_attn_f32_kernel",256,1024,0,32,0,128,"VALUInsts",0.00000000e+00,15240102342227,15240102446149
23194,23194,"Agent 2",1,1122884,1122884,10240,90,"ullm_paged_decode_attn_f32_kernel",256,1024,0,32,0,128,"Wavefronts",320.000000,15240102342227,15240102446149
23228,23228,"Agent 2",1,1122884,1122884,10240,90,"ullm_paged_decode_attn_f32_kernel",256,1024,0,32,0,128,"FETCH_SIZE",0.00000000e+00,15240103911769,15240104015371
23228,23228,"Agent 2",1,1122884,1122884,10240,90,"ullm_paged_decode_attn_f32_kernel",256,1024,0,32,0,128,"VALUInsts",0.00000000e+00,15240103911769,15240104015371
23228,23228,"Agent 2",1,1122884,1122884,10240,90,"ullm_paged_decode_attn_f32_kernel",256,1024,0,32,0,128,"Wavefronts",320.000000,15240103911769,15240104015371
23262,23262,"Agent 2",1,1122884,1122884,10240,90,"ullm_paged_decode_attn_f32_kernel",256,1024,0,32,0,128,"FETCH_SIZE",0.00000000e+00,15240105512712,15240105616473
23262,23262,"Agent 2",1,1122884,1122884,10240,90,"ullm_paged_decode_attn_f32_kernel",256,1024,0,32,0,128,"VALUInsts",0.00000000e+00,15240105512712,15240105616473
23262,23262,"Agent 2",1,1122884,1122884,10240,90,"ullm_paged_decode_attn_f32_kernel",256,1024,0,32,0,128,"Wavefronts",320.000000,15240105512712,15240105616473
23296,23296,"Agent 2",1,1122884,1122884,10240,90,"ullm_paged_decode_attn_f32_kernel",256,1024,0,32,0,128,"FETCH_SIZE",0.00000000e+00,15240107115174,15240107219376
23296,23296,"Agent 2",1,1122884,1122884,10240,90,"ullm_paged_decode_attn_f32_kernel",256,1024,0,32,0,128,"VALUInsts",0.00000000e+00,15240107115174,15240107219376
23296,23296,"Agent 2",1,1122884,1122884,10240,90,"ullm_paged_decode_attn_f32_kernel",256,1024,0,32,0,128,"Wavefronts",320.000000,15240107115174,15240107219376
23330,23330,"Agent 2",1,1122884,1122884,10240,90,"ullm_paged_decode_attn_f32_kernel",256,1024,0,32,0,128,"FETCH_SIZE",0.00000000e+00,15240108692036,15240108796518
23330,23330,"Agent 2",1,1122884,1122884,10240,90,"ullm_paged_decode_attn_f32_kernel",256,1024,0,32,0,128,"VALUInsts",0.00000000e+00,15240108692036,15240108796518
23330,23330,"Agent 2",1,1122884,1122884,10240,90,"ullm_paged_decode_attn_f32_kernel",256,1024,0,32,0,128,"Wavefronts",320.000000,15240108692036,15240108796518
23364,23364,"Agent 2",1,1122884,1122884,10240,90,"ullm_paged_decode_attn_f32_kernel",256,1024,0,32,0,128,"FETCH_SIZE",0.00000000e+00,15240110384820,15240110488741
23364,23364,"Agent 2",1,1122884,1122884,10240,90,"ullm_paged_decode_attn_f32_kernel",256,1024,0,32,0,128,"VALUInsts",0.00000000e+00,15240110384820,15240110488741
23364,23364,"Agent 2",1,1122884,1122884,10240,90,"ullm_paged_decode_attn_f32_kernel",256,1024,0,32,0,128,"Wavefronts",320.000000,15240110384820,15240110488741
23398,23398,"Agent 2",1,1122884,1122884,10240,90,"ullm_paged_decode_attn_f32_kernel",256,1024,0,32,0,128,"FETCH_SIZE",0.00000000e+00,15240111961482,15240112065523
23398,23398,"Agent 2",1,1122884,1122884,10240,90,"ullm_paged_decode_attn_f32_kernel",256,1024,0,32,0,128,"VALUInsts",0.00000000e+00,15240111961482,15240112065523
23398,23398,"Agent 2",1,1122884,1122884,10240,90,"ullm_paged_decode_attn_f32_kernel",256,1024,0,32,0,128,"Wavefronts",320.000000,15240111961482,15240112065523
23432,23432,"Agent 2",1,1122884,1122884,10240,90,"ullm_paged_decode_attn_f32_kernel",256,1024,0,32,0,128,"FETCH_SIZE",0.00000000e+00,15240113554104,15240113657946
23432,23432,"Agent 2",1,1122884,1122884,10240,90,"ullm_paged_decode_attn_f32_kernel",256,1024,0,32,0,128,"VALUInsts",0.00000000e+00,15240113554104,15240113657946
23432,23432,"Agent 2",1,1122884,1122884,10240,90,"ullm_paged_decode_attn_f32_kernel",256,1024,0,32,0,128,"Wavefronts",320.000000,15240113554104,15240113657946
23466,23466,"Agent 2",1,1122884,1122884,10240,90,"ullm_paged_decode_attn_f32_kernel",256,1024,0,32,0,128,"FETCH_SIZE",0.00000000e+00,15240115162448,15240115266130
23466,23466,"Agent 2",1,1122884,1122884,10240,90,"ullm_paged_decode_attn_f32_kernel",256,1024,0,32,0,128,"VALUInsts",0.00000000e+00,15240115162448,15240115266130
23466,23466,"Agent 2",1,1122884,1122884,10240,90,"ullm_paged_decode_attn_f32_kernel",256,1024,0,32,0,128,"Wavefronts",320.000000,15240115162448,15240115266130
23500,23500,"Agent 2",1,1122884,1122884,10240,90,"ullm_paged_decode_attn_f32_kernel",256,1024,0,32,0,128,"FETCH_SIZE",0.00000000e+00,15240116715510,15240116819511
23500,23500,"Agent 2",1,1122884,1122884,10240,90,"ullm_paged_decode_attn_f32_kernel",256,1024,0,32,0,128,"VALUInsts",0.00000000e+00,15240116715510,15240116819511
23500,23500,"Agent 2",1,1122884,1122884,10240,90,"ullm_paged_decode_attn_f32_kernel",256,1024,0,32,0,128,"Wavefronts",320.000000,15240116715510,15240116819511
23534,23534,"Agent 2",1,1122884,1122884,10240,90,"ullm_paged_decode_attn_f32_kernel",256,1024,0,32,0,128,"FETCH_SIZE",0.00000000e+00,15240118334292,15240118438334
23534,23534,"Agent 2",1,1122884,1122884,10240,90,"ullm_paged_decode_attn_f32_kernel",256,1024,0,32,0,128,"VALUInsts",0.00000000e+00,15240118334292,15240118438334
23534,23534,"Agent 2",1,1122884,1122884,10240,90,"ullm_paged_decode_attn_f32_kernel",256,1024,0,32,0,128,"Wavefronts",320.000000,15240118334292,15240118438334
23568,23568,"Agent 2",1,1122884,1122884,10240,90,"ullm_paged_decode_attn_f32_kernel",256,1024,0,32,0,128,"FETCH_SIZE",0.00000000e+00,15240119888754,15240119992636
23568,23568,"Agent 2",1,1122884,1122884,10240,90,"ullm_paged_decode_attn_f32_kernel",256,1024,0,32,0,128,"VALUInsts",0.00000000e+00,15240119888754,15240119992636
23568,23568,"Agent 2",1,1122884,1122884,10240,90,"ullm_paged_decode_attn_f32_kernel",256,1024,0,32,0,128,"Wavefronts",320.000000,15240119888754,15240119992636
23602,23602,"Agent 2",1,1122884,1122884,10240,90,"ullm_paged_decode_attn_f32_kernel",256,1024,0,32,0,128,"FETCH_SIZE",0.00000000e+00,15240122128106,15240122232147
23602,23602,"Agent 2",1,1122884,1122884,10240,90,"ullm_paged_decode_attn_f32_kernel",256,1024,0,32,0,128,"VALUInsts",0.00000000e+00,15240122128106,15240122232147
23602,23602,"Agent 2",1,1122884,1122884,10240,90,"ullm_paged_decode_attn_f32_kernel",256,1024,0,32,0,128,"Wavefronts",320.000000,15240122128106,15240122232147
23636,23636,"Agent 2",1,1122884,1122884,10240,90,"ullm_paged_decode_attn_f32_kernel",256,1024,0,32,0,128,"FETCH_SIZE",0.00000000e+00,15240123740008,15240123843770
23636,23636,"Agent 2",1,1122884,1122884,10240,90,"ullm_paged_decode_attn_f32_kernel",256,1024,0,32,0,128,"VALUInsts",0.00000000e+00,15240123740008,15240123843770
23636,23636,"Agent 2",1,1122884,1122884,10240,90,"ullm_paged_decode_attn_f32_kernel",256,1024,0,32,0,128,"Wavefronts",320.000000,15240123740008,15240123843770
23670,23670,"Agent 2",1,1122884,1122884,10240,90,"ullm_paged_decode_attn_f32_kernel",256,1024,0,32,0,128,"FETCH_SIZE",0.00000000e+00,15240125384511,15240125488273
23670,23670,"Agent 2",1,1122884,1122884,10240,90,"ullm_paged_decode_attn_f32_kernel",256,1024,0,32,0,128,"VALUInsts",0.00000000e+00,15240125384511,15240125488273
23670,23670,"Agent 2",1,1122884,1122884,10240,90,"ullm_paged_decode_attn_f32_kernel",256,1024,0,32,0,128,"Wavefronts",320.000000,15240125384511,15240125488273
23704,23704,"Agent 2",1,1122884,1122884,10240,90,"ullm_paged_decode_attn_f32_kernel",256,1024,0,32,0,128,"FETCH_SIZE",0.00000000e+00,15240126953573,15240127057255
23704,23704,"Agent 2",1,1122884,1122884,10240,90,"ullm_paged_decode_attn_f32_kernel",256,1024,0,32,0,128,"VALUInsts",0.00000000e+00,15240126953573,15240127057255
23704,23704,"Agent 2",1,1122884,1122884,10240,90,"ullm_paged_decode_attn_f32_kernel",256,1024,0,32,0,128,"Wavefronts",320.000000,15240126953573,15240127057255
23738,23738,"Agent 2",1,1122884,1122884,10240,90,"ullm_paged_decode_attn_f32_kernel",256,1024,0,32,0,128,"FETCH_SIZE",0.00000000e+00,15240128578916,15240128682757
23738,23738,"Agent 2",1,1122884,1122884,10240,90,"ullm_paged_decode_attn_f32_kernel",256,1024,0,32,0,128,"VALUInsts",0.00000000e+00,15240128578916,15240128682757
23738,23738,"Agent 2",1,1122884,1122884,10240,90,"ullm_paged_decode_attn_f32_kernel",256,1024,0,32,0,128,"Wavefronts",320.000000,15240128578916,15240128682757
23772,23772,"Agent 2",1,1122884,1122884,10240,90,"ullm_paged_decode_attn_f32_kernel",256,1024,0,32,0,128,"FETCH_SIZE",0.00000000e+00,15240130150618,15240130254419
23772,23772,"Agent 2",1,1122884,1122884,10240,90,"ullm_paged_decode_attn_f32_kernel",256,1024,0,32,0,128,"VALUInsts",0.00000000e+00,15240130150618,15240130254419
23772,23772,"Agent 2",1,1122884,1122884,10240,90,"ullm_paged_decode_attn_f32_kernel",256,1024,0,32,0,128,"Wavefronts",320.000000,15240130150618,15240130254419
23806,23806,"Agent 2",1,1122884,1122884,10240,90,"ullm_paged_decode_attn_f32_kernel",256,1024,0,32,0,128,"FETCH_SIZE",0.00000000e+00,15240131735360,15240131838681
23806,23806,"Agent 2",1,1122884,1122884,10240,90,"ullm_paged_decode_attn_f32_kernel",256,1024,0,32,0,128,"VALUInsts",0.00000000e+00,15240131735360,15240131838681
23806,23806,"Agent 2",1,1122884,1122884,10240,90,"ullm_paged_decode_attn_f32_kernel",256,1024,0,32,0,128,"Wavefronts",320.000000,15240131735360,15240131838681
23840,23840,"Agent 2",1,1122884,1122884,10240,90,"ullm_paged_decode_attn_f32_kernel",256,1024,0,32,0,128,"FETCH_SIZE",0.00000000e+00,15240133348063,15240133451744
23840,23840,"Agent 2",1,1122884,1122884,10240,90,"ullm_paged_decode_attn_f32_kernel",256,1024,0,32,0,128,"VALUInsts",0.00000000e+00,15240133348063,15240133451744
23840,23840,"Agent 2",1,1122884,1122884,10240,90,"ullm_paged_decode_attn_f32_kernel",256,1024,0,32,0,128,"Wavefronts",320.000000,15240133348063,15240133451744
23874,23874,"Agent 2",1,1122884,1122884,10240,90,"ullm_paged_decode_attn_f32_kernel",256,1024,0,32,0,128,"FETCH_SIZE",0.00000000e+00,15240134920005,15240135025086
23874,23874,"Agent 2",1,1122884,1122884,10240,90,"ullm_paged_decode_attn_f32_kernel",256,1024,0,32,0,128,"VALUInsts",0.00000000e+00,15240134920005,15240135025086
23874,23874,"Agent 2",1,1122884,1122884,10240,90,"ullm_paged_decode_attn_f32_kernel",256,1024,0,32,0,128,"Wavefronts",320.000000,15240134920005,15240135025086
23908,23908,"Agent 2",1,1122884,1122884,10240,90,"ullm_paged_decode_attn_f32_kernel",256,1024,0,32,0,128,"FETCH_SIZE",0.00000000e+00,15240136497667,15240136601748
23908,23908,"Agent 2",1,1122884,1122884,10240,90,"ullm_paged_decode_attn_f32_kernel",256,1024,0,32,0,128,"VALUInsts",0.00000000e+00,15240136497667,15240136601748
23908,23908,"Agent 2",1,1122884,1122884,10240,90,"ullm_paged_decode_attn_f32_kernel",256,1024,0,32,0,128,"Wavefronts",320.000000,15240136497667,15240136601748
23942,23942,"Agent 2",1,1122884,1122884,10240,90,"ullm_paged_decode_attn_f32_kernel",256,1024,0,32,0,128,"FETCH_SIZE",0.00000000e+00,15240138108969,15240138212971
23942,23942,"Agent 2",1,1122884,1122884,10240,90,"ullm_paged_decode_attn_f32_kernel",256,1024,0,32,0,128,"VALUInsts",0.00000000e+00,15240138108969,15240138212971
23942,23942,"Agent 2",1,1122884,1122884,10240,90,"ullm_paged_decode_attn_f32_kernel",256,1024,0,32,0,128,"Wavefronts",320.000000,15240138108969,15240138212971
23980,23980,"Agent 2",1,1122884,1122884,10240,90,"ullm_paged_decode_attn_f32_kernel",256,1024,0,32,0,128,"FETCH_SIZE",0.00000000e+00,15240145526793,15240145631474
23980,23980,"Agent 2",1,1122884,1122884,10240,90,"ullm_paged_decode_attn_f32_kernel",256,1024,0,32,0,128,"VALUInsts",0.00000000e+00,15240145526793,15240145631474
23980,23980,"Agent 2",1,1122884,1122884,10240,90,"ullm_paged_decode_attn_f32_kernel",256,1024,0,32,0,128,"Wavefronts",320.000000,15240145526793,15240145631474
24014,24014,"Agent 2",1,1122884,1122884,10240,90,"ullm_paged_decode_attn_f32_kernel",256,1024,0,32,0,128,"FETCH_SIZE",0.00000000e+00,15240147137495,15240147241937
24014,24014,"Agent 2",1,1122884,1122884,10240,90,"ullm_paged_decode_attn_f32_kernel",256,1024,0,32,0,128,"VALUInsts",0.00000000e+00,15240147137495,15240147241937
24014,24014,"Agent 2",1,1122884,1122884,10240,90,"ullm_paged_decode_attn_f32_kernel",256,1024,0,32,0,128,"Wavefronts",320.000000,15240147137495,15240147241937
24048,24048,"Agent 2",1,1122884,1122884,10240,90,"ullm_paged_decode_attn_f32_kernel",256,1024,0,32,0,128,"FETCH_SIZE",0.00000000e+00,15240148744278,15240148849119
24048,24048,"Agent 2",1,1122884,1122884,10240,90,"ullm_paged_decode_attn_f32_kernel",256,1024,0,32,0,128,"VALUInsts",0.00000000e+00,15240148744278,15240148849119
24048,24048,"Agent 2",1,1122884,1122884,10240,90,"ullm_paged_decode_attn_f32_kernel",256,1024,0,32,0,128,"Wavefronts",320.000000,15240148744278,15240148849119
24082,24082,"Agent 2",1,1122884,1122884,10240,90,"ullm_paged_decode_attn_f32_kernel",256,1024,0,32,0,128,"FETCH_SIZE",0.00000000e+00,15240150355861,15240150460862
24082,24082,"Agent 2",1,1122884,1122884,10240,90,"ullm_paged_decode_attn_f32_kernel",256,1024,0,32,0,128,"VALUInsts",0.00000000e+00,15240150355861,15240150460862
24082,24082,"Agent 2",1,1122884,1122884,10240,90,"ullm_paged_decode_attn_f32_kernel",256,1024,0,32,0,128,"Wavefronts",320.000000,15240150355861,15240150460862
24116,24116,"Agent 2",1,1122884,1122884,10240,90,"ullm_paged_decode_attn_f32_kernel",256,1024,0,32,0,128,"FETCH_SIZE",0.00000000e+00,15240151908162,15240152013044
24116,24116,"Agent 2",1,1122884,1122884,10240,90,"ullm_paged_decode_attn_f32_kernel",256,1024,0,32,0,128,"VALUInsts",0.00000000e+00,15240151908162,15240152013044
24116,24116,"Agent 2",1,1122884,1122884,10240,90,"ullm_paged_decode_attn_f32_kernel",256,1024,0,32,0,128,"Wavefronts",320.000000,15240151908162,15240152013044
24150,24150,"Agent 2",1,1122884,1122884,10240,90,"ullm_paged_decode_attn_f32_kernel",256,1024,0,32,0,128,"FETCH_SIZE",0.00000000e+00,15240153505225,15240153609786
24150,24150,"Agent 2",1,1122884,1122884,10240,90,"ullm_paged_decode_attn_f32_kernel",256,1024,0,32,0,128,"VALUInsts",0.00000000e+00,15240153505225,15240153609786
24150,24150,"Agent 2",1,1122884,1122884,10240,90,"ullm_paged_decode_attn_f32_kernel",256,1024,0,32,0,128,"Wavefronts",320.000000,15240153505225,15240153609786
24184,24184,"Agent 2",1,1122884,1122884,10240,90,"ullm_paged_decode_attn_f32_kernel",256,1024,0,32,0,128,"FETCH_SIZE",0.00000000e+00,15240155113047,15240155217289
24184,24184,"Agent 2",1,1122884,1122884,10240,90,"ullm_paged_decode_attn_f32_kernel",256,1024,0,32,0,128,"VALUInsts",0.00000000e+00,15240155113047,15240155217289
24184,24184,"Agent 2",1,1122884,1122884,10240,90,"ullm_paged_decode_attn_f32_kernel",256,1024,0,32,0,128,"Wavefronts",320.000000,15240155113047,15240155217289
24218,24218,"Agent 2",1,1122884,1122884,10240,90,"ullm_paged_decode_attn_f32_kernel",256,1024,0,32,0,128,"FETCH_SIZE",0.00000000e+00,15240156683269,15240156787431
24218,24218,"Agent 2",1,1122884,1122884,10240,90,"ullm_paged_decode_attn_f32_kernel",256,1024,0,32,0,128,"VALUInsts",0.00000000e+00,15240156683269,15240156787431
24218,24218,"Agent 2",1,1122884,1122884,10240,90,"ullm_paged_decode_attn_f32_kernel",256,1024,0,32,0,128,"Wavefronts",320.000000,15240156683269,15240156787431
24252,24252,"Agent 2",1,1122884,1122884,10240,90,"ullm_paged_decode_attn_f32_kernel",256,1024,0,32,0,128,"FETCH_SIZE",0.00000000e+00,15240158285771,15240158390773
24252,24252,"Agent 2",1,1122884,1122884,10240,90,"ullm_paged_decode_attn_f32_kernel",256,1024,0,32,0,128,"VALUInsts",0.00000000e+00,15240158285771,15240158390773
24252,24252,"Agent 2",1,1122884,1122884,10240,90,"ullm_paged_decode_attn_f32_kernel",256,1024,0,32,0,128,"Wavefronts",320.000000,15240158285771,15240158390773
24286,24286,"Agent 2",1,1122884,1122884,10240,90,"ullm_paged_decode_attn_f32_kernel",256,1024,0,32,0,128,"FETCH_SIZE",0.00000000e+00,15240159887154,15240159992515
24286,24286,"Agent 2",1,1122884,1122884,10240,90,"ullm_paged_decode_attn_f32_kernel",256,1024,0,32,0,128,"VALUInsts",0.00000000e+00,15240159887154,15240159992515
24286,24286,"Agent 2",1,1122884,1122884,10240,90,"ullm_paged_decode_attn_f32_kernel",256,1024,0,32,0,128,"Wavefronts",320.000000,15240159887154,15240159992515
24320,24320,"Agent 2",1,1122884,1122884,10240,90,"ullm_paged_decode_attn_f32_kernel",256,1024,0,32,0,128,"FETCH_SIZE",0.00000000e+00,15240161512817,15240161617858
24320,24320,"Agent 2",1,1122884,1122884,10240,90,"ullm_paged_decode_attn_f32_kernel",256,1024,0,32,0,128,"VALUInsts",0.00000000e+00,15240161512817,15240161617858
24320,24320,"Agent 2",1,1122884,1122884,10240,90,"ullm_paged_decode_attn_f32_kernel",256,1024,0,32,0,128,"Wavefronts",320.000000,15240161512817,15240161617858
24354,24354,"Agent 2",1,1122884,1122884,10240,90,"ullm_paged_decode_attn_f32_kernel",256,1024,0,32,0,128,"FETCH_SIZE",0.00000000e+00,15240163111959,15240163222361
24354,24354,"Agent 2",1,1122884,1122884,10240,90,"ullm_paged_decode_attn_f32_kernel",256,1024,0,32,0,128,"VALUInsts",0.00000000e+00,15240163111959,15240163222361
24354,24354,"Agent 2",1,1122884,1122884,10240,90,"ullm_paged_decode_attn_f32_kernel",256,1024,0,32,0,128,"Wavefronts",320.000000,15240163111959,15240163222361
24388,24388,"Agent 2",1,1122884,1122884,10240,90,"ullm_paged_decode_attn_f32_kernel",256,1024,0,32,0,128,"FETCH_SIZE",0.00000000e+00,15240164713621,15240164818063
24388,24388,"Agent 2",1,1122884,1122884,10240,90,"ullm_paged_decode_attn_f32_kernel",256,1024,0,32,0,128,"VALUInsts",0.00000000e+00,15240164713621,15240164818063
24388,24388,"Agent 2",1,1122884,1122884,10240,90,"ullm_paged_decode_attn_f32_kernel",256,1024,0,32,0,128,"Wavefronts",320.000000,15240164713621,15240164818063
24422,24422,"Agent 2",1,1122884,1122884,10240,90,"ullm_paged_decode_attn_f32_kernel",256,1024,0,32,0,128,"FETCH_SIZE",0.00000000e+00,15240166345324,15240166449566
24422,24422,"Agent 2",1,1122884,1122884,10240,90,"ullm_paged_decode_attn_f32_kernel",256,1024,0,32,0,128,"VALUInsts",0.00000000e+00,15240166345324,15240166449566
24422,24422,"Agent 2",1,1122884,1122884,10240,90,"ullm_paged_decode_attn_f32_kernel",256,1024,0,32,0,128,"Wavefronts",320.000000,15240166345324,15240166449566
24456,24456,"Agent 2",1,1122884,1122884,10240,90,"ullm_paged_decode_attn_f32_kernel",256,1024,0,32,0,128,"FETCH_SIZE",0.00000000e+00,15240167917546,15240168022228
24456,24456,"Agent 2",1,1122884,1122884,10240,90,"ullm_paged_decode_attn_f32_kernel",256,1024,0,32,0,128,"VALUInsts",0.00000000e+00,15240167917546,15240168022228
24456,24456,"Agent 2",1,1122884,1122884,10240,90,"ullm_paged_decode_attn_f32_kernel",256,1024,0,32,0,128,"Wavefronts",320.000000,15240167917546,15240168022228
24490,24490,"Agent 2",1,1122884,1122884,10240,90,"ullm_paged_decode_attn_f32_kernel",256,1024,0,32,0,128,"FETCH_SIZE",0.00000000e+00,15240169522849,15240169627850
24490,24490,"Agent 2",1,1122884,1122884,10240,90,"ullm_paged_decode_attn_f32_kernel",256,1024,0,32,0,128,"VALUInsts",0.00000000e+00,15240169522849,15240169627850
24490,24490,"Agent 2",1,1122884,1122884,10240,90,"ullm_paged_decode_attn_f32_kernel",256,1024,0,32,0,128,"Wavefronts",320.000000,15240169522849,15240169627850
24524,24524,"Agent 2",1,1122884,1122884,10240,90,"ullm_paged_decode_attn_f32_kernel",256,1024,0,32,0,128,"FETCH_SIZE",0.00000000e+00,15240171139911,15240171244753
24524,24524,"Agent 2",1,1122884,1122884,10240,90,"ullm_paged_decode_attn_f32_kernel",256,1024,0,32,0,128,"VALUInsts",0.00000000e+00,15240171139911,15240171244753
24524,24524,"Agent 2",1,1122884,1122884,10240,90,"ullm_paged_decode_attn_f32_kernel",256,1024,0,32,0,128,"Wavefronts",320.000000,15240171139911,15240171244753
24558,24558,"Agent 2",1,1122884,1122884,10240,90,"ullm_paged_decode_attn_f32_kernel",256,1024,0,32,0,128,"FETCH_SIZE",0.00000000e+00,15240172707613,15240172812095
24558,24558,"Agent 2",1,1122884,1122884,10240,90,"ullm_paged_decode_attn_f32_kernel",256,1024,0,32,0,128,"VALUInsts",0.00000000e+00,15240172707613,15240172812095
24558,24558,"Agent 2",1,1122884,1122884,10240,90,"ullm_paged_decode_attn_f32_kernel",256,1024,0,32,0,128,"Wavefronts",320.000000,15240172707613,15240172812095
24592,24592,"Agent 2",1,1122884,1122884,10240,90,"ullm_paged_decode_attn_f32_kernel",256,1024,0,32,0,128,"FETCH_SIZE",0.00000000e+00,15240174351676,15240174456158
24592,24592,"Agent 2",1,1122884,1122884,10240,90,"ullm_paged_decode_attn_f32_kernel",256,1024,0,32,0,128,"VALUInsts",0.00000000e+00,15240174351676,15240174456158
24592,24592,"Agent 2",1,1122884,1122884,10240,90,"ullm_paged_decode_attn_f32_kernel",256,1024,0,32,0,128,"Wavefronts",320.000000,15240174351676,15240174456158
24626,24626,"Agent 2",1,1122884,1122884,10240,90,"ullm_paged_decode_attn_f32_kernel",256,1024,0,32,0,128,"FETCH_SIZE",0.00000000e+00,15240175920818,15240176024940
24626,24626,"Agent 2",1,1122884,1122884,10240,90,"ullm_paged_decode_attn_f32_kernel",256,1024,0,32,0,128,"VALUInsts",0.00000000e+00,15240175920818,15240176024940
24626,24626,"Agent 2",1,1122884,1122884,10240,90,"ullm_paged_decode_attn_f32_kernel",256,1024,0,32,0,128,"Wavefronts",320.000000,15240175920818,15240176024940
24660,24660,"Agent 2",1,1122884,1122884,10240,90,"ullm_paged_decode_attn_f32_kernel",256,1024,0,32,0,128,"FETCH_SIZE",0.00000000e+00,15240177531692,15240177636974
24660,24660,"Agent 2",1,1122884,1122884,10240,90,"ullm_paged_decode_attn_f32_kernel",256,1024,0,32,0,128,"VALUInsts",0.00000000e+00,15240177531692,15240177636974
24660,24660,"Agent 2",1,1122884,1122884,10240,90,"ullm_paged_decode_attn_f32_kernel",256,1024,0,32,0,128,"Wavefronts",320.000000,15240177531692,15240177636974
24694,24694,"Agent 2",1,1122884,1122884,10240,90,"ullm_paged_decode_attn_f32_kernel",256,1024,0,32,0,128,"FETCH_SIZE",0.00000000e+00,15240179131835,15240179236796
24694,24694,"Agent 2",1,1122884,1122884,10240,90,"ullm_paged_decode_attn_f32_kernel",256,1024,0,32,0,128,"VALUInsts",0.00000000e+00,15240179131835,15240179236796
24694,24694,"Agent 2",1,1122884,1122884,10240,90,"ullm_paged_decode_attn_f32_kernel",256,1024,0,32,0,128,"Wavefronts",320.000000,15240179131835,15240179236796
24728,24728,"Agent 2",1,1122884,1122884,10240,90,"ullm_paged_decode_attn_f32_kernel",256,1024,0,32,0,128,"FETCH_SIZE",0.00000000e+00,15240180716417,15240180821218
24728,24728,"Agent 2",1,1122884,1122884,10240,90,"ullm_paged_decode_attn_f32_kernel",256,1024,0,32,0,128,"VALUInsts",0.00000000e+00,15240180716417,15240180821218
24728,24728,"Agent 2",1,1122884,1122884,10240,90,"ullm_paged_decode_attn_f32_kernel",256,1024,0,32,0,128,"Wavefronts",320.000000,15240180716417,15240180821218
24762,24762,"Agent 2",1,1122884,1122884,10240,90,"ullm_paged_decode_attn_f32_kernel",256,1024,0,32,0,128,"FETCH_SIZE",0.00000000e+00,15240182345560,15240182450121
24762,24762,"Agent 2",1,1122884,1122884,10240,90,"ullm_paged_decode_attn_f32_kernel",256,1024,0,32,0,128,"VALUInsts",0.00000000e+00,15240182345560,15240182450121
24762,24762,"Agent 2",1,1122884,1122884,10240,90,"ullm_paged_decode_attn_f32_kernel",256,1024,0,32,0,128,"Wavefronts",320.000000,15240182345560,15240182450121
24796,24796,"Agent 2",1,1122884,1122884,10240,90,"ullm_paged_decode_attn_f32_kernel",256,1024,0,32,0,128,"FETCH_SIZE",0.00000000e+00,15240183954422,15240184058744
24796,24796,"Agent 2",1,1122884,1122884,10240,90,"ullm_paged_decode_attn_f32_kernel",256,1024,0,32,0,128,"VALUInsts",0.00000000e+00,15240183954422,15240184058744
24796,24796,"Agent 2",1,1122884,1122884,10240,90,"ullm_paged_decode_attn_f32_kernel",256,1024,0,32,0,128,"Wavefronts",320.000000,15240183954422,15240184058744
24830,24830,"Agent 2",1,1122884,1122884,10240,90,"ullm_paged_decode_attn_f32_kernel",256,1024,0,32,0,128,"FETCH_SIZE",0.00000000e+00,15240185570965,15240185675126
24830,24830,"Agent 2",1,1122884,1122884,10240,90,"ullm_paged_decode_attn_f32_kernel",256,1024,0,32,0,128,"VALUInsts",0.00000000e+00,15240185570965,15240185675126
24830,24830,"Agent 2",1,1122884,1122884,10240,90,"ullm_paged_decode_attn_f32_kernel",256,1024,0,32,0,128,"Wavefronts",320.000000,15240185570965,15240185675126
24864,24864,"Agent 2",1,1122884,1122884,10240,90,"ullm_paged_decode_attn_f32_kernel",256,1024,0,32,0,128,"FETCH_SIZE",0.00000000e+00,15240187169867,15240187273949
24864,24864,"Agent 2",1,1122884,1122884,10240,90,"ullm_paged_decode_attn_f32_kernel",256,1024,0,32,0,128,"VALUInsts",0.00000000e+00,15240187169867,15240187273949
24864,24864,"Agent 2",1,1122884,1122884,10240,90,"ullm_paged_decode_attn_f32_kernel",256,1024,0,32,0,128,"Wavefronts",320.000000,15240187169867,15240187273949
24898,24898,"Agent 2",1,1122884,1122884,10240,90,"ullm_paged_decode_attn_f32_kernel",256,1024,0,32,0,128,"FETCH_SIZE",0.00000000e+00,15240188774610,15240188879291
24898,24898,"Agent 2",1,1122884,1122884,10240,90,"ullm_paged_decode_attn_f32_kernel",256,1024,0,32,0,128,"VALUInsts",0.00000000e+00,15240188774610,15240188879291
24898,24898,"Agent 2",1,1122884,1122884,10240,90,"ullm_paged_decode_attn_f32_kernel",256,1024,0,32,0,128,"Wavefronts",320.000000,15240188774610,15240188879291
24932,24932,"Agent 2",1,1122884,1122884,10240,90,"ullm_paged_decode_attn_f32_kernel",256,1024,0,32,0,128,"FETCH_SIZE",0.00000000e+00,15240190380472,15240190485153
24932,24932,"Agent 2",1,1122884,1122884,10240,90,"ullm_paged_decode_attn_f32_kernel",256,1024,0,32,0,128,"VALUInsts",0.00000000e+00,15240190380472,15240190485153
24932,24932,"Agent 2",1,1122884,1122884,10240,90,"ullm_paged_decode_attn_f32_kernel",256,1024,0,32,0,128,"Wavefronts",320.000000,15240190380472,15240190485153
24966,24966,"Agent 2",1,1122884,1122884,10240,90,"ullm_paged_decode_attn_f32_kernel",256,1024,0,32,0,128,"FETCH_SIZE",0.00000000e+00,15240192653904,15240192758465
24966,24966,"Agent 2",1,1122884,1122884,10240,90,"ullm_paged_decode_attn_f32_kernel",256,1024,0,32,0,128,"VALUInsts",0.00000000e+00,15240192653904,15240192758465
24966,24966,"Agent 2",1,1122884,1122884,10240,90,"ullm_paged_decode_attn_f32_kernel",256,1024,0,32,0,128,"Wavefronts",320.000000,15240192653904,15240192758465
25000,25000,"Agent 2",1,1122884,1122884,10240,90,"ullm_paged_decode_attn_f32_kernel",256,1024,0,32,0,128,"FETCH_SIZE",0.00000000e+00,15240194386168,15240194490410
25000,25000,"Agent 2",1,1122884,1122884,10240,90,"ullm_paged_decode_attn_f32_kernel",256,1024,0,32,0,128,"VALUInsts",0.00000000e+00,15240194386168,15240194490410
25000,25000,"Agent 2",1,1122884,1122884,10240,90,"ullm_paged_decode_attn_f32_kernel",256,1024,0,32,0,128,"Wavefronts",320.000000,15240194386168,15240194490410
25034,25034,"Agent 2",1,1122884,1122884,10240,90,"ullm_paged_decode_attn_f32_kernel",256,1024,0,32,0,128,"FETCH_SIZE",0.00000000e+00,15240195965910,15240196070032
25034,25034,"Agent 2",1,1122884,1122884,10240,90,"ullm_paged_decode_attn_f32_kernel",256,1024,0,32,0,128,"VALUInsts",0.00000000e+00,15240195965910,15240196070032
25034,25034,"Agent 2",1,1122884,1122884,10240,90,"ullm_paged_decode_attn_f32_kernel",256,1024,0,32,0,128,"Wavefronts",320.000000,15240195965910,15240196070032
25068,25068,"Agent 2",1,1122884,1122884,10240,90,"ullm_paged_decode_attn_f32_kernel",256,1024,0,32,0,128,"FETCH_SIZE",0.00000000e+00,15240197584853,15240197689374
25068,25068,"Agent 2",1,1122884,1122884,10240,90,"ullm_paged_decode_attn_f32_kernel",256,1024,0,32,0,128,"VALUInsts",0.00000000e+00,15240197584853,15240197689374
25068,25068,"Agent 2",1,1122884,1122884,10240,90,"ullm_paged_decode_attn_f32_kernel",256,1024,0,32,0,128,"Wavefronts",320.000000,15240197584853,15240197689374
25102,25102,"Agent 2",1,1122884,1122884,10240,90,"ullm_paged_decode_attn_f32_kernel",256,1024,0,32,0,128,"FETCH_SIZE",0.00000000e+00,15240199202995,15240199307837
25102,25102,"Agent 2",1,1122884,1122884,10240,90,"ullm_paged_decode_attn_f32_kernel",256,1024,0,32,0,128,"VALUInsts",0.00000000e+00,15240199202995,15240199307837
25102,25102,"Agent 2",1,1122884,1122884,10240,90,"ullm_paged_decode_attn_f32_kernel",256,1024,0,32,0,128,"Wavefronts",320.000000,15240199202995,15240199307837
25136,25136,"Agent 2",1,1122884,1122884,10240,90,"ullm_paged_decode_attn_f32_kernel",256,1024,0,32,0,128,"FETCH_SIZE",0.00000000e+00,15240200828938,15240200933300
25136,25136,"Agent 2",1,1122884,1122884,10240,90,"ullm_paged_decode_attn_f32_kernel",256,1024,0,32,0,128,"VALUInsts",0.00000000e+00,15240200828938,15240200933300
25136,25136,"Agent 2",1,1122884,1122884,10240,90,"ullm_paged_decode_attn_f32_kernel",256,1024,0,32,0,128,"Wavefronts",320.000000,15240200828938,15240200933300
25170,25170,"Agent 2",1,1122884,1122884,10240,90,"ullm_paged_decode_attn_f32_kernel",256,1024,0,32,0,128,"FETCH_SIZE",0.00000000e+00,15240202426721,15240202531242
25170,25170,"Agent 2",1,1122884,1122884,10240,90,"ullm_paged_decode_attn_f32_kernel",256,1024,0,32,0,128,"VALUInsts",0.00000000e+00,15240202426721,15240202531242
25170,25170,"Agent 2",1,1122884,1122884,10240,90,"ullm_paged_decode_attn_f32_kernel",256,1024,0,32,0,128,"Wavefronts",320.000000,15240202426721,15240202531242
25204,25204,"Agent 2",1,1122884,1122884,10240,90,"ullm_paged_decode_attn_f32_kernel",256,1024,0,32,0,128,"FETCH_SIZE",0.00000000e+00,15240204059103,15240204163265
25204,25204,"Agent 2",1,1122884,1122884,10240,90,"ullm_paged_decode_attn_f32_kernel",256,1024,0,32,0,128,"VALUInsts",0.00000000e+00,15240204059103,15240204163265
25204,25204,"Agent 2",1,1122884,1122884,10240,90,"ullm_paged_decode_attn_f32_kernel",256,1024,0,32,0,128,"Wavefronts",320.000000,15240204059103,15240204163265
25238,25238,"Agent 2",1,1122884,1122884,10240,90,"ullm_paged_decode_attn_f32_kernel",256,1024,0,32,0,128,"FETCH_SIZE",0.00000000e+00,15240205618925,15240205723207
25238,25238,"Agent 2",1,1122884,1122884,10240,90,"ullm_paged_decode_attn_f32_kernel",256,1024,0,32,0,128,"VALUInsts",0.00000000e+00,15240205618925,15240205723207
25238,25238,"Agent 2",1,1122884,1122884,10240,90,"ullm_paged_decode_attn_f32_kernel",256,1024,0,32,0,128,"Wavefronts",320.000000,15240205618925,15240205723207
25272,25272,"Agent 2",1,1122884,1122884,10240,90,"ullm_paged_decode_attn_f32_kernel",256,1024,0,32,0,128,"FETCH_SIZE",0.00000000e+00,15240207215588,15240207320269
25272,25272,"Agent 2",1,1122884,1122884,10240,90,"ullm_paged_decode_attn_f32_kernel",256,1024,0,32,0,128,"VALUInsts",0.00000000e+00,15240207215588,15240207320269
25272,25272,"Agent 2",1,1122884,1122884,10240,90,"ullm_paged_decode_attn_f32_kernel",256,1024,0,32,0,128,"Wavefronts",320.000000,15240207215588,15240207320269
25306,25306,"Agent 2",1,1122884,1122884,10240,90,"ullm_paged_decode_attn_f32_kernel",256,1024,0,32,0,128,"FETCH_SIZE",0.00000000e+00,15240208811410,15240208916251
25306,25306,"Agent 2",1,1122884,1122884,10240,90,"ullm_paged_decode_attn_f32_kernel",256,1024,0,32,0,128,"VALUInsts",0.00000000e+00,15240208811410,15240208916251
25306,25306,"Agent 2",1,1122884,1122884,10240,90,"ullm_paged_decode_attn_f32_kernel",256,1024,0,32,0,128,"Wavefronts",320.000000,15240208811410,15240208916251
25344,25344,"Agent 2",1,1122884,1122884,10240,90,"ullm_paged_decode_attn_f32_kernel",256,1024,0,32,0,128,"FETCH_SIZE",0.00000000e+00,15240216377376,15240216482617
25344,25344,"Agent 2",1,1122884,1122884,10240,90,"ullm_paged_decode_attn_f32_kernel",256,1024,0,32,0,128,"VALUInsts",0.00000000e+00,15240216377376,15240216482617
25344,25344,"Agent 2",1,1122884,1122884,10240,90,"ullm_paged_decode_attn_f32_kernel",256,1024,0,32,0,128,"Wavefronts",320.000000,15240216377376,15240216482617
25378,25378,"Agent 2",1,1122884,1122884,10240,90,"ullm_paged_decode_attn_f32_kernel",256,1024,0,32,0,128,"FETCH_SIZE",0.00000000e+00,15240217970798,15240218076960
25378,25378,"Agent 2",1,1122884,1122884,10240,90,"ullm_paged_decode_attn_f32_kernel",256,1024,0,32,0,128,"VALUInsts",0.00000000e+00,15240217970798,15240218076960
25378,25378,"Agent 2",1,1122884,1122884,10240,90,"ullm_paged_decode_attn_f32_kernel",256,1024,0,32,0,128,"Wavefronts",320.000000,15240217970798,15240218076960
25412,25412,"Agent 2",1,1122884,1122884,10240,90,"ullm_paged_decode_attn_f32_kernel",256,1024,0,32,0,128,"FETCH_SIZE",0.00000000e+00,15240219573500,15240219679182
25412,25412,"Agent 2",1,1122884,1122884,10240,90,"ullm_paged_decode_attn_f32_kernel",256,1024,0,32,0,128,"VALUInsts",0.00000000e+00,15240219573500,15240219679182
25412,25412,"Agent 2",1,1122884,1122884,10240,90,"ullm_paged_decode_attn_f32_kernel",256,1024,0,32,0,128,"Wavefronts",320.000000,15240219573500,15240219679182
25446,25446,"Agent 2",1,1122884,1122884,10240,90,"ullm_paged_decode_attn_f32_kernel",256,1024,0,32,0,128,"FETCH_SIZE",0.00000000e+00,15240221186803,15240221291885
25446,25446,"Agent 2",1,1122884,1122884,10240,90,"ullm_paged_decode_attn_f32_kernel",256,1024,0,32,0,128,"VALUInsts",0.00000000e+00,15240221186803,15240221291885
25446,25446,"Agent 2",1,1122884,1122884,10240,90,"ullm_paged_decode_attn_f32_kernel",256,1024,0,32,0,128,"Wavefronts",320.000000,15240221186803,15240221291885
25480,25480,"Agent 2",1,1122884,1122884,10240,90,"ullm_paged_decode_attn_f32_kernel",256,1024,0,32,0,128,"FETCH_SIZE",0.00000000e+00,15240222804026,15240222909467
25480,25480,"Agent 2",1,1122884,1122884,10240,90,"ullm_paged_decode_attn_f32_kernel",256,1024,0,32,0,128,"VALUInsts",0.00000000e+00,15240222804026,15240222909467
25480,25480,"Agent 2",1,1122884,1122884,10240,90,"ullm_paged_decode_attn_f32_kernel",256,1024,0,32,0,128,"Wavefronts",320.000000,15240222804026,15240222909467
25514,25514,"Agent 2",1,1122884,1122884,10240,90,"ullm_paged_decode_attn_f32_kernel",256,1024,0,32,0,128,"FETCH_SIZE",0.00000000e+00,15240224424128,15240224529170
25514,25514,"Agent 2",1,1122884,1122884,10240,90,"ullm_paged_decode_attn_f32_kernel",256,1024,0,32,0,128,"VALUInsts",0.00000000e+00,15240224424128,15240224529170
25514,25514,"Agent 2",1,1122884,1122884,10240,90,"ullm_paged_decode_attn_f32_kernel",256,1024,0,32,0,128,"Wavefronts",320.000000,15240224424128,15240224529170
25548,25548,"Agent 2",1,1122884,1122884,10240,90,"ullm_paged_decode_attn_f32_kernel",256,1024,0,32,0,128,"FETCH_SIZE",0.00000000e+00,15240225969390,15240226074471
25548,25548,"Agent 2",1,1122884,1122884,10240,90,"ullm_paged_decode_attn_f32_kernel",256,1024,0,32,0,128,"VALUInsts",0.00000000e+00,15240225969390,15240226074471
25548,25548,"Agent 2",1,1122884,1122884,10240,90,"ullm_paged_decode_attn_f32_kernel",256,1024,0,32,0,128,"Wavefronts",320.000000,15240225969390,15240226074471
25582,25582,"Agent 2",1,1122884,1122884,10240,90,"ullm_paged_decode_attn_f32_kernel",256,1024,0,32,0,128,"FETCH_SIZE",0.00000000e+00,15240227566012,15240227671134
25582,25582,"Agent 2",1,1122884,1122884,10240,90,"ullm_paged_decode_attn_f32_kernel",256,1024,0,32,0,128,"VALUInsts",0.00000000e+00,15240227566012,15240227671134
25582,25582,"Agent 2",1,1122884,1122884,10240,90,"ullm_paged_decode_attn_f32_kernel",256,1024,0,32,0,128,"Wavefronts",320.000000,15240227566012,15240227671134
25616,25616,"Agent 2",1,1122884,1122884,10240,90,"ullm_paged_decode_attn_f32_kernel",256,1024,0,32,0,128,"FETCH_SIZE",0.00000000e+00,15240229188355,15240229294196
25616,25616,"Agent 2",1,1122884,1122884,10240,90,"ullm_paged_decode_attn_f32_kernel",256,1024,0,32,0,128,"VALUInsts",0.00000000e+00,15240229188355,15240229294196
25616,25616,"Agent 2",1,1122884,1122884,10240,90,"ullm_paged_decode_attn_f32_kernel",256,1024,0,32,0,128,"Wavefronts",320.000000,15240229188355,15240229294196
25650,25650,"Agent 2",1,1122884,1122884,10240,90,"ullm_paged_decode_attn_f32_kernel",256,1024,0,32,0,128,"FETCH_SIZE",0.00000000e+00,15240230803098,15240230908819
25650,25650,"Agent 2",1,1122884,1122884,10240,90,"ullm_paged_decode_attn_f32_kernel",256,1024,0,32,0,128,"VALUInsts",0.00000000e+00,15240230803098,15240230908819
25650,25650,"Agent 2",1,1122884,1122884,10240,90,"ullm_paged_decode_attn_f32_kernel",256,1024,0,32,0,128,"Wavefronts",320.000000,15240230803098,15240230908819
25684,25684,"Agent 2",1,1122884,1122884,10240,90,"ullm_paged_decode_attn_f32_kernel",256,1024,0,32,0,128,"FETCH_SIZE",0.00000000e+00,15240232378840,15240232483801
25684,25684,"Agent 2",1,1122884,1122884,10240,90,"ullm_paged_decode_attn_f32_kernel",256,1024,0,32,0,128,"VALUInsts",0.00000000e+00,15240232378840,15240232483801
25684,25684,"Agent 2",1,1122884,1122884,10240,90,"ullm_paged_decode_attn_f32_kernel",256,1024,0,32,0,128,"Wavefronts",320.000000,15240232378840,15240232483801
25718,25718,"Agent 2",1,1122884,1122884,10240,90,"ullm_paged_decode_attn_f32_kernel",256,1024,0,32,0,128,"FETCH_SIZE",0.00000000e+00,15240233969102,15240234074263
25718,25718,"Agent 2",1,1122884,1122884,10240,90,"ullm_paged_decode_attn_f32_kernel",256,1024,0,32,0,128,"VALUInsts",0.00000000e+00,15240233969102,15240234074263
25718,25718,"Agent 2",1,1122884,1122884,10240,90,"ullm_paged_decode_attn_f32_kernel",256,1024,0,32,0,128,"Wavefronts",320.000000,15240233969102,15240234074263
25752,25752,"Agent 2",1,1122884,1122884,10240,90,"ullm_paged_decode_attn_f32_kernel",256,1024,0,32,0,128,"FETCH_SIZE",0.00000000e+00,15240235571404,15240235676886
25752,25752,"Agent 2",1,1122884,1122884,10240,90,"ullm_paged_decode_attn_f32_kernel",256,1024,0,32,0,128,"VALUInsts",0.00000000e+00,15240235571404,15240235676886
25752,25752,"Agent 2",1,1122884,1122884,10240,90,"ullm_paged_decode_attn_f32_kernel",256,1024,0,32,0,128,"Wavefronts",320.000000,15240235571404,15240235676886
25786,25786,"Agent 2",1,1122884,1122884,10240,90,"ullm_paged_decode_attn_f32_kernel",256,1024,0,32,0,128,"FETCH_SIZE",0.00000000e+00,15240237175187,15240237280508
25786,25786,"Agent 2",1,1122884,1122884,10240,90,"ullm_paged_decode_attn_f32_kernel",256,1024,0,32,0,128,"VALUInsts",0.00000000e+00,15240237175187,15240237280508
25786,25786,"Agent 2",1,1122884,1122884,10240,90,"ullm_paged_decode_attn_f32_kernel",256,1024,0,32,0,128,"Wavefronts",320.000000,15240237175187,15240237280508
25820,25820,"Agent 2",1,1122884,1122884,10240,90,"ullm_paged_decode_attn_f32_kernel",256,1024,0,32,0,128,"FETCH_SIZE",0.00000000e+00,15240238788169,15240238893531
25820,25820,"Agent 2",1,1122884,1122884,10240,90,"ullm_paged_decode_attn_f32_kernel",256,1024,0,32,0,128,"VALUInsts",0.00000000e+00,15240238788169,15240238893531
25820,25820,"Agent 2",1,1122884,1122884,10240,90,"ullm_paged_decode_attn_f32_kernel",256,1024,0,32,0,128,"Wavefronts",320.000000,15240238788169,15240238893531
25854,25854,"Agent 2",1,1122884,1122884,10240,90,"ullm_paged_decode_attn_f32_kernel",256,1024,0,32,0,128,"FETCH_SIZE",0.00000000e+00,15240240386583,15240240492025
25854,25854,"Agent 2",1,1122884,1122884,10240,90,"ullm_paged_decode_attn_f32_kernel",256,1024,0,32,0,128,"VALUInsts",0.00000000e+00,15240240386583,15240240492025
25854,25854,"Agent 2",1,1122884,1122884,10240,90,"ullm_paged_decode_attn_f32_kernel",256,1024,0,32,0,128,"Wavefronts",320.000000,15240240386583,15240240492025
25888,25888,"Agent 2",1,1122884,1122884,10240,90,"ullm_paged_decode_attn_f32_kernel",256,1024,0,32,0,128,"FETCH_SIZE",0.00000000e+00,15240241951285,15240242056366
25888,25888,"Agent 2",1,1122884,1122884,10240,90,"ullm_paged_decode_attn_f32_kernel",256,1024,0,32,0,128,"VALUInsts",0.00000000e+00,15240241951285,15240242056366
25888,25888,"Agent 2",1,1122884,1122884,10240,90,"ullm_paged_decode_attn_f32_kernel",256,1024,0,32,0,128,"Wavefronts",320.000000,15240241951285,15240242056366
25922,25922,"Agent 2",1,1122884,1122884,10240,90,"ullm_paged_decode_attn_f32_kernel",256,1024,0,32,0,128,"FETCH_SIZE",0.00000000e+00,15240243575588,15240243680749
25922,25922,"Agent 2",1,1122884,1122884,10240,90,"ullm_paged_decode_attn_f32_kernel",256,1024,0,32,0,128,"VALUInsts",0.00000000e+00,15240243575588,15240243680749
25922,25922,"Agent 2",1,1122884,1122884,10240,90,"ullm_paged_decode_attn_f32_kernel",256,1024,0,32,0,128,"Wavefronts",320.000000,15240243575588,15240243680749
25956,25956,"Agent 2",1,1122884,1122884,10240,90,"ullm_paged_decode_attn_f32_kernel",256,1024,0,32,0,128,"FETCH_SIZE",0.00000000e+00,15240245169530,15240245274292
25956,25956,"Agent 2",1,1122884,1122884,10240,90,"ullm_paged_decode_attn_f32_kernel",256,1024,0,32,0,128,"VALUInsts",0.00000000e+00,15240245169530,15240245274292
25956,25956,"Agent 2",1,1122884,1122884,10240,90,"ullm_paged_decode_attn_f32_kernel",256,1024,0,32,0,128,"Wavefronts",320.000000,15240245169530,15240245274292
25990,25990,"Agent 2",1,1122884,1122884,10240,90,"ullm_paged_decode_attn_f32_kernel",256,1024,0,32,0,128,"FETCH_SIZE",0.00000000e+00,15240246768832,15240246873874
25990,25990,"Agent 2",1,1122884,1122884,10240,90,"ullm_paged_decode_attn_f32_kernel",256,1024,0,32,0,128,"VALUInsts",0.00000000e+00,15240246768832,15240246873874
25990,25990,"Agent 2",1,1122884,1122884,10240,90,"ullm_paged_decode_attn_f32_kernel",256,1024,0,32,0,128,"Wavefronts",320.000000,15240246768832,15240246873874
26024,26024,"Agent 2",1,1122884,1122884,10240,90,"ullm_paged_decode_attn_f32_kernel",256,1024,0,32,0,128,"FETCH_SIZE",0.00000000e+00,15240248412175,15240248517777
26024,26024,"Agent 2",1,1122884,1122884,10240,90,"ullm_paged_decode_attn_f32_kernel",256,1024,0,32,0,128,"VALUInsts",0.00000000e+00,15240248412175,15240248517777
26024,26024,"Agent 2",1,1122884,1122884,10240,90,"ullm_paged_decode_attn_f32_kernel",256,1024,0,32,0,128,"Wavefronts",320.000000,15240248412175,15240248517777
26058,26058,"Agent 2",1,1122884,1122884,10240,90,"ullm_paged_decode_attn_f32_kernel",256,1024,0,32,0,128,"FETCH_SIZE",0.00000000e+00,15240250078799,15240250184760
26058,26058,"Agent 2",1,1122884,1122884,10240,90,"ullm_paged_decode_attn_f32_kernel",256,1024,0,32,0,128,"VALUInsts",0.00000000e+00,15240250078799,15240250184760
26058,26058,"Agent 2",1,1122884,1122884,10240,90,"ullm_paged_decode_attn_f32_kernel",256,1024,0,32,0,128,"Wavefronts",320.000000,15240250078799,15240250184760
26092,26092,"Agent 2",1,1122884,1122884,10240,90,"ullm_paged_decode_attn_f32_kernel",256,1024,0,32,0,128,"FETCH_SIZE",0.00000000e+00,15240251678821,15240251784503
26092,26092,"Agent 2",1,1122884,1122884,10240,90,"ullm_paged_decode_attn_f32_kernel",256,1024,0,32,0,128,"VALUInsts",0.00000000e+00,15240251678821,15240251784503
26092,26092,"Agent 2",1,1122884,1122884,10240,90,"ullm_paged_decode_attn_f32_kernel",256,1024,0,32,0,128,"Wavefronts",320.000000,15240251678821,15240251784503
26126,26126,"Agent 2",1,1122884,1122884,10240,90,"ullm_paged_decode_attn_f32_kernel",256,1024,0,32,0,128,"FETCH_SIZE",0.00000000e+00,15240253323044,15240253428086
26126,26126,"Agent 2",1,1122884,1122884,10240,90,"ullm_paged_decode_attn_f32_kernel",256,1024,0,32,0,128,"VALUInsts",0.00000000e+00,15240253323044,15240253428086
26126,26126,"Agent 2",1,1122884,1122884,10240,90,"ullm_paged_decode_attn_f32_kernel",256,1024,0,32,0,128,"Wavefronts",320.000000,15240253323044,15240253428086
26160,26160,"Agent 2",1,1122884,1122884,10240,90,"ullm_paged_decode_attn_f32_kernel",256,1024,0,32,0,128,"FETCH_SIZE",0.00000000e+00,15240254884106,15240254989427
26160,26160,"Agent 2",1,1122884,1122884,10240,90,"ullm_paged_decode_attn_f32_kernel",256,1024,0,32,0,128,"VALUInsts",0.00000000e+00,15240254884106,15240254989427
26160,26160,"Agent 2",1,1122884,1122884,10240,90,"ullm_paged_decode_attn_f32_kernel",256,1024,0,32,0,128,"Wavefronts",320.000000,15240254884106,15240254989427
26194,26194,"Agent 2",1,1122884,1122884,10240,90,"ullm_paged_decode_attn_f32_kernel",256,1024,0,32,0,128,"FETCH_SIZE",0.00000000e+00,15240256514409,15240256619450
26194,26194,"Agent 2",1,1122884,1122884,10240,90,"ullm_paged_decode_attn_f32_kernel",256,1024,0,32,0,128,"VALUInsts",0.00000000e+00,15240256514409,15240256619450
26194,26194,"Agent 2",1,1122884,1122884,10240,90,"ullm_paged_decode_attn_f32_kernel",256,1024,0,32,0,128,"Wavefronts",320.000000,15240256514409,15240256619450
26228,26228,"Agent 2",1,1122884,1122884,10240,90,"ullm_paged_decode_attn_f32_kernel",256,1024,0,32,0,128,"FETCH_SIZE",0.00000000e+00,15240258148712,15240258253993
26228,26228,"Agent 2",1,1122884,1122884,10240,90,"ullm_paged_decode_attn_f32_kernel",256,1024,0,32,0,128,"VALUInsts",0.00000000e+00,15240258148712,15240258253993
26228,26228,"Agent 2",1,1122884,1122884,10240,90,"ullm_paged_decode_attn_f32_kernel",256,1024,0,32,0,128,"Wavefronts",320.000000,15240258148712,15240258253993
26262,26262,"Agent 2",1,1122884,1122884,10240,90,"ullm_paged_decode_attn_f32_kernel",256,1024,0,32,0,128,"FETCH_SIZE",0.00000000e+00,15240259725814,15240259830655
26262,26262,"Agent 2",1,1122884,1122884,10240,90,"ullm_paged_decode_attn_f32_kernel",256,1024,0,32,0,128,"VALUInsts",0.00000000e+00,15240259725814,15240259830655
26262,26262,"Agent 2",1,1122884,1122884,10240,90,"ullm_paged_decode_attn_f32_kernel",256,1024,0,32,0,128,"Wavefronts",320.000000,15240259725814,15240259830655
26296,26296,"Agent 2",1,1122884,1122884,10240,90,"ullm_paged_decode_attn_f32_kernel",256,1024,0,32,0,128,"FETCH_SIZE",0.00000000e+00,15240261387357,15240261492558
26296,26296,"Agent 2",1,1122884,1122884,10240,90,"ullm_paged_decode_attn_f32_kernel",256,1024,0,32,0,128,"VALUInsts",0.00000000e+00,15240261387357,15240261492558
26296,26296,"Agent 2",1,1122884,1122884,10240,90,"ullm_paged_decode_attn_f32_kernel",256,1024,0,32,0,128,"Wavefronts",320.000000,15240261387357,15240261492558
26330,26330,"Agent 2",1,1122884,1122884,10240,90,"ullm_paged_decode_attn_f32_kernel",256,1024,0,32,0,128,"FETCH_SIZE",0.00000000e+00,15240263626068,15240263731270
26330,26330,"Agent 2",1,1122884,1122884,10240,90,"ullm_paged_decode_attn_f32_kernel",256,1024,0,32,0,128,"VALUInsts",0.00000000e+00,15240263626068,15240263731270
26330,26330,"Agent 2",1,1122884,1122884,10240,90,"ullm_paged_decode_attn_f32_kernel",256,1024,0,32,0,128,"Wavefronts",320.000000,15240263626068,15240263731270
26364,26364,"Agent 2",1,1122884,1122884,10240,90,"ullm_paged_decode_attn_f32_kernel",256,1024,0,32,0,128,"FETCH_SIZE",0.00000000e+00,15240265317332,15240265422213
26364,26364,"Agent 2",1,1122884,1122884,10240,90,"ullm_paged_decode_attn_f32_kernel",256,1024,0,32,0,128,"VALUInsts",0.00000000e+00,15240265317332,15240265422213
26364,26364,"Agent 2",1,1122884,1122884,10240,90,"ullm_paged_decode_attn_f32_kernel",256,1024,0,32,0,128,"Wavefronts",320.000000,15240265317332,15240265422213
26398,26398,"Agent 2",1,1122884,1122884,10240,90,"ullm_paged_decode_attn_f32_kernel",256,1024,0,32,0,128,"FETCH_SIZE",0.00000000e+00,15240266897434,15240267002556
26398,26398,"Agent 2",1,1122884,1122884,10240,90,"ullm_paged_decode_attn_f32_kernel",256,1024,0,32,0,128,"VALUInsts",0.00000000e+00,15240266897434,15240267002556
26398,26398,"Agent 2",1,1122884,1122884,10240,90,"ullm_paged_decode_attn_f32_kernel",256,1024,0,32,0,128,"Wavefronts",320.000000,15240266897434,15240267002556
26432,26432,"Agent 2",1,1122884,1122884,10240,90,"ullm_paged_decode_attn_f32_kernel",256,1024,0,32,0,128,"FETCH_SIZE",0.00000000e+00,15240268489536,15240268594818
26432,26432,"Agent 2",1,1122884,1122884,10240,90,"ullm_paged_decode_attn_f32_kernel",256,1024,0,32,0,128,"VALUInsts",0.00000000e+00,15240268489536,15240268594818
26432,26432,"Agent 2",1,1122884,1122884,10240,90,"ullm_paged_decode_attn_f32_kernel",256,1024,0,32,0,128,"Wavefronts",320.000000,15240268489536,15240268594818
26466,26466,"Agent 2",1,1122884,1122884,10240,90,"ullm_paged_decode_attn_f32_kernel",256,1024,0,32,0,128,"FETCH_SIZE",0.00000000e+00,15240270092279,15240270197480
26466,26466,"Agent 2",1,1122884,1122884,10240,90,"ullm_paged_decode_attn_f32_kernel",256,1024,0,32,0,128,"VALUInsts",0.00000000e+00,15240270092279,15240270197480
26466,26466,"Agent 2",1,1122884,1122884,10240,90,"ullm_paged_decode_attn_f32_kernel",256,1024,0,32,0,128,"Wavefronts",320.000000,15240270092279,15240270197480
26500,26500,"Agent 2",1,1122884,1122884,10240,90,"ullm_paged_decode_attn_f32_kernel",256,1024,0,32,0,128,"FETCH_SIZE",0.00000000e+00,15240271671301,15240271776542
26500,26500,"Agent 2",1,1122884,1122884,10240,90,"ullm_paged_decode_attn_f32_kernel",256,1024,0,32,0,128,"VALUInsts",0.00000000e+00,15240271671301,15240271776542
26500,26500,"Agent 2",1,1122884,1122884,10240,90,"ullm_paged_decode_attn_f32_kernel",256,1024,0,32,0,128,"Wavefronts",320.000000,15240271671301,15240271776542
26534,26534,"Agent 2",1,1122884,1122884,10240,90,"ullm_paged_decode_attn_f32_kernel",256,1024,0,32,0,128,"FETCH_SIZE",0.00000000e+00,15240273278203,15240273383285
26534,26534,"Agent 2",1,1122884,1122884,10240,90,"ullm_paged_decode_attn_f32_kernel",256,1024,0,32,0,128,"VALUInsts",0.00000000e+00,15240273278203,15240273383285
26534,26534,"Agent 2",1,1122884,1122884,10240,90,"ullm_paged_decode_attn_f32_kernel",256,1024,0,32,0,128,"Wavefronts",320.000000,15240273278203,15240273383285
26568,26568,"Agent 2",1,1122884,1122884,10240,90,"ullm_paged_decode_attn_f32_kernel",256,1024,0,32,0,128,"FETCH_SIZE",0.00000000e+00,15240274902866,15240275008148
26568,26568,"Agent 2",1,1122884,1122884,10240,90,"ullm_paged_decode_attn_f32_kernel",256,1024,0,32,0,128,"VALUInsts",0.00000000e+00,15240274902866,15240275008148
26568,26568,"Agent 2",1,1122884,1122884,10240,90,"ullm_paged_decode_attn_f32_kernel",256,1024,0,32,0,128,"Wavefronts",320.000000,15240274902866,15240275008148
26602,26602,"Agent 2",1,1122884,1122884,10240,90,"ullm_paged_decode_attn_f32_kernel",256,1024,0,32,0,128,"FETCH_SIZE",0.00000000e+00,15240276513049,15240276618650
26602,26602,"Agent 2",1,1122884,1122884,10240,90,"ullm_paged_decode_attn_f32_kernel",256,1024,0,32,0,128,"VALUInsts",0.00000000e+00,15240276513049,15240276618650
26602,26602,"Agent 2",1,1122884,1122884,10240,90,"ullm_paged_decode_attn_f32_kernel",256,1024,0,32,0,128,"Wavefronts",320.000000,15240276513049,15240276618650
26636,26636,"Agent 2",1,1122884,1122884,10240,90,"ullm_paged_decode_attn_f32_kernel",256,1024,0,32,0,128,"FETCH_SIZE",0.00000000e+00,15240278120311,15240278225393
26636,26636,"Agent 2",1,1122884,1122884,10240,90,"ullm_paged_decode_attn_f32_kernel",256,1024,0,32,0,128,"VALUInsts",0.00000000e+00,15240278120311,15240278225393
26636,26636,"Agent 2",1,1122884,1122884,10240,90,"ullm_paged_decode_attn_f32_kernel",256,1024,0,32,0,128,"Wavefronts",320.000000,15240278120311,15240278225393
26670,26670,"Agent 2",1,1122884,1122884,10240,90,"ullm_paged_decode_attn_f32_kernel",256,1024,0,32,0,128,"FETCH_SIZE",0.00000000e+00,15240279714973,15240279820015
26670,26670,"Agent 2",1,1122884,1122884,10240,90,"ullm_paged_decode_attn_f32_kernel",256,1024,0,32,0,128,"VALUInsts",0.00000000e+00,15240279714973,15240279820015
26670,26670,"Agent 2",1,1122884,1122884,10240,90,"ullm_paged_decode_attn_f32_kernel",256,1024,0,32,0,128,"Wavefronts",320.000000,15240279714973,15240279820015
161226,161226,"Agent 2",1,1122884,1122884,10240,90,"ullm_paged_decode_attn_f32_kernel",256,1024,0,32,0,128,"FETCH_SIZE",0.00000000e+00,15250418973666,15250419744077
161226,161226,"Agent 2",1,1122884,1122884,10240,90,"ullm_paged_decode_attn_f32_kernel",256,1024,0,32,0,128,"VALUInsts",0.00000000e+00,15250418973666,15250419744077
161226,161226,"Agent 2",1,1122884,1122884,10240,90,"ullm_paged_decode_attn_f32_kernel",256,1024,0,32,0,128,"Wavefronts",320.000000,15250418973666,15250419744077
161260,161260,"Agent 2",1,1122884,1122884,10240,90,"ullm_paged_decode_attn_f32_kernel",256,1024,0,32,0,128,"FETCH_SIZE",0.00000000e+00,15250421456541,15250422231751
161260,161260,"Agent 2",1,1122884,1122884,10240,90,"ullm_paged_decode_attn_f32_kernel",256,1024,0,32,0,128,"VALUInsts",0.00000000e+00,15250421456541,15250422231751
161260,161260,"Agent 2",1,1122884,1122884,10240,90,"ullm_paged_decode_attn_f32_kernel",256,1024,0,32,0,128,"Wavefronts",320.000000,15250421456541,15250422231751
161294,161294,"Agent 2",1,1122884,1122884,10240,90,"ullm_paged_decode_attn_f32_kernel",256,1024,0,32,0,128,"FETCH_SIZE",0.00000000e+00,15250423913907,15250424692598
161294,161294,"Agent 2",1,1122884,1122884,10240,90,"ullm_paged_decode_attn_f32_kernel",256,1024,0,32,0,128,"VALUInsts",0.00000000e+00,15250423913907,15250424692598
161294,161294,"Agent 2",1,1122884,1122884,10240,90,"ullm_paged_decode_attn_f32_kernel",256,1024,0,32,0,128,"Wavefronts",320.000000,15250423913907,15250424692598
161328,161328,"Agent 2",1,1122884,1122884,10240,90,"ullm_paged_decode_attn_f32_kernel",256,1024,0,32,0,128,"FETCH_SIZE",0.00000000e+00,15250426521383,15250427301234
161328,161328,"Agent 2",1,1122884,1122884,10240,90,"ullm_paged_decode_attn_f32_kernel",256,1024,0,32,0,128,"VALUInsts",0.00000000e+00,15250426521383,15250427301234
161328,161328,"Agent 2",1,1122884,1122884,10240,90,"ullm_paged_decode_attn_f32_kernel",256,1024,0,32,0,128,"Wavefronts",320.000000,15250426521383,15250427301234
161362,161362,"Agent 2",1,1122884,1122884,10240,90,"ullm_paged_decode_attn_f32_kernel",256,1024,0,32,0,128,"FETCH_SIZE",0.00000000e+00,15250429073619,15250429845990
161362,161362,"Agent 2",1,1122884,1122884,10240,90,"ullm_paged_decode_attn_f32_kernel",256,1024,0,32,0,128,"VALUInsts",0.00000000e+00,15250429073619,15250429845990
161362,161362,"Agent 2",1,1122884,1122884,10240,90,"ullm_paged_decode_attn_f32_kernel",256,1024,0,32,0,128,"Wavefronts",320.000000,15250429073619,15250429845990
161396,161396,"Agent 2",1,1122884,1122884,10240,90,"ullm_paged_decode_attn_f32_kernel",256,1024,0,32,0,128,"FETCH_SIZE",0.00000000e+00,15250431656975,15250432431746
161396,161396,"Agent 2",1,1122884,1122884,10240,90,"ullm_paged_decode_attn_f32_kernel",256,1024,0,32,0,128,"VALUInsts",0.00000000e+00,15250431656975,15250432431746
161396,161396,"Agent 2",1,1122884,1122884,10240,90,"ullm_paged_decode_attn_f32_kernel",256,1024,0,32,0,128,"Wavefronts",320.000000,15250431656975,15250432431746
161430,161430,"Agent 2",1,1122884,1122884,10240,90,"ullm_paged_decode_attn_f32_kernel",256,1024,0,32,0,128,"FETCH_SIZE",0.00000000e+00,15250434203891,15250434980181
161430,161430,"Agent 2",1,1122884,1122884,10240,90,"ullm_paged_decode_attn_f32_kernel",256,1024,0,32,0,128,"VALUInsts",0.00000000e+00,15250434203891,15250434980181
161430,161430,"Agent 2",1,1122884,1122884,10240,90,"ullm_paged_decode_attn_f32_kernel",256,1024,0,32,0,128,"Wavefronts",320.000000,15250434203891,15250434980181
161464,161464,"Agent 2",1,1122884,1122884,10240,90,"ullm_paged_decode_attn_f32_kernel",256,1024,0,32,0,128,"FETCH_SIZE",0.00000000e+00,15250436725006,15250437501017
161464,161464,"Agent 2",1,1122884,1122884,10240,90,"ullm_paged_decode_attn_f32_kernel",256,1024,0,32,0,128,"VALUInsts",0.00000000e+00,15250436725006,15250437501017
161464,161464,"Agent 2",1,1122884,1122884,10240,90,"ullm_paged_decode_attn_f32_kernel",256,1024,0,32,0,128,"Wavefronts",320.000000,15250436725006,15250437501017
161498,161498,"Agent 2",1,1122884,1122884,10240,90,"ullm_paged_decode_attn_f32_kernel",256,1024,0,32,0,128,"FETCH_SIZE",0.00000000e+00,15250439213680,15250439985651
161498,161498,"Agent 2",1,1122884,1122884,10240,90,"ullm_paged_decode_attn_f32_kernel",256,1024,0,32,0,128,"VALUInsts",0.00000000e+00,15250439213680,15250439985651
161498,161498,"Agent 2",1,1122884,1122884,10240,90,"ullm_paged_decode_attn_f32_kernel",256,1024,0,32,0,128,"Wavefronts",320.000000,15250439213680,15250439985651
161532,161532,"Agent 2",1,1122884,1122884,10240,90,"ullm_paged_decode_attn_f32_kernel",256,1024,0,32,0,128,"FETCH_SIZE",0.00000000e+00,15250441693795,15250442469046
161532,161532,"Agent 2",1,1122884,1122884,10240,90,"ullm_paged_decode_attn_f32_kernel",256,1024,0,32,0,128,"VALUInsts",0.00000000e+00,15250441693795,15250442469046
161532,161532,"Agent 2",1,1122884,1122884,10240,90,"ullm_paged_decode_attn_f32_kernel",256,1024,0,32,0,128,"Wavefronts",320.000000,15250441693795,15250442469046
161566,161566,"Agent 2",1,1122884,1122884,10240,90,"ullm_paged_decode_attn_f32_kernel",256,1024,0,32,0,128,"FETCH_SIZE",0.00000000e+00,15250444267951,15250445046442
161566,161566,"Agent 2",1,1122884,1122884,10240,90,"ullm_paged_decode_attn_f32_kernel",256,1024,0,32,0,128,"VALUInsts",0.00000000e+00,15250444267951,15250445046442
161566,161566,"Agent 2",1,1122884,1122884,10240,90,"ullm_paged_decode_attn_f32_kernel",256,1024,0,32,0,128,"Wavefronts",320.000000,15250444267951,15250445046442
161600,161600,"Agent 2",1,1122884,1122884,10240,90,"ullm_paged_decode_attn_f32_kernel",256,1024,0,32,0,128,"FETCH_SIZE",0.00000000e+00,15250446733345,15250447508636
161600,161600,"Agent 2",1,1122884,1122884,10240,90,"ullm_paged_decode_attn_f32_kernel",256,1024,0,32,0,128,"VALUInsts",0.00000000e+00,15250446733345,15250447508636
161600,161600,"Agent 2",1,1122884,1122884,10240,90,"ullm_paged_decode_attn_f32_kernel",256,1024,0,32,0,128,"Wavefronts",320.000000,15250446733345,15250447508636
161634,161634,"Agent 2",1,1122884,1122884,10240,90,"ullm_paged_decode_attn_f32_kernel",256,1024,0,32,0,128,"FETCH_SIZE",0.00000000e+00,15250449261861,15250450035751
161634,161634,"Agent 2",1,1122884,1122884,10240,90,"ullm_paged_decode_attn_f32_kernel",256,1024,0,32,0,128,"VALUInsts",0.00000000e+00,15250449261861,15250450035751
161634,161634,"Agent 2",1,1122884,1122884,10240,90,"ullm_paged_decode_attn_f32_kernel",256,1024,0,32,0,128,"Wavefronts",320.000000,15250449261861,15250450035751
161668,161668,"Agent 2",1,1122884,1122884,10240,90,"ullm_paged_decode_attn_f32_kernel",256,1024,0,32,0,128,"FETCH_SIZE",0.00000000e+00,15250451795776,15250452570227
161668,161668,"Agent 2",1,1122884,1122884,10240,90,"ullm_paged_decode_attn_f32_kernel",256,1024,0,32,0,128,"VALUInsts",0.00000000e+00,15250451795776,15250452570227
161668,161668,"Agent 2",1,1122884,1122884,10240,90,"ullm_paged_decode_attn_f32_kernel",256,1024,0,32,0,128,"Wavefronts",320.000000,15250451795776,15250452570227
161702,161702,"Agent 2",1,1122884,1122884,10240,90,"ullm_paged_decode_attn_f32_kernel",256,1024,0,32,0,128,"FETCH_SIZE",0.00000000e+00,15250454444053,15250455223064
161702,161702,"Agent 2",1,1122884,1122884,10240,90,"ullm_paged_decode_attn_f32_kernel",256,1024,0,32,0,128,"VALUInsts",0.00000000e+00,15250454444053,15250455223064
161702,161702,"Agent 2",1,1122884,1122884,10240,90,"ullm_paged_decode_attn_f32_kernel",256,1024,0,32,0,128,"Wavefronts",320.000000,15250454444053,15250455223064
161736,161736,"Agent 2",1,1122884,1122884,10240,90,"ullm_paged_decode_attn_f32_kernel",256,1024,0,32,0,128,"FETCH_SIZE",0.00000000e+00,15250457178291,15250457951022
161736,161736,"Agent 2",1,1122884,1122884,10240,90,"ullm_paged_decode_attn_f32_kernel",256,1024,0,32,0,128,"VALUInsts",0.00000000e+00,15250457178291,15250457951022
161736,161736,"Agent 2",1,1122884,1122884,10240,90,"ullm_paged_decode_attn_f32_kernel",256,1024,0,32,0,128,"Wavefronts",320.000000,15250457178291,15250457951022
161770,161770,"Agent 2",1,1122884,1122884,10240,90,"ullm_paged_decode_attn_f32_kernel",256,1024,0,32,0,128,"FETCH_SIZE",0.00000000e+00,15250460058491,15250460834182
161770,161770,"Agent 2",1,1122884,1122884,10240,90,"ullm_paged_decode_attn_f32_kernel",256,1024,0,32,0,128,"VALUInsts",0.00000000e+00,15250460058491,15250460834182
161770,161770,"Agent 2",1,1122884,1122884,10240,90,"ullm_paged_decode_attn_f32_kernel",256,1024,0,32,0,128,"Wavefronts",320.000000,15250460058491,15250460834182
161804,161804,"Agent 2",1,1122884,1122884,10240,90,"ullm_paged_decode_attn_f32_kernel",256,1024,0,32,0,128,"FETCH_SIZE",0.00000000e+00,15250462940731,15250463714782
161804,161804,"Agent 2",1,1122884,1122884,10240,90,"ullm_paged_decode_attn_f32_kernel",256,1024,0,32,0,128,"VALUInsts",0.00000000e+00,15250462940731,15250463714782
161804,161804,"Agent 2",1,1122884,1122884,10240,90,"ullm_paged_decode_attn_f32_kernel",256,1024,0,32,0,128,"Wavefronts",320.000000,15250462940731,15250463714782
161838,161838,"Agent 2",1,1122884,1122884,10240,90,"ullm_paged_decode_attn_f32_kernel",256,1024,0,32,0,128,"FETCH_SIZE",0.00000000e+00,15250465941973,15250466714064
161838,161838,"Agent 2",1,1122884,1122884,10240,90,"ullm_paged_decode_attn_f32_kernel",256,1024,0,32,0,128,"VALUInsts",0.00000000e+00,15250465941973,15250466714064
161838,161838,"Agent 2",1,1122884,1122884,10240,90,"ullm_paged_decode_attn_f32_kernel",256,1024,0,32,0,128,"Wavefronts",320.000000,15250465941973,15250466714064
161872,161872,"Agent 2",1,1122884,1122884,10240,90,"ullm_paged_decode_attn_f32_kernel",256,1024,0,32,0,128,"FETCH_SIZE",0.00000000e+00,15250469239579,15250470015790
161872,161872,"Agent 2",1,1122884,1122884,10240,90,"ullm_paged_decode_attn_f32_kernel",256,1024,0,32,0,128,"VALUInsts",0.00000000e+00,15250469239579,15250470015790
161872,161872,"Agent 2",1,1122884,1122884,10240,90,"ullm_paged_decode_attn_f32_kernel",256,1024,0,32,0,128,"Wavefronts",320.000000,15250469239579,15250470015790
161906,161906,"Agent 2",1,1122884,1122884,10240,90,"ullm_paged_decode_attn_f32_kernel",256,1024,0,32,0,128,"FETCH_SIZE",0.00000000e+00,15250472724228,15250473498359
161906,161906,"Agent 2",1,1122884,1122884,10240,90,"ullm_paged_decode_attn_f32_kernel",256,1024,0,32,0,128,"VALUInsts",0.00000000e+00,15250472724228,15250473498359
161906,161906,"Agent 2",1,1122884,1122884,10240,90,"ullm_paged_decode_attn_f32_kernel",256,1024,0,32,0,128,"Wavefronts",320.000000,15250472724228,15250473498359
161940,161940,"Agent 2",1,1122884,1122884,10240,90,"ullm_paged_decode_attn_f32_kernel",256,1024,0,32,0,128,"FETCH_SIZE",0.00000000e+00,15250476357879,15250477137849
161940,161940,"Agent 2",1,1122884,1122884,10240,90,"ullm_paged_decode_attn_f32_kernel",256,1024,0,32,0,128,"VALUInsts",0.00000000e+00,15250476357879,15250477137849
161940,161940,"Agent 2",1,1122884,1122884,10240,90,"ullm_paged_decode_attn_f32_kernel",256,1024,0,32,0,128,"Wavefronts",320.000000,15250476357879,15250477137849
161974,161974,"Agent 2",1,1122884,1122884,10240,90,"ullm_paged_decode_attn_f32_kernel",256,1024,0,32,0,128,"FETCH_SIZE",0.00000000e+00,15250480404935,15250481177826
161974,161974,"Agent 2",1,1122884,1122884,10240,90,"ullm_paged_decode_attn_f32_kernel",256,1024,0,32,0,128,"VALUInsts",0.00000000e+00,15250480404935,15250481177826
161974,161974,"Agent 2",1,1122884,1122884,10240,90,"ullm_paged_decode_attn_f32_kernel",256,1024,0,32,0,128,"Wavefronts",320.000000,15250480404935,15250481177826
162008,162008,"Agent 2",1,1122884,1122884,10240,90,"ullm_paged_decode_attn_f32_kernel",256,1024,0,32,0,128,"FETCH_SIZE",0.00000000e+00,15250484963039,15250485739289
162008,162008,"Agent 2",1,1122884,1122884,10240,90,"ullm_paged_decode_attn_f32_kernel",256,1024,0,32,0,128,"VALUInsts",0.00000000e+00,15250484963039,15250485739289
162008,162008,"Agent 2",1,1122884,1122884,10240,90,"ullm_paged_decode_attn_f32_kernel",256,1024,0,32,0,128,"Wavefronts",320.000000,15250484963039,15250485739289
162042,162042,"Agent 2",1,1122884,1122884,10240,90,"ullm_paged_decode_attn_f32_kernel",256,1024,0,32,0,128,"FETCH_SIZE",0.00000000e+00,15250490311686,15250491087336
162042,162042,"Agent 2",1,1122884,1122884,10240,90,"ullm_paged_decode_attn_f32_kernel",256,1024,0,32,0,128,"VALUInsts",0.00000000e+00,15250490311686,15250491087336
162042,162042,"Agent 2",1,1122884,1122884,10240,90,"ullm_paged_decode_attn_f32_kernel",256,1024,0,32,0,128,"Wavefronts",320.000000,15250490311686,15250491087336
162076,162076,"Agent 2",1,1122884,1122884,10240,90,"ullm_paged_decode_attn_f32_kernel",256,1024,0,32,0,128,"FETCH_SIZE",0.00000000e+00,15250496090686,15250496864817
162076,162076,"Agent 2",1,1122884,1122884,10240,90,"ullm_paged_decode_attn_f32_kernel",256,1024,0,32,0,128,"VALUInsts",0.00000000e+00,15250496090686,15250496864817
162076,162076,"Agent 2",1,1122884,1122884,10240,90,"ullm_paged_decode_attn_f32_kernel",256,1024,0,32,0,128,"Wavefronts",320.000000,15250496090686,15250496864817
162110,162110,"Agent 2",1,1122884,1122884,10240,90,"ullm_paged_decode_attn_f32_kernel",256,1024,0,32,0,128,"FETCH_SIZE",0.00000000e+00,15250501242758,15250502017449
162110,162110,"Agent 2",1,1122884,1122884,10240,90,"ullm_paged_decode_attn_f32_kernel",256,1024,0,32,0,128,"VALUInsts",0.00000000e+00,15250501242758,15250502017449
162110,162110,"Agent 2",1,1122884,1122884,10240,90,"ullm_paged_decode_attn_f32_kernel",256,1024,0,32,0,128,"Wavefronts",320.000000,15250501242758,15250502017449
162144,162144,"Agent 2",1,1122884,1122884,10240,90,"ullm_paged_decode_attn_f32_kernel",256,1024,0,32,0,128,"FETCH_SIZE",0.00000000e+00,15250506104466,15250506877917
162144,162144,"Agent 2",1,1122884,1122884,10240,90,"ullm_paged_decode_attn_f32_kernel",256,1024,0,32,0,128,"VALUInsts",0.00000000e+00,15250506104466,15250506877917
162144,162144,"Agent 2",1,1122884,1122884,10240,90,"ullm_paged_decode_attn_f32_kernel",256,1024,0,32,0,128,"Wavefronts",320.000000,15250506104466,15250506877917
162178,162178,"Agent 2",1,1122884,1122884,10240,90,"ullm_paged_decode_attn_f32_kernel",256,1024,0,32,0,128,"FETCH_SIZE",0.00000000e+00,15250510835612,15250511610903
162178,162178,"Agent 2",1,1122884,1122884,10240,90,"ullm_paged_decode_attn_f32_kernel",256,1024,0,32,0,128,"VALUInsts",0.00000000e+00,15250510835612,15250511610903
162178,162178,"Agent 2",1,1122884,1122884,10240,90,"ullm_paged_decode_attn_f32_kernel",256,1024,0,32,0,128,"Wavefronts",320.000000,15250510835612,15250511610903
162212,162212,"Agent 2",1,1122884,1122884,10240,90,"ullm_paged_decode_attn_f32_kernel",256,1024,0,32,0,128,"FETCH_SIZE",0.00000000e+00,15250516175966,15250516951377
162212,162212,"Agent 2",1,1122884,1122884,10240,90,"ullm_paged_decode_attn_f32_kernel",256,1024,0,32,0,128,"VALUInsts",0.00000000e+00,15250516175966,15250516951377
162212,162212,"Agent 2",1,1122884,1122884,10240,90,"ullm_paged_decode_attn_f32_kernel",256,1024,0,32,0,128,"Wavefronts",320.000000,15250516175966,15250516951377
162246,162246,"Agent 2",1,1122884,1122884,10240,90,"ullm_paged_decode_attn_f32_kernel",256,1024,0,32,0,128,"FETCH_SIZE",0.00000000e+00,15250521011314,15250521785644
162246,162246,"Agent 2",1,1122884,1122884,10240,90,"ullm_paged_decode_attn_f32_kernel",256,1024,0,32,0,128,"VALUInsts",0.00000000e+00,15250521011314,15250521785644
162246,162246,"Agent 2",1,1122884,1122884,10240,90,"ullm_paged_decode_attn_f32_kernel",256,1024,0,32,0,128,"Wavefronts",320.000000,15250521011314,15250521785644
162280,162280,"Agent 2",1,1122884,1122884,10240,90,"ullm_paged_decode_attn_f32_kernel",256,1024,0,32,0,128,"FETCH_SIZE",0.00000000e+00,15250527055958,15250527832409
162280,162280,"Agent 2",1,1122884,1122884,10240,90,"ullm_paged_decode_attn_f32_kernel",256,1024,0,32,0,128,"VALUInsts",0.00000000e+00,15250527055958,15250527832409
162280,162280,"Agent 2",1,1122884,1122884,10240,90,"ullm_paged_decode_attn_f32_kernel",256,1024,0,32,0,128,"Wavefronts",320.000000,15250527055958,15250527832409
162314,162314,"Agent 2",1,1122884,1122884,10240,90,"ullm_paged_decode_attn_f32_kernel",256,1024,0,32,0,128,"FETCH_SIZE",0.00000000e+00,15250533350606,15250534126137
162314,162314,"Agent 2",1,1122884,1122884,10240,90,"ullm_paged_decode_attn_f32_kernel",256,1024,0,32,0,128,"VALUInsts",0.00000000e+00,15250533350606,15250534126137
162314,162314,"Agent 2",1,1122884,1122884,10240,90,"ullm_paged_decode_attn_f32_kernel",256,1024,0,32,0,128,"Wavefronts",320.000000,15250533350606,15250534126137
162348,162348,"Agent 2",1,1122884,1122884,10240,90,"ullm_paged_decode_attn_f32_kernel",256,1024,0,32,0,128,"FETCH_SIZE",0.00000000e+00,15250539001645,15250539777695
162348,162348,"Agent 2",1,1122884,1122884,10240,90,"ullm_paged_decode_attn_f32_kernel",256,1024,0,32,0,128,"VALUInsts",0.00000000e+00,15250539001645,15250539777695
162348,162348,"Agent 2",1,1122884,1122884,10240,90,"ullm_paged_decode_attn_f32_kernel",256,1024,0,32,0,128,"Wavefronts",320.000000,15250539001645,15250539777695
162382,162382,"Agent 2",1,1122884,1122884,10240,90,"ullm_paged_decode_attn_f32_kernel",256,1024,0,32,0,128,"FETCH_SIZE",0.00000000e+00,15250544477401,15250545253892
162382,162382,"Agent 2",1,1122884,1122884,10240,90,"ullm_paged_decode_attn_f32_kernel",256,1024,0,32,0,128,"VALUInsts",0.00000000e+00,15250544477401,15250545253892
162382,162382,"Agent 2",1,1122884,1122884,10240,90,"ullm_paged_decode_attn_f32_kernel",256,1024,0,32,0,128,"Wavefronts",320.000000,15250544477401,15250545253892
162416,162416,"Agent 2",1,1122884,1122884,10240,90,"ullm_paged_decode_attn_f32_kernel",256,1024,0,32,0,128,"FETCH_SIZE",0.00000000e+00,15250549422933,15250550197864
162416,162416,"Agent 2",1,1122884,1122884,10240,90,"ullm_paged_decode_attn_f32_kernel",256,1024,0,32,0,128,"VALUInsts",0.00000000e+00,15250549422933,15250550197864
162416,162416,"Agent 2",1,1122884,1122884,10240,90,"ullm_paged_decode_attn_f32_kernel",256,1024,0,32,0,128,"Wavefronts",320.000000,15250549422933,15250550197864
162450,162450,"Agent 2",1,1122884,1122884,10240,90,"ullm_paged_decode_attn_f32_kernel",256,1024,0,32,0,128,"FETCH_SIZE",0.00000000e+00,15250553659552,15250554432163
162450,162450,"Agent 2",1,1122884,1122884,10240,90,"ullm_paged_decode_attn_f32_kernel",256,1024,0,32,0,128,"VALUInsts",0.00000000e+00,15250553659552,15250554432163
162450,162450,"Agent 2",1,1122884,1122884,10240,90,"ullm_paged_decode_attn_f32_kernel",256,1024,0,32,0,128,"Wavefronts",320.000000,15250553659552,15250554432163
162484,162484,"Agent 2",1,1122884,1122884,10240,90,"ullm_paged_decode_attn_f32_kernel",256,1024,0,32,0,128,"FETCH_SIZE",0.00000000e+00,15250557308843,15250558085854
162484,162484,"Agent 2",1,1122884,1122884,10240,90,"ullm_paged_decode_attn_f32_kernel",256,1024,0,32,0,128,"VALUInsts",0.00000000e+00,15250557308843,15250558085854
162484,162484,"Agent 2",1,1122884,1122884,10240,90,"ullm_paged_decode_attn_f32_kernel",256,1024,0,32,0,128,"Wavefronts",320.000000,15250557308843,15250558085854
162518,162518,"Agent 2",1,1122884,1122884,10240,90,"ullm_paged_decode_attn_f32_kernel",256,1024,0,32,0,128,"FETCH_SIZE",0.00000000e+00,15250560314525,15250561088856
162518,162518,"Agent 2",1,1122884,1122884,10240,90,"ullm_paged_decode_attn_f32_kernel",256,1024,0,32,0,128,"VALUInsts",0.00000000e+00,15250560314525,15250561088856
162518,162518,"Agent 2",1,1122884,1122884,10240,90,"ullm_paged_decode_attn_f32_kernel",256,1024,0,32,0,128,"Wavefronts",320.000000,15250560314525,15250561088856
162552,162552,"Agent 2",1,1122884,1122884,10240,90,"ullm_paged_decode_attn_f32_kernel",256,1024,0,32,0,128,"FETCH_SIZE",0.00000000e+00,15250562788560,15250563559730
162552,162552,"Agent 2",1,1122884,1122884,10240,90,"ullm_paged_decode_attn_f32_kernel",256,1024,0,32,0,128,"VALUInsts",0.00000000e+00,15250562788560,15250563559730
162552,162552,"Agent 2",1,1122884,1122884,10240,90,"ullm_paged_decode_attn_f32_kernel",256,1024,0,32,0,128,"Wavefronts",320.000000,15250562788560,15250563559730
162590,162590,"Agent 2",1,1122884,1122884,10240,90,"ullm_paged_decode_attn_f32_kernel",256,1024,0,32,0,128,"FETCH_SIZE",0.00000000e+00,15250571179757,15250571952687
162590,162590,"Agent 2",1,1122884,1122884,10240,90,"ullm_paged_decode_attn_f32_kernel",256,1024,0,32,0,128,"VALUInsts",0.00000000e+00,15250571179757,15250571952687
162590,162590,"Agent 2",1,1122884,1122884,10240,90,"ullm_paged_decode_attn_f32_kernel",256,1024,0,32,0,128,"Wavefronts",320.000000,15250571179757,15250571952687
162624,162624,"Agent 2",1,1122884,1122884,10240,90,"ullm_paged_decode_attn_f32_kernel",256,1024,0,32,0,128,"FETCH_SIZE",0.00000000e+00,15250573723792,15250574501083
162624,162624,"Agent 2",1,1122884,1122884,10240,90,"ullm_paged_decode_attn_f32_kernel",256,1024,0,32,0,128,"VALUInsts",0.00000000e+00,15250573723792,15250574501083
162624,162624,"Agent 2",1,1122884,1122884,10240,90,"ullm_paged_decode_attn_f32_kernel",256,1024,0,32,0,128,"Wavefronts",320.000000,15250573723792,15250574501083
162658,162658,"Agent 2",1,1122884,1122884,10240,90,"ullm_paged_decode_attn_f32_kernel",256,1024,0,32,0,128,"FETCH_SIZE",0.00000000e+00,15250576243467,15250577027438
162658,162658,"Agent 2",1,1122884,1122884,10240,90,"ullm_paged_decode_attn_f32_kernel",256,1024,0,32,0,128,"VALUInsts",0.00000000e+00,15250576243467,15250577027438
162658,162658,"Agent 2",1,1122884,1122884,10240,90,"ullm_paged_decode_attn_f32_kernel",256,1024,0,32,0,128,"Wavefronts",320.000000,15250576243467,15250577027438
162692,162692,"Agent 2",1,1122884,1122884,10240,90,"ullm_paged_decode_attn_f32_kernel",256,1024,0,32,0,128,"FETCH_SIZE",0.00000000e+00,15250578744742,15250579521913
162692,162692,"Agent 2",1,1122884,1122884,10240,90,"ullm_paged_decode_attn_f32_kernel",256,1024,0,32,0,128,"VALUInsts",0.00000000e+00,15250578744742,15250579521913
162692,162692,"Agent 2",1,1122884,1122884,10240,90,"ullm_paged_decode_attn_f32_kernel",256,1024,0,32,0,128,"Wavefronts",320.000000,15250578744742,15250579521913
162726,162726,"Agent 2",1,1122884,1122884,10240,90,"ullm_paged_decode_attn_f32_kernel",256,1024,0,32,0,128,"FETCH_SIZE",0.00000000e+00,15250581303698,15250582076189
162726,162726,"Agent 2",1,1122884,1122884,10240,90,"ullm_paged_decode_attn_f32_kernel",256,1024,0,32,0,128,"VALUInsts",0.00000000e+00,15250581303698,15250582076189
162726,162726,"Agent 2",1,1122884,1122884,10240,90,"ullm_paged_decode_attn_f32_kernel",256,1024,0,32,0,128,"Wavefronts",320.000000,15250581303698,15250582076189
162760,162760,"Agent 2",1,1122884,1122884,10240,90,"ullm_paged_decode_attn_f32_kernel",256,1024,0,32,0,128,"FETCH_SIZE",0.00000000e+00,15250583906174,15250584680985
162760,162760,"Agent 2",1,1122884,1122884,10240,90,"ullm_paged_decode_attn_f32_kernel",256,1024,0,32,0,128,"VALUInsts",0.00000000e+00,15250583906174,15250584680985
162760,162760,"Agent 2",1,1122884,1122884,10240,90,"ullm_paged_decode_attn_f32_kernel",256,1024,0,32,0,128,"Wavefronts",320.000000,15250583906174,15250584680985
162794,162794,"Agent 2",1,1122884,1122884,10240,90,"ullm_paged_decode_attn_f32_kernel",256,1024,0,32,0,128,"FETCH_SIZE",0.00000000e+00,15250586630292,15250587405863
162794,162794,"Agent 2",1,1122884,1122884,10240,90,"ullm_paged_decode_attn_f32_kernel",256,1024,0,32,0,128,"VALUInsts",0.00000000e+00,15250586630292,15250587405863
162794,162794,"Agent 2",1,1122884,1122884,10240,90,"ullm_paged_decode_attn_f32_kernel",256,1024,0,32,0,128,"Wavefronts",320.000000,15250586630292,15250587405863
162828,162828,"Agent 2",1,1122884,1122884,10240,90,"ullm_paged_decode_attn_f32_kernel",256,1024,0,32,0,128,"FETCH_SIZE",0.00000000e+00,15250589450491,15250590224542
162828,162828,"Agent 2",1,1122884,1122884,10240,90,"ullm_paged_decode_attn_f32_kernel",256,1024,0,32,0,128,"VALUInsts",0.00000000e+00,15250589450491,15250590224542
162828,162828,"Agent 2",1,1122884,1122884,10240,90,"ullm_paged_decode_attn_f32_kernel",256,1024,0,32,0,128,"Wavefronts",320.000000,15250589450491,15250590224542
162862,162862,"Agent 2",1,1122884,1122884,10240,90,"ullm_paged_decode_attn_f32_kernel",256,1024,0,32,0,128,"FETCH_SIZE",0.00000000e+00,15250592395532,15250593167063
162862,162862,"Agent 2",1,1122884,1122884,10240,90,"ullm_paged_decode_attn_f32_kernel",256,1024,0,32,0,128,"VALUInsts",0.00000000e+00,15250592395532,15250593167063
162862,162862,"Agent 2",1,1122884,1122884,10240,90,"ullm_paged_decode_attn_f32_kernel",256,1024,0,32,0,128,"Wavefronts",320.000000,15250592395532,15250593167063
162896,162896,"Agent 2",1,1122884,1122884,10240,90,"ullm_paged_decode_attn_f32_kernel",256,1024,0,32,0,128,"FETCH_SIZE",0.00000000e+00,15250595466895,15250596243226
162896,162896,"Agent 2",1,1122884,1122884,10240,90,"ullm_paged_decode_attn_f32_kernel",256,1024,0,32,0,128,"VALUInsts",0.00000000e+00,15250595466895,15250596243226
162896,162896,"Agent 2",1,1122884,1122884,10240,90,"ullm_paged_decode_attn_f32_kernel",256,1024,0,32,0,128,"Wavefronts",320.000000,15250595466895,15250596243226
162930,162930,"Agent 2",1,1122884,1122884,10240,90,"ullm_paged_decode_attn_f32_kernel",256,1024,0,32,0,128,"FETCH_SIZE",0.00000000e+00,15250598816422,15250599591513
162930,162930,"Agent 2",1,1122884,1122884,10240,90,"ullm_paged_decode_attn_f32_kernel",256,1024,0,32,0,128,"VALUInsts",0.00000000e+00,15250598816422,15250599591513
162930,162930,"Agent 2",1,1122884,1122884,10240,90,"ullm_paged_decode_attn_f32_kernel",256,1024,0,32,0,128,"Wavefronts",320.000000,15250598816422,15250599591513
162964,162964,"Agent 2",1,1122884,1122884,10240,90,"ullm_paged_decode_attn_f32_kernel",256,1024,0,32,0,128,"FETCH_SIZE",0.00000000e+00,15250602543914,15250603316685
162964,162964,"Agent 2",1,1122884,1122884,10240,90,"ullm_paged_decode_attn_f32_kernel",256,1024,0,32,0,128,"VALUInsts",0.00000000e+00,15250602543914,15250603316685
162964,162964,"Agent 2",1,1122884,1122884,10240,90,"ullm_paged_decode_attn_f32_kernel",256,1024,0,32,0,128,"Wavefronts",320.000000,15250602543914,15250603316685
162998,162998,"Agent 2",1,1122884,1122884,10240,90,"ullm_paged_decode_attn_f32_kernel",256,1024,0,32,0,128,"FETCH_SIZE",0.00000000e+00,15250606733092,15250607505023
162998,162998,"Agent 2",1,1122884,1122884,10240,90,"ullm_paged_decode_attn_f32_kernel",256,1024,0,32,0,128,"VALUInsts",0.00000000e+00,15250606733092,15250607505023
162998,162998,"Agent 2",1,1122884,1122884,10240,90,"ullm_paged_decode_attn_f32_kernel",256,1024,0,32,0,128,"Wavefronts",320.000000,15250606733092,15250607505023
163032,163032,"Agent 2",1,1122884,1122884,10240,90,"ullm_paged_decode_attn_f32_kernel",256,1024,0,32,0,128,"FETCH_SIZE",0.00000000e+00,15250611309552,15250612085402
163032,163032,"Agent 2",1,1122884,1122884,10240,90,"ullm_paged_decode_attn_f32_kernel",256,1024,0,32,0,128,"VALUInsts",0.00000000e+00,15250611309552,15250612085402
163032,163032,"Agent 2",1,1122884,1122884,10240,90,"ullm_paged_decode_attn_f32_kernel",256,1024,0,32,0,128,"Wavefronts",320.000000,15250611309552,15250612085402
163066,163066,"Agent 2",1,1122884,1122884,10240,90,"ullm_paged_decode_attn_f32_kernel",256,1024,0,32,0,128,"FETCH_SIZE",0.00000000e+00,15250616498983,15250617272554
163066,163066,"Agent 2",1,1122884,1122884,10240,90,"ullm_paged_decode_attn_f32_kernel",256,1024,0,32,0,128,"VALUInsts",0.00000000e+00,15250616498983,15250617272554
163066,163066,"Agent 2",1,1122884,1122884,10240,90,"ullm_paged_decode_attn_f32_kernel",256,1024,0,32,0,128,"Wavefronts",320.000000,15250616498983,15250617272554
163100,163100,"Agent 2",1,1122884,1122884,10240,90,"ullm_paged_decode_attn_f32_kernel",256,1024,0,32,0,128,"FETCH_SIZE",0.00000000e+00,15250621515413,15250622290984
163100,163100,"Agent 2",1,1122884,1122884,10240,90,"ullm_paged_decode_attn_f32_kernel",256,1024,0,32,0,128,"VALUInsts",0.00000000e+00,15250621515413,15250622290984
163100,163100,"Agent 2",1,1122884,1122884,10240,90,"ullm_paged_decode_attn_f32_kernel",256,1024,0,32,0,128,"Wavefronts",320.000000,15250621515413,15250622290984
163134,163134,"Agent 2",1,1122884,1122884,10240,90,"ullm_paged_decode_attn_f32_kernel",256,1024,0,32,0,128,"FETCH_SIZE",0.00000000e+00,15250626190918,15250626969449
163134,163134,"Agent 2",1,1122884,1122884,10240,90,"ullm_paged_decode_attn_f32_kernel",256,1024,0,32,0,128,"VALUInsts",0.00000000e+00,15250626190918,15250626969449
163134,163134,"Agent 2",1,1122884,1122884,10240,90,"ullm_paged_decode_attn_f32_kernel",256,1024,0,32,0,128,"Wavefronts",320.000000,15250626190918,15250626969449
163168,163168,"Agent 2",1,1122884,1122884,10240,90,"ullm_paged_decode_attn_f32_kernel",256,1024,0,32,0,128,"FETCH_SIZE",0.00000000e+00,15250630782182,15250631556153
163168,163168,"Agent 2",1,1122884,1122884,10240,90,"ullm_paged_decode_attn_f32_kernel",256,1024,0,32,0,128,"VALUInsts",0.00000000e+00,15250630782182,15250631556153
163168,163168,"Agent 2",1,1122884,1122884,10240,90,"ullm_paged_decode_attn_f32_kernel",256,1024,0,32,0,128,"Wavefronts",320.000000,15250630782182,15250631556153
163202,163202,"Agent 2",1,1122884,1122884,10240,90,"ullm_paged_decode_attn_f32_kernel",256,1024,0,32,0,128,"FETCH_SIZE",0.00000000e+00,15250635375686,15250636150137
163202,163202,"Agent 2",1,1122884,1122884,10240,90,"ullm_paged_decode_attn_f32_kernel",256,1024,0,32,0,128,"VALUInsts",0.00000000e+00,15250635375686,15250636150137
163202,163202,"Agent 2",1,1122884,1122884,10240,90,"ullm_paged_decode_attn_f32_kernel",256,1024,0,32,0,128,"Wavefronts",320.000000,15250635375686,15250636150137
163236,163236,"Agent 2",1,1122884,1122884,10240,90,"ullm_paged_decode_attn_f32_kernel",256,1024,0,32,0,128,"FETCH_SIZE",0.00000000e+00,15250639926910,15250640700480
163236,163236,"Agent 2",1,1122884,1122884,10240,90,"ullm_paged_decode_attn_f32_kernel",256,1024,0,32,0,128,"VALUInsts",0.00000000e+00,15250639926910,15250640700480
163236,163236,"Agent 2",1,1122884,1122884,10240,90,"ullm_paged_decode_attn_f32_kernel",256,1024,0,32,0,128,"Wavefronts",320.000000,15250639926910,15250640700480
163270,163270,"Agent 2",1,1122884,1122884,10240,90,"ullm_paged_decode_attn_f32_kernel",256,1024,0,32,0,128,"FETCH_SIZE",0.00000000e+00,15250644742017,15250645517548
163270,163270,"Agent 2",1,1122884,1122884,10240,90,"ullm_paged_decode_attn_f32_kernel",256,1024,0,32,0,128,"VALUInsts",0.00000000e+00,15250644742017,15250645517548
163270,163270,"Agent 2",1,1122884,1122884,10240,90,"ullm_paged_decode_attn_f32_kernel",256,1024,0,32,0,128,"Wavefronts",320.000000,15250644742017,15250645517548
163304,163304,"Agent 2",1,1122884,1122884,10240,90,"ullm_paged_decode_attn_f32_kernel",256,1024,0,32,0,128,"FETCH_SIZE",0.00000000e+00,15250649990130,15250650761261
163304,163304,"Agent 2",1,1122884,1122884,10240,90,"ullm_paged_decode_attn_f32_kernel",256,1024,0,32,0,128,"VALUInsts",0.00000000e+00,15250649990130,15250650761261
163304,163304,"Agent 2",1,1122884,1122884,10240,90,"ullm_paged_decode_attn_f32_kernel",256,1024,0,32,0,128,"Wavefronts",320.000000,15250649990130,15250650761261
163338,163338,"Agent 2",1,1122884,1122884,10240,90,"ullm_paged_decode_attn_f32_kernel",256,1024,0,32,0,128,"FETCH_SIZE",0.00000000e+00,15250655583568,15250656355859
163338,163338,"Agent 2",1,1122884,1122884,10240,90,"ullm_paged_decode_attn_f32_kernel",256,1024,0,32,0,128,"VALUInsts",0.00000000e+00,15250655583568,15250656355859
163338,163338,"Agent 2",1,1122884,1122884,10240,90,"ullm_paged_decode_attn_f32_kernel",256,1024,0,32,0,128,"Wavefronts",320.000000,15250655583568,15250656355859
163372,163372,"Agent 2",1,1122884,1122884,10240,90,"ullm_paged_decode_attn_f32_kernel",256,1024,0,32,0,128,"FETCH_SIZE",0.00000000e+00,15250661656333,15250662426823
163372,163372,"Agent 2",1,1122884,1122884,10240,90,"ullm_paged_decode_attn_f32_kernel",256,1024,0,32,0,128,"VALUInsts",0.00000000e+00,15250661656333,15250662426823
163372,163372,"Agent 2",1,1122884,1122884,10240,90,"ullm_paged_decode_attn_f32_kernel",256,1024,0,32,0,128,"Wavefronts",320.000000,15250661656333,15250662426823
163406,163406,"Agent 2",1,1122884,1122884,10240,90,"ullm_paged_decode_attn_f32_kernel",256,1024,0,32,0,128,"FETCH_SIZE",0.00000000e+00,15250667632256,15250668404347
163406,163406,"Agent 2",1,1122884,1122884,10240,90,"ullm_paged_decode_attn_f32_kernel",256,1024,0,32,0,128,"VALUInsts",0.00000000e+00,15250667632256,15250668404347
163406,163406,"Agent 2",1,1122884,1122884,10240,90,"ullm_paged_decode_attn_f32_kernel",256,1024,0,32,0,128,"Wavefronts",320.000000,15250667632256,15250668404347
163440,163440,"Agent 2",1,1122884,1122884,10240,90,"ullm_paged_decode_attn_f32_kernel",256,1024,0,32,0,128,"FETCH_SIZE",0.00000000e+00,15250673932428,15250674706319
163440,163440,"Agent 2",1,1122884,1122884,10240,90,"ullm_paged_decode_attn_f32_kernel",256,1024,0,32,0,128,"VALUInsts",0.00000000e+00,15250673932428,15250674706319
163440,163440,"Agent 2",1,1122884,1122884,10240,90,"ullm_paged_decode_attn_f32_kernel",256,1024,0,32,0,128,"Wavefronts",320.000000,15250673932428,15250674706319
163474,163474,"Agent 2",1,1122884,1122884,10240,90,"ullm_paged_decode_attn_f32_kernel",256,1024,0,32,0,128,"FETCH_SIZE",0.00000000e+00,15250679810749,15250680583120
163474,163474,"Agent 2",1,1122884,1122884,10240,90,"ullm_paged_decode_attn_f32_kernel",256,1024,0,32,0,128,"VALUInsts",0.00000000e+00,15250679810749,15250680583120
163474,163474,"Agent 2",1,1122884,1122884,10240,90,"ullm_paged_decode_attn_f32_kernel",256,1024,0,32,0,128,"Wavefronts",320.000000,15250679810749,15250680583120
163508,163508,"Agent 2",1,1122884,1122884,10240,90,"ullm_paged_decode_attn_f32_kernel",256,1024,0,32,0,128,"FETCH_SIZE",0.00000000e+00,15250685763552,15250686535363
163508,163508,"Agent 2",1,1122884,1122884,10240,90,"ullm_paged_decode_attn_f32_kernel",256,1024,0,32,0,128,"VALUInsts",0.00000000e+00,15250685763552,15250686535363
163508,163508,"Agent 2",1,1122884,1122884,10240,90,"ullm_paged_decode_attn_f32_kernel",256,1024,0,32,0,128,"Wavefronts",320.000000,15250685763552,15250686535363
163542,163542,"Agent 2",1,1122884,1122884,10240,90,"ullm_paged_decode_attn_f32_kernel",256,1024,0,32,0,128,"FETCH_SIZE",0.00000000e+00,15250691151627,15250691926038
163542,163542,"Agent 2",1,1122884,1122884,10240,90,"ullm_paged_decode_attn_f32_kernel",256,1024,0,32,0,128,"VALUInsts",0.00000000e+00,15250691151627,15250691926038
163542,163542,"Agent 2",1,1122884,1122884,10240,90,"ullm_paged_decode_attn_f32_kernel",256,1024,0,32,0,128,"Wavefronts",320.000000,15250691151627,15250691926038
163576,163576,"Agent 2",1,1122884,1122884,10240,90,"ullm_paged_decode_attn_f32_kernel",256,1024,0,32,0,128,"FETCH_SIZE",0.00000000e+00,15250696731465,15250697502876
163576,163576,"Agent 2",1,1122884,1122884,10240,90,"ullm_paged_decode_attn_f32_kernel",256,1024,0,32,0,128,"VALUInsts",0.00000000e+00,15250696731465,15250697502876
163576,163576,"Agent 2",1,1122884,1122884,10240,90,"ullm_paged_decode_attn_f32_kernel",256,1024,0,32,0,128,"Wavefronts",320.000000,15250696731465,15250697502876
163610,163610,"Agent 2",1,1122884,1122884,10240,90,"ullm_paged_decode_attn_f32_kernel",256,1024,0,32,0,128,"FETCH_SIZE",0.00000000e+00,15250702313263,15250703086074
163610,163610,"Agent 2",1,1122884,1122884,10240,90,"ullm_paged_decode_attn_f32_kernel",256,1024,0,32,0,128,"VALUInsts",0.00000000e+00,15250702313263,15250703086074
163610,163610,"Agent 2",1,1122884,1122884,10240,90,"ullm_paged_decode_attn_f32_kernel",256,1024,0,32,0,128,"Wavefronts",320.000000,15250702313263,15250703086074
163644,163644,"Agent 2",1,1122884,1122884,10240,90,"ullm_paged_decode_attn_f32_kernel",256,1024,0,32,0,128,"FETCH_SIZE",0.00000000e+00,15250707420134,15250708191425
163644,163644,"Agent 2",1,1122884,1122884,10240,90,"ullm_paged_decode_attn_f32_kernel",256,1024,0,32,0,128,"VALUInsts",0.00000000e+00,15250707420134,15250708191425
163644,163644,"Agent 2",1,1122884,1122884,10240,90,"ullm_paged_decode_attn_f32_kernel",256,1024,0,32,0,128,"Wavefronts",320.000000,15250707420134,15250708191425
163678,163678,"Agent 2",1,1122884,1122884,10240,90,"ullm_paged_decode_attn_f32_kernel",256,1024,0,32,0,128,"FETCH_SIZE",0.00000000e+00,15250713052893,15250713824223
163678,163678,"Agent 2",1,1122884,1122884,10240,90,"ullm_paged_decode_attn_f32_kernel",256,1024,0,32,0,128,"VALUInsts",0.00000000e+00,15250713052893,15250713824223
163678,163678,"Agent 2",1,1122884,1122884,10240,90,"ullm_paged_decode_attn_f32_kernel",256,1024,0,32,0,128,"Wavefronts",320.000000,15250713052893,15250713824223
163712,163712,"Agent 2",1,1122884,1122884,10240,90,"ullm_paged_decode_attn_f32_kernel",256,1024,0,32,0,128,"FETCH_SIZE",0.00000000e+00,15250718651811,15250719425301
163712,163712,"Agent 2",1,1122884,1122884,10240,90,"ullm_paged_decode_attn_f32_kernel",256,1024,0,32,0,128,"VALUInsts",0.00000000e+00,15250718651811,15250719425301
163712,163712,"Agent 2",1,1122884,1122884,10240,90,"ullm_paged_decode_attn_f32_kernel",256,1024,0,32,0,128,"Wavefronts",320.000000,15250718651811,15250719425301
163746,163746,"Agent 2",1,1122884,1122884,10240,90,"ullm_paged_decode_attn_f32_kernel",256,1024,0,32,0,128,"FETCH_SIZE",0.00000000e+00,15250723980405,15250724754736
163746,163746,"Agent 2",1,1122884,1122884,10240,90,"ullm_paged_decode_attn_f32_kernel",256,1024,0,32,0,128,"VALUInsts",0.00000000e+00,15250723980405,15250724754736
163746,163746,"Agent 2",1,1122884,1122884,10240,90,"ullm_paged_decode_attn_f32_kernel",256,1024,0,32,0,128,"Wavefronts",320.000000,15250723980405,15250724754736
163780,163780,"Agent 2",1,1122884,1122884,10240,90,"ullm_paged_decode_attn_f32_kernel",256,1024,0,32,0,128,"FETCH_SIZE",0.00000000e+00,15250728938074,15250729708125
163780,163780,"Agent 2",1,1122884,1122884,10240,90,"ullm_paged_decode_attn_f32_kernel",256,1024,0,32,0,128,"VALUInsts",0.00000000e+00,15250728938074,15250729708125
163780,163780,"Agent 2",1,1122884,1122884,10240,90,"ullm_paged_decode_attn_f32_kernel",256,1024,0,32,0,128,"Wavefronts",320.000000,15250728938074,15250729708125
163814,163814,"Agent 2",1,1122884,1122884,10240,90,"ullm_paged_decode_attn_f32_kernel",256,1024,0,32,0,128,"FETCH_SIZE",0.00000000e+00,15250733229614,15250734004065
163814,163814,"Agent 2",1,1122884,1122884,10240,90,"ullm_paged_decode_attn_f32_kernel",256,1024,0,32,0,128,"VALUInsts",0.00000000e+00,15250733229614,15250734004065
163814,163814,"Agent 2",1,1122884,1122884,10240,90,"ullm_paged_decode_attn_f32_kernel",256,1024,0,32,0,128,"Wavefronts",320.000000,15250733229614,15250734004065
163848,163848,"Agent 2",1,1122884,1122884,10240,90,"ullm_paged_decode_attn_f32_kernel",256,1024,0,32,0,128,"FETCH_SIZE",0.00000000e+00,15250736802248,15250737572779
163848,163848,"Agent 2",1,1122884,1122884,10240,90,"ullm_paged_decode_attn_f32_kernel",256,1024,0,32,0,128,"VALUInsts",0.00000000e+00,15250736802248,15250737572779
163848,163848,"Agent 2",1,1122884,1122884,10240,90,"ullm_paged_decode_attn_f32_kernel",256,1024,0,32,0,128,"Wavefronts",320.000000,15250736802248,15250737572779
163882,163882,"Agent 2",1,1122884,1122884,10240,90,"ullm_paged_decode_attn_f32_kernel",256,1024,0,32,0,128,"FETCH_SIZE",0.00000000e+00,15250739852289,15250740621940
163882,163882,"Agent 2",1,1122884,1122884,10240,90,"ullm_paged_decode_attn_f32_kernel",256,1024,0,32,0,128,"VALUInsts",0.00000000e+00,15250739852289,15250740621940
163882,163882,"Agent 2",1,1122884,1122884,10240,90,"ullm_paged_decode_attn_f32_kernel",256,1024,0,32,0,128,"Wavefronts",320.000000,15250739852289,15250740621940
163916,163916,"Agent 2",1,1122884,1122884,10240,90,"ullm_paged_decode_attn_f32_kernel",256,1024,0,32,0,128,"FETCH_SIZE",0.00000000e+00,15250742393565,15250743163336
163916,163916,"Agent 2",1,1122884,1122884,10240,90,"ullm_paged_decode_attn_f32_kernel",256,1024,0,32,0,128,"VALUInsts",0.00000000e+00,15250742393565,15250743163336
163916,163916,"Agent 2",1,1122884,1122884,10240,90,"ullm_paged_decode_attn_f32_kernel",256,1024,0,32,0,128,"Wavefronts",320.000000,15250742393565,15250743163336
163954,163954,"Agent 2",1,1122884,1122884,10240,90,"ullm_paged_decode_attn_f32_kernel",256,1024,0,32,0,128,"FETCH_SIZE",0.00000000e+00,15250750949614,15250751718905
163954,163954,"Agent 2",1,1122884,1122884,10240,90,"ullm_paged_decode_attn_f32_kernel",256,1024,0,32,0,128,"VALUInsts",0.00000000e+00,15250750949614,15250751718905
163954,163954,"Agent 2",1,1122884,1122884,10240,90,"ullm_paged_decode_attn_f32_kernel",256,1024,0,32,0,128,"Wavefronts",320.000000,15250750949614,15250751718905
163988,163988,"Agent 2",1,1122884,1122884,10240,90,"ullm_paged_decode_attn_f32_kernel",256,1024,0,32,0,128,"FETCH_SIZE",0.00000000e+00,15250753438009,15250754209700
163988,163988,"Agent 2",1,1122884,1122884,10240,90,"ullm_paged_decode_attn_f32_kernel",256,1024,0,32,0,128,"VALUInsts",0.00000000e+00,15250753438009,15250754209700
163988,163988,"Agent 2",1,1122884,1122884,10240,90,"ullm_paged_decode_attn_f32_kernel",256,1024,0,32,0,128,"Wavefronts",320.000000,15250753438009,15250754209700
164022,164022,"Agent 2",1,1122884,1122884,10240,90,"ullm_paged_decode_attn_f32_kernel",256,1024,0,32,0,128,"FETCH_SIZE",0.00000000e+00,15250755909723,15250756685374
164022,164022,"Agent 2",1,1122884,1122884,10240,90,"ullm_paged_decode_attn_f32_kernel",256,1024,0,32,0,128,"VALUInsts",0.00000000e+00,15250755909723,15250756685374
164022,164022,"Agent 2",1,1122884,1122884,10240,90,"ullm_paged_decode_attn_f32_kernel",256,1024,0,32,0,128,"Wavefronts",320.000000,15250755909723,15250756685374
164056,164056,"Agent 2",1,1122884,1122884,10240,90,"ullm_paged_decode_attn_f32_kernel",256,1024,0,32,0,128,"FETCH_SIZE",0.00000000e+00,15250758423838,15250759197689
164056,164056,"Agent 2",1,1122884,1122884,10240,90,"ullm_paged_decode_attn_f32_kernel",256,1024,0,32,0,128,"VALUInsts",0.00000000e+00,15250758423838,15250759197689
164056,164056,"Agent 2",1,1122884,1122884,10240,90,"ullm_paged_decode_attn_f32_kernel",256,1024,0,32,0,128,"Wavefronts",320.000000,15250758423838,15250759197689
164090,164090,"Agent 2",1,1122884,1122884,10240,90,"ullm_paged_decode_attn_f32_kernel",256,1024,0,32,0,128,"FETCH_SIZE",0.00000000e+00,15250760899593,15250761672724
164090,164090,"Agent 2",1,1122884,1122884,10240,90,"ullm_paged_decode_attn_f32_kernel",256,1024,0,32,0,128,"VALUInsts",0.00000000e+00,15250760899593,15250761672724
164090,164090,"Agent 2",1,1122884,1122884,10240,90,"ullm_paged_decode_attn_f32_kernel",256,1024,0,32,0,128,"Wavefronts",320.000000,15250760899593,15250761672724
164124,164124,"Agent 2",1,1122884,1122884,10240,90,"ullm_paged_decode_attn_f32_kernel",256,1024,0,32,0,128,"FETCH_SIZE",0.00000000e+00,15250763404108,15250764175399
164124,164124,"Agent 2",1,1122884,1122884,10240,90,"ullm_paged_decode_attn_f32_kernel",256,1024,0,32,0,128,"VALUInsts",0.00000000e+00,15250763404108,15250764175399
164124,164124,"Agent 2",1,1122884,1122884,10240,90,"ullm_paged_decode_attn_f32_kernel",256,1024,0,32,0,128,"Wavefronts",320.000000,15250763404108,15250764175399
164158,164158,"Agent 2",1,1122884,1122884,10240,90,"ullm_paged_decode_attn_f32_kernel",256,1024,0,32,0,128,"FETCH_SIZE",0.00000000e+00,15250765872302,15250766648433
164158,164158,"Agent 2",1,1122884,1122884,10240,90,"ullm_paged_decode_attn_f32_kernel",256,1024,0,32,0,128,"VALUInsts",0.00000000e+00,15250765872302,15250766648433
164158,164158,"Agent 2",1,1122884,1122884,10240,90,"ullm_paged_decode_attn_f32_kernel",256,1024,0,32,0,128,"Wavefronts",320.000000,15250765872302,15250766648433
164192,164192,"Agent 2",1,1122884,1122884,10240,90,"ullm_paged_decode_attn_f32_kernel",256,1024,0,32,0,128,"FETCH_SIZE",0.00000000e+00,15250768388377,15250769165228
164192,164192,"Agent 2",1,1122884,1122884,10240,90,"ullm_paged_decode_attn_f32_kernel",256,1024,0,32,0,128,"VALUInsts",0.00000000e+00,15250768388377,15250769165228
164192,164192,"Agent 2",1,1122884,1122884,10240,90,"ullm_paged_decode_attn_f32_kernel",256,1024,0,32,0,128,"Wavefronts",320.000000,15250768388377,15250769165228
164226,164226,"Agent 2",1,1122884,1122884,10240,90,"ullm_paged_decode_attn_f32_kernel",256,1024,0,32,0,128,"FETCH_SIZE",0.00000000e+00,15250770936333,15250771708704
164226,164226,"Agent 2",1,1122884,1122884,10240,90,"ullm_paged_decode_attn_f32_kernel",256,1024,0,32,0,128,"VALUInsts",0.00000000e+00,15250770936333,15250771708704
164226,164226,"Agent 2",1,1122884,1122884,10240,90,"ullm_paged_decode_attn_f32_kernel",256,1024,0,32,0,128,"Wavefronts",320.000000,15250770936333,15250771708704
164260,164260,"Agent 2",1,1122884,1122884,10240,90,"ullm_paged_decode_attn_f32_kernel",256,1024,0,32,0,128,"FETCH_SIZE",0.00000000e+00,15250773492049,15250774262819
164260,164260,"Agent 2",1,1122884,1122884,10240,90,"ullm_paged_decode_attn_f32_kernel",256,1024,0,32,0,128,"VALUInsts",0.00000000e+00,15250773492049,15250774262819
164260,164260,"Agent 2",1,1122884,1122884,10240,90,"ullm_paged_decode_attn_f32_kernel",256,1024,0,32,0,128,"Wavefronts",320.000000,15250773492049,15250774262819
164294,164294,"Agent 2",1,1122884,1122884,10240,90,"ullm_paged_decode_attn_f32_kernel",256,1024,0,32,0,128,"FETCH_SIZE",0.00000000e+00,15250776160846,15250776939337
164294,164294,"Agent 2",1,1122884,1122884,10240,90,"ullm_paged_decode_attn_f32_kernel",256,1024,0,32,0,128,"VALUInsts",0.00000000e+00,15250776160846,15250776939337
164294,164294,"Agent 2",1,1122884,1122884,10240,90,"ullm_paged_decode_attn_f32_kernel",256,1024,0,32,0,128,"Wavefronts",320.000000,15250776160846,15250776939337
164328,164328,"Agent 2",1,1122884,1122884,10240,90,"ullm_paged_decode_attn_f32_kernel",256,1024,0,32,0,128,"FETCH_SIZE",0.00000000e+00,15250778867163,15250779639894
164328,164328,"Agent 2",1,1122884,1122884,10240,90,"ullm_paged_decode_attn_f32_kernel",256,1024,0,32,0,128,"VALUInsts",0.00000000e+00,15250778867163,15250779639894
164328,164328,"Agent 2",1,1122884,1122884,10240,90,"ullm_paged_decode_attn_f32_kernel",256,1024,0,32,0,128,"Wavefronts",320.000000,15250778867163,15250779639894
164362,164362,"Agent 2",1,1122884,1122884,10240,90,"ullm_paged_decode_attn_f32_kernel",256,1024,0,32,0,128,"FETCH_SIZE",0.00000000e+00,15250781714443,15250782486694
164362,164362,"Agent 2",1,1122884,1122884,10240,90,"ullm_paged_decode_attn_f32_kernel",256,1024,0,32,0,128,"VALUInsts",0.00000000e+00,15250781714443,15250782486694
164362,164362,"Agent 2",1,1122884,1122884,10240,90,"ullm_paged_decode_attn_f32_kernel",256,1024,0,32,0,128,"Wavefronts",320.000000,15250781714443,15250782486694
164396,164396,"Agent 2",1,1122884,1122884,10240,90,"ullm_paged_decode_attn_f32_kernel",256,1024,0,32,0,128,"FETCH_SIZE",0.00000000e+00,15250784666484,15250785437935
164396,164396,"Agent 2",1,1122884,1122884,10240,90,"ullm_paged_decode_attn_f32_kernel",256,1024,0,32,0,128,"VALUInsts",0.00000000e+00,15250784666484,15250785437935
164396,164396,"Agent 2",1,1122884,1122884,10240,90,"ullm_paged_decode_attn_f32_kernel",256,1024,0,32,0,128,"Wavefronts",320.000000,15250784666484,15250785437935
164430,164430,"Agent 2",1,1122884,1122884,10240,90,"ullm_paged_decode_attn_f32_kernel",256,1024,0,32,0,128,"FETCH_SIZE",0.00000000e+00,15250787907530,15250788678860
164430,164430,"Agent 2",1,1122884,1122884,10240,90,"ullm_paged_decode_attn_f32_kernel",256,1024,0,32,0,128,"VALUInsts",0.00000000e+00,15250787907530,15250788678860
164430,164430,"Agent 2",1,1122884,1122884,10240,90,"ullm_paged_decode_attn_f32_kernel",256,1024,0,32,0,128,"Wavefronts",320.000000,15250787907530,15250788678860
164464,164464,"Agent 2",1,1122884,1122884,10240,90,"ullm_paged_decode_attn_f32_kernel",256,1024,0,32,0,128,"FETCH_SIZE",0.00000000e+00,15250791401978,15250792178829
164464,164464,"Agent 2",1,1122884,1122884,10240,90,"ullm_paged_decode_attn_f32_kernel",256,1024,0,32,0,128,"VALUInsts",0.00000000e+00,15250791401978,15250792178829
164464,164464,"Agent 2",1,1122884,1122884,10240,90,"ullm_paged_decode_attn_f32_kernel",256,1024,0,32,0,128,"Wavefronts",320.000000,15250791401978,15250792178829
164498,164498,"Agent 2",1,1122884,1122884,10240,90,"ullm_paged_decode_attn_f32_kernel",256,1024,0,32,0,128,"FETCH_SIZE",0.00000000e+00,15250795231952,15250796001882
164498,164498,"Agent 2",1,1122884,1122884,10240,90,"ullm_paged_decode_attn_f32_kernel",256,1024,0,32,0,128,"VALUInsts",0.00000000e+00,15250795231952,15250796001882
164498,164498,"Agent 2",1,1122884,1122884,10240,90,"ullm_paged_decode_attn_f32_kernel",256,1024,0,32,0,128,"Wavefronts",320.000000,15250795231952,15250796001882
164532,164532,"Agent 2",1,1122884,1122884,10240,90,"ullm_paged_decode_attn_f32_kernel",256,1024,0,32,0,128,"FETCH_SIZE",0.00000000e+00,15250799738940,15250800511870
164532,164532,"Agent 2",1,1122884,1122884,10240,90,"ullm_paged_decode_attn_f32_kernel",256,1024,0,32,0,128,"VALUInsts",0.00000000e+00,15250799738940,15250800511870
164532,164532,"Agent 2",1,1122884,1122884,10240,90,"ullm_paged_decode_attn_f32_kernel",256,1024,0,32,0,128,"Wavefronts",320.000000,15250799738940,15250800511870
164566,164566,"Agent 2",1,1122884,1122884,10240,90,"ullm_paged_decode_attn_f32_kernel",256,1024,0,32,0,128,"FETCH_SIZE",0.00000000e+00,15250804811889,15250805583620
164566,164566,"Agent 2",1,1122884,1122884,10240,90,"ullm_paged_decode_attn_f32_kernel",256,1024,0,32,0,128,"VALUInsts",0.00000000e+00,15250804811889,15250805583620
164566,164566,"Agent 2",1,1122884,1122884,10240,90,"ullm_paged_decode_attn_f32_kernel",256,1024,0,32,0,128,"Wavefronts",320.000000,15250804811889,15250805583620
164600,164600,"Agent 2",1,1122884,1122884,10240,90,"ullm_paged_decode_attn_f32_kernel",256,1024,0,32,0,128,"FETCH_SIZE",0.00000000e+00,15250809608156,15250810382727
164600,164600,"Agent 2",1,1122884,1122884,10240,90,"ullm_paged_decode_attn_f32_kernel",256,1024,0,32,0,128,"VALUInsts",0.00000000e+00,15250809608156,15250810382727
164600,164600,"Agent 2",1,1122884,1122884,10240,90,"ullm_paged_decode_attn_f32_kernel",256,1024,0,32,0,128,"Wavefronts",320.000000,15250809608156,15250810382727
164634,164634,"Agent 2",1,1122884,1122884,10240,90,"ullm_paged_decode_attn_f32_kernel",256,1024,0,32,0,128,"FETCH_SIZE",0.00000000e+00,15250814287822,15250815058712
164634,164634,"Agent 2",1,1122884,1122884,10240,90,"ullm_paged_decode_attn_f32_kernel",256,1024,0,32,0,128,"VALUInsts",0.00000000e+00,15250814287822,15250815058712
164634,164634,"Agent 2",1,1122884,1122884,10240,90,"ullm_paged_decode_attn_f32_kernel",256,1024,0,32,0,128,"Wavefronts",320.000000,15250814287822,15250815058712
164668,164668,"Agent 2",1,1122884,1122884,10240,90,"ullm_paged_decode_attn_f32_kernel",256,1024,0,32,0,128,"FETCH_SIZE",0.00000000e+00,15250819006967,15250819781938
164668,164668,"Agent 2",1,1122884,1122884,10240,90,"ullm_paged_decode_attn_f32_kernel",256,1024,0,32,0,128,"VALUInsts",0.00000000e+00,15250819006967,15250819781938
164668,164668,"Agent 2",1,1122884,1122884,10240,90,"ullm_paged_decode_attn_f32_kernel",256,1024,0,32,0,128,"Wavefronts",320.000000,15250819006967,15250819781938
164702,164702,"Agent 2",1,1122884,1122884,10240,90,"ullm_paged_decode_attn_f32_kernel",256,1024,0,32,0,128,"FETCH_SIZE",0.00000000e+00,15250824790448,15250825562819
164702,164702,"Agent 2",1,1122884,1122884,10240,90,"ullm_paged_decode_attn_f32_kernel",256,1024,0,32,0,128,"VALUInsts",0.00000000e+00,15250824790448,15250825562819
164702,164702,"Agent 2",1,1122884,1122884,10240,90,"ullm_paged_decode_attn_f32_kernel",256,1024,0,32,0,128,"Wavefronts",320.000000,15250824790448,15250825562819
164736,164736,"Agent 2",1,1122884,1122884,10240,90,"ullm_paged_decode_attn_f32_kernel",256,1024,0,32,0,128,"FETCH_SIZE",0.00000000e+00,15250830497888,15250831271498
164736,164736,"Agent 2",1,1122884,1122884,10240,90,"ullm_paged_decode_attn_f32_kernel",256,1024,0,32,0,128,"VALUInsts",0.00000000e+00,15250830497888,15250831271498
164736,164736,"Agent 2",1,1122884,1122884,10240,90,"ullm_paged_decode_attn_f32_kernel",256,1024,0,32,0,128,"Wavefronts",320.000000,15250830497888,15250831271498
164770,164770,"Agent 2",1,1122884,1122884,10240,90,"ullm_paged_decode_attn_f32_kernel",256,1024,0,32,0,128,"FETCH_SIZE",0.00000000e+00,15250836748975,15250837525306
164770,164770,"Agent 2",1,1122884,1122884,10240,90,"ullm_paged_decode_attn_f32_kernel",256,1024,0,32,0,128,"VALUInsts",0.00000000e+00,15250836748975,15250837525306
164770,164770,"Agent 2",1,1122884,1122884,10240,90,"ullm_paged_decode_attn_f32_kernel",256,1024,0,32,0,128,"Wavefronts",320.000000,15250836748975,15250837525306
164804,164804,"Agent 2",1,1122884,1122884,10240,90,"ullm_paged_decode_attn_f32_kernel",256,1024,0,32,0,128,"FETCH_SIZE",0.00000000e+00,15250843484629,15250844257319
164804,164804,"Agent 2",1,1122884,1122884,10240,90,"ullm_paged_decode_attn_f32_kernel",256,1024,0,32,0,128,"VALUInsts",0.00000000e+00,15250843484629,15250844257319
164804,164804,"Agent 2",1,1122884,1122884,10240,90,"ullm_paged_decode_attn_f32_kernel",256,1024,0,32,0,128,"Wavefronts",320.000000,15250843484629,15250844257319
164838,164838,"Agent 2",1,1122884,1122884,10240,90,"ullm_paged_decode_attn_f32_kernel",256,1024,0,32,0,128,"FETCH_SIZE",0.00000000e+00,15250850319164,15250851094695
164838,164838,"Agent 2",1,1122884,1122884,10240,90,"ullm_paged_decode_attn_f32_kernel",256,1024,0,32,0,128,"VALUInsts",0.00000000e+00,15250850319164,15250851094695
164838,164838,"Agent 2",1,1122884,1122884,10240,90,"ullm_paged_decode_attn_f32_kernel",256,1024,0,32,0,128,"Wavefronts",320.000000,15250850319164,15250851094695
164872,164872,"Agent 2",1,1122884,1122884,10240,90,"ullm_paged_decode_attn_f32_kernel",256,1024,0,32,0,128,"FETCH_SIZE",0.00000000e+00,15250856483530,15250857254941
164872,164872,"Agent 2",1,1122884,1122884,10240,90,"ullm_paged_decode_attn_f32_kernel",256,1024,0,32,0,128,"VALUInsts",0.00000000e+00,15250856483530,15250857254941
164872,164872,"Agent 2",1,1122884,1122884,10240,90,"ullm_paged_decode_attn_f32_kernel",256,1024,0,32,0,128,"Wavefronts",320.000000,15250856483530,15250857254941
164906,164906,"Agent 2",1,1122884,1122884,10240,90,"ullm_paged_decode_attn_f32_kernel",256,1024,0,32,0,128,"FETCH_SIZE",0.00000000e+00,15250862078448,15250862852299
164906,164906,"Agent 2",1,1122884,1122884,10240,90,"ullm_paged_decode_attn_f32_kernel",256,1024,0,32,0,128,"VALUInsts",0.00000000e+00,15250862078448,15250862852299
164906,164906,"Agent 2",1,1122884,1122884,10240,90,"ullm_paged_decode_attn_f32_kernel",256,1024,0,32,0,128,"Wavefronts",320.000000,15250862078448,15250862852299
164940,164940,"Agent 2",1,1122884,1122884,10240,90,"ullm_paged_decode_attn_f32_kernel",256,1024,0,32,0,128,"FETCH_SIZE",0.00000000e+00,15250867585478,15250868357449
164940,164940,"Agent 2",1,1122884,1122884,10240,90,"ullm_paged_decode_attn_f32_kernel",256,1024,0,32,0,128,"VALUInsts",0.00000000e+00,15250867585478,15250868357449
164940,164940,"Agent 2",1,1122884,1122884,10240,90,"ullm_paged_decode_attn_f32_kernel",256,1024,0,32,0,128,"Wavefronts",320.000000,15250867585478,15250868357449
164974,164974,"Agent 2",1,1122884,1122884,10240,90,"ullm_paged_decode_attn_f32_kernel",256,1024,0,32,0,128,"FETCH_SIZE",0.00000000e+00,15250873001514,15250873773164
164974,164974,"Agent 2",1,1122884,1122884,10240,90,"ullm_paged_decode_attn_f32_kernel",256,1024,0,32,0,128,"VALUInsts",0.00000000e+00,15250873001514,15250873773164
164974,164974,"Agent 2",1,1122884,1122884,10240,90,"ullm_paged_decode_attn_f32_kernel",256,1024,0,32,0,128,"Wavefronts",320.000000,15250873001514,15250873773164
165008,165008,"Agent 2",1,1122884,1122884,10240,90,"ullm_paged_decode_attn_f32_kernel",256,1024,0,32,0,128,"FETCH_SIZE",0.00000000e+00,15250878347308,15250879117039
165008,165008,"Agent 2",1,1122884,1122884,10240,90,"ullm_paged_decode_attn_f32_kernel",256,1024,0,32,0,128,"VALUInsts",0.00000000e+00,15250878347308,15250879117039
165008,165008,"Agent 2",1,1122884,1122884,10240,90,"ullm_paged_decode_attn_f32_kernel",256,1024,0,32,0,128,"Wavefronts",320.000000,15250878347308,15250879117039
165042,165042,"Agent 2",1,1122884,1122884,10240,90,"ullm_paged_decode_attn_f32_kernel",256,1024,0,32,0,128,"FETCH_SIZE",0.00000000e+00,15250883885625,15250884657556
165042,165042,"Agent 2",1,1122884,1122884,10240,90,"ullm_paged_decode_attn_f32_kernel",256,1024,0,32,0,128,"VALUInsts",0.00000000e+00,15250883885625,15250884657556
165042,165042,"Agent 2",1,1122884,1122884,10240,90,"ullm_paged_decode_attn_f32_kernel",256,1024,0,32,0,128,"Wavefronts",320.000000,15250883885625,15250884657556
165076,165076,"Agent 2",1,1122884,1122884,10240,90,"ullm_paged_decode_attn_f32_kernel",256,1024,0,32,0,128,"FETCH_SIZE",0.00000000e+00,15250889668306,15250890439917
165076,165076,"Agent 2",1,1122884,1122884,10240,90,"ullm_paged_decode_attn_f32_kernel",256,1024,0,32,0,128,"VALUInsts",0.00000000e+00,15250889668306,15250890439917
165076,165076,"Agent 2",1,1122884,1122884,10240,90,"ullm_paged_decode_attn_f32_kernel",256,1024,0,32,0,128,"Wavefronts",320.000000,15250889668306,15250890439917
165110,165110,"Agent 2",1,1122884,1122884,10240,90,"ullm_paged_decode_attn_f32_kernel",256,1024,0,32,0,128,"FETCH_SIZE",0.00000000e+00,15250895120902,15250895894273
165110,165110,"Agent 2",1,1122884,1122884,10240,90,"ullm_paged_decode_attn_f32_kernel",256,1024,0,32,0,128,"VALUInsts",0.00000000e+00,15250895120902,15250895894273
165110,165110,"Agent 2",1,1122884,1122884,10240,90,"ullm_paged_decode_attn_f32_kernel",256,1024,0,32,0,128,"Wavefronts",320.000000,15250895120902,15250895894273
165144,165144,"Agent 2",1,1122884,1122884,10240,90,"ullm_paged_decode_attn_f32_kernel",256,1024,0,32,0,128,"FETCH_SIZE",0.00000000e+00,15250900009090,15250900780701
165144,165144,"Agent 2",1,1122884,1122884,10240,90,"ullm_paged_decode_attn_f32_kernel",256,1024,0,32,0,128,"VALUInsts",0.00000000e+00,15250900009090,15250900780701
165144,165144,"Agent 2",1,1122884,1122884,10240,90,"ullm_paged_decode_attn_f32_kernel",256,1024,0,32,0,128,"Wavefronts",320.000000,15250900009090,15250900780701
165178,165178,"Agent 2",1,1122884,1122884,10240,90,"ullm_paged_decode_attn_f32_kernel",256,1024,0,32,0,128,"FETCH_SIZE",0.00000000e+00,15250904292390,15250905064321
165178,165178,"Agent 2",1,1122884,1122884,10240,90,"ullm_paged_decode_attn_f32_kernel",256,1024,0,32,0,128,"VALUInsts",0.00000000e+00,15250904292390,15250905064321
165178,165178,"Agent 2",1,1122884,1122884,10240,90,"ullm_paged_decode_attn_f32_kernel",256,1024,0,32,0,128,"Wavefronts",320.000000,15250904292390,15250905064321
165212,165212,"Agent 2",1,1122884,1122884,10240,90,"ullm_paged_decode_attn_f32_kernel",256,1024,0,32,0,128,"FETCH_SIZE",0.00000000e+00,15250907934201,15250908703531
165212,165212,"Agent 2",1,1122884,1122884,10240,90,"ullm_paged_decode_attn_f32_kernel",256,1024,0,32,0,128,"VALUInsts",0.00000000e+00,15250907934201,15250908703531
165212,165212,"Agent 2",1,1122884,1122884,10240,90,"ullm_paged_decode_attn_f32_kernel",256,1024,0,32,0,128,"Wavefronts",320.000000,15250907934201,15250908703531
165246,165246,"Agent 2",1,1122884,1122884,10240,90,"ullm_paged_decode_attn_f32_kernel",256,1024,0,32,0,128,"FETCH_SIZE",0.00000000e+00,15250910972643,15250911742654
165246,165246,"Agent 2",1,1122884,1122884,10240,90,"ullm_paged_decode_attn_f32_kernel",256,1024,0,32,0,128,"VALUInsts",0.00000000e+00,15250910972643,15250911742654
165246,165246,"Agent 2",1,1122884,1122884,10240,90,"ullm_paged_decode_attn_f32_kernel",256,1024,0,32,0,128,"Wavefronts",320.000000,15250910972643,15250911742654
165280,165280,"Agent 2",1,1122884,1122884,10240,90,"ullm_paged_decode_attn_f32_kernel",256,1024,0,32,0,128,"FETCH_SIZE",0.00000000e+00,15250913477318,15250914246489
165280,165280,"Agent 2",1,1122884,1122884,10240,90,"ullm_paged_decode_attn_f32_kernel",256,1024,0,32,0,128,"VALUInsts",0.00000000e+00,15250913477318,15250914246489
165280,165280,"Agent 2",1,1122884,1122884,10240,90,"ullm_paged_decode_attn_f32_kernel",256,1024,0,32,0,128,"Wavefronts",320.000000,15250913477318,15250914246489
165318,165318,"Agent 2",1,1122884,1122884,10240,90,"ullm_paged_decode_attn_f32_kernel",256,1024,0,32,0,128,"FETCH_SIZE",0.00000000e+00,15250921926646,15250922699377
165318,165318,"Agent 2",1,1122884,1122884,10240,90,"ullm_paged_decode_attn_f32_kernel",256,1024,0,32,0,128,"VALUInsts",0.00000000e+00,15250921926646,15250922699377
165318,165318,"Agent 2",1,1122884,1122884,10240,90,"ullm_paged_decode_attn_f32_kernel",256,1024,0,32,0,128,"Wavefronts",320.000000,15250921926646,15250922699377
165352,165352,"Agent 2",1,1122884,1122884,10240,90,"ullm_paged_decode_attn_f32_kernel",256,1024,0,32,0,128,"FETCH_SIZE",0.00000000e+00,15250924320039,15250925095690
165352,165352,"Agent 2",1,1122884,1122884,10240,90,"ullm_paged_decode_attn_f32_kernel",256,1024,0,32,0,128,"VALUInsts",0.00000000e+00,15250924320039,15250925095690
165352,165352,"Agent 2",1,1122884,1122884,10240,90,"ullm_paged_decode_attn_f32_kernel",256,1024,0,32,0,128,"Wavefronts",320.000000,15250924320039,15250925095690
165386,165386,"Agent 2",1,1122884,1122884,10240,90,"ullm_paged_decode_attn_f32_kernel",256,1024,0,32,0,128,"FETCH_SIZE",0.00000000e+00,15250926693155,15250927474925
165386,165386,"Agent 2",1,1122884,1122884,10240,90,"ullm_paged_decode_attn_f32_kernel",256,1024,0,32,0,128,"VALUInsts",0.00000000e+00,15250926693155,15250927474925
165386,165386,"Agent 2",1,1122884,1122884,10240,90,"ullm_paged_decode_attn_f32_kernel",256,1024,0,32,0,128,"Wavefronts",320.000000,15250926693155,15250927474925
165420,165420,"Agent 2",1,1122884,1122884,10240,90,"ullm_paged_decode_attn_f32_kernel",256,1024,0,32,0,128,"FETCH_SIZE",0.00000000e+00,15250929157949,15250929929600
165420,165420,"Agent 2",1,1122884,1122884,10240,90,"ullm_paged_decode_attn_f32_kernel",256,1024,0,32,0,128,"VALUInsts",0.00000000e+00,15250929157949,15250929929600
165420,165420,"Agent 2",1,1122884,1122884,10240,90,"ullm_paged_decode_attn_f32_kernel",256,1024,0,32,0,128,"Wavefronts",320.000000,15250929157949,15250929929600
165454,165454,"Agent 2",1,1122884,1122884,10240,90,"ullm_paged_decode_attn_f32_kernel",256,1024,0,32,0,128,"FETCH_SIZE",0.00000000e+00,15250931631983,15250932401874
165454,165454,"Agent 2",1,1122884,1122884,10240,90,"ullm_paged_decode_attn_f32_kernel",256,1024,0,32,0,128,"VALUInsts",0.00000000e+00,15250931631983,15250932401874
165454,165454,"Agent 2",1,1122884,1122884,10240,90,"ullm_paged_decode_attn_f32_kernel",256,1024,0,32,0,128,"Wavefronts",320.000000,15250931631983,15250932401874
165488,165488,"Agent 2",1,1122884,1122884,10240,90,"ullm_paged_decode_attn_f32_kernel",256,1024,0,32,0,128,"FETCH_SIZE",0.00000000e+00,15250934090138,15250934860868
165488,165488,"Agent 2",1,1122884,1122884,10240,90,"ullm_paged_decode_attn_f32_kernel",256,1024,0,32,0,128,"VALUInsts",0.00000000e+00,15250934090138,15250934860868
165488,165488,"Agent 2",1,1122884,1122884,10240,90,"ullm_paged_decode_attn_f32_kernel",256,1024,0,32,0,128,"Wavefronts",320.000000,15250934090138,15250934860868
165522,165522,"Agent 2",1,1122884,1122884,10240,90,"ullm_paged_decode_attn_f32_kernel",256,1024,0,32,0,128,"FETCH_SIZE",0.00000000e+00,15250936477291,15250937248142
165522,165522,"Agent 2",1,1122884,1122884,10240,90,"ullm_paged_decode_attn_f32_kernel",256,1024,0,32,0,128,"VALUInsts",0.00000000e+00,15250936477291,15250937248142
165522,165522,"Agent 2",1,1122884,1122884,10240,90,"ullm_paged_decode_attn_f32_kernel",256,1024,0,32,0,128,"Wavefronts",320.000000,15250936477291,15250937248142
165556,165556,"Agent 2",1,1122884,1122884,10240,90,"ullm_paged_decode_attn_f32_kernel",256,1024,0,32,0,128,"FETCH_SIZE",0.00000000e+00,15250938934565,15250939706136
165556,165556,"Agent 2",1,1122884,1122884,10240,90,"ullm_paged_decode_attn_f32_kernel",256,1024,0,32,0,128,"VALUInsts",0.00000000e+00,15250938934565,15250939706136
165556,165556,"Agent 2",1,1122884,1122884,10240,90,"ullm_paged_decode_attn_f32_kernel",256,1024,0,32,0,128,"Wavefronts",320.000000,15250938934565,15250939706136
165590,165590,"Agent 2",1,1122884,1122884,10240,90,"ullm_paged_decode_attn_f32_kernel",256,1024,0,32,0,128,"FETCH_SIZE",0.00000000e+00,15250941376599,15250942144330
165590,165590,"Agent 2",1,1122884,1122884,10240,90,"ullm_paged_decode_attn_f32_kernel",256,1024,0,32,0,128,"VALUInsts",0.00000000e+00,15250941376599,15250942144330
165590,165590,"Agent 2",1,1122884,1122884,10240,90,"ullm_paged_decode_attn_f32_kernel",256,1024,0,32,0,128,"Wavefronts",320.000000,15250941376599,15250942144330
165624,165624,"Agent 2",1,1122884,1122884,10240,90,"ullm_paged_decode_attn_f32_kernel",256,1024,0,32,0,128,"FETCH_SIZE",0.00000000e+00,15250943785713,15250944553204
165624,165624,"Agent 2",1,1122884,1122884,10240,90,"ullm_paged_decode_attn_f32_kernel",256,1024,0,32,0,128,"VALUInsts",0.00000000e+00,15250943785713,15250944553204
165624,165624,"Agent 2",1,1122884,1122884,10240,90,"ullm_paged_decode_attn_f32_kernel",256,1024,0,32,0,128,"Wavefronts",320.000000,15250943785713,15250944553204
165658,165658,"Agent 2",1,1122884,1122884,10240,90,"ullm_paged_decode_attn_f32_kernel",256,1024,0,32,0,128,"FETCH_SIZE",0.00000000e+00,15250946210627,15250946981197
165658,165658,"Agent 2",1,1122884,1122884,10240,90,"ullm_paged_decode_attn_f32_kernel",256,1024,0,32,0,128,"VALUInsts",0.00000000e+00,15250946210627,15250946981197
165658,165658,"Agent 2",1,1122884,1122884,10240,90,"ullm_paged_decode_attn_f32_kernel",256,1024,0,32,0,128,"Wavefronts",320.000000,15250946210627,15250946981197
165692,165692,"Agent 2",1,1122884,1122884,10240,90,"ullm_paged_decode_attn_f32_kernel",256,1024,0,32,0,128,"FETCH_SIZE",0.00000000e+00,15250948647741,15250949418031
165692,165692,"Agent 2",1,1122884,1122884,10240,90,"ullm_paged_decode_attn_f32_kernel",256,1024,0,32,0,128,"VALUInsts",0.00000000e+00,15250948647741,15250949418031
165692,165692,"Agent 2",1,1122884,1122884,10240,90,"ullm_paged_decode_attn_f32_kernel",256,1024,0,32,0,128,"Wavefronts",320.000000,15250948647741,15250949418031
165726,165726,"Agent 2",1,1122884,1122884,10240,90,"ullm_paged_decode_attn_f32_kernel",256,1024,0,32,0,128,"FETCH_SIZE",0.00000000e+00,15250951127775,15250951898986
165726,165726,"Agent 2",1,1122884,1122884,10240,90,"ullm_paged_decode_attn_f32_kernel",256,1024,0,32,0,128,"VALUInsts",0.00000000e+00,15250951127775,15250951898986
165726,165726,"Agent 2",1,1122884,1122884,10240,90,"ullm_paged_decode_attn_f32_kernel",256,1024,0,32,0,128,"Wavefronts",320.000000,15250951127775,15250951898986
165760,165760,"Agent 2",1,1122884,1122884,10240,90,"ullm_paged_decode_attn_f32_kernel",256,1024,0,32,0,128,"FETCH_SIZE",0.00000000e+00,15250953651090,15250954418981
165760,165760,"Agent 2",1,1122884,1122884,10240,90,"ullm_paged_decode_attn_f32_kernel",256,1024,0,32,0,128,"VALUInsts",0.00000000e+00,15250953651090,15250954418981
165760,165760,"Agent 2",1,1122884,1122884,10240,90,"ullm_paged_decode_attn_f32_kernel",256,1024,0,32,0,128,"Wavefronts",320.000000,15250953651090,15250954418981
165794,165794,"Agent 2",1,1122884,1122884,10240,90,"ullm_paged_decode_attn_f32_kernel",256,1024,0,32,0,128,"FETCH_SIZE",0.00000000e+00,15250956117325,15250956885456
165794,165794,"Agent 2",1,1122884,1122884,10240,90,"ullm_paged_decode_attn_f32_kernel",256,1024,0,32,0,128,"VALUInsts",0.00000000e+00,15250956117325,15250956885456
165794,165794,"Agent 2",1,1122884,1122884,10240,90,"ullm_paged_decode_attn_f32_kernel",256,1024,0,32,0,128,"Wavefronts",320.000000,15250956117325,15250956885456
165828,165828,"Agent 2",1,1122884,1122884,10240,90,"ullm_paged_decode_attn_f32_kernel",256,1024,0,32,0,128,"FETCH_SIZE",0.00000000e+00,15250958710681,15250959484652
165828,165828,"Agent 2",1,1122884,1122884,10240,90,"ullm_paged_decode_attn_f32_kernel",256,1024,0,32,0,128,"VALUInsts",0.00000000e+00,15250958710681,15250959484652
165828,165828,"Agent 2",1,1122884,1122884,10240,90,"ullm_paged_decode_attn_f32_kernel",256,1024,0,32,0,128,"Wavefronts",320.000000,15250958710681,15250959484652
165862,165862,"Agent 2",1,1122884,1122884,10240,90,"ullm_paged_decode_attn_f32_kernel",256,1024,0,32,0,128,"FETCH_SIZE",0.00000000e+00,15250961342798,15250962115128
165862,165862,"Agent 2",1,1122884,1122884,10240,90,"ullm_paged_decode_attn_f32_kernel",256,1024,0,32,0,128,"VALUInsts",0.00000000e+00,15250961342798,15250962115128
165862,165862,"Agent 2",1,1122884,1122884,10240,90,"ullm_paged_decode_attn_f32_kernel",256,1024,0,32,0,128,"Wavefronts",320.000000,15250961342798,15250962115128
165896,165896,"Agent 2",1,1122884,1122884,10240,90,"ullm_paged_decode_attn_f32_kernel",256,1024,0,32,0,128,"FETCH_SIZE",0.00000000e+00,15250964065596,15250964833006
165896,165896,"Agent 2",1,1122884,1122884,10240,90,"ullm_paged_decode_attn_f32_kernel",256,1024,0,32,0,128,"VALUInsts",0.00000000e+00,15250964065596,15250964833006
165896,165896,"Agent 2",1,1122884,1122884,10240,90,"ullm_paged_decode_attn_f32_kernel",256,1024,0,32,0,128,"Wavefronts",320.000000,15250964065596,15250964833006
165930,165930,"Agent 2",1,1122884,1122884,10240,90,"ullm_paged_decode_attn_f32_kernel",256,1024,0,32,0,128,"FETCH_SIZE",0.00000000e+00,15250966847434,15250967615165
165930,165930,"Agent 2",1,1122884,1122884,10240,90,"ullm_paged_decode_attn_f32_kernel",256,1024,0,32,0,128,"VALUInsts",0.00000000e+00,15250966847434,15250967615165
165930,165930,"Agent 2",1,1122884,1122884,10240,90,"ullm_paged_decode_attn_f32_kernel",256,1024,0,32,0,128,"Wavefronts",320.000000,15250966847434,15250967615165
165964,165964,"Agent 2",1,1122884,1122884,10240,90,"ullm_paged_decode_attn_f32_kernel",256,1024,0,32,0,128,"FETCH_SIZE",0.00000000e+00,15250969836156,15250970606527
165964,165964,"Agent 2",1,1122884,1122884,10240,90,"ullm_paged_decode_attn_f32_kernel",256,1024,0,32,0,128,"VALUInsts",0.00000000e+00,15250969836156,15250970606527
165964,165964,"Agent 2",1,1122884,1122884,10240,90,"ullm_paged_decode_attn_f32_kernel",256,1024,0,32,0,128,"Wavefronts",320.000000,15250969836156,15250970606527
165998,165998,"Agent 2",1,1122884,1122884,10240,90,"ullm_paged_decode_attn_f32_kernel",256,1024,0,32,0,128,"FETCH_SIZE",0.00000000e+00,15250972979880,15250973747891
165998,165998,"Agent 2",1,1122884,1122884,10240,90,"ullm_paged_decode_attn_f32_kernel",256,1024,0,32,0,128,"VALUInsts",0.00000000e+00,15250972979880,15250973747891
165998,165998,"Agent 2",1,1122884,1122884,10240,90,"ullm_paged_decode_attn_f32_kernel",256,1024,0,32,0,128,"Wavefronts",320.000000,15250972979880,15250973747891
166032,166032,"Agent 2",1,1122884,1122884,10240,90,"ullm_paged_decode_attn_f32_kernel",256,1024,0,32,0,128,"FETCH_SIZE",0.00000000e+00,15250976310166,15250977085337
166032,166032,"Agent 2",1,1122884,1122884,10240,90,"ullm_paged_decode_attn_f32_kernel",256,1024,0,32,0,128,"VALUInsts",0.00000000e+00,15250976310166,15250977085337
166032,166032,"Agent 2",1,1122884,1122884,10240,90,"ullm_paged_decode_attn_f32_kernel",256,1024,0,32,0,128,"Wavefronts",320.000000,15250976310166,15250977085337
166066,166066,"Agent 2",1,1122884,1122884,10240,90,"ullm_paged_decode_attn_f32_kernel",256,1024,0,32,0,128,"FETCH_SIZE",0.00000000e+00,15250979890536,15250980661707
166066,166066,"Agent 2",1,1122884,1122884,10240,90,"ullm_paged_decode_attn_f32_kernel",256,1024,0,32,0,128,"VALUInsts",0.00000000e+00,15250979890536,15250980661707
166066,166066,"Agent 2",1,1122884,1122884,10240,90,"ullm_paged_decode_attn_f32_kernel",256,1024,0,32,0,128,"Wavefronts",320.000000,15250979890536,15250980661707
166100,166100,"Agent 2",1,1122884,1122884,10240,90,"ullm_paged_decode_attn_f32_kernel",256,1024,0,32,0,128,"FETCH_SIZE",0.00000000e+00,15250983771031,15250984540081
166100,166100,"Agent 2",1,1122884,1122884,10240,90,"ullm_paged_decode_attn_f32_kernel",256,1024,0,32,0,128,"VALUInsts",0.00000000e+00,15250983771031,15250984540081
166100,166100,"Agent 2",1,1122884,1122884,10240,90,"ullm_paged_decode_attn_f32_kernel",256,1024,0,32,0,128,"Wavefronts",320.000000,15250983771031,15250984540081
166134,166134,"Agent 2",1,1122884,1122884,10240,90,"ullm_paged_decode_attn_f32_kernel",256,1024,0,32,0,128,"FETCH_SIZE",0.00000000e+00,15250988347942,15250989121472
166134,166134,"Agent 2",1,1122884,1122884,10240,90,"ullm_paged_decode_attn_f32_kernel",256,1024,0,32,0,128,"VALUInsts",0.00000000e+00,15250988347942,15250989121472
166134,166134,"Agent 2",1,1122884,1122884,10240,90,"ullm_paged_decode_attn_f32_kernel",256,1024,0,32,0,128,"Wavefronts",320.000000,15250988347942,15250989121472
166168,166168,"Agent 2",1,1122884,1122884,10240,90,"ullm_paged_decode_attn_f32_kernel",256,1024,0,32,0,128,"FETCH_SIZE",0.00000000e+00,15250993435172,15250994203662
166168,166168,"Agent 2",1,1122884,1122884,10240,90,"ullm_paged_decode_attn_f32_kernel",256,1024,0,32,0,128,"VALUInsts",0.00000000e+00,15250993435172,15250994203662
166168,166168,"Agent 2",1,1122884,1122884,10240,90,"ullm_paged_decode_attn_f32_kernel",256,1024,0,32,0,128,"Wavefronts",320.000000,15250993435172,15250994203662
166202,166202,"Agent 2",1,1122884,1122884,10240,90,"ullm_paged_decode_attn_f32_kernel",256,1024,0,32,0,128,"FETCH_SIZE",0.00000000e+00,15250998794406,15250999567177
166202,166202,"Agent 2",1,1122884,1122884,10240,90,"ullm_paged_decode_attn_f32_kernel",256,1024,0,32,0,128,"VALUInsts",0.00000000e+00,15250998794406,15250999567177
166202,166202,"Agent 2",1,1122884,1122884,10240,90,"ullm_paged_decode_attn_f32_kernel",256,1024,0,32,0,128,"Wavefronts",320.000000,15250998794406,15250999567177
166236,166236,"Agent 2",1,1122884,1122884,10240,90,"ullm_paged_decode_attn_f32_kernel",256,1024,0,32,0,128,"FETCH_SIZE",0.00000000e+00,15251003505352,15251004274923
166236,166236,"Agent 2",1,1122884,1122884,10240,90,"ullm_paged_decode_attn_f32_kernel",256,1024,0,32,0,128,"VALUInsts",0.00000000e+00,15251003505352,15251004274923
166236,166236,"Agent 2",1,1122884,1122884,10240,90,"ullm_paged_decode_attn_f32_kernel",256,1024,0,32,0,128,"Wavefronts",320.000000,15251003505352,15251004274923
166270,166270,"Agent 2",1,1122884,1122884,10240,90,"ullm_paged_decode_attn_f32_kernel",256,1024,0,32,0,128,"FETCH_SIZE",0.00000000e+00,15251008097696,15251008869627
166270,166270,"Agent 2",1,1122884,1122884,10240,90,"ullm_paged_decode_attn_f32_kernel",256,1024,0,32,0,128,"VALUInsts",0.00000000e+00,15251008097696,15251008869627
166270,166270,"Agent 2",1,1122884,1122884,10240,90,"ullm_paged_decode_attn_f32_kernel",256,1024,0,32,0,128,"Wavefronts",320.000000,15251008097696,15251008869627
166304,166304,"Agent 2",1,1122884,1122884,10240,90,"ullm_paged_decode_attn_f32_kernel",256,1024,0,32,0,128,"FETCH_SIZE",0.00000000e+00,15251015442358,15251016216569
166304,166304,"Agent 2",1,1122884,1122884,10240,90,"ullm_paged_decode_attn_f32_kernel",256,1024,0,32,0,128,"VALUInsts",0.00000000e+00,15251015442358,15251016216569
166304,166304,"Agent 2",1,1122884,1122884,10240,90,"ullm_paged_decode_attn_f32_kernel",256,1024,0,32,0,128,"Wavefronts",320.000000,15251015442358,15251016216569
166338,166338,"Agent 2",1,1122884,1122884,10240,90,"ullm_paged_decode_attn_f32_kernel",256,1024,0,32,0,128,"FETCH_SIZE",0.00000000e+00,15251021388521,15251022158252
166338,166338,"Agent 2",1,1122884,1122884,10240,90,"ullm_paged_decode_attn_f32_kernel",256,1024,0,32,0,128,"VALUInsts",0.00000000e+00,15251021388521,15251022158252
166338,166338,"Agent 2",1,1122884,1122884,10240,90,"ullm_paged_decode_attn_f32_kernel",256,1024,0,32,0,128,"Wavefronts",320.000000,15251021388521,15251022158252
166372,166372,"Agent 2",1,1122884,1122884,10240,90,"ullm_paged_decode_attn_f32_kernel",256,1024,0,32,0,128,"FETCH_SIZE",0.00000000e+00,15251026674115,15251027453126
166372,166372,"Agent 2",1,1122884,1122884,10240,90,"ullm_paged_decode_attn_f32_kernel",256,1024,0,32,0,128,"VALUInsts",0.00000000e+00,15251026674115,15251027453126
166372,166372,"Agent 2",1,1122884,1122884,10240,90,"ullm_paged_decode_attn_f32_kernel",256,1024,0,32,0,128,"Wavefronts",320.000000,15251026674115,15251027453126
166406,166406,"Agent 2",1,1122884,1122884,10240,90,"ullm_paged_decode_attn_f32_kernel",256,1024,0,32,0,128,"FETCH_SIZE",0.00000000e+00,15251031956589,15251032727360
166406,166406,"Agent 2",1,1122884,1122884,10240,90,"ullm_paged_decode_attn_f32_kernel",256,1024,0,32,0,128,"VALUInsts",0.00000000e+00,15251031956589,15251032727360
166406,166406,"Agent 2",1,1122884,1122884,10240,90,"ullm_paged_decode_attn_f32_kernel",256,1024,0,32,0,128,"Wavefronts",320.000000,15251031956589,15251032727360
166440,166440,"Agent 2",1,1122884,1122884,10240,90,"ullm_paged_decode_attn_f32_kernel",256,1024,0,32,0,128,"FETCH_SIZE",0.00000000e+00,15251036729135,15251037502146
166440,166440,"Agent 2",1,1122884,1122884,10240,90,"ullm_paged_decode_attn_f32_kernel",256,1024,0,32,0,128,"VALUInsts",0.00000000e+00,15251036729135,15251037502146
166440,166440,"Agent 2",1,1122884,1122884,10240,90,"ullm_paged_decode_attn_f32_kernel",256,1024,0,32,0,128,"Wavefronts",320.000000,15251036729135,15251037502146
166474,166474,"Agent 2",1,1122884,1122884,10240,90,"ullm_paged_decode_attn_f32_kernel",256,1024,0,32,0,128,"FETCH_SIZE",0.00000000e+00,15251042200012,15251042969542
166474,166474,"Agent 2",1,1122884,1122884,10240,90,"ullm_paged_decode_attn_f32_kernel",256,1024,0,32,0,128,"VALUInsts",0.00000000e+00,15251042200012,15251042969542
166474,166474,"Agent 2",1,1122884,1122884,10240,90,"ullm_paged_decode_attn_f32_kernel",256,1024,0,32,0,128,"Wavefronts",320.000000,15251042200012,15251042969542
166508,166508,"Agent 2",1,1122884,1122884,10240,90,"ullm_paged_decode_attn_f32_kernel",256,1024,0,32,0,128,"FETCH_SIZE",0.00000000e+00,15251047692368,15251048461899
166508,166508,"Agent 2",1,1122884,1122884,10240,90,"ullm_paged_decode_attn_f32_kernel",256,1024,0,32,0,128,"VALUInsts",0.00000000e+00,15251047692368,15251048461899
166508,166508,"Agent 2",1,1122884,1122884,10240,90,"ullm_paged_decode_attn_f32_kernel",256,1024,0,32,0,128,"Wavefronts",320.000000,15251047692368,15251048461899
166542,166542,"Agent 2",1,1122884,1122884,10240,90,"ullm_paged_decode_attn_f32_kernel",256,1024,0,32,0,128,"FETCH_SIZE",0.00000000e+00,15251052705490,15251053473941
166542,166542,"Agent 2",1,1122884,1122884,10240,90,"ullm_paged_decode_attn_f32_kernel",256,1024,0,32,0,128,"VALUInsts",0.00000000e+00,15251052705490,15251053473941
166542,166542,"Agent 2",1,1122884,1122884,10240,90,"ullm_paged_decode_attn_f32_kernel",256,1024,0,32,0,128,"Wavefronts",320.000000,15251052705490,15251053473941
166576,166576,"Agent 2",1,1122884,1122884,10240,90,"ullm_paged_decode_attn_f32_kernel",256,1024,0,32,0,128,"FETCH_SIZE",0.00000000e+00,15251056857708,15251057630398
166576,166576,"Agent 2",1,1122884,1122884,10240,90,"ullm_paged_decode_attn_f32_kernel",256,1024,0,32,0,128,"VALUInsts",0.00000000e+00,15251056857708,15251057630398
166576,166576,"Agent 2",1,1122884,1122884,10240,90,"ullm_paged_decode_attn_f32_kernel",256,1024,0,32,0,128,"Wavefronts",320.000000,15251056857708,15251057630398
166610,166610,"Agent 2",1,1122884,1122884,10240,90,"ullm_paged_decode_attn_f32_kernel",256,1024,0,32,0,128,"FETCH_SIZE",0.00000000e+00,15251060225435,15251060995005
166610,166610,"Agent 2",1,1122884,1122884,10240,90,"ullm_paged_decode_attn_f32_kernel",256,1024,0,32,0,128,"VALUInsts",0.00000000e+00,15251060225435,15251060995005
166610,166610,"Agent 2",1,1122884,1122884,10240,90,"ullm_paged_decode_attn_f32_kernel",256,1024,0,32,0,128,"Wavefronts",320.000000,15251060225435,15251060995005
166644,166644,"Agent 2",1,1122884,1122884,10240,90,"ullm_paged_decode_attn_f32_kernel",256,1024,0,32,0,128,"FETCH_SIZE",0.00000000e+00,15251062911032,15251063678323
166644,166644,"Agent 2",1,1122884,1122884,10240,90,"ullm_paged_decode_attn_f32_kernel",256,1024,0,32,0,128,"VALUInsts",0.00000000e+00,15251062911032,15251063678323
166644,166644,"Agent 2",1,1122884,1122884,10240,90,"ullm_paged_decode_attn_f32_kernel",256,1024,0,32,0,128,"Wavefronts",320.000000,15251062911032,15251063678323
166665,166682,"Agent 2",1,1122884,1122884,10240,90,"ullm_paged_decode_attn_f32_kernel",256,1024,0,32,0,128,"FETCH_SIZE",0.00000000e+00,15251072180501,15251072948912
166665,166682,"Agent 2",1,1122884,1122884,10240,90,"ullm_paged_decode_attn_f32_kernel",256,1024,0,32,0,128,"VALUInsts",0.00000000e+00,15251072180501,15251072948912
166665,166682,"Agent 2",1,1122884,1122884,10240,90,"ullm_paged_decode_attn_f32_kernel",256,1024,0,32,0,128,"Wavefronts",320.000000,15251072180501,15251072948912
166665,166716,"Agent 2",1,1122884,1122884,10240,90,"ullm_paged_decode_attn_f32_kernel",256,1024,0,32,0,128,"FETCH_SIZE",0.00000000e+00,15251074703417,15251075475907
166665,166716,"Agent 2",1,1122884,1122884,10240,90,"ullm_paged_decode_attn_f32_kernel",256,1024,0,32,0,128,"VALUInsts",0.00000000e+00,15251074703417,15251075475907
166665,166716,"Agent 2",1,1122884,1122884,10240,90,"ullm_paged_decode_attn_f32_kernel",256,1024,0,32,0,128,"Wavefronts",320.000000,15251074703417,15251075475907
166665,166750,"Agent 2",1,1122884,1122884,10240,90,"ullm_paged_decode_attn_f32_kernel",256,1024,0,32,0,128,"FETCH_SIZE",0.00000000e+00,15251077240972,15251078010703
166665,166750,"Agent 2",1,1122884,1122884,10240,90,"ullm_paged_decode_attn_f32_kernel",256,1024,0,32,0,128,"VALUInsts",0.00000000e+00,15251077240972,15251078010703
166665,166750,"Agent 2",1,1122884,1122884,10240,90,"ullm_paged_decode_attn_f32_kernel",256,1024,0,32,0,128,"Wavefronts",320.000000,15251077240972,15251078010703
166665,166784,"Agent 2",1,1122884,1122884,10240,90,"ullm_paged_decode_attn_f32_kernel",256,1024,0,32,0,128,"FETCH_SIZE",0.00000000e+00,15251079755447,15251080522058
166665,166784,"Agent 2",1,1122884,1122884,10240,90,"ullm_paged_decode_attn_f32_kernel",256,1024,0,32,0,128,"VALUInsts",0.00000000e+00,15251079755447,15251080522058
166665,166784,"Agent 2",1,1122884,1122884,10240,90,"ullm_paged_decode_attn_f32_kernel",256,1024,0,32,0,128,"Wavefronts",320.000000,15251079755447,15251080522058
166665,166818,"Agent 2",1,1122884,1122884,10240,90,"ullm_paged_decode_attn_f32_kernel",256,1024,0,32,0,128,"FETCH_SIZE",0.00000000e+00,15251082302363,15251083071773
166665,166818,"Agent 2",1,1122884,1122884,10240,90,"ullm_paged_decode_attn_f32_kernel",256,1024,0,32,0,128,"VALUInsts",0.00000000e+00,15251082302363,15251083071773
166665,166818,"Agent 2",1,1122884,1122884,10240,90,"ullm_paged_decode_attn_f32_kernel",256,1024,0,32,0,128,"Wavefronts",320.000000,15251082302363,15251083071773
166665,166852,"Agent 2",1,1122884,1122884,10240,90,"ullm_paged_decode_attn_f32_kernel",256,1024,0,32,0,128,"FETCH_SIZE",0.00000000e+00,15251084834878,15251085605129
166665,166852,"Agent 2",1,1122884,1122884,10240,90,"ullm_paged_decode_attn_f32_kernel",256,1024,0,32,0,128,"VALUInsts",0.00000000e+00,15251084834878,15251085605129
166665,166852,"Agent 2",1,1122884,1122884,10240,90,"ullm_paged_decode_attn_f32_kernel",256,1024,0,32,0,128,"Wavefronts",320.000000,15251084834878,15251085605129
166665,166886,"Agent 2",1,1122884,1122884,10240,90,"ullm_paged_decode_attn_f32_kernel",256,1024,0,32,0,128,"FETCH_SIZE",0.00000000e+00,15251087378273,15251088147844
166665,166886,"Agent 2",1,1122884,1122884,10240,90,"ullm_paged_decode_attn_f32_kernel",256,1024,0,32,0,128,"VALUInsts",0.00000000e+00,15251087378273,15251088147844
166665,166886,"Agent 2",1,1122884,1122884,10240,90,"ullm_paged_decode_attn_f32_kernel",256,1024,0,32,0,128,"Wavefronts",320.000000,15251087378273,15251088147844
166665,166920,"Agent 2",1,1122884,1122884,10240,90,"ullm_paged_decode_attn_f32_kernel",256,1024,0,32,0,128,"FETCH_SIZE",0.00000000e+00,15251090008750,15251090774721
166665,166920,"Agent 2",1,1122884,1122884,10240,90,"ullm_paged_decode_attn_f32_kernel",256,1024,0,32,0,128,"VALUInsts",0.00000000e+00,15251090008750,15251090774721
166665,166920,"Agent 2",1,1122884,1122884,10240,90,"ullm_paged_decode_attn_f32_kernel",256,1024,0,32,0,128,"Wavefronts",320.000000,15251090008750,15251090774721
166665,166954,"Agent 2",1,1122884,1122884,10240,90,"ullm_paged_decode_attn_f32_kernel",256,1024,0,32,0,128,"FETCH_SIZE",0.00000000e+00,15251092602826,15251093374517
166665,166954,"Agent 2",1,1122884,1122884,10240,90,"ullm_paged_decode_attn_f32_kernel",256,1024,0,32,0,128,"VALUInsts",0.00000000e+00,15251092602826,15251093374517
166665,166954,"Agent 2",1,1122884,1122884,10240,90,"ullm_paged_decode_attn_f32_kernel",256,1024,0,32,0,128,"Wavefronts",320.000000,15251092602826,15251093374517
166665,166988,"Agent 2",1,1122884,1122884,10240,90,"ullm_paged_decode_attn_f32_kernel",256,1024,0,32,0,128,"FETCH_SIZE",0.00000000e+00,15251095266383,15251096035034
166665,166988,"Agent 2",1,1122884,1122884,10240,90,"ullm_paged_decode_attn_f32_kernel",256,1024,0,32,0,128,"VALUInsts",0.00000000e+00,15251095266383,15251096035034
166665,166988,"Agent 2",1,1122884,1122884,10240,90,"ullm_paged_decode_attn_f32_kernel",256,1024,0,32,0,128,"Wavefronts",320.000000,15251095266383,15251096035034
166665,167022,"Agent 2",1,1122884,1122884,10240,90,"ullm_paged_decode_attn_f32_kernel",256,1024,0,32,0,128,"FETCH_SIZE",0.00000000e+00,15251099596884,15251100364214
166665,167022,"Agent 2",1,1122884,1122884,10240,90,"ullm_paged_decode_attn_f32_kernel",256,1024,0,32,0,128,"VALUInsts",0.00000000e+00,15251099596884,15251100364214
166665,167022,"Agent 2",1,1122884,1122884,10240,90,"ullm_paged_decode_attn_f32_kernel",256,1024,0,32,0,128,"Wavefronts",320.000000,15251099596884,15251100364214
166665,167056,"Agent 2",1,1122884,1122884,10240,90,"ullm_paged_decode_attn_f32_kernel",256,1024,0,32,0,128,"FETCH_SIZE",0.00000000e+00,15251102855249,15251103628700
166665,167056,"Agent 2",1,1122884,1122884,10240,90,"ullm_paged_decode_attn_f32_kernel",256,1024,0,32,0,128,"VALUInsts",0.00000000e+00,15251102855249,15251103628700
166665,167056,"Agent 2",1,1122884,1122884,10240,90,"ullm_paged_decode_attn_f32_kernel",256,1024,0,32,0,128,"Wavefronts",320.000000,15251102855249,15251103628700
166665,167090,"Agent 2",1,1122884,1122884,10240,90,"ullm_paged_decode_attn_f32_kernel",256,1024,0,32,0,128,"FETCH_SIZE",0.00000000e+00,15251106453819,15251107222350
166665,167090,"Agent 2",1,1122884,1122884,10240,90,"ullm_paged_decode_attn_f32_kernel",256,1024,0,32,0,128,"VALUInsts",0.00000000e+00,15251106453819,15251107222350
166665,167090,"Agent 2",1,1122884,1122884,10240,90,"ullm_paged_decode_attn_f32_kernel",256,1024,0,32,0,128,"Wavefronts",320.000000,15251106453819,15251107222350
166665,167124,"Agent 2",1,1122884,1122884,10240,90,"ullm_paged_decode_attn_f32_kernel",256,1024,0,32,0,128,"FETCH_SIZE",0.00000000e+00,15251110511236,15251111278967
166665,167124,"Agent 2",1,1122884,1122884,10240,90,"ullm_paged_decode_attn_f32_kernel",256,1024,0,32,0,128,"VALUInsts",0.00000000e+00,15251110511236,15251111278967
166665,167124,"Agent 2",1,1122884,1122884,10240,90,"ullm_paged_decode_attn_f32_kernel",256,1024,0,32,0,128,"Wavefronts",320.000000,15251110511236,15251111278967
166665,167158,"Agent 2",1,1122884,1122884,10240,90,"ullm_paged_decode_attn_f32_kernel",256,1024,0,32,0,128,"FETCH_SIZE",0.00000000e+00,15251114679907,15251115451398
166665,167158,"Agent 2",1,1122884,1122884,10240,90,"ullm_paged_decode_attn_f32_kernel",256,1024,0,32,0,128,"VALUInsts",0.00000000e+00,15251114679907,15251115451398
166665,167158,"Agent 2",1,1122884,1122884,10240,90,"ullm_paged_decode_attn_f32_kernel",256,1024,0,32,0,128,"Wavefronts",320.000000,15251114679907,15251115451398
166665,167192,"Agent 2",1,1122884,1122884,10240,90,"ullm_paged_decode_attn_f32_kernel",256,1024,0,32,0,128,"FETCH_SIZE",0.00000000e+00,15251119073648,15251119846899
166665,167192,"Agent 2",1,1122884,1122884,10240,90,"ullm_paged_decode_attn_f32_kernel",256,1024,0,32,0,128,"VALUInsts",0.00000000e+00,15251119073648,15251119846899
166665,167192,"Agent 2",1,1122884,1122884,10240,90,"ullm_paged_decode_attn_f32_kernel",256,1024,0,32,0,128,"Wavefronts",320.000000,15251119073648,15251119846899
166665,167226,"Agent 2",1,1122884,1122884,10240,90,"ullm_paged_decode_attn_f32_kernel",256,1024,0,32,0,128,"FETCH_SIZE",0.00000000e+00,15251122935542,15251123703273
166665,167226,"Agent 2",1,1122884,1122884,10240,90,"ullm_paged_decode_attn_f32_kernel",256,1024,0,32,0,128,"VALUInsts",0.00000000e+00,15251122935542,15251123703273
166665,167226,"Agent 2",1,1122884,1122884,10240,90,"ullm_paged_decode_attn_f32_kernel",256,1024,0,32,0,128,"Wavefronts",320.000000,15251122935542,15251123703273
166665,167260,"Agent 2",1,1122884,1122884,10240,90,"ullm_paged_decode_attn_f32_kernel",256,1024,0,32,0,128,"FETCH_SIZE",0.00000000e+00,15251127074840,15251127845490
166665,167260,"Agent 2",1,1122884,1122884,10240,90,"ullm_paged_decode_attn_f32_kernel",256,1024,0,32,0,128,"VALUInsts",0.00000000e+00,15251127074840,15251127845490
166665,167260,"Agent 2",1,1122884,1122884,10240,90,"ullm_paged_decode_attn_f32_kernel",256,1024,0,32,0,128,"Wavefronts",320.000000,15251127074840,15251127845490
166665,167294,"Agent 2",1,1122884,1122884,10240,90,"ullm_paged_decode_attn_f32_kernel",256,1024,0,32,0,128,"FETCH_SIZE",0.00000000e+00,15251131250258,15251132019549
166665,167294,"Agent 2",1,1122884,1122884,10240,90,"ullm_paged_decode_attn_f32_kernel",256,1024,0,32,0,128,"VALUInsts",0.00000000e+00,15251131250258,15251132019549
166665,167294,"Agent 2",1,1122884,1122884,10240,90,"ullm_paged_decode_attn_f32_kernel",256,1024,0,32,0,128,"Wavefronts",320.000000,15251131250258,15251132019549
166665,167328,"Agent 2",1,1122884,1122884,10240,90,"ullm_paged_decode_attn_f32_kernel",256,1024,0,32,0,128,"FETCH_SIZE",0.00000000e+00,15251135549558,15251136320449
166665,167328,"Agent 2",1,1122884,1122884,10240,90,"ullm_paged_decode_attn_f32_kernel",256,1024,0,32,0,128,"VALUInsts",0.00000000e+00,15251135549558,15251136320449
166665,167328,"Agent 2",1,1122884,1122884,10240,90,"ullm_paged_decode_attn_f32_kernel",256,1024,0,32,0,128,"Wavefronts",320.000000,15251135549558,15251136320449
166665,167362,"Agent 2",1,1122884,1122884,10240,90,"ullm_paged_decode_attn_f32_kernel",256,1024,0,32,0,128,"FETCH_SIZE",0.00000000e+00,15251140324424,15251141092795
166665,167362,"Agent 2",1,1122884,1122884,10240,90,"ullm_paged_decode_attn_f32_kernel",256,1024,0,32,0,128,"VALUInsts",0.00000000e+00,15251140324424,15251141092795
166665,167362,"Agent 2",1,1122884,1122884,10240,90,"ullm_paged_decode_attn_f32_kernel",256,1024,0,32,0,128,"Wavefronts",320.000000,15251140324424,15251141092795
166665,167396,"Agent 2",1,1122884,1122884,10240,90,"ullm_paged_decode_attn_f32_kernel",256,1024,0,32,0,128,"FETCH_SIZE",0.00000000e+00,15251145303534,15251146070385
166665,167396,"Agent 2",1,1122884,1122884,10240,90,"ullm_paged_decode_attn_f32_kernel",256,1024,0,32,0,128,"VALUInsts",0.00000000e+00,15251145303534,15251146070385
166665,167396,"Agent 2",1,1122884,1122884,10240,90,"ullm_paged_decode_attn_f32_kernel",256,1024,0,32,0,128,"Wavefronts",320.000000,15251145303534,15251146070385
166665,167430,"Agent 2",1,1122884,1122884,10240,90,"ullm_paged_decode_attn_f32_kernel",256,1024,0,32,0,128,"FETCH_SIZE",0.00000000e+00,15251150817731,15251151583581
166665,167430,"Agent 2",1,1122884,1122884,10240,90,"ullm_paged_decode_attn_f32_kernel",256,1024,0,32,0,128,"VALUInsts",0.00000000e+00,15251150817731,15251151583581
166665,167430,"Agent 2",1,1122884,1122884,10240,90,"ullm_paged_decode_attn_f32_kernel",256,1024,0,32,0,128,"Wavefronts",320.000000,15251150817731,15251151583581
166665,167464,"Agent 2",1,1122884,1122884,10240,90,"ullm_paged_decode_attn_f32_kernel",256,1024,0,32,0,128,"FETCH_SIZE",0.00000000e+00,15251156901536,15251157669466
166665,167464,"Agent 2",1,1122884,1122884,10240,90,"ullm_paged_decode_attn_f32_kernel",256,1024,0,32,0,128,"VALUInsts",0.00000000e+00,15251156901536,15251157669466
166665,167464,"Agent 2",1,1122884,1122884,10240,90,"ullm_paged_decode_attn_f32_kernel",256,1024,0,32,0,128,"Wavefronts",320.000000,15251156901536,15251157669466
166665,167498,"Agent 2",1,1122884,1122884,10240,90,"ullm_paged_decode_attn_f32_kernel",256,1024,0,32,0,128,"FETCH_SIZE",0.00000000e+00,15251163222544,15251163990794
166665,167498,"Agent 2",1,1122884,1122884,10240,90,"ullm_paged_decode_attn_f32_kernel",256,1024,0,32,0,128,"VALUInsts",0.00000000e+00,15251163222544,15251163990794
166665,167498,"Agent 2",1,1122884,1122884,10240,90,"ullm_paged_decode_attn_f32_kernel",256,1024,0,32,0,128,"Wavefronts",320.000000,15251163222544,15251163990794
166665,167532,"Agent 2",1,1122884,1122884,10240,90,"ullm_paged_decode_attn_f32_kernel",256,1024,0,32,0,128,"FETCH_SIZE",0.00000000e+00,15251170159920,15251170928611
166665,167532,"Agent 2",1,1122884,1122884,10240,90,"ullm_paged_decode_attn_f32_kernel",256,1024,0,32,0,128,"VALUInsts",0.00000000e+00,15251170159920,15251170928611
166665,167532,"Agent 2",1,1122884,1122884,10240,90,"ullm_paged_decode_attn_f32_kernel",256,1024,0,32,0,128,"Wavefronts",320.000000,15251170159920,15251170928611
166665,167566,"Agent 2",1,1122884,1122884,10240,90,"ullm_paged_decode_attn_f32_kernel",256,1024,0,32,0,128,"FETCH_SIZE",0.00000000e+00,15251176991559,15251177758810
166665,167566,"Agent 2",1,1122884,1122884,10240,90,"ullm_paged_decode_attn_f32_kernel",256,1024,0,32,0,128,"VALUInsts",0.00000000e+00,15251176991559,15251177758810
166665,167566,"Agent 2",1,1122884,1122884,10240,90,"ullm_paged_decode_attn_f32_kernel",256,1024,0,32,0,128,"Wavefronts",320.000000,15251176991559,15251177758810
166665,167600,"Agent 2",1,1122884,1122884,10240,90,"ullm_paged_decode_attn_f32_kernel",256,1024,0,32,0,128,"FETCH_SIZE",0.00000000e+00,15251183800734,15251184566344
166665,167600,"Agent 2",1,1122884,1122884,10240,90,"ullm_paged_decode_attn_f32_kernel",256,1024,0,32,0,128,"VALUInsts",0.00000000e+00,15251183800734,15251184566344
166665,167600,"Agent 2",1,1122884,1122884,10240,90,"ullm_paged_decode_attn_f32_kernel",256,1024,0,32,0,128,"Wavefronts",320.000000,15251183800734,15251184566344
166665,167634,"Agent 2",1,1122884,1122884,10240,90,"ullm_paged_decode_attn_f32_kernel",256,1024,0,32,0,128,"FETCH_SIZE",0.00000000e+00,15251190126822,15251190892313
166665,167634,"Agent 2",1,1122884,1122884,10240,90,"ullm_paged_decode_attn_f32_kernel",256,1024,0,32,0,128,"VALUInsts",0.00000000e+00,15251190126822,15251190892313
166665,167634,"Agent 2",1,1122884,1122884,10240,90,"ullm_paged_decode_attn_f32_kernel",256,1024,0,32,0,128,"Wavefronts",320.000000,15251190126822,15251190892313
166665,167668,"Agent 2",1,1122884,1122884,10240,90,"ullm_paged_decode_attn_f32_kernel",256,1024,0,32,0,128,"FETCH_SIZE",0.00000000e+00,15251196608272,15251197375523
166665,167668,"Agent 2",1,1122884,1122884,10240,90,"ullm_paged_decode_attn_f32_kernel",256,1024,0,32,0,128,"VALUInsts",0.00000000e+00,15251196608272,15251197375523
166665,167668,"Agent 2",1,1122884,1122884,10240,90,"ullm_paged_decode_attn_f32_kernel",256,1024,0,32,0,128,"Wavefronts",320.000000,15251196608272,15251197375523
166665,167702,"Agent 2",1,1122884,1122884,10240,90,"ullm_paged_decode_attn_f32_kernel",256,1024,0,32,0,128,"FETCH_SIZE",0.00000000e+00,15251201929387,15251202697517
166665,167702,"Agent 2",1,1122884,1122884,10240,90,"ullm_paged_decode_attn_f32_kernel",256,1024,0,32,0,128,"VALUInsts",0.00000000e+00,15251201929387,15251202697517
166665,167702,"Agent 2",1,1122884,1122884,10240,90,"ullm_paged_decode_attn_f32_kernel",256,1024,0,32,0,128,"Wavefronts",320.000000,15251201929387,15251202697517
166665,167736,"Agent 2",1,1122884,1122884,10240,90,"ullm_paged_decode_attn_f32_kernel",256,1024,0,32,0,128,"FETCH_SIZE",0.00000000e+00,15251206837535,15251207608386
166665,167736,"Agent 2",1,1122884,1122884,10240,90,"ullm_paged_decode_attn_f32_kernel",256,1024,0,32,0,128,"VALUInsts",0.00000000e+00,15251206837535,15251207608386
166665,167736,"Agent 2",1,1122884,1122884,10240,90,"ullm_paged_decode_attn_f32_kernel",256,1024,0,32,0,128,"Wavefronts",320.000000,15251206837535,15251207608386
166665,167770,"Agent 2",1,1122884,1122884,10240,90,"ullm_paged_decode_attn_f32_kernel",256,1024,0,32,0,128,"FETCH_SIZE",0.00000000e+00,15251211426519,15251212193010
166665,167770,"Agent 2",1,1122884,1122884,10240,90,"ullm_paged_decode_attn_f32_kernel",256,1024,0,32,0,128,"VALUInsts",0.00000000e+00,15251211426519,15251212193010
166665,167770,"Agent 2",1,1122884,1122884,10240,90,"ullm_paged_decode_attn_f32_kernel",256,1024,0,32,0,128,"Wavefronts",320.000000,15251211426519,15251212193010
166665,167804,"Agent 2",1,1122884,1122884,10240,90,"ullm_paged_decode_attn_f32_kernel",256,1024,0,32,0,128,"FETCH_SIZE",0.00000000e+00,15251216358708,15251217128559
166665,167804,"Agent 2",1,1122884,1122884,10240,90,"ullm_paged_decode_attn_f32_kernel",256,1024,0,32,0,128,"VALUInsts",0.00000000e+00,15251216358708,15251217128559
166665,167804,"Agent 2",1,1122884,1122884,10240,90,"ullm_paged_decode_attn_f32_kernel",256,1024,0,32,0,128,"Wavefronts",320.000000,15251216358708,15251217128559
166665,167838,"Agent 2",1,1122884,1122884,10240,90,"ullm_paged_decode_attn_f32_kernel",256,1024,0,32,0,128,"FETCH_SIZE",0.00000000e+00,15251222075748,15251222844038
166665,167838,"Agent 2",1,1122884,1122884,10240,90,"ullm_paged_decode_attn_f32_kernel",256,1024,0,32,0,128,"VALUInsts",0.00000000e+00,15251222075748,15251222844038
166665,167838,"Agent 2",1,1122884,1122884,10240,90,"ullm_paged_decode_attn_f32_kernel",256,1024,0,32,0,128,"Wavefronts",320.000000,15251222075748,15251222844038
166665,167872,"Agent 2",1,1122884,1122884,10240,90,"ullm_paged_decode_attn_f32_kernel",256,1024,0,32,0,128,"FETCH_SIZE",0.00000000e+00,15251227511423,15251228276994
166665,167872,"Agent 2",1,1122884,1122884,10240,90,"ullm_paged_decode_attn_f32_kernel",256,1024,0,32,0,128,"VALUInsts",0.00000000e+00,15251227511423,15251228276994
166665,167872,"Agent 2",1,1122884,1122884,10240,90,"ullm_paged_decode_attn_f32_kernel",256,1024,0,32,0,128,"Wavefronts",320.000000,15251227511423,15251228276994
166665,167906,"Agent 2",1,1122884,1122884,10240,90,"ullm_paged_decode_attn_f32_kernel",256,1024,0,32,0,128,"FETCH_SIZE",0.00000000e+00,15251232298930,15251233066741
166665,167906,"Agent 2",1,1122884,1122884,10240,90,"ullm_paged_decode_attn_f32_kernel",256,1024,0,32,0,128,"VALUInsts",0.00000000e+00,15251232298930,15251233066741
166665,167906,"Agent 2",1,1122884,1122884,10240,90,"ullm_paged_decode_attn_f32_kernel",256,1024,0,32,0,128,"Wavefronts",320.000000,15251232298930,15251233066741
166665,167940,"Agent 2",1,1122884,1122884,10240,90,"ullm_paged_decode_attn_f32_kernel",256,1024,0,32,0,128,"FETCH_SIZE",0.00000000e+00,15251236316826,15251237082197
166665,167940,"Agent 2",1,1122884,1122884,10240,90,"ullm_paged_decode_attn_f32_kernel",256,1024,0,32,0,128,"VALUInsts",0.00000000e+00,15251236316826,15251237082197
166665,167940,"Agent 2",1,1122884,1122884,10240,90,"ullm_paged_decode_attn_f32_kernel",256,1024,0,32,0,128,"Wavefronts",320.000000,15251236316826,15251237082197
166665,167974,"Agent 2",1,1122884,1122884,10240,90,"ullm_paged_decode_attn_f32_kernel",256,1024,0,32,0,128,"FETCH_SIZE",0.00000000e+00,15251239606095,15251240374985
166665,167974,"Agent 2",1,1122884,1122884,10240,90,"ullm_paged_decode_attn_f32_kernel",256,1024,0,32,0,128,"VALUInsts",0.00000000e+00,15251239606095,15251240374985
166665,167974,"Agent 2",1,1122884,1122884,10240,90,"ullm_paged_decode_attn_f32_kernel",256,1024,0,32,0,128,"Wavefronts",320.000000,15251239606095,15251240374985
166665,168008,"Agent 2",1,1122884,1122884,10240,90,"ullm_paged_decode_attn_f32_kernel",256,1024,0,32,0,128,"FETCH_SIZE",0.00000000e+00,15251242613617,15251243379907
166665,168008,"Agent 2",1,1122884,1122884,10240,90,"ullm_paged_decode_attn_f32_kernel",256,1024,0,32,0,128,"VALUInsts",0.00000000e+00,15251242613617,15251243379907
166665,168008,"Agent 2",1,1122884,1122884,10240,90,"ullm_paged_decode_attn_f32_kernel",256,1024,0,32,0,128,"Wavefronts",320.000000,15251242613617,15251243379907
166665,168046,"Agent 2",1,1122884,1122884,10240,90,"ullm_paged_decode_attn_f32_kernel",256,1024,0,32,0,128,"FETCH_SIZE",0.00000000e+00,15251251783064,15251252552795
166665,168046,"Agent 2",1,1122884,1122884,10240,90,"ullm_paged_decode_attn_f32_kernel",256,1024,0,32,0,128,"VALUInsts",0.00000000e+00,15251251783064,15251252552795
166665,168046,"Agent 2",1,1122884,1122884,10240,90,"ullm_paged_decode_attn_f32_kernel",256,1024,0,32,0,128,"Wavefronts",320.000000,15251251783064,15251252552795
166665,168080,"Agent 2",1,1122884,1122884,10240,90,"ullm_paged_decode_attn_f32_kernel",256,1024,0,32,0,128,"FETCH_SIZE",0.00000000e+00,15251254287019,15251255058230
166665,168080,"Agent 2",1,1122884,1122884,10240,90,"ullm_paged_decode_attn_f32_kernel",256,1024,0,32,0,128,"VALUInsts",0.00000000e+00,15251254287019,15251255058230
166665,168080,"Agent 2",1,1122884,1122884,10240,90,"ullm_paged_decode_attn_f32_kernel",256,1024,0,32,0,128,"Wavefronts",320.000000,15251254287019,15251255058230
166665,168114,"Agent 2",1,1122884,1122884,10240,90,"ullm_paged_decode_attn_f32_kernel",256,1024,0,32,0,128,"FETCH_SIZE",0.00000000e+00,15251256810815,15251257579625
166665,168114,"Agent 2",1,1122884,1122884,10240,90,"ullm_paged_decode_attn_f32_kernel",256,1024,0,32,0,128,"VALUInsts",0.00000000e+00,15251256810815,15251257579625
166665,168114,"Agent 2",1,1122884,1122884,10240,90,"ullm_paged_decode_attn_f32_kernel",256,1024,0,32,0,128,"Wavefronts",320.000000,15251256810815,15251257579625
166665,168148,"Agent 2",1,1122884,1122884,10240,90,"ullm_paged_decode_attn_f32_kernel",256,1024,0,32,0,128,"FETCH_SIZE",0.00000000e+00,15251259293009,15251260058660
166665,168148,"Agent 2",1,1122884,1122884,10240,90,"ullm_paged_decode_attn_f32_kernel",256,1024,0,32,0,128,"VALUInsts",0.00000000e+00,15251259293009,15251260058660
166665,168148,"Agent 2",1,1122884,1122884,10240,90,"ullm_paged_decode_attn_f32_kernel",256,1024,0,32,0,128,"Wavefronts",320.000000,15251259293009,15251260058660
166665,168182,"Agent 2",1,1122884,1122884,10240,90,"ullm_paged_decode_attn_f32_kernel",256,1024,0,32,0,128,"FETCH_SIZE",0.00000000e+00,15251261757964,15251262524934
166665,168182,"Agent 2",1,1122884,1122884,10240,90,"ullm_paged_decode_attn_f32_kernel",256,1024,0,32,0,128,"VALUInsts",0.00000000e+00,15251261757964,15251262524934
166665,168182,"Agent 2",1,1122884,1122884,10240,90,"ullm_paged_decode_attn_f32_kernel",256,1024,0,32,0,128,"Wavefronts",320.000000,15251261757964,15251262524934
166665,168216,"Agent 2",1,1122884,1122884,10240,90,"ullm_paged_decode_attn_f32_kernel",256,1024,0,32,0,128,"FETCH_SIZE",0.00000000e+00,15251264278599,15251265043809
166665,168216,"Agent 2",1,1122884,1122884,10240,90,"ullm_paged_decode_attn_f32_kernel",256,1024,0,32,0,128,"VALUInsts",0.00000000e+00,15251264278599,15251265043809
166665,168216,"Agent 2",1,1122884,1122884,10240,90,"ullm_paged_decode_attn_f32_kernel",256,1024,0,32,0,128,"Wavefronts",320.000000,15251264278599,15251265043809
166665,168250,"Agent 2",1,1122884,1122884,10240,90,"ullm_paged_decode_attn_f32_kernel",256,1024,0,32,0,128,"FETCH_SIZE",0.00000000e+00,15251266772273,15251267538484
166665,168250,"Agent 2",1,1122884,1122884,10240,90,"ullm_paged_decode_attn_f32_kernel",256,1024,0,32,0,128,"VALUInsts",0.00000000e+00,15251266772273,15251267538484
166665,168250,"Agent 2",1,1122884,1122884,10240,90,"ullm_paged_decode_attn_f32_kernel",256,1024,0,32,0,128,"Wavefronts",320.000000,15251266772273,15251267538484
166665,168284,"Agent 2",1,1122884,1122884,10240,90,"ullm_paged_decode_attn_f32_kernel",256,1024,0,32,0,128,"FETCH_SIZE",0.00000000e+00,15251269272228,15251270038239
166665,168284,"Agent 2",1,1122884,1122884,10240,90,"ullm_paged_decode_attn_f32_kernel",256,1024,0,32,0,128,"VALUInsts",0.00000000e+00,15251269272228,15251270038239
166665,168284,"Agent 2",1,1122884,1122884,10240,90,"ullm_paged_decode_attn_f32_kernel",256,1024,0,32,0,128,"Wavefronts",320.000000,15251269272228,15251270038239
166665,168318,"Agent 2",1,1122884,1122884,10240,90,"ullm_paged_decode_attn_f32_kernel",256,1024,0,32,0,128,"FETCH_SIZE",0.00000000e+00,15251271765423,15251272533514
166665,168318,"Agent 2",1,1122884,1122884,10240,90,"ullm_paged_decode_attn_f32_kernel",256,1024,0,32,0,128,"VALUInsts",0.00000000e+00,15251271765423,15251272533514
166665,168318,"Agent 2",1,1122884,1122884,10240,90,"ullm_paged_decode_attn_f32_kernel",256,1024,0,32,0,128,"Wavefronts",320.000000,15251271765423,15251272533514
166665,168352,"Agent 2",1,1122884,1122884,10240,90,"ullm_paged_decode_attn_f32_kernel",256,1024,0,32,0,128,"FETCH_SIZE",0.00000000e+00,15251274565382,15251275331953
166665,168352,"Agent 2",1,1122884,1122884,10240,90,"ullm_paged_decode_attn_f32_kernel",256,1024,0,32,0,128,"VALUInsts",0.00000000e+00,15251274565382,15251275331953
166665,168352,"Agent 2",1,1122884,1122884,10240,90,"ullm_paged_decode_attn_f32_kernel",256,1024,0,32,0,128,"Wavefronts",320.000000,15251274565382,15251275331953
166665,168386,"Agent 2",1,1122884,1122884,10240,90,"ullm_paged_decode_attn_f32_kernel",256,1024,0,32,0,128,"FETCH_SIZE",0.00000000e+00,15251277097377,15251277867828
166665,168386,"Agent 2",1,1122884,1122884,10240,90,"ullm_paged_decode_attn_f32_kernel",256,1024,0,32,0,128,"VALUInsts",0.00000000e+00,15251277097377,15251277867828
166665,168386,"Agent 2",1,1122884,1122884,10240,90,"ullm_paged_decode_attn_f32_kernel",256,1024,0,32,0,128,"Wavefronts",320.000000,15251277097377,15251277867828
166665,168420,"Agent 2",1,1122884,1122884,10240,90,"ullm_paged_decode_attn_f32_kernel",256,1024,0,32,0,128,"FETCH_SIZE",0.00000000e+00,15251279638373,15251280405344
166665,168420,"Agent 2",1,1122884,1122884,10240,90,"ullm_paged_decode_attn_f32_kernel",256,1024,0,32,0,128,"VALUInsts",0.00000000e+00,15251279638373,15251280405344
166665,168420,"Agent 2",1,1122884,1122884,10240,90,"ullm_paged_decode_attn_f32_kernel",256,1024,0,32,0,128,"Wavefronts",320.000000,15251279638373,15251280405344
166665,168454,"Agent 2",1,1122884,1122884,10240,90,"ullm_paged_decode_attn_f32_kernel",256,1024,0,32,0,128,"FETCH_SIZE",0.00000000e+00,15251282208129,15251282975979
166665,168454,"Agent 2",1,1122884,1122884,10240,90,"ullm_paged_decode_attn_f32_kernel",256,1024,0,32,0,128,"VALUInsts",0.00000000e+00,15251282208129,15251282975979
166665,168454,"Agent 2",1,1122884,1122884,10240,90,"ullm_paged_decode_attn_f32_kernel",256,1024,0,32,0,128,"Wavefronts",320.000000,15251282208129,15251282975979
166665,168488,"Agent 2",1,1122884,1122884,10240,90,"ullm_paged_decode_attn_f32_kernel",256,1024,0,32,0,128,"FETCH_SIZE",0.00000000e+00,15251284749884,15251285517495
166665,168488,"Agent 2",1,1122884,1122884,10240,90,"ullm_paged_decode_attn_f32_kernel",256,1024,0,32,0,128,"VALUInsts",0.00000000e+00,15251284749884,15251285517495
166665,168488,"Agent 2",1,1122884,1122884,10240,90,"ullm_paged_decode_attn_f32_kernel",256,1024,0,32,0,128,"Wavefronts",320.000000,15251284749884,15251285517495
166665,168522,"Agent 2",1,1122884,1122884,10240,90,"ullm_paged_decode_attn_f32_kernel",256,1024,0,32,0,128,"FETCH_SIZE",0.00000000e+00,15251287413401,15251288180172
166665,168522,"Agent 2",1,1122884,1122884,10240,90,"ullm_paged_decode_attn_f32_kernel",256,1024,0,32,0,128,"VALUInsts",0.00000000e+00,15251287413401,15251288180172
166665,168522,"Agent 2",1,1122884,1122884,10240,90,"ullm_paged_decode_attn_f32_kernel",256,1024,0,32,0,128,"Wavefronts",320.000000,15251287413401,15251288180172
166665,168556,"Agent 2",1,1122884,1122884,10240,90,"ullm_paged_decode_attn_f32_kernel",256,1024,0,32,0,128,"FETCH_SIZE",0.00000000e+00,15251290162760,15251290931410
166665,168556,"Agent 2",1,1122884,1122884,10240,90,"ullm_paged_decode_attn_f32_kernel",256,1024,0,32,0,128,"VALUInsts",0.00000000e+00,15251290162760,15251290931410
166665,168556,"Agent 2",1,1122884,1122884,10240,90,"ullm_paged_decode_attn_f32_kernel",256,1024,0,32,0,128,"Wavefronts",320.000000,15251290162760,15251290931410
166665,168590,"Agent 2",1,1122884,1122884,10240,90,"ullm_paged_decode_attn_f32_kernel",256,1024,0,32,0,128,"FETCH_SIZE",0.00000000e+00,15251293075280,15251293842731
166665,168590,"Agent 2",1,1122884,1122884,10240,90,"ullm_paged_decode_attn_f32_kernel",256,1024,0,32,0,128,"VALUInsts",0.00000000e+00,15251293075280,15251293842731
166665,168590,"Agent 2",1,1122884,1122884,10240,90,"ullm_paged_decode_attn_f32_kernel",256,1024,0,32,0,128,"Wavefronts",320.000000,15251293075280,15251293842731
166665,168624,"Agent 2",1,1122884,1122884,10240,90,"ullm_paged_decode_attn_f32_kernel",256,1024,0,32,0,128,"FETCH_SIZE",0.00000000e+00,15251296089202,15251296856413
166665,168624,"Agent 2",1,1122884,1122884,10240,90,"ullm_paged_decode_attn_f32_kernel",256,1024,0,32,0,128,"VALUInsts",0.00000000e+00,15251296089202,15251296856413
166665,168624,"Agent 2",1,1122884,1122884,10240,90,"ullm_paged_decode_attn_f32_kernel",256,1024,0,32,0,128,"Wavefronts",320.000000,15251296089202,15251296856413
166665,168658,"Agent 2",1,1122884,1122884,10240,90,"ullm_paged_decode_attn_f32_kernel",256,1024,0,32,0,128,"FETCH_SIZE",0.00000000e+00,15251299378008,15251300144579
166665,168658,"Agent 2",1,1122884,1122884,10240,90,"ullm_paged_decode_attn_f32_kernel",256,1024,0,32,0,128,"VALUInsts",0.00000000e+00,15251299378008,15251300144579
166665,168658,"Agent 2",1,1122884,1122884,10240,90,"ullm_paged_decode_attn_f32_kernel",256,1024,0,32,0,128,"Wavefronts",320.000000,15251299378008,15251300144579
166665,168692,"Agent 2",1,1122884,1122884,10240,90,"ullm_paged_decode_attn_f32_kernel",256,1024,0,32,0,128,"FETCH_SIZE",0.00000000e+00,15251302867809,15251303634419
166665,168692,"Agent 2",1,1122884,1122884,10240,90,"ullm_paged_decode_attn_f32_kernel",256,1024,0,32,0,128,"VALUInsts",0.00000000e+00,15251302867809,15251303634419
166665,168692,"Agent 2",1,1122884,1122884,10240,90,"ullm_paged_decode_attn_f32_kernel",256,1024,0,32,0,128,"Wavefronts",320.000000,15251302867809,15251303634419
166665,168726,"Agent 2",1,1122884,1122884,10240,90,"ullm_paged_decode_attn_f32_kernel",256,1024,0,32,0,128,"FETCH_SIZE",0.00000000e+00,15251306472499,15251307241550
166665,168726,"Agent 2",1,1122884,1122884,10240,90,"ullm_paged_decode_attn_f32_kernel",256,1024,0,32,0,128,"VALUInsts",0.00000000e+00,15251306472499,15251307241550
166665,168726,"Agent 2",1,1122884,1122884,10240,90,"ullm_paged_decode_attn_f32_kernel",256,1024,0,32,0,128,"Wavefronts",320.000000,15251306472499,15251307241550
166665,168760,"Agent 2",1,1122884,1122884,10240,90,"ullm_paged_decode_attn_f32_kernel",256,1024,0,32,0,128,"FETCH_SIZE",0.00000000e+00,15251310785799,15251311551970
166665,168760,"Agent 2",1,1122884,1122884,10240,90,"ullm_paged_decode_attn_f32_kernel",256,1024,0,32,0,128,"VALUInsts",0.00000000e+00,15251310785799,15251311551970
166665,168760,"Agent 2",1,1122884,1122884,10240,90,"ullm_paged_decode_attn_f32_kernel",256,1024,0,32,0,128,"Wavefronts",320.000000,15251310785799,15251311551970
166665,168794,"Agent 2",1,1122884,1122884,10240,90,"ullm_paged_decode_attn_f32_kernel",256,1024,0,32,0,128,"FETCH_SIZE",0.00000000e+00,15251315864390,15251316630881
166665,168794,"Agent 2",1,1122884,1122884,10240,90,"ullm_paged_decode_attn_f32_kernel",256,1024,0,32,0,128,"VALUInsts",0.00000000e+00,15251315864390,15251316630881
166665,168794,"Agent 2",1,1122884,1122884,10240,90,"ullm_paged_decode_attn_f32_kernel",256,1024,0,32,0,128,"Wavefronts",320.000000,15251315864390,15251316630881
166665,168828,"Agent 2",1,1122884,1122884,10240,90,"ullm_paged_decode_attn_f32_kernel",256,1024,0,32,0,128,"FETCH_SIZE",0.00000000e+00,15251320942381,15251321708232
166665,168828,"Agent 2",1,1122884,1122884,10240,90,"ullm_paged_decode_attn_f32_kernel",256,1024,0,32,0,128,"VALUInsts",0.00000000e+00,15251320942381,15251321708232
166665,168828,"Agent 2",1,1122884,1122884,10240,90,"ullm_paged_decode_attn_f32_kernel",256,1024,0,32,0,128,"Wavefronts",320.000000,15251320942381,15251321708232
166665,168862,"Agent 2",1,1122884,1122884,10240,90,"ullm_paged_decode_attn_f32_kernel",256,1024,0,32,0,128,"FETCH_SIZE",0.00000000e+00,15251325658047,15251326426417
166665,168862,"Agent 2",1,1122884,1122884,10240,90,"ullm_paged_decode_attn_f32_kernel",256,1024,0,32,0,128,"VALUInsts",0.00000000e+00,15251325658047,15251326426417
166665,168862,"Agent 2",1,1122884,1122884,10240,90,"ullm_paged_decode_attn_f32_kernel",256,1024,0,32,0,128,"Wavefronts",320.000000,15251325658047,15251326426417
166665,168896,"Agent 2",1,1122884,1122884,10240,90,"ullm_paged_decode_attn_f32_kernel",256,1024,0,32,0,128,"FETCH_SIZE",0.00000000e+00,15251330159989,15251330927640
166665,168896,"Agent 2",1,1122884,1122884,10240,90,"ullm_paged_decode_attn_f32_kernel",256,1024,0,32,0,128,"VALUInsts",0.00000000e+00,15251330159989,15251330927640
166665,168896,"Agent 2",1,1122884,1122884,10240,90,"ullm_paged_decode_attn_f32_kernel",256,1024,0,32,0,128,"Wavefronts",320.000000,15251330159989,15251330927640
166665,168930,"Agent 2",1,1122884,1122884,10240,90,"ullm_paged_decode_attn_f32_kernel",256,1024,0,32,0,128,"FETCH_SIZE",0.00000000e+00,15251335593625,15251336360716
166665,168930,"Agent 2",1,1122884,1122884,10240,90,"ullm_paged_decode_attn_f32_kernel",256,1024,0,32,0,128,"VALUInsts",0.00000000e+00,15251335593625,15251336360716
166665,168930,"Agent 2",1,1122884,1122884,10240,90,"ullm_paged_decode_attn_f32_kernel",256,1024,0,32,0,128,"Wavefronts",320.000000,15251335593625,15251336360716
166665,168964,"Agent 2",1,1122884,1122884,10240,90,"ullm_paged_decode_attn_f32_kernel",256,1024,0,32,0,128,"FETCH_SIZE",0.00000000e+00,15251341002061,15251341767711
166665,168964,"Agent 2",1,1122884,1122884,10240,90,"ullm_paged_decode_attn_f32_kernel",256,1024,0,32,0,128,"VALUInsts",0.00000000e+00,15251341002061,15251341767711
166665,168964,"Agent 2",1,1122884,1122884,10240,90,"ullm_paged_decode_attn_f32_kernel",256,1024,0,32,0,128,"Wavefronts",320.000000,15251341002061,15251341767711
166665,168998,"Agent 2",1,1122884,1122884,10240,90,"ullm_paged_decode_attn_f32_kernel",256,1024,0,32,0,128,"FETCH_SIZE",0.00000000e+00,15251346710820,15251347476311
166665,168998,"Agent 2",1,1122884,1122884,10240,90,"ullm_paged_decode_attn_f32_kernel",256,1024,0,32,0,128,"VALUInsts",0.00000000e+00,15251346710820,15251347476311
166665,168998,"Agent 2",1,1122884,1122884,10240,90,"ullm_paged_decode_attn_f32_kernel",256,1024,0,32,0,128,"Wavefronts",320.000000,15251346710820,15251347476311
166665,169032,"Agent 2",1,1122884,1122884,10240,90,"ullm_paged_decode_attn_f32_kernel",256,1024,0,32,0,128,"FETCH_SIZE",0.00000000e+00,15251353382033,15251354151604
166665,169032,"Agent 2",1,1122884,1122884,10240,90,"ullm_paged_decode_attn_f32_kernel",256,1024,0,32,0,128,"VALUInsts",0.00000000e+00,15251353382033,15251354151604
166665,169032,"Agent 2",1,1122884,1122884,10240,90,"ullm_paged_decode_attn_f32_kernel",256,1024,0,32,0,128,"Wavefronts",320.000000,15251353382033,15251354151604
166665,169066,"Agent 2",1,1122884,1122884,10240,90,"ullm_paged_decode_attn_f32_kernel",256,1024,0,32,0,128,"FETCH_SIZE",0.00000000e+00,15251359146354,15251359912845
166665,169066,"Agent 2",1,1122884,1122884,10240,90,"ullm_paged_decode_attn_f32_kernel",256,1024,0,32,0,128,"VALUInsts",0.00000000e+00,15251359146354,15251359912845
166665,169066,"Agent 2",1,1122884,1122884,10240,90,"ullm_paged_decode_attn_f32_kernel",256,1024,0,32,0,128,"Wavefronts",320.000000,15251359146354,15251359912845
166665,169100,"Agent 2",1,1122884,1122884,10240,90,"ullm_paged_decode_attn_f32_kernel",256,1024,0,32,0,128,"FETCH_SIZE",0.00000000e+00,15251364759355,15251365528086
166665,169100,"Agent 2",1,1122884,1122884,10240,90,"ullm_paged_decode_attn_f32_kernel",256,1024,0,32,0,128,"VALUInsts",0.00000000e+00,15251364759355,15251365528086
166665,169100,"Agent 2",1,1122884,1122884,10240,90,"ullm_paged_decode_attn_f32_kernel",256,1024,0,32,0,128,"Wavefronts",320.000000,15251364759355,15251365528086
166665,169134,"Agent 2",1,1122884,1122884,10240,90,"ullm_paged_decode_attn_f32_kernel",256,1024,0,32,0,128,"FETCH_SIZE",0.00000000e+00,15251369834506,15251370600716
166665,169134,"Agent 2",1,1122884,1122884,10240,90,"ullm_paged_decode_attn_f32_kernel",256,1024,0,32,0,128,"VALUInsts",0.00000000e+00,15251369834506,15251370600716
166665,169134,"Agent 2",1,1122884,1122884,10240,90,"ullm_paged_decode_attn_f32_kernel",256,1024,0,32,0,128,"Wavefronts",320.000000,15251369834506,15251370600716
166665,169168,"Agent 2",1,1122884,1122884,10240,90,"ullm_paged_decode_attn_f32_kernel",256,1024,0,32,0,128,"FETCH_SIZE",0.00000000e+00,15251374583172,15251375350103
166665,169168,"Agent 2",1,1122884,1122884,10240,90,"ullm_paged_decode_attn_f32_kernel",256,1024,0,32,0,128,"VALUInsts",0.00000000e+00,15251374583172,15251375350103
166665,169168,"Agent 2",1,1122884,1122884,10240,90,"ullm_paged_decode_attn_f32_kernel",256,1024,0,32,0,128,"Wavefronts",320.000000,15251374583172,15251375350103
166665,169202,"Agent 2",1,1122884,1122884,10240,90,"ullm_paged_decode_attn_f32_kernel",256,1024,0,32,0,128,"FETCH_SIZE",0.00000000e+00,15251379708763,15251380475214
166665,169202,"Agent 2",1,1122884,1122884,10240,90,"ullm_paged_decode_attn_f32_kernel",256,1024,0,32,0,128,"VALUInsts",0.00000000e+00,15251379708763,15251380475214
166665,169202,"Agent 2",1,1122884,1122884,10240,90,"ullm_paged_decode_attn_f32_kernel",256,1024,0,32,0,128,"Wavefronts",320.000000,15251379708763,15251380475214
166665,169236,"Agent 2",1,1122884,1122884,10240,90,"ullm_paged_decode_attn_f32_kernel",256,1024,0,32,0,128,"FETCH_SIZE",0.00000000e+00,15251385104999,15251385872809
166665,169236,"Agent 2",1,1122884,1122884,10240,90,"ullm_paged_decode_attn_f32_kernel",256,1024,0,32,0,128,"VALUInsts",0.00000000e+00,15251385104999,15251385872809
166665,169236,"Agent 2",1,1122884,1122884,10240,90,"ullm_paged_decode_attn_f32_kernel",256,1024,0,32,0,128,"Wavefronts",320.000000,15251385104999,15251385872809
166665,169270,"Agent 2",1,1122884,1122884,10240,90,"ullm_paged_decode_attn_f32_kernel",256,1024,0,32,0,128,"FETCH_SIZE",0.00000000e+00,15251390094748,15251390859719
166665,169270,"Agent 2",1,1122884,1122884,10240,90,"ullm_paged_decode_attn_f32_kernel",256,1024,0,32,0,128,"VALUInsts",0.00000000e+00,15251390094748,15251390859719
166665,169270,"Agent 2",1,1122884,1122884,10240,90,"ullm_paged_decode_attn_f32_kernel",256,1024,0,32,0,128,"Wavefronts",320.000000,15251390094748,15251390859719
166665,169304,"Agent 2",1,1122884,1122884,10240,90,"ullm_paged_decode_attn_f32_kernel",256,1024,0,32,0,128,"FETCH_SIZE",0.00000000e+00,15251394224206,15251394990656
166665,169304,"Agent 2",1,1122884,1122884,10240,90,"ullm_paged_decode_attn_f32_kernel",256,1024,0,32,0,128,"VALUInsts",0.00000000e+00,15251394224206,15251394990656
166665,169304,"Agent 2",1,1122884,1122884,10240,90,"ullm_paged_decode_attn_f32_kernel",256,1024,0,32,0,128,"Wavefronts",320.000000,15251394224206,15251394990656
166665,169338,"Agent 2",1,1122884,1122884,10240,90,"ullm_paged_decode_attn_f32_kernel",256,1024,0,32,0,128,"FETCH_SIZE",0.00000000e+00,15251397765375,15251398532866
166665,169338,"Agent 2",1,1122884,1122884,10240,90,"ullm_paged_decode_attn_f32_kernel",256,1024,0,32,0,128,"VALUInsts",0.00000000e+00,15251397765375,15251398532866
166665,169338,"Agent 2",1,1122884,1122884,10240,90,"ullm_paged_decode_attn_f32_kernel",256,1024,0,32,0,128,"Wavefronts",320.000000,15251397765375,15251398532866
166665,169372,"Agent 2",1,1122884,1122884,10240,90,"ullm_paged_decode_attn_f32_kernel",256,1024,0,32,0,128,"FETCH_SIZE",0.00000000e+00,15251400505293,15251401271704
166665,169372,"Agent 2",1,1122884,1122884,10240,90,"ullm_paged_decode_attn_f32_kernel",256,1024,0,32,0,128,"VALUInsts",0.00000000e+00,15251400505293,15251401271704
166665,169372,"Agent 2",1,1122884,1122884,10240,90,"ullm_paged_decode_attn_f32_kernel",256,1024,0,32,0,128,"Wavefronts",320.000000,15251400505293,15251401271704
166665,169410,"Agent 2",1,1122884,1122884,10240,90,"ullm_paged_decode_attn_f32_kernel",256,1024,0,32,0,128,"FETCH_SIZE",0.00000000e+00,15251408685147,15251409452158
166665,169410,"Agent 2",1,1122884,1122884,10240,90,"ullm_paged_decode_attn_f32_kernel",256,1024,0,32,0,128,"VALUInsts",0.00000000e+00,15251408685147,15251409452158
166665,169410,"Agent 2",1,1122884,1122884,10240,90,"ullm_paged_decode_attn_f32_kernel",256,1024,0,32,0,128,"Wavefronts",320.000000,15251408685147,15251409452158
166665,169444,"Agent 2",1,1122884,1122884,10240,90,"ullm_paged_decode_attn_f32_kernel",256,1024,0,32,0,128,"FETCH_SIZE",0.00000000e+00,15251411135822,15251411904992
166665,169444,"Agent 2",1,1122884,1122884,10240,90,"ullm_paged_decode_attn_f32_kernel",256,1024,0,32,0,128,"VALUInsts",0.00000000e+00,15251411135822,15251411904992
166665,169444,"Agent 2",1,1122884,1122884,10240,90,"ullm_paged_decode_attn_f32_kernel",256,1024,0,32,0,128,"Wavefronts",320.000000,15251411135822,15251411904992
166665,169478,"Agent 2",1,1122884,1122884,10240,90,"ullm_paged_decode_attn_f32_kernel",256,1024,0,32,0,128,"FETCH_SIZE",0.00000000e+00,15251413642057,15251414410547
166665,169478,"Agent 2",1,1122884,1122884,10240,90,"ullm_paged_decode_attn_f32_kernel",256,1024,0,32,0,128,"VALUInsts",0.00000000e+00,15251413642057,15251414410547
166665,169478,"Agent 2",1,1122884,1122884,10240,90,"ullm_paged_decode_attn_f32_kernel",256,1024,0,32,0,128,"Wavefronts",320.000000,15251413642057,15251414410547
166665,169512,"Agent 2",1,1122884,1122884,10240,90,"ullm_paged_decode_attn_f32_kernel",256,1024,0,32,0,128,"FETCH_SIZE",0.00000000e+00,15251416127451,15251416893782
166665,169512,"Agent 2",1,1122884,1122884,10240,90,"ullm_paged_decode_attn_f32_kernel",256,1024,0,32,0,128,"VALUInsts",0.00000000e+00,15251416127451,15251416893782
166665,169512,"Agent 2",1,1122884,1122884,10240,90,"ullm_paged_decode_attn_f32_kernel",256,1024,0,32,0,128,"Wavefronts",320.000000,15251416127451,15251416893782
166665,169546,"Agent 2",1,1122884,1122884,10240,90,"ullm_paged_decode_attn_f32_kernel",256,1024,0,32,0,128,"FETCH_SIZE",0.00000000e+00,15251418676087,15251419443817
166665,169546,"Agent 2",1,1122884,1122884,10240,90,"ullm_paged_decode_attn_f32_kernel",256,1024,0,32,0,128,"VALUInsts",0.00000000e+00,15251418676087,15251419443817
166665,169546,"Agent 2",1,1122884,1122884,10240,90,"ullm_paged_decode_attn_f32_kernel",256,1024,0,32,0,128,"Wavefronts",320.000000,15251418676087,15251419443817
166665,169580,"Agent 2",1,1122884,1122884,10240,90,"ullm_paged_decode_attn_f32_kernel",256,1024,0,32,0,128,"FETCH_SIZE",0.00000000e+00,15251421242923,15251422009493
166665,169580,"Agent 2",1,1122884,1122884,10240,90,"ullm_paged_decode_attn_f32_kernel",256,1024,0,32,0,128,"VALUInsts",0.00000000e+00,15251421242923,15251422009493
166665,169580,"Agent 2",1,1122884,1122884,10240,90,"ullm_paged_decode_attn_f32_kernel",256,1024,0,32,0,128,"Wavefronts",320.000000,15251421242923,15251422009493
166665,169614,"Agent 2",1,1122884,1122884,10240,90,"ullm_paged_decode_attn_f32_kernel",256,1024,0,32,0,128,"FETCH_SIZE",0.00000000e+00,15251423822679,15251424588209
166665,169614,"Agent 2",1,1122884,1122884,10240,90,"ullm_paged_decode_attn_f32_kernel",256,1024,0,32,0,128,"VALUInsts",0.00000000e+00,15251423822679,15251424588209
166665,169614,"Agent 2",1,1122884,1122884,10240,90,"ullm_paged_decode_attn_f32_kernel",256,1024,0,32,0,128,"Wavefronts",320.000000,15251423822679,15251424588209
166665,169648,"Agent 2",1,1122884,1122884,10240,90,"ullm_paged_decode_attn_f32_kernel",256,1024,0,32,0,128,"FETCH_SIZE",0.00000000e+00,15251426456515,15251427230686
166665,169648,"Agent 2",1,1122884,1122884,10240,90,"ullm_paged_decode_attn_f32_kernel",256,1024,0,32,0,128,"VALUInsts",0.00000000e+00,15251426456515,15251427230686
166665,169648,"Agent 2",1,1122884,1122884,10240,90,"ullm_paged_decode_attn_f32_kernel",256,1024,0,32,0,128,"Wavefronts",320.000000,15251426456515,15251427230686
166665,169682,"Agent 2",1,1122884,1122884,10240,90,"ullm_paged_decode_attn_f32_kernel",256,1024,0,32,0,128,"FETCH_SIZE",0.00000000e+00,15251429469089,15251430236540
166665,169682,"Agent 2",1,1122884,1122884,10240,90,"ullm_paged_decode_attn_f32_kernel",256,1024,0,32,0,128,"VALUInsts",0.00000000e+00,15251429469089,15251430236540
166665,169682,"Agent 2",1,1122884,1122884,10240,90,"ullm_paged_decode_attn_f32_kernel",256,1024,0,32,0,128,"Wavefronts",320.000000,15251429469089,15251430236540
166665,169716,"Agent 2",1,1122884,1122884,10240,90,"ullm_paged_decode_attn_f32_kernel",256,1024,0,32,0,128,"FETCH_SIZE",0.00000000e+00,15251432469651,15251433235702
166665,169716,"Agent 2",1,1122884,1122884,10240,90,"ullm_paged_decode_attn_f32_kernel",256,1024,0,32,0,128,"VALUInsts",0.00000000e+00,15251432469651,15251433235702
166665,169716,"Agent 2",1,1122884,1122884,10240,90,"ullm_paged_decode_attn_f32_kernel",256,1024,0,32,0,128,"Wavefronts",320.000000,15251432469651,15251433235702
166665,169750,"Agent 2",1,1122884,1122884,10240,90,"ullm_paged_decode_attn_f32_kernel",256,1024,0,32,0,128,"FETCH_SIZE",0.00000000e+00,15251435659016,15251436424986
166665,169750,"Agent 2",1,1122884,1122884,10240,90,"ullm_paged_decode_attn_f32_kernel",256,1024,0,32,0,128,"VALUInsts",0.00000000e+00,15251435659016,15251436424986
166665,169750,"Agent 2",1,1122884,1122884,10240,90,"ullm_paged_decode_attn_f32_kernel",256,1024,0,32,0,128,"Wavefronts",320.000000,15251435659016,15251436424986
166665,169784,"Agent 2",1,1122884,1122884,10240,90,"ullm_paged_decode_attn_f32_kernel",256,1024,0,32,0,128,"FETCH_SIZE",0.00000000e+00,15251439157465,15251439922675
166665,169784,"Agent 2",1,1122884,1122884,10240,90,"ullm_paged_decode_attn_f32_kernel",256,1024,0,32,0,128,"VALUInsts",0.00000000e+00,15251439157465,15251439922675
166665,169784,"Agent 2",1,1122884,1122884,10240,90,"ullm_paged_decode_attn_f32_kernel",256,1024,0,32,0,128,"Wavefronts",320.000000,15251439157465,15251439922675
166665,169818,"Agent 2",1,1122884,1122884,10240,90,"ullm_paged_decode_attn_f32_kernel",256,1024,0,32,0,128,"FETCH_SIZE",0.00000000e+00,15251443048999,15251443814209
166665,169818,"Agent 2",1,1122884,1122884,10240,90,"ullm_paged_decode_attn_f32_kernel",256,1024,0,32,0,128,"VALUInsts",0.00000000e+00,15251443048999,15251443814209
166665,169818,"Agent 2",1,1122884,1122884,10240,90,"ullm_paged_decode_attn_f32_kernel",256,1024,0,32,0,128,"Wavefronts",320.000000,15251443048999,15251443814209
166665,169852,"Agent 2",1,1122884,1122884,10240,90,"ullm_paged_decode_attn_f32_kernel",256,1024,0,32,0,128,"FETCH_SIZE",0.00000000e+00,15251447576062,15251448342873
166665,169852,"Agent 2",1,1122884,1122884,10240,90,"ullm_paged_decode_attn_f32_kernel",256,1024,0,32,0,128,"VALUInsts",0.00000000e+00,15251447576062,15251448342873
166665,169852,"Agent 2",1,1122884,1122884,10240,90,"ullm_paged_decode_attn_f32_kernel",256,1024,0,32,0,128,"Wavefronts",320.000000,15251447576062,15251448342873
166665,169886,"Agent 2",1,1122884,1122884,10240,90,"ullm_paged_decode_attn_f32_kernel",256,1024,0,32,0,128,"FETCH_SIZE",0.00000000e+00,15251452816575,15251453583626
166665,169886,"Agent 2",1,1122884,1122884,10240,90,"ullm_paged_decode_attn_f32_kernel",256,1024,0,32,0,128,"VALUInsts",0.00000000e+00,15251452816575,15251453583626
166665,169886,"Agent 2",1,1122884,1122884,10240,90,"ullm_paged_decode_attn_f32_kernel",256,1024,0,32,0,128,"Wavefronts",320.000000,15251452816575,15251453583626
166665,169920,"Agent 2",1,1122884,1122884,10240,90,"ullm_paged_decode_attn_f32_kernel",256,1024,0,32,0,128,"FETCH_SIZE",0.00000000e+00,15251457997287,15251458765378
166665,169920,"Agent 2",1,1122884,1122884,10240,90,"ullm_paged_decode_attn_f32_kernel",256,1024,0,32,0,128,"VALUInsts",0.00000000e+00,15251457997287,15251458765378
166665,169920,"Agent 2",1,1122884,1122884,10240,90,"ullm_paged_decode_attn_f32_kernel",256,1024,0,32,0,128,"Wavefronts",320.000000,15251457997287,15251458765378
166665,169954,"Agent 2",1,1122884,1122884,10240,90,"ullm_paged_decode_attn_f32_kernel",256,1024,0,32,0,128,"FETCH_SIZE",0.00000000e+00,15251462674272,15251463438723
166665,169954,"Agent 2",1,1122884,1122884,10240,90,"ullm_paged_decode_attn_f32_kernel",256,1024,0,32,0,128,"VALUInsts",0.00000000e+00,15251462674272,15251463438723
166665,169954,"Agent 2",1,1122884,1122884,10240,90,"ullm_paged_decode_attn_f32_kernel",256,1024,0,32,0,128,"Wavefronts",320.000000,15251462674272,15251463438723
166665,169988,"Agent 2",1,1122884,1122884,10240,90,"ullm_paged_decode_attn_f32_kernel",256,1024,0,32,0,128,"FETCH_SIZE",0.00000000e+00,15251467165535,15251467933386
166665,169988,"Agent 2",1,1122884,1122884,10240,90,"ullm_paged_decode_attn_f32_kernel",256,1024,0,32,0,128,"VALUInsts",0.00000000e+00,15251467165535,15251467933386
166665,169988,"Agent 2",1,1122884,1122884,10240,90,"ullm_paged_decode_attn_f32_kernel",256,1024,0,32,0,128,"Wavefronts",320.000000,15251467165535,15251467933386
166665,170022,"Agent 2",1,1122884,1122884,10240,90,"ullm_paged_decode_attn_f32_kernel",256,1024,0,32,0,128,"FETCH_SIZE",0.00000000e+00,15251472347447,15251473112178
166665,170022,"Agent 2",1,1122884,1122884,10240,90,"ullm_paged_decode_attn_f32_kernel",256,1024,0,32,0,128,"VALUInsts",0.00000000e+00,15251472347447,15251473112178
166665,170022,"Agent 2",1,1122884,1122884,10240,90,"ullm_paged_decode_attn_f32_kernel",256,1024,0,32,0,128,"Wavefronts",320.000000,15251472347447,15251473112178
166665,170056,"Agent 2",1,1122884,1122884,10240,90,"ullm_paged_decode_attn_f32_kernel",256,1024,0,32,0,128,"FETCH_SIZE",0.00000000e+00,15251477896965,15251478662055
166665,170056,"Agent 2",1,1122884,1122884,10240,90,"ullm_paged_decode_attn_f32_kernel",256,1024,0,32,0,128,"VALUInsts",0.00000000e+00,15251477896965,15251478662055
166665,170056,"Agent 2",1,1122884,1122884,10240,90,"ullm_paged_decode_attn_f32_kernel",256,1024,0,32,0,128,"Wavefronts",320.000000,15251477896965,15251478662055
166665,170090,"Agent 2",1,1122884,1122884,10240,90,"ullm_paged_decode_attn_f32_kernel",256,1024,0,32,0,128,"FETCH_SIZE",0.00000000e+00,15251483801247,15251484567098
166665,170090,"Agent 2",1,1122884,1122884,10240,90,"ullm_paged_decode_attn_f32_kernel",256,1024,0,32,0,128,"VALUInsts",0.00000000e+00,15251483801247,15251484567098
166665,170090,"Agent 2",1,1122884,1122884,10240,90,"ullm_paged_decode_attn_f32_kernel",256,1024,0,32,0,128,"Wavefronts",320.000000,15251483801247,15251484567098
166665,170124,"Agent 2",1,1122884,1122884,10240,90,"ullm_paged_decode_attn_f32_kernel",256,1024,0,32,0,128,"FETCH_SIZE",0.00000000e+00,15251490287651,15251491053941
166665,170124,"Agent 2",1,1122884,1122884,10240,90,"ullm_paged_decode_attn_f32_kernel",256,1024,0,32,0,128,"VALUInsts",0.00000000e+00,15251490287651,15251491053941
166665,170124,"Agent 2",1,1122884,1122884,10240,90,"ullm_paged_decode_attn_f32_kernel",256,1024,0,32,0,128,"Wavefronts",320.000000,15251490287651,15251491053941
166665,170158,"Agent 2",1,1122884,1122884,10240,90,"ullm_paged_decode_attn_f32_kernel",256,1024,0,32,0,128,"FETCH_SIZE",0.00000000e+00,15251497514912,15251498281242
166665,170158,"Agent 2",1,1122884,1122884,10240,90,"ullm_paged_decode_attn_f32_kernel",256,1024,0,32,0,128,"VALUInsts",0.00000000e+00,15251497514912,15251498281242
166665,170158,"Agent 2",1,1122884,1122884,10240,90,"ullm_paged_decode_attn_f32_kernel",256,1024,0,32,0,128,"Wavefronts",320.000000,15251497514912,15251498281242
166665,170192,"Agent 2",1,1122884,1122884,10240,90,"ullm_paged_decode_attn_f32_kernel",256,1024,0,32,0,128,"FETCH_SIZE",0.00000000e+00,15251505422742,15251506191833
166665,170192,"Agent 2",1,1122884,1122884,10240,90,"ullm_paged_decode_attn_f32_kernel",256,1024,0,32,0,128,"VALUInsts",0.00000000e+00,15251505422742,15251506191833
166665,170192,"Agent 2",1,1122884,1122884,10240,90,"ullm_paged_decode_attn_f32_kernel",256,1024,0,32,0,128,"Wavefronts",320.000000,15251505422742,15251506191833
166665,170226,"Agent 2",1,1122884,1122884,10240,90,"ullm_paged_decode_attn_f32_kernel",256,1024,0,32,0,128,"FETCH_SIZE",0.00000000e+00,15251513086809,15251513853379
166665,170226,"Agent 2",1,1122884,1122884,10240,90,"ullm_paged_decode_attn_f32_kernel",256,1024,0,32,0,128,"VALUInsts",0.00000000e+00,15251513086809,15251513853379
166665,170226,"Agent 2",1,1122884,1122884,10240,90,"ullm_paged_decode_attn_f32_kernel",256,1024,0,32,0,128,"Wavefronts",320.000000,15251513086809,15251513853379
166665,170260,"Agent 2",1,1122884,1122884,10240,90,"ullm_paged_decode_attn_f32_kernel",256,1024,0,32,0,128,"FETCH_SIZE",0.00000000e+00,15251520256309,15251521022479
166665,170260,"Agent 2",1,1122884,1122884,10240,90,"ullm_paged_decode_attn_f32_kernel",256,1024,0,32,0,128,"VALUInsts",0.00000000e+00,15251520256309,15251521022479
166665,170260,"Agent 2",1,1122884,1122884,10240,90,"ullm_paged_decode_attn_f32_kernel",256,1024,0,32,0,128,"Wavefronts",320.000000,15251520256309,15251521022479
166665,170294,"Agent 2",1,1122884,1122884,10240,90,"ullm_paged_decode_attn_f32_kernel",256,1024,0,32,0,128,"FETCH_SIZE",0.00000000e+00,15251527338047,15251528105298
166665,170294,"Agent 2",1,1122884,1122884,10240,90,"ullm_paged_decode_attn_f32_kernel",256,1024,0,32,0,128,"VALUInsts",0.00000000e+00,15251527338047,15251528105298
166665,170294,"Agent 2",1,1122884,1122884,10240,90,"ullm_paged_decode_attn_f32_kernel",256,1024,0,32,0,128,"Wavefronts",320.000000,15251527338047,15251528105298
166665,170328,"Agent 2",1,1122884,1122884,10240,90,"ullm_paged_decode_attn_f32_kernel",256,1024,0,32,0,128,"FETCH_SIZE",0.00000000e+00,15251534409986,15251535175557
166665,170328,"Agent 2",1,1122884,1122884,10240,90,"ullm_paged_decode_attn_f32_kernel",256,1024,0,32,0,128,"VALUInsts",0.00000000e+00,15251534409986,15251535175557
166665,170328,"Agent 2",1,1122884,1122884,10240,90,"ullm_paged_decode_attn_f32_kernel",256,1024,0,32,0,128,"Wavefronts",320.000000,15251534409986,15251535175557
166665,170362,"Agent 2",1,1122884,1122884,10240,90,"ullm_paged_decode_attn_f32_kernel",256,1024,0,32,0,128,"FETCH_SIZE",0.00000000e+00,15251541107799,15251541873530
166665,170362,"Agent 2",1,1122884,1122884,10240,90,"ullm_paged_decode_attn_f32_kernel",256,1024,0,32,0,128,"VALUInsts",0.00000000e+00,15251541107799,15251541873530
166665,170362,"Agent 2",1,1122884,1122884,10240,90,"ullm_paged_decode_attn_f32_kernel",256,1024,0,32,0,128,"Wavefronts",320.000000,15251541107799,15251541873530
166665,170396,"Agent 2",1,1122884,1122884,10240,90,"ullm_paged_decode_attn_f32_kernel",256,1024,0,32,0,128,"FETCH_SIZE",0.00000000e+00,15251547788613,15251548552423
166665,170396,"Agent 2",1,1122884,1122884,10240,90,"ullm_paged_decode_attn_f32_kernel",256,1024,0,32,0,128,"VALUInsts",0.00000000e+00,15251547788613,15251548552423
166665,170396,"Agent 2",1,1122884,1122884,10240,90,"ullm_paged_decode_attn_f32_kernel",256,1024,0,32,0,128,"Wavefronts",320.000000,15251547788613,15251548552423
166665,170430,"Agent 2",1,1122884,1122884,10240,90,"ullm_paged_decode_attn_f32_kernel",256,1024,0,32,0,128,"FETCH_SIZE",0.00000000e+00,15251553436024,15251554200515
166665,170430,"Agent 2",1,1122884,1122884,10240,90,"ullm_paged_decode_attn_f32_kernel",256,1024,0,32,0,128,"VALUInsts",0.00000000e+00,15251553436024,15251554200515
166665,170430,"Agent 2",1,1122884,1122884,10240,90,"ullm_paged_decode_attn_f32_kernel",256,1024,0,32,0,128,"Wavefronts",320.000000,15251553436024,15251554200515
166665,170464,"Agent 2",1,1122884,1122884,10240,90,"ullm_paged_decode_attn_f32_kernel",256,1024,0,32,0,128,"FETCH_SIZE",0.00000000e+00,15251558735378,15251559506349
166665,170464,"Agent 2",1,1122884,1122884,10240,90,"ullm_paged_decode_attn_f32_kernel",256,1024,0,32,0,128,"VALUInsts",0.00000000e+00,15251558735378,15251559506349
166665,170464,"Agent 2",1,1122884,1122884,10240,90,"ullm_paged_decode_attn_f32_kernel",256,1024,0,32,0,128,"Wavefronts",320.000000,15251558735378,15251559506349
166665,170498,"Agent 2",1,1122884,1122884,10240,90,"ullm_paged_decode_attn_f32_kernel",256,1024,0,32,0,128,"FETCH_SIZE",0.00000000e+00,15251563716208,15251564481258
166665,170498,"Agent 2",1,1122884,1122884,10240,90,"ullm_paged_decode_attn_f32_kernel",256,1024,0,32,0,128,"VALUInsts",0.00000000e+00,15251563716208,15251564481258
166665,170498,"Agent 2",1,1122884,1122884,10240,90,"ullm_paged_decode_attn_f32_kernel",256,1024,0,32,0,128,"Wavefronts",320.000000,15251563716208,15251564481258
166665,170532,"Agent 2",1,1122884,1122884,10240,90,"ullm_paged_decode_attn_f32_kernel",256,1024,0,32,0,128,"FETCH_SIZE",0.00000000e+00,15251568918280,15251569682691
166665,170532,"Agent 2",1,1122884,1122884,10240,90,"ullm_paged_decode_attn_f32_kernel",256,1024,0,32,0,128,"VALUInsts",0.00000000e+00,15251568918280,15251569682691
166665,170532,"Agent 2",1,1122884,1122884,10240,90,"ullm_paged_decode_attn_f32_kernel",256,1024,0,32,0,128,"Wavefronts",320.000000,15251568918280,15251569682691
166665,170566,"Agent 2",1,1122884,1122884,10240,90,"ullm_paged_decode_attn_f32_kernel",256,1024,0,32,0,128,"FETCH_SIZE",0.00000000e+00,15251574237634,15251575002405
166665,170566,"Agent 2",1,1122884,1122884,10240,90,"ullm_paged_decode_attn_f32_kernel",256,1024,0,32,0,128,"VALUInsts",0.00000000e+00,15251574237634,15251575002405
166665,170566,"Agent 2",1,1122884,1122884,10240,90,"ullm_paged_decode_attn_f32_kernel",256,1024,0,32,0,128,"Wavefronts",320.000000,15251574237634,15251575002405
166665,170600,"Agent 2",1,1122884,1122884,10240,90,"ullm_paged_decode_attn_f32_kernel",256,1024,0,32,0,128,"FETCH_SIZE",0.00000000e+00,15251579765111,15251580530042
166665,170600,"Agent 2",1,1122884,1122884,10240,90,"ullm_paged_decode_attn_f32_kernel",256,1024,0,32,0,128,"VALUInsts",0.00000000e+00,15251579765111,15251580530042
166665,170600,"Agent 2",1,1122884,1122884,10240,90,"ullm_paged_decode_attn_f32_kernel",256,1024,0,32,0,128,"Wavefronts",320.000000,15251579765111,15251580530042
166665,170634,"Agent 2",1,1122884,1122884,10240,90,"ullm_paged_decode_attn_f32_kernel",256,1024,0,32,0,128,"FETCH_SIZE",0.00000000e+00,15251584688500,15251585452231
166665,170634,"Agent 2",1,1122884,1122884,10240,90,"ullm_paged_decode_attn_f32_kernel",256,1024,0,32,0,128,"VALUInsts",0.00000000e+00,15251584688500,15251585452231
166665,170634,"Agent 2",1,1122884,1122884,10240,90,"ullm_paged_decode_attn_f32_kernel",256,1024,0,32,0,128,"Wavefronts",320.000000,15251584688500,15251585452231
166665,170668,"Agent 2",1,1122884,1122884,10240,90,"ullm_paged_decode_attn_f32_kernel",256,1024,0,32,0,128,"FETCH_SIZE",0.00000000e+00,15251588926439,15251589692850
166665,170668,"Agent 2",1,1122884,1122884,10240,90,"ullm_paged_decode_attn_f32_kernel",256,1024,0,32,0,128,"VALUInsts",0.00000000e+00,15251588926439,15251589692850
166665,170668,"Agent 2",1,1122884,1122884,10240,90,"ullm_paged_decode_attn_f32_kernel",256,1024,0,32,0,128,"Wavefronts",320.000000,15251588926439,15251589692850
166665,170702,"Agent 2",1,1122884,1122884,10240,90,"ullm_paged_decode_attn_f32_kernel",256,1024,0,32,0,128,"FETCH_SIZE",0.00000000e+00,15251592610051,15251593373741
166665,170702,"Agent 2",1,1122884,1122884,10240,90,"ullm_paged_decode_attn_f32_kernel",256,1024,0,32,0,128,"VALUInsts",0.00000000e+00,15251592610051,15251593373741
166665,170702,"Agent 2",1,1122884,1122884,10240,90,"ullm_paged_decode_attn_f32_kernel",256,1024,0,32,0,128,"Wavefronts",320.000000,15251592610051,15251593373741
166665,170736,"Agent 2",1,1122884,1122884,10240,90,"ullm_paged_decode_attn_f32_kernel",256,1024,0,32,0,128,"FETCH_SIZE",0.00000000e+00,15251595354329,15251596123100
166665,170736,"Agent 2",1,1122884,1122884,10240,90,"ullm_paged_decode_attn_f32_kernel",256,1024,0,32,0,128,"VALUInsts",0.00000000e+00,15251595354329,15251596123100
166665,170736,"Agent 2",1,1122884,1122884,10240,90,"ullm_paged_decode_attn_f32_kernel",256,1024,0,32,0,128,"Wavefronts",320.000000,15251595354329,15251596123100
166665,170774,"Agent 2",1,1122884,1122884,10240,90,"ullm_paged_decode_attn_f32_kernel",256,1024,0,32,0,128,"FETCH_SIZE",0.00000000e+00,15251604267883,15251605033214
166665,170774,"Agent 2",1,1122884,1122884,10240,90,"ullm_paged_decode_attn_f32_kernel",256,1024,0,32,0,128,"VALUInsts",0.00000000e+00,15251604267883,15251605033214
166665,170774,"Agent 2",1,1122884,1122884,10240,90,"ullm_paged_decode_attn_f32_kernel",256,1024,0,32,0,128,"Wavefronts",320.000000,15251604267883,15251605033214
166665,170808,"Agent 2",1,1122884,1122884,10240,90,"ullm_paged_decode_attn_f32_kernel",256,1024,0,32,0,128,"FETCH_SIZE",0.00000000e+00,15251606743958,15251607507968
166665,170808,"Agent 2",1,1122884,1122884,10240,90,"ullm_paged_decode_attn_f32_kernel",256,1024,0,32,0,128,"VALUInsts",0.00000000e+00,15251606743958,15251607507968
166665,170808,"Agent 2",1,1122884,1122884,10240,90,"ullm_paged_decode_attn_f32_kernel",256,1024,0,32,0,128,"Wavefronts",320.000000,15251606743958,15251607507968
166665,170842,"Agent 2",1,1122884,1122884,10240,90,"ullm_paged_decode_attn_f32_kernel",256,1024,0,32,0,128,"FETCH_SIZE",0.00000000e+00,15251609263713,15251610030163
166665,170842,"Agent 2",1,1122884,1122884,10240,90,"ullm_paged_decode_attn_f32_kernel",256,1024,0,32,0,128,"VALUInsts",0.00000000e+00,15251609263713,15251610030163
166665,170842,"Agent 2",1,1122884,1122884,10240,90,"ullm_paged_decode_attn_f32_kernel",256,1024,0,32,0,128,"Wavefronts",320.000000,15251609263713,15251610030163
166665,170876,"Agent 2",1,1122884,1122884,10240,90,"ullm_paged_decode_attn_f32_kernel",256,1024,0,32,0,128,"FETCH_SIZE",0.00000000e+00,15251611759988,15251612527198
166665,170876,"Agent 2",1,1122884,1122884,10240,90,"ullm_paged_decode_attn_f32_kernel",256,1024,0,32,0,128,"VALUInsts",0.00000000e+00,15251611759988,15251612527198
166665,170876,"Agent 2",1,1122884,1122884,10240,90,"ullm_paged_decode_attn_f32_kernel",256,1024,0,32,0,128,"Wavefronts",320.000000,15251611759988,15251612527198
166665,170910,"Agent 2",1,1122884,1122884,10240,90,"ullm_paged_decode_attn_f32_kernel",256,1024,0,32,0,128,"FETCH_SIZE",0.00000000e+00,15251614291223,15251615061754
166665,170910,"Agent 2",1,1122884,1122884,10240,90,"ullm_paged_decode_attn_f32_kernel",256,1024,0,32,0,128,"VALUInsts",0.00000000e+00,15251614291223,15251615061754
166665,170910,"Agent 2",1,1122884,1122884,10240,90,"ullm_paged_decode_attn_f32_kernel",256,1024,0,32,0,128,"Wavefronts",320.000000,15251614291223,15251615061754
166665,170944,"Agent 2",1,1122884,1122884,10240,90,"ullm_paged_decode_attn_f32_kernel",256,1024,0,32,0,128,"FETCH_SIZE",0.00000000e+00,15251616783441,15251617548891
166665,170944,"Agent 2",1,1122884,1122884,10240,90,"ullm_paged_decode_attn_f32_kernel",256,1024,0,32,0,128,"VALUInsts",0.00000000e+00,15251616783441,15251617548891
166665,170944,"Agent 2",1,1122884,1122884,10240,90,"ullm_paged_decode_attn_f32_kernel",256,1024,0,32,0,128,"Wavefronts",320.000000,15251616783441,15251617548891
166665,170978,"Agent 2",1,1122884,1122884,10240,90,"ullm_paged_decode_attn_f32_kernel",256,1024,0,32,0,128,"FETCH_SIZE",0.00000000e+00,15251619344156,15251620110087
166665,170978,"Agent 2",1,1122884,1122884,10240,90,"ullm_paged_decode_attn_f32_kernel",256,1024,0,32,0,128,"VALUInsts",0.00000000e+00,15251619344156,15251620110087
166665,170978,"Agent 2",1,1122884,1122884,10240,90,"ullm_paged_decode_attn_f32_kernel",256,1024,0,32,0,128,"Wavefronts",320.000000,15251619344156,15251620110087
166665,171012,"Agent 2",1,1122884,1122884,10240,90,"ullm_paged_decode_attn_f32_kernel",256,1024,0,32,0,128,"FETCH_SIZE",0.00000000e+00,15251622127155,15251622893046
166665,171012,"Agent 2",1,1122884,1122884,10240,90,"ullm_paged_decode_attn_f32_kernel",256,1024,0,32,0,128,"VALUInsts",0.00000000e+00,15251622127155,15251622893046
166665,171012,"Agent 2",1,1122884,1122884,10240,90,"ullm_paged_decode_attn_f32_kernel",256,1024,0,32,0,128,"Wavefronts",320.000000,15251622127155,15251622893046
166665,171046,"Agent 2",1,1122884,1122884,10240,90,"ullm_paged_decode_attn_f32_kernel",256,1024,0,32,0,128,"FETCH_SIZE",0.00000000e+00,15251624823393,15251625589004
166665,171046,"Agent 2",1,1122884,1122884,10240,90,"ullm_paged_decode_attn_f32_kernel",256,1024,0,32,0,128,"VALUInsts",0.00000000e+00,15251624823393,15251625589004
166665,171046,"Agent 2",1,1122884,1122884,10240,90,"ullm_paged_decode_attn_f32_kernel",256,1024,0,32,0,128,"Wavefronts",320.000000,15251624823393,15251625589004
166665,171080,"Agent 2",1,1122884,1122884,10240,90,"ullm_paged_decode_attn_f32_kernel",256,1024,0,32,0,128,"FETCH_SIZE",0.00000000e+00,15251627614792,15251628380162
166665,171080,"Agent 2",1,1122884,1122884,10240,90,"ullm_paged_decode_attn_f32_kernel",256,1024,0,32,0,128,"VALUInsts",0.00000000e+00,15251627614792,15251628380162
166665,171080,"Agent 2",1,1122884,1122884,10240,90,"ullm_paged_decode_attn_f32_kernel",256,1024,0,32,0,128,"Wavefronts",320.000000,15251627614792,15251628380162
166665,171114,"Agent 2",1,1122884,1122884,10240,90,"ullm_paged_decode_attn_f32_kernel",256,1024,0,32,0,128,"FETCH_SIZE",0.00000000e+00,15251630623394,15251631389164
166665,171114,"Agent 2",1,1122884,1122884,10240,90,"ullm_paged_decode_attn_f32_kernel",256,1024,0,32,0,128,"VALUInsts",0.00000000e+00,15251630623394,15251631389164
166665,171114,"Agent 2",1,1122884,1122884,10240,90,"ullm_paged_decode_attn_f32_kernel",256,1024,0,32,0,128,"Wavefronts",320.000000,15251630623394,15251631389164
166665,171148,"Agent 2",1,1122884,1122884,10240,90,"ullm_paged_decode_attn_f32_kernel",256,1024,0,32,0,128,"FETCH_SIZE",0.00000000e+00,15251633795078,15251634561929
166665,171148,"Agent 2",1,1122884,1122884,10240,90,"ullm_paged_decode_attn_f32_kernel",256,1024,0,32,0,128,"VALUInsts",0.00000000e+00,15251633795078,15251634561929
166665,171148,"Agent 2",1,1122884,1122884,10240,90,"ullm_paged_decode_attn_f32_kernel",256,1024,0,32,0,128,"Wavefronts",320.000000,15251633795078,15251634561929
166665,171182,"Agent 2",1,1122884,1122884,10240,90,"ullm_paged_decode_attn_f32_kernel",256,1024,0,32,0,128,"FETCH_SIZE",0.00000000e+00,15251637317647,15251638083378
166665,171182,"Agent 2",1,1122884,1122884,10240,90,"ullm_paged_decode_attn_f32_kernel",256,1024,0,32,0,128,"VALUInsts",0.00000000e+00,15251637317647,15251638083378
166665,171182,"Agent 2",1,1122884,1122884,10240,90,"ullm_paged_decode_attn_f32_kernel",256,1024,0,32,0,128,"Wavefronts",320.000000,15251637317647,15251638083378
166665,171216,"Agent 2",1,1122884,1122884,10240,90,"ullm_paged_decode_attn_f32_kernel",256,1024,0,32,0,128,"FETCH_SIZE",0.00000000e+00,15251641056819,15251641820190
166665,171216,"Agent 2",1,1122884,1122884,10240,90,"ullm_paged_decode_attn_f32_kernel",256,1024,0,32,0,128,"VALUInsts",0.00000000e+00,15251641056819,15251641820190
166665,171216,"Agent 2",1,1122884,1122884,10240,90,"ullm_paged_decode_attn_f32_kernel",256,1024,0,32,0,128,"Wavefronts",320.000000,15251641056819,15251641820190
166665,171250,"Agent 2",1,1122884,1122884,10240,90,"ullm_paged_decode_attn_f32_kernel",256,1024,0,32,0,128,"FETCH_SIZE",0.00000000e+00,15251645372039,15251646139330
166665,171250,"Agent 2",1,1122884,1122884,10240,90,"ullm_paged_decode_attn_f32_kernel",256,1024,0,32,0,128,"VALUInsts",0.00000000e+00,15251645372039,15251646139330
166665,171250,"Agent 2",1,1122884,1122884,10240,90,"ullm_paged_decode_attn_f32_kernel",256,1024,0,32,0,128,"Wavefronts",320.000000,15251645372039,15251646139330
166665,171284,"Agent 2",1,1122884,1122884,10240,90,"ullm_paged_decode_attn_f32_kernel",256,1024,0,32,0,128,"FETCH_SIZE",0.00000000e+00,15251650232547,15251650998158
166665,171284,"Agent 2",1,1122884,1122884,10240,90,"ullm_paged_decode_attn_f32_kernel",256,1024,0,32,0,128,"VALUInsts",0.00000000e+00,15251650232547,15251650998158
166665,171284,"Agent 2",1,1122884,1122884,10240,90,"ullm_paged_decode_attn_f32_kernel",256,1024,0,32,0,128,"Wavefronts",320.000000,15251650232547,15251650998158
166665,171318,"Agent 2",1,1122884,1122884,10240,90,"ullm_paged_decode_attn_f32_kernel",256,1024,0,32,0,128,"FETCH_SIZE",0.00000000e+00,15251655350419,15251656116149
166665,171318,"Agent 2",1,1122884,1122884,10240,90,"ullm_paged_decode_attn_f32_kernel",256,1024,0,32,0,128,"VALUInsts",0.00000000e+00,15251655350419,15251656116149
166665,171318,"Agent 2",1,1122884,1122884,10240,90,"ullm_paged_decode_attn_f32_kernel",256,1024,0,32,0,128,"Wavefronts",320.000000,15251655350419,15251656116149
166665,171352,"Agent 2",1,1122884,1122884,10240,90,"ullm_paged_decode_attn_f32_kernel",256,1024,0,32,0,128,"FETCH_SIZE",0.00000000e+00,15251660080285,15251660845575
166665,171352,"Agent 2",1,1122884,1122884,10240,90,"ullm_paged_decode_attn_f32_kernel",256,1024,0,32,0,128,"VALUInsts",0.00000000e+00,15251660080285,15251660845575
166665,171352,"Agent 2",1,1122884,1122884,10240,90,"ullm_paged_decode_attn_f32_kernel",256,1024,0,32,0,128,"Wavefronts",320.000000,15251660080285,15251660845575
166665,171386,"Agent 2",1,1122884,1122884,10240,90,"ullm_paged_decode_attn_f32_kernel",256,1024,0,32,0,128,"FETCH_SIZE",0.00000000e+00,15251664707309,15251665475280
166665,171386,"Agent 2",1,1122884,1122884,10240,90,"ullm_paged_decode_attn_f32_kernel",256,1024,0,32,0,128,"VALUInsts",0.00000000e+00,15251664707309,15251665475280
166665,171386,"Agent 2",1,1122884,1122884,10240,90,"ullm_paged_decode_attn_f32_kernel",256,1024,0,32,0,128,"Wavefronts",320.000000,15251664707309,15251665475280
166665,171420,"Agent 2",1,1122884,1122884,10240,90,"ullm_paged_decode_attn_f32_kernel",256,1024,0,32,0,128,"FETCH_SIZE",0.00000000e+00,15251669430775,15251670193946
166665,171420,"Agent 2",1,1122884,1122884,10240,90,"ullm_paged_decode_attn_f32_kernel",256,1024,0,32,0,128,"VALUInsts",0.00000000e+00,15251669430775,15251670193946
166665,171420,"Agent 2",1,1122884,1122884,10240,90,"ullm_paged_decode_attn_f32_kernel",256,1024,0,32,0,128,"Wavefronts",320.000000,15251669430775,15251670193946
166665,171454,"Agent 2",1,1122884,1122884,10240,90,"ullm_paged_decode_attn_f32_kernel",256,1024,0,32,0,128,"FETCH_SIZE",0.00000000e+00,15251674678008,15251675441739
166665,171454,"Agent 2",1,1122884,1122884,10240,90,"ullm_paged_decode_attn_f32_kernel",256,1024,0,32,0,128,"VALUInsts",0.00000000e+00,15251674678008,15251675441739
166665,171454,"Agent 2",1,1122884,1122884,10240,90,"ullm_paged_decode_attn_f32_kernel",256,1024,0,32,0,128,"Wavefronts",320.000000,15251674678008,15251675441739
166665,171488,"Agent 2",1,1122884,1122884,10240,90,"ullm_paged_decode_attn_f32_kernel",256,1024,0,32,0,128,"FETCH_SIZE",0.00000000e+00,15251680236328,15251681004139
166665,171488,"Agent 2",1,1122884,1122884,10240,90,"ullm_paged_decode_attn_f32_kernel",256,1024,0,32,0,128,"VALUInsts",0.00000000e+00,15251680236328,15251681004139
166665,171488,"Agent 2",1,1122884,1122884,10240,90,"ullm_paged_decode_attn_f32_kernel",256,1024,0,32,0,128,"Wavefronts",320.000000,15251680236328,15251681004139
166665,171522,"Agent 2",1,1122884,1122884,10240,90,"ullm_paged_decode_attn_f32_kernel",256,1024,0,32,0,128,"FETCH_SIZE",0.00000000e+00,15251686590856,15251687355867
166665,171522,"Agent 2",1,1122884,1122884,10240,90,"ullm_paged_decode_attn_f32_kernel",256,1024,0,32,0,128,"VALUInsts",0.00000000e+00,15251686590856,15251687355867
166665,171522,"Agent 2",1,1122884,1122884,10240,90,"ullm_paged_decode_attn_f32_kernel",256,1024,0,32,0,128,"Wavefronts",320.000000,15251686590856,15251687355867
166665,171556,"Agent 2",1,1122884,1122884,10240,90,"ullm_paged_decode_attn_f32_kernel",256,1024,0,32,0,128,"FETCH_SIZE",0.00000000e+00,15251693137948,15251693903198
166665,171556,"Agent 2",1,1122884,1122884,10240,90,"ullm_paged_decode_attn_f32_kernel",256,1024,0,32,0,128,"VALUInsts",0.00000000e+00,15251693137948,15251693903198
166665,171556,"Agent 2",1,1122884,1122884,10240,90,"ullm_paged_decode_attn_f32_kernel",256,1024,0,32,0,128,"Wavefronts",320.000000,15251693137948,15251693903198
166665,171590,"Agent 2",1,1122884,1122884,10240,90,"ullm_paged_decode_attn_f32_kernel",256,1024,0,32,0,128,"FETCH_SIZE",0.00000000e+00,15251699739640,15251700510611
166665,171590,"Agent 2",1,1122884,1122884,10240,90,"ullm_paged_decode_attn_f32_kernel",256,1024,0,32,0,128,"VALUInsts",0.00000000e+00,15251699739640,15251700510611
166665,171590,"Agent 2",1,1122884,1122884,10240,90,"ullm_paged_decode_attn_f32_kernel",256,1024,0,32,0,128,"Wavefronts",320.000000,15251699739640,15251700510611
166665,171624,"Agent 2",1,1122884,1122884,10240,90,"ullm_paged_decode_attn_f32_kernel",256,1024,0,32,0,128,"FETCH_SIZE",0.00000000e+00,15251707330706,15251708098956
166665,171624,"Agent 2",1,1122884,1122884,10240,90,"ullm_paged_decode_attn_f32_kernel",256,1024,0,32,0,128,"VALUInsts",0.00000000e+00,15251707330706,15251708098956
166665,171624,"Agent 2",1,1122884,1122884,10240,90,"ullm_paged_decode_attn_f32_kernel",256,1024,0,32,0,128,"Wavefronts",320.000000,15251707330706,15251708098956
166665,171658,"Agent 2",1,1122884,1122884,10240,90,"ullm_paged_decode_attn_f32_kernel",256,1024,0,32,0,128,"FETCH_SIZE",0.00000000e+00,15251714296883,15251715064214
166665,171658,"Agent 2",1,1122884,1122884,10240,90,"ullm_paged_decode_attn_f32_kernel",256,1024,0,32,0,128,"VALUInsts",0.00000000e+00,15251714296883,15251715064214
166665,171658,"Agent 2",1,1122884,1122884,10240,90,"ullm_paged_decode_attn_f32_kernel",256,1024,0,32,0,128,"Wavefronts",320.000000,15251714296883,15251715064214
166665,171692,"Agent 2",1,1122884,1122884,10240,90,"ullm_paged_decode_attn_f32_kernel",256,1024,0,32,0,128,"FETCH_SIZE",0.00000000e+00,15251721301221,15251722066191
166665,171692,"Agent 2",1,1122884,1122884,10240,90,"ullm_paged_decode_attn_f32_kernel",256,1024,0,32,0,128,"VALUInsts",0.00000000e+00,15251721301221,15251722066191
166665,171692,"Agent 2",1,1122884,1122884,10240,90,"ullm_paged_decode_attn_f32_kernel",256,1024,0,32,0,128,"Wavefronts",320.000000,15251721301221,15251722066191
166665,171726,"Agent 2",1,1122884,1122884,10240,90,"ullm_paged_decode_attn_f32_kernel",256,1024,0,32,0,128,"FETCH_SIZE",0.00000000e+00,15251728012914,15251728778325
166665,171726,"Agent 2",1,1122884,1122884,10240,90,"ullm_paged_decode_attn_f32_kernel",256,1024,0,32,0,128,"VALUInsts",0.00000000e+00,15251728012914,15251728778325
166665,171726,"Agent 2",1,1122884,1122884,10240,90,"ullm_paged_decode_attn_f32_kernel",256,1024,0,32,0,128,"Wavefronts",320.000000,15251728012914,15251728778325
166665,171760,"Agent 2",1,1122884,1122884,10240,90,"ullm_paged_decode_attn_f32_kernel",256,1024,0,32,0,128,"FETCH_SIZE",0.00000000e+00,15251734368363,15251735134733
166665,171760,"Agent 2",1,1122884,1122884,10240,90,"ullm_paged_decode_attn_f32_kernel",256,1024,0,32,0,128,"VALUInsts",0.00000000e+00,15251734368363,15251735134733
166665,171760,"Agent 2",1,1122884,1122884,10240,90,"ullm_paged_decode_attn_f32_kernel",256,1024,0,32,0,128,"Wavefronts",320.000000,15251734368363,15251735134733
166665,171794,"Agent 2",1,1122884,1122884,10240,90,"ullm_paged_decode_attn_f32_kernel",256,1024,0,32,0,128,"FETCH_SIZE",0.00000000e+00,15251740059647,15251740823658
166665,171794,"Agent 2",1,1122884,1122884,10240,90,"ullm_paged_decode_attn_f32_kernel",256,1024,0,32,0,128,"VALUInsts",0.00000000e+00,15251740059647,15251740823658
166665,171794,"Agent 2",1,1122884,1122884,10240,90,"ullm_paged_decode_attn_f32_kernel",256,1024,0,32,0,128,"Wavefronts",320.000000,15251740059647,15251740823658
166665,171828,"Agent 2",1,1122884,1122884,10240,90,"ullm_paged_decode_attn_f32_kernel",256,1024,0,32,0,128,"FETCH_SIZE",0.00000000e+00,15251745379040,15251746147291
166665,171828,"Agent 2",1,1122884,1122884,10240,90,"ullm_paged_decode_attn_f32_kernel",256,1024,0,32,0,128,"VALUInsts",0.00000000e+00,15251745379040,15251746147291
166665,171828,"Agent 2",1,1122884,1122884,10240,90,"ullm_paged_decode_attn_f32_kernel",256,1024,0,32,0,128,"Wavefronts",320.000000,15251745379040,15251746147291
166665,171862,"Agent 2",1,1122884,1122884,10240,90,"ullm_paged_decode_attn_f32_kernel",256,1024,0,32,0,128,"FETCH_SIZE",0.00000000e+00,15251750155187,15251750922038
166665,171862,"Agent 2",1,1122884,1122884,10240,90,"ullm_paged_decode_attn_f32_kernel",256,1024,0,32,0,128,"VALUInsts",0.00000000e+00,15251750155187,15251750922038
166665,171862,"Agent 2",1,1122884,1122884,10240,90,"ullm_paged_decode_attn_f32_kernel",256,1024,0,32,0,128,"Wavefronts",320.000000,15251750155187,15251750922038
166665,171896,"Agent 2",1,1122884,1122884,10240,90,"ullm_paged_decode_attn_f32_kernel",256,1024,0,32,0,128,"FETCH_SIZE",0.00000000e+00,15251755048335,15251755812266
166665,171896,"Agent 2",1,1122884,1122884,10240,90,"ullm_paged_decode_attn_f32_kernel",256,1024,0,32,0,128,"VALUInsts",0.00000000e+00,15251755048335,15251755812266
166665,171896,"Agent 2",1,1122884,1122884,10240,90,"ullm_paged_decode_attn_f32_kernel",256,1024,0,32,0,128,"Wavefronts",320.000000,15251755048335,15251755812266
166665,171930,"Agent 2",1,1122884,1122884,10240,90,"ullm_paged_decode_attn_f32_kernel",256,1024,0,32,0,128,"FETCH_SIZE",0.00000000e+00,15251760585933,15251761349943
166665,171930,"Agent 2",1,1122884,1122884,10240,90,"ullm_paged_decode_attn_f32_kernel",256,1024,0,32,0,128,"VALUInsts",0.00000000e+00,15251760585933,15251761349943
166665,171930,"Agent 2",1,1122884,1122884,10240,90,"ullm_paged_decode_attn_f32_kernel",256,1024,0,32,0,128,"Wavefronts",320.000000,15251760585933,15251761349943
166665,171964,"Agent 2",1,1122884,1122884,10240,90,"ullm_paged_decode_attn_f32_kernel",256,1024,0,32,0,128,"FETCH_SIZE",0.00000000e+00,15251766083969,15251766847740
166665,171964,"Agent 2",1,1122884,1122884,10240,90,"ullm_paged_decode_attn_f32_kernel",256,1024,0,32,0,128,"VALUInsts",0.00000000e+00,15251766083969,15251766847740
166665,171964,"Agent 2",1,1122884,1122884,10240,90,"ullm_paged_decode_attn_f32_kernel",256,1024,0,32,0,128,"Wavefronts",320.000000,15251766083969,15251766847740
166665,171998,"Agent 2",1,1122884,1122884,10240,90,"ullm_paged_decode_attn_f32_kernel",256,1024,0,32,0,128,"FETCH_SIZE",0.00000000e+00,15251770972877,15251771735888
166665,171998,"Agent 2",1,1122884,1122884,10240,90,"ullm_paged_decode_attn_f32_kernel",256,1024,0,32,0,128,"VALUInsts",0.00000000e+00,15251770972877,15251771735888
166665,171998,"Agent 2",1,1122884,1122884,10240,90,"ullm_paged_decode_attn_f32_kernel",256,1024,0,32,0,128,"Wavefronts",320.000000,15251770972877,15251771735888
166665,172032,"Agent 2",1,1122884,1122884,10240,90,"ullm_paged_decode_attn_f32_kernel",256,1024,0,32,0,128,"FETCH_SIZE",0.00000000e+00,15251775213657,15251775978867
166665,172032,"Agent 2",1,1122884,1122884,10240,90,"ullm_paged_decode_attn_f32_kernel",256,1024,0,32,0,128,"VALUInsts",0.00000000e+00,15251775213657,15251775978867
166665,172032,"Agent 2",1,1122884,1122884,10240,90,"ullm_paged_decode_attn_f32_kernel",256,1024,0,32,0,128,"Wavefronts",320.000000,15251775213657,15251775978867
166665,172066,"Agent 2",1,1122884,1122884,10240,90,"ullm_paged_decode_attn_f32_kernel",256,1024,0,32,0,128,"FETCH_SIZE",0.00000000e+00,15251778715785,15251779482476
166665,172066,"Agent 2",1,1122884,1122884,10240,90,"ullm_paged_decode_attn_f32_kernel",256,1024,0,32,0,128,"VALUInsts",0.00000000e+00,15251778715785,15251779482476
166665,172066,"Agent 2",1,1122884,1122884,10240,90,"ullm_paged_decode_attn_f32_kernel",256,1024,0,32,0,128,"Wavefronts",320.000000,15251778715785,15251779482476
166665,172100,"Agent 2",1,1122884,1122884,10240,90,"ullm_paged_decode_attn_f32_kernel",256,1024,0,32,0,128,"FETCH_SIZE",0.00000000e+00,15251781442703,15251782207434
166665,172100,"Agent 2",1,1122884,1122884,10240,90,"ullm_paged_decode_attn_f32_kernel",256,1024,0,32,0,128,"VALUInsts",0.00000000e+00,15251781442703,15251782207434
166665,172100,"Agent 2",1,1122884,1122884,10240,90,"ullm_paged_decode_attn_f32_kernel",256,1024,0,32,0,128,"Wavefronts",320.000000,15251781442703,15251782207434
166665,172138,"Agent 2",1,1122884,1122884,10240,90,"ullm_paged_decode_attn_f32_kernel",256,1024,0,32,0,128,"FETCH_SIZE",0.00000000e+00,15251790355418,15251791124148
166665,172138,"Agent 2",1,1122884,1122884,10240,90,"ullm_paged_decode_attn_f32_kernel",256,1024,0,32,0,128,"VALUInsts",0.00000000e+00,15251790355418,15251791124148
166665,172138,"Agent 2",1,1122884,1122884,10240,90,"ullm_paged_decode_attn_f32_kernel",256,1024,0,32,0,128,"Wavefronts",320.000000,15251790355418,15251791124148
166665,172172,"Agent 2",1,1122884,1122884,10240,90,"ullm_paged_decode_attn_f32_kernel",256,1024,0,32,0,128,"FETCH_SIZE",0.00000000e+00,15251792807372,15251793573783
166665,172172,"Agent 2",1,1122884,1122884,10240,90,"ullm_paged_decode_attn_f32_kernel",256,1024,0,32,0,128,"VALUInsts",0.00000000e+00,15251792807372,15251793573783
166665,172172,"Agent 2",1,1122884,1122884,10240,90,"ullm_paged_decode_attn_f32_kernel",256,1024,0,32,0,128,"Wavefronts",320.000000,15251792807372,15251793573783
166665,172206,"Agent 2",1,1122884,1122884,10240,90,"ullm_paged_decode_attn_f32_kernel",256,1024,0,32,0,128,"FETCH_SIZE",0.00000000e+00,15251795236486,15251796002737
166665,172206,"Agent 2",1,1122884,1122884,10240,90,"ullm_paged_decode_attn_f32_kernel",256,1024,0,32,0,128,"VALUInsts",0.00000000e+00,15251795236486,15251796002737
166665,172206,"Agent 2",1,1122884,1122884,10240,90,"ullm_paged_decode_attn_f32_kernel",256,1024,0,32,0,128,"Wavefronts",320.000000,15251795236486,15251796002737
166665,172240,"Agent 2",1,1122884,1122884,10240,90,"ullm_paged_decode_attn_f32_kernel",256,1024,0,32,0,128,"FETCH_SIZE",0.00000000e+00,15251797735961,15251798502611
166665,172240,"Agent 2",1,1122884,1122884,10240,90,"ullm_paged_decode_attn_f32_kernel",256,1024,0,32,0,128,"VALUInsts",0.00000000e+00,15251797735961,15251798502611
166665,172240,"Agent 2",1,1122884,1122884,10240,90,"ullm_paged_decode_attn_f32_kernel",256,1024,0,32,0,128,"Wavefronts",320.000000,15251797735961,15251798502611
166665,172274,"Agent 2",1,1122884,1122884,10240,90,"ullm_paged_decode_attn_f32_kernel",256,1024,0,32,0,128,"FETCH_SIZE",0.00000000e+00,15251800240476,15251801005886
166665,172274,"Agent 2",1,1122884,1122884,10240,90,"ullm_paged_decode_attn_f32_kernel",256,1024,0,32,0,128,"VALUInsts",0.00000000e+00,15251800240476,15251801005886
166665,172274,"Agent 2",1,1122884,1122884,10240,90,"ullm_paged_decode_attn_f32_kernel",256,1024,0,32,0,128,"Wavefronts",320.000000,15251800240476,15251801005886
166665,172308,"Agent 2",1,1122884,1122884,10240,90,"ullm_paged_decode_attn_f32_kernel",256,1024,0,32,0,128,"FETCH_SIZE",0.00000000e+00,15251802704963,15251803471494
166665,172308,"Agent 2",1,1122884,1122884,10240,90,"ullm_paged_decode_attn_f32_kernel",256,1024,0,32,0,128,"VALUInsts",0.00000000e+00,15251802704963,15251803471494
166665,172308,"Agent 2",1,1122884,1122884,10240,90,"ullm_paged_decode_attn_f32_kernel",256,1024,0,32,0,128,"Wavefronts",320.000000,15251802704963,15251803471494
166665,172342,"Agent 2",1,1122884,1122884,10240,90,"ullm_paged_decode_attn_f32_kernel",256,1024,0,32,0,128,"FETCH_SIZE",0.00000000e+00,15251805119996,15251805886527
166665,172342,"Agent 2",1,1122884,1122884,10240,90,"ullm_paged_decode_attn_f32_kernel",256,1024,0,32,0,128,"VALUInsts",0.00000000e+00,15251805119996,15251805886527
166665,172342,"Agent 2",1,1122884,1122884,10240,90,"ullm_paged_decode_attn_f32_kernel",256,1024,0,32,0,128,"Wavefronts",320.000000,15251805119996,15251805886527
166665,172376,"Agent 2",1,1122884,1122884,10240,90,"ullm_paged_decode_attn_f32_kernel",256,1024,0,32,0,128,"FETCH_SIZE",0.00000000e+00,15251807582470,15251808349081
166665,172376,"Agent 2",1,1122884,1122884,10240,90,"ullm_paged_decode_attn_f32_kernel",256,1024,0,32,0,128,"VALUInsts",0.00000000e+00,15251807582470,15251808349081
166665,172376,"Agent 2",1,1122884,1122884,10240,90,"ullm_paged_decode_attn_f32_kernel",256,1024,0,32,0,128,"Wavefronts",320.000000,15251807582470,15251808349081
166665,172410,"Agent 2",1,1122884,1122884,10240,90,"ullm_paged_decode_attn_f32_kernel",256,1024,0,32,0,128,"FETCH_SIZE",0.00000000e+00,15251809920823,15251810686554
166665,172410,"Agent 2",1,1122884,1122884,10240,90,"ullm_paged_decode_attn_f32_kernel",256,1024,0,32,0,128,"VALUInsts",0.00000000e+00,15251809920823,15251810686554
166665,172410,"Agent 2",1,1122884,1122884,10240,90,"ullm_paged_decode_attn_f32_kernel",256,1024,0,32,0,128,"Wavefronts",320.000000,15251809920823,15251810686554
166665,172444,"Agent 2",1,1122884,1122884,10240,90,"ullm_paged_decode_attn_f32_kernel",256,1024,0,32,0,128,"FETCH_SIZE",0.00000000e+00,15251812475618,15251813246029
166665,172444,"Agent 2",1,1122884,1122884,10240,90,"ullm_paged_decode_attn_f32_kernel",256,1024,0,32,0,128,"VALUInsts",0.00000000e+00,15251812475618,15251813246029
166665,172444,"Agent 2",1,1122884,1122884,10240,90,"ullm_paged_decode_attn_f32_kernel",256,1024,0,32,0,128,"Wavefronts",320.000000,15251812475618,15251813246029
166665,172478,"Agent 2",1,1122884,1122884,10240,90,"ullm_paged_decode_attn_f32_kernel",256,1024,0,32,0,128,"FETCH_SIZE",0.00000000e+00,15251814987614,15251815754464
166665,172478,"Agent 2",1,1122884,1122884,10240,90,"ullm_paged_decode_attn_f32_kernel",256,1024,0,32,0,128,"VALUInsts",0.00000000e+00,15251814987614,15251815754464
166665,172478,"Agent 2",1,1122884,1122884,10240,90,"ullm_paged_decode_attn_f32_kernel",256,1024,0,32,0,128,"Wavefronts",320.000000,15251814987614,15251815754464
166665,172512,"Agent 2",1,1122884,1122884,10240,90,"ullm_paged_decode_attn_f32_kernel",256,1024,0,32,0,128,"FETCH_SIZE",0.00000000e+00,15251817496609,15251818263979
166665,172512,"Agent 2",1,1122884,1122884,10240,90,"ullm_paged_decode_attn_f32_kernel",256,1024,0,32,0,128,"VALUInsts",0.00000000e+00,15251817496609,15251818263979
166665,172512,"Agent 2",1,1122884,1122884,10240,90,"ullm_paged_decode_attn_f32_kernel",256,1024,0,32,0,128,"Wavefronts",320.000000,15251817496609,15251818263979
166665,172546,"Agent 2",1,1122884,1122884,10240,90,"ullm_paged_decode_attn_f32_kernel",256,1024,0,32,0,128,"FETCH_SIZE",0.00000000e+00,15251820069484,15251820834615
166665,172546,"Agent 2",1,1122884,1122884,10240,90,"ullm_paged_decode_attn_f32_kernel",256,1024,0,32,0,128,"VALUInsts",0.00000000e+00,15251820069484,15251820834615
166665,172546,"Agent 2",1,1122884,1122884,10240,90,"ullm_paged_decode_attn_f32_kernel",256,1024,0,32,0,128,"Wavefronts",320.000000,15251820069484,15251820834615
166665,172580,"Agent 2",1,1122884,1122884,10240,90,"ullm_paged_decode_attn_f32_kernel",256,1024,0,32,0,128,"FETCH_SIZE",0.00000000e+00,15251822610360,15251823377971
166665,172580,"Agent 2",1,1122884,1122884,10240,90,"ullm_paged_decode_attn_f32_kernel",256,1024,0,32,0,128,"VALUInsts",0.00000000e+00,15251822610360,15251823377971
166665,172580,"Agent 2",1,1122884,1122884,10240,90,"ullm_paged_decode_attn_f32_kernel",256,1024,0,32,0,128,"Wavefronts",320.000000,15251822610360,15251823377971
166665,172614,"Agent 2",1,1122884,1122884,10240,90,"ullm_paged_decode_attn_f32_kernel",256,1024,0,32,0,128,"FETCH_SIZE",0.00000000e+00,15251825172996,15251825938406
166665,172614,"Agent 2",1,1122884,1122884,10240,90,"ullm_paged_decode_attn_f32_kernel",256,1024,0,32,0,128,"VALUInsts",0.00000000e+00,15251825172996,15251825938406
166665,172614,"Agent 2",1,1122884,1122884,10240,90,"ullm_paged_decode_attn_f32_kernel",256,1024,0,32,0,128,"Wavefronts",320.000000,15251825172996,15251825938406
166665,172648,"Agent 2",1,1122884,1122884,10240,90,"ullm_paged_decode_attn_f32_kernel",256,1024,0,32,0,128,"FETCH_SIZE",0.00000000e+00,15251827856553,15251828625164
166665,172648,"Agent 2",1,1122884,1122884,10240,90,"ullm_paged_decode_attn_f32_kernel",256,1024,0,32,0,128,"VALUInsts",0.00000000e+00,15251827856553,15251828625164
166665,172648,"Agent 2",1,1122884,1122884,10240,90,"ullm_paged_decode_attn_f32_kernel",256,1024,0,32,0,128,"Wavefronts",320.000000,15251827856553,15251828625164
166665,172682,"Agent 2",1,1122884,1122884,10240,90,"ullm_paged_decode_attn_f32_kernel",256,1024,0,32,0,128,"FETCH_SIZE",0.00000000e+00,15251830872755,15251831638886
166665,172682,"Agent 2",1,1122884,1122884,10240,90,"ullm_paged_decode_attn_f32_kernel",256,1024,0,32,0,128,"VALUInsts",0.00000000e+00,15251830872755,15251831638886
166665,172682,"Agent 2",1,1122884,1122884,10240,90,"ullm_paged_decode_attn_f32_kernel",256,1024,0,32,0,128,"Wavefronts",320.000000,15251830872755,15251831638886
166665,172716,"Agent 2",1,1122884,1122884,10240,90,"ullm_paged_decode_attn_f32_kernel",256,1024,0,32,0,128,"FETCH_SIZE",0.00000000e+00,15251833843516,15251834609407
166665,172716,"Agent 2",1,1122884,1122884,10240,90,"ullm_paged_decode_attn_f32_kernel",256,1024,0,32,0,128,"VALUInsts",0.00000000e+00,15251833843516,15251834609407
166665,172716,"Agent 2",1,1122884,1122884,10240,90,"ullm_paged_decode_attn_f32_kernel",256,1024,0,32,0,128,"Wavefronts",320.000000,15251833843516,15251834609407
166665,172750,"Agent 2",1,1122884,1122884,10240,90,"ullm_paged_decode_attn_f32_kernel",256,1024,0,32,0,128,"FETCH_SIZE",0.00000000e+00,15251836990720,15251837756091
166665,172750,"Agent 2",1,1122884,1122884,10240,90,"ullm_paged_decode_attn_f32_kernel",256,1024,0,32,0,128,"VALUInsts",0.00000000e+00,15251836990720,15251837756091
166665,172750,"Agent 2",1,1122884,1122884,10240,90,"ullm_paged_decode_attn_f32_kernel",256,1024,0,32,0,128,"Wavefronts",320.000000,15251836990720,15251837756091
166665,172784,"Agent 2",1,1122884,1122884,10240,90,"ullm_paged_decode_attn_f32_kernel",256,1024,0,32,0,128,"FETCH_SIZE",0.00000000e+00,15251840437368,15251841204299
166665,172784,"Agent 2",1,1122884,1122884,10240,90,"ullm_paged_decode_attn_f32_kernel",256,1024,0,32,0,128,"VALUInsts",0.00000000e+00,15251840437368,15251841204299
166665,172784,"Agent 2",1,1122884,1122884,10240,90,"ullm_paged_decode_attn_f32_kernel",256,1024,0,32,0,128,"Wavefronts",320.000000,15251840437368,15251841204299
166665,172818,"Agent 2",1,1122884,1122884,10240,90,"ullm_paged_decode_attn_f32_kernel",256,1024,0,32,0,128,"FETCH_SIZE",0.00000000e+00,15251844176941,15251844942191
166665,172818,"Agent 2",1,1122884,1122884,10240,90,"ullm_paged_decode_attn_f32_kernel",256,1024,0,32,0,128,"VALUInsts",0.00000000e+00,15251844176941,15251844942191
166665,172818,"Agent 2",1,1122884,1122884,10240,90,"ullm_paged_decode_attn_f32_kernel",256,1024,0,32,0,128,"Wavefronts",320.000000,15251844176941,15251844942191
166665,172852,"Agent 2",1,1122884,1122884,10240,90,"ullm_paged_decode_attn_f32_kernel",256,1024,0,32,0,128,"FETCH_SIZE",0.00000000e+00,15251848359559,15251849129850
166665,172852,"Agent 2",1,1122884,1122884,10240,90,"ullm_paged_decode_attn_f32_kernel",256,1024,0,32,0,128,"VALUInsts",0.00000000e+00,15251848359559,15251849129850
166665,172852,"Agent 2",1,1122884,1122884,10240,90,"ullm_paged_decode_attn_f32_kernel",256,1024,0,32,0,128,"Wavefronts",320.000000,15251848359559,15251849129850
166665,172886,"Agent 2",1,1122884,1122884,10240,90,"ullm_paged_decode_attn_f32_kernel",256,1024,0,32,0,128,"FETCH_SIZE",0.00000000e+00,15251853197666,15251853964837
166665,172886,"Agent 2",1,1122884,1122884,10240,90,"ullm_paged_decode_attn_f32_kernel",256,1024,0,32,0,128,"VALUInsts",0.00000000e+00,15251853197666,15251853964837
166665,172886,"Agent 2",1,1122884,1122884,10240,90,"ullm_paged_decode_attn_f32_kernel",256,1024,0,32,0,128,"Wavefronts",320.000000,15251853197666,15251853964837
166665,172920,"Agent 2",1,1122884,1122884,10240,90,"ullm_paged_decode_attn_f32_kernel",256,1024,0,32,0,128,"FETCH_SIZE",0.00000000e+00,15251858507380,15251859271791
166665,172920,"Agent 2",1,1122884,1122884,10240,90,"ullm_paged_decode_attn_f32_kernel",256,1024,0,32,0,128,"VALUInsts",0.00000000e+00,15251858507380,15251859271791
166665,172920,"Agent 2",1,1122884,1122884,10240,90,"ullm_paged_decode_attn_f32_kernel",256,1024,0,32,0,128,"Wavefronts",320.000000,15251858507380,15251859271791
166665,172954,"Agent 2",1,1122884,1122884,10240,90,"ullm_paged_decode_attn_f32_kernel",256,1024,0,32,0,128,"FETCH_SIZE",0.00000000e+00,15251863133525,15251863898896
166665,172954,"Agent 2",1,1122884,1122884,10240,90,"ullm_paged_decode_attn_f32_kernel",256,1024,0,32,0,128,"VALUInsts",0.00000000e+00,15251863133525,15251863898896
166665,172954,"Agent 2",1,1122884,1122884,10240,90,"ullm_paged_decode_attn_f32_kernel",256,1024,0,32,0,128,"Wavefronts",320.000000,15251863133525,15251863898896
166665,172988,"Agent 2",1,1122884,1122884,10240,90,"ullm_paged_decode_attn_f32_kernel",256,1024,0,32,0,128,"FETCH_SIZE",0.00000000e+00,15251867690102,15251868456033
166665,172988,"Agent 2",1,1122884,1122884,10240,90,"ullm_paged_decode_attn_f32_kernel",256,1024,0,32,0,128,"VALUInsts",0.00000000e+00,15251867690102,15251868456033
166665,172988,"Agent 2",1,1122884,1122884,10240,90,"ullm_paged_decode_attn_f32_kernel",256,1024,0,32,0,128,"Wavefronts",320.000000,15251867690102,15251868456033
166665,173022,"Agent 2",1,1122884,1122884,10240,90,"ullm_paged_decode_attn_f32_kernel",256,1024,0,32,0,128,"FETCH_SIZE",0.00000000e+00,15251872635531,15251873404302
166665,173022,"Agent 2",1,1122884,1122884,10240,90,"ullm_paged_decode_attn_f32_kernel",256,1024,0,32,0,128,"VALUInsts",0.00000000e+00,15251872635531,15251873404302
166665,173022,"Agent 2",1,1122884,1122884,10240,90,"ullm_paged_decode_attn_f32_kernel",256,1024,0,32,0,128,"Wavefronts",320.000000,15251872635531,15251873404302
166665,173056,"Agent 2",1,1122884,1122884,10240,90,"ullm_paged_decode_attn_f32_kernel",256,1024,0,32,0,128,"FETCH_SIZE",0.00000000e+00,15251877849964,15251878615375
166665,173056,"Agent 2",1,1122884,1122884,10240,90,"ullm_paged_decode_attn_f32_kernel",256,1024,0,32,0,128,"VALUInsts",0.00000000e+00,15251877849964,15251878615375
166665,173056,"Agent 2",1,1122884,1122884,10240,90,"ullm_paged_decode_attn_f32_kernel",256,1024,0,32,0,128,"Wavefronts",320.000000,15251877849964,15251878615375
166665,173090,"Agent 2",1,1122884,1122884,10240,90,"ullm_paged_decode_attn_f32_kernel",256,1024,0,32,0,128,"FETCH_SIZE",0.00000000e+00,15251883689085,15251884456816
166665,173090,"Agent 2",1,1122884,1122884,10240,90,"ullm_paged_decode_attn_f32_kernel",256,1024,0,32,0,128,"VALUInsts",0.00000000e+00,15251883689085,15251884456816
166665,173090,"Agent 2",1,1122884,1122884,10240,90,"ullm_paged_decode_attn_f32_kernel",256,1024,0,32,0,128,"Wavefronts",320.000000,15251883689085,15251884456816
166665,173124,"Agent 2",1,1122884,1122884,10240,90,"ullm_paged_decode_attn_f32_kernel",256,1024,0,32,0,128,"FETCH_SIZE",0.00000000e+00,15251890062734,15251890828145
166665,173124,"Agent 2",1,1122884,1122884,10240,90,"ullm_paged_decode_attn_f32_kernel",256,1024,0,32,0,128,"VALUInsts",0.00000000e+00,15251890062734,15251890828145
166665,173124,"Agent 2",1,1122884,1122884,10240,90,"ullm_paged_decode_attn_f32_kernel",256,1024,0,32,0,128,"Wavefronts",320.000000,15251890062734,15251890828145
166665,173158,"Agent 2",1,1122884,1122884,10240,90,"ullm_paged_decode_attn_f32_kernel",256,1024,0,32,0,128,"FETCH_SIZE",0.00000000e+00,15251895791574,15251896559345
166665,173158,"Agent 2",1,1122884,1122884,10240,90,"ullm_paged_decode_attn_f32_kernel",256,1024,0,32,0,128,"VALUInsts",0.00000000e+00,15251895791574,15251896559345
166665,173158,"Agent 2",1,1122884,1122884,10240,90,"ullm_paged_decode_attn_f32_kernel",256,1024,0,32,0,128,"Wavefronts",320.000000,15251895791574,15251896559345
166665,173192,"Agent 2",1,1122884,1122884,10240,90,"ullm_paged_decode_attn_f32_kernel",256,1024,0,32,0,128,"FETCH_SIZE",0.00000000e+00,15251901146689,15251901913619
166665,173192,"Agent 2",1,1122884,1122884,10240,90,"ullm_paged_decode_attn_f32_kernel",256,1024,0,32,0,128,"VALUInsts",0.00000000e+00,15251901146689,15251901913619
166665,173192,"Agent 2",1,1122884,1122884,10240,90,"ullm_paged_decode_attn_f32_kernel",256,1024,0,32,0,128,"Wavefronts",320.000000,15251901146689,15251901913619
166665,173226,"Agent 2",1,1122884,1122884,10240,90,"ullm_paged_decode_attn_f32_kernel",256,1024,0,32,0,128,"FETCH_SIZE",0.00000000e+00,15251906435523,15251907201293
166665,173226,"Agent 2",1,1122884,1122884,10240,90,"ullm_paged_decode_attn_f32_kernel",256,1024,0,32,0,128,"VALUInsts",0.00000000e+00,15251906435523,15251907201293
166665,173226,"Agent 2",1,1122884,1122884,10240,90,"ullm_paged_decode_attn_f32_kernel",256,1024,0,32,0,128,"Wavefronts",320.000000,15251906435523,15251907201293
166665,173260,"Agent 2",1,1122884,1122884,10240,90,"ullm_paged_decode_attn_f32_kernel",256,1024,0,32,0,128,"FETCH_SIZE",0.00000000e+00,15251911165268,15251911931919
166665,173260,"Agent 2",1,1122884,1122884,10240,90,"ullm_paged_decode_attn_f32_kernel",256,1024,0,32,0,128,"VALUInsts",0.00000000e+00,15251911165268,15251911931919
166665,173260,"Agent 2",1,1122884,1122884,10240,90,"ullm_paged_decode_attn_f32_kernel",256,1024,0,32,0,128,"Wavefronts",320.000000,15251911165268,15251911931919
166665,173294,"Agent 2",1,1122884,1122884,10240,90,"ullm_paged_decode_attn_f32_kernel",256,1024,0,32,0,128,"FETCH_SIZE",0.00000000e+00,15251916409062,15251917175952
166665,173294,"Agent 2",1,1122884,1122884,10240,90,"ullm_paged_decode_attn_f32_kernel",256,1024,0,32,0,128,"VALUInsts",0.00000000e+00,15251916409062,15251917175952
166665,173294,"Agent 2",1,1122884,1122884,10240,90,"ullm_paged_decode_attn_f32_kernel",256,1024,0,32,0,128,"Wavefronts",320.000000,15251916409062,15251917175952
166665,173328,"Agent 2",1,1122884,1122884,10240,90,"ullm_paged_decode_attn_f32_kernel",256,1024,0,32,0,128,"FETCH_SIZE",0.00000000e+00,15251921716976,15251922484506
166665,173328,"Agent 2",1,1122884,1122884,10240,90,"ullm_paged_decode_attn_f32_kernel",256,1024,0,32,0,128,"VALUInsts",0.00000000e+00,15251921716976,15251922484506
166665,173328,"Agent 2",1,1122884,1122884,10240,90,"ullm_paged_decode_attn_f32_kernel",256,1024,0,32,0,128,"Wavefronts",320.000000,15251921716976,15251922484506
166665,173362,"Agent 2",1,1122884,1122884,10240,90,"ullm_paged_decode_attn_f32_kernel",256,1024,0,32,0,128,"FETCH_SIZE",0.00000000e+00,15251926829967,15251927595418
166665,173362,"Agent 2",1,1122884,1122884,10240,90,"ullm_paged_decode_attn_f32_kernel",256,1024,0,32,0,128,"VALUInsts",0.00000000e+00,15251926829967,15251927595418
166665,173362,"Agent 2",1,1122884,1122884,10240,90,"ullm_paged_decode_attn_f32_kernel",256,1024,0,32,0,128,"Wavefronts",320.000000,15251926829967,15251927595418
166665,173396,"Agent 2",1,1122884,1122884,10240,90,"ullm_paged_decode_attn_f32_kernel",256,1024,0,32,0,128,"FETCH_SIZE",0.00000000e+00,15251931014068,15251931778638
166665,173396,"Agent 2",1,1122884,1122884,10240,90,"ullm_paged_decode_attn_f32_kernel",256,1024,0,32,0,128,"VALUInsts",0.00000000e+00,15251931014068,15251931778638
166665,173396,"Agent 2",1,1122884,1122884,10240,90,"ullm_paged_decode_attn_f32_kernel",256,1024,0,32,0,128,"Wavefronts",320.000000,15251931014068,15251931778638
166665,173430,"Agent 2",1,1122884,1122884,10240,90,"ullm_paged_decode_attn_f32_kernel",256,1024,0,32,0,128,"FETCH_SIZE",0.00000000e+00,15251934387875,15251935155245
166665,173430,"Agent 2",1,1122884,1122884,10240,90,"ullm_paged_decode_attn_f32_kernel",256,1024,0,32,0,128,"VALUInsts",0.00000000e+00,15251934387875,15251935155245
166665,173430,"Agent 2",1,1122884,1122884,10240,90,"ullm_paged_decode_attn_f32_kernel",256,1024,0,32,0,128,"Wavefronts",320.000000,15251934387875,15251935155245
166665,173464,"Agent 2",1,1122884,1122884,10240,90,"ullm_paged_decode_attn_f32_kernel",256,1024,0,32,0,128,"FETCH_SIZE",0.00000000e+00,15251937132633,15251937897684
166665,173464,"Agent 2",1,1122884,1122884,10240,90,"ullm_paged_decode_attn_f32_kernel",256,1024,0,32,0,128,"VALUInsts",0.00000000e+00,15251937132633,15251937897684
166665,173464,"Agent 2",1,1122884,1122884,10240,90,"ullm_paged_decode_attn_f32_kernel",256,1024,0,32,0,128,"Wavefronts",320.000000,15251937132633,15251937897684
166665,173502,"Agent 2",1,1122884,1122884,10240,90,"ullm_paged_decode_attn_f32_kernel",256,1024,0,32,0,128,"FETCH_SIZE",0.00000000e+00,15251946218420,15251946987150
166665,173502,"Agent 2",1,1122884,1122884,10240,90,"ullm_paged_decode_attn_f32_kernel",256,1024,0,32,0,128,"VALUInsts",0.00000000e+00,15251946218420,15251946987150
166665,173502,"Agent 2",1,1122884,1122884,10240,90,"ullm_paged_decode_attn_f32_kernel",256,1024,0,32,0,128,"Wavefronts",320.000000,15251946218420,15251946987150
166665,173536,"Agent 2",1,1122884,1122884,10240,90,"ullm_paged_decode_attn_f32_kernel",256,1024,0,32,0,128,"FETCH_SIZE",0.00000000e+00,15251948694414,15251949463185
166665,173536,"Agent 2",1,1122884,1122884,10240,90,"ullm_paged_decode_attn_f32_kernel",256,1024,0,32,0,128,"VALUInsts",0.00000000e+00,15251948694414,15251949463185
166665,173536,"Agent 2",1,1122884,1122884,10240,90,"ullm_paged_decode_attn_f32_kernel",256,1024,0,32,0,128,"Wavefronts",320.000000,15251948694414,15251949463185
166665,173570,"Agent 2",1,1122884,1122884,10240,90,"ullm_paged_decode_attn_f32_kernel",256,1024,0,32,0,128,"FETCH_SIZE",0.00000000e+00,15251951189769,15251951959460
166665,173570,"Agent 2",1,1122884,1122884,10240,90,"ullm_paged_decode_attn_f32_kernel",256,1024,0,32,0,128,"VALUInsts",0.00000000e+00,15251951189769,15251951959460
166665,173570,"Agent 2",1,1122884,1122884,10240,90,"ullm_paged_decode_attn_f32_kernel",256,1024,0,32,0,128,"Wavefronts",320.000000,15251951189769,15251951959460
166665,173604,"Agent 2",1,1122884,1122884,10240,90,"ullm_paged_decode_attn_f32_kernel",256,1024,0,32,0,128,"FETCH_SIZE",0.00000000e+00,15251953719404,15251954486095
166665,173604,"Agent 2",1,1122884,1122884,10240,90,"ullm_paged_decode_attn_f32_kernel",256,1024,0,32,0,128,"VALUInsts",0.00000000e+00,15251953719404,15251954486095
166665,173604,"Agent 2",1,1122884,1122884,10240,90,"ullm_paged_decode_attn_f32_kernel",256,1024,0,32,0,128,"Wavefronts",320.000000,15251953719404,15251954486095
166665,173638,"Agent 2",1,1122884,1122884,10240,90,"ullm_paged_decode_attn_f32_kernel",256,1024,0,32,0,128,"FETCH_SIZE",0.00000000e+00,15251956259920,15251957029771
166665,173638,"Agent 2",1,1122884,1122884,10240,90,"ullm_paged_decode_attn_f32_kernel",256,1024,0,32,0,128,"VALUInsts",0.00000000e+00,15251956259920,15251957029771
166665,173638,"Agent 2",1,1122884,1122884,10240,90,"ullm_paged_decode_attn_f32_kernel",256,1024,0,32,0,128,"Wavefronts",320.000000,15251956259920,15251957029771
166665,173672,"Agent 2",1,1122884,1122884,10240,90,"ullm_paged_decode_attn_f32_kernel",256,1024,0,32,0,128,"FETCH_SIZE",0.00000000e+00,15251958765275,15251959533366
166665,173672,"Agent 2",1,1122884,1122884,10240,90,"ullm_paged_decode_attn_f32_kernel",256,1024,0,32,0,128,"VALUInsts",0.00000000e+00,15251958765275,15251959533366
166665,173672,"Agent 2",1,1122884,1122884,10240,90,"ullm_paged_decode_attn_f32_kernel",256,1024,0,32,0,128,"Wavefronts",320.000000,15251958765275,15251959533366
166665,173706,"Agent 2",1,1122884,1122884,10240,90,"ullm_paged_decode_attn_f32_kernel",256,1024,0,32,0,128,"FETCH_SIZE",0.00000000e+00,15251961601354,15251962367045
166665,173706,"Agent 2",1,1122884,1122884,10240,90,"ullm_paged_decode_attn_f32_kernel",256,1024,0,32,0,128,"VALUInsts",0.00000000e+00,15251961601354,15251962367045
166665,173706,"Agent 2",1,1122884,1122884,10240,90,"ullm_paged_decode_attn_f32_kernel",256,1024,0,32,0,128,"Wavefronts",320.000000,15251961601354,15251962367045
166665,173740,"Agent 2",1,1122884,1122884,10240,90,"ullm_paged_decode_attn_f32_kernel",256,1024,0,32,0,128,"FETCH_SIZE",0.00000000e+00,15251964272832,15251965039122
166665,173740,"Agent 2",1,1122884,1122884,10240,90,"ullm_paged_decode_attn_f32_kernel",256,1024,0,32,0,128,"VALUInsts",0.00000000e+00,15251964272832,15251965039122
166665,173740,"Agent 2",1,1122884,1122884,10240,90,"ullm_paged_decode_attn_f32_kernel",256,1024,0,32,0,128,"Wavefronts",320.000000,15251964272832,15251965039122
166665,173774,"Agent 2",1,1122884,1122884,10240,90,"ullm_paged_decode_attn_f32_kernel",256,1024,0,32,0,128,"FETCH_SIZE",0.00000000e+00,15251967121191,15251967887042
166665,173774,"Agent 2",1,1122884,1122884,10240,90,"ullm_paged_decode_attn_f32_kernel",256,1024,0,32,0,128,"VALUInsts",0.00000000e+00,15251967121191,15251967887042
166665,173774,"Agent 2",1,1122884,1122884,10240,90,"ullm_paged_decode_attn_f32_kernel",256,1024,0,32,0,128,"Wavefronts",320.000000,15251967121191,15251967887042
166665,173808,"Agent 2",1,1122884,1122884,10240,90,"ullm_paged_decode_attn_f32_kernel",256,1024,0,32,0,128,"FETCH_SIZE",0.00000000e+00,15251970086473,15251970852043
166665,173808,"Agent 2",1,1122884,1122884,10240,90,"ullm_paged_decode_attn_f32_kernel",256,1024,0,32,0,128,"VALUInsts",0.00000000e+00,15251970086473,15251970852043
166665,173808,"Agent 2",1,1122884,1122884,10240,90,"ullm_paged_decode_attn_f32_kernel",256,1024,0,32,0,128,"Wavefronts",320.000000,15251970086473,15251970852043
166665,173842,"Agent 2",1,1122884,1122884,10240,90,"ullm_paged_decode_attn_f32_kernel",256,1024,0,32,0,128,"FETCH_SIZE",0.00000000e+00,15251973120835,15251973888326
166665,173842,"Agent 2",1,1122884,1122884,10240,90,"ullm_paged_decode_attn_f32_kernel",256,1024,0,32,0,128,"VALUInsts",0.00000000e+00,15251973120835,15251973888326
166665,173842,"Agent 2",1,1122884,1122884,10240,90,"ullm_paged_decode_attn_f32_kernel",256,1024,0,32,0,128,"Wavefronts",320.000000,15251973120835,15251973888326
166665,173876,"Agent 2",1,1122884,1122884,10240,90,"ullm_paged_decode_attn_f32_kernel",256,1024,0,32,0,128,"FETCH_SIZE",0.00000000e+00,15251976352120,15251977124811
166665,173876,"Agent 2",1,1122884,1122884,10240,90,"ullm_paged_decode_attn_f32_kernel",256,1024,0,32,0,128,"VALUInsts",0.00000000e+00,15251976352120,15251977124811
166665,173876,"Agent 2",1,1122884,1122884,10240,90,"ullm_paged_decode_attn_f32_kernel",256,1024,0,32,0,128,"Wavefronts",320.000000,15251976352120,15251977124811
166665,173910,"Agent 2",1,1122884,1122884,10240,90,"ullm_paged_decode_attn_f32_kernel",256,1024,0,32,0,128,"FETCH_SIZE",0.00000000e+00,15251979880729,15251980647140
166665,173910,"Agent 2",1,1122884,1122884,10240,90,"ullm_paged_decode_attn_f32_kernel",256,1024,0,32,0,128,"VALUInsts",0.00000000e+00,15251979880729,15251980647140
166665,173910,"Agent 2",1,1122884,1122884,10240,90,"ullm_paged_decode_attn_f32_kernel",256,1024,0,32,0,128,"Wavefronts",320.000000,15251979880729,15251980647140
166665,173944,"Agent 2",1,1122884,1122884,10240,90,"ullm_paged_decode_attn_f32_kernel",256,1024,0,32,0,128,"FETCH_SIZE",0.00000000e+00,15251983377298,15251984144429
166665,173944,"Agent 2",1,1122884,1122884,10240,90,"ullm_paged_decode_attn_f32_kernel",256,1024,0,32,0,128,"VALUInsts",0.00000000e+00,15251983377298,15251984144429
166665,173944,"Agent 2",1,1122884,1122884,10240,90,"ullm_paged_decode_attn_f32_kernel",256,1024,0,32,0,128,"Wavefronts",320.000000,15251983377298,15251984144429
166665,173978,"Agent 2",1,1122884,1122884,10240,90,"ullm_paged_decode_attn_f32_kernel",256,1024,0,32,0,128,"FETCH_SIZE",0.00000000e+00,15251987167871,15251987937802
166665,173978,"Agent 2",1,1122884,1122884,10240,90,"ullm_paged_decode_attn_f32_kernel",256,1024,0,32,0,128,"VALUInsts",0.00000000e+00,15251987167871,15251987937802
166665,173978,"Agent 2",1,1122884,1122884,10240,90,"ullm_paged_decode_attn_f32_kernel",256,1024,0,32,0,128,"Wavefronts",320.000000,15251987167871,15251987937802
166665,174012,"Agent 2",1,1122884,1122884,10240,90,"ullm_paged_decode_attn_f32_kernel",256,1024,0,32,0,128,"FETCH_SIZE",0.00000000e+00,15251991357065,15251992125316
166665,174012,"Agent 2",1,1122884,1122884,10240,90,"ullm_paged_decode_attn_f32_kernel",256,1024,0,32,0,128,"VALUInsts",0.00000000e+00,15251991357065,15251992125316
166665,174012,"Agent 2",1,1122884,1122884,10240,90,"ullm_paged_decode_attn_f32_kernel",256,1024,0,32,0,128,"Wavefronts",320.000000,15251991357065,15251992125316
166665,174046,"Agent 2",1,1122884,1122884,10240,90,"ullm_paged_decode_attn_f32_kernel",256,1024,0,32,0,128,"FETCH_SIZE",0.00000000e+00,15251995720285,15251996487856
166665,174046,"Agent 2",1,1122884,1122884,10240,90,"ullm_paged_decode_attn_f32_kernel",256,1024,0,32,0,128,"VALUInsts",0.00000000e+00,15251995720285,15251996487856
166665,174046,"Agent 2",1,1122884,1122884,10240,90,"ullm_paged_decode_attn_f32_kernel",256,1024,0,32,0,128,"Wavefronts",320.000000,15251995720285,15251996487856
166665,174080,"Agent 2",1,1122884,1122884,10240,90,"ullm_paged_decode_attn_f32_kernel",256,1024,0,32,0,128,"FETCH_SIZE",0.00000000e+00,15252000240188,15252001007639
166665,174080,"Agent 2",1,1122884,1122884,10240,90,"ullm_paged_decode_attn_f32_kernel",256,1024,0,32,0,128,"VALUInsts",0.00000000e+00,15252000240188,15252001007639
166665,174080,"Agent 2",1,1122884,1122884,10240,90,"ullm_paged_decode_attn_f32_kernel",256,1024,0,32,0,128,"Wavefronts",320.000000,15252000240188,15252001007639
166665,174114,"Agent 2",1,1122884,1122884,10240,90,"ullm_paged_decode_attn_f32_kernel",256,1024,0,32,0,128,"FETCH_SIZE",0.00000000e+00,15252004561768,15252005328259
166665,174114,"Agent 2",1,1122884,1122884,10240,90,"ullm_paged_decode_attn_f32_kernel",256,1024,0,32,0,128,"VALUInsts",0.00000000e+00,15252004561768,15252005328259
166665,174114,"Agent 2",1,1122884,1122884,10240,90,"ullm_paged_decode_attn_f32_kernel",256,1024,0,32,0,128,"Wavefronts",320.000000,15252004561768,15252005328259
166665,174148,"Agent 2",1,1122884,1122884,10240,90,"ullm_paged_decode_attn_f32_kernel",256,1024,0,32,0,128,"FETCH_SIZE",0.00000000e+00,15252008414902,15252009184353
166665,174148,"Agent 2",1,1122884,1122884,10240,90,"ullm_paged_decode_attn_f32_kernel",256,1024,0,32,0,128,"VALUInsts",0.00000000e+00,15252008414902,15252009184353
166665,174148,"Agent 2",1,1122884,1122884,10240,90,"ullm_paged_decode_attn_f32_kernel",256,1024,0,32,0,128,"Wavefronts",320.000000,15252008414902,15252009184353
166665,174182,"Agent 2",1,1122884,1122884,10240,90,"ullm_paged_decode_attn_f32_kernel",256,1024,0,32,0,128,"FETCH_SIZE",0.00000000e+00,15252012608920,15252013374331
166665,174182,"Agent 2",1,1122884,1122884,10240,90,"ullm_paged_decode_attn_f32_kernel",256,1024,0,32,0,128,"VALUInsts",0.00000000e+00,15252012608920,15252013374331
166665,174182,"Agent 2",1,1122884,1122884,10240,90,"ullm_paged_decode_attn_f32_kernel",256,1024,0,32,0,128,"Wavefronts",320.000000,15252012608920,15252013374331
166665,174216,"Agent 2",1,1122884,1122884,10240,90,"ullm_paged_decode_attn_f32_kernel",256,1024,0,32,0,128,"FETCH_SIZE",0.00000000e+00,15252016879300,15252017647351
166665,174216,"Agent 2",1,1122884,1122884,10240,90,"ullm_paged_decode_attn_f32_kernel",256,1024,0,32,0,128,"VALUInsts",0.00000000e+00,15252016879300,15252017647351
166665,174216,"Agent 2",1,1122884,1122884,10240,90,"ullm_paged_decode_attn_f32_kernel",256,1024,0,32,0,128,"Wavefronts",320.000000,15252016879300,15252017647351
166665,174250,"Agent 2",1,1122884,1122884,10240,90,"ullm_paged_decode_attn_f32_kernel",256,1024,0,32,0,128,"FETCH_SIZE",0.00000000e+00,15252021384763,15252022152933
166665,174250,"Agent 2",1,1122884,1122884,10240,90,"ullm_paged_decode_attn_f32_kernel",256,1024,0,32,0,128,"VALUInsts",0.00000000e+00,15252021384763,15252022152933
166665,174250,"Agent 2",1,1122884,1122884,10240,90,"ullm_paged_decode_attn_f32_kernel",256,1024,0,32,0,128,"Wavefronts",320.000000,15252021384763,15252022152933
166665,174284,"Agent 2",1,1122884,1122884,10240,90,"ullm_paged_decode_attn_f32_kernel",256,1024,0,32,0,128,"FETCH_SIZE",0.00000000e+00,15252026070228,15252026842519
166665,174284,"Agent 2",1,1122884,1122884,10240,90,"ullm_paged_decode_attn_f32_kernel",256,1024,0,32,0,128,"VALUInsts",0.00000000e+00,15252026070228,15252026842519
166665,174284,"Agent 2",1,1122884,1122884,10240,90,"ullm_paged_decode_attn_f32_kernel",256,1024,0,32,0,128,"Wavefronts",320.000000,15252026070228,15252026842519
166665,174318,"Agent 2",1,1122884,1122884,10240,90,"ullm_paged_decode_attn_f32_kernel",256,1024,0,32,0,128,"FETCH_SIZE",0.00000000e+00,15252030911776,15252031679266
166665,174318,"Agent 2",1,1122884,1122884,10240,90,"ullm_paged_decode_attn_f32_kernel",256,1024,0,32,0,128,"VALUInsts",0.00000000e+00,15252030911776,15252031679266
166665,174318,"Agent 2",1,1122884,1122884,10240,90,"ullm_paged_decode_attn_f32_kernel",256,1024,0,32,0,128,"Wavefronts",320.000000,15252030911776,15252031679266
166665,174352,"Agent 2",1,1122884,1122884,10240,90,"ullm_paged_decode_attn_f32_kernel",256,1024,0,32,0,128,"FETCH_SIZE",0.00000000e+00,15252036988500,15252037756351
166665,174352,"Agent 2",1,1122884,1122884,10240,90,"ullm_paged_decode_attn_f32_kernel",256,1024,0,32,0,128,"VALUInsts",0.00000000e+00,15252036988500,15252037756351
166665,174352,"Agent 2",1,1122884,1122884,10240,90,"ullm_paged_decode_attn_f32_kernel",256,1024,0,32,0,128,"Wavefronts",320.000000,15252036988500,15252037756351
166665,174386,"Agent 2",1,1122884,1122884,10240,90,"ullm_paged_decode_attn_f32_kernel",256,1024,0,32,0,128,"FETCH_SIZE",0.00000000e+00,15252042489217,15252043259228
166665,174386,"Agent 2",1,1122884,1122884,10240,90,"ullm_paged_decode_attn_f32_kernel",256,1024,0,32,0,128,"VALUInsts",0.00000000e+00,15252042489217,15252043259228
166665,174386,"Agent 2",1,1122884,1122884,10240,90,"ullm_paged_decode_attn_f32_kernel",256,1024,0,32,0,128,"Wavefronts",320.000000,15252042489217,15252043259228
166665,174420,"Agent 2",1,1122884,1122884,10240,90,"ullm_paged_decode_attn_f32_kernel",256,1024,0,32,0,128,"FETCH_SIZE",0.00000000e+00,15252048585302,15252049353753
166665,174420,"Agent 2",1,1122884,1122884,10240,90,"ullm_paged_decode_attn_f32_kernel",256,1024,0,32,0,128,"VALUInsts",0.00000000e+00,15252048585302,15252049353753
166665,174420,"Agent 2",1,1122884,1122884,10240,90,"ullm_paged_decode_attn_f32_kernel",256,1024,0,32,0,128,"Wavefronts",320.000000,15252048585302,15252049353753
166665,174454,"Agent 2",1,1122884,1122884,10240,90,"ullm_paged_decode_attn_f32_kernel",256,1024,0,32,0,128,"FETCH_SIZE",0.00000000e+00,15252054083423,15252054850273
166665,174454,"Agent 2",1,1122884,1122884,10240,90,"ullm_paged_decode_attn_f32_kernel",256,1024,0,32,0,128,"VALUInsts",0.00000000e+00,15252054083423,15252054850273
166665,174454,"Agent 2",1,1122884,1122884,10240,90,"ullm_paged_decode_attn_f32_kernel",256,1024,0,32,0,128,"Wavefronts",320.000000,15252054083423,15252054850273
166665,174488,"Agent 2",1,1122884,1122884,10240,90,"ullm_paged_decode_attn_f32_kernel",256,1024,0,32,0,128,"FETCH_SIZE",0.00000000e+00,15252059741381,15252060507711
166665,174488,"Agent 2",1,1122884,1122884,10240,90,"ullm_paged_decode_attn_f32_kernel",256,1024,0,32,0,128,"VALUInsts",0.00000000e+00,15252059741381,15252060507711
166665,174488,"Agent 2",1,1122884,1122884,10240,90,"ullm_paged_decode_attn_f32_kernel",256,1024,0,32,0,128,"Wavefronts",320.000000,15252059741381,15252060507711
166665,174522,"Agent 2",1,1122884,1122884,10240,90,"ullm_paged_decode_attn_f32_kernel",256,1024,0,32,0,128,"FETCH_SIZE",0.00000000e+00,15252065312458,15252066078229
166665,174522,"Agent 2",1,1122884,1122884,10240,90,"ullm_paged_decode_attn_f32_kernel",256,1024,0,32,0,128,"VALUInsts",0.00000000e+00,15252065312458,15252066078229
166665,174522,"Agent 2",1,1122884,1122884,10240,90,"ullm_paged_decode_attn_f32_kernel",256,1024,0,32,0,128,"Wavefronts",320.000000,15252065312458,15252066078229
166665,174556,"Agent 2",1,1122884,1122884,10240,90,"ullm_paged_decode_attn_f32_kernel",256,1024,0,32,0,128,"FETCH_SIZE",0.00000000e+00,15252070928177,15252071693827
166665,174556,"Agent 2",1,1122884,1122884,10240,90,"ullm_paged_decode_attn_f32_kernel",256,1024,0,32,0,128,"VALUInsts",0.00000000e+00,15252070928177,15252071693827
166665,174556,"Agent 2",1,1122884,1122884,10240,90,"ullm_paged_decode_attn_f32_kernel",256,1024,0,32,0,128,"Wavefronts",320.000000,15252070928177,15252071693827
166665,174590,"Agent 2",1,1122884,1122884,10240,90,"ullm_paged_decode_attn_f32_kernel",256,1024,0,32,0,128,"FETCH_SIZE",0.00000000e+00,15252076099369,15252076872820
166665,174590,"Agent 2",1,1122884,1122884,10240,90,"ullm_paged_decode_attn_f32_kernel",256,1024,0,32,0,128,"VALUInsts",0.00000000e+00,15252076099369,15252076872820
166665,174590,"Agent 2",1,1122884,1122884,10240,90,"ullm_paged_decode_attn_f32_kernel",256,1024,0,32,0,128,"Wavefronts",320.000000,15252076099369,15252076872820
166665,174624,"Agent 2",1,1122884,1122884,10240,90,"ullm_paged_decode_attn_f32_kernel",256,1024,0,32,0,128,"FETCH_SIZE",0.00000000e+00,15252081657646,15252082425697
166665,174624,"Agent 2",1,1122884,1122884,10240,90,"ullm_paged_decode_attn_f32_kernel",256,1024,0,32,0,128,"VALUInsts",0.00000000e+00,15252081657646,15252082425697
166665,174624,"Agent 2",1,1122884,1122884,10240,90,"ullm_paged_decode_attn_f32_kernel",256,1024,0,32,0,128,"Wavefronts",320.000000,15252081657646,15252082425697
166665,174658,"Agent 2",1,1122884,1122884,10240,90,"ullm_paged_decode_attn_f32_kernel",256,1024,0,32,0,128,"FETCH_SIZE",0.00000000e+00,15252086984841,15252087752811
166665,174658,"Agent 2",1,1122884,1122884,10240,90,"ullm_paged_decode_attn_f32_kernel",256,1024,0,32,0,128,"VALUInsts",0.00000000e+00,15252086984841,15252087752811
166665,174658,"Agent 2",1,1122884,1122884,10240,90,"ullm_paged_decode_attn_f32_kernel",256,1024,0,32,0,128,"Wavefronts",320.000000,15252086984841,15252087752811
166665,174692,"Agent 2",1,1122884,1122884,10240,90,"ullm_paged_decode_attn_f32_kernel",256,1024,0,32,0,128,"FETCH_SIZE",0.00000000e+00,15252092250074,15252093016845
166665,174692,"Agent 2",1,1122884,1122884,10240,90,"ullm_paged_decode_attn_f32_kernel",256,1024,0,32,0,128,"VALUInsts",0.00000000e+00,15252092250074,15252093016845
166665,174692,"Agent 2",1,1122884,1122884,10240,90,"ullm_paged_decode_attn_f32_kernel",256,1024,0,32,0,128,"Wavefronts",320.000000,15252092250074,15252093016845
166665,174726,"Agent 2",1,1122884,1122884,10240,90,"ullm_paged_decode_attn_f32_kernel",256,1024,0,32,0,128,"FETCH_SIZE",0.00000000e+00,15252096544494,15252097310345
166665,174726,"Agent 2",1,1122884,1122884,10240,90,"ullm_paged_decode_attn_f32_kernel",256,1024,0,32,0,128,"VALUInsts",0.00000000e+00,15252096544494,15252097310345
166665,174726,"Agent 2",1,1122884,1122884,10240,90,"ullm_paged_decode_attn_f32_kernel",256,1024,0,32,0,128,"Wavefronts",320.000000,15252096544494,15252097310345
166665,174760,"Agent 2",1,1122884,1122884,10240,90,"ullm_paged_decode_attn_f32_kernel",256,1024,0,32,0,128,"FETCH_SIZE",0.00000000e+00,15252100153384,15252100921155
166665,174760,"Agent 2",1,1122884,1122884,10240,90,"ullm_paged_decode_attn_f32_kernel",256,1024,0,32,0,128,"VALUInsts",0.00000000e+00,15252100153384,15252100921155
166665,174760,"Agent 2",1,1122884,1122884,10240,90,"ullm_paged_decode_attn_f32_kernel",256,1024,0,32,0,128,"Wavefronts",320.000000,15252100153384,15252100921155
166665,174794,"Agent 2",1,1122884,1122884,10240,90,"ullm_paged_decode_attn_f32_kernel",256,1024,0,32,0,128,"FETCH_SIZE",0.00000000e+00,15252103201867,15252103970397
166665,174794,"Agent 2",1,1122884,1122884,10240,90,"ullm_paged_decode_attn_f32_kernel",256,1024,0,32,0,128,"VALUInsts",0.00000000e+00,15252103201867,15252103970397
166665,174794,"Agent 2",1,1122884,1122884,10240,90,"ullm_paged_decode_attn_f32_kernel",256,1024,0,32,0,128,"Wavefronts",320.000000,15252103201867,15252103970397
166665,174828,"Agent 2",1,1122884,1122884,10240,90,"ullm_paged_decode_attn_f32_kernel",256,1024,0,32,0,128,"FETCH_SIZE",0.00000000e+00,15252105724502,15252106494433
166665,174828,"Agent 2",1,1122884,1122884,10240,90,"ullm_paged_decode_attn_f32_kernel",256,1024,0,32,0,128,"VALUInsts",0.00000000e+00,15252105724502,15252106494433
166665,174828,"Agent 2",1,1122884,1122884,10240,90,"ullm_paged_decode_attn_f32_kernel",256,1024,0,32,0,128,"Wavefronts",320.000000,15252105724502,15252106494433
166665,174866,"Agent 2",1,1122884,1122884,10240,90,"ullm_paged_decode_attn_f32_kernel",256,1024,0,32,0,128,"FETCH_SIZE",0.00000000e+00,15252114507524,15252115275295
166665,174866,"Agent 2",1,1122884,1122884,10240,90,"ullm_paged_decode_attn_f32_kernel",256,1024,0,32,0,128,"VALUInsts",0.00000000e+00,15252114507524,15252115275295
166665,174866,"Agent 2",1,1122884,1122884,10240,90,"ullm_paged_decode_attn_f32_kernel",256,1024,0,32,0,128,"Wavefronts",320.000000,15252114507524,15252115275295
166665,174900,"Agent 2",1,1122884,1122884,10240,90,"ullm_paged_decode_attn_f32_kernel",256,1024,0,32,0,128,"FETCH_SIZE",0.00000000e+00,15252116889152,15252117657683
166665,174900,"Agent 2",1,1122884,1122884,10240,90,"ullm_paged_decode_attn_f32_kernel",256,1024,0,32,0,128,"VALUInsts",0.00000000e+00,15252116889152,15252117657683
166665,174900,"Agent 2",1,1122884,1122884,10240,90,"ullm_paged_decode_attn_f32_kernel",256,1024,0,32,0,128,"Wavefronts",320.000000,15252116889152,15252117657683
166665,174934,"Agent 2",1,1122884,1122884,10240,90,"ullm_paged_decode_attn_f32_kernel",256,1024,0,32,0,128,"FETCH_SIZE",0.00000000e+00,15252119242184,15252120011635
166665,174934,"Agent 2",1,1122884,1122884,10240,90,"ullm_paged_decode_attn_f32_kernel",256,1024,0,32,0,128,"VALUInsts",0.00000000e+00,15252119242184,15252120011635
166665,174934,"Agent 2",1,1122884,1122884,10240,90,"ullm_paged_decode_attn_f32_kernel",256,1024,0,32,0,128,"Wavefronts",320.000000,15252119242184,15252120011635
166665,174968,"Agent 2",1,1122884,1122884,10240,90,"ullm_paged_decode_attn_f32_kernel",256,1024,0,32,0,128,"FETCH_SIZE",0.00000000e+00,15252121614777,15252122382388
166665,174968,"Agent 2",1,1122884,1122884,10240,90,"ullm_paged_decode_attn_f32_kernel",256,1024,0,32,0,128,"VALUInsts",0.00000000e+00,15252121614777,15252122382388
166665,174968,"Agent 2",1,1122884,1122884,10240,90,"ullm_paged_decode_attn_f32_kernel",256,1024,0,32,0,128,"Wavefronts",320.000000,15252121614777,15252122382388
166665,175002,"Agent 2",1,1122884,1122884,10240,90,"ullm_paged_decode_attn_f32_kernel",256,1024,0,32,0,128,"FETCH_SIZE",0.00000000e+00,15252123969370,15252124736741
166665,175002,"Agent 2",1,1122884,1122884,10240,90,"ullm_paged_decode_attn_f32_kernel",256,1024,0,32,0,128,"VALUInsts",0.00000000e+00,15252123969370,15252124736741
166665,175002,"Agent 2",1,1122884,1122884,10240,90,"ullm_paged_decode_attn_f32_kernel",256,1024,0,32,0,128,"Wavefronts",320.000000,15252123969370,15252124736741
166665,175036,"Agent 2",1,1122884,1122884,10240,90,"ullm_paged_decode_attn_f32_kernel",256,1024,0,32,0,128,"FETCH_SIZE",0.00000000e+00,15252126622887,15252127396498
166665,175036,"Agent 2",1,1122884,1122884,10240,90,"ullm_paged_decode_attn_f32_kernel",256,1024,0,32,0,128,"VALUInsts",0.00000000e+00,15252126622887,15252127396498
166665,175036,"Agent 2",1,1122884,1122884,10240,90,"ullm_paged_decode_attn_f32_kernel",256,1024,0,32,0,128,"Wavefronts",320.000000,15252126622887,15252127396498
166665,175070,"Agent 2",1,1122884,1122884,10240,90,"ullm_paged_decode_attn_f32_kernel",256,1024,0,32,0,128,"FETCH_SIZE",0.00000000e+00,15252129094401,15252129861092
166665,175070,"Agent 2",1,1122884,1122884,10240,90,"ullm_paged_decode_attn_f32_kernel",256,1024,0,32,0,128,"VALUInsts",0.00000000e+00,15252129094401,15252129861092
166665,175070,"Agent 2",1,1122884,1122884,10240,90,"ullm_paged_decode_attn_f32_kernel",256,1024,0,32,0,128,"Wavefronts",320.000000,15252129094401,15252129861092
166665,175104,"Agent 2",1,1122884,1122884,10240,90,"ullm_paged_decode_attn_f32_kernel",256,1024,0,32,0,128,"FETCH_SIZE",0.00000000e+00,15252131573276,15252132340767
166665,175104,"Agent 2",1,1122884,1122884,10240,90,"ullm_paged_decode_attn_f32_kernel",256,1024,0,32,0,128,"VALUInsts",0.00000000e+00,15252131573276,15252132340767
166665,175104,"Agent 2",1,1122884,1122884,10240,90,"ullm_paged_decode_attn_f32_kernel",256,1024,0,32,0,128,"Wavefronts",320.000000,15252131573276,15252132340767
166665,175138,"Agent 2",1,1122884,1122884,10240,90,"ullm_paged_decode_attn_f32_kernel",256,1024,0,32,0,128,"FETCH_SIZE",0.00000000e+00,15252133980630,15252134749760
166665,175138,"Agent 2",1,1122884,1122884,10240,90,"ullm_paged_decode_attn_f32_kernel",256,1024,0,32,0,128,"VALUInsts",0.00000000e+00,15252133980630,15252134749760
166665,175138,"Agent 2",1,1122884,1122884,10240,90,"ullm_paged_decode_attn_f32_kernel",256,1024,0,32,0,128,"Wavefronts",320.000000,15252133980630,15252134749760
166665,175172,"Agent 2",1,1122884,1122884,10240,90,"ullm_paged_decode_attn_f32_kernel",256,1024,0,32,0,128,"FETCH_SIZE",0.00000000e+00,15252136472464,15252137240275
166665,175172,"Agent 2",1,1122884,1122884,10240,90,"ullm_paged_decode_attn_f32_kernel",256,1024,0,32,0,128,"VALUInsts",0.00000000e+00,15252136472464,15252137240275
166665,175172,"Agent 2",1,1122884,1122884,10240,90,"ullm_paged_decode_attn_f32_kernel",256,1024,0,32,0,128,"Wavefronts",320.000000,15252136472464,15252137240275
166665,175206,"Agent 2",1,1122884,1122884,10240,90,"ullm_paged_decode_attn_f32_kernel",256,1024,0,32,0,128,"FETCH_SIZE",0.00000000e+00,15252139171862,15252139939673
166665,175206,"Agent 2",1,1122884,1122884,10240,90,"ullm_paged_decode_attn_f32_kernel",256,1024,0,32,0,128,"VALUInsts",0.00000000e+00,15252139171862,15252139939673
166665,175206,"Agent 2",1,1122884,1122884,10240,90,"ullm_paged_decode_attn_f32_kernel",256,1024,0,32,0,128,"Wavefronts",320.000000,15252139171862,15252139939673
166665,175240,"Agent 2",1,1122884,1122884,10240,90,"ullm_paged_decode_attn_f32_kernel",256,1024,0,32,0,128,"FETCH_SIZE",0.00000000e+00,15252141933340,15252142700911
166665,175240,"Agent 2",1,1122884,1122884,10240,90,"ullm_paged_decode_attn_f32_kernel",256,1024,0,32,0,128,"VALUInsts",0.00000000e+00,15252141933340,15252142700911
166665,175240,"Agent 2",1,1122884,1122884,10240,90,"ullm_paged_decode_attn_f32_kernel",256,1024,0,32,0,128,"Wavefronts",320.000000,15252141933340,15252142700911
166665,175274,"Agent 2",1,1122884,1122884,10240,90,"ullm_paged_decode_attn_f32_kernel",256,1024,0,32,0,128,"FETCH_SIZE",0.00000000e+00,15252144866781,15252145634872
166665,175274,"Agent 2",1,1122884,1122884,10240,90,"ullm_paged_decode_attn_f32_kernel",256,1024,0,32,0,128,"VALUInsts",0.00000000e+00,15252144866781,15252145634872
166665,175274,"Agent 2",1,1122884,1122884,10240,90,"ullm_paged_decode_attn_f32_kernel",256,1024,0,32,0,128,"Wavefronts",320.000000,15252144866781,15252145634872
166665,175308,"Agent 2",1,1122884,1122884,10240,90,"ullm_paged_decode_attn_f32_kernel",256,1024,0,32,0,128,"FETCH_SIZE",0.00000000e+00,15252147963265,15252148729835
166665,175308,"Agent 2",1,1122884,1122884,10240,90,"ullm_paged_decode_attn_f32_kernel",256,1024,0,32,0,128,"VALUInsts",0.00000000e+00,15252147963265,15252148729835
166665,175308,"Agent 2",1,1122884,1122884,10240,90,"ullm_paged_decode_attn_f32_kernel",256,1024,0,32,0,128,"Wavefronts",320.000000,15252147963265,15252148729835
166665,175342,"Agent 2",1,1122884,1122884,10240,90,"ullm_paged_decode_attn_f32_kernel",256,1024,0,32,0,128,"FETCH_SIZE",0.00000000e+00,15252151269951,15252152038441
166665,175342,"Agent 2",1,1122884,1122884,10240,90,"ullm_paged_decode_attn_f32_kernel",256,1024,0,32,0,128,"VALUInsts",0.00000000e+00,15252151269951,15252152038441
166665,175342,"Agent 2",1,1122884,1122884,10240,90,"ullm_paged_decode_attn_f32_kernel",256,1024,0,32,0,128,"Wavefronts",320.000000,15252151269951,15252152038441
166665,175376,"Agent 2",1,1122884,1122884,10240,90,"ullm_paged_decode_attn_f32_kernel",256,1024,0,32,0,128,"FETCH_SIZE",0.00000000e+00,15252155223326,15252155993496
166665,175376,"Agent 2",1,1122884,1122884,10240,90,"ullm_paged_decode_attn_f32_kernel",256,1024,0,32,0,128,"VALUInsts",0.00000000e+00,15252155223326,15252155993496
166665,175376,"Agent 2",1,1122884,1122884,10240,90,"ullm_paged_decode_attn_f32_kernel",256,1024,0,32,0,128,"Wavefronts",320.000000,15252155223326,15252155993496
166665,175410,"Agent 2",1,1122884,1122884,10240,90,"ullm_paged_decode_attn_f32_kernel",256,1024,0,32,0,128,"FETCH_SIZE",0.00000000e+00,15252159494265,15252160261716
166665,175410,"Agent 2",1,1122884,1122884,10240,90,"ullm_paged_decode_attn_f32_kernel",256,1024,0,32,0,128,"VALUInsts",0.00000000e+00,15252159494265,15252160261716
166665,175410,"Agent 2",1,1122884,1122884,10240,90,"ullm_paged_decode_attn_f32_kernel",256,1024,0,32,0,128,"Wavefronts",320.000000,15252159494265,15252160261716
166665,175444,"Agent 2",1,1122884,1122884,10240,90,"ullm_paged_decode_attn_f32_kernel",256,1024,0,32,0,128,"FETCH_SIZE",0.00000000e+00,15252164157690,15252164924861
166665,175444,"Agent 2",1,1122884,1122884,10240,90,"ullm_paged_decode_attn_f32_kernel",256,1024,0,32,0,128,"VALUInsts",0.00000000e+00,15252164157690,15252164924861
166665,175444,"Agent 2",1,1122884,1122884,10240,90,"ullm_paged_decode_attn_f32_kernel",256,1024,0,32,0,128,"Wavefronts",320.000000,15252164157690,15252164924861
166665,175478,"Agent 2",1,1122884,1122884,10240,90,"ullm_paged_decode_attn_f32_kernel",256,1024,0,32,0,128,"FETCH_SIZE",0.00000000e+00,15252169525805,15252170291976
166665,175478,"Agent 2",1,1122884,1122884,10240,90,"ullm_paged_decode_attn_f32_kernel",256,1024,0,32,0,128,"VALUInsts",0.00000000e+00,15252169525805,15252170291976
166665,175478,"Agent 2",1,1122884,1122884,10240,90,"ullm_paged_decode_attn_f32_kernel",256,1024,0,32,0,128,"Wavefronts",320.000000,15252169525805,15252170291976
166665,175512,"Agent 2",1,1122884,1122884,10240,90,"ullm_paged_decode_attn_f32_kernel",256,1024,0,32,0,128,"FETCH_SIZE",0.00000000e+00,15252174061988,15252174829799
166665,175512,"Agent 2",1,1122884,1122884,10240,90,"ullm_paged_decode_attn_f32_kernel",256,1024,0,32,0,128,"VALUInsts",0.00000000e+00,15252174061988,15252174829799
166665,175512,"Agent 2",1,1122884,1122884,10240,90,"ullm_paged_decode_attn_f32_kernel",256,1024,0,32,0,128,"Wavefronts",320.000000,15252174061988,15252174829799
166665,175546,"Agent 2",1,1122884,1122884,10240,90,"ullm_paged_decode_attn_f32_kernel",256,1024,0,32,0,128,"FETCH_SIZE",0.00000000e+00,15252178450650,15252179218700
166665,175546,"Agent 2",1,1122884,1122884,10240,90,"ullm_paged_decode_attn_f32_kernel",256,1024,0,32,0,128,"VALUInsts",0.00000000e+00,15252178450650,15252179218700
166665,175546,"Agent 2",1,1122884,1122884,10240,90,"ullm_paged_decode_attn_f32_kernel",256,1024,0,32,0,128,"Wavefronts",320.000000,15252178450650,15252179218700
166665,175580,"Agent 2",1,1122884,1122884,10240,90,"ullm_paged_decode_attn_f32_kernel",256,1024,0,32,0,128,"FETCH_SIZE",0.00000000e+00,15252183321500,15252184088831
166665,175580,"Agent 2",1,1122884,1122884,10240,90,"ullm_paged_decode_attn_f32_kernel",256,1024,0,32,0,128,"VALUInsts",0.00000000e+00,15252183321500,15252184088831
166665,175580,"Agent 2",1,1122884,1122884,10240,90,"ullm_paged_decode_attn_f32_kernel",256,1024,0,32,0,128,"Wavefronts",320.000000,15252183321500,15252184088831
166665,175614,"Agent 2",1,1122884,1122884,10240,90,"ullm_paged_decode_attn_f32_kernel",256,1024,0,32,0,128,"FETCH_SIZE",0.00000000e+00,15252188680695,15252189449105
166665,175614,"Agent 2",1,1122884,1122884,10240,90,"ullm_paged_decode_attn_f32_kernel",256,1024,0,32,0,128,"VALUInsts",0.00000000e+00,15252188680695,15252189449105
166665,175614,"Agent 2",1,1122884,1122884,10240,90,"ullm_paged_decode_attn_f32_kernel",256,1024,0,32,0,128,"Wavefronts",320.000000,15252188680695,15252189449105
166665,175648,"Agent 2",1,1122884,1122884,10240,90,"ullm_paged_decode_attn_f32_kernel",256,1024,0,32,0,128,"FETCH_SIZE",0.00000000e+00,15252194250292,15252195016743
166665,175648,"Agent 2",1,1122884,1122884,10240,90,"ullm_paged_decode_attn_f32_kernel",256,1024,0,32,0,128,"VALUInsts",0.00000000e+00,15252194250292,15252195016743
166665,175648,"Agent 2",1,1122884,1122884,10240,90,"ullm_paged_decode_attn_f32_kernel",256,1024,0,32,0,128,"Wavefronts",320.000000,15252194250292,15252195016743
166665,175682,"Agent 2",1,1122884,1122884,10240,90,"ullm_paged_decode_attn_f32_kernel",256,1024,0,32,0,128,"FETCH_SIZE",0.00000000e+00,15252200121814,15252200889265
166665,175682,"Agent 2",1,1122884,1122884,10240,90,"ullm_paged_decode_attn_f32_kernel",256,1024,0,32,0,128,"VALUInsts",0.00000000e+00,15252200121814,15252200889265
166665,175682,"Agent 2",1,1122884,1122884,10240,90,"ullm_paged_decode_attn_f32_kernel",256,1024,0,32,0,128,"Wavefronts",320.000000,15252200121814,15252200889265
166665,175716,"Agent 2",1,1122884,1122884,10240,90,"ullm_paged_decode_attn_f32_kernel",256,1024,0,32,0,128,"FETCH_SIZE",0.00000000e+00,15252206749947,15252207517117
166665,175716,"Agent 2",1,1122884,1122884,10240,90,"ullm_paged_decode_attn_f32_kernel",256,1024,0,32,0,128,"VALUInsts",0.00000000e+00,15252206749947,15252207517117
166665,175716,"Agent 2",1,1122884,1122884,10240,90,"ullm_paged_decode_attn_f32_kernel",256,1024,0,32,0,128,"Wavefronts",320.000000,15252206749947,15252207517117
166665,175750,"Agent 2",1,1122884,1122884,10240,90,"ullm_paged_decode_attn_f32_kernel",256,1024,0,32,0,128,"FETCH_SIZE",0.00000000e+00,15252213859806,15252214627256
166665,175750,"Agent 2",1,1122884,1122884,10240,90,"ullm_paged_decode_attn_f32_kernel",256,1024,0,32,0,128,"VALUInsts",0.00000000e+00,15252213859806,15252214627256
166665,175750,"Agent 2",1,1122884,1122884,10240,90,"ullm_paged_decode_attn_f32_kernel",256,1024,0,32,0,128,"Wavefronts",320.000000,15252213859806,15252214627256
166665,175784,"Agent 2",1,1122884,1122884,10240,90,"ullm_paged_decode_attn_f32_kernel",256,1024,0,32,0,128,"FETCH_SIZE",0.00000000e+00,15252221056826,15252221824837
166665,175784,"Agent 2",1,1122884,1122884,10240,90,"ullm_paged_decode_attn_f32_kernel",256,1024,0,32,0,128,"VALUInsts",0.00000000e+00,15252221056826,15252221824837
166665,175784,"Agent 2",1,1122884,1122884,10240,90,"ullm_paged_decode_attn_f32_kernel",256,1024,0,32,0,128,"Wavefronts",320.000000,15252221056826,15252221824837
166665,175818,"Agent 2",1,1122884,1122884,10240,90,"ullm_paged_decode_attn_f32_kernel",256,1024,0,32,0,128,"FETCH_SIZE",0.00000000e+00,15252227684038,15252228450809
166665,175818,"Agent 2",1,1122884,1122884,10240,90,"ullm_paged_decode_attn_f32_kernel",256,1024,0,32,0,128,"VALUInsts",0.00000000e+00,15252227684038,15252228450809
166665,175818,"Agent 2",1,1122884,1122884,10240,90,"ullm_paged_decode_attn_f32_kernel",256,1024,0,32,0,128,"Wavefronts",320.000000,15252227684038,15252228450809
166665,175852,"Agent 2",1,1122884,1122884,10240,90,"ullm_paged_decode_attn_f32_kernel",256,1024,0,32,0,128,"FETCH_SIZE",0.00000000e+00,15252234244890,15252235012781
166665,175852,"Agent 2",1,1122884,1122884,10240,90,"ullm_paged_decode_attn_f32_kernel",256,1024,0,32,0,128,"VALUInsts",0.00000000e+00,15252234244890,15252235012781
166665,175852,"Agent 2",1,1122884,1122884,10240,90,"ullm_paged_decode_attn_f32_kernel",256,1024,0,32,0,128,"Wavefronts",320.000000,15252234244890,15252235012781
166665,175886,"Agent 2",1,1122884,1122884,10240,90,"ullm_paged_decode_attn_f32_kernel",256,1024,0,32,0,128,"FETCH_SIZE",0.00000000e+00,15252239981170,15252240748781
166665,175886,"Agent 2",1,1122884,1122884,10240,90,"ullm_paged_decode_attn_f32_kernel",256,1024,0,32,0,128,"VALUInsts",0.00000000e+00,15252239981170,15252240748781
166665,175886,"Agent 2",1,1122884,1122884,10240,90,"ullm_paged_decode_attn_f32_kernel",256,1024,0,32,0,128,"Wavefronts",320.000000,15252239981170,15252240748781
166665,175920,"Agent 2",1,1122884,1122884,10240,90,"ullm_paged_decode_attn_f32_kernel",256,1024,0,32,0,128,"FETCH_SIZE",0.00000000e+00,15252245327327,15252246094618
166665,175920,"Agent 2",1,1122884,1122884,10240,90,"ullm_paged_decode_attn_f32_kernel",256,1024,0,32,0,128,"VALUInsts",0.00000000e+00,15252245327327,15252246094618
166665,175920,"Agent 2",1,1122884,1122884,10240,90,"ullm_paged_decode_attn_f32_kernel",256,1024,0,32,0,128,"Wavefronts",320.000000,15252245327327,15252246094618
166665,175954,"Agent 2",1,1122884,1122884,10240,90,"ullm_paged_decode_attn_f32_kernel",256,1024,0,32,0,128,"FETCH_SIZE",0.00000000e+00,15252250202875,15252250970446
166665,175954,"Agent 2",1,1122884,1122884,10240,90,"ullm_paged_decode_attn_f32_kernel",256,1024,0,32,0,128,"VALUInsts",0.00000000e+00,15252250202875,15252250970446
166665,175954,"Agent 2",1,1122884,1122884,10240,90,"ullm_paged_decode_attn_f32_kernel",256,1024,0,32,0,128,"Wavefronts",320.000000,15252250202875,15252250970446
166665,175988,"Agent 2",1,1122884,1122884,10240,90,"ullm_paged_decode_attn_f32_kernel",256,1024,0,32,0,128,"FETCH_SIZE",0.00000000e+00,15252255476149,15252256243199
166665,175988,"Agent 2",1,1122884,1122884,10240,90,"ullm_paged_decode_attn_f32_kernel",256,1024,0,32,0,128,"VALUInsts",0.00000000e+00,15252255476149,15252256243199
166665,175988,"Agent 2",1,1122884,1122884,10240,90,"ullm_paged_decode_attn_f32_kernel",256,1024,0,32,0,128,"Wavefronts",320.000000,15252255476149,15252256243199
166665,176022,"Agent 2",1,1122884,1122884,10240,90,"ullm_paged_decode_attn_f32_kernel",256,1024,0,32,0,128,"FETCH_SIZE",0.00000000e+00,15252260919905,15252261688755
166665,176022,"Agent 2",1,1122884,1122884,10240,90,"ullm_paged_decode_attn_f32_kernel",256,1024,0,32,0,128,"VALUInsts",0.00000000e+00,15252260919905,15252261688755
166665,176022,"Agent 2",1,1122884,1122884,10240,90,"ullm_paged_decode_attn_f32_kernel",256,1024,0,32,0,128,"Wavefronts",320.000000,15252260919905,15252261688755
166665,176056,"Agent 2",1,1122884,1122884,10240,90,"ullm_paged_decode_attn_f32_kernel",256,1024,0,32,0,128,"FETCH_SIZE",0.00000000e+00,15252266286619,15252267053950
166665,176056,"Agent 2",1,1122884,1122884,10240,90,"ullm_paged_decode_attn_f32_kernel",256,1024,0,32,0,128,"VALUInsts",0.00000000e+00,15252266286619,15252267053950
166665,176056,"Agent 2",1,1122884,1122884,10240,90,"ullm_paged_decode_attn_f32_kernel",256,1024,0,32,0,128,"Wavefronts",320.000000,15252266286619,15252267053950
166665,176090,"Agent 2",1,1122884,1122884,10240,90,"ullm_paged_decode_attn_f32_kernel",256,1024,0,32,0,128,"FETCH_SIZE",0.00000000e+00,15252271193368,15252271962099
166665,176090,"Agent 2",1,1122884,1122884,10240,90,"ullm_paged_decode_attn_f32_kernel",256,1024,0,32,0,128,"VALUInsts",0.00000000e+00,15252271193368,15252271962099
166665,176090,"Agent 2",1,1122884,1122884,10240,90,"ullm_paged_decode_attn_f32_kernel",256,1024,0,32,0,128,"Wavefronts",320.000000,15252271193368,15252271962099
166665,176124,"Agent 2",1,1122884,1122884,10240,90,"ullm_paged_decode_attn_f32_kernel",256,1024,0,32,0,128,"FETCH_SIZE",0.00000000e+00,15252275351546,15252276119717
166665,176124,"Agent 2",1,1122884,1122884,10240,90,"ullm_paged_decode_attn_f32_kernel",256,1024,0,32,0,128,"VALUInsts",0.00000000e+00,15252275351546,15252276119717
166665,176124,"Agent 2",1,1122884,1122884,10240,90,"ullm_paged_decode_attn_f32_kernel",256,1024,0,32,0,128,"Wavefronts",320.000000,15252275351546,15252276119717
166665,176158,"Agent 2",1,1122884,1122884,10240,90,"ullm_paged_decode_attn_f32_kernel",256,1024,0,32,0,128,"FETCH_SIZE",0.00000000e+00,15252278704273,15252279472003
166665,176158,"Agent 2",1,1122884,1122884,10240,90,"ullm_paged_decode_attn_f32_kernel",256,1024,0,32,0,128,"VALUInsts",0.00000000e+00,15252278704273,15252279472003
166665,176158,"Agent 2",1,1122884,1122884,10240,90,"ullm_paged_decode_attn_f32_kernel",256,1024,0,32,0,128,"Wavefronts",320.000000,15252278704273,15252279472003
166665,176192,"Agent 2",1,1122884,1122884,10240,90,"ullm_paged_decode_attn_f32_kernel",256,1024,0,32,0,128,"FETCH_SIZE",0.00000000e+00,15252281392950,15252282161481
166665,176192,"Agent 2",1,1122884,1122884,10240,90,"ullm_paged_decode_attn_f32_kernel",256,1024,0,32,0,128,"VALUInsts",0.00000000e+00,15252281392950,15252282161481
166665,176192,"Agent 2",1,1122884,1122884,10240,90,"ullm_paged_decode_attn_f32_kernel",256,1024,0,32,0,128,"Wavefronts",320.000000,15252281392950,15252282161481
166665,176230,"Agent 2",1,1122884,1122884,10240,90,"ullm_paged_decode_attn_f32_kernel",256,1024,0,32,0,128,"FETCH_SIZE",0.00000000e+00,15252289875838,15252290644569
166665,176230,"Agent 2",1,1122884,1122884,10240,90,"ullm_paged_decode_attn_f32_kernel",256,1024,0,32,0,128,"VALUInsts",0.00000000e+00,15252289875838,15252290644569
166665,176230,"Agent 2",1,1122884,1122884,10240,90,"ullm_paged_decode_attn_f32_kernel",256,1024,0,32,0,128,"Wavefronts",320.000000,15252289875838,15252290644569
166665,176264,"Agent 2",1,1122884,1122884,10240,90,"ullm_paged_decode_attn_f32_kernel",256,1024,0,32,0,128,"FETCH_SIZE",0.00000000e+00,15252292363473,15252293134404
166665,176264,"Agent 2",1,1122884,1122884,10240,90,"ullm_paged_decode_attn_f32_kernel",256,1024,0,32,0,128,"VALUInsts",0.00000000e+00,15252292363473,15252293134404
166665,176264,"Agent 2",1,1122884,1122884,10240,90,"ullm_paged_decode_attn_f32_kernel",256,1024,0,32,0,128,"Wavefronts",320.000000,15252292363473,15252293134404
166665,176298,"Agent 2",1,1122884,1122884,10240,90,"ullm_paged_decode_attn_f32_kernel",256,1024,0,32,0,128,"FETCH_SIZE",0.00000000e+00,15252294795667,15252295562878
166665,176298,"Agent 2",1,1122884,1122884,10240,90,"ullm_paged_decode_attn_f32_kernel",256,1024,0,32,0,128,"VALUInsts",0.00000000e+00,15252294795667,15252295562878
166665,176298,"Agent 2",1,1122884,1122884,10240,90,"ullm_paged_decode_attn_f32_kernel",256,1024,0,32,0,128,"Wavefronts",320.000000,15252294795667,15252295562878
166665,176332,"Agent 2",1,1122884,1122884,10240,90,"ullm_paged_decode_attn_f32_kernel",256,1024,0,32,0,128,"FETCH_SIZE",0.00000000e+00,15252297266221,15252298034672
166665,176332,"Agent 2",1,1122884,1122884,10240,90,"ullm_paged_decode_attn_f32_kernel",256,1024,0,32,0,128,"VALUInsts",0.00000000e+00,15252297266221,15252298034672
166665,176332,"Agent 2",1,1122884,1122884,10240,90,"ullm_paged_decode_attn_f32_kernel",256,1024,0,32,0,128,"Wavefronts",320.000000,15252297266221,15252298034672
166665,176366,"Agent 2",1,1122884,1122884,10240,90,"ullm_paged_decode_attn_f32_kernel",256,1024,0,32,0,128,"FETCH_SIZE",0.00000000e+00,15252299878018,15252300645309
166665,176366,"Agent 2",1,1122884,1122884,10240,90,"ullm_paged_decode_attn_f32_kernel",256,1024,0,32,0,128,"VALUInsts",0.00000000e+00,15252299878018,15252300645309
166665,176366,"Agent 2",1,1122884,1122884,10240,90,"ullm_paged_decode_attn_f32_kernel",256,1024,0,32,0,128,"Wavefronts",320.000000,15252299878018,15252300645309
166665,176400,"Agent 2",1,1122884,1122884,10240,90,"ullm_paged_decode_attn_f32_kernel",256,1024,0,32,0,128,"FETCH_SIZE",0.00000000e+00,15252302414373,15252303182864
166665,176400,"Agent 2",1,1122884,1122884,10240,90,"ullm_paged_decode_attn_f32_kernel",256,1024,0,32,0,128,"VALUInsts",0.00000000e+00,15252302414373,15252303182864
166665,176400,"Agent 2",1,1122884,1122884,10240,90,"ullm_paged_decode_attn_f32_kernel",256,1024,0,32,0,128,"Wavefronts",320.000000,15252302414373,15252303182864
166665,176434,"Agent 2",1,1122884,1122884,10240,90,"ullm_paged_decode_attn_f32_kernel",256,1024,0,32,0,128,"FETCH_SIZE",0.00000000e+00,15252305047644,15252305814695
166665,176434,"Agent 2",1,1122884,1122884,10240,90,"ullm_paged_decode_attn_f32_kernel",256,1024,0,32,0,128,"VALUInsts",0.00000000e+00,15252305047644,15252305814695
166665,176434,"Agent 2",1,1122884,1122884,10240,90,"ullm_paged_decode_attn_f32_kernel",256,1024,0,32,0,128,"Wavefronts",320.000000,15252305047644,15252305814695
166665,176468,"Agent 2",1,1122884,1122884,10240,90,"ullm_paged_decode_attn_f32_kernel",256,1024,0,32,0,128,"FETCH_SIZE",0.00000000e+00,15252307754161,15252308521732
166665,176468,"Agent 2",1,1122884,1122884,10240,90,"ullm_paged_decode_attn_f32_kernel",256,1024,0,32,0,128,"VALUInsts",0.00000000e+00,15252307754161,15252308521732
166665,176468,"Agent 2",1,1122884,1122884,10240,90,"ullm_paged_decode_attn_f32_kernel",256,1024,0,32,0,128,"Wavefronts",320.000000,15252307754161,15252308521732
166665,176502,"Agent 2",1,1122884,1122884,10240,90,"ullm_paged_decode_attn_f32_kernel",256,1024,0,32,0,128,"FETCH_SIZE",0.00000000e+00,15252310553080,15252311320331
166665,176502,"Agent 2",1,1122884,1122884,10240,90,"ullm_paged_decode_attn_f32_kernel",256,1024,0,32,0,128,"VALUInsts",0.00000000e+00,15252310553080,15252311320331
166665,176502,"Agent 2",1,1122884,1122884,10240,90,"ullm_paged_decode_attn_f32_kernel",256,1024,0,32,0,128,"Wavefronts",320.000000,15252310553080,15252311320331
166665,176536,"Agent 2",1,1122884,1122884,10240,90,"ullm_paged_decode_attn_f32_kernel",256,1024,0,32,0,128,"FETCH_SIZE",0.00000000e+00,15252313556602,15252314325813
166665,176536,"Agent 2",1,1122884,1122884,10240,90,"ullm_paged_decode_attn_f32_kernel",256,1024,0,32,0,128,"VALUInsts",0.00000000e+00,15252313556602,15252314325813
166665,176536,"Agent 2",1,1122884,1122884,10240,90,"ullm_paged_decode_attn_f32_kernel",256,1024,0,32,0,128,"Wavefronts",320.000000,15252313556602,15252314325813
166665,176570,"Agent 2",1,1122884,1122884,10240,90,"ullm_paged_decode_attn_f32_kernel",256,1024,0,32,0,128,"FETCH_SIZE",0.00000000e+00,15252316753806,15252317521177
166665,176570,"Agent 2",1,1122884,1122884,10240,90,"ullm_paged_decode_attn_f32_kernel",256,1024,0,32,0,128,"VALUInsts",0.00000000e+00,15252316753806,15252317521177
166665,176570,"Agent 2",1,1122884,1122884,10240,90,"ullm_paged_decode_attn_f32_kernel",256,1024,0,32,0,128,"Wavefronts",320.000000,15252316753806,15252317521177
166665,176604,"Agent 2",1,1122884,1122884,10240,90,"ullm_paged_decode_attn_f32_kernel",256,1024,0,32,0,128,"FETCH_SIZE",0.00000000e+00,15252320267855,15252321036226
166665,176604,"Agent 2",1,1122884,1122884,10240,90,"ullm_paged_decode_attn_f32_kernel",256,1024,0,32,0,128,"VALUInsts",0.00000000e+00,15252320267855,15252321036226
166665,176604,"Agent 2",1,1122884,1122884,10240,90,"ullm_paged_decode_attn_f32_kernel",256,1024,0,32,0,128,"Wavefronts",320.000000,15252320267855,15252321036226
166665,176638,"Agent 2",1,1122884,1122884,10240,90,"ullm_paged_decode_attn_f32_kernel",256,1024,0,32,0,128,"FETCH_SIZE",0.00000000e+00,15252324046868,15252324817359
166665,176638,"Agent 2",1,1122884,1122884,10240,90,"ullm_paged_decode_attn_f32_kernel",256,1024,0,32,0,128,"VALUInsts",0.00000000e+00,15252324046868,15252324817359
166665,176638,"Agent 2",1,1122884,1122884,10240,90,"ullm_paged_decode_attn_f32_kernel",256,1024,0,32,0,128,"Wavefronts",320.000000,15252324046868,15252324817359
166665,176672,"Agent 2",1,1122884,1122884,10240,90,"ullm_paged_decode_attn_f32_kernel",256,1024,0,32,0,128,"FETCH_SIZE",0.00000000e+00,15252328535331,15252329305541
166665,176672,"Agent 2",1,1122884,1122884,10240,90,"ullm_paged_decode_attn_f32_kernel",256,1024,0,32,0,128,"VALUInsts",0.00000000e+00,15252328535331,15252329305541
166665,176672,"Agent 2",1,1122884,1122884,10240,90,"ullm_paged_decode_attn_f32_kernel",256,1024,0,32,0,128,"Wavefronts",320.000000,15252328535331,15252329305541
166665,176706,"Agent 2",1,1122884,1122884,10240,90,"ullm_paged_decode_attn_f32_kernel",256,1024,0,32,0,128,"FETCH_SIZE",0.00000000e+00,15252333306317,15252334074888
166665,176706,"Agent 2",1,1122884,1122884,10240,90,"ullm_paged_decode_attn_f32_kernel",256,1024,0,32,0,128,"VALUInsts",0.00000000e+00,15252333306317,15252334074888
166665,176706,"Agent 2",1,1122884,1122884,10240,90,"ullm_paged_decode_attn_f32_kernel",256,1024,0,32,0,128,"Wavefronts",320.000000,15252333306317,15252334074888
166665,176740,"Agent 2",1,1122884,1122884,10240,90,"ullm_paged_decode_attn_f32_kernel",256,1024,0,32,0,128,"FETCH_SIZE",0.00000000e+00,15252338819394,15252339591525
166665,176740,"Agent 2",1,1122884,1122884,10240,90,"ullm_paged_decode_attn_f32_kernel",256,1024,0,32,0,128,"VALUInsts",0.00000000e+00,15252338819394,15252339591525
166665,176740,"Agent 2",1,1122884,1122884,10240,90,"ullm_paged_decode_attn_f32_kernel",256,1024,0,32,0,128,"Wavefronts",320.000000,15252338819394,15252339591525
166665,176774,"Agent 2",1,1122884,1122884,10240,90,"ullm_paged_decode_attn_f32_kernel",256,1024,0,32,0,128,"FETCH_SIZE",0.00000000e+00,15252343866424,15252344634875
166665,176774,"Agent 2",1,1122884,1122884,10240,90,"ullm_paged_decode_attn_f32_kernel",256,1024,0,32,0,128,"VALUInsts",0.00000000e+00,15252343866424,15252344634875
166665,176774,"Agent 2",1,1122884,1122884,10240,90,"ullm_paged_decode_attn_f32_kernel",256,1024,0,32,0,128,"Wavefronts",320.000000,15252343866424,15252344634875
166665,176808,"Agent 2",1,1122884,1122884,10240,90,"ullm_paged_decode_attn_f32_kernel",256,1024,0,32,0,128,"FETCH_SIZE",0.00000000e+00,15252348656171,15252349423942
166665,176808,"Agent 2",1,1122884,1122884,10240,90,"ullm_paged_decode_attn_f32_kernel",256,1024,0,32,0,128,"VALUInsts",0.00000000e+00,15252348656171,15252349423942
166665,176808,"Agent 2",1,1122884,1122884,10240,90,"ullm_paged_decode_attn_f32_kernel",256,1024,0,32,0,128,"Wavefronts",320.000000,15252348656171,15252349423942
166665,176842,"Agent 2",1,1122884,1122884,10240,90,"ullm_paged_decode_attn_f32_kernel",256,1024,0,32,0,128,"FETCH_SIZE",0.00000000e+00,15252353890364,15252354658575
166665,176842,"Agent 2",1,1122884,1122884,10240,90,"ullm_paged_decode_attn_f32_kernel",256,1024,0,32,0,128,"VALUInsts",0.00000000e+00,15252353890364,15252354658575
166665,176842,"Agent 2",1,1122884,1122884,10240,90,"ullm_paged_decode_attn_f32_kernel",256,1024,0,32,0,128,"Wavefronts",320.000000,15252353890364,15252354658575
166665,176876,"Agent 2",1,1122884,1122884,10240,90,"ullm_paged_decode_attn_f32_kernel",256,1024,0,32,0,128,"FETCH_SIZE",0.00000000e+00,15252359556403,15252360324054
166665,176876,"Agent 2",1,1122884,1122884,10240,90,"ullm_paged_decode_attn_f32_kernel",256,1024,0,32,0,128,"VALUInsts",0.00000000e+00,15252359556403,15252360324054
166665,176876,"Agent 2",1,1122884,1122884,10240,90,"ullm_paged_decode_attn_f32_kernel",256,1024,0,32,0,128,"Wavefronts",320.000000,15252359556403,15252360324054
166665,176910,"Agent 2",1,1122884,1122884,10240,90,"ullm_paged_decode_attn_f32_kernel",256,1024,0,32,0,128,"FETCH_SIZE",0.00000000e+00,15252365759890,15252366528700
166665,176910,"Agent 2",1,1122884,1122884,10240,90,"ullm_paged_decode_attn_f32_kernel",256,1024,0,32,0,128,"VALUInsts",0.00000000e+00,15252365759890,15252366528700
166665,176910,"Agent 2",1,1122884,1122884,10240,90,"ullm_paged_decode_attn_f32_kernel",256,1024,0,32,0,128,"Wavefronts",320.000000,15252365759890,15252366528700
166665,176944,"Agent 2",1,1122884,1122884,10240,90,"ullm_paged_decode_attn_f32_kernel",256,1024,0,32,0,128,"FETCH_SIZE",0.00000000e+00,15252371862038,15252372631369
166665,176944,"Agent 2",1,1122884,1122884,10240,90,"ullm_paged_decode_attn_f32_kernel",256,1024,0,32,0,128,"VALUInsts",0.00000000e+00,15252371862038,15252372631369
166665,176944,"Agent 2",1,1122884,1122884,10240,90,"ullm_paged_decode_attn_f32_kernel",256,1024,0,32,0,128,"Wavefronts",320.000000,15252371862038,15252372631369
166665,176978,"Agent 2",1,1122884,1122884,10240,90,"ullm_paged_decode_attn_f32_kernel",256,1024,0,32,0,128,"FETCH_SIZE",0.00000000e+00,15252378911617,15252379680187
166665,176978,"Agent 2",1,1122884,1122884,10240,90,"ullm_paged_decode_attn_f32_kernel",256,1024,0,32,0,128,"VALUInsts",0.00000000e+00,15252378911617,15252379680187
166665,176978,"Agent 2",1,1122884,1122884,10240,90,"ullm_paged_decode_attn_f32_kernel",256,1024,0,32,0,128,"Wavefronts",320.000000,15252378911617,15252379680187
166665,177012,"Agent 2",1,1122884,1122884,10240,90,"ullm_paged_decode_attn_f32_kernel",256,1024,0,32,0,128,"FETCH_SIZE",0.00000000e+00,15252386072477,15252386840487
166665,177012,"Agent 2",1,1122884,1122884,10240,90,"ullm_paged_decode_attn_f32_kernel",256,1024,0,32,0,128,"VALUInsts",0.00000000e+00,15252386072477,15252386840487
166665,177012,"Agent 2",1,1122884,1122884,10240,90,"ullm_paged_decode_attn_f32_kernel",256,1024,0,32,0,128,"Wavefronts",320.000000,15252386072477,15252386840487
166665,177046,"Agent 2",1,1122884,1122884,10240,90,"ullm_paged_decode_attn_f32_kernel",256,1024,0,32,0,128,"FETCH_SIZE",0.00000000e+00,15252393247817,15252394015707
166665,177046,"Agent 2",1,1122884,1122884,10240,90,"ullm_paged_decode_attn_f32_kernel",256,1024,0,32,0,128,"VALUInsts",0.00000000e+00,15252393247817,15252394015707
166665,177046,"Agent 2",1,1122884,1122884,10240,90,"ullm_paged_decode_attn_f32_kernel",256,1024,0,32,0,128,"Wavefronts",320.000000,15252393247817,15252394015707
166665,177080,"Agent 2",1,1122884,1122884,10240,90,"ullm_paged_decode_attn_f32_kernel",256,1024,0,32,0,128,"FETCH_SIZE",0.00000000e+00,15252400001791,15252400771602
166665,177080,"Agent 2",1,1122884,1122884,10240,90,"ullm_paged_decode_attn_f32_kernel",256,1024,0,32,0,128,"VALUInsts",0.00000000e+00,15252400001791,15252400771602
166665,177080,"Agent 2",1,1122884,1122884,10240,90,"ullm_paged_decode_attn_f32_kernel",256,1024,0,32,0,128,"Wavefronts",320.000000,15252400001791,15252400771602
166665,177114,"Agent 2",1,1122884,1122884,10240,90,"ullm_paged_decode_attn_f32_kernel",256,1024,0,32,0,128,"FETCH_SIZE",0.00000000e+00,15252406389680,15252407155331
166665,177114,"Agent 2",1,1122884,1122884,10240,90,"ullm_paged_decode_attn_f32_kernel",256,1024,0,32,0,128,"VALUInsts",0.00000000e+00,15252406389680,15252407155331
166665,177114,"Agent 2",1,1122884,1122884,10240,90,"ullm_paged_decode_attn_f32_kernel",256,1024,0,32,0,128,"Wavefronts",320.000000,15252406389680,15252407155331
166665,177148,"Agent 2",1,1122884,1122884,10240,90,"ullm_paged_decode_attn_f32_kernel",256,1024,0,32,0,128,"FETCH_SIZE",0.00000000e+00,15252412277842,15252413045573
166665,177148,"Agent 2",1,1122884,1122884,10240,90,"ullm_paged_decode_attn_f32_kernel",256,1024,0,32,0,128,"VALUInsts",0.00000000e+00,15252412277842,15252413045573
166665,177148,"Agent 2",1,1122884,1122884,10240,90,"ullm_paged_decode_attn_f32_kernel",256,1024,0,32,0,128,"Wavefronts",320.000000,15252412277842,15252413045573
166665,177182,"Agent 2",1,1122884,1122884,10240,90,"ullm_paged_decode_attn_f32_kernel",256,1024,0,32,0,128,"FETCH_SIZE",0.00000000e+00,15252417836080,15252418603650
166665,177182,"Agent 2",1,1122884,1122884,10240,90,"ullm_paged_decode_attn_f32_kernel",256,1024,0,32,0,128,"VALUInsts",0.00000000e+00,15252417836080,15252418603650
166665,177182,"Agent 2",1,1122884,1122884,10240,90,"ullm_paged_decode_attn_f32_kernel",256,1024,0,32,0,128,"Wavefronts",320.000000,15252417836080,15252418603650
166665,177216,"Agent 2",1,1122884,1122884,10240,90,"ullm_paged_decode_attn_f32_kernel",256,1024,0,32,0,128,"FETCH_SIZE",0.00000000e+00,15252424266609,15252425034940
166665,177216,"Agent 2",1,1122884,1122884,10240,90,"ullm_paged_decode_attn_f32_kernel",256,1024,0,32,0,128,"VALUInsts",0.00000000e+00,15252424266609,15252425034940
166665,177216,"Agent 2",1,1122884,1122884,10240,90,"ullm_paged_decode_attn_f32_kernel",256,1024,0,32,0,128,"Wavefronts",320.000000,15252424266609,15252425034940
166665,177250,"Agent 2",1,1122884,1122884,10240,90,"ullm_paged_decode_attn_f32_kernel",256,1024,0,32,0,128,"FETCH_SIZE",0.00000000e+00,15252429082116,15252429849607
166665,177250,"Agent 2",1,1122884,1122884,10240,90,"ullm_paged_decode_attn_f32_kernel",256,1024,0,32,0,128,"VALUInsts",0.00000000e+00,15252429082116,15252429849607
166665,177250,"Agent 2",1,1122884,1122884,10240,90,"ullm_paged_decode_attn_f32_kernel",256,1024,0,32,0,128,"Wavefronts",320.000000,15252429082116,15252429849607
166665,177284,"Agent 2",1,1122884,1122884,10240,90,"ullm_paged_decode_attn_f32_kernel",256,1024,0,32,0,128,"FETCH_SIZE",0.00000000e+00,15252434385183,15252435153434
166665,177284,"Agent 2",1,1122884,1122884,10240,90,"ullm_paged_decode_attn_f32_kernel",256,1024,0,32,0,128,"VALUInsts",0.00000000e+00,15252434385183,15252435153434
166665,177284,"Agent 2",1,1122884,1122884,10240,90,"ullm_paged_decode_attn_f32_kernel",256,1024,0,32,0,128,"Wavefronts",320.000000,15252434385183,15252435153434
166665,177318,"Agent 2",1,1122884,1122884,10240,90,"ullm_paged_decode_attn_f32_kernel",256,1024,0,32,0,128,"FETCH_SIZE",0.00000000e+00,15252440565669,15252441333720
166665,177318,"Agent 2",1,1122884,1122884,10240,90,"ullm_paged_decode_attn_f32_kernel",256,1024,0,32,0,128,"VALUInsts",0.00000000e+00,15252440565669,15252441333720
166665,177318,"Agent 2",1,1122884,1122884,10240,90,"ullm_paged_decode_attn_f32_kernel",256,1024,0,32,0,128,"Wavefronts",320.000000,15252440565669,15252441333720
166665,177352,"Agent 2",1,1122884,1122884,10240,90,"ullm_paged_decode_attn_f32_kernel",256,1024,0,32,0,128,"FETCH_SIZE",0.00000000e+00,15252446641554,15252447409285
166665,177352,"Agent 2",1,1122884,1122884,10240,90,"ullm_paged_decode_attn_f32_kernel",256,1024,0,32,0,128,"VALUInsts",0.00000000e+00,15252446641554,15252447409285
166665,177352,"Agent 2",1,1122884,1122884,10240,90,"ullm_paged_decode_attn_f32_kernel",256,1024,0,32,0,128,"Wavefronts",320.000000,15252446641554,15252447409285
166665,177386,"Agent 2",1,1122884,1122884,10240,90,"ullm_paged_decode_attn_f32_kernel",256,1024,0,32,0,128,"FETCH_SIZE",0.00000000e+00,15252452136270,15252452904201
166665,177386,"Agent 2",1,1122884,1122884,10240,90,"ullm_paged_decode_attn_f32_kernel",256,1024,0,32,0,128,"VALUInsts",0.00000000e+00,15252452136270,15252452904201
166665,177386,"Agent 2",1,1122884,1122884,10240,90,"ullm_paged_decode_attn_f32_kernel",256,1024,0,32,0,128,"Wavefronts",320.000000,15252452136270,15252452904201
166665,177420,"Agent 2",1,1122884,1122884,10240,90,"ullm_paged_decode_attn_f32_kernel",256,1024,0,32,0,128,"FETCH_SIZE",0.00000000e+00,15252457093180,15252457861950
166665,177420,"Agent 2",1,1122884,1122884,10240,90,"ullm_paged_decode_attn_f32_kernel",256,1024,0,32,0,128,"VALUInsts",0.00000000e+00,15252457093180,15252457861950
166665,177420,"Agent 2",1,1122884,1122884,10240,90,"ullm_paged_decode_attn_f32_kernel",256,1024,0,32,0,128,"Wavefronts",320.000000,15252457093180,15252457861950
166665,177454,"Agent 2",1,1122884,1122884,10240,90,"ullm_paged_decode_attn_f32_kernel",256,1024,0,32,0,128,"FETCH_SIZE",0.00000000e+00,15252461420520,15252462190531
166665,177454,"Agent 2",1,1122884,1122884,10240,90,"ullm_paged_decode_attn_f32_kernel",256,1024,0,32,0,128,"VALUInsts",0.00000000e+00,15252461420520,15252462190531
166665,177454,"Agent 2",1,1122884,1122884,10240,90,"ullm_paged_decode_attn_f32_kernel",256,1024,0,32,0,128,"Wavefronts",320.000000,15252461420520,15252462190531
166665,177488,"Agent 2",1,1122884,1122884,10240,90,"ullm_paged_decode_attn_f32_kernel",256,1024,0,32,0,128,"FETCH_SIZE",0.00000000e+00,15252464974170,15252465743220
166665,177488,"Agent 2",1,1122884,1122884,10240,90,"ullm_paged_decode_attn_f32_kernel",256,1024,0,32,0,128,"VALUInsts",0.00000000e+00,15252464974170,15252465743220
166665,177488,"Agent 2",1,1122884,1122884,10240,90,"ullm_paged_decode_attn_f32_kernel",256,1024,0,32,0,128,"Wavefronts",320.000000,15252464974170,15252465743220
166665,177522,"Agent 2",1,1122884,1122884,10240,90,"ullm_paged_decode_attn_f32_kernel",256,1024,0,32,0,128,"FETCH_SIZE",0.00000000e+00,15252468048972,15252468821863
166665,177522,"Agent 2",1,1122884,1122884,10240,90,"ullm_paged_decode_attn_f32_kernel",256,1024,0,32,0,128,"VALUInsts",0.00000000e+00,15252468048972,15252468821863
166665,177522,"Agent 2",1,1122884,1122884,10240,90,"ullm_paged_decode_attn_f32_kernel",256,1024,0,32,0,128,"Wavefronts",320.000000,15252468048972,15252468821863
166665,177556,"Agent 2",1,1122884,1122884,10240,90,"ullm_paged_decode_attn_f32_kernel",256,1024,0,32,0,128,"FETCH_SIZE",0.00000000e+00,15252470595128,15252471361779
166665,177556,"Agent 2",1,1122884,1122884,10240,90,"ullm_paged_decode_attn_f32_kernel",256,1024,0,32,0,128,"VALUInsts",0.00000000e+00,15252470595128,15252471361779
166665,177556,"Agent 2",1,1122884,1122884,10240,90,"ullm_paged_decode_attn_f32_kernel",256,1024,0,32,0,128,"Wavefronts",320.000000,15252470595128,15252471361779
166665,177594,"Agent 2",1,1122884,1122884,10240,90,"ullm_paged_decode_attn_f32_kernel",256,1024,0,32,0,128,"FETCH_SIZE",0.00000000e+00,15252478531289,15252479301339
166665,177594,"Agent 2",1,1122884,1122884,10240,90,"ullm_paged_decode_attn_f32_kernel",256,1024,0,32,0,128,"VALUInsts",0.00000000e+00,15252478531289,15252479301339
166665,177594,"Agent 2",1,1122884,1122884,10240,90,"ullm_paged_decode_attn_f32_kernel",256,1024,0,32,0,128,"Wavefronts",320.000000,15252478531289,15252479301339
166665,177628,"Agent 2",1,1122884,1122884,10240,90,"ullm_paged_decode_attn_f32_kernel",256,1024,0,32,0,128,"FETCH_SIZE",0.00000000e+00,15252480896162,15252481665252
166665,177628,"Agent 2",1,1122884,1122884,10240,90,"ullm_paged_decode_attn_f32_kernel",256,1024,0,32,0,128,"VALUInsts",0.00000000e+00,15252480896162,15252481665252
166665,177628,"Agent 2",1,1122884,1122884,10240,90,"ullm_paged_decode_attn_f32_kernel",256,1024,0,32,0,128,"Wavefronts",320.000000,15252480896162,15252481665252
166665,177662,"Agent 2",1,1122884,1122884,10240,90,"ullm_paged_decode_attn_f32_kernel",256,1024,0,32,0,128,"FETCH_SIZE",0.00000000e+00,15252483281595,15252484048566
166665,177662,"Agent 2",1,1122884,1122884,10240,90,"ullm_paged_decode_attn_f32_kernel",256,1024,0,32,0,128,"VALUInsts",0.00000000e+00,15252483281595,15252484048566
166665,177662,"Agent 2",1,1122884,1122884,10240,90,"ullm_paged_decode_attn_f32_kernel",256,1024,0,32,0,128,"Wavefronts",320.000000,15252483281595,15252484048566
166665,177696,"Agent 2",1,1122884,1122884,10240,90,"ullm_paged_decode_attn_f32_kernel",256,1024,0,32,0,128,"FETCH_SIZE",0.00000000e+00,15252485821550,15252486590841
166665,177696,"Agent 2",1,1122884,1122884,10240,90,"ullm_paged_decode_attn_f32_kernel",256,1024,0,32,0,128,"VALUInsts",0.00000000e+00,15252485821550,15252486590841
166665,177696,"Agent 2",1,1122884,1122884,10240,90,"ullm_paged_decode_attn_f32_kernel",256,1024,0,32,0,128,"Wavefronts",320.000000,15252485821550,15252486590841
166665,177730,"Agent 2",1,1122884,1122884,10240,90,"ullm_paged_decode_attn_f32_kernel",256,1024,0,32,0,128,"FETCH_SIZE",0.00000000e+00,15252488294945,15252489064955
166665,177730,"Agent 2",1,1122884,1122884,10240,90,"ullm_paged_decode_attn_f32_kernel",256,1024,0,32,0,128,"VALUInsts",0.00000000e+00,15252488294945,15252489064955
166665,177730,"Agent 2",1,1122884,1122884,10240,90,"ullm_paged_decode_attn_f32_kernel",256,1024,0,32,0,128,"Wavefronts",320.000000,15252488294945,15252489064955
166665,177764,"Agent 2",1,1122884,1122884,10240,90,"ullm_paged_decode_attn_f32_kernel",256,1024,0,32,0,128,"FETCH_SIZE",0.00000000e+00,15252490761259,15252491531430
166665,177764,"Agent 2",1,1122884,1122884,10240,90,"ullm_paged_decode_attn_f32_kernel",256,1024,0,32,0,128,"VALUInsts",0.00000000e+00,15252490761259,15252491531430
166665,177764,"Agent 2",1,1122884,1122884,10240,90,"ullm_paged_decode_attn_f32_kernel",256,1024,0,32,0,128,"Wavefronts",320.000000,15252490761259,15252491531430
166665,177798,"Agent 2",1,1122884,1122884,10240,90,"ullm_paged_decode_attn_f32_kernel",256,1024,0,32,0,128,"FETCH_SIZE",0.00000000e+00,15252493209638,15252493979169
166665,177798,"Agent 2",1,1122884,1122884,10240,90,"ullm_paged_decode_attn_f32_kernel",256,1024,0,32,0,128,"VALUInsts",0.00000000e+00,15252493209638,15252493979169
166665,177798,"Agent 2",1,1122884,1122884,10240,90,"ullm_paged_decode_attn_f32_kernel",256,1024,0,32,0,128,"Wavefronts",320.000000,15252493209638,15252493979169
166665,177832,"Agent 2",1,1122884,1122884,10240,90,"ullm_paged_decode_attn_f32_kernel",256,1024,0,32,0,128,"FETCH_SIZE",0.00000000e+00,15252495698352,15252496467082
166665,177832,"Agent 2",1,1122884,1122884,10240,90,"ullm_paged_decode_attn_f32_kernel",256,1024,0,32,0,128,"VALUInsts",0.00000000e+00,15252495698352,15252496467082
166665,177832,"Agent 2",1,1122884,1122884,10240,90,"ullm_paged_decode_attn_f32_kernel",256,1024,0,32,0,128,"Wavefronts",320.000000,15252495698352,15252496467082
166665,177866,"Agent 2",1,1122884,1122884,10240,90,"ullm_paged_decode_attn_f32_kernel",256,1024,0,32,0,128,"FETCH_SIZE",0.00000000e+00,15252498158666,15252498927677
166665,177866,"Agent 2",1,1122884,1122884,10240,90,"ullm_paged_decode_attn_f32_kernel",256,1024,0,32,0,128,"VALUInsts",0.00000000e+00,15252498158666,15252498927677
166665,177866,"Agent 2",1,1122884,1122884,10240,90,"ullm_paged_decode_attn_f32_kernel",256,1024,0,32,0,128,"Wavefronts",320.000000,15252498158666,15252498927677
166665,177900,"Agent 2",1,1122884,1122884,10240,90,"ullm_paged_decode_attn_f32_kernel",256,1024,0,32,0,128,"FETCH_SIZE",0.00000000e+00,15252500656901,15252501427271
166665,177900,"Agent 2",1,1122884,1122884,10240,90,"ullm_paged_decode_attn_f32_kernel",256,1024,0,32,0,128,"VALUInsts",0.00000000e+00,15252500656901,15252501427271
166665,177900,"Agent 2",1,1122884,1122884,10240,90,"ullm_paged_decode_attn_f32_kernel",256,1024,0,32,0,128,"Wavefronts",320.000000,15252500656901,15252501427271
166665,177934,"Agent 2",1,1122884,1122884,10240,90,"ullm_paged_decode_attn_f32_kernel",256,1024,0,32,0,128,"FETCH_SIZE",0.00000000e+00,15252503147295,15252503915666
166665,177934,"Agent 2",1,1122884,1122884,10240,90,"ullm_paged_decode_attn_f32_kernel",256,1024,0,32,0,128,"VALUInsts",0.00000000e+00,15252503147295,15252503915666
166665,177934,"Agent 2",1,1122884,1122884,10240,90,"ullm_paged_decode_attn_f32_kernel",256,1024,0,32,0,128,"Wavefronts",320.000000,15252503147295,15252503915666
166665,177968,"Agent 2",1,1122884,1122884,10240,90,"ullm_paged_decode_attn_f32_kernel",256,1024,0,32,0,128,"FETCH_SIZE",0.00000000e+00,15252505651690,15252506420261
166665,177968,"Agent 2",1,1122884,1122884,10240,90,"ullm_paged_decode_attn_f32_kernel",256,1024,0,32,0,128,"VALUInsts",0.00000000e+00,15252505651690,15252506420261
166665,177968,"Agent 2",1,1122884,1122884,10240,90,"ullm_paged_decode_attn_f32_kernel",256,1024,0,32,0,128,"Wavefronts",320.000000,15252505651690,15252506420261
166665,178002,"Agent 2",1,1122884,1122884,10240,90,"ullm_paged_decode_attn_f32_kernel",256,1024,0,32,0,128,"FETCH_SIZE",0.00000000e+00,15252508116405,15252508887375
166665,178002,"Agent 2",1,1122884,1122884,10240,90,"ullm_paged_decode_attn_f32_kernel",256,1024,0,32,0,128,"VALUInsts",0.00000000e+00,15252508116405,15252508887375
166665,178002,"Agent 2",1,1122884,1122884,10240,90,"ullm_paged_decode_attn_f32_kernel",256,1024,0,32,0,128,"Wavefronts",320.000000,15252508116405,15252508887375
166665,178036,"Agent 2",1,1122884,1122884,10240,90,"ullm_paged_decode_attn_f32_kernel",256,1024,0,32,0,128,"FETCH_SIZE",0.00000000e+00,15252510731321,15252511500172
166665,178036,"Agent 2",1,1122884,1122884,10240,90,"ullm_paged_decode_attn_f32_kernel",256,1024,0,32,0,128,"VALUInsts",0.00000000e+00,15252510731321,15252511500172
166665,178036,"Agent 2",1,1122884,1122884,10240,90,"ullm_paged_decode_attn_f32_kernel",256,1024,0,32,0,128,"Wavefronts",320.000000,15252510731321,15252511500172
166665,178070,"Agent 2",1,1122884,1122884,10240,90,"ullm_paged_decode_attn_f32_kernel",256,1024,0,32,0,128,"FETCH_SIZE",0.00000000e+00,15252513258876,15252514028447
166665,178070,"Agent 2",1,1122884,1122884,10240,90,"ullm_paged_decode_attn_f32_kernel",256,1024,0,32,0,128,"VALUInsts",0.00000000e+00,15252513258876,15252514028447
166665,178070,"Agent 2",1,1122884,1122884,10240,90,"ullm_paged_decode_attn_f32_kernel",256,1024,0,32,0,128,"Wavefronts",320.000000,15252513258876,15252514028447
166665,178104,"Agent 2",1,1122884,1122884,10240,90,"ullm_paged_decode_attn_f32_kernel",256,1024,0,32,0,128,"FETCH_SIZE",0.00000000e+00,15252515765591,15252516537162
166665,178104,"Agent 2",1,1122884,1122884,10240,90,"ullm_paged_decode_attn_f32_kernel",256,1024,0,32,0,128,"VALUInsts",0.00000000e+00,15252515765591,15252516537162
166665,178104,"Agent 2",1,1122884,1122884,10240,90,"ullm_paged_decode_attn_f32_kernel",256,1024,0,32,0,128,"Wavefronts",320.000000,15252515765591,15252516537162
166665,178138,"Agent 2",1,1122884,1122884,10240,90,"ullm_paged_decode_attn_f32_kernel",256,1024,0,32,0,128,"FETCH_SIZE",0.00000000e+00,15252518346947,15252519116798
166665,178138,"Agent 2",1,1122884,1122884,10240,90,"ullm_paged_decode_attn_f32_kernel",256,1024,0,32,0,128,"VALUInsts",0.00000000e+00,15252518346947,15252519116798
166665,178138,"Agent 2",1,1122884,1122884,10240,90,"ullm_paged_decode_attn_f32_kernel",256,1024,0,32,0,128,"Wavefronts",320.000000,15252518346947,15252519116798
166665,178172,"Agent 2",1,1122884,1122884,10240,90,"ullm_paged_decode_attn_f32_kernel",256,1024,0,32,0,128,"FETCH_SIZE",0.00000000e+00,15252520990504,15252521758715
166665,178172,"Agent 2",1,1122884,1122884,10240,90,"ullm_paged_decode_attn_f32_kernel",256,1024,0,32,0,128,"VALUInsts",0.00000000e+00,15252520990504,15252521758715
166665,178172,"Agent 2",1,1122884,1122884,10240,90,"ullm_paged_decode_attn_f32_kernel",256,1024,0,32,0,128,"Wavefronts",320.000000,15252520990504,15252521758715
166665,178206,"Agent 2",1,1122884,1122884,10240,90,"ullm_paged_decode_attn_f32_kernel",256,1024,0,32,0,128,"FETCH_SIZE",0.00000000e+00,15252523760783,15252524532274
166665,178206,"Agent 2",1,1122884,1122884,10240,90,"ullm_paged_decode_attn_f32_kernel",256,1024,0,32,0,128,"VALUInsts",0.00000000e+00,15252523760783,15252524532274
166665,178206,"Agent 2",1,1122884,1122884,10240,90,"ullm_paged_decode_attn_f32_kernel",256,1024,0,32,0,128,"Wavefronts",320.000000,15252523760783,15252524532274
166665,178240,"Agent 2",1,1122884,1122884,10240,90,"ullm_paged_decode_attn_f32_kernel",256,1024,0,32,0,128,"FETCH_SIZE",0.00000000e+00,15252526652743,15252527429474
166665,178240,"Agent 2",1,1122884,1122884,10240,90,"ullm_paged_decode_attn_f32_kernel",256,1024,0,32,0,128,"VALUInsts",0.00000000e+00,15252526652743,15252527429474
166665,178240,"Agent 2",1,1122884,1122884,10240,90,"ullm_paged_decode_attn_f32_kernel",256,1024,0,32,0,128,"Wavefronts",320.000000,15252526652743,15252527429474
166665,178274,"Agent 2",1,1122884,1122884,10240,90,"ullm_paged_decode_attn_f32_kernel",256,1024,0,32,0,128,"FETCH_SIZE",0.00000000e+00,15252529697026,15252530469156
166665,178274,"Agent 2",1,1122884,1122884,10240,90,"ullm_paged_decode_attn_f32_kernel",256,1024,0,32,0,128,"VALUInsts",0.00000000e+00,15252529697026,15252530469156
166665,178274,"Agent 2",1,1122884,1122884,10240,90,"ullm_paged_decode_attn_f32_kernel",256,1024,0,32,0,128,"Wavefronts",320.000000,15252529697026,15252530469156
166665,178308,"Agent 2",1,1122884,1122884,10240,90,"ullm_paged_decode_attn_f32_kernel",256,1024,0,32,0,128,"FETCH_SIZE",0.00000000e+00,15252532908750,15252533677801
166665,178308,"Agent 2",1,1122884,1122884,10240,90,"ullm_paged_decode_attn_f32_kernel",256,1024,0,32,0,128,"VALUInsts",0.00000000e+00,15252532908750,15252533677801
166665,178308,"Agent 2",1,1122884,1122884,10240,90,"ullm_paged_decode_attn_f32_kernel",256,1024,0,32,0,128,"Wavefronts",320.000000,15252532908750,15252533677801
166665,178342,"Agent 2",1,1122884,1122884,10240,90,"ullm_paged_decode_attn_f32_kernel",256,1024,0,32,0,128,"FETCH_SIZE",0.00000000e+00,15252536409759,15252537177490
166665,178342,"Agent 2",1,1122884,1122884,10240,90,"ullm_paged_decode_attn_f32_kernel",256,1024,0,32,0,128,"VALUInsts",0.00000000e+00,15252536409759,15252537177490
166665,178342,"Agent 2",1,1122884,1122884,10240,90,"ullm_paged_decode_attn_f32_kernel",256,1024,0,32,0,128,"Wavefronts",320.000000,15252536409759,15252537177490
166665,178376,"Agent 2",1,1122884,1122884,10240,90,"ullm_paged_decode_attn_f32_kernel",256,1024,0,32,0,128,"FETCH_SIZE",0.00000000e+00,15252540234973,15252541004903
166665,178376,"Agent 2",1,1122884,1122884,10240,90,"ullm_paged_decode_attn_f32_kernel",256,1024,0,32,0,128,"VALUInsts",0.00000000e+00,15252540234973,15252541004903
166665,178376,"Agent 2",1,1122884,1122884,10240,90,"ullm_paged_decode_attn_f32_kernel",256,1024,0,32,0,128,"Wavefronts",320.000000,15252540234973,15252541004903
166665,178410,"Agent 2",1,1122884,1122884,10240,90,"ullm_paged_decode_attn_f32_kernel",256,1024,0,32,0,128,"FETCH_SIZE",0.00000000e+00,15252544447391,15252545216762
166665,178410,"Agent 2",1,1122884,1122884,10240,90,"ullm_paged_decode_attn_f32_kernel",256,1024,0,32,0,128,"VALUInsts",0.00000000e+00,15252544447391,15252545216762
166665,178410,"Agent 2",1,1122884,1122884,10240,90,"ullm_paged_decode_attn_f32_kernel",256,1024,0,32,0,128,"Wavefronts",320.000000,15252544447391,15252545216762
166665,178444,"Agent 2",1,1122884,1122884,10240,90,"ullm_paged_decode_attn_f32_kernel",256,1024,0,32,0,128,"FETCH_SIZE",0.00000000e+00,15252549125577,15252549894587
166665,178444,"Agent 2",1,1122884,1122884,10240,90,"ullm_paged_decode_attn_f32_kernel",256,1024,0,32,0,128,"VALUInsts",0.00000000e+00,15252549125577,15252549894587
166665,178444,"Agent 2",1,1122884,1122884,10240,90,"ullm_paged_decode_attn_f32_kernel",256,1024,0,32,0,128,"Wavefronts",320.000000,15252549125577,15252549894587
166665,178478,"Agent 2",1,1122884,1122884,10240,90,"ullm_paged_decode_attn_f32_kernel",256,1024,0,32,0,128,"FETCH_SIZE",0.00000000e+00,15252554606293,15252555375624
166665,178478,"Agent 2",1,1122884,1122884,10240,90,"ullm_paged_decode_attn_f32_kernel",256,1024,0,32,0,128,"VALUInsts",0.00000000e+00,15252554606293,15252555375624
166665,178478,"Agent 2",1,1122884,1122884,10240,90,"ullm_paged_decode_attn_f32_kernel",256,1024,0,32,0,128,"Wavefronts",320.000000,15252554606293,15252555375624
166665,178512,"Agent 2",1,1122884,1122884,10240,90,"ullm_paged_decode_attn_f32_kernel",256,1024,0,32,0,128,"FETCH_SIZE",0.00000000e+00,15252560136922,15252560904013
166665,178512,"Agent 2",1,1122884,1122884,10240,90,"ullm_paged_decode_attn_f32_kernel",256,1024,0,32,0,128,"VALUInsts",0.00000000e+00,15252560136922,15252560904013
166665,178512,"Agent 2",1,1122884,1122884,10240,90,"ullm_paged_decode_attn_f32_kernel",256,1024,0,32,0,128,"Wavefronts",320.000000,15252560136922,15252560904013
166665,178546,"Agent 2",1,1122884,1122884,10240,90,"ullm_paged_decode_attn_f32_kernel",256,1024,0,32,0,128,"FETCH_SIZE",0.00000000e+00,15252565089711,15252565860442
166665,178546,"Agent 2",1,1122884,1122884,10240,90,"ullm_paged_decode_attn_f32_kernel",256,1024,0,32,0,128,"VALUInsts",0.00000000e+00,15252565089711,15252565860442
166665,178546,"Agent 2",1,1122884,1122884,10240,90,"ullm_paged_decode_attn_f32_kernel",256,1024,0,32,0,128,"Wavefronts",320.000000,15252565089711,15252565860442
166665,178580,"Agent 2",1,1122884,1122884,10240,90,"ullm_paged_decode_attn_f32_kernel",256,1024,0,32,0,128,"FETCH_SIZE",0.00000000e+00,15252569981780,15252570751070
166665,178580,"Agent 2",1,1122884,1122884,10240,90,"ullm_paged_decode_attn_f32_kernel",256,1024,0,32,0,128,"VALUInsts",0.00000000e+00,15252569981780,15252570751070
166665,178580,"Agent 2",1,1122884,1122884,10240,90,"ullm_paged_decode_attn_f32_kernel",256,1024,0,32,0,128,"Wavefronts",320.000000,15252569981780,15252570751070
166665,178614,"Agent 2",1,1122884,1122884,10240,90,"ullm_paged_decode_attn_f32_kernel",256,1024,0,32,0,128,"FETCH_SIZE",0.00000000e+00,15252574922728,15252575693499
166665,178614,"Agent 2",1,1122884,1122884,10240,90,"ullm_paged_decode_attn_f32_kernel",256,1024,0,32,0,128,"VALUInsts",0.00000000e+00,15252574922728,15252575693499
166665,178614,"Agent 2",1,1122884,1122884,10240,90,"ullm_paged_decode_attn_f32_kernel",256,1024,0,32,0,128,"Wavefronts",320.000000,15252574922728,15252575693499
166665,178648,"Agent 2",1,1122884,1122884,10240,90,"ullm_paged_decode_attn_f32_kernel",256,1024,0,32,0,128,"FETCH_SIZE",0.00000000e+00,15252580809331,15252581578421
166665,178648,"Agent 2",1,1122884,1122884,10240,90,"ullm_paged_decode_attn_f32_kernel",256,1024,0,32,0,128,"VALUInsts",0.00000000e+00,15252580809331,15252581578421
166665,178648,"Agent 2",1,1122884,1122884,10240,90,"ullm_paged_decode_attn_f32_kernel",256,1024,0,32,0,128,"Wavefronts",320.000000,15252580809331,15252581578421
166665,178682,"Agent 2",1,1122884,1122884,10240,90,"ullm_paged_decode_attn_f32_kernel",256,1024,0,32,0,128,"FETCH_SIZE",0.00000000e+00,15252587112378,15252587882229
166665,178682,"Agent 2",1,1122884,1122884,10240,90,"ullm_paged_decode_attn_f32_kernel",256,1024,0,32,0,128,"VALUInsts",0.00000000e+00,15252587112378,15252587882229
166665,178682,"Agent 2",1,1122884,1122884,10240,90,"ullm_paged_decode_attn_f32_kernel",256,1024,0,32,0,128,"Wavefronts",320.000000,15252587112378,15252587882229
166665,178716,"Agent 2",1,1122884,1122884,10240,90,"ullm_paged_decode_attn_f32_kernel",256,1024,0,32,0,128,"FETCH_SIZE",0.00000000e+00,15252593152903,15252593922713
166665,178716,"Agent 2",1,1122884,1122884,10240,90,"ullm_paged_decode_attn_f32_kernel",256,1024,0,32,0,128,"VALUInsts",0.00000000e+00,15252593152903,15252593922713
166665,178716,"Agent 2",1,1122884,1122884,10240,90,"ullm_paged_decode_attn_f32_kernel",256,1024,0,32,0,128,"Wavefronts",320.000000,15252593152903,15252593922713
166665,178750,"Agent 2",1,1122884,1122884,10240,90,"ullm_paged_decode_attn_f32_kernel",256,1024,0,32,0,128,"FETCH_SIZE",0.00000000e+00,15252598506657,15252599275908
166665,178750,"Agent 2",1,1122884,1122884,10240,90,"ullm_paged_decode_attn_f32_kernel",256,1024,0,32,0,128,"VALUInsts",0.00000000e+00,15252598506657,15252599275908
166665,178750,"Agent 2",1,1122884,1122884,10240,90,"ullm_paged_decode_attn_f32_kernel",256,1024,0,32,0,128,"Wavefronts",320.000000,15252598506657,15252599275908
166665,178784,"Agent 2",1,1122884,1122884,10240,90,"ullm_paged_decode_attn_f32_kernel",256,1024,0,32,0,128,"FETCH_SIZE",0.00000000e+00,15252603392165,15252604162976
166665,178784,"Agent 2",1,1122884,1122884,10240,90,"ullm_paged_decode_attn_f32_kernel",256,1024,0,32,0,128,"VALUInsts",0.00000000e+00,15252603392165,15252604162976
166665,178784,"Agent 2",1,1122884,1122884,10240,90,"ullm_paged_decode_attn_f32_kernel",256,1024,0,32,0,128,"Wavefronts",320.000000,15252603392165,15252604162976
166665,178818,"Agent 2",1,1122884,1122884,10240,90,"ullm_paged_decode_attn_f32_kernel",256,1024,0,32,0,128,"FETCH_SIZE",0.00000000e+00,15252607643945,15252608410755
166665,178818,"Agent 2",1,1122884,1122884,10240,90,"ullm_paged_decode_attn_f32_kernel",256,1024,0,32,0,128,"VALUInsts",0.00000000e+00,15252607643945,15252608410755
166665,178818,"Agent 2",1,1122884,1122884,10240,90,"ullm_paged_decode_attn_f32_kernel",256,1024,0,32,0,128,"Wavefronts",320.000000,15252607643945,15252608410755
166665,178852,"Agent 2",1,1122884,1122884,10240,90,"ullm_paged_decode_attn_f32_kernel",256,1024,0,32,0,128,"FETCH_SIZE",0.00000000e+00,15252611255955,15252612026486
166665,178852,"Agent 2",1,1122884,1122884,10240,90,"ullm_paged_decode_attn_f32_kernel",256,1024,0,32,0,128,"VALUInsts",0.00000000e+00,15252611255955,15252612026486
166665,178852,"Agent 2",1,1122884,1122884,10240,90,"ullm_paged_decode_attn_f32_kernel",256,1024,0,32,0,128,"Wavefronts",320.000000,15252611255955,15252612026486
166665,178886,"Agent 2",1,1122884,1122884,10240,90,"ullm_paged_decode_attn_f32_kernel",256,1024,0,32,0,128,"FETCH_SIZE",0.00000000e+00,15252614259077,15252615029088
166665,178886,"Agent 2",1,1122884,1122884,10240,90,"ullm_paged_decode_attn_f32_kernel",256,1024,0,32,0,128,"VALUInsts",0.00000000e+00,15252614259077,15252615029088
166665,178886,"Agent 2",1,1122884,1122884,10240,90,"ullm_paged_decode_attn_f32_kernel",256,1024,0,32,0,128,"Wavefronts",320.000000,15252614259077,15252615029088
166665,178920,"Agent 2",1,1122884,1122884,10240,90,"ullm_paged_decode_attn_f32_kernel",256,1024,0,32,0,128,"FETCH_SIZE",0.00000000e+00,15252616745832,15252617515442
166665,178920,"Agent 2",1,1122884,1122884,10240,90,"ullm_paged_decode_attn_f32_kernel",256,1024,0,32,0,128,"VALUInsts",0.00000000e+00,15252616745832,15252617515442
166665,178920,"Agent 2",1,1122884,1122884,10240,90,"ullm_paged_decode_attn_f32_kernel",256,1024,0,32,0,128,"Wavefronts",320.000000,15252616745832,15252617515442
166665,178958,"Agent 2",1,1122884,1122884,10240,90,"ullm_paged_decode_attn_f32_kernel",256,1024,0,32,0,128,"FETCH_SIZE",0.00000000e+00,15252624368657,15252625137548
166665,178958,"Agent 2",1,1122884,1122884,10240,90,"ullm_paged_decode_attn_f32_kernel",256,1024,0,32,0,128,"VALUInsts",0.00000000e+00,15252624368657,15252625137548
166665,178958,"Agent 2",1,1122884,1122884,10240,90,"ullm_paged_decode_attn_f32_kernel",256,1024,0,32,0,128,"Wavefronts",320.000000,15252624368657,15252625137548
166665,178992,"Agent 2",1,1122884,1122884,10240,90,"ullm_paged_decode_attn_f32_kernel",256,1024,0,32,0,128,"FETCH_SIZE",0.00000000e+00,15252626768731,15252627543621
166665,178992,"Agent 2",1,1122884,1122884,10240,90,"ullm_paged_decode_attn_f32_kernel",256,1024,0,32,0,128,"VALUInsts",0.00000000e+00,15252626768731,15252627543621
166665,178992,"Agent 2",1,1122884,1122884,10240,90,"ullm_paged_decode_attn_f32_kernel",256,1024,0,32,0,128,"Wavefronts",320.000000,15252626768731,15252627543621
166665,179026,"Agent 2",1,1122884,1122884,10240,90,"ullm_paged_decode_attn_f32_kernel",256,1024,0,32,0,128,"FETCH_SIZE",0.00000000e+00,15252629356287,15252630126817
166665,179026,"Agent 2",1,1122884,1122884,10240,90,"ullm_paged_decode_attn_f32_kernel",256,1024,0,32,0,128,"VALUInsts",0.00000000e+00,15252629356287,15252630126817
166665,179026,"Agent 2",1,1122884,1122884,10240,90,"ullm_paged_decode_attn_f32_kernel",256,1024,0,32,0,128,"Wavefronts",320.000000,15252629356287,15252630126817
166665,179060,"Agent 2",1,1122884,1122884,10240,90,"ullm_paged_decode_attn_f32_kernel",256,1024,0,32,0,128,"FETCH_SIZE",0.00000000e+00,15252631760200,15252632530891
166665,179060,"Agent 2",1,1122884,1122884,10240,90,"ullm_paged_decode_attn_f32_kernel",256,1024,0,32,0,128,"VALUInsts",0.00000000e+00,15252631760200,15252632530891
166665,179060,"Agent 2",1,1122884,1122884,10240,90,"ullm_paged_decode_attn_f32_kernel",256,1024,0,32,0,128,"Wavefronts",320.000000,15252631760200,15252632530891
166665,179094,"Agent 2",1,1122884,1122884,10240,90,"ullm_paged_decode_attn_f32_kernel",256,1024,0,32,0,128,"FETCH_SIZE",0.00000000e+00,15252634216314,15252634987045
166665,179094,"Agent 2",1,1122884,1122884,10240,90,"ullm_paged_decode_attn_f32_kernel",256,1024,0,32,0,128,"VALUInsts",0.00000000e+00,15252634216314,15252634987045
166665,179094,"Agent 2",1,1122884,1122884,10240,90,"ullm_paged_decode_attn_f32_kernel",256,1024,0,32,0,128,"Wavefronts",320.000000,15252634216314,15252634987045
166665,179128,"Agent 2",1,1122884,1122884,10240,90,"ullm_paged_decode_attn_f32_kernel",256,1024,0,32,0,128,"FETCH_SIZE",0.00000000e+00,15252636691469,15252637460600
166665,179128,"Agent 2",1,1122884,1122884,10240,90,"ullm_paged_decode_attn_f32_kernel",256,1024,0,32,0,128,"VALUInsts",0.00000000e+00,15252636691469,15252637460600
166665,179128,"Agent 2",1,1122884,1122884,10240,90,"ullm_paged_decode_attn_f32_kernel",256,1024,0,32,0,128,"Wavefronts",320.000000,15252636691469,15252637460600
166665,179162,"Agent 2",1,1122884,1122884,10240,90,"ullm_paged_decode_attn_f32_kernel",256,1024,0,32,0,128,"FETCH_SIZE",0.00000000e+00,15252639166423,15252639934954
166665,179162,"Agent 2",1,1122884,1122884,10240,90,"ullm_paged_decode_attn_f32_kernel",256,1024,0,32,0,128,"VALUInsts",0.00000000e+00,15252639166423,15252639934954
166665,179162,"Agent 2",1,1122884,1122884,10240,90,"ullm_paged_decode_attn_f32_kernel",256,1024,0,32,0,128,"Wavefronts",320.000000,15252639166423,15252639934954
166665,179196,"Agent 2",1,1122884,1122884,10240,90,"ullm_paged_decode_attn_f32_kernel",256,1024,0,32,0,128,"FETCH_SIZE",0.00000000e+00,15252641687619,15252642457949
166665,179196,"Agent 2",1,1122884,1122884,10240,90,"ullm_paged_decode_attn_f32_kernel",256,1024,0,32,0,128,"VALUInsts",0.00000000e+00,15252641687619,15252642457949
166665,179196,"Agent 2",1,1122884,1122884,10240,90,"ullm_paged_decode_attn_f32_kernel",256,1024,0,32,0,128,"Wavefronts",320.000000,15252641687619,15252642457949
166665,179230,"Agent 2",1,1122884,1122884,10240,90,"ullm_paged_decode_attn_f32_kernel",256,1024,0,32,0,128,"FETCH_SIZE",0.00000000e+00,15252644186813,15252644955384
166665,179230,"Agent 2",1,1122884,1122884,10240,90,"ullm_paged_decode_attn_f32_kernel",256,1024,0,32,0,128,"VALUInsts",0.00000000e+00,15252644186813,15252644955384
166665,179230,"Agent 2",1,1122884,1122884,10240,90,"ullm_paged_decode_attn_f32_kernel",256,1024,0,32,0,128,"Wavefronts",320.000000,15252644186813,15252644955384
166665,179264,"Agent 2",1,1122884,1122884,10240,90,"ullm_paged_decode_attn_f32_kernel",256,1024,0,32,0,128,"FETCH_SIZE",0.00000000e+00,15252646719249,15252647489180
166665,179264,"Agent 2",1,1122884,1122884,10240,90,"ullm_paged_decode_attn_f32_kernel",256,1024,0,32,0,128,"VALUInsts",0.00000000e+00,15252646719249,15252647489180
166665,179264,"Agent 2",1,1122884,1122884,10240,90,"ullm_paged_decode_attn_f32_kernel",256,1024,0,32,0,128,"Wavefronts",320.000000,15252646719249,15252647489180
166665,179298,"Agent 2",1,1122884,1122884,10240,90,"ullm_paged_decode_attn_f32_kernel",256,1024,0,32,0,128,"FETCH_SIZE",0.00000000e+00,15252649259924,15252650029855
166665,179298,"Agent 2",1,1122884,1122884,10240,90,"ullm_paged_decode_attn_f32_kernel",256,1024,0,32,0,128,"VALUInsts",0.00000000e+00,15252649259924,15252650029855
166665,179298,"Agent 2",1,1122884,1122884,10240,90,"ullm_paged_decode_attn_f32_kernel",256,1024,0,32,0,128,"Wavefronts",320.000000,15252649259924,15252650029855
166665,179332,"Agent 2",1,1122884,1122884,10240,90,"ullm_paged_decode_attn_f32_kernel",256,1024,0,32,0,128,"FETCH_SIZE",0.00000000e+00,15252651811880,15252652579610
166665,179332,"Agent 2",1,1122884,1122884,10240,90,"ullm_paged_decode_attn_f32_kernel",256,1024,0,32,0,128,"VALUInsts",0.00000000e+00,15252651811880,15252652579610
166665,179332,"Agent 2",1,1122884,1122884,10240,90,"ullm_paged_decode_attn_f32_kernel",256,1024,0,32,0,128,"Wavefronts",320.000000,15252651811880,15252652579610
166665,179366,"Agent 2",1,1122884,1122884,10240,90,"ullm_paged_decode_attn_f32_kernel",256,1024,0,32,0,128,"FETCH_SIZE",0.00000000e+00,15252654576358,15252655345449
166665,179366,"Agent 2",1,1122884,1122884,10240,90,"ullm_paged_decode_attn_f32_kernel",256,1024,0,32,0,128,"VALUInsts",0.00000000e+00,15252654576358,15252655345449
166665,179366,"Agent 2",1,1122884,1122884,10240,90,"ullm_paged_decode_attn_f32_kernel",256,1024,0,32,0,128,"Wavefronts",320.000000,15252654576358,15252655345449
166665,179400,"Agent 2",1,1122884,1122884,10240,90,"ullm_paged_decode_attn_f32_kernel",256,1024,0,32,0,128,"FETCH_SIZE",0.00000000e+00,15252657299676,15252658070367
166665,179400,"Agent 2",1,1122884,1122884,10240,90,"ullm_paged_decode_attn_f32_kernel",256,1024,0,32,0,128,"VALUInsts",0.00000000e+00,15252657299676,15252658070367
166665,179400,"Agent 2",1,1122884,1122884,10240,90,"ullm_paged_decode_attn_f32_kernel",256,1024,0,32,0,128,"Wavefronts",320.000000,15252657299676,15252658070367
166665,179434,"Agent 2",1,1122884,1122884,10240,90,"ullm_paged_decode_attn_f32_kernel",256,1024,0,32,0,128,"FETCH_SIZE",0.00000000e+00,15252660195957,15252660964567
166665,179434,"Agent 2",1,1122884,1122884,10240,90,"ullm_paged_decode_attn_f32_kernel",256,1024,0,32,0,128,"VALUInsts",0.00000000e+00,15252660195957,15252660964567
166665,179434,"Agent 2",1,1122884,1122884,10240,90,"ullm_paged_decode_attn_f32_kernel",256,1024,0,32,0,128,"Wavefronts",320.000000,15252660195957,15252660964567
166665,179468,"Agent 2",1,1122884,1122884,10240,90,"ullm_paged_decode_attn_f32_kernel",256,1024,0,32,0,128,"FETCH_SIZE",0.00000000e+00,15252663237639,15252664008970
166665,179468,"Agent 2",1,1122884,1122884,10240,90,"ullm_paged_decode_attn_f32_kernel",256,1024,0,32,0,128,"VALUInsts",0.00000000e+00,15252663237639,15252664008970
166665,179468,"Agent 2",1,1122884,1122884,10240,90,"ullm_paged_decode_attn_f32_kernel",256,1024,0,32,0,128,"Wavefronts",320.000000,15252663237639,15252664008970
166665,179502,"Agent 2",1,1122884,1122884,10240,90,"ullm_paged_decode_attn_f32_kernel",256,1024,0,32,0,128,"FETCH_SIZE",0.00000000e+00,15252666464764,15252667233135
166665,179502,"Agent 2",1,1122884,1122884,10240,90,"ullm_paged_decode_attn_f32_kernel",256,1024,0,32,0,128,"VALUInsts",0.00000000e+00,15252666464764,15252667233135
166665,179502,"Agent 2",1,1122884,1122884,10240,90,"ullm_paged_decode_attn_f32_kernel",256,1024,0,32,0,128,"Wavefronts",320.000000,15252666464764,15252667233135
166665,179536,"Agent 2",1,1122884,1122884,10240,90,"ullm_paged_decode_attn_f32_kernel",256,1024,0,32,0,128,"FETCH_SIZE",0.00000000e+00,15252669882332,15252670651982
166665,179536,"Agent 2",1,1122884,1122884,10240,90,"ullm_paged_decode_attn_f32_kernel",256,1024,0,32,0,128,"VALUInsts",0.00000000e+00,15252669882332,15252670651982
166665,179536,"Agent 2",1,1122884,1122884,10240,90,"ullm_paged_decode_attn_f32_kernel",256,1024,0,32,0,128,"Wavefronts",320.000000,15252669882332,15252670651982
166665,179570,"Agent 2",1,1122884,1122884,10240,90,"ullm_paged_decode_attn_f32_kernel",256,1024,0,32,0,128,"FETCH_SIZE",0.00000000e+00,15252673544743,15252674314834
166665,179570,"Agent 2",1,1122884,1122884,10240,90,"ullm_paged_decode_attn_f32_kernel",256,1024,0,32,0,128,"VALUInsts",0.00000000e+00,15252673544743,15252674314834
166665,179570,"Agent 2",1,1122884,1122884,10240,90,"ullm_paged_decode_attn_f32_kernel",256,1024,0,32,0,128,"Wavefronts",320.000000,15252673544743,15252674314834
166665,179604,"Agent 2",1,1122884,1122884,10240,90,"ullm_paged_decode_attn_f32_kernel",256,1024,0,32,0,128,"FETCH_SIZE",0.00000000e+00,15252677581799,15252678351490
166665,179604,"Agent 2",1,1122884,1122884,10240,90,"ullm_paged_decode_attn_f32_kernel",256,1024,0,32,0,128,"VALUInsts",0.00000000e+00,15252677581799,15252678351490
166665,179604,"Agent 2",1,1122884,1122884,10240,90,"ullm_paged_decode_attn_f32_kernel",256,1024,0,32,0,128,"Wavefronts",320.000000,15252677581799,15252678351490
166665,179638,"Agent 2",1,1122884,1122884,10240,90,"ullm_paged_decode_attn_f32_kernel",256,1024,0,32,0,128,"FETCH_SIZE",0.00000000e+00,15252682145423,15252682919914
166665,179638,"Agent 2",1,1122884,1122884,10240,90,"ullm_paged_decode_attn_f32_kernel",256,1024,0,32,0,128,"VALUInsts",0.00000000e+00,15252682145423,15252682919914
166665,179638,"Agent 2",1,1122884,1122884,10240,90,"ullm_paged_decode_attn_f32_kernel",256,1024,0,32,0,128,"Wavefronts",320.000000,15252682145423,15252682919914
166665,179672,"Agent 2",1,1122884,1122884,10240,90,"ullm_paged_decode_attn_f32_kernel",256,1024,0,32,0,128,"FETCH_SIZE",0.00000000e+00,15252687384979,15252688155670
166665,179672,"Agent 2",1,1122884,1122884,10240,90,"ullm_paged_decode_attn_f32_kernel",256,1024,0,32,0,128,"VALUInsts",0.00000000e+00,15252687384979,15252688155670
166665,179672,"Agent 2",1,1122884,1122884,10240,90,"ullm_paged_decode_attn_f32_kernel",256,1024,0,32,0,128,"Wavefronts",320.000000,15252687384979,15252688155670
166665,179706,"Agent 2",1,1122884,1122884,10240,90,"ullm_paged_decode_attn_f32_kernel",256,1024,0,32,0,128,"FETCH_SIZE",0.00000000e+00,15252692823575,15252693593626
166665,179706,"Agent 2",1,1122884,1122884,10240,90,"ullm_paged_decode_attn_f32_kernel",256,1024,0,32,0,128,"VALUInsts",0.00000000e+00,15252692823575,15252693593626
166665,179706,"Agent 2",1,1122884,1122884,10240,90,"ullm_paged_decode_attn_f32_kernel",256,1024,0,32,0,128,"Wavefronts",320.000000,15252692823575,15252693593626
166665,179740,"Agent 2",1,1122884,1122884,10240,90,"ullm_paged_decode_attn_f32_kernel",256,1024,0,32,0,128,"FETCH_SIZE",0.00000000e+00,15252697873365,15252698642416
166665,179740,"Agent 2",1,1122884,1122884,10240,90,"ullm_paged_decode_attn_f32_kernel",256,1024,0,32,0,128,"VALUInsts",0.00000000e+00,15252697873365,15252698642416
166665,179740,"Agent 2",1,1122884,1122884,10240,90,"ullm_paged_decode_attn_f32_kernel",256,1024,0,32,0,128,"Wavefronts",320.000000,15252697873365,15252698642416
166665,179774,"Agent 2",1,1122884,1122884,10240,90,"ullm_paged_decode_attn_f32_kernel",256,1024,0,32,0,128,"FETCH_SIZE",0.00000000e+00,15252702981037,15252703751847
166665,179774,"Agent 2",1,1122884,1122884,10240,90,"ullm_paged_decode_attn_f32_kernel",256,1024,0,32,0,128,"VALUInsts",0.00000000e+00,15252702981037,15252703751847
166665,179774,"Agent 2",1,1122884,1122884,10240,90,"ullm_paged_decode_attn_f32_kernel",256,1024,0,32,0,128,"Wavefronts",320.000000,15252702981037,15252703751847
166665,179808,"Agent 2",1,1122884,1122884,10240,90,"ullm_paged_decode_attn_f32_kernel",256,1024,0,32,0,128,"FETCH_SIZE",0.00000000e+00,15252707895665,15252708663796
166665,179808,"Agent 2",1,1122884,1122884,10240,90,"ullm_paged_decode_attn_f32_kernel",256,1024,0,32,0,128,"VALUInsts",0.00000000e+00,15252707895665,15252708663796
166665,179808,"Agent 2",1,1122884,1122884,10240,90,"ullm_paged_decode_attn_f32_kernel",256,1024,0,32,0,128,"Wavefronts",320.000000,15252707895665,15252708663796
166665,179842,"Agent 2",1,1122884,1122884,10240,90,"ullm_paged_decode_attn_f32_kernel",256,1024,0,32,0,128,"FETCH_SIZE",0.00000000e+00,15252713136658,15252713908149
166665,179842,"Agent 2",1,1122884,1122884,10240,90,"ullm_paged_decode_attn_f32_kernel",256,1024,0,32,0,128,"VALUInsts",0.00000000e+00,15252713136658,15252713908149
166665,179842,"Agent 2",1,1122884,1122884,10240,90,"ullm_paged_decode_attn_f32_kernel",256,1024,0,32,0,128,"Wavefronts",320.000000,15252713136658,15252713908149
166665,179876,"Agent 2",1,1122884,1122884,10240,90,"ullm_paged_decode_attn_f32_kernel",256,1024,0,32,0,128,"FETCH_SIZE",0.00000000e+00,15252718742136,15252719512387
166665,179876,"Agent 2",1,1122884,1122884,10240,90,"ullm_paged_decode_attn_f32_kernel",256,1024,0,32,0,128,"VALUInsts",0.00000000e+00,15252718742136,15252719512387
166665,179876,"Agent 2",1,1122884,1122884,10240,90,"ullm_paged_decode_attn_f32_kernel",256,1024,0,32,0,128,"Wavefronts",320.000000,15252718742136,15252719512387
166665,179910,"Agent 2",1,1122884,1122884,10240,90,"ullm_paged_decode_attn_f32_kernel",256,1024,0,32,0,128,"FETCH_SIZE",0.00000000e+00,15252724200533,15252724970583
166665,179910,"Agent 2",1,1122884,1122884,10240,90,"ullm_paged_decode_attn_f32_kernel",256,1024,0,32,0,128,"VALUInsts",0.00000000e+00,15252724200533,15252724970583
166665,179910,"Agent 2",1,1122884,1122884,10240,90,"ullm_paged_decode_attn_f32_kernel",256,1024,0,32,0,128,"Wavefronts",320.000000,15252724200533,15252724970583
166665,179944,"Agent 2",1,1122884,1122884,10240,90,"ullm_paged_decode_attn_f32_kernel",256,1024,0,32,0,128,"FETCH_SIZE",0.00000000e+00,15252729689969,15252730459340
166665,179944,"Agent 2",1,1122884,1122884,10240,90,"ullm_paged_decode_attn_f32_kernel",256,1024,0,32,0,128,"VALUInsts",0.00000000e+00,15252729689969,15252730459340
166665,179944,"Agent 2",1,1122884,1122884,10240,90,"ullm_paged_decode_attn_f32_kernel",256,1024,0,32,0,128,"Wavefronts",320.000000,15252729689969,15252730459340
166665,179978,"Agent 2",1,1122884,1122884,10240,90,"ullm_paged_decode_attn_f32_kernel",256,1024,0,32,0,128,"FETCH_SIZE",0.00000000e+00,15252735549531,15252736317942
166665,179978,"Agent 2",1,1122884,1122884,10240,90,"ullm_paged_decode_attn_f32_kernel",256,1024,0,32,0,128,"VALUInsts",0.00000000e+00,15252735549531,15252736317942
166665,179978,"Agent 2",1,1122884,1122884,10240,90,"ullm_paged_decode_attn_f32_kernel",256,1024,0,32,0,128,"Wavefronts",320.000000,15252735549531,15252736317942
166665,180012,"Agent 2",1,1122884,1122884,10240,90,"ullm_paged_decode_attn_f32_kernel",256,1024,0,32,0,128,"FETCH_SIZE",0.00000000e+00,15252741603535,15252742373506
166665,180012,"Agent 2",1,1122884,1122884,10240,90,"ullm_paged_decode_attn_f32_kernel",256,1024,0,32,0,128,"VALUInsts",0.00000000e+00,15252741603535,15252742373506
166665,180012,"Agent 2",1,1122884,1122884,10240,90,"ullm_paged_decode_attn_f32_kernel",256,1024,0,32,0,128,"Wavefronts",320.000000,15252741603535,15252742373506
166665,180046,"Agent 2",1,1122884,1122884,10240,90,"ullm_paged_decode_attn_f32_kernel",256,1024,0,32,0,128,"FETCH_SIZE",0.00000000e+00,15252747409139,15252748178110
166665,180046,"Agent 2",1,1122884,1122884,10240,90,"ullm_paged_decode_attn_f32_kernel",256,1024,0,32,0,128,"VALUInsts",0.00000000e+00,15252747409139,15252748178110
166665,180046,"Agent 2",1,1122884,1122884,10240,90,"ullm_paged_decode_attn_f32_kernel",256,1024,0,32,0,128,"Wavefronts",320.000000,15252747409139,15252748178110
166665,180080,"Agent 2",1,1122884,1122884,10240,90,"ullm_paged_decode_attn_f32_kernel",256,1024,0,32,0,128,"FETCH_SIZE",0.00000000e+00,15252753244300,15252754017431
166665,180080,"Agent 2",1,1122884,1122884,10240,90,"ullm_paged_decode_attn_f32_kernel",256,1024,0,32,0,128,"VALUInsts",0.00000000e+00,15252753244300,15252754017431
166665,180080,"Agent 2",1,1122884,1122884,10240,90,"ullm_paged_decode_attn_f32_kernel",256,1024,0,32,0,128,"Wavefronts",320.000000,15252753244300,15252754017431
166665,180114,"Agent 2",1,1122884,1122884,10240,90,"ullm_paged_decode_attn_f32_kernel",256,1024,0,32,0,128,"FETCH_SIZE",0.00000000e+00,15252758623975,15252759393586
166665,180114,"Agent 2",1,1122884,1122884,10240,90,"ullm_paged_decode_attn_f32_kernel",256,1024,0,32,0,128,"VALUInsts",0.00000000e+00,15252758623975,15252759393586
166665,180114,"Agent 2",1,1122884,1122884,10240,90,"ullm_paged_decode_attn_f32_kernel",256,1024,0,32,0,128,"Wavefronts",320.000000,15252758623975,15252759393586
166665,180148,"Agent 2",1,1122884,1122884,10240,90,"ullm_paged_decode_attn_f32_kernel",256,1024,0,32,0,128,"FETCH_SIZE",0.00000000e+00,15252763568924,15252764342015
166665,180148,"Agent 2",1,1122884,1122884,10240,90,"ullm_paged_decode_attn_f32_kernel",256,1024,0,32,0,128,"VALUInsts",0.00000000e+00,15252763568924,15252764342015
166665,180148,"Agent 2",1,1122884,1122884,10240,90,"ullm_paged_decode_attn_f32_kernel",256,1024,0,32,0,128,"Wavefronts",320.000000,15252763568924,15252764342015
166665,180182,"Agent 2",1,1122884,1122884,10240,90,"ullm_paged_decode_attn_f32_kernel",256,1024,0,32,0,128,"FETCH_SIZE",0.00000000e+00,15252767786383,15252768556554
166665,180182,"Agent 2",1,1122884,1122884,10240,90,"ullm_paged_decode_attn_f32_kernel",256,1024,0,32,0,128,"VALUInsts",0.00000000e+00,15252767786383,15252768556554
166665,180182,"Agent 2",1,1122884,1122884,10240,90,"ullm_paged_decode_attn_f32_kernel",256,1024,0,32,0,128,"Wavefronts",320.000000,15252767786383,15252768556554
166665,180216,"Agent 2",1,1122884,1122884,10240,90,"ullm_paged_decode_attn_f32_kernel",256,1024,0,32,0,128,"FETCH_SIZE",0.00000000e+00,15252771402954,15252772170524
166665,180216,"Agent 2",1,1122884,1122884,10240,90,"ullm_paged_decode_attn_f32_kernel",256,1024,0,32,0,128,"VALUInsts",0.00000000e+00,15252771402954,15252772170524
166665,180216,"Agent 2",1,1122884,1122884,10240,90,"ullm_paged_decode_attn_f32_kernel",256,1024,0,32,0,128,"Wavefronts",320.000000,15252771402954,15252772170524
166665,180250,"Agent 2",1,1122884,1122884,10240,90,"ullm_paged_decode_attn_f32_kernel",256,1024,0,32,0,128,"FETCH_SIZE",0.00000000e+00,15252774387715,15252775157606
166665,180250,"Agent 2",1,1122884,1122884,10240,90,"ullm_paged_decode_attn_f32_kernel",256,1024,0,32,0,128,"VALUInsts",0.00000000e+00,15252774387715,15252775157606
166665,180250,"Agent 2",1,1122884,1122884,10240,90,"ullm_paged_decode_attn_f32_kernel",256,1024,0,32,0,128,"Wavefronts",320.000000,15252774387715,15252775157606
166665,180284,"Agent 2",1,1122884,1122884,10240,90,"ullm_paged_decode_attn_f32_kernel",256,1024,0,32,0,128,"FETCH_SIZE",0.00000000e+00,15252776881710,15252777652841
166665,180284,"Agent 2",1,1122884,1122884,10240,90,"ullm_paged_decode_attn_f32_kernel",256,1024,0,32,0,128,"VALUInsts",0.00000000e+00,15252776881710,15252777652841
166665,180284,"Agent 2",1,1122884,1122884,10240,90,"ullm_paged_decode_attn_f32_kernel",256,1024,0,32,0,128,"Wavefronts",320.000000,15252776881710,15252777652841
166665,180322,"Agent 2",1,1122884,1122884,10240,90,"ullm_paged_decode_attn_f32_kernel",256,1024,0,32,0,128,"FETCH_SIZE",0.00000000e+00,15252785743094,15252786513864
166665,180322,"Agent 2",1,1122884,1122884,10240,90,"ullm_paged_decode_attn_f32_kernel",256,1024,0,32,0,128,"VALUInsts",0.00000000e+00,15252785743094,15252786513864
166665,180322,"Agent 2",1,1122884,1122884,10240,90,"ullm_paged_decode_attn_f32_kernel",256,1024,0,32,0,128,"Wavefronts",320.000000,15252785743094,15252786513864
166665,180356,"Agent 2",1,1122884,1122884,10240,90,"ullm_paged_decode_attn_f32_kernel",256,1024,0,32,0,128,"FETCH_SIZE",0.00000000e+00,15252788198688,15252788972099
166665,180356,"Agent 2",1,1122884,1122884,10240,90,"ullm_paged_decode_attn_f32_kernel",256,1024,0,32,0,128,"VALUInsts",0.00000000e+00,15252788198688,15252788972099
166665,180356,"Agent 2",1,1122884,1122884,10240,90,"ullm_paged_decode_attn_f32_kernel",256,1024,0,32,0,128,"Wavefronts",320.000000,15252788198688,15252788972099
166665,180390,"Agent 2",1,1122884,1122884,10240,90,"ullm_paged_decode_attn_f32_kernel",256,1024,0,32,0,128,"FETCH_SIZE",0.00000000e+00,15252790912766,15252791680736
166665,180390,"Agent 2",1,1122884,1122884,10240,90,"ullm_paged_decode_attn_f32_kernel",256,1024,0,32,0,128,"VALUInsts",0.00000000e+00,15252790912766,15252791680736
166665,180390,"Agent 2",1,1122884,1122884,10240,90,"ullm_paged_decode_attn_f32_kernel",256,1024,0,32,0,128,"Wavefronts",320.000000,15252790912766,15252791680736
166665,180424,"Agent 2",1,1122884,1122884,10240,90,"ullm_paged_decode_attn_f32_kernel",256,1024,0,32,0,128,"FETCH_SIZE",0.00000000e+00,15252793446441,15252794215092
166665,180424,"Agent 2",1,1122884,1122884,10240,90,"ullm_paged_decode_attn_f32_kernel",256,1024,0,32,0,128,"VALUInsts",0.00000000e+00,15252793446441,15252794215092
166665,180424,"Agent 2",1,1122884,1122884,10240,90,"ullm_paged_decode_attn_f32_kernel",256,1024,0,32,0,128,"Wavefronts",320.000000,15252793446441,15252794215092
166665,180458,"Agent 2",1,1122884,1122884,10240,90,"ullm_paged_decode_attn_f32_kernel",256,1024,0,32,0,128,"FETCH_SIZE",0.00000000e+00,15252796005237,15252796775847
166665,180458,"Agent 2",1,1122884,1122884,10240,90,"ullm_paged_decode_attn_f32_kernel",256,1024,0,32,0,128,"VALUInsts",0.00000000e+00,15252796005237,15252796775847
166665,180458,"Agent 2",1,1122884,1122884,10240,90,"ullm_paged_decode_attn_f32_kernel",256,1024,0,32,0,128,"Wavefronts",320.000000,15252796005237,15252796775847
166665,180492,"Agent 2",1,1122884,1122884,10240,90,"ullm_paged_decode_attn_f32_kernel",256,1024,0,32,0,128,"FETCH_SIZE",0.00000000e+00,15252798506752,15252799277482
166665,180492,"Agent 2",1,1122884,1122884,10240,90,"ullm_paged_decode_attn_f32_kernel",256,1024,0,32,0,128,"VALUInsts",0.00000000e+00,15252798506752,15252799277482
166665,180492,"Agent 2",1,1122884,1122884,10240,90,"ullm_paged_decode_attn_f32_kernel",256,1024,0,32,0,128,"Wavefronts",320.000000,15252798506752,15252799277482
166665,180526,"Agent 2",1,1122884,1122884,10240,90,"ullm_paged_decode_attn_f32_kernel",256,1024,0,32,0,128,"FETCH_SIZE",0.00000000e+00,15252801071387,15252801843998
166665,180526,"Agent 2",1,1122884,1122884,10240,90,"ullm_paged_decode_attn_f32_kernel",256,1024,0,32,0,128,"VALUInsts",0.00000000e+00,15252801071387,15252801843998
166665,180526,"Agent 2",1,1122884,1122884,10240,90,"ullm_paged_decode_attn_f32_kernel",256,1024,0,32,0,128,"Wavefronts",320.000000,15252801071387,15252801843998
166665,180560,"Agent 2",1,1122884,1122884,10240,90,"ullm_paged_decode_attn_f32_kernel",256,1024,0,32,0,128,"FETCH_SIZE",0.00000000e+00,15252803569422,15252804338633
166665,180560,"Agent 2",1,1122884,1122884,10240,90,"ullm_paged_decode_attn_f32_kernel",256,1024,0,32,0,128,"VALUInsts",0.00000000e+00,15252803569422,15252804338633
166665,180560,"Agent 2",1,1122884,1122884,10240,90,"ullm_paged_decode_attn_f32_kernel",256,1024,0,32,0,128,"Wavefronts",320.000000,15252803569422,15252804338633
166665,180594,"Agent 2",1,1122884,1122884,10240,90,"ullm_paged_decode_attn_f32_kernel",256,1024,0,32,0,128,"FETCH_SIZE",0.00000000e+00,15252806059097,15252806829588
166665,180594,"Agent 2",1,1122884,1122884,10240,90,"ullm_paged_decode_attn_f32_kernel",256,1024,0,32,0,128,"VALUInsts",0.00000000e+00,15252806059097,15252806829588
166665,180594,"Agent 2",1,1122884,1122884,10240,90,"ullm_paged_decode_attn_f32_kernel",256,1024,0,32,0,128,"Wavefronts",320.000000,15252806059097,15252806829588
166665,180628,"Agent 2",1,1122884,1122884,10240,90,"ullm_paged_decode_attn_f32_kernel",256,1024,0,32,0,128,"FETCH_SIZE",0.00000000e+00,15252808572366,15252809343137
166665,180628,"Agent 2",1,1122884,1122884,10240,90,"ullm_paged_decode_attn_f32_kernel",256,1024,0,32,0,128,"VALUInsts",0.00000000e+00,15252808572366,15252809343137
166665,180628,"Agent 2",1,1122884,1122884,10240,90,"ullm_paged_decode_attn_f32_kernel",256,1024,0,32,0,128,"Wavefronts",320.000000,15252808572366,15252809343137
166665,180662,"Agent 2",1,1122884,1122884,10240,90,"ullm_paged_decode_attn_f32_kernel",256,1024,0,32,0,128,"FETCH_SIZE",0.00000000e+00,15252811109680,15252811879691
166665,180662,"Agent 2",1,1122884,1122884,10240,90,"ullm_paged_decode_attn_f32_kernel",256,1024,0,32,0,128,"VALUInsts",0.00000000e+00,15252811109680,15252811879691
166665,180662,"Agent 2",1,1122884,1122884,10240,90,"ullm_paged_decode_attn_f32_kernel",256,1024,0,32,0,128,"Wavefronts",320.000000,15252811109680,15252811879691
166665,180696,"Agent 2",1,1122884,1122884,10240,90,"ullm_paged_decode_attn_f32_kernel",256,1024,0,32,0,128,"FETCH_SIZE",0.00000000e+00,15252813839119,15252814610449
166665,180696,"Agent 2",1,1122884,1122884,10240,90,"ullm_paged_decode_attn_f32_kernel",256,1024,0,32,0,128,"VALUInsts",0.00000000e+00,15252813839119,15252814610449
166665,180696,"Agent 2",1,1122884,1122884,10240,90,"ullm_paged_decode_attn_f32_kernel",256,1024,0,32,0,128,"Wavefronts",320.000000,15252813839119,15252814610449
166665,180730,"Agent 2",1,1122884,1122884,10240,90,"ullm_paged_decode_attn_f32_kernel",256,1024,0,32,0,128,"FETCH_SIZE",0.00000000e+00,15252816414194,15252817186045
166665,180730,"Agent 2",1,1122884,1122884,10240,90,"ullm_paged_decode_attn_f32_kernel",256,1024,0,32,0,128,"VALUInsts",0.00000000e+00,15252816414194,15252817186045
166665,180730,"Agent 2",1,1122884,1122884,10240,90,"ullm_paged_decode_attn_f32_kernel",256,1024,0,32,0,128,"Wavefronts",320.000000,15252816414194,15252817186045
166665,180764,"Agent 2",1,1122884,1122884,10240,90,"ullm_paged_decode_attn_f32_kernel",256,1024,0,32,0,128,"FETCH_SIZE",0.00000000e+00,15252819050191,15252819821242
166665,180764,"Agent 2",1,1122884,1122884,10240,90,"ullm_paged_decode_attn_f32_kernel",256,1024,0,32,0,128,"VALUInsts",0.00000000e+00,15252819050191,15252819821242
166665,180764,"Agent 2",1,1122884,1122884,10240,90,"ullm_paged_decode_attn_f32_kernel",256,1024,0,32,0,128,"Wavefronts",320.000000,15252819050191,15252819821242
166665,180798,"Agent 2",1,1122884,1122884,10240,90,"ullm_paged_decode_attn_f32_kernel",256,1024,0,32,0,128,"FETCH_SIZE",0.00000000e+00,15252821715068,15252822484839
166665,180798,"Agent 2",1,1122884,1122884,10240,90,"ullm_paged_decode_attn_f32_kernel",256,1024,0,32,0,128,"VALUInsts",0.00000000e+00,15252821715068,15252822484839
166665,180798,"Agent 2",1,1122884,1122884,10240,90,"ullm_paged_decode_attn_f32_kernel",256,1024,0,32,0,128,"Wavefronts",320.000000,15252821715068,15252822484839
166665,180832,"Agent 2",1,1122884,1122884,10240,90,"ullm_paged_decode_attn_f32_kernel",256,1024,0,32,0,128,"FETCH_SIZE",0.00000000e+00,15252824402226,15252825174077
166665,180832,"Agent 2",1,1122884,1122884,10240,90,"ullm_paged_decode_attn_f32_kernel",256,1024,0,32,0,128,"VALUInsts",0.00000000e+00,15252824402226,15252825174077
166665,180832,"Agent 2",1,1122884,1122884,10240,90,"ullm_paged_decode_attn_f32_kernel",256,1024,0,32,0,128,"Wavefronts",320.000000,15252824402226,15252825174077
166665,180866,"Agent 2",1,1122884,1122884,10240,90,"ullm_paged_decode_attn_f32_kernel",256,1024,0,32,0,128,"FETCH_SIZE",0.00000000e+00,15252827199145,15252827969716
166665,180866,"Agent 2",1,1122884,1122884,10240,90,"ullm_paged_decode_attn_f32_kernel",256,1024,0,32,0,128,"VALUInsts",0.00000000e+00,15252827199145,15252827969716
166665,180866,"Agent 2",1,1122884,1122884,10240,90,"ullm_paged_decode_attn_f32_kernel",256,1024,0,32,0,128,"Wavefronts",320.000000,15252827199145,15252827969716
166665,180900,"Agent 2",1,1122884,1122884,10240,90,"ullm_paged_decode_attn_f32_kernel",256,1024,0,32,0,128,"FETCH_SIZE",0.00000000e+00,15252830160466,15252830934477
166665,180900,"Agent 2",1,1122884,1122884,10240,90,"ullm_paged_decode_attn_f32_kernel",256,1024,0,32,0,128,"VALUInsts",0.00000000e+00,15252830160466,15252830934477
166665,180900,"Agent 2",1,1122884,1122884,10240,90,"ullm_paged_decode_attn_f32_kernel",256,1024,0,32,0,128,"Wavefronts",320.000000,15252830160466,15252830934477
166665,180934,"Agent 2",1,1122884,1122884,10240,90,"ullm_paged_decode_attn_f32_kernel",256,1024,0,32,0,128,"FETCH_SIZE",0.00000000e+00,15252833201429,15252833972719
166665,180934,"Agent 2",1,1122884,1122884,10240,90,"ullm_paged_decode_attn_f32_kernel",256,1024,0,32,0,128,"VALUInsts",0.00000000e+00,15252833201429,15252833972719
166665,180934,"Agent 2",1,1122884,1122884,10240,90,"ullm_paged_decode_attn_f32_kernel",256,1024,0,32,0,128,"Wavefronts",320.000000,15252833201429,15252833972719
166665,180968,"Agent 2",1,1122884,1122884,10240,90,"ullm_paged_decode_attn_f32_kernel",256,1024,0,32,0,128,"FETCH_SIZE",0.00000000e+00,15252836443514,15252837218005
166665,180968,"Agent 2",1,1122884,1122884,10240,90,"ullm_paged_decode_attn_f32_kernel",256,1024,0,32,0,128,"VALUInsts",0.00000000e+00,15252836443514,15252837218005
166665,180968,"Agent 2",1,1122884,1122884,10240,90,"ullm_paged_decode_attn_f32_kernel",256,1024,0,32,0,128,"Wavefronts",320.000000,15252836443514,15252837218005
166665,181002,"Agent 2",1,1122884,1122884,10240,90,"ullm_paged_decode_attn_f32_kernel",256,1024,0,32,0,128,"FETCH_SIZE",0.00000000e+00,15252839854601,15252840625492
166665,181002,"Agent 2",1,1122884,1122884,10240,90,"ullm_paged_decode_attn_f32_kernel",256,1024,0,32,0,128,"VALUInsts",0.00000000e+00,15252839854601,15252840625492
166665,181002,"Agent 2",1,1122884,1122884,10240,90,"ullm_paged_decode_attn_f32_kernel",256,1024,0,32,0,128,"Wavefronts",320.000000,15252839854601,15252840625492
166665,181036,"Agent 2",1,1122884,1122884,10240,90,"ullm_paged_decode_attn_f32_kernel",256,1024,0,32,0,128,"FETCH_SIZE",0.00000000e+00,15252843624574,15252844393465
166665,181036,"Agent 2",1,1122884,1122884,10240,90,"ullm_paged_decode_attn_f32_kernel",256,1024,0,32,0,128,"VALUInsts",0.00000000e+00,15252843624574,15252844393465
166665,181036,"Agent 2",1,1122884,1122884,10240,90,"ullm_paged_decode_attn_f32_kernel",256,1024,0,32,0,128,"Wavefronts",320.000000,15252843624574,15252844393465
166665,181070,"Agent 2",1,1122884,1122884,10240,90,"ullm_paged_decode_attn_f32_kernel",256,1024,0,32,0,128,"FETCH_SIZE",0.00000000e+00,15252847611070,15252848383120
166665,181070,"Agent 2",1,1122884,1122884,10240,90,"ullm_paged_decode_attn_f32_kernel",256,1024,0,32,0,128,"VALUInsts",0.00000000e+00,15252847611070,15252848383120
166665,181070,"Agent 2",1,1122884,1122884,10240,90,"ullm_paged_decode_attn_f32_kernel",256,1024,0,32,0,128,"Wavefronts",320.000000,15252847611070,15252848383120
166665,181104,"Agent 2",1,1122884,1122884,10240,90,"ullm_paged_decode_attn_f32_kernel",256,1024,0,32,0,128,"FETCH_SIZE",0.00000000e+00,15252851884369,15252852656060
166665,181104,"Agent 2",1,1122884,1122884,10240,90,"ullm_paged_decode_attn_f32_kernel",256,1024,0,32,0,128,"VALUInsts",0.00000000e+00,15252851884369,15252852656060
166665,181104,"Agent 2",1,1122884,1122884,10240,90,"ullm_paged_decode_attn_f32_kernel",256,1024,0,32,0,128,"Wavefronts",320.000000,15252851884369,15252852656060
166665,181138,"Agent 2",1,1122884,1122884,10240,90,"ullm_paged_decode_attn_f32_kernel",256,1024,0,32,0,128,"FETCH_SIZE",0.00000000e+00,15252856164829,15252856938280
166665,181138,"Agent 2",1,1122884,1122884,10240,90,"ullm_paged_decode_attn_f32_kernel",256,1024,0,32,0,128,"VALUInsts",0.00000000e+00,15252856164829,15252856938280
166665,181138,"Agent 2",1,1122884,1122884,10240,90,"ullm_paged_decode_attn_f32_kernel",256,1024,0,32,0,128,"Wavefronts",320.000000,15252856164829,15252856938280
166665,181172,"Agent 2",1,1122884,1122884,10240,90,"ullm_paged_decode_attn_f32_kernel",256,1024,0,32,0,128,"FETCH_SIZE",0.00000000e+00,15252860315287,15252861085977
166665,181172,"Agent 2",1,1122884,1122884,10240,90,"ullm_paged_decode_attn_f32_kernel",256,1024,0,32,0,128,"VALUInsts",0.00000000e+00,15252860315287,15252861085977
166665,181172,"Agent 2",1,1122884,1122884,10240,90,"ullm_paged_decode_attn_f32_kernel",256,1024,0,32,0,128,"Wavefronts",320.000000,15252860315287,15252861085977
166665,181206,"Agent 2",1,1122884,1122884,10240,90,"ullm_paged_decode_attn_f32_kernel",256,1024,0,32,0,128,"FETCH_SIZE",0.00000000e+00,15252864480625,15252865251316
166665,181206,"Agent 2",1,1122884,1122884,10240,90,"ullm_paged_decode_attn_f32_kernel",256,1024,0,32,0,128,"VALUInsts",0.00000000e+00,15252864480625,15252865251316
166665,181206,"Agent 2",1,1122884,1122884,10240,90,"ullm_paged_decode_attn_f32_kernel",256,1024,0,32,0,128,"Wavefronts",320.000000,15252864480625,15252865251316
166665,181240,"Agent 2",1,1122884,1122884,10240,90,"ullm_paged_decode_attn_f32_kernel",256,1024,0,32,0,128,"FETCH_SIZE",0.00000000e+00,15252868619243,15252869390133
166665,181240,"Agent 2",1,1122884,1122884,10240,90,"ullm_paged_decode_attn_f32_kernel",256,1024,0,32,0,128,"VALUInsts",0.00000000e+00,15252868619243,15252869390133
166665,181240,"Agent 2",1,1122884,1122884,10240,90,"ullm_paged_decode_attn_f32_kernel",256,1024,0,32,0,128,"Wavefronts",320.000000,15252868619243,15252869390133
166665,181274,"Agent 2",1,1122884,1122884,10240,90,"ullm_paged_decode_attn_f32_kernel",256,1024,0,32,0,128,"FETCH_SIZE",0.00000000e+00,15252873057057,15252873827628
166665,181274,"Agent 2",1,1122884,1122884,10240,90,"ullm_paged_decode_attn_f32_kernel",256,1024,0,32,0,128,"VALUInsts",0.00000000e+00,15252873057057,15252873827628
166665,181274,"Agent 2",1,1122884,1122884,10240,90,"ullm_paged_decode_attn_f32_kernel",256,1024,0,32,0,128,"Wavefronts",320.000000,15252873057057,15252873827628
166665,181308,"Agent 2",1,1122884,1122884,10240,90,"ullm_paged_decode_attn_f32_kernel",256,1024,0,32,0,128,"FETCH_SIZE",0.00000000e+00,15252878433852,15252879204623
166665,181308,"Agent 2",1,1122884,1122884,10240,90,"ullm_paged_decode_attn_f32_kernel",256,1024,0,32,0,128,"VALUInsts",0.00000000e+00,15252878433852,15252879204623
166665,181308,"Agent 2",1,1122884,1122884,10240,90,"ullm_paged_decode_attn_f32_kernel",256,1024,0,32,0,128,"Wavefronts",320.000000,15252878433852,15252879204623
166665,181342,"Agent 2",1,1122884,1122884,10240,90,"ullm_paged_decode_attn_f32_kernel",256,1024,0,32,0,128,"FETCH_SIZE",0.00000000e+00,15252883333361,15252884103291
166665,181342,"Agent 2",1,1122884,1122884,10240,90,"ullm_paged_decode_attn_f32_kernel",256,1024,0,32,0,128,"VALUInsts",0.00000000e+00,15252883333361,15252884103291
166665,181342,"Agent 2",1,1122884,1122884,10240,90,"ullm_paged_decode_attn_f32_kernel",256,1024,0,32,0,128,"Wavefronts",320.000000,15252883333361,15252884103291
166665,181376,"Agent 2",1,1122884,1122884,10240,90,"ullm_paged_decode_attn_f32_kernel",256,1024,0,32,0,128,"FETCH_SIZE",0.00000000e+00,15252888441632,15252889212843
166665,181376,"Agent 2",1,1122884,1122884,10240,90,"ullm_paged_decode_attn_f32_kernel",256,1024,0,32,0,128,"VALUInsts",0.00000000e+00,15252888441632,15252889212843
166665,181376,"Agent 2",1,1122884,1122884,10240,90,"ullm_paged_decode_attn_f32_kernel",256,1024,0,32,0,128,"Wavefronts",320.000000,15252888441632,15252889212843
166665,181410,"Agent 2",1,1122884,1122884,10240,90,"ullm_paged_decode_attn_f32_kernel",256,1024,0,32,0,128,"FETCH_SIZE",0.00000000e+00,15252893933668,15252894705319
166665,181410,"Agent 2",1,1122884,1122884,10240,90,"ullm_paged_decode_attn_f32_kernel",256,1024,0,32,0,128,"VALUInsts",0.00000000e+00,15252893933668,15252894705319
166665,181410,"Agent 2",1,1122884,1122884,10240,90,"ullm_paged_decode_attn_f32_kernel",256,1024,0,32,0,128,"Wavefronts",320.000000,15252893933668,15252894705319
166665,181444,"Agent 2",1,1122884,1122884,10240,90,"ullm_paged_decode_attn_f32_kernel",256,1024,0,32,0,128,"FETCH_SIZE",0.00000000e+00,15252899226942,15252899997913
166665,181444,"Agent 2",1,1122884,1122884,10240,90,"ullm_paged_decode_attn_f32_kernel",256,1024,0,32,0,128,"VALUInsts",0.00000000e+00,15252899226942,15252899997913
166665,181444,"Agent 2",1,1122884,1122884,10240,90,"ullm_paged_decode_attn_f32_kernel",256,1024,0,32,0,128,"Wavefronts",320.000000,15252899226942,15252899997913
166665,181478,"Agent 2",1,1122884,1122884,10240,90,"ullm_paged_decode_attn_f32_kernel",256,1024,0,32,0,128,"FETCH_SIZE",0.00000000e+00,15252904548376,15252905322307
166665,181478,"Agent 2",1,1122884,1122884,10240,90,"ullm_paged_decode_attn_f32_kernel",256,1024,0,32,0,128,"VALUInsts",0.00000000e+00,15252904548376,15252905322307
166665,181478,"Agent 2",1,1122884,1122884,10240,90,"ullm_paged_decode_attn_f32_kernel",256,1024,0,32,0,128,"Wavefronts",320.000000,15252904548376,15252905322307
166665,181512,"Agent 2",1,1122884,1122884,10240,90,"ullm_paged_decode_attn_f32_kernel",256,1024,0,32,0,128,"FETCH_SIZE",0.00000000e+00,15252909399124,15252910168615
166665,181512,"Agent 2",1,1122884,1122884,10240,90,"ullm_paged_decode_attn_f32_kernel",256,1024,0,32,0,128,"VALUInsts",0.00000000e+00,15252909399124,15252910168615
166665,181512,"Agent 2",1,1122884,1122884,10240,90,"ullm_paged_decode_attn_f32_kernel",256,1024,0,32,0,128,"Wavefronts",320.000000,15252909399124,15252910168615
166665,181546,"Agent 2",1,1122884,1122884,10240,90,"ullm_paged_decode_attn_f32_kernel",256,1024,0,32,0,128,"FETCH_SIZE",0.00000000e+00,15252913608103,15252914376753
166665,181546,"Agent 2",1,1122884,1122884,10240,90,"ullm_paged_decode_attn_f32_kernel",256,1024,0,32,0,128,"VALUInsts",0.00000000e+00,15252913608103,15252914376753
166665,181546,"Agent 2",1,1122884,1122884,10240,90,"ullm_paged_decode_attn_f32_kernel",256,1024,0,32,0,128,"Wavefronts",320.000000,15252913608103,15252914376753
166665,181580,"Agent 2",1,1122884,1122884,10240,90,"ullm_paged_decode_attn_f32_kernel",256,1024,0,32,0,128,"FETCH_SIZE",0.00000000e+00,15252917270714,15252918042725
166665,181580,"Agent 2",1,1122884,1122884,10240,90,"ullm_paged_decode_attn_f32_kernel",256,1024,0,32,0,128,"VALUInsts",0.00000000e+00,15252917270714,15252918042725
166665,181580,"Agent 2",1,1122884,1122884,10240,90,"ullm_paged_decode_attn_f32_kernel",256,1024,0,32,0,128,"Wavefronts",320.000000,15252917270714,15252918042725
166665,181614,"Agent 2",1,1122884,1122884,10240,90,"ullm_paged_decode_attn_f32_kernel",256,1024,0,32,0,128,"FETCH_SIZE",0.00000000e+00,15252920312396,15252921084927
166665,181614,"Agent 2",1,1122884,1122884,10240,90,"ullm_paged_decode_attn_f32_kernel",256,1024,0,32,0,128,"VALUInsts",0.00000000e+00,15252920312396,15252921084927
166665,181614,"Agent 2",1,1122884,1122884,10240,90,"ullm_paged_decode_attn_f32_kernel",256,1024,0,32,0,128,"Wavefronts",320.000000,15252920312396,15252921084927
166665,181648,"Agent 2",1,1122884,1122884,10240,90,"ullm_paged_decode_attn_f32_kernel",256,1024,0,32,0,128,"FETCH_SIZE",0.00000000e+00,15252922799991,15252923572962
166665,181648,"Agent 2",1,1122884,1122884,10240,90,"ullm_paged_decode_attn_f32_kernel",256,1024,0,32,0,128,"VALUInsts",0.00000000e+00,15252922799991,15252923572962
166665,181648,"Agent 2",1,1122884,1122884,10240,90,"ullm_paged_decode_attn_f32_kernel",256,1024,0,32,0,128,"Wavefronts",320.000000,15252922799991,15252923572962
166665,181686,"Agent 2",1,1122884,1122884,10240,90,"ullm_paged_decode_attn_f32_kernel",256,1024,0,32,0,128,"FETCH_SIZE",0.00000000e+00,15252931374710,15252932146361
166665,181686,"Agent 2",1,1122884,1122884,10240,90,"ullm_paged_decode_attn_f32_kernel",256,1024,0,32,0,128,"VALUInsts",0.00000000e+00,15252931374710,15252932146361
166665,181686,"Agent 2",1,1122884,1122884,10240,90,"ullm_paged_decode_attn_f32_kernel",256,1024,0,32,0,128,"Wavefronts",320.000000,15252931374710,15252932146361
166665,181720,"Agent 2",1,1122884,1122884,10240,90,"ullm_paged_decode_attn_f32_kernel",256,1024,0,32,0,128,"FETCH_SIZE",0.00000000e+00,15252933718903,15252934490154
166665,181720,"Agent 2",1,1122884,1122884,10240,90,"ullm_paged_decode_attn_f32_kernel",256,1024,0,32,0,128,"VALUInsts",0.00000000e+00,15252933718903,15252934490154
166665,181720,"Agent 2",1,1122884,1122884,10240,90,"ullm_paged_decode_attn_f32_kernel",256,1024,0,32,0,128,"Wavefronts",320.000000,15252933718903,15252934490154
166665,181754,"Agent 2",1,1122884,1122884,10240,90,"ullm_paged_decode_attn_f32_kernel",256,1024,0,32,0,128,"FETCH_SIZE",0.00000000e+00,15252936145539,15252936919790
166665,181754,"Agent 2",1,1122884,1122884,10240,90,"ullm_paged_decode_attn_f32_kernel",256,1024,0,32,0,128,"VALUInsts",0.00000000e+00,15252936145539,15252936919790
166665,181754,"Agent 2",1,1122884,1122884,10240,90,"ullm_paged_decode_attn_f32_kernel",256,1024,0,32,0,128,"Wavefronts",320.000000,15252936145539,15252936919790
166665,181788,"Agent 2",1,1122884,1122884,10240,90,"ullm_paged_decode_attn_f32_kernel",256,1024,0,32,0,128,"FETCH_SIZE",0.00000000e+00,15252938622134,15252939393424
166665,181788,"Agent 2",1,1122884,1122884,10240,90,"ullm_paged_decode_attn_f32_kernel",256,1024,0,32,0,128,"VALUInsts",0.00000000e+00,15252938622134,15252939393424
166665,181788,"Agent 2",1,1122884,1122884,10240,90,"ullm_paged_decode_attn_f32_kernel",256,1024,0,32,0,128,"Wavefronts",320.000000,15252938622134,15252939393424
166665,181822,"Agent 2",1,1122884,1122884,10240,90,"ullm_paged_decode_attn_f32_kernel",256,1024,0,32,0,128,"FETCH_SIZE",0.00000000e+00,15252941110568,15252941882059
166665,181822,"Agent 2",1,1122884,1122884,10240,90,"ullm_paged_decode_attn_f32_kernel",256,1024,0,32,0,128,"VALUInsts",0.00000000e+00,15252941110568,15252941882059
166665,181822,"Agent 2",1,1122884,1122884,10240,90,"ullm_paged_decode_attn_f32_kernel",256,1024,0,32,0,128,"Wavefronts",320.000000,15252941110568,15252941882059
166665,181856,"Agent 2",1,1122884,1122884,10240,90,"ullm_paged_decode_attn_f32_kernel",256,1024,0,32,0,128,"FETCH_SIZE",0.00000000e+00,15252943548322,15252944317293
166665,181856,"Agent 2",1,1122884,1122884,10240,90,"ullm_paged_decode_attn_f32_kernel",256,1024,0,32,0,128,"VALUInsts",0.00000000e+00,15252943548322,15252944317293
166665,181856,"Agent 2",1,1122884,1122884,10240,90,"ullm_paged_decode_attn_f32_kernel",256,1024,0,32,0,128,"Wavefronts",320.000000,15252943548322,15252944317293
166665,181890,"Agent 2",1,1122884,1122884,10240,90,"ullm_paged_decode_attn_f32_kernel",256,1024,0,32,0,128,"FETCH_SIZE",0.00000000e+00,15252946013717,15252946785247
166665,181890,"Agent 2",1,1122884,1122884,10240,90,"ullm_paged_decode_attn_f32_kernel",256,1024,0,32,0,128,"VALUInsts",0.00000000e+00,15252946013717,15252946785247
166665,181890,"Agent 2",1,1122884,1122884,10240,90,"ullm_paged_decode_attn_f32_kernel",256,1024,0,32,0,128,"Wavefronts",320.000000,15252946013717,15252946785247
166665,181924,"Agent 2",1,1122884,1122884,10240,90,"ullm_paged_decode_attn_f32_kernel",256,1024,0,32,0,128,"FETCH_SIZE",0.00000000e+00,15252948506151,15252949278402
166665,181924,"Agent 2",1,1122884,1122884,10240,90,"ullm_paged_decode_attn_f32_kernel",256,1024,0,32,0,128,"VALUInsts",0.00000000e+00,15252948506151,15252949278402
166665,181924,"Agent 2",1,1122884,1122884,10240,90,"ullm_paged_decode_attn_f32_kernel",256,1024,0,32,0,128,"Wavefronts",320.000000,15252948506151,15252949278402
166665,181958,"Agent 2",1,1122884,1122884,10240,90,"ullm_paged_decode_attn_f32_kernel",256,1024,0,32,0,128,"FETCH_SIZE",0.00000000e+00,15252950971906,15252951742677
166665,181958,"Agent 2",1,1122884,1122884,10240,90,"ullm_paged_decode_attn_f32_kernel",256,1024,0,32,0,128,"VALUInsts",0.00000000e+00,15252950971906,15252951742677
166665,181958,"Agent 2",1,1122884,1122884,10240,90,"ullm_paged_decode_attn_f32_kernel",256,1024,0,32,0,128,"Wavefronts",320.000000,15252950971906,15252951742677
166665,181992,"Agent 2",1,1122884,1122884,10240,90,"ullm_paged_decode_attn_f32_kernel",256,1024,0,32,0,128,"FETCH_SIZE",0.00000000e+00,15252953459540,15252954230991
166665,181992,"Agent 2",1,1122884,1122884,10240,90,"ullm_paged_decode_attn_f32_kernel",256,1024,0,32,0,128,"VALUInsts",0.00000000e+00,15252953459540,15252954230991
166665,181992,"Agent 2",1,1122884,1122884,10240,90,"ullm_paged_decode_attn_f32_kernel",256,1024,0,32,0,128,"Wavefronts",320.000000,15252953459540,15252954230991
166665,182026,"Agent 2",1,1122884,1122884,10240,90,"ullm_paged_decode_attn_f32_kernel",256,1024,0,32,0,128,"FETCH_SIZE",0.00000000e+00,15252955958655,15252956730626
166665,182026,"Agent 2",1,1122884,1122884,10240,90,"ullm_paged_decode_attn_f32_kernel",256,1024,0,32,0,128,"VALUInsts",0.00000000e+00,15252955958655,15252956730626
166665,182026,"Agent 2",1,1122884,1122884,10240,90,"ullm_paged_decode_attn_f32_kernel",256,1024,0,32,0,128,"Wavefronts",320.000000,15252955958655,15252956730626
166665,182060,"Agent 2",1,1122884,1122884,10240,90,"ullm_paged_decode_attn_f32_kernel",256,1024,0,32,0,128,"FETCH_SIZE",0.00000000e+00,15252958633853,15252959406103
166665,182060,"Agent 2",1,1122884,1122884,10240,90,"ullm_paged_decode_attn_f32_kernel",256,1024,0,32,0,128,"VALUInsts",0.00000000e+00,15252958633853,15252959406103
166665,182060,"Agent 2",1,1122884,1122884,10240,90,"ullm_paged_decode_attn_f32_kernel",256,1024,0,32,0,128,"Wavefronts",320.000000,15252958633853,15252959406103
166665,182094,"Agent 2",1,1122884,1122884,10240,90,"ullm_paged_decode_attn_f32_kernel",256,1024,0,32,0,128,"FETCH_SIZE",0.00000000e+00,15252961297650,15252962067340
166665,182094,"Agent 2",1,1122884,1122884,10240,90,"ullm_paged_decode_attn_f32_kernel",256,1024,0,32,0,128,"VALUInsts",0.00000000e+00,15252961297650,15252962067340
166665,182094,"Agent 2",1,1122884,1122884,10240,90,"ullm_paged_decode_attn_f32_kernel",256,1024,0,32,0,128,"Wavefronts",320.000000,15252961297650,15252962067340
166665,182128,"Agent 2",1,1122884,1122884,10240,90,"ullm_paged_decode_attn_f32_kernel",256,1024,0,32,0,128,"FETCH_SIZE",0.00000000e+00,15252963969927,15252964740218
166665,182128,"Agent 2",1,1122884,1122884,10240,90,"ullm_paged_decode_attn_f32_kernel",256,1024,0,32,0,128,"VALUInsts",0.00000000e+00,15252963969927,15252964740218
166665,182128,"Agent 2",1,1122884,1122884,10240,90,"ullm_paged_decode_attn_f32_kernel",256,1024,0,32,0,128,"Wavefronts",320.000000,15252963969927,15252964740218
166665,182162,"Agent 2",1,1122884,1122884,10240,90,"ullm_paged_decode_attn_f32_kernel",256,1024,0,32,0,128,"FETCH_SIZE",0.00000000e+00,15252966894008,15252967664939
166665,182162,"Agent 2",1,1122884,1122884,10240,90,"ullm_paged_decode_attn_f32_kernel",256,1024,0,32,0,128,"VALUInsts",0.00000000e+00,15252966894008,15252967664939
166665,182162,"Agent 2",1,1122884,1122884,10240,90,"ullm_paged_decode_attn_f32_kernel",256,1024,0,32,0,128,"Wavefronts",320.000000,15252966894008,15252967664939
166665,182196,"Agent 2",1,1122884,1122884,10240,90,"ullm_paged_decode_attn_f32_kernel",256,1024,0,32,0,128,"FETCH_SIZE",0.00000000e+00,15252969923810,15252970695741
166665,182196,"Agent 2",1,1122884,1122884,10240,90,"ullm_paged_decode_attn_f32_kernel",256,1024,0,32,0,128,"VALUInsts",0.00000000e+00,15252969923810,15252970695741
166665,182196,"Agent 2",1,1122884,1122884,10240,90,"ullm_paged_decode_attn_f32_kernel",256,1024,0,32,0,128,"Wavefronts",320.000000,15252969923810,15252970695741
166665,182230,"Agent 2",1,1122884,1122884,10240,90,"ullm_paged_decode_attn_f32_kernel",256,1024,0,32,0,128,"FETCH_SIZE",0.00000000e+00,15252973138415,15252973911066
166665,182230,"Agent 2",1,1122884,1122884,10240,90,"ullm_paged_decode_attn_f32_kernel",256,1024,0,32,0,128,"VALUInsts",0.00000000e+00,15252973138415,15252973911066
166665,182230,"Agent 2",1,1122884,1122884,10240,90,"ullm_paged_decode_attn_f32_kernel",256,1024,0,32,0,128,"Wavefronts",320.000000,15252973138415,15252973911066
166665,182264,"Agent 2",1,1122884,1122884,10240,90,"ullm_paged_decode_attn_f32_kernel",256,1024,0,32,0,128,"FETCH_SIZE",0.00000000e+00,15252976678384,15252977455075
166665,182264,"Agent 2",1,1122884,1122884,10240,90,"ullm_paged_decode_attn_f32_kernel",256,1024,0,32,0,128,"VALUInsts",0.00000000e+00,15252976678384,15252977455075
166665,182264,"Agent 2",1,1122884,1122884,10240,90,"ullm_paged_decode_attn_f32_kernel",256,1024,0,32,0,128,"Wavefronts",320.000000,15252976678384,15252977455075
166665,182298,"Agent 2",1,1122884,1122884,10240,90,"ullm_paged_decode_attn_f32_kernel",256,1024,0,32,0,128,"FETCH_SIZE",0.00000000e+00,15252980424436,15252981196607
166665,182298,"Agent 2",1,1122884,1122884,10240,90,"ullm_paged_decode_attn_f32_kernel",256,1024,0,32,0,128,"VALUInsts",0.00000000e+00,15252980424436,15252981196607
166665,182298,"Agent 2",1,1122884,1122884,10240,90,"ullm_paged_decode_attn_f32_kernel",256,1024,0,32,0,128,"Wavefronts",320.000000,15252980424436,15252981196607
166665,182332,"Agent 2",1,1122884,1122884,10240,90,"ullm_paged_decode_attn_f32_kernel",256,1024,0,32,0,128,"FETCH_SIZE",0.00000000e+00,15252984397972,15252985170863
166665,182332,"Agent 2",1,1122884,1122884,10240,90,"ullm_paged_decode_attn_f32_kernel",256,1024,0,32,0,128,"VALUInsts",0.00000000e+00,15252984397972,15252985170863
166665,182332,"Agent 2",1,1122884,1122884,10240,90,"ullm_paged_decode_attn_f32_kernel",256,1024,0,32,0,128,"Wavefronts",320.000000,15252984397972,15252985170863
166665,182366,"Agent 2",1,1122884,1122884,10240,90,"ullm_paged_decode_attn_f32_kernel",256,1024,0,32,0,128,"FETCH_SIZE",0.00000000e+00,15252989102437,15252989872848
166665,182366,"Agent 2",1,1122884,1122884,10240,90,"ullm_paged_decode_attn_f32_kernel",256,1024,0,32,0,128,"VALUInsts",0.00000000e+00,15252989102437,15252989872848
166665,182366,"Agent 2",1,1122884,1122884,10240,90,"ullm_paged_decode_attn_f32_kernel",256,1024,0,32,0,128,"Wavefronts",320.000000,15252989102437,15252989872848
166665,182400,"Agent 2",1,1122884,1122884,10240,90,"ullm_paged_decode_attn_f32_kernel",256,1024,0,32,0,128,"FETCH_SIZE",0.00000000e+00,15252994392551,15252995164002
166665,182400,"Agent 2",1,1122884,1122884,10240,90,"ullm_paged_decode_attn_f32_kernel",256,1024,0,32,0,128,"VALUInsts",0.00000000e+00,15252994392551,15252995164002
166665,182400,"Agent 2",1,1122884,1122884,10240,90,"ullm_paged_decode_attn_f32_kernel",256,1024,0,32,0,128,"Wavefronts",320.000000,15252994392551,15252995164002
166665,182434,"Agent 2",1,1122884,1122884,10240,90,"ullm_paged_decode_attn_f32_kernel",256,1024,0,32,0,128,"FETCH_SIZE",0.00000000e+00,15253000139174,15253000910464
166665,182434,"Agent 2",1,1122884,1122884,10240,90,"ullm_paged_decode_attn_f32_kernel",256,1024,0,32,0,128,"VALUInsts",0.00000000e+00,15253000139174,15253000910464
166665,182434,"Agent 2",1,1122884,1122884,10240,90,"ullm_paged_decode_attn_f32_kernel",256,1024,0,32,0,128,"Wavefronts",320.000000,15253000139174,15253000910464
166665,182468,"Agent 2",1,1122884,1122884,10240,90,"ullm_paged_decode_attn_f32_kernel",256,1024,0,32,0,128,"FETCH_SIZE",0.00000000e+00,15253005095923,15253005870093
166665,182468,"Agent 2",1,1122884,1122884,10240,90,"ullm_paged_decode_attn_f32_kernel",256,1024,0,32,0,128,"VALUInsts",0.00000000e+00,15253005095923,15253005870093
166665,182468,"Agent 2",1,1122884,1122884,10240,90,"ullm_paged_decode_attn_f32_kernel",256,1024,0,32,0,128,"Wavefronts",320.000000,15253005095923,15253005870093
166665,182502,"Agent 2",1,1122884,1122884,10240,90,"ullm_paged_decode_attn_f32_kernel",256,1024,0,32,0,128,"FETCH_SIZE",0.00000000e+00,15253010329316,15253011101286
166665,182502,"Agent 2",1,1122884,1122884,10240,90,"ullm_paged_decode_attn_f32_kernel",256,1024,0,32,0,128,"VALUInsts",0.00000000e+00,15253010329316,15253011101286
166665,182502,"Agent 2",1,1122884,1122884,10240,90,"ullm_paged_decode_attn_f32_kernel",256,1024,0,32,0,128,"Wavefronts",320.000000,15253010329316,15253011101286
166665,182536,"Agent 2",1,1122884,1122884,10240,90,"ullm_paged_decode_attn_f32_kernel",256,1024,0,32,0,128,"FETCH_SIZE",0.00000000e+00,15253015217184,15253015989235
166665,182536,"Agent 2",1,1122884,1122884,10240,90,"ullm_paged_decode_attn_f32_kernel",256,1024,0,32,0,128,"VALUInsts",0.00000000e+00,15253015217184,15253015989235
166665,182536,"Agent 2",1,1122884,1122884,10240,90,"ullm_paged_decode_attn_f32_kernel",256,1024,0,32,0,128,"Wavefronts",320.000000,15253015217184,15253015989235
166665,182570,"Agent 2",1,1122884,1122884,10240,90,"ullm_paged_decode_attn_f32_kernel",256,1024,0,32,0,128,"FETCH_SIZE",0.00000000e+00,15253020595779,15253021366950
166665,182570,"Agent 2",1,1122884,1122884,10240,90,"ullm_paged_decode_attn_f32_kernel",256,1024,0,32,0,128,"VALUInsts",0.00000000e+00,15253020595779,15253021366950
166665,182570,"Agent 2",1,1122884,1122884,10240,90,"ullm_paged_decode_attn_f32_kernel",256,1024,0,32,0,128,"Wavefronts",320.000000,15253020595779,15253021366950
166665,182604,"Agent 2",1,1122884,1122884,10240,90,"ullm_paged_decode_attn_f32_kernel",256,1024,0,32,0,128,"FETCH_SIZE",0.00000000e+00,15253026434740,15253027213831
166665,182604,"Agent 2",1,1122884,1122884,10240,90,"ullm_paged_decode_attn_f32_kernel",256,1024,0,32,0,128,"VALUInsts",0.00000000e+00,15253026434740,15253027213831
166665,182604,"Agent 2",1,1122884,1122884,10240,90,"ullm_paged_decode_attn_f32_kernel",256,1024,0,32,0,128,"Wavefronts",320.000000,15253026434740,15253027213831
166665,182638,"Agent 2",1,1122884,1122884,10240,90,"ullm_paged_decode_attn_f32_kernel",256,1024,0,32,0,128,"FETCH_SIZE",0.00000000e+00,15253031835136,15253032607186
166665,182638,"Agent 2",1,1122884,1122884,10240,90,"ullm_paged_decode_attn_f32_kernel",256,1024,0,32,0,128,"VALUInsts",0.00000000e+00,15253031835136,15253032607186
166665,182638,"Agent 2",1,1122884,1122884,10240,90,"ullm_paged_decode_attn_f32_kernel",256,1024,0,32,0,128,"Wavefronts",320.000000,15253031835136,15253032607186
166665,182672,"Agent 2",1,1122884,1122884,10240,90,"ullm_paged_decode_attn_f32_kernel",256,1024,0,32,0,128,"FETCH_SIZE",0.00000000e+00,15253037347852,15253038122063
166665,182672,"Agent 2",1,1122884,1122884,10240,90,"ullm_paged_decode_attn_f32_kernel",256,1024,0,32,0,128,"VALUInsts",0.00000000e+00,15253037347852,15253038122063
166665,182672,"Agent 2",1,1122884,1122884,10240,90,"ullm_paged_decode_attn_f32_kernel",256,1024,0,32,0,128,"Wavefronts",320.000000,15253037347852,15253038122063
166665,182706,"Agent 2",1,1122884,1122884,10240,90,"ullm_paged_decode_attn_f32_kernel",256,1024,0,32,0,128,"FETCH_SIZE",0.00000000e+00,15253043223654,15253043998425
166665,182706,"Agent 2",1,1122884,1122884,10240,90,"ullm_paged_decode_attn_f32_kernel",256,1024,0,32,0,128,"VALUInsts",0.00000000e+00,15253043223654,15253043998425
166665,182706,"Agent 2",1,1122884,1122884,10240,90,"ullm_paged_decode_attn_f32_kernel",256,1024,0,32,0,128,"Wavefronts",320.000000,15253043223654,15253043998425
166665,182740,"Agent 2",1,1122884,1122884,10240,90,"ullm_paged_decode_attn_f32_kernel",256,1024,0,32,0,128,"FETCH_SIZE",0.00000000e+00,15253049176217,15253049947228
166665,182740,"Agent 2",1,1122884,1122884,10240,90,"ullm_paged_decode_attn_f32_kernel",256,1024,0,32,0,128,"VALUInsts",0.00000000e+00,15253049176217,15253049947228
166665,182740,"Agent 2",1,1122884,1122884,10240,90,"ullm_paged_decode_attn_f32_kernel",256,1024,0,32,0,128,"Wavefronts",320.000000,15253049176217,15253049947228
166665,182774,"Agent 2",1,1122884,1122884,10240,90,"ullm_paged_decode_attn_f32_kernel",256,1024,0,32,0,128,"FETCH_SIZE",0.00000000e+00,15253054987778,15253055757549
166665,182774,"Agent 2",1,1122884,1122884,10240,90,"ullm_paged_decode_attn_f32_kernel",256,1024,0,32,0,128,"VALUInsts",0.00000000e+00,15253054987778,15253055757549
166665,182774,"Agent 2",1,1122884,1122884,10240,90,"ullm_paged_decode_attn_f32_kernel",256,1024,0,32,0,128,"Wavefronts",320.000000,15253054987778,15253055757549
166665,182808,"Agent 2",1,1122884,1122884,10240,90,"ullm_paged_decode_attn_f32_kernel",256,1024,0,32,0,128,"FETCH_SIZE",0.00000000e+00,15253060991614,15253061763545
166665,182808,"Agent 2",1,1122884,1122884,10240,90,"ullm_paged_decode_attn_f32_kernel",256,1024,0,32,0,128,"VALUInsts",0.00000000e+00,15253060991614,15253061763545
166665,182808,"Agent 2",1,1122884,1122884,10240,90,"ullm_paged_decode_attn_f32_kernel",256,1024,0,32,0,128,"Wavefronts",320.000000,15253060991614,15253061763545
166665,182842,"Agent 2",1,1122884,1122884,10240,90,"ullm_paged_decode_attn_f32_kernel",256,1024,0,32,0,128,"FETCH_SIZE",0.00000000e+00,15253066496891,15253067266942
166665,182842,"Agent 2",1,1122884,1122884,10240,90,"ullm_paged_decode_attn_f32_kernel",256,1024,0,32,0,128,"VALUInsts",0.00000000e+00,15253066496891,15253067266942
166665,182842,"Agent 2",1,1122884,1122884,10240,90,"ullm_paged_decode_attn_f32_kernel",256,1024,0,32,0,128,"Wavefronts",320.000000,15253066496891,15253067266942
166665,182876,"Agent 2",1,1122884,1122884,10240,90,"ullm_paged_decode_attn_f32_kernel",256,1024,0,32,0,128,"FETCH_SIZE",0.00000000e+00,15253071401200,15253072172210
166665,182876,"Agent 2",1,1122884,1122884,10240,90,"ullm_paged_decode_attn_f32_kernel",256,1024,0,32,0,128,"VALUInsts",0.00000000e+00,15253071401200,15253072172210
166665,182876,"Agent 2",1,1122884,1122884,10240,90,"ullm_paged_decode_attn_f32_kernel",256,1024,0,32,0,128,"Wavefronts",320.000000,15253071401200,15253072172210
166665,182910,"Agent 2",1,1122884,1122884,10240,90,"ullm_paged_decode_attn_f32_kernel",256,1024,0,32,0,128,"FETCH_SIZE",0.00000000e+00,15253075666059,15253076438310
166665,182910,"Agent 2",1,1122884,1122884,10240,90,"ullm_paged_decode_attn_f32_kernel",256,1024,0,32,0,128,"VALUInsts",0.00000000e+00,15253075666059,15253076438310
166665,182910,"Agent 2",1,1122884,1122884,10240,90,"ullm_paged_decode_attn_f32_kernel",256,1024,0,32,0,128,"Wavefronts",320.000000,15253075666059,15253076438310
166665,182944,"Agent 2",1,1122884,1122884,10240,90,"ullm_paged_decode_attn_f32_kernel",256,1024,0,32,0,128,"FETCH_SIZE",0.00000000e+00,15253079291430,15253080065640
166665,182944,"Agent 2",1,1122884,1122884,10240,90,"ullm_paged_decode_attn_f32_kernel",256,1024,0,32,0,128,"VALUInsts",0.00000000e+00,15253079291430,15253080065640
166665,182944,"Agent 2",1,1122884,1122884,10240,90,"ullm_paged_decode_attn_f32_kernel",256,1024,0,32,0,128,"Wavefronts",320.000000,15253079291430,15253080065640
166665,182978,"Agent 2",1,1122884,1122884,10240,90,"ullm_paged_decode_attn_f32_kernel",256,1024,0,32,0,128,"FETCH_SIZE",0.00000000e+00,15253082313872,15253083085763
166665,182978,"Agent 2",1,1122884,1122884,10240,90,"ullm_paged_decode_attn_f32_kernel",256,1024,0,32,0,128,"VALUInsts",0.00000000e+00,15253082313872,15253083085763
166665,182978,"Agent 2",1,1122884,1122884,10240,90,"ullm_paged_decode_attn_f32_kernel",256,1024,0,32,0,128,"Wavefronts",320.000000,15253082313872,15253083085763
166665,183012,"Agent 2",1,1122884,1122884,10240,90,"ullm_paged_decode_attn_f32_kernel",256,1024,0,32,0,128,"FETCH_SIZE",0.00000000e+00,15253084806107,15253085576677
166665,183012,"Agent 2",1,1122884,1122884,10240,90,"ullm_paged_decode_attn_f32_kernel",256,1024,0,32,0,128,"VALUInsts",0.00000000e+00,15253084806107,15253085576677
166665,183012,"Agent 2",1,1122884,1122884,10240,90,"ullm_paged_decode_attn_f32_kernel",256,1024,0,32,0,128,"Wavefronts",320.000000,15253084806107,15253085576677
166665,183050,"Agent 2",1,1122884,1122884,10240,90,"ullm_paged_decode_attn_f32_kernel",256,1024,0,32,0,128,"FETCH_SIZE",0.00000000e+00,15253093093152,15253093864403
166665,183050,"Agent 2",1,1122884,1122884,10240,90,"ullm_paged_decode_attn_f32_kernel",256,1024,0,32,0,128,"VALUInsts",0.00000000e+00,15253093093152,15253093864403
166665,183050,"Agent 2",1,1122884,1122884,10240,90,"ullm_paged_decode_attn_f32_kernel",256,1024,0,32,0,128,"Wavefronts",320.000000,15253093093152,15253093864403
166665,183084,"Agent 2",1,1122884,1122884,10240,90,"ullm_paged_decode_attn_f32_kernel",256,1024,0,32,0,128,"FETCH_SIZE",0.00000000e+00,15253095596387,15253096368638
166665,183084,"Agent 2",1,1122884,1122884,10240,90,"ullm_paged_decode_attn_f32_kernel",256,1024,0,32,0,128,"VALUInsts",0.00000000e+00,15253095596387,15253096368638
166665,183084,"Agent 2",1,1122884,1122884,10240,90,"ullm_paged_decode_attn_f32_kernel",256,1024,0,32,0,128,"Wavefronts",320.000000,15253095596387,15253096368638
166665,183118,"Agent 2",1,1122884,1122884,10240,90,"ullm_paged_decode_attn_f32_kernel",256,1024,0,32,0,128,"FETCH_SIZE",0.00000000e+00,15253098128702,15253098900513
166665,183118,"Agent 2",1,1122884,1122884,10240,90,"ullm_paged_decode_attn_f32_kernel",256,1024,0,32,0,128,"VALUInsts",0.00000000e+00,15253098128702,15253098900513
166665,183118,"Agent 2",1,1122884,1122884,10240,90,"ullm_paged_decode_attn_f32_kernel",256,1024,0,32,0,128,"Wavefronts",320.000000,15253098128702,15253098900513
166665,183152,"Agent 2",1,1122884,1122884,10240,90,"ullm_paged_decode_attn_f32_kernel",256,1024,0,32,0,128,"FETCH_SIZE",0.00000000e+00,15253100738179,15253101509070
166665,183152,"Agent 2",1,1122884,1122884,10240,90,"ullm_paged_decode_attn_f32_kernel",256,1024,0,32,0,128,"VALUInsts",0.00000000e+00,15253100738179,15253101509070
166665,183152,"Agent 2",1,1122884,1122884,10240,90,"ullm_paged_decode_attn_f32_kernel",256,1024,0,32,0,128,"Wavefronts",320.000000,15253100738179,15253101509070
166665,183186,"Agent 2",1,1122884,1122884,10240,90,"ullm_paged_decode_attn_f32_kernel",256,1024,0,32,0,128,"FETCH_SIZE",0.00000000e+00,15253103259734,15253104031945
166665,183186,"Agent 2",1,1122884,1122884,10240,90,"ullm_paged_decode_attn_f32_kernel",256,1024,0,32,0,128,"VALUInsts",0.00000000e+00,15253103259734,15253104031945
166665,183186,"Agent 2",1,1122884,1122884,10240,90,"ullm_paged_decode_attn_f32_kernel",256,1024,0,32,0,128,"Wavefronts",320.000000,15253103259734,15253104031945
166665,183220,"Agent 2",1,1122884,1122884,10240,90,"ullm_paged_decode_attn_f32_kernel",256,1024,0,32,0,128,"FETCH_SIZE",0.00000000e+00,15253105806009,15253106578940
166665,183220,"Agent 2",1,1122884,1122884,10240,90,"ullm_paged_decode_attn_f32_kernel",256,1024,0,32,0,128,"VALUInsts",0.00000000e+00,15253105806009,15253106578940
166665,183220,"Agent 2",1,1122884,1122884,10240,90,"ullm_paged_decode_attn_f32_kernel",256,1024,0,32,0,128,"Wavefronts",320.000000,15253105806009,15253106578940
166665,183254,"Agent 2",1,1122884,1122884,10240,90,"ullm_paged_decode_attn_f32_kernel",256,1024,0,32,0,128,"FETCH_SIZE",0.00000000e+00,15253108351605,15253109124776
166665,183254,"Agent 2",1,1122884,1122884,10240,90,"ullm_paged_decode_attn_f32_kernel",256,1024,0,32,0,128,"VALUInsts",0.00000000e+00,15253108351605,15253109124776
166665,183254,"Agent 2",1,1122884,1122884,10240,90,"ullm_paged_decode_attn_f32_kernel",256,1024,0,32,0,128,"Wavefronts",320.000000,15253108351605,15253109124776
166665,183288,"Agent 2",1,1122884,1122884,10240,90,"ullm_paged_decode_attn_f32_kernel",256,1024,0,32,0,128,"FETCH_SIZE",0.00000000e+00,15253110862400,15253111635411
166665,183288,"Agent 2",1,1122884,1122884,10240,90,"ullm_paged_decode_attn_f32_kernel",256,1024,0,32,0,128,"VALUInsts",0.00000000e+00,15253110862400,15253111635411
166665,183288,"Agent 2",1,1122884,1122884,10240,90,"ullm_paged_decode_attn_f32_kernel",256,1024,0,32,0,128,"Wavefronts",320.000000,15253110862400,15253111635411
166665,183322,"Agent 2",1,1122884,1122884,10240,90,"ullm_paged_decode_attn_f32_kernel",256,1024,0,32,0,128,"FETCH_SIZE",0.00000000e+00,15253113410396,15253114182166
166665,183322,"Agent 2",1,1122884,1122884,10240,90,"ullm_paged_decode_attn_f32_kernel",256,1024,0,32,0,128,"VALUInsts",0.00000000e+00,15253113410396,15253114182166
166665,183322,"Agent 2",1,1122884,1122884,10240,90,"ullm_paged_decode_attn_f32_kernel",256,1024,0,32,0,128,"Wavefronts",320.000000,15253113410396,15253114182166
166665,183356,"Agent 2",1,1122884,1122884,10240,90,"ullm_paged_decode_attn_f32_kernel",256,1024,0,32,0,128,"FETCH_SIZE",0.00000000e+00,15253116152834,15253116923805
166665,183356,"Agent 2",1,1122884,1122884,10240,90,"ullm_paged_decode_attn_f32_kernel",256,1024,0,32,0,128,"VALUInsts",0.00000000e+00,15253116152834,15253116923805
166665,183356,"Agent 2",1,1122884,1122884,10240,90,"ullm_paged_decode_attn_f32_kernel",256,1024,0,32,0,128,"Wavefronts",320.000000,15253116152834,15253116923805
166665,183390,"Agent 2",1,1122884,1122884,10240,90,"ullm_paged_decode_attn_f32_kernel",256,1024,0,32,0,128,"FETCH_SIZE",0.00000000e+00,15253119092315,15253119863126
166665,183390,"Agent 2",1,1122884,1122884,10240,90,"ullm_paged_decode_attn_f32_kernel",256,1024,0,32,0,128,"VALUInsts",0.00000000e+00,15253119092315,15253119863126
166665,183390,"Agent 2",1,1122884,1122884,10240,90,"ullm_paged_decode_attn_f32_kernel",256,1024,0,32,0,128,"Wavefronts",320.000000,15253119092315,15253119863126
166665,183424,"Agent 2",1,1122884,1122884,10240,90,"ullm_paged_decode_attn_f32_kernel",256,1024,0,32,0,128,"FETCH_SIZE",0.00000000e+00,15253122256505,15253123033076
166665,183424,"Agent 2",1,1122884,1122884,10240,90,"ullm_paged_decode_attn_f32_kernel",256,1024,0,32,0,128,"VALUInsts",0.00000000e+00,15253122256505,15253123033076
166665,183424,"Agent 2",1,1122884,1122884,10240,90,"ullm_paged_decode_attn_f32_kernel",256,1024,0,32,0,128,"Wavefronts",320.000000,15253122256505,15253123033076
166665,183458,"Agent 2",1,1122884,1122884,10240,90,"ullm_paged_decode_attn_f32_kernel",256,1024,0,32,0,128,"FETCH_SIZE",0.00000000e+00,15253125820393,15253126594724
166665,183458,"Agent 2",1,1122884,1122884,10240,90,"ullm_paged_decode_attn_f32_kernel",256,1024,0,32,0,128,"VALUInsts",0.00000000e+00,15253125820393,15253126594724
166665,183458,"Agent 2",1,1122884,1122884,10240,90,"ullm_paged_decode_attn_f32_kernel",256,1024,0,32,0,128,"Wavefronts",320.000000,15253125820393,15253126594724
166665,183492,"Agent 2",1,1122884,1122884,10240,90,"ullm_paged_decode_attn_f32_kernel",256,1024,0,32,0,128,"FETCH_SIZE",0.00000000e+00,15253129884490,15253130656141
166665,183492,"Agent 2",1,1122884,1122884,10240,90,"ullm_paged_decode_attn_f32_kernel",256,1024,0,32,0,128,"VALUInsts",0.00000000e+00,15253129884490,15253130656141
166665,183492,"Agent 2",1,1122884,1122884,10240,90,"ullm_paged_decode_attn_f32_kernel",256,1024,0,32,0,128,"Wavefronts",320.000000,15253129884490,15253130656141
166665,183526,"Agent 2",1,1122884,1122884,10240,90,"ullm_paged_decode_attn_f32_kernel",256,1024,0,32,0,128,"FETCH_SIZE",0.00000000e+00,15253134330552,15253135103923
166665,183526,"Agent 2",1,1122884,1122884,10240,90,"ullm_paged_decode_attn_f32_kernel",256,1024,0,32,0,128,"VALUInsts",0.00000000e+00,15253134330552,15253135103923
166665,183526,"Agent 2",1,1122884,1122884,10240,90,"ullm_paged_decode_attn_f32_kernel",256,1024,0,32,0,128,"Wavefronts",320.000000,15253134330552,15253135103923
166665,183560,"Agent 2",1,1122884,1122884,10240,90,"ullm_paged_decode_attn_f32_kernel",256,1024,0,32,0,128,"FETCH_SIZE",0.00000000e+00,15253139333782,15253140110233
166665,183560,"Agent 2",1,1122884,1122884,10240,90,"ullm_paged_decode_attn_f32_kernel",256,1024,0,32,0,128,"VALUInsts",0.00000000e+00,15253139333782,15253140110233
166665,183560,"Agent 2",1,1122884,1122884,10240,90,"ullm_paged_decode_attn_f32_kernel",256,1024,0,32,0,128,"Wavefronts",320.000000,15253139333782,15253140110233
166665,183594,"Agent 2",1,1122884,1122884,10240,90,"ullm_paged_decode_attn_f32_kernel",256,1024,0,32,0,128,"FETCH_SIZE",0.00000000e+00,15253144074128,15253144846579
166665,183594,"Agent 2",1,1122884,1122884,10240,90,"ullm_paged_decode_attn_f32_kernel",256,1024,0,32,0,128,"VALUInsts",0.00000000e+00,15253144074128,15253144846579
166665,183594,"Agent 2",1,1122884,1122884,10240,90,"ullm_paged_decode_attn_f32_kernel",256,1024,0,32,0,128,"Wavefronts",320.000000,15253144074128,15253144846579
166665,183628,"Agent 2",1,1122884,1122884,10240,90,"ullm_paged_decode_attn_f32_kernel",256,1024,0,32,0,128,"FETCH_SIZE",0.00000000e+00,15253148955636,15253149725647
166665,183628,"Agent 2",1,1122884,1122884,10240,90,"ullm_paged_decode_attn_f32_kernel",256,1024,0,32,0,128,"VALUInsts",0.00000000e+00,15253148955636,15253149725647
166665,183628,"Agent 2",1,1122884,1122884,10240,90,"ullm_paged_decode_attn_f32_kernel",256,1024,0,32,0,128,"Wavefronts",320.000000,15253148955636,15253149725647
166665,183662,"Agent 2",1,1122884,1122884,10240,90,"ullm_paged_decode_attn_f32_kernel",256,1024,0,32,0,128,"FETCH_SIZE",0.00000000e+00,15253153904145,15253154679596
166665,183662,"Agent 2",1,1122884,1122884,10240,90,"ullm_paged_decode_attn_f32_kernel",256,1024,0,32,0,128,"VALUInsts",0.00000000e+00,15253153904145,15253154679596
166665,183662,"Agent 2",1,1122884,1122884,10240,90,"ullm_paged_decode_attn_f32_kernel",256,1024,0,32,0,128,"Wavefronts",320.000000,15253153904145,15253154679596
166665,183696,"Agent 2",1,1122884,1122884,10240,90,"ullm_paged_decode_attn_f32_kernel",256,1024,0,32,0,128,"FETCH_SIZE",0.00000000e+00,15253159080897,15253159853388
166665,183696,"Agent 2",1,1122884,1122884,10240,90,"ullm_paged_decode_attn_f32_kernel",256,1024,0,32,0,128,"VALUInsts",0.00000000e+00,15253159080897,15253159853388
166665,183696,"Agent 2",1,1122884,1122884,10240,90,"ullm_paged_decode_attn_f32_kernel",256,1024,0,32,0,128,"Wavefronts",320.000000,15253159080897,15253159853388
166665,183730,"Agent 2",1,1122884,1122884,10240,90,"ullm_paged_decode_attn_f32_kernel",256,1024,0,32,0,128,"FETCH_SIZE",0.00000000e+00,15253164777257,15253165551428
166665,183730,"Agent 2",1,1122884,1122884,10240,90,"ullm_paged_decode_attn_f32_kernel",256,1024,0,32,0,128,"VALUInsts",0.00000000e+00,15253164777257,15253165551428
166665,183730,"Agent 2",1,1122884,1122884,10240,90,"ullm_paged_decode_attn_f32_kernel",256,1024,0,32,0,128,"Wavefronts",320.000000,15253164777257,15253165551428
166665,183764,"Agent 2",1,1122884,1122884,10240,90,"ullm_paged_decode_attn_f32_kernel",256,1024,0,32,0,128,"FETCH_SIZE",0.00000000e+00,15253170989183,15253171761674
166665,183764,"Agent 2",1,1122884,1122884,10240,90,"ullm_paged_decode_attn_f32_kernel",256,1024,0,32,0,128,"VALUInsts",0.00000000e+00,15253170989183,15253171761674
166665,183764,"Agent 2",1,1122884,1122884,10240,90,"ullm_paged_decode_attn_f32_kernel",256,1024,0,32,0,128,"Wavefronts",320.000000,15253170989183,15253171761674
166665,183798,"Agent 2",1,1122884,1122884,10240,90,"ullm_paged_decode_attn_f32_kernel",256,1024,0,32,0,128,"FETCH_SIZE",0.00000000e+00,15253177328352,15253178102243
166665,183798,"Agent 2",1,1122884,1122884,10240,90,"ullm_paged_decode_attn_f32_kernel",256,1024,0,32,0,128,"VALUInsts",0.00000000e+00,15253177328352,15253178102243
166665,183798,"Agent 2",1,1122884,1122884,10240,90,"ullm_paged_decode_attn_f32_kernel",256,1024,0,32,0,128,"Wavefronts",320.000000,15253177328352,15253178102243
166665,183832,"Agent 2",1,1122884,1122884,10240,90,"ullm_paged_decode_attn_f32_kernel",256,1024,0,32,0,128,"FETCH_SIZE",0.00000000e+00,15253183485998,15253184259369
166665,183832,"Agent 2",1,1122884,1122884,10240,90,"ullm_paged_decode_attn_f32_kernel",256,1024,0,32,0,128,"VALUInsts",0.00000000e+00,15253183485998,15253184259369
166665,183832,"Agent 2",1,1122884,1122884,10240,90,"ullm_paged_decode_attn_f32_kernel",256,1024,0,32,0,128,"Wavefronts",320.000000,15253183485998,15253184259369
166665,183866,"Agent 2",1,1122884,1122884,10240,90,"ullm_paged_decode_attn_f32_kernel",256,1024,0,32,0,128,"FETCH_SIZE",0.00000000e+00,15253190487629,15253191259599
166665,183866,"Agent 2",1,1122884,1122884,10240,90,"ullm_paged_decode_attn_f32_kernel",256,1024,0,32,0,128,"VALUInsts",0.00000000e+00,15253190487629,15253191259599
166665,183866,"Agent 2",1,1122884,1122884,10240,90,"ullm_paged_decode_attn_f32_kernel",256,1024,0,32,0,128,"Wavefronts",320.000000,15253190487629,15253191259599
166665,183900,"Agent 2",1,1122884,1122884,10240,90,"ullm_paged_decode_attn_f32_kernel",256,1024,0,32,0,128,"FETCH_SIZE",0.00000000e+00,15253196938238,15253197710809
166665,183900,"Agent 2",1,1122884,1122884,10240,90,"ullm_paged_decode_attn_f32_kernel",256,1024,0,32,0,128,"VALUInsts",0.00000000e+00,15253196938238,15253197710809
166665,183900,"Agent 2",1,1122884,1122884,10240,90,"ullm_paged_decode_attn_f32_kernel",256,1024,0,32,0,128,"Wavefronts",320.000000,15253196938238,15253197710809
166665,183934,"Agent 2",1,1122884,1122884,10240,90,"ullm_paged_decode_attn_f32_kernel",256,1024,0,32,0,128,"FETCH_SIZE",0.00000000e+00,15253203150365,15253203922576
166665,183934,"Agent 2",1,1122884,1122884,10240,90,"ullm_paged_decode_attn_f32_kernel",256,1024,0,32,0,128,"VALUInsts",0.00000000e+00,15253203150365,15253203922576
166665,183934,"Agent 2",1,1122884,1122884,10240,90,"ullm_paged_decode_attn_f32_kernel",256,1024,0,32,0,128,"Wavefronts",320.000000,15253203150365,15253203922576
166665,183968,"Agent 2",1,1122884,1122884,10240,90,"ullm_paged_decode_attn_f32_kernel",256,1024,0,32,0,128,"FETCH_SIZE",0.00000000e+00,15253208999807,15253209771497
166665,183968,"Agent 2",1,1122884,1122884,10240,90,"ullm_paged_decode_attn_f32_kernel",256,1024,0,32,0,128,"VALUInsts",0.00000000e+00,15253208999807,15253209771497
166665,183968,"Agent 2",1,1122884,1122884,10240,90,"ullm_paged_decode_attn_f32_kernel",256,1024,0,32,0,128,"Wavefronts",320.000000,15253208999807,15253209771497
166665,184002,"Agent 2",1,1122884,1122884,10240,90,"ullm_paged_decode_attn_f32_kernel",256,1024,0,32,0,128,"FETCH_SIZE",0.00000000e+00,15253214487403,15253215259894
166665,184002,"Agent 2",1,1122884,1122884,10240,90,"ullm_paged_decode_attn_f32_kernel",256,1024,0,32,0,128,"VALUInsts",0.00000000e+00,15253214487403,15253215259894
166665,184002,"Agent 2",1,1122884,1122884,10240,90,"ullm_paged_decode_attn_f32_kernel",256,1024,0,32,0,128,"Wavefronts",320.000000,15253214487403,15253215259894
166665,184036,"Agent 2",1,1122884,1122884,10240,90,"ullm_paged_decode_attn_f32_kernel",256,1024,0,32,0,128,"FETCH_SIZE",0.00000000e+00,15253220775011,15253221545862
166665,184036,"Agent 2",1,1122884,1122884,10240,90,"ullm_paged_decode_attn_f32_kernel",256,1024,0,32,0,128,"VALUInsts",0.00000000e+00,15253220775011,15253221545862
166665,184036,"Agent 2",1,1122884,1122884,10240,90,"ullm_paged_decode_attn_f32_kernel",256,1024,0,32,0,128,"Wavefronts",320.000000,15253220775011,15253221545862
166665,184070,"Agent 2",1,1122884,1122884,10240,90,"ullm_paged_decode_attn_f32_kernel",256,1024,0,32,0,128,"FETCH_SIZE",0.00000000e+00,15253225958963,15253226729974
166665,184070,"Agent 2",1,1122884,1122884,10240,90,"ullm_paged_decode_attn_f32_kernel",256,1024,0,32,0,128,"VALUInsts",0.00000000e+00,15253225958963,15253226729974
166665,184070,"Agent 2",1,1122884,1122884,10240,90,"ullm_paged_decode_attn_f32_kernel",256,1024,0,32,0,128,"Wavefronts",320.000000,15253225958963,15253226729974
166665,184104,"Agent 2",1,1122884,1122884,10240,90,"ullm_paged_decode_attn_f32_kernel",256,1024,0,32,0,128,"FETCH_SIZE",0.00000000e+00,15253230753790,15253231525841
166665,184104,"Agent 2",1,1122884,1122884,10240,90,"ullm_paged_decode_attn_f32_kernel",256,1024,0,32,0,128,"VALUInsts",0.00000000e+00,15253230753790,15253231525841
166665,184104,"Agent 2",1,1122884,1122884,10240,90,"ullm_paged_decode_attn_f32_kernel",256,1024,0,32,0,128,"Wavefronts",320.000000,15253230753790,15253231525841
166665,184138,"Agent 2",1,1122884,1122884,10240,90,"ullm_paged_decode_attn_f32_kernel",256,1024,0,32,0,128,"FETCH_SIZE",0.00000000e+00,15253236621352,15253237394123
166665,184138,"Agent 2",1,1122884,1122884,10240,90,"ullm_paged_decode_attn_f32_kernel",256,1024,0,32,0,128,"VALUInsts",0.00000000e+00,15253236621352,15253237394123
166665,184138,"Agent 2",1,1122884,1122884,10240,90,"ullm_paged_decode_attn_f32_kernel",256,1024,0,32,0,128,"Wavefronts",320.000000,15253236621352,15253237394123
166665,184172,"Agent 2",1,1122884,1122884,10240,90,"ullm_paged_decode_attn_f32_kernel",256,1024,0,32,0,128,"FETCH_SIZE",0.00000000e+00,15253242312471,15253243083722
166665,184172,"Agent 2",1,1122884,1122884,10240,90,"ullm_paged_decode_attn_f32_kernel",256,1024,0,32,0,128,"VALUInsts",0.00000000e+00,15253242312471,15253243083722
166665,184172,"Agent 2",1,1122884,1122884,10240,90,"ullm_paged_decode_attn_f32_kernel",256,1024,0,32,0,128,"Wavefronts",320.000000,15253242312471,15253243083722
166665,184206,"Agent 2",1,1122884,1122884,10240,90,"ullm_paged_decode_attn_f32_kernel",256,1024,0,32,0,128,"FETCH_SIZE",0.00000000e+00,15253247780612,15253248552022
166665,184206,"Agent 2",1,1122884,1122884,10240,90,"ullm_paged_decode_attn_f32_kernel",256,1024,0,32,0,128,"VALUInsts",0.00000000e+00,15253247780612,15253248552022
166665,184206,"Agent 2",1,1122884,1122884,10240,90,"ullm_paged_decode_attn_f32_kernel",256,1024,0,32,0,128,"Wavefronts",320.000000,15253247780612,15253248552022
166665,184240,"Agent 2",1,1122884,1122884,10240,90,"ullm_paged_decode_attn_f32_kernel",256,1024,0,32,0,128,"FETCH_SIZE",0.00000000e+00,15253252672439,15253253444530
166665,184240,"Agent 2",1,1122884,1122884,10240,90,"ullm_paged_decode_attn_f32_kernel",256,1024,0,32,0,128,"VALUInsts",0.00000000e+00,15253252672439,15253253444530
166665,184240,"Agent 2",1,1122884,1122884,10240,90,"ullm_paged_decode_attn_f32_kernel",256,1024,0,32,0,128,"Wavefronts",320.000000,15253252672439,15253253444530
166665,184274,"Agent 2",1,1122884,1122884,10240,90,"ullm_paged_decode_attn_f32_kernel",256,1024,0,32,0,128,"FETCH_SIZE",0.00000000e+00,15253256970019,15253257742550
166665,184274,"Agent 2",1,1122884,1122884,10240,90,"ullm_paged_decode_attn_f32_kernel",256,1024,0,32,0,128,"VALUInsts",0.00000000e+00,15253256970019,15253257742550
166665,184274,"Agent 2",1,1122884,1122884,10240,90,"ullm_paged_decode_attn_f32_kernel",256,1024,0,32,0,128,"Wavefronts",320.000000,15253256970019,15253257742550
166665,184308,"Agent 2",1,1122884,1122884,10240,90,"ullm_paged_decode_attn_f32_kernel",256,1024,0,32,0,128,"FETCH_SIZE",0.00000000e+00,15253260570989,15253261342360
166665,184308,"Agent 2",1,1122884,1122884,10240,90,"ullm_paged_decode_attn_f32_kernel",256,1024,0,32,0,128,"VALUInsts",0.00000000e+00,15253260570989,15253261342360
166665,184308,"Agent 2",1,1122884,1122884,10240,90,"ullm_paged_decode_attn_f32_kernel",256,1024,0,32,0,128,"Wavefronts",320.000000,15253260570989,15253261342360
166665,184342,"Agent 2",1,1122884,1122884,10240,90,"ullm_paged_decode_attn_f32_kernel",256,1024,0,32,0,128,"FETCH_SIZE",0.00000000e+00,15253263601911,15253264371602
166665,184342,"Agent 2",1,1122884,1122884,10240,90,"ullm_paged_decode_attn_f32_kernel",256,1024,0,32,0,128,"VALUInsts",0.00000000e+00,15253263601911,15253264371602
166665,184342,"Agent 2",1,1122884,1122884,10240,90,"ullm_paged_decode_attn_f32_kernel",256,1024,0,32,0,128,"Wavefronts",320.000000,15253263601911,15253264371602
166665,184376,"Agent 2",1,1122884,1122884,10240,90,"ullm_paged_decode_attn_f32_kernel",256,1024,0,32,0,128,"FETCH_SIZE",0.00000000e+00,15253266257508,15253267030479
166665,184376,"Agent 2",1,1122884,1122884,10240,90,"ullm_paged_decode_attn_f32_kernel",256,1024,0,32,0,128,"VALUInsts",0.00000000e+00,15253266257508,15253267030479
166665,184376,"Agent 2",1,1122884,1122884,10240,90,"ullm_paged_decode_attn_f32_kernel",256,1024,0,32,0,128,"Wavefronts",320.000000,15253266257508,15253267030479
166665,184414,"Agent 2",1,1122884,1122884,10240,90,"ullm_paged_decode_attn_f32_kernel",256,1024,0,32,0,128,"FETCH_SIZE",0.00000000e+00,15253274757167,15253275528138
166665,184414,"Agent 2",1,1122884,1122884,10240,90,"ullm_paged_decode_attn_f32_kernel",256,1024,0,32,0,128,"VALUInsts",0.00000000e+00,15253274757167,15253275528138
166665,184414,"Agent 2",1,1122884,1122884,10240,90,"ullm_paged_decode_attn_f32_kernel",256,1024,0,32,0,128,"Wavefronts",320.000000,15253274757167,15253275528138
166665,184448,"Agent 2",1,1122884,1122884,10240,90,"ullm_paged_decode_attn_f32_kernel",256,1024,0,32,0,128,"FETCH_SIZE",0.00000000e+00,15253277183081,15253277954971
166665,184448,"Agent 2",1,1122884,1122884,10240,90,"ullm_paged_decode_attn_f32_kernel",256,1024,0,32,0,128,"VALUInsts",0.00000000e+00,15253277183081,15253277954971
166665,184448,"Agent 2",1,1122884,1122884,10240,90,"ullm_paged_decode_attn_f32_kernel",256,1024,0,32,0,128,"Wavefronts",320.000000,15253277183081,15253277954971
166665,184482,"Agent 2",1,1122884,1122884,10240,90,"ullm_paged_decode_attn_f32_kernel",256,1024,0,32,0,128,"FETCH_SIZE",0.00000000e+00,15253279644555,15253280417046
166665,184482,"Agent 2",1,1122884,1122884,10240,90,"ullm_paged_decode_attn_f32_kernel",256,1024,0,32,0,128,"VALUInsts",0.00000000e+00,15253279644555,15253280417046
166665,184482,"Agent 2",1,1122884,1122884,10240,90,"ullm_paged_decode_attn_f32_kernel",256,1024,0,32,0,128,"Wavefronts",320.000000,15253279644555,15253280417046
166665,184516,"Agent 2",1,1122884,1122884,10240,90,"ullm_paged_decode_attn_f32_kernel",256,1024,0,32,0,128,"FETCH_SIZE",0.00000000e+00,15253282072709,15253282845240
166665,184516,"Agent 2",1,1122884,1122884,10240,90,"ullm_paged_decode_attn_f32_kernel",256,1024,0,32,0,128,"VALUInsts",0.00000000e+00,15253282072709,15253282845240
166665,184516,"Agent 2",1,1122884,1122884,10240,90,"ullm_paged_decode_attn_f32_kernel",256,1024,0,32,0,128,"Wavefronts",320.000000,15253282072709,15253282845240
166665,184550,"Agent 2",1,1122884,1122884,10240,90,"ullm_paged_decode_attn_f32_kernel",256,1024,0,32,0,128,"FETCH_SIZE",0.00000000e+00,15253284535583,15253285308994
166665,184550,"Agent 2",1,1122884,1122884,10240,90,"ullm_paged_decode_attn_f32_kernel",256,1024,0,32,0,128,"VALUInsts",0.00000000e+00,15253284535583,15253285308994
166665,184550,"Agent 2",1,1122884,1122884,10240,90,"ullm_paged_decode_attn_f32_kernel",256,1024,0,32,0,128,"Wavefronts",320.000000,15253284535583,15253285308994
166665,184584,"Agent 2",1,1122884,1122884,10240,90,"ullm_paged_decode_attn_f32_kernel",256,1024,0,32,0,128,"FETCH_SIZE",0.00000000e+00,15253287051698,15253287825309
166665,184584,"Agent 2",1,1122884,1122884,10240,90,"ullm_paged_decode_attn_f32_kernel",256,1024,0,32,0,128,"VALUInsts",0.00000000e+00,15253287051698,15253287825309
166665,184584,"Agent 2",1,1122884,1122884,10240,90,"ullm_paged_decode_attn_f32_kernel",256,1024,0,32,0,128,"Wavefronts",320.000000,15253287051698,15253287825309
166665,184618,"Agent 2",1,1122884,1122884,10240,90,"ullm_paged_decode_attn_f32_kernel",256,1024,0,32,0,128,"FETCH_SIZE",0.00000000e+00,15253289510373,15253290282783
166665,184618,"Agent 2",1,1122884,1122884,10240,90,"ullm_paged_decode_attn_f32_kernel",256,1024,0,32,0,128,"VALUInsts",0.00000000e+00,15253289510373,15253290282783
166665,184618,"Agent 2",1,1122884,1122884,10240,90,"ullm_paged_decode_attn_f32_kernel",256,1024,0,32,0,128,"Wavefronts",320.000000,15253289510373,15253290282783
166665,184652,"Agent 2",1,1122884,1122884,10240,90,"ullm_paged_decode_attn_f32_kernel",256,1024,0,32,0,128,"FETCH_SIZE",0.00000000e+00,15253291964287,15253292737778
166665,184652,"Agent 2",1,1122884,1122884,10240,90,"ullm_paged_decode_attn_f32_kernel",256,1024,0,32,0,128,"VALUInsts",0.00000000e+00,15253291964287,15253292737778
166665,184652,"Agent 2",1,1122884,1122884,10240,90,"ullm_paged_decode_attn_f32_kernel",256,1024,0,32,0,128,"Wavefronts",320.000000,15253291964287,15253292737778
166665,184686,"Agent 2",1,1122884,1122884,10240,90,"ullm_paged_decode_attn_f32_kernel",256,1024,0,32,0,128,"FETCH_SIZE",0.00000000e+00,15253294485722,15253295260333
166665,184686,"Agent 2",1,1122884,1122884,10240,90,"ullm_paged_decode_attn_f32_kernel",256,1024,0,32,0,128,"VALUInsts",0.00000000e+00,15253294485722,15253295260333
166665,184686,"Agent 2",1,1122884,1122884,10240,90,"ullm_paged_decode_attn_f32_kernel",256,1024,0,32,0,128,"Wavefronts",320.000000,15253294485722,15253295260333
166665,184720,"Agent 2",1,1122884,1122884,10240,90,"ullm_paged_decode_attn_f32_kernel",256,1024,0,32,0,128,"FETCH_SIZE",0.00000000e+00,15253296973917,15253297748848
166665,184720,"Agent 2",1,1122884,1122884,10240,90,"ullm_paged_decode_attn_f32_kernel",256,1024,0,32,0,128,"VALUInsts",0.00000000e+00,15253296973917,15253297748848
166665,184720,"Agent 2",1,1122884,1122884,10240,90,"ullm_paged_decode_attn_f32_kernel",256,1024,0,32,0,128,"Wavefronts",320.000000,15253296973917,15253297748848
166665,184754,"Agent 2",1,1122884,1122884,10240,90,"ullm_paged_decode_attn_f32_kernel",256,1024,0,32,0,128,"FETCH_SIZE",0.00000000e+00,15253299444231,15253300216602
166665,184754,"Agent 2",1,1122884,1122884,10240,90,"ullm_paged_decode_attn_f32_kernel",256,1024,0,32,0,128,"VALUInsts",0.00000000e+00,15253299444231,15253300216602
166665,184754,"Agent 2",1,1122884,1122884,10240,90,"ullm_paged_decode_attn_f32_kernel",256,1024,0,32,0,128,"Wavefronts",320.000000,15253299444231,15253300216602
166665,184788,"Agent 2",1,1122884,1122884,10240,90,"ullm_paged_decode_attn_f32_kernel",256,1024,0,32,0,128,"FETCH_SIZE",0.00000000e+00,15253301937626,15253302714517
166665,184788,"Agent 2",1,1122884,1122884,10240,90,"ullm_paged_decode_attn_f32_kernel",256,1024,0,32,0,128,"VALUInsts",0.00000000e+00,15253301937626,15253302714517
166665,184788,"Agent 2",1,1122884,1122884,10240,90,"ullm_paged_decode_attn_f32_kernel",256,1024,0,32,0,128,"Wavefronts",320.000000,15253301937626,15253302714517
166665,184822,"Agent 2",1,1122884,1122884,10240,90,"ullm_paged_decode_attn_f32_kernel",256,1024,0,32,0,128,"FETCH_SIZE",0.00000000e+00,15253304497782,15253305270232
166665,184822,"Agent 2",1,1122884,1122884,10240,90,"ullm_paged_decode_attn_f32_kernel",256,1024,0,32,0,128,"VALUInsts",0.00000000e+00,15253304497782,15253305270232
166665,184822,"Agent 2",1,1122884,1122884,10240,90,"ullm_paged_decode_attn_f32_kernel",256,1024,0,32,0,128,"Wavefronts",320.000000,15253304497782,15253305270232
166665,184856,"Agent 2",1,1122884,1122884,10240,90,"ullm_paged_decode_attn_f32_kernel",256,1024,0,32,0,128,"FETCH_SIZE",0.00000000e+00,15253307078418,15253307850628
166665,184856,"Agent 2",1,1122884,1122884,10240,90,"ullm_paged_decode_attn_f32_kernel",256,1024,0,32,0,128,"VALUInsts",0.00000000e+00,15253307078418,15253307850628
166665,184856,"Agent 2",1,1122884,1122884,10240,90,"ullm_paged_decode_attn_f32_kernel",256,1024,0,32,0,128,"Wavefronts",320.000000,15253307078418,15253307850628
166665,184890,"Agent 2",1,1122884,1122884,10240,90,"ullm_paged_decode_attn_f32_kernel",256,1024,0,32,0,128,"FETCH_SIZE",0.00000000e+00,15253309727255,15253310499505
166665,184890,"Agent 2",1,1122884,1122884,10240,90,"ullm_paged_decode_attn_f32_kernel",256,1024,0,32,0,128,"VALUInsts",0.00000000e+00,15253309727255,15253310499505
166665,184890,"Agent 2",1,1122884,1122884,10240,90,"ullm_paged_decode_attn_f32_kernel",256,1024,0,32,0,128,"Wavefronts",320.000000,15253309727255,15253310499505
166665,184924,"Agent 2",1,1122884,1122884,10240,90,"ullm_paged_decode_attn_f32_kernel",256,1024,0,32,0,128,"FETCH_SIZE",0.00000000e+00,15253312462625,15253313235196
166665,184924,"Agent 2",1,1122884,1122884,10240,90,"ullm_paged_decode_attn_f32_kernel",256,1024,0,32,0,128,"VALUInsts",0.00000000e+00,15253312462625,15253313235196
166665,184924,"Agent 2",1,1122884,1122884,10240,90,"ullm_paged_decode_attn_f32_kernel",256,1024,0,32,0,128,"Wavefronts",320.000000,15253312462625,15253313235196
166665,184958,"Agent 2",1,1122884,1122884,10240,90,"ullm_paged_decode_attn_f32_kernel",256,1024,0,32,0,128,"FETCH_SIZE",0.00000000e+00,15253315238343,15253316011674
166665,184958,"Agent 2",1,1122884,1122884,10240,90,"ullm_paged_decode_attn_f32_kernel",256,1024,0,32,0,128,"VALUInsts",0.00000000e+00,15253315238343,15253316011674
166665,184958,"Agent 2",1,1122884,1122884,10240,90,"ullm_paged_decode_attn_f32_kernel",256,1024,0,32,0,128,"Wavefronts",320.000000,15253315238343,15253316011674
166665,184992,"Agent 2",1,1122884,1122884,10240,90,"ullm_paged_decode_attn_f32_kernel",256,1024,0,32,0,128,"FETCH_SIZE",0.00000000e+00,15253318199985,15253318976996
166665,184992,"Agent 2",1,1122884,1122884,10240,90,"ullm_paged_decode_attn_f32_kernel",256,1024,0,32,0,128,"VALUInsts",0.00000000e+00,15253318199985,15253318976996
166665,184992,"Agent 2",1,1122884,1122884,10240,90,"ullm_paged_decode_attn_f32_kernel",256,1024,0,32,0,128,"Wavefronts",320.000000,15253318199985,15253318976996
166665,185026,"Agent 2",1,1122884,1122884,10240,90,"ullm_paged_decode_attn_f32_kernel",256,1024,0,32,0,128,"FETCH_SIZE",0.00000000e+00,15253321377189,15253322149560
166665,185026,"Agent 2",1,1122884,1122884,10240,90,"ullm_paged_decode_attn_f32_kernel",256,1024,0,32,0,128,"VALUInsts",0.00000000e+00,15253321377189,15253322149560
166665,185026,"Agent 2",1,1122884,1122884,10240,90,"ullm_paged_decode_attn_f32_kernel",256,1024,0,32,0,128,"Wavefronts",320.000000,15253321377189,15253322149560
166665,185060,"Agent 2",1,1122884,1122884,10240,90,"ullm_paged_decode_attn_f32_kernel",256,1024,0,32,0,128,"FETCH_SIZE",0.00000000e+00,15253324717796,15253325492006
166665,185060,"Agent 2",1,1122884,1122884,10240,90,"ullm_paged_decode_attn_f32_kernel",256,1024,0,32,0,128,"VALUInsts",0.00000000e+00,15253324717796,15253325492006
166665,185060,"Agent 2",1,1122884,1122884,10240,90,"ullm_paged_decode_attn_f32_kernel",256,1024,0,32,0,128,"Wavefronts",320.000000,15253324717796,15253325492006
166665,185094,"Agent 2",1,1122884,1122884,10240,90,"ullm_paged_decode_attn_f32_kernel",256,1024,0,32,0,128,"FETCH_SIZE",0.00000000e+00,15253328412527,15253329184778
166665,185094,"Agent 2",1,1122884,1122884,10240,90,"ullm_paged_decode_attn_f32_kernel",256,1024,0,32,0,128,"VALUInsts",0.00000000e+00,15253328412527,15253329184778
166665,185094,"Agent 2",1,1122884,1122884,10240,90,"ullm_paged_decode_attn_f32_kernel",256,1024,0,32,0,128,"Wavefronts",320.000000,15253328412527,15253329184778
166665,185128,"Agent 2",1,1122884,1122884,10240,90,"ullm_paged_decode_attn_f32_kernel",256,1024,0,32,0,128,"FETCH_SIZE",0.00000000e+00,15253332421903,15253333195274
166665,185128,"Agent 2",1,1122884,1122884,10240,90,"ullm_paged_decode_attn_f32_kernel",256,1024,0,32,0,128,"VALUInsts",0.00000000e+00,15253332421903,15253333195274
166665,185128,"Agent 2",1,1122884,1122884,10240,90,"ullm_paged_decode_attn_f32_kernel",256,1024,0,32,0,128,"Wavefronts",320.000000,15253332421903,15253333195274
166665,185162,"Agent 2",1,1122884,1122884,10240,90,"ullm_paged_decode_attn_f32_kernel",256,1024,0,32,0,128,"FETCH_SIZE",0.00000000e+00,15253336876725,15253337648896
166665,185162,"Agent 2",1,1122884,1122884,10240,90,"ullm_paged_decode_attn_f32_kernel",256,1024,0,32,0,128,"VALUInsts",0.00000000e+00,15253336876725,15253337648896
166665,185162,"Agent 2",1,1122884,1122884,10240,90,"ullm_paged_decode_attn_f32_kernel",256,1024,0,32,0,128,"Wavefronts",320.000000,15253336876725,15253337648896
166665,185196,"Agent 2",1,1122884,1122884,10240,90,"ullm_paged_decode_attn_f32_kernel",256,1024,0,32,0,128,"FETCH_SIZE",0.00000000e+00,15253341890515,15253342663726
166665,185196,"Agent 2",1,1122884,1122884,10240,90,"ullm_paged_decode_attn_f32_kernel",256,1024,0,32,0,128,"VALUInsts",0.00000000e+00,15253341890515,15253342663726
166665,185196,"Agent 2",1,1122884,1122884,10240,90,"ullm_paged_decode_attn_f32_kernel",256,1024,0,32,0,128,"Wavefronts",320.000000,15253341890515,15253342663726
166665,185230,"Agent 2",1,1122884,1122884,10240,90,"ullm_paged_decode_attn_f32_kernel",256,1024,0,32,0,128,"FETCH_SIZE",0.00000000e+00,15253347687076,15253348459047
166665,185230,"Agent 2",1,1122884,1122884,10240,90,"ullm_paged_decode_attn_f32_kernel",256,1024,0,32,0,128,"VALUInsts",0.00000000e+00,15253347687076,15253348459047
166665,185230,"Agent 2",1,1122884,1122884,10240,90,"ullm_paged_decode_attn_f32_kernel",256,1024,0,32,0,128,"Wavefronts",320.000000,15253347687076,15253348459047
166665,185264,"Agent 2",1,1122884,1122884,10240,90,"ullm_paged_decode_attn_f32_kernel",256,1024,0,32,0,128,"FETCH_SIZE",0.00000000e+00,15253352553144,15253353326675
166665,185264,"Agent 2",1,1122884,1122884,10240,90,"ullm_paged_decode_attn_f32_kernel",256,1024,0,32,0,128,"VALUInsts",0.00000000e+00,15253352553144,15253353326675
166665,185264,"Agent 2",1,1122884,1122884,10240,90,"ullm_paged_decode_attn_f32_kernel",256,1024,0,32,0,128,"Wavefronts",320.000000,15253352553144,15253353326675
166665,185298,"Agent 2",1,1122884,1122884,10240,90,"ullm_paged_decode_attn_f32_kernel",256,1024,0,32,0,128,"FETCH_SIZE",0.00000000e+00,15253357322770,15253358095661
166665,185298,"Agent 2",1,1122884,1122884,10240,90,"ullm_paged_decode_attn_f32_kernel",256,1024,0,32,0,128,"VALUInsts",0.00000000e+00,15253357322770,15253358095661
166665,185298,"Agent 2",1,1122884,1122884,10240,90,"ullm_paged_decode_attn_f32_kernel",256,1024,0,32,0,128,"Wavefronts",320.000000,15253357322770,15253358095661
166665,185332,"Agent 2",1,1122884,1122884,10240,90,"ullm_paged_decode_attn_f32_kernel",256,1024,0,32,0,128,"FETCH_SIZE",0.00000000e+00,15253362226479,15253362999450
166665,185332,"Agent 2",1,1122884,1122884,10240,90,"ullm_paged_decode_attn_f32_kernel",256,1024,0,32,0,128,"VALUInsts",0.00000000e+00,15253362226479,15253362999450
166665,185332,"Agent 2",1,1122884,1122884,10240,90,"ullm_paged_decode_attn_f32_kernel",256,1024,0,32,0,128,"Wavefronts",320.000000,15253362226479,15253362999450
166665,185366,"Agent 2",1,1122884,1122884,10240,90,"ullm_paged_decode_attn_f32_kernel",256,1024,0,32,0,128,"FETCH_SIZE",0.00000000e+00,15253367300590,15253368073440
166665,185366,"Agent 2",1,1122884,1122884,10240,90,"ullm_paged_decode_attn_f32_kernel",256,1024,0,32,0,128,"VALUInsts",0.00000000e+00,15253367300590,15253368073440
166665,185366,"Agent 2",1,1122884,1122884,10240,90,"ullm_paged_decode_attn_f32_kernel",256,1024,0,32,0,128,"Wavefronts",320.000000,15253367300590,15253368073440
166665,185400,"Agent 2",1,1122884,1122884,10240,90,"ullm_paged_decode_attn_f32_kernel",256,1024,0,32,0,128,"FETCH_SIZE",0.00000000e+00,15253372693865,15253373469196
166665,185400,"Agent 2",1,1122884,1122884,10240,90,"ullm_paged_decode_attn_f32_kernel",256,1024,0,32,0,128,"VALUInsts",0.00000000e+00,15253372693865,15253373469196
166665,185400,"Agent 2",1,1122884,1122884,10240,90,"ullm_paged_decode_attn_f32_kernel",256,1024,0,32,0,128,"Wavefronts",320.000000,15253372693865,15253373469196
166665,185434,"Agent 2",1,1122884,1122884,10240,90,"ullm_paged_decode_attn_f32_kernel",256,1024,0,32,0,128,"FETCH_SIZE",0.00000000e+00,15253378256655,15253379029866
166665,185434,"Agent 2",1,1122884,1122884,10240,90,"ullm_paged_decode_attn_f32_kernel",256,1024,0,32,0,128,"VALUInsts",0.00000000e+00,15253378256655,15253379029866
166665,185434,"Agent 2",1,1122884,1122884,10240,90,"ullm_paged_decode_attn_f32_kernel",256,1024,0,32,0,128,"Wavefronts",320.000000,15253378256655,15253379029866
166665,185468,"Agent 2",1,1122884,1122884,10240,90,"ullm_paged_decode_attn_f32_kernel",256,1024,0,32,0,128,"FETCH_SIZE",0.00000000e+00,15253384115417,15253384888588
166665,185468,"Agent 2",1,1122884,1122884,10240,90,"ullm_paged_decode_attn_f32_kernel",256,1024,0,32,0,128,"VALUInsts",0.00000000e+00,15253384115417,15253384888588
166665,185468,"Agent 2",1,1122884,1122884,10240,90,"ullm_paged_decode_attn_f32_kernel",256,1024,0,32,0,128,"Wavefronts",320.000000,15253384115417,15253384888588
166665,185502,"Agent 2",1,1122884,1122884,10240,90,"ullm_paged_decode_attn_f32_kernel",256,1024,0,32,0,128,"FETCH_SIZE",0.00000000e+00,15253390546026,15253391319597
166665,185502,"Agent 2",1,1122884,1122884,10240,90,"ullm_paged_decode_attn_f32_kernel",256,1024,0,32,0,128,"VALUInsts",0.00000000e+00,15253390546026,15253391319597
166665,185502,"Agent 2",1,1122884,1122884,10240,90,"ullm_paged_decode_attn_f32_kernel",256,1024,0,32,0,128,"Wavefronts",320.000000,15253390546026,15253391319597
166665,185536,"Agent 2",1,1122884,1122884,10240,90,"ullm_paged_decode_attn_f32_kernel",256,1024,0,32,0,128,"FETCH_SIZE",0.00000000e+00,15253396373228,15253397145719
166665,185536,"Agent 2",1,1122884,1122884,10240,90,"ullm_paged_decode_attn_f32_kernel",256,1024,0,32,0,128,"VALUInsts",0.00000000e+00,15253396373228,15253397145719
166665,185536,"Agent 2",1,1122884,1122884,10240,90,"ullm_paged_decode_attn_f32_kernel",256,1024,0,32,0,128,"Wavefronts",320.000000,15253396373228,15253397145719
166665,185570,"Agent 2",1,1122884,1122884,10240,90,"ullm_paged_decode_attn_f32_kernel",256,1024,0,32,0,128,"FETCH_SIZE",0.00000000e+00,15253401825344,15253402597875
166665,185570,"Agent 2",1,1122884,1122884,10240,90,"ullm_paged_decode_attn_f32_kernel",256,1024,0,32,0,128,"VALUInsts",0.00000000e+00,15253401825344,15253402597875
166665,185570,"Agent 2",1,1122884,1122884,10240,90,"ullm_paged_decode_attn_f32_kernel",256,1024,0,32,0,128,"Wavefronts",320.000000,15253401825344,15253402597875
166665,185604,"Agent 2",1,1122884,1122884,10240,90,"ullm_paged_decode_attn_f32_kernel",256,1024,0,32,0,128,"FETCH_SIZE",0.00000000e+00,15253406711732,15253407484263
166665,185604,"Agent 2",1,1122884,1122884,10240,90,"ullm_paged_decode_attn_f32_kernel",256,1024,0,32,0,128,"VALUInsts",0.00000000e+00,15253406711732,15253407484263
166665,185604,"Agent 2",1,1122884,1122884,10240,90,"ullm_paged_decode_attn_f32_kernel",256,1024,0,32,0,128,"Wavefronts",320.000000,15253406711732,15253407484263
166665,185638,"Agent 2",1,1122884,1122884,10240,90,"ullm_paged_decode_attn_f32_kernel",256,1024,0,32,0,128,"FETCH_SIZE",0.00000000e+00,15253410956391,15253411728202
166665,185638,"Agent 2",1,1122884,1122884,10240,90,"ullm_paged_decode_attn_f32_kernel",256,1024,0,32,0,128,"VALUInsts",0.00000000e+00,15253410956391,15253411728202
166665,185638,"Agent 2",1,1122884,1122884,10240,90,"ullm_paged_decode_attn_f32_kernel",256,1024,0,32,0,128,"Wavefronts",320.000000,15253410956391,15253411728202
166665,185672,"Agent 2",1,1122884,1122884,10240,90,"ullm_paged_decode_attn_f32_kernel",256,1024,0,32,0,128,"FETCH_SIZE",0.00000000e+00,15253414579922,15253415354252
166665,185672,"Agent 2",1,1122884,1122884,10240,90,"ullm_paged_decode_attn_f32_kernel",256,1024,0,32,0,128,"VALUInsts",0.00000000e+00,15253414579922,15253415354252
166665,185672,"Agent 2",1,1122884,1122884,10240,90,"ullm_paged_decode_attn_f32_kernel",256,1024,0,32,0,128,"Wavefronts",320.000000,15253414579922,15253415354252
166665,185706,"Agent 2",1,1122884,1122884,10240,90,"ullm_paged_decode_attn_f32_kernel",256,1024,0,32,0,128,"FETCH_SIZE",0.00000000e+00,15253417751686,15253418524337
166665,185706,"Agent 2",1,1122884,1122884,10240,90,"ullm_paged_decode_attn_f32_kernel",256,1024,0,32,0,128,"VALUInsts",0.00000000e+00,15253417751686,15253418524337
166665,185706,"Agent 2",1,1122884,1122884,10240,90,"ullm_paged_decode_attn_f32_kernel",256,1024,0,32,0,128,"Wavefronts",320.000000,15253417751686,15253418524337
166665,185740,"Agent 2",1,1122884,1122884,10240,90,"ullm_paged_decode_attn_f32_kernel",256,1024,0,32,0,128,"FETCH_SIZE",0.00000000e+00,15253420260041,15253421033852
166665,185740,"Agent 2",1,1122884,1122884,10240,90,"ullm_paged_decode_attn_f32_kernel",256,1024,0,32,0,128,"VALUInsts",0.00000000e+00,15253420260041,15253421033852
166665,185740,"Agent 2",1,1122884,1122884,10240,90,"ullm_paged_decode_attn_f32_kernel",256,1024,0,32,0,128,"Wavefronts",320.000000,15253420260041,15253421033852
166665,185778,"Agent 2",1,1122884,1122884,10240,90,"ullm_paged_decode_attn_f32_kernel",256,1024,0,32,0,128,"FETCH_SIZE",0.00000000e+00,15253428050160,15253428830250
166665,185778,"Agent 2",1,1122884,1122884,10240,90,"ullm_paged_decode_attn_f32_kernel",256,1024,0,32,0,128,"VALUInsts",0.00000000e+00,15253428050160,15253428830250
166665,185778,"Agent 2",1,1122884,1122884,10240,90,"ullm_paged_decode_attn_f32_kernel",256,1024,0,32,0,128,"Wavefronts",320.000000,15253428050160,15253428830250
166665,185812,"Agent 2",1,1122884,1122884,10240,90,"ullm_paged_decode_attn_f32_kernel",256,1024,0,32,0,128,"FETCH_SIZE",0.00000000e+00,15253430523994,15253431300805
166665,185812,"Agent 2",1,1122884,1122884,10240,90,"ullm_paged_decode_attn_f32_kernel",256,1024,0,32,0,128,"VALUInsts",0.00000000e+00,15253430523994,15253431300805
166665,185812,"Agent 2",1,1122884,1122884,10240,90,"ullm_paged_decode_attn_f32_kernel",256,1024,0,32,0,128,"Wavefronts",320.000000,15253430523994,15253431300805
166665,185846,"Agent 2",1,1122884,1122884,10240,90,"ullm_paged_decode_attn_f32_kernel",256,1024,0,32,0,128,"FETCH_SIZE",0.00000000e+00,15253433001149,15253433772439
166665,185846,"Agent 2",1,1122884,1122884,10240,90,"ullm_paged_decode_attn_f32_kernel",256,1024,0,32,0,128,"VALUInsts",0.00000000e+00,15253433001149,15253433772439
166665,185846,"Agent 2",1,1122884,1122884,10240,90,"ullm_paged_decode_attn_f32_kernel",256,1024,0,32,0,128,"Wavefronts",320.000000,15253433001149,15253433772439
166665,185880,"Agent 2",1,1122884,1122884,10240,90,"ullm_paged_decode_attn_f32_kernel",256,1024,0,32,0,128,"FETCH_SIZE",0.00000000e+00,15253435515304,15253436292355
166665,185880,"Agent 2",1,1122884,1122884,10240,90,"ullm_paged_decode_attn_f32_kernel",256,1024,0,32,0,128,"VALUInsts",0.00000000e+00,15253435515304,15253436292355
166665,185880,"Agent 2",1,1122884,1122884,10240,90,"ullm_paged_decode_attn_f32_kernel",256,1024,0,32,0,128,"Wavefronts",320.000000,15253435515304,15253436292355
166665,185914,"Agent 2",1,1122884,1122884,10240,90,"ullm_paged_decode_attn_f32_kernel",256,1024,0,32,0,128,"FETCH_SIZE",0.00000000e+00,15253438001400,15253438774930
166665,185914,"Agent 2",1,1122884,1122884,10240,90,"ullm_paged_decode_attn_f32_kernel",256,1024,0,32,0,128,"VALUInsts",0.00000000e+00,15253438001400,15253438774930
166665,185914,"Agent 2",1,1122884,1122884,10240,90,"ullm_paged_decode_attn_f32_kernel",256,1024,0,32,0,128,"Wavefronts",320.000000,15253438001400,15253438774930
166665,185948,"Agent 2",1,1122884,1122884,10240,90,"ullm_paged_decode_attn_f32_kernel",256,1024,0,32,0,128,"FETCH_SIZE",0.00000000e+00,15253440482874,15253441258325
166665,185948,"Agent 2",1,1122884,1122884,10240,90,"ullm_paged_decode_attn_f32_kernel",256,1024,0,32,0,128,"VALUInsts",0.00000000e+00,15253440482874,15253441258325
166665,185948,"Agent 2",1,1122884,1122884,10240,90,"ullm_paged_decode_attn_f32_kernel",256,1024,0,32,0,128,"Wavefronts",320.000000,15253440482874,15253441258325
166665,185982,"Agent 2",1,1122884,1122884,10240,90,"ullm_paged_decode_attn_f32_kernel",256,1024,0,32,0,128,"FETCH_SIZE",0.00000000e+00,15253443096191,15253443872481
166665,185982,"Agent 2",1,1122884,1122884,10240,90,"ullm_paged_decode_attn_f32_kernel",256,1024,0,32,0,128,"VALUInsts",0.00000000e+00,15253443096191,15253443872481
166665,185982,"Agent 2",1,1122884,1122884,10240,90,"ullm_paged_decode_attn_f32_kernel",256,1024,0,32,0,128,"Wavefronts",320.000000,15253443096191,15253443872481
166665,186016,"Agent 2",1,1122884,1122884,10240,90,"ullm_paged_decode_attn_f32_kernel",256,1024,0,32,0,128,"FETCH_SIZE",0.00000000e+00,15253445804988,15253446576719
166665,186016,"Agent 2",1,1122884,1122884,10240,90,"ullm_paged_decode_attn_f32_kernel",256,1024,0,32,0,128,"VALUInsts",0.00000000e+00,15253445804988,15253446576719
166665,186016,"Agent 2",1,1122884,1122884,10240,90,"ullm_paged_decode_attn_f32_kernel",256,1024,0,32,0,128,"Wavefronts",320.000000,15253445804988,15253446576719
166665,186050,"Agent 2",1,1122884,1122884,10240,90,"ullm_paged_decode_attn_f32_kernel",256,1024,0,32,0,128,"FETCH_SIZE",0.00000000e+00,15253448703949,15253449479600
166665,186050,"Agent 2",1,1122884,1122884,10240,90,"ullm_paged_decode_attn_f32_kernel",256,1024,0,32,0,128,"VALUInsts",0.00000000e+00,15253448703949,15253449479600
166665,186050,"Agent 2",1,1122884,1122884,10240,90,"ullm_paged_decode_attn_f32_kernel",256,1024,0,32,0,128,"Wavefronts",320.000000,15253448703949,15253449479600
166665,186084,"Agent 2",1,1122884,1122884,10240,90,"ullm_paged_decode_attn_f32_kernel",256,1024,0,32,0,128,"FETCH_SIZE",0.00000000e+00,15253451700391,15253452474441
166665,186084,"Agent 2",1,1122884,1122884,10240,90,"ullm_paged_decode_attn_f32_kernel",256,1024,0,32,0,128,"VALUInsts",0.00000000e+00,15253451700391,15253452474441
166665,186084,"Agent 2",1,1122884,1122884,10240,90,"ullm_paged_decode_attn_f32_kernel",256,1024,0,32,0,128,"Wavefronts",320.000000,15253451700391,15253452474441
166665,186118,"Agent 2",1,1122884,1122884,10240,90,"ullm_paged_decode_attn_f32_kernel",256,1024,0,32,0,128,"FETCH_SIZE",0.00000000e+00,15253455085078,15253455857049
166665,186118,"Agent 2",1,1122884,1122884,10240,90,"ullm_paged_decode_attn_f32_kernel",256,1024,0,32,0,128,"VALUInsts",0.00000000e+00,15253455085078,15253455857049
166665,186118,"Agent 2",1,1122884,1122884,10240,90,"ullm_paged_decode_attn_f32_kernel",256,1024,0,32,0,128,"Wavefronts",320.000000,15253455085078,15253455857049
166665,186152,"Agent 2",1,1122884,1122884,10240,90,"ullm_paged_decode_attn_f32_kernel",256,1024,0,32,0,128,"FETCH_SIZE",0.00000000e+00,15253458693008,15253459469259
166665,186152,"Agent 2",1,1122884,1122884,10240,90,"ullm_paged_decode_attn_f32_kernel",256,1024,0,32,0,128,"VALUInsts",0.00000000e+00,15253458693008,15253459469259
166665,186152,"Agent 2",1,1122884,1122884,10240,90,"ullm_paged_decode_attn_f32_kernel",256,1024,0,32,0,128,"Wavefronts",320.000000,15253458693008,15253459469259
166665,186186,"Agent 2",1,1122884,1122884,10240,90,"ullm_paged_decode_attn_f32_kernel",256,1024,0,32,0,128,"FETCH_SIZE",0.00000000e+00,15253462731984,15253463504115
166665,186186,"Agent 2",1,1122884,1122884,10240,90,"ullm_paged_decode_attn_f32_kernel",256,1024,0,32,0,128,"VALUInsts",0.00000000e+00,15253462731984,15253463504115
166665,186186,"Agent 2",1,1122884,1122884,10240,90,"ullm_paged_decode_attn_f32_kernel",256,1024,0,32,0,128,"Wavefronts",320.000000,15253462731984,15253463504115
166665,186220,"Agent 2",1,1122884,1122884,10240,90,"ullm_paged_decode_attn_f32_kernel",256,1024,0,32,0,128,"FETCH_SIZE",0.00000000e+00,15253467396850,15253468169300
166665,186220,"Agent 2",1,1122884,1122884,10240,90,"ullm_paged_decode_attn_f32_kernel",256,1024,0,32,0,128,"VALUInsts",0.00000000e+00,15253467396850,15253468169300
166665,186220,"Agent 2",1,1122884,1122884,10240,90,"ullm_paged_decode_attn_f32_kernel",256,1024,0,32,0,128,"Wavefronts",320.000000,15253467396850,15253468169300
166665,186254,"Agent 2",1,1122884,1122884,10240,90,"ullm_paged_decode_attn_f32_kernel",256,1024,0,32,0,128,"FETCH_SIZE",0.00000000e+00,15253472570082,15253473344852
166665,186254,"Agent 2",1,1122884,1122884,10240,90,"ullm_paged_decode_attn_f32_kernel",256,1024,0,32,0,128,"VALUInsts",0.00000000e+00,15253472570082,15253473344852
166665,186254,"Agent 2",1,1122884,1122884,10240,90,"ullm_paged_decode_attn_f32_kernel",256,1024,0,32,0,128,"Wavefronts",320.000000,15253472570082,15253473344852
166665,186288,"Agent 2",1,1122884,1122884,10240,90,"ullm_paged_decode_attn_f32_kernel",256,1024,0,32,0,128,"FETCH_SIZE",0.00000000e+00,15253478325682,15253479099573
166665,186288,"Agent 2",1,1122884,1122884,10240,90,"ullm_paged_decode_attn_f32_kernel",256,1024,0,32,0,128,"VALUInsts",0.00000000e+00,15253478325682,15253479099573
166665,186288,"Agent 2",1,1122884,1122884,10240,90,"ullm_paged_decode_attn_f32_kernel",256,1024,0,32,0,128,"Wavefronts",320.000000,15253478325682,15253479099573
166665,186322,"Agent 2",1,1122884,1122884,10240,90,"ullm_paged_decode_attn_f32_kernel",256,1024,0,32,0,128,"FETCH_SIZE",0.00000000e+00,15253482978427,15253483753398
166665,186322,"Agent 2",1,1122884,1122884,10240,90,"ullm_paged_decode_attn_f32_kernel",256,1024,0,32,0,128,"VALUInsts",0.00000000e+00,15253482978427,15253483753398
166665,186322,"Agent 2",1,1122884,1122884,10240,90,"ullm_paged_decode_attn_f32_kernel",256,1024,0,32,0,128,"Wavefronts",320.000000,15253482978427,15253483753398
166665,186356,"Agent 2",1,1122884,1122884,10240,90,"ullm_paged_decode_attn_f32_kernel",256,1024,0,32,0,128,"FETCH_SIZE",0.00000000e+00,15253487785814,15253488559505
166665,186356,"Agent 2",1,1122884,1122884,10240,90,"ullm_paged_decode_attn_f32_kernel",256,1024,0,32,0,128,"VALUInsts",0.00000000e+00,15253487785814,15253488559505
166665,186356,"Agent 2",1,1122884,1122884,10240,90,"ullm_paged_decode_attn_f32_kernel",256,1024,0,32,0,128,"Wavefronts",320.000000,15253487785814,15253488559505
166665,186390,"Agent 2",1,1122884,1122884,10240,90,"ullm_paged_decode_attn_f32_kernel",256,1024,0,32,0,128,"FETCH_SIZE",0.00000000e+00,15253492691762,15253493465053
166665,186390,"Agent 2",1,1122884,1122884,10240,90,"ullm_paged_decode_attn_f32_kernel",256,1024,0,32,0,128,"VALUInsts",0.00000000e+00,15253492691762,15253493465053
166665,186390,"Agent 2",1,1122884,1122884,10240,90,"ullm_paged_decode_attn_f32_kernel",256,1024,0,32,0,128,"Wavefronts",320.000000,15253492691762,15253493465053
166665,186424,"Agent 2",1,1122884,1122884,10240,90,"ullm_paged_decode_attn_f32_kernel",256,1024,0,32,0,128,"FETCH_SIZE",0.00000000e+00,15253497935475,15253498709206
166665,186424,"Agent 2",1,1122884,1122884,10240,90,"ullm_paged_decode_attn_f32_kernel",256,1024,0,32,0,128,"VALUInsts",0.00000000e+00,15253497935475,15253498709206
166665,186424,"Agent 2",1,1122884,1122884,10240,90,"ullm_paged_decode_attn_f32_kernel",256,1024,0,32,0,128,"Wavefronts",320.000000,15253497935475,15253498709206
166665,186458,"Agent 2",1,1122884,1122884,10240,90,"ullm_paged_decode_attn_f32_kernel",256,1024,0,32,0,128,"FETCH_SIZE",0.00000000e+00,15253503593168,15253504368258
166665,186458,"Agent 2",1,1122884,1122884,10240,90,"ullm_paged_decode_attn_f32_kernel",256,1024,0,32,0,128,"VALUInsts",0.00000000e+00,15253503593168,15253504368258
166665,186458,"Agent 2",1,1122884,1122884,10240,90,"ullm_paged_decode_attn_f32_kernel",256,1024,0,32,0,128,"Wavefronts",320.000000,15253503593168,15253504368258
166665,186492,"Agent 2",1,1122884,1122884,10240,90,"ullm_paged_decode_attn_f32_kernel",256,1024,0,32,0,128,"FETCH_SIZE",0.00000000e+00,15253510096018,15253510870909
166665,186492,"Agent 2",1,1122884,1122884,10240,90,"ullm_paged_decode_attn_f32_kernel",256,1024,0,32,0,128,"VALUInsts",0.00000000e+00,15253510096018,15253510870909
166665,186492,"Agent 2",1,1122884,1122884,10240,90,"ullm_paged_decode_attn_f32_kernel",256,1024,0,32,0,128,"Wavefronts",320.000000,15253510096018,15253510870909
166665,186526,"Agent 2",1,1122884,1122884,10240,90,"ullm_paged_decode_attn_f32_kernel",256,1024,0,32,0,128,"FETCH_SIZE",0.00000000e+00,15253517098156,15253517872007
166665,186526,"Agent 2",1,1122884,1122884,10240,90,"ullm_paged_decode_attn_f32_kernel",256,1024,0,32,0,128,"VALUInsts",0.00000000e+00,15253517098156,15253517872007
166665,186526,"Agent 2",1,1122884,1122884,10240,90,"ullm_paged_decode_attn_f32_kernel",256,1024,0,32,0,128,"Wavefronts",320.000000,15253517098156,15253517872007
166665,186560,"Agent 2",1,1122884,1122884,10240,90,"ullm_paged_decode_attn_f32_kernel",256,1024,0,32,0,128,"FETCH_SIZE",0.00000000e+00,15253523779569,15253524555980
166665,186560,"Agent 2",1,1122884,1122884,10240,90,"ullm_paged_decode_attn_f32_kernel",256,1024,0,32,0,128,"VALUInsts",0.00000000e+00,15253523779569,15253524555980
166665,186560,"Agent 2",1,1122884,1122884,10240,90,"ullm_paged_decode_attn_f32_kernel",256,1024,0,32,0,128,"Wavefronts",320.000000,15253523779569,15253524555980
166665,186594,"Agent 2",1,1122884,1122884,10240,90,"ullm_paged_decode_attn_f32_kernel",256,1024,0,32,0,128,"FETCH_SIZE",0.00000000e+00,15253530651065,15253531425156
166665,186594,"Agent 2",1,1122884,1122884,10240,90,"ullm_paged_decode_attn_f32_kernel",256,1024,0,32,0,128,"VALUInsts",0.00000000e+00,15253530651065,15253531425156
166665,186594,"Agent 2",1,1122884,1122884,10240,90,"ullm_paged_decode_attn_f32_kernel",256,1024,0,32,0,128,"Wavefronts",320.000000,15253530651065,15253531425156
166665,186628,"Agent 2",1,1122884,1122884,10240,90,"ullm_paged_decode_attn_f32_kernel",256,1024,0,32,0,128,"FETCH_SIZE",0.00000000e+00,15253537103235,15253537876206
166665,186628,"Agent 2",1,1122884,1122884,10240,90,"ullm_paged_decode_attn_f32_kernel",256,1024,0,32,0,128,"VALUInsts",0.00000000e+00,15253537103235,15253537876206
166665,186628,"Agent 2",1,1122884,1122884,10240,90,"ullm_paged_decode_attn_f32_kernel",256,1024,0,32,0,128,"Wavefronts",320.000000,15253537103235,15253537876206
166665,186662,"Agent 2",1,1122884,1122884,10240,90,"ullm_paged_decode_attn_f32_kernel",256,1024,0,32,0,128,"FETCH_SIZE",0.00000000e+00,15253543371562,15253544145973
166665,186662,"Agent 2",1,1122884,1122884,10240,90,"ullm_paged_decode_attn_f32_kernel",256,1024,0,32,0,128,"VALUInsts",0.00000000e+00,15253543371562,15253544145973
166665,186662,"Agent 2",1,1122884,1122884,10240,90,"ullm_paged_decode_attn_f32_kernel",256,1024,0,32,0,128,"Wavefronts",320.000000,15253543371562,15253544145973
166665,186696,"Agent 2",1,1122884,1122884,10240,90,"ullm_paged_decode_attn_f32_kernel",256,1024,0,32,0,128,"FETCH_SIZE",0.00000000e+00,15253549246844,15253550020975
166665,186696,"Agent 2",1,1122884,1122884,10240,90,"ullm_paged_decode_attn_f32_kernel",256,1024,0,32,0,128,"VALUInsts",0.00000000e+00,15253549246844,15253550020975
166665,186696,"Agent 2",1,1122884,1122884,10240,90,"ullm_paged_decode_attn_f32_kernel",256,1024,0,32,0,128,"Wavefronts",320.000000,15253549246844,15253550020975
166665,186730,"Agent 2",1,1122884,1122884,10240,90,"ullm_paged_decode_attn_f32_kernel",256,1024,0,32,0,128,"FETCH_SIZE",0.00000000e+00,15253554804402,15253555578613
166665,186730,"Agent 2",1,1122884,1122884,10240,90,"ullm_paged_decode_attn_f32_kernel",256,1024,0,32,0,128,"VALUInsts",0.00000000e+00,15253554804402,15253555578613
166665,186730,"Agent 2",1,1122884,1122884,10240,90,"ullm_paged_decode_attn_f32_kernel",256,1024,0,32,0,128,"Wavefronts",320.000000,15253554804402,15253555578613
166665,186764,"Agent 2",1,1122884,1122884,10240,90,"ullm_paged_decode_attn_f32_kernel",256,1024,0,32,0,128,"FETCH_SIZE",0.00000000e+00,15253560689604,15253561462775
166665,186764,"Agent 2",1,1122884,1122884,10240,90,"ullm_paged_decode_attn_f32_kernel",256,1024,0,32,0,128,"VALUInsts",0.00000000e+00,15253560689604,15253561462775
166665,186764,"Agent 2",1,1122884,1122884,10240,90,"ullm_paged_decode_attn_f32_kernel",256,1024,0,32,0,128,"Wavefronts",320.000000,15253560689604,15253561462775
166665,186798,"Agent 2",1,1122884,1122884,10240,90,"ullm_paged_decode_attn_f32_kernel",256,1024,0,32,0,128,"FETCH_SIZE",0.00000000e+00,15253565473013,15253566245224
166665,186798,"Agent 2",1,1122884,1122884,10240,90,"ullm_paged_decode_attn_f32_kernel",256,1024,0,32,0,128,"VALUInsts",0.00000000e+00,15253565473013,15253566245224
166665,186798,"Agent 2",1,1122884,1122884,10240,90,"ullm_paged_decode_attn_f32_kernel",256,1024,0,32,0,128,"Wavefronts",320.000000,15253565473013,15253566245224
166665,186832,"Agent 2",1,1122884,1122884,10240,90,"ullm_paged_decode_attn_f32_kernel",256,1024,0,32,0,128,"FETCH_SIZE",0.00000000e+00,15253571078011,15253571854502
166665,186832,"Agent 2",1,1122884,1122884,10240,90,"ullm_paged_decode_attn_f32_kernel",256,1024,0,32,0,128,"VALUInsts",0.00000000e+00,15253571078011,15253571854502
166665,186832,"Agent 2",1,1122884,1122884,10240,90,"ullm_paged_decode_attn_f32_kernel",256,1024,0,32,0,128,"Wavefronts",320.000000,15253571078011,15253571854502
166665,186866,"Agent 2",1,1122884,1122884,10240,90,"ullm_paged_decode_attn_f32_kernel",256,1024,0,32,0,128,"FETCH_SIZE",0.00000000e+00,15253577112375,15253577884426
166665,186866,"Agent 2",1,1122884,1122884,10240,90,"ullm_paged_decode_attn_f32_kernel",256,1024,0,32,0,128,"VALUInsts",0.00000000e+00,15253577112375,15253577884426
166665,186866,"Agent 2",1,1122884,1122884,10240,90,"ullm_paged_decode_attn_f32_kernel",256,1024,0,32,0,128,"Wavefronts",320.000000,15253577112375,15253577884426
166665,186900,"Agent 2",1,1122884,1122884,10240,90,"ullm_paged_decode_attn_f32_kernel",256,1024,0,32,0,128,"FETCH_SIZE",0.00000000e+00,15253583083699,15253583856069
166665,186900,"Agent 2",1,1122884,1122884,10240,90,"ullm_paged_decode_attn_f32_kernel",256,1024,0,32,0,128,"VALUInsts",0.00000000e+00,15253583083699,15253583856069
166665,186900,"Agent 2",1,1122884,1122884,10240,90,"ullm_paged_decode_attn_f32_kernel",256,1024,0,32,0,128,"Wavefronts",320.000000,15253583083699,15253583856069
166665,186934,"Agent 2",1,1122884,1122884,10240,90,"ullm_paged_decode_attn_f32_kernel",256,1024,0,32,0,128,"FETCH_SIZE",0.00000000e+00,15253588541615,15253589313986
166665,186934,"Agent 2",1,1122884,1122884,10240,90,"ullm_paged_decode_attn_f32_kernel",256,1024,0,32,0,128,"VALUInsts",0.00000000e+00,15253588541615,15253589313986
166665,186934,"Agent 2",1,1122884,1122884,10240,90,"ullm_paged_decode_attn_f32_kernel",256,1024,0,32,0,128,"Wavefronts",320.000000,15253588541615,15253589313986
166665,186968,"Agent 2",1,1122884,1122884,10240,90,"ullm_paged_decode_attn_f32_kernel",256,1024,0,32,0,128,"FETCH_SIZE",0.00000000e+00,15253593432603,15253594204894
166665,186968,"Agent 2",1,1122884,1122884,10240,90,"ullm_paged_decode_attn_f32_kernel",256,1024,0,32,0,128,"VALUInsts",0.00000000e+00,15253593432603,15253594204894
166665,186968,"Agent 2",1,1122884,1122884,10240,90,"ullm_paged_decode_attn_f32_kernel",256,1024,0,32,0,128,"Wavefronts",320.000000,15253593432603,15253594204894
166665,187002,"Agent 2",1,1122884,1122884,10240,90,"ullm_paged_decode_attn_f32_kernel",256,1024,0,32,0,128,"FETCH_SIZE",0.00000000e+00,15253597646902,15253598419073
166665,187002,"Agent 2",1,1122884,1122884,10240,90,"ullm_paged_decode_attn_f32_kernel",256,1024,0,32,0,128,"VALUInsts",0.00000000e+00,15253597646902,15253598419073
166665,187002,"Agent 2",1,1122884,1122884,10240,90,"ullm_paged_decode_attn_f32_kernel",256,1024,0,32,0,128,"Wavefronts",320.000000,15253597646902,15253598419073
166665,187036,"Agent 2",1,1122884,1122884,10240,90,"ullm_paged_decode_attn_f32_kernel",256,1024,0,32,0,128,"FETCH_SIZE",0.00000000e+00,15253601291233,15253602067523
166665,187036,"Agent 2",1,1122884,1122884,10240,90,"ullm_paged_decode_attn_f32_kernel",256,1024,0,32,0,128,"VALUInsts",0.00000000e+00,15253601291233,15253602067523
166665,187036,"Agent 2",1,1122884,1122884,10240,90,"ullm_paged_decode_attn_f32_kernel",256,1024,0,32,0,128,"Wavefronts",320.000000,15253601291233,15253602067523
166665,187070,"Agent 2",1,1122884,1122884,10240,90,"ullm_paged_decode_attn_f32_kernel",256,1024,0,32,0,128,"FETCH_SIZE",0.00000000e+00,15253604415956,15253605190047
166665,187070,"Agent 2",1,1122884,1122884,10240,90,"ullm_paged_decode_attn_f32_kernel",256,1024,0,32,0,128,"VALUInsts",0.00000000e+00,15253604415956,15253605190047
166665,187070,"Agent 2",1,1122884,1122884,10240,90,"ullm_paged_decode_attn_f32_kernel",256,1024,0,32,0,128,"Wavefronts",320.000000,15253604415956,15253605190047
166665,187104,"Agent 2",1,1122884,1122884,10240,90,"ullm_paged_decode_attn_f32_kernel",256,1024,0,32,0,128,"FETCH_SIZE",0.00000000e+00,15253606929391,15253607703002
166665,187104,"Agent 2",1,1122884,1122884,10240,90,"ullm_paged_decode_attn_f32_kernel",256,1024,0,32,0,128,"VALUInsts",0.00000000e+00,15253606929391,15253607703002
166665,187104,"Agent 2",1,1122884,1122884,10240,90,"ullm_paged_decode_attn_f32_kernel",256,1024,0,32,0,128,"Wavefronts",320.000000,15253606929391,15253607703002
166665,187142,"Agent 2",1,1122884,1122884,10240,90,"ullm_paged_decode_attn_f32_kernel",256,1024,0,32,0,128,"FETCH_SIZE",0.00000000e+00,15253614608728,15253615383299
166665,187142,"Agent 2",1,1122884,1122884,10240,90,"ullm_paged_decode_attn_f32_kernel",256,1024,0,32,0,128,"VALUInsts",0.00000000e+00,15253614608728,15253615383299
166665,187142,"Agent 2",1,1122884,1122884,10240,90,"ullm_paged_decode_attn_f32_kernel",256,1024,0,32,0,128,"Wavefronts",320.000000,15253614608728,15253615383299
166665,187176,"Agent 2",1,1122884,1122884,10240,90,"ullm_paged_decode_attn_f32_kernel",256,1024,0,32,0,128,"FETCH_SIZE",0.00000000e+00,15253616988481,15253617763172
166665,187176,"Agent 2",1,1122884,1122884,10240,90,"ullm_paged_decode_attn_f32_kernel",256,1024,0,32,0,128,"VALUInsts",0.00000000e+00,15253616988481,15253617763172
166665,187176,"Agent 2",1,1122884,1122884,10240,90,"ullm_paged_decode_attn_f32_kernel",256,1024,0,32,0,128,"Wavefronts",320.000000,15253616988481,15253617763172
166665,187210,"Agent 2",1,1122884,1122884,10240,90,"ullm_paged_decode_attn_f32_kernel",256,1024,0,32,0,128,"FETCH_SIZE",0.00000000e+00,15253619467956,15253620240767
166665,187210,"Agent 2",1,1122884,1122884,10240,90,"ullm_paged_decode_attn_f32_kernel",256,1024,0,32,0,128,"VALUInsts",0.00000000e+00,15253619467956,15253620240767
166665,187210,"Agent 2",1,1122884,1122884,10240,90,"ullm_paged_decode_attn_f32_kernel",256,1024,0,32,0,128,"Wavefronts",320.000000,15253619467956,15253620240767
166665,187244,"Agent 2",1,1122884,1122884,10240,90,"ullm_paged_decode_attn_f32_kernel",256,1024,0,32,0,128,"FETCH_SIZE",0.00000000e+00,15253621939631,15253622712041
166665,187244,"Agent 2",1,1122884,1122884,10240,90,"ullm_paged_decode_attn_f32_kernel",256,1024,0,32,0,128,"VALUInsts",0.00000000e+00,15253621939631,15253622712041
166665,187244,"Agent 2",1,1122884,1122884,10240,90,"ullm_paged_decode_attn_f32_kernel",256,1024,0,32,0,128,"Wavefronts",320.000000,15253621939631,15253622712041
166665,187278,"Agent 2",1,1122884,1122884,10240,90,"ullm_paged_decode_attn_f32_kernel",256,1024,0,32,0,128,"FETCH_SIZE",0.00000000e+00,15253624477218,15253625250469
166665,187278,"Agent 2",1,1122884,1122884,10240,90,"ullm_paged_decode_attn_f32_kernel",256,1024,0,32,0,128,"VALUInsts",0.00000000e+00,15253624477218,15253625250469
166665,187278,"Agent 2",1,1122884,1122884,10240,90,"ullm_paged_decode_attn_f32_kernel",256,1024,0,32,0,128,"Wavefronts",320.000000,15253624477218,15253625250469
166665,187312,"Agent 2",1,1122884,1122884,10240,90,"ullm_paged_decode_attn_f32_kernel",256,1024,0,32,0,128,"FETCH_SIZE",0.00000000e+00,15253626953612,15253627728343
166665,187312,"Agent 2",1,1122884,1122884,10240,90,"ullm_paged_decode_attn_f32_kernel",256,1024,0,32,0,128,"VALUInsts",0.00000000e+00,15253626953612,15253627728343
166665,187312,"Agent 2",1,1122884,1122884,10240,90,"ullm_paged_decode_attn_f32_kernel",256,1024,0,32,0,128,"Wavefronts",320.000000,15253626953612,15253627728343
166665,187346,"Agent 2",1,1122884,1122884,10240,90,"ullm_paged_decode_attn_f32_kernel",256,1024,0,32,0,128,"FETCH_SIZE",0.00000000e+00,15253629460727,15253630235138
166665,187346,"Agent 2",1,1122884,1122884,10240,90,"ullm_paged_decode_attn_f32_kernel",256,1024,0,32,0,128,"VALUInsts",0.00000000e+00,15253629460727,15253630235138
166665,187346,"Agent 2",1,1122884,1122884,10240,90,"ullm_paged_decode_attn_f32_kernel",256,1024,0,32,0,128,"Wavefronts",320.000000,15253629460727,15253630235138
166665,187380,"Agent 2",1,1122884,1122884,10240,90,"ullm_paged_decode_attn_f32_kernel",256,1024,0,32,0,128,"FETCH_SIZE",0.00000000e+00,15253632233446,15253633010497
166665,187380,"Agent 2",1,1122884,1122884,10240,90,"ullm_paged_decode_attn_f32_kernel",256,1024,0,32,0,128,"VALUInsts",0.00000000e+00,15253632233446,15253633010497
166665,187380,"Agent 2",1,1122884,1122884,10240,90,"ullm_paged_decode_attn_f32_kernel",256,1024,0,32,0,128,"Wavefronts",320.000000,15253632233446,15253633010497
166665,187414,"Agent 2",1,1122884,1122884,10240,90,"ullm_paged_decode_attn_f32_kernel",256,1024,0,32,0,128,"FETCH_SIZE",0.00000000e+00,15253634880123,15253635655134
166665,187414,"Agent 2",1,1122884,1122884,10240,90,"ullm_paged_decode_attn_f32_kernel",256,1024,0,32,0,128,"VALUInsts",0.00000000e+00,15253634880123,15253635655134
166665,187414,"Agent 2",1,1122884,1122884,10240,90,"ullm_paged_decode_attn_f32_kernel",256,1024,0,32,0,128,"Wavefronts",320.000000,15253634880123,15253635655134
166665,187448,"Agent 2",1,1122884,1122884,10240,90,"ullm_paged_decode_attn_f32_kernel",256,1024,0,32,0,128,"FETCH_SIZE",0.00000000e+00,15253637679082,15253638454293
166665,187448,"Agent 2",1,1122884,1122884,10240,90,"ullm_paged_decode_attn_f32_kernel",256,1024,0,32,0,128,"VALUInsts",0.00000000e+00,15253637679082,15253638454293
166665,187448,"Agent 2",1,1122884,1122884,10240,90,"ullm_paged_decode_attn_f32_kernel",256,1024,0,32,0,128,"Wavefronts",320.000000,15253637679082,15253638454293
166665,187482,"Agent 2",1,1122884,1122884,10240,90,"ullm_paged_decode_attn_f32_kernel",256,1024,0,32,0,128,"FETCH_SIZE",0.00000000e+00,15253640579402,15253641352813
166665,187482,"Agent 2",1,1122884,1122884,10240,90,"ullm_paged_decode_attn_f32_kernel",256,1024,0,32,0,128,"VALUInsts",0.00000000e+00,15253640579402,15253641352813
166665,187482,"Agent 2",1,1122884,1122884,10240,90,"ullm_paged_decode_attn_f32_kernel",256,1024,0,32,0,128,"Wavefronts",320.000000,15253640579402,15253641352813
166665,187516,"Agent 2",1,1122884,1122884,10240,90,"ullm_paged_decode_attn_f32_kernel",256,1024,0,32,0,128,"FETCH_SIZE",0.00000000e+00,15253643741567,15253644516297
166665,187516,"Agent 2",1,1122884,1122884,10240,90,"ullm_paged_decode_attn_f32_kernel",256,1024,0,32,0,128,"VALUInsts",0.00000000e+00,15253643741567,15253644516297
166665,187516,"Agent 2",1,1122884,1122884,10240,90,"ullm_paged_decode_attn_f32_kernel",256,1024,0,32,0,128,"Wavefronts",320.000000,15253643741567,15253644516297
166665,187550,"Agent 2",1,1122884,1122884,10240,90,"ullm_paged_decode_attn_f32_kernel",256,1024,0,32,0,128,"FETCH_SIZE",0.00000000e+00,15253647188815,15253647963305
166665,187550,"Agent 2",1,1122884,1122884,10240,90,"ullm_paged_decode_attn_f32_kernel",256,1024,0,32,0,128,"VALUInsts",0.00000000e+00,15253647188815,15253647963305
166665,187550,"Agent 2",1,1122884,1122884,10240,90,"ullm_paged_decode_attn_f32_kernel",256,1024,0,32,0,128,"Wavefronts",320.000000,15253647188815,15253647963305
166665,187584,"Agent 2",1,1122884,1122884,10240,90,"ullm_paged_decode_attn_f32_kernel",256,1024,0,32,0,128,"FETCH_SIZE",0.00000000e+00,15253650922267,15253651696437
166665,187584,"Agent 2",1,1122884,1122884,10240,90,"ullm_paged_decode_attn_f32_kernel",256,1024,0,32,0,128,"VALUInsts",0.00000000e+00,15253650922267,15253651696437
166665,187584,"Agent 2",1,1122884,1122884,10240,90,"ullm_paged_decode_attn_f32_kernel",256,1024,0,32,0,128,"Wavefronts",320.000000,15253650922267,15253651696437
166665,187618,"Agent 2",1,1122884,1122884,10240,90,"ullm_paged_decode_attn_f32_kernel",256,1024,0,32,0,128,"FETCH_SIZE",0.00000000e+00,15253655213566,15253655986337
166665,187618,"Agent 2",1,1122884,1122884,10240,90,"ullm_paged_decode_attn_f32_kernel",256,1024,0,32,0,128,"VALUInsts",0.00000000e+00,15253655213566,15253655986337
166665,187618,"Agent 2",1,1122884,1122884,10240,90,"ullm_paged_decode_attn_f32_kernel",256,1024,0,32,0,128,"Wavefronts",320.000000,15253655213566,15253655986337
166665,187652,"Agent 2",1,1122884,1122884,10240,90,"ullm_paged_decode_attn_f32_kernel",256,1024,0,32,0,128,"FETCH_SIZE",0.00000000e+00,15253660183716,15253660959807
166665,187652,"Agent 2",1,1122884,1122884,10240,90,"ullm_paged_decode_attn_f32_kernel",256,1024,0,32,0,128,"VALUInsts",0.00000000e+00,15253660183716,15253660959807
166665,187652,"Agent 2",1,1122884,1122884,10240,90,"ullm_paged_decode_attn_f32_kernel",256,1024,0,32,0,128,"Wavefronts",320.000000,15253660183716,15253660959807
166665,187686,"Agent 2",1,1122884,1122884,10240,90,"ullm_paged_decode_attn_f32_kernel",256,1024,0,32,0,128,"FETCH_SIZE",0.00000000e+00,15253665804194,15253666576965
166665,187686,"Agent 2",1,1122884,1122884,10240,90,"ullm_paged_decode_attn_f32_kernel",256,1024,0,32,0,128,"VALUInsts",0.00000000e+00,15253665804194,15253666576965
166665,187686,"Agent 2",1,1122884,1122884,10240,90,"ullm_paged_decode_attn_f32_kernel",256,1024,0,32,0,128,"Wavefronts",320.000000,15253665804194,15253666576965
166665,187720,"Agent 2",1,1122884,1122884,10240,90,"ullm_paged_decode_attn_f32_kernel",256,1024,0,32,0,128,"FETCH_SIZE",0.00000000e+00,15253670950146,15253671725597
166665,187720,"Agent 2",1,1122884,1122884,10240,90,"ullm_paged_decode_attn_f32_kernel",256,1024,0,32,0,128,"VALUInsts",0.00000000e+00,15253670950146,15253671725597
166665,187720,"Agent 2",1,1122884,1122884,10240,90,"ullm_paged_decode_attn_f32_kernel",256,1024,0,32,0,128,"Wavefronts",320.000000,15253670950146,15253671725597
166665,187754,"Agent 2",1,1122884,1122884,10240,90,"ullm_paged_decode_attn_f32_kernel",256,1024,0,32,0,128,"FETCH_SIZE",0.00000000e+00,15253675912815,15253676685306
166665,187754,"Agent 2",1,1122884,1122884,10240,90,"ullm_paged_decode_attn_f32_kernel",256,1024,0,32,0,128,"VALUInsts",0.00000000e+00,15253675912815,15253676685306
166665,187754,"Agent 2",1,1122884,1122884,10240,90,"ullm_paged_decode_attn_f32_kernel",256,1024,0,32,0,128,"Wavefronts",320.000000,15253675912815,15253676685306
166665,187788,"Agent 2",1,1122884,1122884,10240,90,"ullm_paged_decode_attn_f32_kernel",256,1024,0,32,0,128,"FETCH_SIZE",0.00000000e+00,15253680806563,15253681580694
166665,187788,"Agent 2",1,1122884,1122884,10240,90,"ullm_paged_decode_attn_f32_kernel",256,1024,0,32,0,128,"VALUInsts",0.00000000e+00,15253680806563,15253681580694
166665,187788,"Agent 2",1,1122884,1122884,10240,90,"ullm_paged_decode_attn_f32_kernel",256,1024,0,32,0,128,"Wavefronts",320.000000,15253680806563,15253681580694
166665,187822,"Agent 2",1,1122884,1122884,10240,90,"ullm_paged_decode_attn_f32_kernel",256,1024,0,32,0,128,"FETCH_SIZE",0.00000000e+00,15253685793553,15253686567724
166665,187822,"Agent 2",1,1122884,1122884,10240,90,"ullm_paged_decode_attn_f32_kernel",256,1024,0,32,0,128,"VALUInsts",0.00000000e+00,15253685793553,15253686567724
166665,187822,"Agent 2",1,1122884,1122884,10240,90,"ullm_paged_decode_attn_f32_kernel",256,1024,0,32,0,128,"Wavefronts",320.000000,15253685793553,15253686567724
166665,187856,"Agent 2",1,1122884,1122884,10240,90,"ullm_paged_decode_attn_f32_kernel",256,1024,0,32,0,128,"FETCH_SIZE",0.00000000e+00,15253691483726,15253692259136
166665,187856,"Agent 2",1,1122884,1122884,10240,90,"ullm_paged_decode_attn_f32_kernel",256,1024,0,32,0,128,"VALUInsts",0.00000000e+00,15253691483726,15253692259136
166665,187856,"Agent 2",1,1122884,1122884,10240,90,"ullm_paged_decode_attn_f32_kernel",256,1024,0,32,0,128,"Wavefronts",320.000000,15253691483726,15253692259136
166665,187890,"Agent 2",1,1122884,1122884,10240,90,"ullm_paged_decode_attn_f32_kernel",256,1024,0,32,0,128,"FETCH_SIZE",0.00000000e+00,15253697559410,15253698332541
166665,187890,"Agent 2",1,1122884,1122884,10240,90,"ullm_paged_decode_attn_f32_kernel",256,1024,0,32,0,128,"VALUInsts",0.00000000e+00,15253697559410,15253698332541
166665,187890,"Agent 2",1,1122884,1122884,10240,90,"ullm_paged_decode_attn_f32_kernel",256,1024,0,32,0,128,"Wavefronts",320.000000,15253697559410,15253698332541
166665,187924,"Agent 2",1,1122884,1122884,10240,90,"ullm_paged_decode_attn_f32_kernel",256,1024,0,32,0,128,"FETCH_SIZE",0.00000000e+00,15253703873618,15253704649629
166665,187924,"Agent 2",1,1122884,1122884,10240,90,"ullm_paged_decode_attn_f32_kernel",256,1024,0,32,0,128,"VALUInsts",0.00000000e+00,15253703873618,15253704649629
166665,187924,"Agent 2",1,1122884,1122884,10240,90,"ullm_paged_decode_attn_f32_kernel",256,1024,0,32,0,128,"Wavefronts",320.000000,15253703873618,15253704649629
166665,187958,"Agent 2",1,1122884,1122884,10240,90,"ullm_paged_decode_attn_f32_kernel",256,1024,0,32,0,128,"FETCH_SIZE",0.00000000e+00,15253710878676,15253711656007
166665,187958,"Agent 2",1,1122884,1122884,10240,90,"ullm_paged_decode_attn_f32_kernel",256,1024,0,32,0,128,"VALUInsts",0.00000000e+00,15253710878676,15253711656007
166665,187958,"Agent 2",1,1122884,1122884,10240,90,"ullm_paged_decode_attn_f32_kernel",256,1024,0,32,0,128,"Wavefronts",320.000000,15253710878676,15253711656007
166665,187992,"Agent 2",1,1122884,1122884,10240,90,"ullm_paged_decode_attn_f32_kernel",256,1024,0,32,0,128,"FETCH_SIZE",0.00000000e+00,15253717329846,15253718103257
166665,187992,"Agent 2",1,1122884,1122884,10240,90,"ullm_paged_decode_attn_f32_kernel",256,1024,0,32,0,128,"VALUInsts",0.00000000e+00,15253717329846,15253718103257
166665,187992,"Agent 2",1,1122884,1122884,10240,90,"ullm_paged_decode_attn_f32_kernel",256,1024,0,32,0,128,"Wavefronts",320.000000,15253717329846,15253718103257
166665,188026,"Agent 2",1,1122884,1122884,10240,90,"ullm_paged_decode_attn_f32_kernel",256,1024,0,32,0,128,"FETCH_SIZE",0.00000000e+00,15253723518012,15253724292463
166665,188026,"Agent 2",1,1122884,1122884,10240,90,"ullm_paged_decode_attn_f32_kernel",256,1024,0,32,0,128,"VALUInsts",0.00000000e+00,15253723518012,15253724292463
166665,188026,"Agent 2",1,1122884,1122884,10240,90,"ullm_paged_decode_attn_f32_kernel",256,1024,0,32,0,128,"Wavefronts",320.000000,15253723518012,15253724292463
166665,188060,"Agent 2",1,1122884,1122884,10240,90,"ullm_paged_decode_attn_f32_kernel",256,1024,0,32,0,128,"FETCH_SIZE",0.00000000e+00,15253729269733,15253730042703
166665,188060,"Agent 2",1,1122884,1122884,10240,90,"ullm_paged_decode_attn_f32_kernel",256,1024,0,32,0,128,"VALUInsts",0.00000000e+00,15253729269733,15253730042703
166665,188060,"Agent 2",1,1122884,1122884,10240,90,"ullm_paged_decode_attn_f32_kernel",256,1024,0,32,0,128,"Wavefronts",320.000000,15253729269733,15253730042703
166665,188094,"Agent 2",1,1122884,1122884,10240,90,"ullm_paged_decode_attn_f32_kernel",256,1024,0,32,0,128,"FETCH_SIZE",0.00000000e+00,15253734700248,15253735473499
166665,188094,"Agent 2",1,1122884,1122884,10240,90,"ullm_paged_decode_attn_f32_kernel",256,1024,0,32,0,128,"VALUInsts",0.00000000e+00,15253734700248,15253735473499
166665,188094,"Agent 2",1,1122884,1122884,10240,90,"ullm_paged_decode_attn_f32_kernel",256,1024,0,32,0,128,"Wavefronts",320.000000,15253734700248,15253735473499
166665,188128,"Agent 2",1,1122884,1122884,10240,90,"ullm_paged_decode_attn_f32_kernel",256,1024,0,32,0,128,"FETCH_SIZE",0.00000000e+00,15253740572090,15253741347821
166665,188128,"Agent 2",1,1122884,1122884,10240,90,"ullm_paged_decode_attn_f32_kernel",256,1024,0,32,0,128,"VALUInsts",0.00000000e+00,15253740572090,15253741347821
166665,188128,"Agent 2",1,1122884,1122884,10240,90,"ullm_paged_decode_attn_f32_kernel",256,1024,0,32,0,128,"Wavefronts",320.000000,15253740572090,15253741347821
166665,188162,"Agent 2",1,1122884,1122884,10240,90,"ullm_paged_decode_attn_f32_kernel",256,1024,0,32,0,128,"FETCH_SIZE",0.00000000e+00,15253745561480,15253746337251
166665,188162,"Agent 2",1,1122884,1122884,10240,90,"ullm_paged_decode_attn_f32_kernel",256,1024,0,32,0,128,"VALUInsts",0.00000000e+00,15253745561480,15253746337251
166665,188162,"Agent 2",1,1122884,1122884,10240,90,"ullm_paged_decode_attn_f32_kernel",256,1024,0,32,0,128,"Wavefronts",320.000000,15253745561480,15253746337251
166665,188196,"Agent 2",1,1122884,1122884,10240,90,"ullm_paged_decode_attn_f32_kernel",256,1024,0,32,0,128,"FETCH_SIZE",0.00000000e+00,15253750809245,15253751583656
166665,188196,"Agent 2",1,1122884,1122884,10240,90,"ullm_paged_decode_attn_f32_kernel",256,1024,0,32,0,128,"VALUInsts",0.00000000e+00,15253750809245,15253751583656
166665,188196,"Agent 2",1,1122884,1122884,10240,90,"ullm_paged_decode_attn_f32_kernel",256,1024,0,32,0,128,"Wavefronts",320.000000,15253750809245,15253751583656
166665,188230,"Agent 2",1,1122884,1122884,10240,90,"ullm_paged_decode_attn_f32_kernel",256,1024,0,32,0,128,"FETCH_SIZE",0.00000000e+00,15253756525125,15253757297656
166665,188230,"Agent 2",1,1122884,1122884,10240,90,"ullm_paged_decode_attn_f32_kernel",256,1024,0,32,0,128,"VALUInsts",0.00000000e+00,15253756525125,15253757297656
166665,188230,"Agent 2",1,1122884,1122884,10240,90,"ullm_paged_decode_attn_f32_kernel",256,1024,0,32,0,128,"Wavefronts",320.000000,15253756525125,15253757297656
166665,188264,"Agent 2",1,1122884,1122884,10240,90,"ullm_paged_decode_attn_f32_kernel",256,1024,0,32,0,128,"FETCH_SIZE",0.00000000e+00,15253762484648,15253763259619
166665,188264,"Agent 2",1,1122884,1122884,10240,90,"ullm_paged_decode_attn_f32_kernel",256,1024,0,32,0,128,"VALUInsts",0.00000000e+00,15253762484648,15253763259619
166665,188264,"Agent 2",1,1122884,1122884,10240,90,"ullm_paged_decode_attn_f32_kernel",256,1024,0,32,0,128,"Wavefronts",320.000000,15253762484648,15253763259619
166665,188298,"Agent 2",1,1122884,1122884,10240,90,"ullm_paged_decode_attn_f32_kernel",256,1024,0,32,0,128,"FETCH_SIZE",0.00000000e+00,15253767784082,15253768556093
166665,188298,"Agent 2",1,1122884,1122884,10240,90,"ullm_paged_decode_attn_f32_kernel",256,1024,0,32,0,128,"VALUInsts",0.00000000e+00,15253767784082,15253768556093
166665,188298,"Agent 2",1,1122884,1122884,10240,90,"ullm_paged_decode_attn_f32_kernel",256,1024,0,32,0,128,"Wavefronts",320.000000,15253767784082,15253768556093
166665,188332,"Agent 2",1,1122884,1122884,10240,90,"ullm_paged_decode_attn_f32_kernel",256,1024,0,32,0,128,"FETCH_SIZE",0.00000000e+00,15253772641590,15253773416441
166665,188332,"Agent 2",1,1122884,1122884,10240,90,"ullm_paged_decode_attn_f32_kernel",256,1024,0,32,0,128,"VALUInsts",0.00000000e+00,15253772641590,15253773416441
166665,188332,"Agent 2",1,1122884,1122884,10240,90,"ullm_paged_decode_attn_f32_kernel",256,1024,0,32,0,128,"Wavefronts",320.000000,15253772641590,15253773416441
166665,188366,"Agent 2",1,1122884,1122884,10240,90,"ullm_paged_decode_attn_f32_kernel",256,1024,0,32,0,128,"FETCH_SIZE",0.00000000e+00,15253777053891,15253777828702
166665,188366,"Agent 2",1,1122884,1122884,10240,90,"ullm_paged_decode_attn_f32_kernel",256,1024,0,32,0,128,"VALUInsts",0.00000000e+00,15253777053891,15253777828702
166665,188366,"Agent 2",1,1122884,1122884,10240,90,"ullm_paged_decode_attn_f32_kernel",256,1024,0,32,0,128,"Wavefronts",320.000000,15253777053891,15253777828702
166665,188400,"Agent 2",1,1122884,1122884,10240,90,"ullm_paged_decode_attn_f32_kernel",256,1024,0,32,0,128,"FETCH_SIZE",0.00000000e+00,15253780673342,15253781447233
166665,188400,"Agent 2",1,1122884,1122884,10240,90,"ullm_paged_decode_attn_f32_kernel",256,1024,0,32,0,128,"VALUInsts",0.00000000e+00,15253780673342,15253781447233
166665,188400,"Agent 2",1,1122884,1122884,10240,90,"ullm_paged_decode_attn_f32_kernel",256,1024,0,32,0,128,"Wavefronts",320.000000,15253780673342,15253781447233
166665,188434,"Agent 2",1,1122884,1122884,10240,90,"ullm_paged_decode_attn_f32_kernel",256,1024,0,32,0,128,"FETCH_SIZE",0.00000000e+00,15253783636583,15253784409034
166665,188434,"Agent 2",1,1122884,1122884,10240,90,"ullm_paged_decode_attn_f32_kernel",256,1024,0,32,0,128,"VALUInsts",0.00000000e+00,15253783636583,15253784409034
166665,188434,"Agent 2",1,1122884,1122884,10240,90,"ullm_paged_decode_attn_f32_kernel",256,1024,0,32,0,128,"Wavefronts",320.000000,15253783636583,15253784409034
166665,188468,"Agent 2",1,1122884,1122884,10240,90,"ullm_paged_decode_attn_f32_kernel",256,1024,0,32,0,128,"FETCH_SIZE",0.00000000e+00,15253786165978,15253786940949
166665,188468,"Agent 2",1,1122884,1122884,10240,90,"ullm_paged_decode_attn_f32_kernel",256,1024,0,32,0,128,"VALUInsts",0.00000000e+00,15253786165978,15253786940949
166665,188468,"Agent 2",1,1122884,1122884,10240,90,"ullm_paged_decode_attn_f32_kernel",256,1024,0,32,0,128,"Wavefronts",320.000000,15253786165978,15253786940949
