"Kind","Direction","Stream_Id","Source_Agent_Id","Destination_Agent_Id","Correlation_Id","Start_Timestamp","End_Timestamp"
"MEMORY_COPY","MEMORY_COPY_HOST_TO_DEVICE",1,"Agent 0","Agent 2",14,144052328372461,144052328440502
"MEMORY_COPY","MEMORY_COPY_HOST_TO_DEVICE",1,"Agent 0","Agent 2",26,144052419117352,144052421147679
"MEMORY_COPY","MEMORY_COPY_HOST_TO_DEVICE",1,"Agent 0","Agent 2",26,144052422551704,144052423755188
"MEMORY_COPY","MEMORY_COPY_DEVICE_TO_HOST",1,"Agent 2","Agent 0",30,144052440320362,144052441737127
"MEMORY_COPY","MEMORY_COPY_DEVICE_TO_HOST",1,"Agent 2","Agent 0",30,144052455188208,144052456647774
"MEMORY_COPY","MEMORY_COPY_HOST_TO_DEVICE",1,"Agent 0","Agent 2",34,144052480929613,144052482473260
"MEMORY_COPY","MEMORY_COPY_HOST_TO_DEVICE",1,"Agent 0","Agent 2",34,144052482483380,144052483714705
"MEMORY_COPY","MEMORY_COPY_DEVICE_TO_HOST",1,"Agent 2","Agent 0",38,144052483803216,144052485018541
"MEMORY_COPY","MEMORY_COPY_DEVICE_TO_HOST",1,"Agent 2","Agent 0",38,144052485026701,144052486239587
"MEMORY_COPY","MEMORY_COPY_HOST_TO_DEVICE",1,"Agent 0","Agent 2",42,144052543250312,144052545037440
"MEMORY_COPY","MEMORY_COPY_HOST_TO_DEVICE",1,"Agent 0","Agent 2",42,144052545048720,144052546254845
"MEMORY_COPY","MEMORY_COPY_DEVICE_TO_HOST",1,"Agent 2","Agent 0",46,144052546299285,144052547514891
"MEMORY_COPY","MEMORY_COPY_DEVICE_TO_HOST",1,"Agent 2","Agent 0",46,144052547523131,144052548736057
"MEMORY_COPY","MEMORY_COPY_HOST_TO_DEVICE",1,"Agent 0","Agent 2",50,144052606750414,144052608355462
"MEMORY_COPY","MEMORY_COPY_HOST_TO_DEVICE",1,"Agent 0","Agent 2",50,144052608367742,144052609582748
"MEMORY_COPY","MEMORY_COPY_DEVICE_TO_HOST",1,"Agent 2","Agent 0",54,144052609627818,144052610842425
"MEMORY_COPY","MEMORY_COPY_DEVICE_TO_HOST",1,"Agent 2","Agent 0",54,144052610850625,144052612063351
"MEMORY_COPY","MEMORY_COPY_HOST_TO_DEVICE",1,"Agent 0","Agent 2",60,144052729468427,144052731169596
"MEMORY_COPY","MEMORY_COPY_HOST_TO_DEVICE",1,"Agent 0","Agent 2",60,144052731205516,144052732621523
"MEMORY_COPY","MEMORY_COPY_DEVICE_TO_HOST",1,"Agent 2","Agent 0",64,144052748284209,144052749710857
"MEMORY_COPY","MEMORY_COPY_DEVICE_TO_HOST",1,"Agent 2","Agent 0",64,144052761939093,144052763466182
"MEMORY_COPY","MEMORY_COPY_HOST_TO_DEVICE",1,"Agent 0","Agent 2",80,144052838597830,144052840254358
"MEMORY_COPY","MEMORY_COPY_HOST_TO_DEVICE",1,"Agent 0","Agent 2",80,144052840634279,144052841838886
"MEMORY_COPY","MEMORY_COPY_DEVICE_TO_HOST",1,"Agent 2","Agent 0",84,144052855584098,144052857092785
"MEMORY_COPY","MEMORY_COPY_DEVICE_TO_HOST",1,"Agent 2","Agent 0",84,144052870515195,144052872166564
"MEMORY_COPY","MEMORY_COPY_HOST_TO_DEVICE",1,"Agent 0","Agent 2",88,144052939613466,144052941288995
"MEMORY_COPY","MEMORY_COPY_HOST_TO_DEVICE",1,"Agent 0","Agent 2",88,144052941299235,144052942513161
"MEMORY_COPY","MEMORY_COPY_DEVICE_TO_HOST",1,"Agent 2","Agent 0",92,144052942559232,144052943773998
"MEMORY_COPY","MEMORY_COPY_DEVICE_TO_HOST",1,"Agent 2","Agent 0",92,144052943782318,144052944995125
"MEMORY_COPY","MEMORY_COPY_HOST_TO_DEVICE",1,"Agent 0","Agent 2",98,144052991684383,144052993316752
"MEMORY_COPY","MEMORY_COPY_DEVICE_TO_HOST",1,"Agent 2","Agent 0",102,144053007054970,144053008548818
"MEMORY_COPY","MEMORY_COPY_HOST_TO_DEVICE",1,"Agent 0","Agent 2",797,144053561639201,144053561647161
"MEMORY_COPY","MEMORY_COPY_HOST_TO_DEVICE",1,"Agent 0","Agent 2",842,144053625210593,144053625325953
"MEMORY_COPY","MEMORY_COPY_HOST_TO_DEVICE",1,"Agent 0","Agent 2",846,144053625408844,144053625442724
"MEMORY_COPY","MEMORY_COPY_HOST_TO_DEVICE",1,"Agent 0","Agent 2",887,144053683468528,144053683481528
"MEMORY_COPY","MEMORY_COPY_HOST_TO_DEVICE",1,"Agent 0","Agent 2",932,144053746515976,144053746639736
"MEMORY_COPY","MEMORY_COPY_HOST_TO_DEVICE",1,"Agent 0","Agent 2",936,144053746732026,144053746770306
"MEMORY_COPY","MEMORY_COPY_HOST_TO_DEVICE",1,"Agent 0","Agent 2",1038,144053884179021,144053885973032
"MEMORY_COPY","MEMORY_COPY_HOST_TO_DEVICE",1,"Agent 0","Agent 2",1050,144053893442683,144053893453243
"MEMORY_COPY","MEMORY_COPY_HOST_TO_DEVICE",1,"Agent 0","Agent 2",1062,144053896897802,144053896907522
"MEMORY_COPY","MEMORY_COPY_HOST_TO_DEVICE",1,"Agent 0","Agent 2",1074,144053927684598,144053928580963
"MEMORY_COPY","MEMORY_COPY_HOST_TO_DEVICE",1,"Agent 0","Agent 2",1086,144053960334869,144053961228474
"MEMORY_COPY","MEMORY_COPY_HOST_TO_DEVICE",1,"Agent 0","Agent 2",1098,144053967297539,144053967390299
"MEMORY_COPY","MEMORY_COPY_HOST_TO_DEVICE",1,"Agent 0","Agent 2",1110,144053973387504,144053973501665
"MEMORY_COPY","MEMORY_COPY_HOST_TO_DEVICE",1,"Agent 0","Agent 2",1122,144053979307718,144053979421999
"MEMORY_COPY","MEMORY_COPY_HOST_TO_DEVICE",1,"Agent 0","Agent 2",1148,144053979628750,144053979639590
"MEMORY_COPY","MEMORY_COPY_HOST_TO_DEVICE",1,"Agent 0","Agent 2",1186,144053979880092,144053979892052
"MEMORY_COPY","MEMORY_COPY_HOST_TO_DEVICE",1,"Agent 0","Agent 2",1188,144053980478025,144053980592226
"MEMORY_COPY","MEMORY_COPY_HOST_TO_DEVICE",1,"Agent 0","Agent 2",1295,144054005000677,144054005007238
"MEMORY_COPY","MEMORY_COPY_HOST_TO_DEVICE",1,"Agent 0","Agent 2",1299,144054005285099,144054005295699
"MEMORY_COPY","MEMORY_COPY_HOST_TO_DEVICE",1,"Agent 0","Agent 2",1336,144054032245567,144054032305487
"MEMORY_COPY","MEMORY_COPY_HOST_TO_DEVICE",1,"Agent 0","Agent 2",1348,144054136142366,144054137940136
"MEMORY_COPY","MEMORY_COPY_HOST_TO_DEVICE",1,"Agent 0","Agent 2",1348,144054137978856,144054139404824
"MEMORY_COPY","MEMORY_COPY_DEVICE_TO_HOST",1,"Agent 2","Agent 0",1352,144054153352755,144054154571803
"MEMORY_COPY","MEMORY_COPY_DEVICE_TO_HOST",1,"Agent 2","Agent 0",1352,144054166954975,144054168478264
"MEMORY_COPY","MEMORY_COPY_HOST_TO_DEVICE",1,"Agent 0","Agent 2",1356,144054273018637,144054274556605
"MEMORY_COPY","MEMORY_COPY_HOST_TO_DEVICE",1,"Agent 0","Agent 2",1356,144054274575205,144054275989013
"MEMORY_COPY","MEMORY_COPY_DEVICE_TO_HOST",1,"Agent 2","Agent 0",1360,144054276068503,144054277283390
"MEMORY_COPY","MEMORY_COPY_DEVICE_TO_HOST",1,"Agent 2","Agent 0",1360,144054277292790,144054278507517
"MEMORY_COPY","MEMORY_COPY_HOST_TO_DEVICE",1,"Agent 0","Agent 2",1364,144054387041786,144054388562754
"MEMORY_COPY","MEMORY_COPY_HOST_TO_DEVICE",1,"Agent 0","Agent 2",1364,144054388580354,144054389987721
"MEMORY_COPY","MEMORY_COPY_DEVICE_TO_HOST",1,"Agent 2","Agent 0",1368,144054390061132,144054391277659
"MEMORY_COPY","MEMORY_COPY_DEVICE_TO_HOST",1,"Agent 2","Agent 0",1368,144054391288059,144054392502706
"MEMORY_COPY","MEMORY_COPY_HOST_TO_DEVICE",1,"Agent 0","Agent 2",1372,144054488015542,144054489549510
"MEMORY_COPY","MEMORY_COPY_HOST_TO_DEVICE",1,"Agent 0","Agent 2",1372,144054489567550,144054490776036
"MEMORY_COPY","MEMORY_COPY_DEVICE_TO_HOST",1,"Agent 2","Agent 0",1376,144054490823857,144054492038584
"MEMORY_COPY","MEMORY_COPY_DEVICE_TO_HOST",1,"Agent 2","Agent 0",1376,144054492048864,144054493263070
"MEMORY_COPY","MEMORY_COPY_HOST_TO_DEVICE",1,"Agent 0","Agent 2",1382,144054665549298,144054667243067
"MEMORY_COPY","MEMORY_COPY_HOST_TO_DEVICE",1,"Agent 0","Agent 2",1382,144054667464088,144054668675415
"MEMORY_COPY","MEMORY_COPY_DEVICE_TO_HOST",1,"Agent 2","Agent 0",1386,144054683362968,144054684766056
"MEMORY_COPY","MEMORY_COPY_DEVICE_TO_HOST",1,"Agent 2","Agent 0",1386,144054696673674,144054698303403
"MEMORY_COPY","MEMORY_COPY_HOST_TO_DEVICE",1,"Agent 0","Agent 2",1392,144054851845846,144054853434135
"MEMORY_COPY","MEMORY_COPY_HOST_TO_DEVICE",1,"Agent 0","Agent 2",1392,144054853454615,144054854865023
"MEMORY_COPY","MEMORY_COPY_DEVICE_TO_HOST",1,"Agent 2","Agent 0",1396,144054869386195,144054870791603
"MEMORY_COPY","MEMORY_COPY_DEVICE_TO_HOST",1,"Agent 2","Agent 0",1396,144054882433859,144054883824387
"MEMORY_COPY","MEMORY_COPY_HOST_TO_DEVICE",1,"Agent 0","Agent 2",1400,144054988480877,144054990206967
"MEMORY_COPY","MEMORY_COPY_HOST_TO_DEVICE",1,"Agent 0","Agent 2",1400,144054990228727,144054991434854
"MEMORY_COPY","MEMORY_COPY_DEVICE_TO_HOST",1,"Agent 2","Agent 0",1404,144054991764476,144054992979323
"MEMORY_COPY","MEMORY_COPY_DEVICE_TO_HOST",1,"Agent 2","Agent 0",1404,144054992986022,144054994198709
"MEMORY_COPY","MEMORY_COPY_HOST_TO_DEVICE",1,"Agent 0","Agent 2",1410,144055082337384,144055084109834
"MEMORY_COPY","MEMORY_COPY_DEVICE_TO_HOST",1,"Agent 2","Agent 0",1414,144055097668910,144055099290680
"MEMORY_COPY","MEMORY_COPY_HOST_TO_DEVICE",1,"Agent 0","Agent 2",1432,144055413648674,144055415346003
"MEMORY_COPY","MEMORY_COPY_HOST_TO_DEVICE",1,"Agent 0","Agent 2",1444,144055422458863,144055422469183
"MEMORY_COPY","MEMORY_COPY_HOST_TO_DEVICE",1,"Agent 0","Agent 2",1456,144055425814213,144055425824853
"MEMORY_COPY","MEMORY_COPY_HOST_TO_DEVICE",1,"Agent 0","Agent 2",1468,144055448895105,144055449782670
"MEMORY_COPY","MEMORY_COPY_HOST_TO_DEVICE",1,"Agent 0","Agent 2",1480,144055472680822,144055473568907
"MEMORY_COPY","MEMORY_COPY_HOST_TO_DEVICE",1,"Agent 0","Agent 2",1492,144055479649182,144055479737542
"MEMORY_COPY","MEMORY_COPY_HOST_TO_DEVICE",1,"Agent 0","Agent 2",1504,144055485401094,144055485515494
"MEMORY_COPY","MEMORY_COPY_HOST_TO_DEVICE",1,"Agent 0","Agent 2",1516,144055491318858,144055491432978
"MEMORY_COPY","MEMORY_COPY_HOST_TO_DEVICE",1,"Agent 0","Agent 2",1542,144055491627719,144055491638719
"MEMORY_COPY","MEMORY_COPY_HOST_TO_DEVICE",1,"Agent 0","Agent 2",1580,144055491956811,144055491968611
"MEMORY_COPY","MEMORY_COPY_HOST_TO_DEVICE",1,"Agent 0","Agent 2",1582,144055492558175,144055492673055
"MEMORY_COPY","MEMORY_COPY_HOST_TO_DEVICE",1,"Agent 0","Agent 2",1594,144055496159855,144055496219136
"MEMORY_COPY","MEMORY_COPY_HOST_TO_DEVICE",1,"Agent 0","Agent 2",1606,144055598398890,144055600143740
"MEMORY_COPY","MEMORY_COPY_HOST_TO_DEVICE",1,"Agent 0","Agent 2",1606,144055600174300,144055601378666
"MEMORY_COPY","MEMORY_COPY_DEVICE_TO_HOST",1,"Agent 2","Agent 0",1610,144055615719678,144055617247767
"MEMORY_COPY","MEMORY_COPY_DEVICE_TO_HOST",1,"Agent 2","Agent 0",1610,144055628749683,144055630270652
"MEMORY_COPY","MEMORY_COPY_HOST_TO_DEVICE",1,"Agent 0","Agent 2",1614,144055700730278,144055702399887
"MEMORY_COPY","MEMORY_COPY_HOST_TO_DEVICE",1,"Agent 0","Agent 2",1614,144055702436629,144055703658836
"MEMORY_COPY","MEMORY_COPY_DEVICE_TO_HOST",1,"Agent 2","Agent 0",1618,144055703729134,144055704943101
"MEMORY_COPY","MEMORY_COPY_DEVICE_TO_HOST",1,"Agent 2","Agent 0",1618,144055704950501,144055706163268
"MEMORY_COPY","MEMORY_COPY_HOST_TO_DEVICE",1,"Agent 0","Agent 2",1622,144055774876877,144055776468006
"MEMORY_COPY","MEMORY_COPY_HOST_TO_DEVICE",1,"Agent 0","Agent 2",1622,144055776499606,144055777712693
"MEMORY_COPY","MEMORY_COPY_DEVICE_TO_HOST",1,"Agent 2","Agent 0",1626,144055777760333,144055778975340
"MEMORY_COPY","MEMORY_COPY_DEVICE_TO_HOST",1,"Agent 2","Agent 0",1626,144055778982620,144055780195547
"MEMORY_COPY","MEMORY_COPY_HOST_TO_DEVICE",1,"Agent 0","Agent 2",1630,144055878198062,144055879996592
"MEMORY_COPY","MEMORY_COPY_HOST_TO_DEVICE",1,"Agent 0","Agent 2",1630,144055880040232,144055881253759
"MEMORY_COPY","MEMORY_COPY_DEVICE_TO_HOST",1,"Agent 2","Agent 0",1634,144055881301279,144055882517566
"MEMORY_COPY","MEMORY_COPY_DEVICE_TO_HOST",1,"Agent 2","Agent 0",1634,144055882531926,144055883744613
"MEMORY_COPY","MEMORY_COPY_HOST_TO_DEVICE",1,"Agent 0","Agent 2",1640,144056047912134,144056049505423
"MEMORY_COPY","MEMORY_COPY_HOST_TO_DEVICE",1,"Agent 0","Agent 2",1640,144056049540663,144056050954991
"MEMORY_COPY","MEMORY_COPY_DEVICE_TO_HOST",1,"Agent 2","Agent 0",1644,144056064550329,144056065763256
"MEMORY_COPY","MEMORY_COPY_DEVICE_TO_HOST",1,"Agent 2","Agent 0",1644,144056082448411,144056084148381
"MEMORY_COPY","MEMORY_COPY_HOST_TO_DEVICE",1,"Agent 0","Agent 2",1650,144056244737229,144056246374958
"MEMORY_COPY","MEMORY_COPY_HOST_TO_DEVICE",1,"Agent 0","Agent 2",1650,144056246410078,144056247818606
"MEMORY_COPY","MEMORY_COPY_DEVICE_TO_HOST",1,"Agent 2","Agent 0",1654,144056262509160,144056263890848
"MEMORY_COPY","MEMORY_COPY_DEVICE_TO_HOST",1,"Agent 2","Agent 0",1654,144056276759481,144056278368691
"MEMORY_COPY","MEMORY_COPY_HOST_TO_DEVICE",1,"Agent 0","Agent 2",1658,144056346882773,144056348484342
"MEMORY_COPY","MEMORY_COPY_HOST_TO_DEVICE",1,"Agent 0","Agent 2",1658,144056348523304,144056349739191
"MEMORY_COPY","MEMORY_COPY_DEVICE_TO_HOST",1,"Agent 2","Agent 0",1662,144056349785409,144056350999936
"MEMORY_COPY","MEMORY_COPY_DEVICE_TO_HOST",1,"Agent 2","Agent 0",1662,144056351016936,144056352230303
"MEMORY_COPY","MEMORY_COPY_HOST_TO_DEVICE",1,"Agent 0","Agent 2",1668,144056443271671,144056445056921
"MEMORY_COPY","MEMORY_COPY_DEVICE_TO_HOST",1,"Agent 2","Agent 0",1672,144056458626808,144056460267178
"MEMORY_COPY","MEMORY_COPY_HOST_TO_DEVICE",1,"Agent 0","Agent 2",1690,144056772167098,144056774217669
"MEMORY_COPY","MEMORY_COPY_HOST_TO_DEVICE",1,"Agent 0","Agent 2",1702,144056780388514,144056780398874
"MEMORY_COPY","MEMORY_COPY_HOST_TO_DEVICE",1,"Agent 0","Agent 2",1714,144056783305871,144056783316391
"MEMORY_COPY","MEMORY_COPY_HOST_TO_DEVICE",1,"Agent 0","Agent 2",1726,144056804242171,144056805129696
"MEMORY_COPY","MEMORY_COPY_HOST_TO_DEVICE",1,"Agent 0","Agent 2",1738,144056825989495,144056826875940
"MEMORY_COPY","MEMORY_COPY_HOST_TO_DEVICE",1,"Agent 0","Agent 2",1750,144056831970290,144056832074090
"MEMORY_COPY","MEMORY_COPY_HOST_TO_DEVICE",1,"Agent 0","Agent 2",1762,144056837498802,144056837613282
"MEMORY_COPY","MEMORY_COPY_HOST_TO_DEVICE",1,"Agent 0","Agent 2",1774,144056842360009,144056842474290
"MEMORY_COPY","MEMORY_COPY_HOST_TO_DEVICE",1,"Agent 0","Agent 2",1800,144056842650931,144056842661971
"MEMORY_COPY","MEMORY_COPY_HOST_TO_DEVICE",1,"Agent 0","Agent 2",1838,144056842890432,144056842911232
"MEMORY_COPY","MEMORY_COPY_HOST_TO_DEVICE",1,"Agent 0","Agent 2",1840,144056843357295,144056843472375
"MEMORY_COPY","MEMORY_COPY_HOST_TO_DEVICE",1,"Agent 0","Agent 2",1852,144056846709074,144056846768194
"MEMORY_COPY","MEMORY_COPY_HOST_TO_DEVICE",1,"Agent 0","Agent 2",1864,144056964214328,144056966286939
"MEMORY_COPY","MEMORY_COPY_HOST_TO_DEVICE",1,"Agent 0","Agent 2",1864,144056966319299,144056967765227
"MEMORY_COPY","MEMORY_COPY_DEVICE_TO_HOST",1,"Agent 2","Agent 0",1868,144056981149824,144056982364511
"MEMORY_COPY","MEMORY_COPY_DEVICE_TO_HOST",1,"Agent 2","Agent 0",1868,144056994523530,144056995931658
"MEMORY_COPY","MEMORY_COPY_HOST_TO_DEVICE",1,"Agent 0","Agent 2",1872,144057087494748,144057089256318
"MEMORY_COPY","MEMORY_COPY_HOST_TO_DEVICE",1,"Agent 0","Agent 2",1872,144057089275838,144057090688486
"MEMORY_COPY","MEMORY_COPY_DEVICE_TO_HOST",1,"Agent 2","Agent 0",1876,144057090751186,144057091965753
"MEMORY_COPY","MEMORY_COPY_DEVICE_TO_HOST",1,"Agent 2","Agent 0",1876,144057091972873,144057093185520
"MEMORY_COPY","MEMORY_COPY_HOST_TO_DEVICE",1,"Agent 0","Agent 2",1880,144057199613868,144057201336237
"MEMORY_COPY","MEMORY_COPY_HOST_TO_DEVICE",1,"Agent 0","Agent 2",1880,144057201353957,144057202766005
"MEMORY_COPY","MEMORY_COPY_DEVICE_TO_HOST",1,"Agent 2","Agent 0",1884,144057202809305,144057204024392
"MEMORY_COPY","MEMORY_COPY_DEVICE_TO_HOST",1,"Agent 2","Agent 0",1884,144057204038752,144057205252079
"MEMORY_COPY","MEMORY_COPY_HOST_TO_DEVICE",1,"Agent 0","Agent 2",1888,144057310177643,144057311712851
"MEMORY_COPY","MEMORY_COPY_HOST_TO_DEVICE",1,"Agent 0","Agent 2",1888,144057311736331,144057313142659
"MEMORY_COPY","MEMORY_COPY_DEVICE_TO_HOST",1,"Agent 2","Agent 0",1892,144057313187719,144057314403486
"MEMORY_COPY","MEMORY_COPY_DEVICE_TO_HOST",1,"Agent 2","Agent 0",1892,144057314410566,144057315623373
"MEMORY_COPY","MEMORY_COPY_HOST_TO_DEVICE",1,"Agent 0","Agent 2",1898,144057483093647,144057484656735
"MEMORY_COPY","MEMORY_COPY_HOST_TO_DEVICE",1,"Agent 0","Agent 2",1898,144057484673855,144057486081703
"MEMORY_COPY","MEMORY_COPY_DEVICE_TO_HOST",1,"Agent 2","Agent 0",1902,144057501862643,144057503478252
"MEMORY_COPY","MEMORY_COPY_DEVICE_TO_HOST",1,"Agent 2","Agent 0",1902,144057517852614,144057519456424
"MEMORY_COPY","MEMORY_COPY_HOST_TO_DEVICE",1,"Agent 0","Agent 2",1908,144057686592636,144057688286365
"MEMORY_COPY","MEMORY_COPY_HOST_TO_DEVICE",1,"Agent 0","Agent 2",1908,144057688305885,144057689509131
"MEMORY_COPY","MEMORY_COPY_DEVICE_TO_HOST",1,"Agent 2","Agent 0",1912,144057703661793,144057704876960
"MEMORY_COPY","MEMORY_COPY_DEVICE_TO_HOST",1,"Agent 2","Agent 0",1912,144057719276623,144057720733831
"MEMORY_COPY","MEMORY_COPY_HOST_TO_DEVICE",1,"Agent 0","Agent 2",1916,144057839481619,144057841229109
"MEMORY_COPY","MEMORY_COPY_HOST_TO_DEVICE",1,"Agent 0","Agent 2",1916,144057841253229,144057842458516
"MEMORY_COPY","MEMORY_COPY_DEVICE_TO_HOST",1,"Agent 2","Agent 0",1920,144057842506946,144057843932594
"MEMORY_COPY","MEMORY_COPY_DEVICE_TO_HOST",1,"Agent 2","Agent 0",1920,144057843939714,144057845152561
"MEMORY_COPY","MEMORY_COPY_HOST_TO_DEVICE",1,"Agent 0","Agent 2",1926,144057947715419,144057949374748
"MEMORY_COPY","MEMORY_COPY_DEVICE_TO_HOST",1,"Agent 2","Agent 0",1930,144057962878015,144057964456864
"MEMORY_COPY","MEMORY_COPY_HOST_TO_DEVICE",1,"Agent 0","Agent 2",1948,144058206812261,144058208473310
"MEMORY_COPY","MEMORY_COPY_HOST_TO_DEVICE",1,"Agent 0","Agent 2",1960,144058217943074,144058218033154
"MEMORY_COPY","MEMORY_COPY_HOST_TO_DEVICE",1,"Agent 0","Agent 2",1972,144058223454995,144058223569316
"MEMORY_COPY","MEMORY_COPY_HOST_TO_DEVICE",1,"Agent 0","Agent 2",1984,144058245448401,144058246342847
"MEMORY_COPY","MEMORY_COPY_HOST_TO_DEVICE",1,"Agent 0","Agent 2",1996,144058251995689,144058252086449
"MEMORY_COPY","MEMORY_COPY_HOST_TO_DEVICE",1,"Agent 0","Agent 2",2008,144058257826032,144058257940393
"MEMORY_COPY","MEMORY_COPY_HOST_TO_DEVICE",1,"Agent 0","Agent 2",2020,144058263656836,144058263771236
"MEMORY_COPY","MEMORY_COPY_HOST_TO_DEVICE",1,"Agent 0","Agent 2",2080,144058264306529,144058264314090
"MEMORY_COPY","MEMORY_COPY_HOST_TO_DEVICE",1,"Agent 0","Agent 2",2100,144058269364238,144058269423159
"MEMORY_COPY","MEMORY_COPY_HOST_TO_DEVICE",1,"Agent 0","Agent 2",2112,144058416757600,144058418422929
"MEMORY_COPY","MEMORY_COPY_HOST_TO_DEVICE",1,"Agent 0","Agent 2",2112,144058420094898,144058421299385
"MEMORY_COPY","MEMORY_COPY_DEVICE_TO_HOST",1,"Agent 2","Agent 0",2116,144058436631693,144058438295702
"MEMORY_COPY","MEMORY_COPY_DEVICE_TO_HOST",1,"Agent 2","Agent 0",2116,144058449721708,144058450935515
"MEMORY_COPY","MEMORY_COPY_HOST_TO_DEVICE",1,"Agent 0","Agent 2",2120,144058522693705,144058524398154
"MEMORY_COPY","MEMORY_COPY_HOST_TO_DEVICE",1,"Agent 0","Agent 2",2120,144058524423554,144058525638881
"MEMORY_COPY","MEMORY_COPY_DEVICE_TO_HOST",1,"Agent 2","Agent 0",2124,144058525683911,144058526898798
"MEMORY_COPY","MEMORY_COPY_DEVICE_TO_HOST",1,"Agent 2","Agent 0",2124,144058526906238,144058528119045
"MEMORY_COPY","MEMORY_COPY_HOST_TO_DEVICE",1,"Agent 0","Agent 2",2128,144058632393638,144058634171808
"MEMORY_COPY","MEMORY_COPY_HOST_TO_DEVICE",1,"Agent 0","Agent 2",2128,144058634196168,144058635404535
"MEMORY_COPY","MEMORY_COPY_DEVICE_TO_HOST",1,"Agent 2","Agent 0",2132,144058635466245,144058636889733
"MEMORY_COPY","MEMORY_COPY_DEVICE_TO_HOST",1,"Agent 2","Agent 0",2132,144058636902893,144058638115780
"MEMORY_COPY","MEMORY_COPY_HOST_TO_DEVICE",1,"Agent 0","Agent 2",2136,144058668624646,144058670331976
"MEMORY_COPY","MEMORY_COPY_HOST_TO_DEVICE",1,"Agent 0","Agent 2",2136,144058670347416,144058671562703
"MEMORY_COPY","MEMORY_COPY_DEVICE_TO_HOST",1,"Agent 2","Agent 0",2140,144058671608103,144058672823030
"MEMORY_COPY","MEMORY_COPY_DEVICE_TO_HOST",1,"Agent 2","Agent 0",2140,144058672830510,144058674046477
"MEMORY_COPY","MEMORY_COPY_HOST_TO_DEVICE",1,"Agent 0","Agent 2",2146,144058834218928,144058835728376
"MEMORY_COPY","MEMORY_COPY_HOST_TO_DEVICE",1,"Agent 0","Agent 2",2146,144058836770381,144058838015709
"MEMORY_COPY","MEMORY_COPY_DEVICE_TO_HOST",1,"Agent 2","Agent 0",2150,144058854035210,144058855578819
"MEMORY_COPY","MEMORY_COPY_DEVICE_TO_HOST",1,"Agent 2","Agent 0",2150,144058868577924,144058869963172
"MEMORY_COPY","MEMORY_COPY_HOST_TO_DEVICE",1,"Agent 0","Agent 2",2156,144059028931192,144059030535801
"MEMORY_COPY","MEMORY_COPY_HOST_TO_DEVICE",1,"Agent 0","Agent 2",2156,144059030551641,144059031958289
"MEMORY_COPY","MEMORY_COPY_DEVICE_TO_HOST",1,"Agent 2","Agent 0",2160,144059045886139,144059047401587
"MEMORY_COPY","MEMORY_COPY_DEVICE_TO_HOST",1,"Agent 2","Agent 0",2160,144059061562759,144059062947967
"MEMORY_COPY","MEMORY_COPY_HOST_TO_DEVICE",1,"Agent 0","Agent 2",2164,144059132736525,144059134429814
"MEMORY_COPY","MEMORY_COPY_HOST_TO_DEVICE",1,"Agent 0","Agent 2",2164,144059134453094,144059135669221
"MEMORY_COPY","MEMORY_COPY_DEVICE_TO_HOST",1,"Agent 2","Agent 0",2168,144059135714381,144059136932108
"MEMORY_COPY","MEMORY_COPY_DEVICE_TO_HOST",1,"Agent 2","Agent 0",2168,144059136939228,144059138152035
"MEMORY_COPY","MEMORY_COPY_HOST_TO_DEVICE",1,"Agent 0","Agent 2",2174,144059230112525,144059231656653
"MEMORY_COPY","MEMORY_COPY_DEVICE_TO_HOST",1,"Agent 2","Agent 0",2178,144059247130891,144059248661580
"MEMORY_COPY","MEMORY_COPY_HOST_TO_DEVICE",1,"Agent 0","Agent 2",2196,144059565222400,144059567044170
"MEMORY_COPY","MEMORY_COPY_HOST_TO_DEVICE",1,"Agent 0","Agent 2",2208,144059574313181,144059574324301
"MEMORY_COPY","MEMORY_COPY_HOST_TO_DEVICE",1,"Agent 0","Agent 2",2220,144059577733321,144059577745521
"MEMORY_COPY","MEMORY_COPY_HOST_TO_DEVICE",1,"Agent 0","Agent 2",2232,144059598776992,144059599666558
"MEMORY_COPY","MEMORY_COPY_HOST_TO_DEVICE",1,"Agent 0","Agent 2",2244,144059620150236,144059621037721
"MEMORY_COPY","MEMORY_COPY_HOST_TO_DEVICE",1,"Agent 0","Agent 2",2256,144059626645153,144059626733914
"MEMORY_COPY","MEMORY_COPY_HOST_TO_DEVICE",1,"Agent 0","Agent 2",2268,144059632379376,144059632493776
"MEMORY_COPY","MEMORY_COPY_HOST_TO_DEVICE",1,"Agent 0","Agent 2",2280,144059637947957,144059638062518
"MEMORY_COPY","MEMORY_COPY_HOST_TO_DEVICE",1,"Agent 0","Agent 2",2306,144059638258889,144059638269929
"MEMORY_COPY","MEMORY_COPY_HOST_TO_DEVICE",1,"Agent 0","Agent 2",2344,144059638628231,144059638639751
"MEMORY_COPY","MEMORY_COPY_HOST_TO_DEVICE",1,"Agent 0","Agent 2",2346,144059639226724,144059639342045
"MEMORY_COPY","MEMORY_COPY_HOST_TO_DEVICE",1,"Agent 0","Agent 2",2358,144059642836405,144059642895726
"MEMORY_COPY","MEMORY_COPY_HOST_TO_DEVICE",1,"Agent 0","Agent 2",2370,144059742495952,144059744252802
"MEMORY_COPY","MEMORY_COPY_HOST_TO_DEVICE",1,"Agent 0","Agent 2",2370,144059744275442,144059745925371
"MEMORY_COPY","MEMORY_COPY_DEVICE_TO_HOST",1,"Agent 2","Agent 0",2374,144059759620400,144059760834687
"MEMORY_COPY","MEMORY_COPY_DEVICE_TO_HOST",1,"Agent 2","Agent 0",2374,144059773267379,144059774767868
"MEMORY_COPY","MEMORY_COPY_HOST_TO_DEVICE",1,"Agent 0","Agent 2",2378,144059846354265,144059848151635
"MEMORY_COPY","MEMORY_COPY_HOST_TO_DEVICE",1,"Agent 0","Agent 2",2378,144059848173315,144059849386162
"MEMORY_COPY","MEMORY_COPY_DEVICE_TO_HOST",1,"Agent 2","Agent 0",2382,144059849439032,144059850653679
"MEMORY_COPY","MEMORY_COPY_DEVICE_TO_HOST",1,"Agent 2","Agent 0",2382,144059850661079,144059851874086
"MEMORY_COPY","MEMORY_COPY_HOST_TO_DEVICE",1,"Agent 0","Agent 2",2386,144059950357749,144059952151319
"MEMORY_COPY","MEMORY_COPY_HOST_TO_DEVICE",1,"Agent 0","Agent 2",2386,144059952177719,144059953382246
"MEMORY_COPY","MEMORY_COPY_DEVICE_TO_HOST",1,"Agent 2","Agent 0",2390,144059953429646,144059954643733
"MEMORY_COPY","MEMORY_COPY_DEVICE_TO_HOST",1,"Agent 2","Agent 0",2390,144059954651133,144059955864500
"MEMORY_COPY","MEMORY_COPY_HOST_TO_DEVICE",1,"Agent 0","Agent 2",2394,144060013570040,144060015303010
"MEMORY_COPY","MEMORY_COPY_HOST_TO_DEVICE",1,"Agent 0","Agent 2",2394,144060015346810,144060016555057
"MEMORY_COPY","MEMORY_COPY_DEVICE_TO_HOST",1,"Agent 2","Agent 0",2398,144060016609627,144060017824074
"MEMORY_COPY","MEMORY_COPY_DEVICE_TO_HOST",1,"Agent 2","Agent 0",2398,144060017837234,144060019050441
"MEMORY_COPY","MEMORY_COPY_HOST_TO_DEVICE",1,"Agent 0","Agent 2",2404,144060157571207,144060159332617
"MEMORY_COPY","MEMORY_COPY_HOST_TO_DEVICE",1,"Agent 0","Agent 2",2404,144060159348337,144060160554184
"MEMORY_COPY","MEMORY_COPY_DEVICE_TO_HOST",1,"Agent 2","Agent 0",2408,144060172584723,144060173800450
"MEMORY_COPY","MEMORY_COPY_DEVICE_TO_HOST",1,"Agent 2","Agent 0",2408,144060184938804,144060186522053
"MEMORY_COPY","MEMORY_COPY_HOST_TO_DEVICE",1,"Agent 0","Agent 2",2414,144060296967290,144060298599219
"MEMORY_COPY","MEMORY_COPY_HOST_TO_DEVICE",1,"Agent 0","Agent 2",2414,144060298624099,144060299832106
"MEMORY_COPY","MEMORY_COPY_DEVICE_TO_HOST",1,"Agent 2","Agent 0",2418,144060312854671,144060314069078
"MEMORY_COPY","MEMORY_COPY_DEVICE_TO_HOST",1,"Agent 2","Agent 0",2418,144060326797231,144060328465921
"MEMORY_COPY","MEMORY_COPY_HOST_TO_DEVICE",1,"Agent 0","Agent 2",2422,144060412308503,144060414110233
"MEMORY_COPY","MEMORY_COPY_HOST_TO_DEVICE",1,"Agent 0","Agent 2",2422,144060414124233,144060415390720
"MEMORY_COPY","MEMORY_COPY_DEVICE_TO_HOST",1,"Agent 2","Agent 0",2426,144060415435690,144060416859618
"MEMORY_COPY","MEMORY_COPY_DEVICE_TO_HOST",1,"Agent 2","Agent 0",2426,144060416867957,144060418080884
"MEMORY_COPY","MEMORY_COPY_HOST_TO_DEVICE",1,"Agent 0","Agent 2",2432,144060512460988,144060514260238
"MEMORY_COPY","MEMORY_COPY_DEVICE_TO_HOST",1,"Agent 2","Agent 0",2436,144060529087023,144060530639192
"MEMORY_COPY","MEMORY_COPY_HOST_TO_DEVICE",1,"Agent 0","Agent 2",2454,144060857313535,144060859352546
"MEMORY_COPY","MEMORY_COPY_HOST_TO_DEVICE",1,"Agent 0","Agent 2",2466,144060866303646,144060866314046
"MEMORY_COPY","MEMORY_COPY_HOST_TO_DEVICE",1,"Agent 0","Agent 2",2478,144060869658725,144060869669325
"MEMORY_COPY","MEMORY_COPY_HOST_TO_DEVICE",1,"Agent 0","Agent 2",2490,144060892488417,144060893375942
"MEMORY_COPY","MEMORY_COPY_HOST_TO_DEVICE",1,"Agent 0","Agent 2",2502,144060914769395,144060915657200
"MEMORY_COPY","MEMORY_COPY_HOST_TO_DEVICE",1,"Agent 0","Agent 2",2514,144060921492084,144060921580404
"MEMORY_COPY","MEMORY_COPY_HOST_TO_DEVICE",1,"Agent 0","Agent 2",2526,144060927005509,144060927119629
"MEMORY_COPY","MEMORY_COPY_HOST_TO_DEVICE",1,"Agent 0","Agent 2",2538,144060932562330,144060932676251
"MEMORY_COPY","MEMORY_COPY_HOST_TO_DEVICE",1,"Agent 0","Agent 2",2564,144060932878912,144060932889912
"MEMORY_COPY","MEMORY_COPY_HOST_TO_DEVICE",1,"Agent 0","Agent 2",2602,144060933153854,144060933165374
"MEMORY_COPY","MEMORY_COPY_HOST_TO_DEVICE",1,"Agent 0","Agent 2",2604,144060933659686,144060933775287
"MEMORY_COPY","MEMORY_COPY_HOST_TO_DEVICE",1,"Agent 0","Agent 2",2616,144060937407478,144060937466759
"MEMORY_COPY","MEMORY_COPY_HOST_TO_DEVICE",1,"Agent 0","Agent 2",2628,144061075056432,144061076667801
"MEMORY_COPY","MEMORY_COPY_HOST_TO_DEVICE",1,"Agent 0","Agent 2",2628,144061076686561,144061078251610
"MEMORY_COPY","MEMORY_COPY_DEVICE_TO_HOST",1,"Agent 2","Agent 0",2632,144061092386221,144061093840910
"MEMORY_COPY","MEMORY_COPY_DEVICE_TO_HOST",1,"Agent 2","Agent 0",2632,144061106169281,144061107695690
"MEMORY_COPY","MEMORY_COPY_HOST_TO_DEVICE",1,"Agent 0","Agent 2",2636,144061214856305,144061216545514
"MEMORY_COPY","MEMORY_COPY_HOST_TO_DEVICE",1,"Agent 0","Agent 2",2636,144061216564194,144061218098842
"MEMORY_COPY","MEMORY_COPY_DEVICE_TO_HOST",1,"Agent 2","Agent 0",2640,144061218148103,144061219603111
"MEMORY_COPY","MEMORY_COPY_DEVICE_TO_HOST",1,"Agent 2","Agent 0",2640,144061219611351,144061220824318
"MEMORY_COPY","MEMORY_COPY_HOST_TO_DEVICE",1,"Agent 0","Agent 2",2644,144061324827183,144061326513112
"MEMORY_COPY","MEMORY_COPY_HOST_TO_DEVICE",1,"Agent 0","Agent 2",2644,144061326530992,144061328187281
"MEMORY_COPY","MEMORY_COPY_DEVICE_TO_HOST",1,"Agent 2","Agent 0",2648,144061328233901,144061329448788
"MEMORY_COPY","MEMORY_COPY_DEVICE_TO_HOST",1,"Agent 2","Agent 0",2648,144061329456948,144061330669715
"MEMORY_COPY","MEMORY_COPY_HOST_TO_DEVICE",1,"Agent 0","Agent 2",2652,144061432476145,144061434257795
"MEMORY_COPY","MEMORY_COPY_HOST_TO_DEVICE",1,"Agent 0","Agent 2",2652,144061434274995,144061435483362
"MEMORY_COPY","MEMORY_COPY_DEVICE_TO_HOST",1,"Agent 2","Agent 0",2656,144061435530292,144061436956860
"MEMORY_COPY","MEMORY_COPY_DEVICE_TO_HOST",1,"Agent 2","Agent 0",2656,144061436965100,144061438177787
"MEMORY_COPY","MEMORY_COPY_HOST_TO_DEVICE",1,"Agent 0","Agent 2",2662,144061584848420,144061586499269
"MEMORY_COPY","MEMORY_COPY_HOST_TO_DEVICE",1,"Agent 0","Agent 2",2662,144061586519509,144061587932077
"MEMORY_COPY","MEMORY_COPY_DEVICE_TO_HOST",1,"Agent 2","Agent 0",2666,144061601049683,144061602264090
"MEMORY_COPY","MEMORY_COPY_DEVICE_TO_HOST",1,"Agent 2","Agent 0",2666,144061614313299,144061615793708
"MEMORY_COPY","MEMORY_COPY_HOST_TO_DEVICE",1,"Agent 0","Agent 2",2672,144061751507470,144061753303640
"MEMORY_COPY","MEMORY_COPY_HOST_TO_DEVICE",1,"Agent 0","Agent 2",2672,144061753321120,144061754771408
"MEMORY_COPY","MEMORY_COPY_DEVICE_TO_HOST",1,"Agent 2","Agent 0",2676,144061766709917,144061767925244
"MEMORY_COPY","MEMORY_COPY_DEVICE_TO_HOST",1,"Agent 2","Agent 0",2676,144061778660807,144061779875734
"MEMORY_COPY","MEMORY_COPY_HOST_TO_DEVICE",1,"Agent 0","Agent 2",2680,144061868602398,144061870371008
"MEMORY_COPY","MEMORY_COPY_HOST_TO_DEVICE",1,"Agent 0","Agent 2",2680,144061870392288,144061871808016
"MEMORY_COPY","MEMORY_COPY_DEVICE_TO_HOST",1,"Agent 2","Agent 0",2684,144061871851686,144061873066813
"MEMORY_COPY","MEMORY_COPY_DEVICE_TO_HOST",1,"Agent 2","Agent 0",2684,144061873074973,144061874290740
"MEMORY_COPY","MEMORY_COPY_HOST_TO_DEVICE",1,"Agent 0","Agent 2",2690,144061952784925,144061954505455
"MEMORY_COPY","MEMORY_COPY_DEVICE_TO_HOST",1,"Agent 2","Agent 0",2694,144061966178592,144061967756841
"MEMORY_COPY","MEMORY_COPY_HOST_TO_DEVICE",1,"Agent 0","Agent 2",2712,144062239947886,144062241642175
"MEMORY_COPY","MEMORY_COPY_HOST_TO_DEVICE",1,"Agent 0","Agent 2",2724,144062247555739,144062247566819
"MEMORY_COPY","MEMORY_COPY_HOST_TO_DEVICE",1,"Agent 0","Agent 2",2736,144062250361365,144062250371845
"MEMORY_COPY","MEMORY_COPY_HOST_TO_DEVICE",1,"Agent 0","Agent 2",2748,144062271126785,144062272018910
"MEMORY_COPY","MEMORY_COPY_HOST_TO_DEVICE",1,"Agent 0","Agent 2",2760,144062290428357,144062291317522
"MEMORY_COPY","MEMORY_COPY_HOST_TO_DEVICE",1,"Agent 0","Agent 2",2772,144062296699663,144062296787864
"MEMORY_COPY","MEMORY_COPY_HOST_TO_DEVICE",1,"Agent 0","Agent 2",2784,144062301471271,144062301585672
"MEMORY_COPY","MEMORY_COPY_HOST_TO_DEVICE",1,"Agent 0","Agent 2",2796,144062306553995,144062306667835
"MEMORY_COPY","MEMORY_COPY_HOST_TO_DEVICE",1,"Agent 0","Agent 2",2822,144062307269058,144062307280098
"MEMORY_COPY","MEMORY_COPY_HOST_TO_DEVICE",1,"Agent 0","Agent 2",2860,144062307500319,144062307512079
"MEMORY_COPY","MEMORY_COPY_HOST_TO_DEVICE",1,"Agent 0","Agent 2",2862,144062308094883,144062308209523
"MEMORY_COPY","MEMORY_COPY_HOST_TO_DEVICE",1,"Agent 0","Agent 2",2874,144062311444482,144062311504083
"MEMORY_COPY","MEMORY_COPY_HOST_TO_DEVICE",1,"Agent 0","Agent 2",2886,144062398757673,144062400456082
"MEMORY_COPY","MEMORY_COPY_HOST_TO_DEVICE",1,"Agent 0","Agent 2",2886,144062400474122,144062402120491
"MEMORY_COPY","MEMORY_COPY_DEVICE_TO_HOST",1,"Agent 2","Agent 0",2890,144062415111796,144062416326003
"MEMORY_COPY","MEMORY_COPY_DEVICE_TO_HOST",1,"Agent 2","Agent 0",2890,144062428864166,144062430522496
"MEMORY_COPY","MEMORY_COPY_HOST_TO_DEVICE",1,"Agent 0","Agent 2",2894,144062496677594,144062498441164
"MEMORY_COPY","MEMORY_COPY_HOST_TO_DEVICE",1,"Agent 0","Agent 2",2894,144062498460564,144062499677091
"MEMORY_COPY","MEMORY_COPY_DEVICE_TO_HOST",1,"Agent 2","Agent 0",2898,144062499721661,144062500937148
"MEMORY_COPY","MEMORY_COPY_DEVICE_TO_HOST",1,"Agent 2","Agent 0",2898,144062500945628,144062502158275
"MEMORY_COPY","MEMORY_COPY_HOST_TO_DEVICE",1,"Agent 0","Agent 2",2902,144062563787856,144062565517146
"MEMORY_COPY","MEMORY_COPY_HOST_TO_DEVICE",1,"Agent 0","Agent 2",2902,144062565531266,144062566739353
"MEMORY_COPY","MEMORY_COPY_DEVICE_TO_HOST",1,"Agent 2","Agent 0",2906,144062566784543,144062567999470
"MEMORY_COPY","MEMORY_COPY_DEVICE_TO_HOST",1,"Agent 2","Agent 0",2906,144062568016030,144062569228917
"MEMORY_COPY","MEMORY_COPY_HOST_TO_DEVICE",1,"Agent 0","Agent 2",2910,144062625196461,144062626775830
"MEMORY_COPY","MEMORY_COPY_HOST_TO_DEVICE",1,"Agent 0","Agent 2",2910,144062626784950,144062627995077
"MEMORY_COPY","MEMORY_COPY_DEVICE_TO_HOST",1,"Agent 2","Agent 0",2914,144062628043399,144062629258086
"MEMORY_COPY","MEMORY_COPY_DEVICE_TO_HOST",1,"Agent 2","Agent 0",2914,144062629269326,144062630482093
"MEMORY_COPY","MEMORY_COPY_HOST_TO_DEVICE",1,"Agent 0","Agent 2",2920,144062791093646,144062792707535
"MEMORY_COPY","MEMORY_COPY_HOST_TO_DEVICE",1,"Agent 0","Agent 2",2920,144062792728015,144062794135503
"MEMORY_COPY","MEMORY_COPY_DEVICE_TO_HOST",1,"Agent 2","Agent 0",2924,144062808815818,144062810483747
"MEMORY_COPY","MEMORY_COPY_DEVICE_TO_HOST",1,"Agent 2","Agent 0",2924,144062823212641,144062824741770
"MEMORY_COPY","MEMORY_COPY_HOST_TO_DEVICE",1,"Agent 0","Agent 2",2930,144062986811447,144062988498416
"MEMORY_COPY","MEMORY_COPY_HOST_TO_DEVICE",1,"Agent 0","Agent 2",2930,144062988518536,144062989927944
"MEMORY_COPY","MEMORY_COPY_DEVICE_TO_HOST",1,"Agent 2","Agent 0",2934,144063003654593,144063004869121
"MEMORY_COPY","MEMORY_COPY_DEVICE_TO_HOST",1,"Agent 2","Agent 0",2934,144063018574500,144063019978148
"MEMORY_COPY","MEMORY_COPY_HOST_TO_DEVICE",1,"Agent 0","Agent 2",2938,144063126709790,144063128431760
"MEMORY_COPY","MEMORY_COPY_HOST_TO_DEVICE",1,"Agent 0","Agent 2",2938,144063128447200,144063129860368
"MEMORY_COPY","MEMORY_COPY_DEVICE_TO_HOST",1,"Agent 2","Agent 0",2942,144063129904188,144063131118675
"MEMORY_COPY","MEMORY_COPY_DEVICE_TO_HOST",1,"Agent 2","Agent 0",2942,144063131126035,144063132338842
"MEMORY_COPY","MEMORY_COPY_HOST_TO_DEVICE",1,"Agent 0","Agent 2",2948,144063213806844,144063215484173
"MEMORY_COPY","MEMORY_COPY_DEVICE_TO_HOST",1,"Agent 2","Agent 0",2952,144063227281831,144063228800560
"MEMORY_COPY","MEMORY_COPY_HOST_TO_DEVICE",1,"Agent 0","Agent 2",2970,144063458477008,144063460477339
"MEMORY_COPY","MEMORY_COPY_HOST_TO_DEVICE",1,"Agent 0","Agent 2",2982,144063470398466,144063470486386
"MEMORY_COPY","MEMORY_COPY_HOST_TO_DEVICE",1,"Agent 0","Agent 2",2994,144063476538052,144063476652012
"MEMORY_COPY","MEMORY_COPY_HOST_TO_DEVICE",1,"Agent 0","Agent 2",3006,144063499172103,144063500060028
"MEMORY_COPY","MEMORY_COPY_HOST_TO_DEVICE",1,"Agent 0","Agent 2",3018,144063506189683,144063506277844
"MEMORY_COPY","MEMORY_COPY_HOST_TO_DEVICE",1,"Agent 0","Agent 2",3030,144063511821816,144063511935737
"MEMORY_COPY","MEMORY_COPY_HOST_TO_DEVICE",1,"Agent 0","Agent 2",3042,144063518329994,144063518443994
"MEMORY_COPY","MEMORY_COPY_HOST_TO_DEVICE",1,"Agent 0","Agent 2",3102,144063519098948,144063519106588
"MEMORY_COPY","MEMORY_COPY_HOST_TO_DEVICE",1,"Agent 0","Agent 2",3112,144063523860184,144063523919344
"MEMORY_COPY","MEMORY_COPY_HOST_TO_DEVICE",1,"Agent 0","Agent 2",3124,144063661711912,144063663438162
"MEMORY_COPY","MEMORY_COPY_HOST_TO_DEVICE",1,"Agent 0","Agent 2",3124,144063664134485,144063665351293
"MEMORY_COPY","MEMORY_COPY_DEVICE_TO_HOST",1,"Agent 2","Agent 0",3128,144063678631620,144063679847787
"MEMORY_COPY","MEMORY_COPY_DEVICE_TO_HOST",1,"Agent 2","Agent 0",3128,144063691199382,144063692739831
"MEMORY_COPY","MEMORY_COPY_HOST_TO_DEVICE",1,"Agent 0","Agent 2",3132,144063762885004,144063764546453
"MEMORY_COPY","MEMORY_COPY_HOST_TO_DEVICE",1,"Agent 0","Agent 2",3132,144063764580525,144063765794852
"MEMORY_COPY","MEMORY_COPY_DEVICE_TO_HOST",1,"Agent 2","Agent 0",3136,144063765841080,144063767055687
"MEMORY_COPY","MEMORY_COPY_DEVICE_TO_HOST",1,"Agent 2","Agent 0",3136,144063767063887,144063768276854
"MEMORY_COPY","MEMORY_COPY_HOST_TO_DEVICE",1,"Agent 0","Agent 2",3140,144063836156701,144063837753590
"MEMORY_COPY","MEMORY_COPY_HOST_TO_DEVICE",1,"Agent 0","Agent 2",3140,144063837783830,144063839003437
"MEMORY_COPY","MEMORY_COPY_DEVICE_TO_HOST",1,"Agent 2","Agent 0",3144,144063839103077,144063840317004
"MEMORY_COPY","MEMORY_COPY_DEVICE_TO_HOST",1,"Agent 2","Agent 0",3144,144063840325084,144063841540251
"MEMORY_COPY","MEMORY_COPY_HOST_TO_DEVICE",1,"Agent 0","Agent 2",3148,144063937509138,144063939299988
"MEMORY_COPY","MEMORY_COPY_HOST_TO_DEVICE",1,"Agent 0","Agent 2",3148,144063939318748,144063940528195
"MEMORY_COPY","MEMORY_COPY_DEVICE_TO_HOST",1,"Agent 2","Agent 0",3152,144063940919237,144063942136924
"MEMORY_COPY","MEMORY_COPY_DEVICE_TO_HOST",1,"Agent 2","Agent 0",3152,144063942144004,144063943356531
"MEMORY_COPY","MEMORY_COPY_HOST_TO_DEVICE",1,"Agent 0","Agent 2",3158,144064100090192,144064101684761
"MEMORY_COPY","MEMORY_COPY_HOST_TO_DEVICE",1,"Agent 0","Agent 2",3158,144064101705281,144064103115769
"MEMORY_COPY","MEMORY_COPY_DEVICE_TO_HOST",1,"Agent 2","Agent 0",3162,144064117153340,144064118686429
"MEMORY_COPY","MEMORY_COPY_DEVICE_TO_HOST",1,"Agent 2","Agent 0",3162,144064132150757,144064133709207
"MEMORY_COPY","MEMORY_COPY_HOST_TO_DEVICE",1,"Agent 0","Agent 2",3168,144064291525098,144064293301508
"MEMORY_COPY","MEMORY_COPY_HOST_TO_DEVICE",1,"Agent 0","Agent 2",3168,144064293321708,144064294528195
"MEMORY_COPY","MEMORY_COPY_DEVICE_TO_HOST",1,"Agent 2","Agent 0",3172,144064308836278,144064310051005
"MEMORY_COPY","MEMORY_COPY_DEVICE_TO_HOST",1,"Agent 2","Agent 0",3172,144064323886075,144064325517885
"MEMORY_COPY","MEMORY_COPY_HOST_TO_DEVICE",1,"Agent 0","Agent 2",3176,144064427663753,144064429401283
"MEMORY_COPY","MEMORY_COPY_HOST_TO_DEVICE",1,"Agent 0","Agent 2",3176,144064429438483,144064430665010
"MEMORY_COPY","MEMORY_COPY_DEVICE_TO_HOST",1,"Agent 2","Agent 0",3180,144064430714520,144064432139448
"MEMORY_COPY","MEMORY_COPY_DEVICE_TO_HOST",1,"Agent 2","Agent 0",3180,144064432146648,144064433359455
"MEMORY_COPY","MEMORY_COPY_HOST_TO_DEVICE",1,"Agent 0","Agent 2",3186,144064524012019,144064525640548
"MEMORY_COPY","MEMORY_COPY_DEVICE_TO_HOST",1,"Agent 2","Agent 0",3190,144064539686639,144064541076247
"MEMORY_COPY","MEMORY_COPY_HOST_TO_DEVICE",1,"Agent 0","Agent 2",3208,144064851032831,144064852677640
"MEMORY_COPY","MEMORY_COPY_HOST_TO_DEVICE",1,"Agent 0","Agent 2",3220,144064859652200,144064859663360
"MEMORY_COPY","MEMORY_COPY_HOST_TO_DEVICE",1,"Agent 0","Agent 2",3232,144064863149540,144064863160100
"MEMORY_COPY","MEMORY_COPY_HOST_TO_DEVICE",1,"Agent 0","Agent 2",3244,144064886220794,144064887113000
"MEMORY_COPY","MEMORY_COPY_HOST_TO_DEVICE",1,"Agent 0","Agent 2",3256,144064910160944,144064911049429
"MEMORY_COPY","MEMORY_COPY_HOST_TO_DEVICE",1,"Agent 0","Agent 2",3268,144064917007201,144064917098401
"MEMORY_COPY","MEMORY_COPY_HOST_TO_DEVICE",1,"Agent 0","Agent 2",3280,144064922957315,144064923071875
"MEMORY_COPY","MEMORY_COPY_HOST_TO_DEVICE",1,"Agent 0","Agent 2",3292,144064928766368,144064928880489
"MEMORY_COPY","MEMORY_COPY_HOST_TO_DEVICE",1,"Agent 0","Agent 2",3318,144064929073750,144064929084750
"MEMORY_COPY","MEMORY_COPY_HOST_TO_DEVICE",1,"Agent 0","Agent 2",3356,144064929367222,144064929378902
"MEMORY_COPY","MEMORY_COPY_HOST_TO_DEVICE",1,"Agent 0","Agent 2",3358,144064929899915,144064930015076
"MEMORY_COPY","MEMORY_COPY_HOST_TO_DEVICE",1,"Agent 0","Agent 2",3370,144064933489696,144064933549176
"MEMORY_COPY","MEMORY_COPY_HOST_TO_DEVICE",1,"Agent 0","Agent 2",3382,144065071989095,144065073643024
"MEMORY_COPY","MEMORY_COPY_HOST_TO_DEVICE",1,"Agent 0","Agent 2",3382,144065073662384,144065075188752
"MEMORY_COPY","MEMORY_COPY_DEVICE_TO_HOST",1,"Agent 2","Agent 0",3386,144065090715033,144065092103161
"MEMORY_COPY","MEMORY_COPY_DEVICE_TO_HOST",1,"Agent 2","Agent 0",3386,144065105742910,144065107437680
"MEMORY_COPY","MEMORY_COPY_HOST_TO_DEVICE",1,"Agent 0","Agent 2",3390,144065210863304,144065212561873
"MEMORY_COPY","MEMORY_COPY_HOST_TO_DEVICE",1,"Agent 0","Agent 2",3390,144065212585993,144065214339323
"MEMORY_COPY","MEMORY_COPY_DEVICE_TO_HOST",1,"Agent 2","Agent 0",3394,144065214384993,144065215813401
"MEMORY_COPY","MEMORY_COPY_DEVICE_TO_HOST",1,"Agent 2","Agent 0",3394,144065215820761,144065217033608
"MEMORY_COPY","MEMORY_COPY_HOST_TO_DEVICE",1,"Agent 0","Agent 2",3398,144065320095050,144065321705539
"MEMORY_COPY","MEMORY_COPY_HOST_TO_DEVICE",1,"Agent 0","Agent 2",3398,144065321726939,144065323146707
"MEMORY_COPY","MEMORY_COPY_DEVICE_TO_HOST",1,"Agent 2","Agent 0",3402,144065323190907,144065324405274
"MEMORY_COPY","MEMORY_COPY_DEVICE_TO_HOST",1,"Agent 2","Agent 0",3402,144065324412634,144065325625401
"MEMORY_COPY","MEMORY_COPY_HOST_TO_DEVICE",1,"Agent 0","Agent 2",3406,144065432797803,144065434502692
"MEMORY_COPY","MEMORY_COPY_HOST_TO_DEVICE",1,"Agent 0","Agent 2",3406,144065434526732,144065435731619
"MEMORY_COPY","MEMORY_COPY_DEVICE_TO_HOST",1,"Agent 2","Agent 0",3410,144065435774689,144065437200537
"MEMORY_COPY","MEMORY_COPY_DEVICE_TO_HOST",1,"Agent 2","Agent 0",3410,144065437207937,144065438420704
"MEMORY_COPY","MEMORY_COPY_HOST_TO_DEVICE",1,"Agent 0","Agent 2",3416,144065598752582,144065600461271
"MEMORY_COPY","MEMORY_COPY_HOST_TO_DEVICE",1,"Agent 0","Agent 2",3416,144065601695558,144065602897605
"MEMORY_COPY","MEMORY_COPY_DEVICE_TO_HOST",1,"Agent 2","Agent 0",3420,144065616376733,144065617882782
"MEMORY_COPY","MEMORY_COPY_DEVICE_TO_HOST",1,"Agent 2","Agent 0",3420,144065632823759,144065634488089
"MEMORY_COPY","MEMORY_COPY_HOST_TO_DEVICE",1,"Agent 0","Agent 2",3426,144065808951488,144065810606337
"MEMORY_COPY","MEMORY_COPY_HOST_TO_DEVICE",1,"Agent 0","Agent 2",3426,144065810866658,144065812298586
"MEMORY_COPY","MEMORY_COPY_DEVICE_TO_HOST",1,"Agent 2","Agent 0",3430,144065827694596,144065829090484
"MEMORY_COPY","MEMORY_COPY_DEVICE_TO_HOST",1,"Agent 2","Agent 0",3430,144065843353958,144065844852886
"MEMORY_COPY","MEMORY_COPY_HOST_TO_DEVICE",1,"Agent 0","Agent 2",3434,144065951108876,144065952707285
"MEMORY_COPY","MEMORY_COPY_HOST_TO_DEVICE",1,"Agent 0","Agent 2",3434,144065952745045,144065954169173
"MEMORY_COPY","MEMORY_COPY_DEVICE_TO_HOST",1,"Agent 2","Agent 0",3438,144065954243833,144065955458360
"MEMORY_COPY","MEMORY_COPY_DEVICE_TO_HOST",1,"Agent 2","Agent 0",3438,144065955466730,144065956679417
"MEMORY_COPY","MEMORY_COPY_HOST_TO_DEVICE",1,"Agent 0","Agent 2",3444,144066051603360,144066053378730
"MEMORY_COPY","MEMORY_COPY_DEVICE_TO_HOST",1,"Agent 2","Agent 0",3448,144066066680237,144066068081965
"MEMORY_COPY","MEMORY_COPY_HOST_TO_DEVICE",1,"Agent 0","Agent 2",3466,144066394741004,144066396513374
"MEMORY_COPY","MEMORY_COPY_HOST_TO_DEVICE",1,"Agent 0","Agent 2",3478,144066403908867,144066403919067
"MEMORY_COPY","MEMORY_COPY_HOST_TO_DEVICE",1,"Agent 0","Agent 2",3490,144066407499568,144066407511688
"MEMORY_COPY","MEMORY_COPY_HOST_TO_DEVICE",1,"Agent 0","Agent 2",3502,144066431627668,144066432516993
"MEMORY_COPY","MEMORY_COPY_HOST_TO_DEVICE",1,"Agent 0","Agent 2",3514,144066456048121,144066456935726
"MEMORY_COPY","MEMORY_COPY_HOST_TO_DEVICE",1,"Agent 0","Agent 2",3526,144066463401955,144066463506795
"MEMORY_COPY","MEMORY_COPY_HOST_TO_DEVICE",1,"Agent 0","Agent 2",3538,144066469831892,144066469946212
"MEMORY_COPY","MEMORY_COPY_HOST_TO_DEVICE",1,"Agent 0","Agent 2",3550,144066475867027,144066475981028
"MEMORY_COPY","MEMORY_COPY_HOST_TO_DEVICE",1,"Agent 0","Agent 2",3576,144066476248589,144066476259589
"MEMORY_COPY","MEMORY_COPY_HOST_TO_DEVICE",1,"Agent 0","Agent 2",3614,144066476608751,144066476620431
"MEMORY_COPY","MEMORY_COPY_HOST_TO_DEVICE",1,"Agent 0","Agent 2",3616,144066477276445,144066477393926
"MEMORY_COPY","MEMORY_COPY_HOST_TO_DEVICE",1,"Agent 0","Agent 2",3628,144066481109598,144066481168758
"MEMORY_COPY","MEMORY_COPY_HOST_TO_DEVICE",1,"Agent 0","Agent 2",3640,144066651985204,144066653960255
"MEMORY_COPY","MEMORY_COPY_HOST_TO_DEVICE",1,"Agent 0","Agent 2",3640,144066654765289,144066656202738
"MEMORY_COPY","MEMORY_COPY_DEVICE_TO_HOST",1,"Agent 2","Agent 0",3644,144066674324173,144066675844022
"MEMORY_COPY","MEMORY_COPY_DEVICE_TO_HOST",1,"Agent 2","Agent 0",3644,144066691055381,144066692664830
"MEMORY_COPY","MEMORY_COPY_HOST_TO_DEVICE",1,"Agent 0","Agent 2",3648,144066802589823,144066804382513
"MEMORY_COPY","MEMORY_COPY_HOST_TO_DEVICE",1,"Agent 0","Agent 2",3648,144066804403033,144066805607480
"MEMORY_COPY","MEMORY_COPY_DEVICE_TO_HOST",1,"Agent 2","Agent 0",3652,144066805836641,144066807051008
"MEMORY_COPY","MEMORY_COPY_DEVICE_TO_HOST",1,"Agent 2","Agent 0",3652,144066807058168,144066808271055
"MEMORY_COPY","MEMORY_COPY_HOST_TO_DEVICE",1,"Agent 0","Agent 2",3656,144066912543252,144066914346262
"MEMORY_COPY","MEMORY_COPY_HOST_TO_DEVICE",1,"Agent 0","Agent 2",3656,144066914367062,144066915577309
"MEMORY_COPY","MEMORY_COPY_DEVICE_TO_HOST",1,"Agent 2","Agent 0",3660,144066915621249,144066917046537
"MEMORY_COPY","MEMORY_COPY_DEVICE_TO_HOST",1,"Agent 2","Agent 0",3660,144066917054017,144066918266624
"MEMORY_COPY","MEMORY_COPY_HOST_TO_DEVICE",1,"Agent 0","Agent 2",3664,144067022542132,144067024342662
"MEMORY_COPY","MEMORY_COPY_HOST_TO_DEVICE",1,"Agent 0","Agent 2",3664,144067024360302,144067025572669
"MEMORY_COPY","MEMORY_COPY_DEVICE_TO_HOST",1,"Agent 2","Agent 0",3668,144067025829790,144067027044237
"MEMORY_COPY","MEMORY_COPY_DEVICE_TO_HOST",1,"Agent 2","Agent 0",3668,144067027051597,144067028264444
"MEMORY_COPY","MEMORY_COPY_HOST_TO_DEVICE",1,"Agent 0","Agent 2",3674,144067186499601,144067188292771
"MEMORY_COPY","MEMORY_COPY_HOST_TO_DEVICE",1,"Agent 0","Agent 2",3674,144067188313291,144067189540058
"MEMORY_COPY","MEMORY_COPY_DEVICE_TO_HOST",1,"Agent 2","Agent 0",3678,144067203713051,144067204927458
"MEMORY_COPY","MEMORY_COPY_DEVICE_TO_HOST",1,"Agent 2","Agent 0",3678,144067217402692,144067218901100
"MEMORY_COPY","MEMORY_COPY_HOST_TO_DEVICE",1,"Agent 0","Agent 2",3684,144067379280466,144067380847595
"MEMORY_COPY","MEMORY_COPY_HOST_TO_DEVICE",1,"Agent 0","Agent 2",3684,144067380898665,144067382104352
"MEMORY_COPY","MEMORY_COPY_DEVICE_TO_HOST",1,"Agent 2","Agent 0",3688,144067398569058,144067400025866
"MEMORY_COPY","MEMORY_COPY_DEVICE_TO_HOST",1,"Agent 2","Agent 0",3688,144067413030722,144067414638772
"MEMORY_COPY","MEMORY_COPY_HOST_TO_DEVICE",1,"Agent 0","Agent 2",3692,144067519671120,144067521443770
"MEMORY_COPY","MEMORY_COPY_HOST_TO_DEVICE",1,"Agent 0","Agent 2",3692,144067521460730,144067522670137
"MEMORY_COPY","MEMORY_COPY_DEVICE_TO_HOST",1,"Agent 2","Agent 0",3696,144067522901458,144067524115985
"MEMORY_COPY","MEMORY_COPY_DEVICE_TO_HOST",1,"Agent 2","Agent 0",3696,144067524123065,144067525335952
"MEMORY_COPY","MEMORY_COPY_HOST_TO_DEVICE",1,"Agent 0","Agent 2",3702,144067617891576,144067619600386
"MEMORY_COPY","MEMORY_COPY_DEVICE_TO_HOST",1,"Agent 2","Agent 0",3706,144067632719282,144067634138491
"MEMORY_COPY","MEMORY_COPY_HOST_TO_DEVICE",1,"Agent 0","Agent 2",3724,144067948608181,144067950612272
"MEMORY_COPY","MEMORY_COPY_HOST_TO_DEVICE",1,"Agent 0","Agent 2",3736,144067957530782,144067957541222
"MEMORY_COPY","MEMORY_COPY_HOST_TO_DEVICE",1,"Agent 0","Agent 2",3748,144067960865011,144067960875371
"MEMORY_COPY","MEMORY_COPY_HOST_TO_DEVICE",1,"Agent 0","Agent 2",3760,144067982948771,144067983837456
"MEMORY_COPY","MEMORY_COPY_HOST_TO_DEVICE",1,"Agent 0","Agent 2",3772,144068006926141,144068007813226
"MEMORY_COPY","MEMORY_COPY_HOST_TO_DEVICE",1,"Agent 0","Agent 2",3784,144068014071960,144068014159000
"MEMORY_COPY","MEMORY_COPY_HOST_TO_DEVICE",1,"Agent 0","Agent 2",3796,144068019858353,144068019972394
"MEMORY_COPY","MEMORY_COPY_HOST_TO_DEVICE",1,"Agent 0","Agent 2",3808,144068025662607,144068025776448
"MEMORY_COPY","MEMORY_COPY_HOST_TO_DEVICE",1,"Agent 0","Agent 2",3834,144068025991359,144068026002399
"MEMORY_COPY","MEMORY_COPY_HOST_TO_DEVICE",1,"Agent 0","Agent 2",3872,144068026677793,144068026689513
"MEMORY_COPY","MEMORY_COPY_HOST_TO_DEVICE",1,"Agent 0","Agent 2",3874,144068027229006,144068027344527
"MEMORY_COPY","MEMORY_COPY_HOST_TO_DEVICE",1,"Agent 0","Agent 2",3886,144068031084309,144068031143669
"MEMORY_COPY","MEMORY_COPY_HOST_TO_DEVICE",1,"Agent 0","Agent 2",3898,144068130777821,144068132518271
"MEMORY_COPY","MEMORY_COPY_HOST_TO_DEVICE",1,"Agent 0","Agent 2",3898,144068132539031,144068133976759
"MEMORY_COPY","MEMORY_COPY_DEVICE_TO_HOST",1,"Agent 2","Agent 0",3902,144068148569625,144068150025393
"MEMORY_COPY","MEMORY_COPY_DEVICE_TO_HOST",1,"Agent 2","Agent 0",3902,144068161787342,144068163171110
"MEMORY_COPY","MEMORY_COPY_HOST_TO_DEVICE",1,"Agent 0","Agent 2",3906,144068234151877,144068235789246
"MEMORY_COPY","MEMORY_COPY_HOST_TO_DEVICE",1,"Agent 0","Agent 2",3906,144068235821206,144068237031253
"MEMORY_COPY","MEMORY_COPY_DEVICE_TO_HOST",1,"Agent 2","Agent 0",3910,144068237084193,144068238298800
"MEMORY_COPY","MEMORY_COPY_DEVICE_TO_HOST",1,"Agent 2","Agent 0",3910,144068238306120,144068239518967
"MEMORY_COPY","MEMORY_COPY_HOST_TO_DEVICE",1,"Agent 0","Agent 2",3914,144068308224779,144068309842668
"MEMORY_COPY","MEMORY_COPY_HOST_TO_DEVICE",1,"Agent 0","Agent 2",3914,144068309862348,144068311078875
"MEMORY_COPY","MEMORY_COPY_DEVICE_TO_HOST",1,"Agent 2","Agent 0",3918,144068311124615,144068312338422
"MEMORY_COPY","MEMORY_COPY_DEVICE_TO_HOST",1,"Agent 2","Agent 0",3918,144068312346628,144068313559315
"MEMORY_COPY","MEMORY_COPY_HOST_TO_DEVICE",1,"Agent 0","Agent 2",3922,144068378998370,144068380687019
"MEMORY_COPY","MEMORY_COPY_HOST_TO_DEVICE",1,"Agent 0","Agent 2",3922,144068380709419,144068381922306
"MEMORY_COPY","MEMORY_COPY_DEVICE_TO_HOST",1,"Agent 2","Agent 0",3926,144068381970846,144068383185413
"MEMORY_COPY","MEMORY_COPY_DEVICE_TO_HOST",1,"Agent 2","Agent 0",3926,144068383196693,144068384409620
"MEMORY_COPY","MEMORY_COPY_HOST_TO_DEVICE",1,"Agent 0","Agent 2",3932,144068542738726,144068544480336
"MEMORY_COPY","MEMORY_COPY_HOST_TO_DEVICE",1,"Agent 0","Agent 2",3932,144068544500456,144068545704623
"MEMORY_COPY","MEMORY_COPY_DEVICE_TO_HOST",1,"Agent 2","Agent 0",3936,144068560231208,144068561752657
"MEMORY_COPY","MEMORY_COPY_DEVICE_TO_HOST",1,"Agent 2","Agent 0",3936,144068574024659,144068575638908
"MEMORY_COPY","MEMORY_COPY_HOST_TO_DEVICE",1,"Agent 0","Agent 2",3942,144068736920055,144068738615104
"MEMORY_COPY","MEMORY_COPY_HOST_TO_DEVICE",1,"Agent 0","Agent 2",3942,144068738635544,144068740045512
"MEMORY_COPY","MEMORY_COPY_DEVICE_TO_HOST",1,"Agent 2","Agent 0",3946,144068754600907,144068756052716
"MEMORY_COPY","MEMORY_COPY_DEVICE_TO_HOST",1,"Agent 2","Agent 0",3946,144068770449160,144068771952689
"MEMORY_COPY","MEMORY_COPY_HOST_TO_DEVICE",1,"Agent 0","Agent 2",3950,144068840101539,144068841742028
"MEMORY_COPY","MEMORY_COPY_HOST_TO_DEVICE",1,"Agent 0","Agent 2",3950,144068841763508,144068842977555
"MEMORY_COPY","MEMORY_COPY_DEVICE_TO_HOST",1,"Agent 2","Agent 0",3954,144068843057875,144068844273802
"MEMORY_COPY","MEMORY_COPY_DEVICE_TO_HOST",1,"Agent 2","Agent 0",3954,144068844281082,144068845494129
"MEMORY_COPY","MEMORY_COPY_HOST_TO_DEVICE",1,"Agent 0","Agent 2",3960,144068937717277,144068939473927
"MEMORY_COPY","MEMORY_COPY_DEVICE_TO_HOST",1,"Agent 2","Agent 0",3964,144068953030656,144068954662505
"MEMORY_COPY","MEMORY_COPY_HOST_TO_DEVICE",1,"Agent 0","Agent 2",3982,144069195586790,144069197662002
"MEMORY_COPY","MEMORY_COPY_HOST_TO_DEVICE",1,"Agent 0","Agent 2",3994,144069207232028,144069207327148
"MEMORY_COPY","MEMORY_COPY_HOST_TO_DEVICE",1,"Agent 0","Agent 2",4006,144069213171082,144069213285443
"MEMORY_COPY","MEMORY_COPY_HOST_TO_DEVICE",1,"Agent 0","Agent 2",4018,144069236045166,144069236933452
"MEMORY_COPY","MEMORY_COPY_HOST_TO_DEVICE",1,"Agent 0","Agent 2",4030,144069242960097,144069243049818
"MEMORY_COPY","MEMORY_COPY_HOST_TO_DEVICE",1,"Agent 0","Agent 2",4042,144069248775271,144069248889632
"MEMORY_COPY","MEMORY_COPY_HOST_TO_DEVICE",1,"Agent 0","Agent 2",4054,144069254779006,144069254893327
"MEMORY_COPY","MEMORY_COPY_HOST_TO_DEVICE",1,"Agent 0","Agent 2",4114,144069255410600,144069255418000
"MEMORY_COPY","MEMORY_COPY_HOST_TO_DEVICE",1,"Agent 0","Agent 2",4124,144069260198286,144069260257966
"MEMORY_COPY","MEMORY_COPY_HOST_TO_DEVICE",1,"Agent 0","Agent 2",4136,144069400816929,144069402572579
"MEMORY_COPY","MEMORY_COPY_HOST_TO_DEVICE",1,"Agent 0","Agent 2",4136,144069402593419,144069403799306
"MEMORY_COPY","MEMORY_COPY_DEVICE_TO_HOST",1,"Agent 2","Agent 0",4140,144069417852908,144069419067355
"MEMORY_COPY","MEMORY_COPY_DEVICE_TO_HOST",1,"Agent 2","Agent 0",4140,144069432515024,144069434003593
"MEMORY_COPY","MEMORY_COPY_HOST_TO_DEVICE",1,"Agent 0","Agent 2",4144,144069540532382,144069542329352
"MEMORY_COPY","MEMORY_COPY_HOST_TO_DEVICE",1,"Agent 0","Agent 2",4144,144069542351352,144069543589679
"MEMORY_COPY","MEMORY_COPY_DEVICE_TO_HOST",1,"Agent 2","Agent 0",4148,144069543633499,144069545058868
"MEMORY_COPY","MEMORY_COPY_DEVICE_TO_HOST",1,"Agent 2","Agent 0",4148,144069545067388,144069546280275
"MEMORY_COPY","MEMORY_COPY_HOST_TO_DEVICE",1,"Agent 0","Agent 2",4152,144069643751368,144069645672739
"MEMORY_COPY","MEMORY_COPY_HOST_TO_DEVICE",1,"Agent 0","Agent 2",4152,144069645717139,144069646924226
"MEMORY_COPY","MEMORY_COPY_DEVICE_TO_HOST",1,"Agent 2","Agent 0",4156,144069646971996,144069648396565
"MEMORY_COPY","MEMORY_COPY_DEVICE_TO_HOST",1,"Agent 2","Agent 0",4156,144069648406885,144069649619692
"MEMORY_COPY","MEMORY_COPY_HOST_TO_DEVICE",1,"Agent 0","Agent 2",4160,144069708370449,144069709921538
"MEMORY_COPY","MEMORY_COPY_HOST_TO_DEVICE",1,"Agent 0","Agent 2",4160,144069709947058,144069711160665
"MEMORY_COPY","MEMORY_COPY_DEVICE_TO_HOST",1,"Agent 2","Agent 0",4164,144069711204765,144069712419092
"MEMORY_COPY","MEMORY_COPY_DEVICE_TO_HOST",1,"Agent 2","Agent 0",4164,144069712427612,144069713640379
"MEMORY_COPY","MEMORY_COPY_HOST_TO_DEVICE",1,"Agent 0","Agent 2",4170,144069872743318,144069874502928
"MEMORY_COPY","MEMORY_COPY_HOST_TO_DEVICE",1,"Agent 0","Agent 2",4170,144069875257282,144069876470289
"MEMORY_COPY","MEMORY_COPY_DEVICE_TO_HOST",1,"Agent 2","Agent 0",4174,144069892525713,144069894027562
"MEMORY_COPY","MEMORY_COPY_DEVICE_TO_HOST",1,"Agent 2","Agent 0",4174,144069907556402,144069909039850
"MEMORY_COPY","MEMORY_COPY_HOST_TO_DEVICE",1,"Agent 0","Agent 2",4180,144070075792886,144070077534816
"MEMORY_COPY","MEMORY_COPY_HOST_TO_DEVICE",1,"Agent 0","Agent 2",4180,144070077560158,144070078761765
"MEMORY_COPY","MEMORY_COPY_DEVICE_TO_HOST",1,"Agent 2","Agent 0",4184,144070094795697,144070096219905
"MEMORY_COPY","MEMORY_COPY_DEVICE_TO_HOST",1,"Agent 2","Agent 0",4184,144070117285455,144070145241769
"MEMORY_COPY","MEMORY_COPY_HOST_TO_DEVICE",1,"Agent 0","Agent 2",4188,144070215812594,144070217577884
"MEMORY_COPY","MEMORY_COPY_HOST_TO_DEVICE",1,"Agent 0","Agent 2",4188,144070217598644,144070218804691
"MEMORY_COPY","MEMORY_COPY_DEVICE_TO_HOST",1,"Agent 2","Agent 0",4192,144070219035092,144070220249419
"MEMORY_COPY","MEMORY_COPY_DEVICE_TO_HOST",1,"Agent 2","Agent 0",4192,144070220256447,144070221469414
"MEMORY_COPY","MEMORY_COPY_HOST_TO_DEVICE",1,"Agent 0","Agent 2",4198,144070316798985,144070318575155
"MEMORY_COPY","MEMORY_COPY_DEVICE_TO_HOST",1,"Agent 2","Agent 0",4202,144070333329031,144070334872120
"MEMORY_COPY","MEMORY_COPY_HOST_TO_DEVICE",1,"Agent 0","Agent 2",4220,144070656658171,144070658444141
"MEMORY_COPY","MEMORY_COPY_HOST_TO_DEVICE",1,"Agent 0","Agent 2",4232,144070665268771,144070665278971
"MEMORY_COPY","MEMORY_COPY_HOST_TO_DEVICE",1,"Agent 0","Agent 2",4244,144070668483480,144070668493840
"MEMORY_COPY","MEMORY_COPY_HOST_TO_DEVICE",1,"Agent 0","Agent 2",4256,144070691114753,144070692003718
"MEMORY_COPY","MEMORY_COPY_HOST_TO_DEVICE",1,"Agent 0","Agent 2",4268,144070714663351,144070715555757
"MEMORY_COPY","MEMORY_COPY_HOST_TO_DEVICE",1,"Agent 0","Agent 2",4280,144070721473002,144070721561842
"MEMORY_COPY","MEMORY_COPY_HOST_TO_DEVICE",1,"Agent 0","Agent 2",4292,144070727481716,144070727595877
"MEMORY_COPY","MEMORY_COPY_HOST_TO_DEVICE",1,"Agent 0","Agent 2",4304,144070733409491,144070733523612
"MEMORY_COPY","MEMORY_COPY_HOST_TO_DEVICE",1,"Agent 0","Agent 2",4330,144070733722373,144070733733373
"MEMORY_COPY","MEMORY_COPY_HOST_TO_DEVICE",1,"Agent 0","Agent 2",4368,144070735747535,144070735759375
"MEMORY_COPY","MEMORY_COPY_HOST_TO_DEVICE",1,"Agent 0","Agent 2",4370,144070736332118,144070736447359
"MEMORY_COPY","MEMORY_COPY_HOST_TO_DEVICE",1,"Agent 0","Agent 2",4382,144070740108231,144070740167791
"MEMORY_COPY","MEMORY_COPY_HOST_TO_DEVICE",1,"Agent 0","Agent 2",4394,144070838106673,144070839972524
"MEMORY_COPY","MEMORY_COPY_HOST_TO_DEVICE",1,"Agent 0","Agent 2",4394,144070841110270,144070842550199
"MEMORY_COPY","MEMORY_COPY_DEVICE_TO_HOST",1,"Agent 2","Agent 0",4398,144070856522721,144070858013130
"MEMORY_COPY","MEMORY_COPY_DEVICE_TO_HOST",1,"Agent 2","Agent 0",4398,144070869599778,144070871066506
"MEMORY_COPY","MEMORY_COPY_HOST_TO_DEVICE",1,"Agent 0","Agent 2",4402,144070940451843,144070942043092
"MEMORY_COPY","MEMORY_COPY_HOST_TO_DEVICE",1,"Agent 0","Agent 2",4402,144070942066372,144070943282739
"MEMORY_COPY","MEMORY_COPY_DEVICE_TO_HOST",1,"Agent 2","Agent 0",4406,144070943329079,144070944545806
"MEMORY_COPY","MEMORY_COPY_DEVICE_TO_HOST",1,"Agent 2","Agent 0",4406,144070944553046,144070945765973
"MEMORY_COPY","MEMORY_COPY_HOST_TO_DEVICE",1,"Agent 0","Agent 2",4410,144071046387560,144071047938329
"MEMORY_COPY","MEMORY_COPY_HOST_TO_DEVICE",1,"Agent 0","Agent 2",4410,144071047975129,144071049390377
"MEMORY_COPY","MEMORY_COPY_DEVICE_TO_HOST",1,"Agent 2","Agent 0",4414,144071049442467,144071050658074
"MEMORY_COPY","MEMORY_COPY_DEVICE_TO_HOST",1,"Agent 2","Agent 0",4414,144071050665235,144071051878002
"MEMORY_COPY","MEMORY_COPY_HOST_TO_DEVICE",1,"Agent 0","Agent 2",4418,144071116880998,144071118606648
"MEMORY_COPY","MEMORY_COPY_HOST_TO_DEVICE",1,"Agent 0","Agent 2",4418,144071118626888,144071119847095
"MEMORY_COPY","MEMORY_COPY_DEVICE_TO_HOST",1,"Agent 2","Agent 0",4422,144071119891095,144071121106262
"MEMORY_COPY","MEMORY_COPY_DEVICE_TO_HOST",1,"Agent 2","Agent 0",4422,144071121113422,144071122326309
"MEMORY_COPY","MEMORY_COPY_HOST_TO_DEVICE",1,"Agent 0","Agent 2",4428,144071283046283,144071284711572
"MEMORY_COPY","MEMORY_COPY_HOST_TO_DEVICE",1,"Agent 0","Agent 2",4428,144071285075524,144071286279251
"MEMORY_COPY","MEMORY_COPY_DEVICE_TO_HOST",1,"Agent 2","Agent 0",4432,144071300004142,144071301220429
"MEMORY_COPY","MEMORY_COPY_DEVICE_TO_HOST",1,"Agent 2","Agent 0",4432,144071313577111,144071315050680
"MEMORY_COPY","MEMORY_COPY_HOST_TO_DEVICE",1,"Agent 0","Agent 2",4438,144071476487571,144071477999300
"MEMORY_COPY","MEMORY_COPY_HOST_TO_DEVICE",1,"Agent 0","Agent 2",4438,144071478537492,144071479741739
"MEMORY_COPY","MEMORY_COPY_DEVICE_TO_HOST",1,"Agent 2","Agent 0",4442,144071494635397,144071496089726
"MEMORY_COPY","MEMORY_COPY_DEVICE_TO_HOST",1,"Agent 2","Agent 0",4442,144071510111949,144071511730598
"MEMORY_COPY","MEMORY_COPY_HOST_TO_DEVICE",1,"Agent 0","Agent 2",4446,144071622450681,144071624012450
"MEMORY_COPY","MEMORY_COPY_HOST_TO_DEVICE",1,"Agent 0","Agent 2",4446,144071624055770,144071625821220
"MEMORY_COPY","MEMORY_COPY_DEVICE_TO_HOST",1,"Agent 2","Agent 0",4450,144071625900551,144071627325839
"MEMORY_COPY","MEMORY_COPY_DEVICE_TO_HOST",1,"Agent 2","Agent 0",4450,144071627336119,144071628548766
"MEMORY_COPY","MEMORY_COPY_HOST_TO_DEVICE",1,"Agent 0","Agent 2",4456,144071723506313,144071725034162
"MEMORY_COPY","MEMORY_COPY_DEVICE_TO_HOST",1,"Agent 2","Agent 0",4460,144071739532367,144071741030416
"MEMORY_COPY","MEMORY_COPY_HOST_TO_DEVICE",1,"Agent 0","Agent 2",4478,144072066253266,144072067870995
"MEMORY_COPY","MEMORY_COPY_HOST_TO_DEVICE",1,"Agent 0","Agent 2",4490,144072075542760,144072075553240
"MEMORY_COPY","MEMORY_COPY_HOST_TO_DEVICE",1,"Agent 0","Agent 2",4502,144072078856759,144072078868959
"MEMORY_COPY","MEMORY_COPY_HOST_TO_DEVICE",1,"Agent 0","Agent 2",4514,144072101897915,144072102792120
"MEMORY_COPY","MEMORY_COPY_HOST_TO_DEVICE",1,"Agent 0","Agent 2",4526,144072125902817,144072126794822
"MEMORY_COPY","MEMORY_COPY_HOST_TO_DEVICE",1,"Agent 0","Agent 2",4538,144072133056441,144072133147681
"MEMORY_COPY","MEMORY_COPY_HOST_TO_DEVICE",1,"Agent 0","Agent 2",4550,144072138636933,144072138751174
"MEMORY_COPY","MEMORY_COPY_HOST_TO_DEVICE",1,"Agent 0","Agent 2",4562,144072144723899,144072144838179
"MEMORY_COPY","MEMORY_COPY_HOST_TO_DEVICE",1,"Agent 0","Agent 2",4588,144072145069171,144072145080291
"MEMORY_COPY","MEMORY_COPY_HOST_TO_DEVICE",1,"Agent 0","Agent 2",4626,144072145333062,144072145344902
"MEMORY_COPY","MEMORY_COPY_HOST_TO_DEVICE",1,"Agent 0","Agent 2",4628,144072145869035,144072145983876
"MEMORY_COPY","MEMORY_COPY_HOST_TO_DEVICE",1,"Agent 0","Agent 2",4640,144072149514327,144072149573927
"MEMORY_COPY","MEMORY_COPY_HOST_TO_DEVICE",1,"Agent 0","Agent 2",4652,144072254238452,144072255887381
"MEMORY_COPY","MEMORY_COPY_HOST_TO_DEVICE",1,"Agent 0","Agent 2",4652,144072255902261,144072257680791
"MEMORY_COPY","MEMORY_COPY_DEVICE_TO_HOST",1,"Agent 2","Agent 0",4656,144072272789510,144072274213759
"MEMORY_COPY","MEMORY_COPY_DEVICE_TO_HOST",1,"Agent 2","Agent 0",4656,144072288382552,144072289929001
"MEMORY_COPY","MEMORY_COPY_HOST_TO_DEVICE",1,"Agent 0","Agent 2",4660,144072361502909,144072363026518
"MEMORY_COPY","MEMORY_COPY_HOST_TO_DEVICE",1,"Agent 0","Agent 2",4660,144072363052020,144072364266947
"MEMORY_COPY","MEMORY_COPY_DEVICE_TO_HOST",1,"Agent 2","Agent 0",4664,144072364528776,144072365743303
"MEMORY_COPY","MEMORY_COPY_DEVICE_TO_HOST",1,"Agent 2","Agent 0",4664,144072365750583,144072366963511
"MEMORY_COPY","MEMORY_COPY_HOST_TO_DEVICE",1,"Agent 0","Agent 2",4668,144072402153148,144072403781798
"MEMORY_COPY","MEMORY_COPY_HOST_TO_DEVICE",1,"Agent 0","Agent 2",4668,144072403797958,144072405010645
"MEMORY_COPY","MEMORY_COPY_DEVICE_TO_HOST",1,"Agent 2","Agent 0",4672,144072405077326,144072406293413
"MEMORY_COPY","MEMORY_COPY_DEVICE_TO_HOST",1,"Agent 2","Agent 0",4672,144072406300733,144072407513700
"MEMORY_COPY","MEMORY_COPY_HOST_TO_DEVICE",1,"Agent 0","Agent 2",4676,144072472418295,144072473967744
"MEMORY_COPY","MEMORY_COPY_HOST_TO_DEVICE",1,"Agent 0","Agent 2",4676,144072473986304,144072475209111
"MEMORY_COPY","MEMORY_COPY_DEVICE_TO_HOST",1,"Agent 2","Agent 0",4680,144072475255881,144072476473368
"MEMORY_COPY","MEMORY_COPY_DEVICE_TO_HOST",1,"Agent 2","Agent 0",4680,144072476480688,144072477696095
"MEMORY_COPY","MEMORY_COPY_HOST_TO_DEVICE",1,"Agent 0","Agent 2",4686,144072640487829,144072642008198
"MEMORY_COPY","MEMORY_COPY_HOST_TO_DEVICE",1,"Agent 0","Agent 2",4686,144072642052998,144072643464526
"MEMORY_COPY","MEMORY_COPY_DEVICE_TO_HOST",1,"Agent 2","Agent 0",4690,144072658960167,144072660336615
"MEMORY_COPY","MEMORY_COPY_DEVICE_TO_HOST",1,"Agent 2","Agent 0",4690,144072674773181,144072676189389
"MEMORY_COPY","MEMORY_COPY_HOST_TO_DEVICE",1,"Agent 0","Agent 2",4696,144072837900253,144072839632103
"MEMORY_COPY","MEMORY_COPY_HOST_TO_DEVICE",1,"Agent 0","Agent 2",4696,144072839653943,144072840855070
"MEMORY_COPY","MEMORY_COPY_DEVICE_TO_HOST",1,"Agent 2","Agent 0",4700,144072856076390,144072857742599
"MEMORY_COPY","MEMORY_COPY_DEVICE_TO_HOST",1,"Agent 2","Agent 0",4700,144072871200509,144072872829518
"MEMORY_COPY","MEMORY_COPY_HOST_TO_DEVICE",1,"Agent 0","Agent 2",4704,144072936426554,144072937977563
"MEMORY_COPY","MEMORY_COPY_HOST_TO_DEVICE",1,"Agent 0","Agent 2",4704,144072938042403,144072939255490
"MEMORY_COPY","MEMORY_COPY_DEVICE_TO_HOST",1,"Agent 2","Agent 0",4708,144072939304450,144072940518417
"MEMORY_COPY","MEMORY_COPY_DEVICE_TO_HOST",1,"Agent 2","Agent 0",4708,144072940526858,144072941739705
"MEMORY_COPY","MEMORY_COPY_HOST_TO_DEVICE",1,"Agent 0","Agent 2",4714,144073034071095,144073035811225
"MEMORY_COPY","MEMORY_COPY_DEVICE_TO_HOST",1,"Agent 2","Agent 0",4718,144073049877338,144073051280426
"MEMORY_COPY","MEMORY_COPY_HOST_TO_DEVICE",1,"Agent 0","Agent 2",4736,144073367595806,144073369385976
"MEMORY_COPY","MEMORY_COPY_HOST_TO_DEVICE",1,"Agent 0","Agent 2",4748,144073376299226,144073376310506
"MEMORY_COPY","MEMORY_COPY_HOST_TO_DEVICE",1,"Agent 0","Agent 2",4760,144073379572086,144073379583486
"MEMORY_COPY","MEMORY_COPY_HOST_TO_DEVICE",1,"Agent 0","Agent 2",4772,144073401751247,144073402643092
"MEMORY_COPY","MEMORY_COPY_HOST_TO_DEVICE",1,"Agent 0","Agent 2",4784,144073427514360,144073428399565
"MEMORY_COPY","MEMORY_COPY_HOST_TO_DEVICE",1,"Agent 0","Agent 2",4796,144073434426740,144073434541060
"MEMORY_COPY","MEMORY_COPY_HOST_TO_DEVICE",1,"Agent 0","Agent 2",4808,144073440058852,144073440173213
"MEMORY_COPY","MEMORY_COPY_HOST_TO_DEVICE",1,"Agent 0","Agent 2",4820,144073445812906,144073445927107
"MEMORY_COPY","MEMORY_COPY_HOST_TO_DEVICE",1,"Agent 0","Agent 2",4846,144073446270599,144073446281679
"MEMORY_COPY","MEMORY_COPY_HOST_TO_DEVICE",1,"Agent 0","Agent 2",4884,144073446518571,144073446530331
"MEMORY_COPY","MEMORY_COPY_HOST_TO_DEVICE",1,"Agent 0","Agent 2",4886,144073447090574,144073447205975
"MEMORY_COPY","MEMORY_COPY_HOST_TO_DEVICE",1,"Agent 0","Agent 2",4898,144073450724256,144073450783736
"MEMORY_COPY","MEMORY_COPY_HOST_TO_DEVICE",1,"Agent 0","Agent 2",4910,144073588838890,144073590867542
"MEMORY_COPY","MEMORY_COPY_HOST_TO_DEVICE",1,"Agent 0","Agent 2",4910,144073590884942,144073592144789
"MEMORY_COPY","MEMORY_COPY_DEVICE_TO_HOST",1,"Agent 2","Agent 0",4914,144073606106932,144073607323339
"MEMORY_COPY","MEMORY_COPY_DEVICE_TO_HOST",1,"Agent 2","Agent 0",4914,144073620507467,144073622019636
"MEMORY_COPY","MEMORY_COPY_HOST_TO_DEVICE",1,"Agent 0","Agent 2",4918,144073658471190,144073660040119
"MEMORY_COPY","MEMORY_COPY_HOST_TO_DEVICE",1,"Agent 0","Agent 2",4918,144073660058639,144073661275726
"MEMORY_COPY","MEMORY_COPY_DEVICE_TO_HOST",1,"Agent 2","Agent 0",4922,144073661322306,144073662543233
"MEMORY_COPY","MEMORY_COPY_DEVICE_TO_HOST",1,"Agent 2","Agent 0",4922,144073662574953,144073663788001
"MEMORY_COPY","MEMORY_COPY_HOST_TO_DEVICE",1,"Agent 0","Agent 2",4926,144073732809969,144073734586619
"MEMORY_COPY","MEMORY_COPY_HOST_TO_DEVICE",1,"Agent 0","Agent 2",4926,144073734625659,144073735839106
"MEMORY_COPY","MEMORY_COPY_DEVICE_TO_HOST",1,"Agent 2","Agent 0",4930,144073735897756,144073737112563
"MEMORY_COPY","MEMORY_COPY_DEVICE_TO_HOST",1,"Agent 2","Agent 0",4930,144073738474691,144073739688179
"MEMORY_COPY","MEMORY_COPY_HOST_TO_DEVICE",1,"Agent 0","Agent 2",4934,144073801979304,144073803698754
"MEMORY_COPY","MEMORY_COPY_HOST_TO_DEVICE",1,"Agent 0","Agent 2",4934,144073803716234,144073804926961
"MEMORY_COPY","MEMORY_COPY_DEVICE_TO_HOST",1,"Agent 2","Agent 0",4938,144073804974861,144073806189268
"MEMORY_COPY","MEMORY_COPY_DEVICE_TO_HOST",1,"Agent 2","Agent 0",4938,144073806197548,144073807410315
"MEMORY_COPY","MEMORY_COPY_HOST_TO_DEVICE",1,"Agent 0","Agent 2",4944,144073966595884,144073968123533
"MEMORY_COPY","MEMORY_COPY_HOST_TO_DEVICE",1,"Agent 0","Agent 2",4944,144073968157253,144073969358140
"MEMORY_COPY","MEMORY_COPY_DEVICE_TO_HOST",1,"Agent 2","Agent 0",4948,144073986047659,144073987716868
"MEMORY_COPY","MEMORY_COPY_DEVICE_TO_HOST",1,"Agent 2","Agent 0",4948,144074001671821,144074003148830
"MEMORY_COPY","MEMORY_COPY_HOST_TO_DEVICE",1,"Agent 0","Agent 2",4954,144074135113048,144074136788338
"MEMORY_COPY","MEMORY_COPY_HOST_TO_DEVICE",1,"Agent 0","Agent 2",4954,144074136827818,144074138029785
"MEMORY_COPY","MEMORY_COPY_DEVICE_TO_HOST",1,"Agent 2","Agent 0",4958,144074152584491,144074154093460
"MEMORY_COPY","MEMORY_COPY_DEVICE_TO_HOST",1,"Agent 2","Agent 0",4958,144074167068897,144074168718107
"MEMORY_COPY","MEMORY_COPY_HOST_TO_DEVICE",1,"Agent 0","Agent 2",4962,144074267243005,144074268886774
"MEMORY_COPY","MEMORY_COPY_HOST_TO_DEVICE",1,"Agent 0","Agent 2",4962,144074268909218,144074270326466
"MEMORY_COPY","MEMORY_COPY_DEVICE_TO_HOST",1,"Agent 2","Agent 0",4966,144074270371502,144074271586709
"MEMORY_COPY","MEMORY_COPY_DEVICE_TO_HOST",1,"Agent 2","Agent 0",4966,144074271594829,144074272807597
"MEMORY_COPY","MEMORY_COPY_HOST_TO_DEVICE",1,"Agent 0","Agent 2",4972,144074364855885,144074366628975
"MEMORY_COPY","MEMORY_COPY_DEVICE_TO_HOST",1,"Agent 2","Agent 0",4976,144074380806818,144074382235747
"MEMORY_COPY","MEMORY_COPY_HOST_TO_DEVICE",1,"Agent 0","Agent 2",4994,144074629457421,144074631049150
"MEMORY_COPY","MEMORY_COPY_HOST_TO_DEVICE",1,"Agent 0","Agent 2",5006,144074642683938,144074642798419
"MEMORY_COPY","MEMORY_COPY_HOST_TO_DEVICE",1,"Agent 0","Agent 2",5018,144074648540373,144074648654694
"MEMORY_COPY","MEMORY_COPY_HOST_TO_DEVICE",1,"Agent 0","Agent 2",5030,144074671652520,144074672537965
"MEMORY_COPY","MEMORY_COPY_HOST_TO_DEVICE",1,"Agent 0","Agent 2",5042,144074678856953,144074678971273
"MEMORY_COPY","MEMORY_COPY_HOST_TO_DEVICE",1,"Agent 0","Agent 2",5054,144074684834678,144074684949159
"MEMORY_COPY","MEMORY_COPY_HOST_TO_DEVICE",1,"Agent 0","Agent 2",5066,144074690677033,144074690791713
"MEMORY_COPY","MEMORY_COPY_HOST_TO_DEVICE",1,"Agent 0","Agent 2",5126,144074691332287,144074691339927
"MEMORY_COPY","MEMORY_COPY_HOST_TO_DEVICE",1,"Agent 0","Agent 2",5136,144074696288517,144074696348157
"MEMORY_COPY","MEMORY_COPY_HOST_TO_DEVICE",1,"Agent 0","Agent 2",5148,144074835920945,144074837644035
"MEMORY_COPY","MEMORY_COPY_HOST_TO_DEVICE",1,"Agent 0","Agent 2",5148,144074837656795,144074838859962
"MEMORY_COPY","MEMORY_COPY_DEVICE_TO_HOST",1,"Agent 2","Agent 0",5152,144074853625029,144074855111438
"MEMORY_COPY","MEMORY_COPY_DEVICE_TO_HOST",1,"Agent 2","Agent 0",5152,144074867897564,144074869301292
"MEMORY_COPY","MEMORY_COPY_HOST_TO_DEVICE",1,"Agent 0","Agent 2",5156,144074938618642,144074940151851
"MEMORY_COPY","MEMORY_COPY_HOST_TO_DEVICE",1,"Agent 0","Agent 2",5156,144074940163171,144074941370858
"MEMORY_COPY","MEMORY_COPY_DEVICE_TO_HOST",1,"Agent 2","Agent 0",5160,144074941442138,144074942656505
"MEMORY_COPY","MEMORY_COPY_DEVICE_TO_HOST",1,"Agent 2","Agent 0",5160,144074942664745,144074943878553
"MEMORY_COPY","MEMORY_COPY_HOST_TO_DEVICE",1,"Agent 0","Agent 2",5164,144075013009322,144075014743692
"MEMORY_COPY","MEMORY_COPY_HOST_TO_DEVICE",1,"Agent 0","Agent 2",5164,144075014754212,144075015962899
"MEMORY_COPY","MEMORY_COPY_DEVICE_TO_HOST",1,"Agent 2","Agent 0",5168,144075016023329,144075017238136
"MEMORY_COPY","MEMORY_COPY_DEVICE_TO_HOST",1,"Agent 2","Agent 0",5168,144075017245216,144075018457984
"MEMORY_COPY","MEMORY_COPY_HOST_TO_DEVICE",1,"Agent 0","Agent 2",5172,144075080636903,144075082131631
"MEMORY_COPY","MEMORY_COPY_HOST_TO_DEVICE",1,"Agent 0","Agent 2",5172,144075082142111,144075083363118
"MEMORY_COPY","MEMORY_COPY_DEVICE_TO_HOST",1,"Agent 2","Agent 0",5176,144075083434208,144075084649055
"MEMORY_COPY","MEMORY_COPY_DEVICE_TO_HOST",1,"Agent 2","Agent 0",5176,144075084656135,144075085868903
"MEMORY_COPY","MEMORY_COPY_HOST_TO_DEVICE",1,"Agent 0","Agent 2",5182,144075246656588,144075248154356
"MEMORY_COPY","MEMORY_COPY_HOST_TO_DEVICE",1,"Agent 0","Agent 2",5182,144075248178636,144075249383923
"MEMORY_COPY","MEMORY_COPY_DEVICE_TO_HOST",1,"Agent 2","Agent 0",5186,144075263785018,144075265227507
"MEMORY_COPY","MEMORY_COPY_DEVICE_TO_HOST",1,"Agent 2","Agent 0",5186,144075278324944,144075279918114
"MEMORY_COPY","MEMORY_COPY_HOST_TO_DEVICE",1,"Agent 0","Agent 2",5192,144075441679926,144075443474536
"MEMORY_COPY","MEMORY_COPY_HOST_TO_DEVICE",1,"Agent 0","Agent 2",5192,144075443486536,144075444701623
"MEMORY_COPY","MEMORY_COPY_DEVICE_TO_HOST",1,"Agent 2","Agent 0",5196,144075459738822,144075460953829
"MEMORY_COPY","MEMORY_COPY_DEVICE_TO_HOST",1,"Agent 2","Agent 0",5196,144075476888934,144075478302022
"MEMORY_COPY","MEMORY_COPY_HOST_TO_DEVICE",1,"Agent 0","Agent 2",5200,144075581715646,144075583511456
"MEMORY_COPY","MEMORY_COPY_HOST_TO_DEVICE",1,"Agent 0","Agent 2",5200,144075583554296,144075584770143
"MEMORY_COPY","MEMORY_COPY_DEVICE_TO_HOST",1,"Agent 2","Agent 0",5204,144075584819893,144075586245102
"MEMORY_COPY","MEMORY_COPY_DEVICE_TO_HOST",1,"Agent 2","Agent 0",5204,144075586252182,144075587465109
"MEMORY_COPY","MEMORY_COPY_HOST_TO_DEVICE",1,"Agent 0","Agent 2",5210,144075678641822,144075680150230
"MEMORY_COPY","MEMORY_COPY_DEVICE_TO_HOST",1,"Agent 2","Agent 0",5214,144075693697150,144075695170199
"MEMORY_COPY","MEMORY_COPY_HOST_TO_DEVICE",1,"Agent 0","Agent 2",5232,144076016381171,144076017999180
"MEMORY_COPY","MEMORY_COPY_HOST_TO_DEVICE",1,"Agent 0","Agent 2",5244,144076024982691,144076024993851
"MEMORY_COPY","MEMORY_COPY_HOST_TO_DEVICE",1,"Agent 0","Agent 2",5256,144076028703093,144076028716173
"MEMORY_COPY","MEMORY_COPY_HOST_TO_DEVICE",1,"Agent 0","Agent 2",5268,144076051400978,144076052303023
"MEMORY_COPY","MEMORY_COPY_HOST_TO_DEVICE",1,"Agent 0","Agent 2",5280,144076074855787,144076076079114
"MEMORY_COPY","MEMORY_COPY_HOST_TO_DEVICE",1,"Agent 0","Agent 2",5292,144076081863935,144076081953295
"MEMORY_COPY","MEMORY_COPY_HOST_TO_DEVICE",1,"Agent 0","Agent 2",5304,144076087440047,144076087555408
"MEMORY_COPY","MEMORY_COPY_HOST_TO_DEVICE",1,"Agent 0","Agent 2",5316,144076093198271,144076093313272
"MEMORY_COPY","MEMORY_COPY_HOST_TO_DEVICE",1,"Agent 0","Agent 2",5342,144076093532093,144076093543613
"MEMORY_COPY","MEMORY_COPY_HOST_TO_DEVICE",1,"Agent 0","Agent 2",5380,144076093783245,144076093795765
"MEMORY_COPY","MEMORY_COPY_HOST_TO_DEVICE",1,"Agent 0","Agent 2",5382,144076094341108,144076094456949
"MEMORY_COPY","MEMORY_COPY_HOST_TO_DEVICE",1,"Agent 0","Agent 2",5394,144076098136721,144076098197401
"MEMORY_COPY","MEMORY_COPY_HOST_TO_DEVICE",1,"Agent 0","Agent 2",5406,144076232570095,144076234131464
"MEMORY_COPY","MEMORY_COPY_HOST_TO_DEVICE",1,"Agent 0","Agent 2",5406,144076234155104,144076235905394
"MEMORY_COPY","MEMORY_COPY_DEVICE_TO_HOST",1,"Agent 2","Agent 0",5410,144076249794917,144076251251165
"MEMORY_COPY","MEMORY_COPY_DEVICE_TO_HOST",1,"Agent 2","Agent 0",5410,144076264192952,144076265824802
"MEMORY_COPY","MEMORY_COPY_HOST_TO_DEVICE",1,"Agent 0","Agent 2",5414,144076371480149,144076373089318
"MEMORY_COPY","MEMORY_COPY_HOST_TO_DEVICE",1,"Agent 0","Agent 2",5414,144076373115078,144076374674127
"MEMORY_COPY","MEMORY_COPY_DEVICE_TO_HOST",1,"Agent 2","Agent 0",5418,144076374749737,144076376204106
"MEMORY_COPY","MEMORY_COPY_DEVICE_TO_HOST",1,"Agent 2","Agent 0",5418,144076376211546,144076377424433
"MEMORY_COPY","MEMORY_COPY_HOST_TO_DEVICE",1,"Agent 0","Agent 2",5422,144076482516947,144076484072836
"MEMORY_COPY","MEMORY_COPY_HOST_TO_DEVICE",1,"Agent 0","Agent 2",5422,144076484093436,144076485741685
"MEMORY_COPY","MEMORY_COPY_DEVICE_TO_HOST",1,"Agent 2","Agent 0",5426,144076485786046,144076487001573
"MEMORY_COPY","MEMORY_COPY_DEVICE_TO_HOST",1,"Agent 2","Agent 0",5426,144076487040493,144076488256220
"MEMORY_COPY","MEMORY_COPY_HOST_TO_DEVICE",1,"Agent 0","Agent 2",5430,144076588333625,144076589939954
"MEMORY_COPY","MEMORY_COPY_HOST_TO_DEVICE",1,"Agent 0","Agent 2",5430,144076589963274,144076591179361
"MEMORY_COPY","MEMORY_COPY_DEVICE_TO_HOST",1,"Agent 2","Agent 0",5434,144076591224391,144076592653640
"MEMORY_COPY","MEMORY_COPY_DEVICE_TO_HOST",1,"Agent 2","Agent 0",5434,144076592674200,144076593887567
"MEMORY_COPY","MEMORY_COPY_HOST_TO_DEVICE",1,"Agent 0","Agent 2",5440,144076751543776,144076753144265
"MEMORY_COPY","MEMORY_COPY_HOST_TO_DEVICE",1,"Agent 0","Agent 2",5440,144076753183265,144076754602473
"MEMORY_COPY","MEMORY_COPY_DEVICE_TO_HOST",1,"Agent 2","Agent 0",5444,144076771244382,144076772872032
"MEMORY_COPY","MEMORY_COPY_DEVICE_TO_HOST",1,"Agent 2","Agent 0",5444,144076787503729,144076789042019
"MEMORY_COPY","MEMORY_COPY_HOST_TO_DEVICE",1,"Agent 0","Agent 2",5450,144076952154829,144076953831279
"MEMORY_COPY","MEMORY_COPY_HOST_TO_DEVICE",1,"Agent 0","Agent 2",5450,144076953871569,144076955073576
"MEMORY_COPY","MEMORY_COPY_DEVICE_TO_HOST",1,"Agent 2","Agent 0",5454,144076969956144,144076971362073
"MEMORY_COPY","MEMORY_COPY_DEVICE_TO_HOST",1,"Agent 2","Agent 0",5454,144076985805599,144076987254487
"MEMORY_COPY","MEMORY_COPY_HOST_TO_DEVICE",1,"Agent 0","Agent 2",5458,144077089365455,144077090975304
"MEMORY_COPY","MEMORY_COPY_HOST_TO_DEVICE",1,"Agent 0","Agent 2",5458,144077090998104,144077092204151
"MEMORY_COPY","MEMORY_COPY_DEVICE_TO_HOST",1,"Agent 2","Agent 0",5462,144077092249741,144077093681070
"MEMORY_COPY","MEMORY_COPY_DEVICE_TO_HOST",1,"Agent 2","Agent 0",5462,144077093688190,144077094900917
"MEMORY_COPY","MEMORY_COPY_HOST_TO_DEVICE",1,"Agent 0","Agent 2",5468,144077191442324,144077193018773
"MEMORY_COPY","MEMORY_COPY_DEVICE_TO_HOST",1,"Agent 2","Agent 0",5472,144077210248505,144077211868715
"MEMORY_COPY","MEMORY_COPY_HOST_TO_DEVICE",1,"Agent 0","Agent 2",5490,144077555352602,144077556993411
"MEMORY_COPY","MEMORY_COPY_HOST_TO_DEVICE",1,"Agent 0","Agent 2",5502,144077564425375,144077564435735
"MEMORY_COPY","MEMORY_COPY_HOST_TO_DEVICE",1,"Agent 0","Agent 2",5514,144077567749714,144077567761875
"MEMORY_COPY","MEMORY_COPY_HOST_TO_DEVICE",1,"Agent 0","Agent 2",5526,144077590105778,144077590995943
"MEMORY_COPY","MEMORY_COPY_HOST_TO_DEVICE",1,"Agent 0","Agent 2",5538,144077613991260,144077614879665
"MEMORY_COPY","MEMORY_COPY_HOST_TO_DEVICE",1,"Agent 0","Agent 2",5550,144077621016719,144077621106279
"MEMORY_COPY","MEMORY_COPY_HOST_TO_DEVICE",1,"Agent 0","Agent 2",5562,144077626737172,144077626851653
"MEMORY_COPY","MEMORY_COPY_HOST_TO_DEVICE",1,"Agent 0","Agent 2",5574,144077632315135,144077632429616
"MEMORY_COPY","MEMORY_COPY_HOST_TO_DEVICE",1,"Agent 0","Agent 2",5600,144077632633637,144077632644717
"MEMORY_COPY","MEMORY_COPY_HOST_TO_DEVICE",1,"Agent 0","Agent 2",5638,144077633279861,144077633291381
"MEMORY_COPY","MEMORY_COPY_HOST_TO_DEVICE",1,"Agent 0","Agent 2",5640,144077633841374,144077633956415
"MEMORY_COPY","MEMORY_COPY_HOST_TO_DEVICE",1,"Agent 0","Agent 2",5652,144077637705157,144077637764438
"MEMORY_COPY","MEMORY_COPY_HOST_TO_DEVICE",1,"Agent 0","Agent 2",5664,144077778828663,144077780624753
"MEMORY_COPY","MEMORY_COPY_HOST_TO_DEVICE",1,"Agent 0","Agent 2",5664,144077782132941,144077783691071
"MEMORY_COPY","MEMORY_COPY_DEVICE_TO_HOST",1,"Agent 2","Agent 0",5668,144077798776411,144077800249260
"MEMORY_COPY","MEMORY_COPY_DEVICE_TO_HOST",1,"Agent 2","Agent 0",5668,144077814737906,144077816210595
"MEMORY_COPY","MEMORY_COPY_HOST_TO_DEVICE",1,"Agent 0","Agent 2",5672,144077888398067,144077890002196
"MEMORY_COPY","MEMORY_COPY_HOST_TO_DEVICE",1,"Agent 0","Agent 2",5672,144077890040196,144077891702086
"MEMORY_COPY","MEMORY_COPY_DEVICE_TO_HOST",1,"Agent 2","Agent 0",5676,144077891752046,144077892967693
"MEMORY_COPY","MEMORY_COPY_DEVICE_TO_HOST",1,"Agent 2","Agent 0",5676,144077892976053,144077894191180
"MEMORY_COPY","MEMORY_COPY_HOST_TO_DEVICE",1,"Agent 0","Agent 2",5680,144077965167813,144077966877583
"MEMORY_COPY","MEMORY_COPY_HOST_TO_DEVICE",1,"Agent 0","Agent 2",5680,144077966902783,144077968111710
"MEMORY_COPY","MEMORY_COPY_DEVICE_TO_HOST",1,"Agent 2","Agent 0",5684,144077968159170,144077969373577
"MEMORY_COPY","MEMORY_COPY_DEVICE_TO_HOST",1,"Agent 2","Agent 0",5684,144077969381937,144077970595385
"MEMORY_COPY","MEMORY_COPY_HOST_TO_DEVICE",1,"Agent 0","Agent 2",5688,144078033716939,144078035217987
"MEMORY_COPY","MEMORY_COPY_HOST_TO_DEVICE",1,"Agent 0","Agent 2",5688,144078035232387,144078036442834
"MEMORY_COPY","MEMORY_COPY_DEVICE_TO_HOST",1,"Agent 2","Agent 0",5692,144078036490744,144078037705111
"MEMORY_COPY","MEMORY_COPY_DEVICE_TO_HOST",1,"Agent 2","Agent 0",5692,144078037712231,144078038924919
"MEMORY_COPY","MEMORY_COPY_HOST_TO_DEVICE",1,"Agent 0","Agent 2",5698,144078198353584,144078199981913
"MEMORY_COPY","MEMORY_COPY_HOST_TO_DEVICE",1,"Agent 0","Agent 2",5698,144078200025993,144078201232520
"MEMORY_COPY","MEMORY_COPY_DEVICE_TO_HOST",1,"Agent 2","Agent 0",5702,144078214867041,144078216081248
"MEMORY_COPY","MEMORY_COPY_DEVICE_TO_HOST",1,"Agent 2","Agent 0",5702,144078229355748,144078230958557
"MEMORY_COPY","MEMORY_COPY_HOST_TO_DEVICE",1,"Agent 0","Agent 2",5708,144078356787683,144078358586533
"MEMORY_COPY","MEMORY_COPY_HOST_TO_DEVICE",1,"Agent 0","Agent 2",5708,144078358622253,144078359827420
"MEMORY_COPY","MEMORY_COPY_DEVICE_TO_HOST",1,"Agent 2","Agent 0",5712,144078374549448,144078375764855
"MEMORY_COPY","MEMORY_COPY_DEVICE_TO_HOST",1,"Agent 2","Agent 0",5712,144078390345482,144078391952772
"MEMORY_COPY","MEMORY_COPY_HOST_TO_DEVICE",1,"Agent 0","Agent 2",5716,144078490337601,144078491968250
"MEMORY_COPY","MEMORY_COPY_HOST_TO_DEVICE",1,"Agent 0","Agent 2",5716,144078492002130,144078493221697
"MEMORY_COPY","MEMORY_COPY_DEVICE_TO_HOST",1,"Agent 2","Agent 0",5720,144078493269197,144078494694566
"MEMORY_COPY","MEMORY_COPY_DEVICE_TO_HOST",1,"Agent 2","Agent 0",5720,144078494701686,144078495914613
"MEMORY_COPY","MEMORY_COPY_HOST_TO_DEVICE",1,"Agent 0","Agent 2",5726,144078586271705,144078587935835
"MEMORY_COPY","MEMORY_COPY_DEVICE_TO_HOST",1,"Agent 2","Agent 0",5730,144078602311950,144078603925880
"MEMORY_COPY","MEMORY_COPY_HOST_TO_DEVICE",1,"Agent 0","Agent 2",5748,144078926677566,144078928253295
"MEMORY_COPY","MEMORY_COPY_HOST_TO_DEVICE",1,"Agent 0","Agent 2",5760,144078936120061,144078936130341
"MEMORY_COPY","MEMORY_COPY_HOST_TO_DEVICE",1,"Agent 0","Agent 2",5772,144078939932584,144078939944824
"MEMORY_COPY","MEMORY_COPY_HOST_TO_DEVICE",1,"Agent 0","Agent 2",5784,144078960573737,144078961469903
"MEMORY_COPY","MEMORY_COPY_HOST_TO_DEVICE",1,"Agent 0","Agent 2",5796,144078984009027,144078984901913
"MEMORY_COPY","MEMORY_COPY_HOST_TO_DEVICE",1,"Agent 0","Agent 2",5808,144078990537956,144078990626517
"MEMORY_COPY","MEMORY_COPY_HOST_TO_DEVICE",1,"Agent 0","Agent 2",5820,144078995979072,144078996093472
"MEMORY_COPY","MEMORY_COPY_HOST_TO_DEVICE",1,"Agent 0","Agent 2",5832,144079001606484,144079001720645
"MEMORY_COPY","MEMORY_COPY_HOST_TO_DEVICE",1,"Agent 0","Agent 2",5858,144079001927736,144079001938776
"MEMORY_COPY","MEMORY_COPY_HOST_TO_DEVICE",1,"Agent 0","Agent 2",5896,144079002228598,144079002240358
"MEMORY_COPY","MEMORY_COPY_HOST_TO_DEVICE",1,"Agent 0","Agent 2",5898,144079002791912,144079002906592
"MEMORY_COPY","MEMORY_COPY_HOST_TO_DEVICE",1,"Agent 0","Agent 2",5910,144079006464304,144079006523904
"MEMORY_COPY","MEMORY_COPY_HOST_TO_DEVICE",1,"Agent 0","Agent 2",5922,144079071996851,144079073772181
"MEMORY_COPY","MEMORY_COPY_HOST_TO_DEVICE",1,"Agent 0","Agent 2",5922,144079073806931,144079075014218
"MEMORY_COPY","MEMORY_COPY_DEVICE_TO_HOST",1,"Agent 2","Agent 0",5926,144079090252989,144079091777398
"MEMORY_COPY","MEMORY_COPY_DEVICE_TO_HOST",1,"Agent 2","Agent 0",5926,144079105580891,144079107117940
"MEMORY_COPY","MEMORY_COPY_HOST_TO_DEVICE",1,"Agent 0","Agent 2",5930,144079211811400,144079213607210
"MEMORY_COPY","MEMORY_COPY_HOST_TO_DEVICE",1,"Agent 0","Agent 2",5930,144079213649450,144079214862937
"MEMORY_COPY","MEMORY_COPY_DEVICE_TO_HOST",1,"Agent 2","Agent 0",5934,144079214913907,144079216342836
"MEMORY_COPY","MEMORY_COPY_DEVICE_TO_HOST",1,"Agent 2","Agent 0",5934,144079216351854,144079217564621
"MEMORY_COPY","MEMORY_COPY_HOST_TO_DEVICE",1,"Agent 0","Agent 2",5938,144079282611259,144079284168988
"MEMORY_COPY","MEMORY_COPY_HOST_TO_DEVICE",1,"Agent 0","Agent 2",5938,144079284181748,144079285389475
"MEMORY_COPY","MEMORY_COPY_DEVICE_TO_HOST",1,"Agent 2","Agent 0",5942,144079285442925,144079286657492
"MEMORY_COPY","MEMORY_COPY_DEVICE_TO_HOST",1,"Agent 2","Agent 0",5942,144079286664572,144079287878020
"MEMORY_COPY","MEMORY_COPY_HOST_TO_DEVICE",1,"Agent 0","Agent 2",5946,144079356189797,144079357907807
"MEMORY_COPY","MEMORY_COPY_HOST_TO_DEVICE",1,"Agent 0","Agent 2",5946,144079357920687,144079359140414
"MEMORY_COPY","MEMORY_COPY_DEVICE_TO_HOST",1,"Agent 2","Agent 0",5950,144079359185964,144079360400971
"MEMORY_COPY","MEMORY_COPY_DEVICE_TO_HOST",1,"Agent 2","Agent 0",5950,144079360409171,144079361621859
"MEMORY_COPY","MEMORY_COPY_HOST_TO_DEVICE",1,"Agent 0","Agent 2",5956,144079520310263,144079521960552
"MEMORY_COPY","MEMORY_COPY_HOST_TO_DEVICE",1,"Agent 0","Agent 2",5956,144079521989632,144079523194359
"MEMORY_COPY","MEMORY_COPY_DEVICE_TO_HOST",1,"Agent 2","Agent 0",5960,144079537428444,144079538942973
"MEMORY_COPY","MEMORY_COPY_DEVICE_TO_HOST",1,"Agent 2","Agent 0",5960,144079551761330,144079553246019
"MEMORY_COPY","MEMORY_COPY_HOST_TO_DEVICE",1,"Agent 0","Agent 2",5966,144079675797936,144079677591226
"MEMORY_COPY","MEMORY_COPY_HOST_TO_DEVICE",1,"Agent 0","Agent 2",5966,144079677614546,144079678841433
"MEMORY_COPY","MEMORY_COPY_DEVICE_TO_HOST",1,"Agent 2","Agent 0",5970,144079695324642,144079696956292
"MEMORY_COPY","MEMORY_COPY_DEVICE_TO_HOST",1,"Agent 2","Agent 0",5970,144079712833837,144079714297246
"MEMORY_COPY","MEMORY_COPY_HOST_TO_DEVICE",1,"Agent 0","Agent 2",5974,144079816945705,144079818992479
"MEMORY_COPY","MEMORY_COPY_HOST_TO_DEVICE",1,"Agent 0","Agent 2",5974,144079819048942,144079820510112
"MEMORY_COPY","MEMORY_COPY_DEVICE_TO_HOST",1,"Agent 2","Agent 0",5978,144079820557955,144079821987485
"MEMORY_COPY","MEMORY_COPY_DEVICE_TO_HOST",1,"Agent 2","Agent 0",5978,144079821993565,144079823207174
"MEMORY_COPY","MEMORY_COPY_HOST_TO_DEVICE",1,"Agent 0","Agent 2",5984,144079917149724,144079918870214
"MEMORY_COPY","MEMORY_COPY_DEVICE_TO_HOST",1,"Agent 2","Agent 0",5988,144079933323070,144079934938360
"MEMORY_COPY","MEMORY_COPY_HOST_TO_DEVICE",1,"Agent 0","Agent 2",6006,144080183278312,144080185187323
"MEMORY_COPY","MEMORY_COPY_HOST_TO_DEVICE",1,"Agent 0","Agent 2",6018,144080195510754,144080195599675
"MEMORY_COPY","MEMORY_COPY_HOST_TO_DEVICE",1,"Agent 0","Agent 2",6030,144080201028117,144080201142598
"MEMORY_COPY","MEMORY_COPY_HOST_TO_DEVICE",1,"Agent 0","Agent 2",6042,144080221769751,144080222656677
"MEMORY_COPY","MEMORY_COPY_HOST_TO_DEVICE",1,"Agent 0","Agent 2",6054,144080228727443,144080228842044
"MEMORY_COPY","MEMORY_COPY_HOST_TO_DEVICE",1,"Agent 0","Agent 2",6066,144080234300566,144080234414927
"MEMORY_COPY","MEMORY_COPY_HOST_TO_DEVICE",1,"Agent 0","Agent 2",6078,144080239903130,144080240017451
"MEMORY_COPY","MEMORY_COPY_HOST_TO_DEVICE",1,"Agent 0","Agent 2",6138,144080240590254,144080240598374
"MEMORY_COPY","MEMORY_COPY_HOST_TO_DEVICE",1,"Agent 0","Agent 2",6148,144080245465003,144080245523924
"MEMORY_COPY","MEMORY_COPY_HOST_TO_DEVICE",1,"Agent 0","Agent 2",6160,144080346216000,144080348028290
"MEMORY_COPY","MEMORY_COPY_HOST_TO_DEVICE",1,"Agent 0","Agent 2",6160,144080348337971,144080349557459
"MEMORY_COPY","MEMORY_COPY_DEVICE_TO_HOST",1,"Agent 2","Agent 0",6164,144080363589123,144080365098332
"MEMORY_COPY","MEMORY_COPY_DEVICE_TO_HOST",1,"Agent 2","Agent 0",6164,144080377616147,144080379158596
"MEMORY_COPY","MEMORY_COPY_HOST_TO_DEVICE",1,"Agent 0","Agent 2",6168,144080481331583,144080482990192
"MEMORY_COPY","MEMORY_COPY_HOST_TO_DEVICE",1,"Agent 0","Agent 2",6168,144080483043032,144080484251599
"MEMORY_COPY","MEMORY_COPY_DEVICE_TO_HOST",1,"Agent 2","Agent 0",6172,144080484299969,144080485514457
"MEMORY_COPY","MEMORY_COPY_DEVICE_TO_HOST",1,"Agent 2","Agent 0",6172,144080485522857,144080486735664
"MEMORY_COPY","MEMORY_COPY_HOST_TO_DEVICE",1,"Agent 0","Agent 2",6176,144080551310493,144080552981943
"MEMORY_COPY","MEMORY_COPY_HOST_TO_DEVICE",1,"Agent 0","Agent 2",6176,144080553019783,144080554234630
"MEMORY_COPY","MEMORY_COPY_DEVICE_TO_HOST",1,"Agent 2","Agent 0",6180,144080554284670,144080555499438
"MEMORY_COPY","MEMORY_COPY_DEVICE_TO_HOST",1,"Agent 2","Agent 0",6180,144080555506758,144080556719805
"MEMORY_COPY","MEMORY_COPY_HOST_TO_DEVICE",1,"Agent 0","Agent 2",6184,144080654015074,144080655774964
"MEMORY_COPY","MEMORY_COPY_HOST_TO_DEVICE",1,"Agent 0","Agent 2",6184,144080655810884,144080657022011
"MEMORY_COPY","MEMORY_COPY_DEVICE_TO_HOST",1,"Agent 2","Agent 0",6188,144080657080811,144080658295699
"MEMORY_COPY","MEMORY_COPY_DEVICE_TO_HOST",1,"Agent 2","Agent 0",6188,144080658303059,144080659515946
"MEMORY_COPY","MEMORY_COPY_HOST_TO_DEVICE",1,"Agent 0","Agent 2",6194,144080818396444,144080820025053
"MEMORY_COPY","MEMORY_COPY_HOST_TO_DEVICE",1,"Agent 0","Agent 2",6194,144080820054093,144080821259380
"MEMORY_COPY","MEMORY_COPY_DEVICE_TO_HOST",1,"Agent 2","Agent 0",6198,144080836210209,144080837883339
"MEMORY_COPY","MEMORY_COPY_DEVICE_TO_HOST",1,"Agent 2","Agent 0",6198,144080850452825,144080851954554
"MEMORY_COPY","MEMORY_COPY_HOST_TO_DEVICE",1,"Agent 0","Agent 2",6204,144081012472827,144081014084196
"MEMORY_COPY","MEMORY_COPY_HOST_TO_DEVICE",1,"Agent 0","Agent 2",6204,144081015263823,144081016466110
"MEMORY_COPY","MEMORY_COPY_DEVICE_TO_HOST",1,"Agent 2","Agent 0",6208,144081030088691,144081031485020
"MEMORY_COPY","MEMORY_COPY_DEVICE_TO_HOST",1,"Agent 2","Agent 0",6208,144081043847594,144081045317083
"MEMORY_COPY","MEMORY_COPY_HOST_TO_DEVICE",1,"Agent 0","Agent 2",6212,144081146362694,144081148012103
"MEMORY_COPY","MEMORY_COPY_HOST_TO_DEVICE",1,"Agent 0","Agent 2",6212,144081148028103,144081149231710
"MEMORY_COPY","MEMORY_COPY_DEVICE_TO_HOST",1,"Agent 2","Agent 0",6216,144081149279900,144081150708309
"MEMORY_COPY","MEMORY_COPY_DEVICE_TO_HOST",1,"Agent 2","Agent 0",6216,144081150716469,144081151929916
"MEMORY_COPY","MEMORY_COPY_HOST_TO_DEVICE",1,"Agent 0","Agent 2",6222,144081243819063,144081245613593
"MEMORY_COPY","MEMORY_COPY_DEVICE_TO_HOST",1,"Agent 2","Agent 0",6226,144081259285255,144081260929464
"MEMORY_COPY","MEMORY_COPY_HOST_TO_DEVICE",1,"Agent 0","Agent 2",6244,144081582968417,144081584752387
"MEMORY_COPY","MEMORY_COPY_HOST_TO_DEVICE",1,"Agent 0","Agent 2",6256,144081591988320,144081591998920
"MEMORY_COPY","MEMORY_COPY_HOST_TO_DEVICE",1,"Agent 0","Agent 2",6268,144081595371960,144081595382640
"MEMORY_COPY","MEMORY_COPY_HOST_TO_DEVICE",1,"Agent 0","Agent 2",6280,144081617683874,144081618575519
"MEMORY_COPY","MEMORY_COPY_HOST_TO_DEVICE",1,"Agent 0","Agent 2",6292,144081640874803,144081641753248
"MEMORY_COPY","MEMORY_COPY_HOST_TO_DEVICE",1,"Agent 0","Agent 2",6304,144081647896803,144081648012243
"MEMORY_COPY","MEMORY_COPY_HOST_TO_DEVICE",1,"Agent 0","Agent 2",6316,144081654198280,144081654313400
"MEMORY_COPY","MEMORY_COPY_HOST_TO_DEVICE",1,"Agent 0","Agent 2",6328,144081660475477,144081660590118
"MEMORY_COPY","MEMORY_COPY_HOST_TO_DEVICE",1,"Agent 0","Agent 2",6354,144081660835020,144081660846060
"MEMORY_COPY","MEMORY_COPY_HOST_TO_DEVICE",1,"Agent 0","Agent 2",6392,144081661190822,144081661202702
"MEMORY_COPY","MEMORY_COPY_HOST_TO_DEVICE",1,"Agent 0","Agent 2",6394,144081661784475,144081661900436
"MEMORY_COPY","MEMORY_COPY_HOST_TO_DEVICE",1,"Agent 0","Agent 2",6406,144081665869690,144081665929090
"MEMORY_COPY","MEMORY_COPY_HOST_TO_DEVICE",1,"Agent 0","Agent 2",6418,144081808618091,144081810184980
"MEMORY_COPY","MEMORY_COPY_HOST_TO_DEVICE",1,"Agent 0","Agent 2",6418,144081810205380,144081811408787
"MEMORY_COPY","MEMORY_COPY_DEVICE_TO_HOST",1,"Agent 2","Agent 0",6422,144081826153385,144081827532914
"MEMORY_COPY","MEMORY_COPY_DEVICE_TO_HOST",1,"Agent 2","Agent 0",6422,144081840490271,144081842069761
"MEMORY_COPY","MEMORY_COPY_HOST_TO_DEVICE",1,"Agent 0","Agent 2",6426,144081909317541,144081910994191
"MEMORY_COPY","MEMORY_COPY_HOST_TO_DEVICE",1,"Agent 0","Agent 2",6426,144081911036951,144081912246238
"MEMORY_COPY","MEMORY_COPY_DEVICE_TO_HOST",1,"Agent 2","Agent 0",6430,144081912294608,144081913721377
"MEMORY_COPY","MEMORY_COPY_DEVICE_TO_HOST",1,"Agent 2","Agent 0",6430,144081913729897,144081914942704
"MEMORY_COPY","MEMORY_COPY_HOST_TO_DEVICE",1,"Agent 0","Agent 2",6434,144081948496326,144081950113575
"MEMORY_COPY","MEMORY_COPY_HOST_TO_DEVICE",1,"Agent 0","Agent 2",6434,144081950142495,144081951357223
"MEMORY_COPY","MEMORY_COPY_DEVICE_TO_HOST",1,"Agent 2","Agent 0",6438,144081951405653,144081952620900
"MEMORY_COPY","MEMORY_COPY_DEVICE_TO_HOST",1,"Agent 2","Agent 0",6438,144081952629300,144081953842708
"MEMORY_COPY","MEMORY_COPY_HOST_TO_DEVICE",1,"Agent 0","Agent 2",6442,144082043766645,144082045338734
"MEMORY_COPY","MEMORY_COPY_HOST_TO_DEVICE",1,"Agent 0","Agent 2",6442,144082045364334,144082046575141
"MEMORY_COPY","MEMORY_COPY_DEVICE_TO_HOST",1,"Agent 2","Agent 0",6446,144082046622311,144082047836398
"MEMORY_COPY","MEMORY_COPY_DEVICE_TO_HOST",1,"Agent 2","Agent 0",6446,144082047843838,144082049057006
"MEMORY_COPY","MEMORY_COPY_HOST_TO_DEVICE",1,"Agent 0","Agent 2",6452,144082197408590,144082199056159
"MEMORY_COPY","MEMORY_COPY_HOST_TO_DEVICE",1,"Agent 0","Agent 2",6452,144082199095119,144082200296926
"MEMORY_COPY","MEMORY_COPY_DEVICE_TO_HOST",1,"Agent 2","Agent 0",6456,144082213955428,144082215169515
"MEMORY_COPY","MEMORY_COPY_DEVICE_TO_HOST",1,"Agent 2","Agent 0",6456,144082226840156,144082228334445
"MEMORY_COPY","MEMORY_COPY_HOST_TO_DEVICE",1,"Agent 0","Agent 2",6462,144082368075011,144082369834701
"MEMORY_COPY","MEMORY_COPY_HOST_TO_DEVICE",1,"Agent 0","Agent 2",6462,144082369887341,144082371088668
"MEMORY_COPY","MEMORY_COPY_DEVICE_TO_HOST",1,"Agent 2","Agent 0",6466,144082383539733,144082384754740
"MEMORY_COPY","MEMORY_COPY_DEVICE_TO_HOST",1,"Agent 2","Agent 0",6466,144082396219099,144082397608947
"MEMORY_COPY","MEMORY_COPY_HOST_TO_DEVICE",1,"Agent 0","Agent 2",6470,144082453374209,144082455082659
"MEMORY_COPY","MEMORY_COPY_HOST_TO_DEVICE",1,"Agent 0","Agent 2",6470,144082455116219,144082456327106
"MEMORY_COPY","MEMORY_COPY_DEVICE_TO_HOST",1,"Agent 2","Agent 0",6474,144082456372146,144082457588073
"MEMORY_COPY","MEMORY_COPY_DEVICE_TO_HOST",1,"Agent 2","Agent 0",6474,144082457596514,144082458810041
"MEMORY_COPY","MEMORY_COPY_HOST_TO_DEVICE",1,"Agent 0","Agent 2",6480,144082558776761,144082560479171
"MEMORY_COPY","MEMORY_COPY_DEVICE_TO_HOST",1,"Agent 2","Agent 0",6484,144082576189055,144082577899905
"MEMORY_COPY","MEMORY_COPY_HOST_TO_DEVICE",1,"Agent 0","Agent 2",6502,144082885726665,144082887312714
"MEMORY_COPY","MEMORY_COPY_HOST_TO_DEVICE",1,"Agent 0","Agent 2",6514,144082893260859,144082893271299
"MEMORY_COPY","MEMORY_COPY_HOST_TO_DEVICE",1,"Agent 0","Agent 2",6526,144082896076906,144082896087546
"MEMORY_COPY","MEMORY_COPY_HOST_TO_DEVICE",1,"Agent 0","Agent 2",6538,144082913849263,144082914745108
"MEMORY_COPY","MEMORY_COPY_HOST_TO_DEVICE",1,"Agent 0","Agent 2",6550,144082932537535,144082933431901
"MEMORY_COPY","MEMORY_COPY_HOST_TO_DEVICE",1,"Agent 0","Agent 2",6562,144082938733613,144082938830613
"MEMORY_COPY","MEMORY_COPY_HOST_TO_DEVICE",1,"Agent 0","Agent 2",6574,144082944506467,144082944621028
"MEMORY_COPY","MEMORY_COPY_HOST_TO_DEVICE",1,"Agent 0","Agent 2",6586,144082950248547,144082950363147
"MEMORY_COPY","MEMORY_COPY_HOST_TO_DEVICE",1,"Agent 0","Agent 2",6612,144082950580128,144082950591088
"MEMORY_COPY","MEMORY_COPY_HOST_TO_DEVICE",1,"Agent 0","Agent 2",6650,144082950868219,144082950880220
"MEMORY_COPY","MEMORY_COPY_HOST_TO_DEVICE",1,"Agent 0","Agent 2",6652,144082951665124,144082951783005
"MEMORY_COPY","MEMORY_COPY_HOST_TO_DEVICE",1,"Agent 0","Agent 2",6664,144082955427667,144082955487027
"MEMORY_COPY","MEMORY_COPY_HOST_TO_DEVICE",1,"Agent 0","Agent 2",6676,144083087534311,144083089161560
"MEMORY_COPY","MEMORY_COPY_HOST_TO_DEVICE",1,"Agent 0","Agent 2",6676,144083090065845,144083091513214
"MEMORY_COPY","MEMORY_COPY_DEVICE_TO_HOST",1,"Agent 2","Agent 0",6680,144083108926408,144083110413337
"MEMORY_COPY","MEMORY_COPY_DEVICE_TO_HOST",1,"Agent 2","Agent 0",6680,144083125055025,144083126500394
"MEMORY_COPY","MEMORY_COPY_HOST_TO_DEVICE",1,"Agent 0","Agent 2",6684,144083233246983,144083234986313
"MEMORY_COPY","MEMORY_COPY_HOST_TO_DEVICE",1,"Agent 0","Agent 2",6684,144083235029433,144083236238080
"MEMORY_COPY","MEMORY_COPY_DEVICE_TO_HOST",1,"Agent 2","Agent 0",6688,144083236285740,144083237711389
"MEMORY_COPY","MEMORY_COPY_DEVICE_TO_HOST",1,"Agent 2","Agent 0",6688,144083237718709,144083238931636
"MEMORY_COPY","MEMORY_COPY_HOST_TO_DEVICE",1,"Agent 0","Agent 2",6692,144083337817865,144083339811197
"MEMORY_COPY","MEMORY_COPY_HOST_TO_DEVICE",1,"Agent 0","Agent 2",6692,144083339854997,144083341065404
"MEMORY_COPY","MEMORY_COPY_DEVICE_TO_HOST",1,"Agent 2","Agent 0",6696,144083341114794,144083342546083
"MEMORY_COPY","MEMORY_COPY_DEVICE_TO_HOST",1,"Agent 2","Agent 0",6696,144083342553443,144083343766410
"MEMORY_COPY","MEMORY_COPY_HOST_TO_DEVICE",1,"Agent 0","Agent 2",6700,144083401376013,144083403065263
"MEMORY_COPY","MEMORY_COPY_HOST_TO_DEVICE",1,"Agent 0","Agent 2",6700,144083403076543,144083404291510
"MEMORY_COPY","MEMORY_COPY_DEVICE_TO_HOST",1,"Agent 2","Agent 0",6704,144083404336260,144083405551067
"MEMORY_COPY","MEMORY_COPY_DEVICE_TO_HOST",1,"Agent 2","Agent 0",6704,144083405559467,144083406772875
"MEMORY_COPY","MEMORY_COPY_HOST_TO_DEVICE",1,"Agent 0","Agent 2",6710,144083545017543,144083546808273
"MEMORY_COPY","MEMORY_COPY_HOST_TO_DEVICE",1,"Agent 0","Agent 2",6710,144083546821393,144083548029160
"MEMORY_COPY","MEMORY_COPY_DEVICE_TO_HOST",1,"Agent 2","Agent 0",6714,144083561287990,144083562502957
"MEMORY_COPY","MEMORY_COPY_DEVICE_TO_HOST",1,"Agent 2","Agent 0",6714,144083574060077,144083575517285
"MEMORY_COPY","MEMORY_COPY_HOST_TO_DEVICE",1,"Agent 0","Agent 2",6720,144083714436481,144083716111251
"MEMORY_COPY","MEMORY_COPY_HOST_TO_DEVICE",1,"Agent 0","Agent 2",6720,144083716138251,144083717341778
"MEMORY_COPY","MEMORY_COPY_DEVICE_TO_HOST",1,"Agent 2","Agent 0",6724,144083731407293,144083732944702
"MEMORY_COPY","MEMORY_COPY_DEVICE_TO_HOST",1,"Agent 2","Agent 0",6724,144083746021211,144083747515380
"MEMORY_COPY","MEMORY_COPY_HOST_TO_DEVICE",1,"Agent 0","Agent 2",6728,144083834726986,144083836315035
"MEMORY_COPY","MEMORY_COPY_HOST_TO_DEVICE",1,"Agent 0","Agent 2",6728,144083836326475,144083837742243
"MEMORY_COPY","MEMORY_COPY_DEVICE_TO_HOST",1,"Agent 2","Agent 0",6732,144083837786023,144083839000631
"MEMORY_COPY","MEMORY_COPY_DEVICE_TO_HOST",1,"Agent 2","Agent 0",6732,144083839014911,144083840228118
"MEMORY_COPY","MEMORY_COPY_HOST_TO_DEVICE",1,"Agent 0","Agent 2",6738,144083933033800,144083934829090
"MEMORY_COPY","MEMORY_COPY_DEVICE_TO_HOST",1,"Agent 2","Agent 0",6742,144083949431158,144083951049367
"MEMORY_COPY","MEMORY_COPY_HOST_TO_DEVICE",1,"Agent 0","Agent 2",6760,144084290160697,144084291927307
"MEMORY_COPY","MEMORY_COPY_HOST_TO_DEVICE",1,"Agent 0","Agent 2",6772,144084299338411,144084299349531
"MEMORY_COPY","MEMORY_COPY_HOST_TO_DEVICE",1,"Agent 0","Agent 2",6784,144084302640191,144084302651591
"MEMORY_COPY","MEMORY_COPY_HOST_TO_DEVICE",1,"Agent 0","Agent 2",6796,144084323191435,144084324085160
"MEMORY_COPY","MEMORY_COPY_HOST_TO_DEVICE",1,"Agent 0","Agent 2",6808,144084345143387,144084346030312
"MEMORY_COPY","MEMORY_COPY_HOST_TO_DEVICE",1,"Agent 0","Agent 2",6820,144084351630076,144084351718437
"MEMORY_COPY","MEMORY_COPY_HOST_TO_DEVICE",1,"Agent 0","Agent 2",6832,144084357851776,144084357965816
"MEMORY_COPY","MEMORY_COPY_HOST_TO_DEVICE",1,"Agent 0","Agent 2",6844,144084363292488,144084363406248
"MEMORY_COPY","MEMORY_COPY_HOST_TO_DEVICE",1,"Agent 0","Agent 2",6870,144084363639450,144084363650450
"MEMORY_COPY","MEMORY_COPY_HOST_TO_DEVICE",1,"Agent 0","Agent 2",6908,144084363911461,144084363923221
"MEMORY_COPY","MEMORY_COPY_HOST_TO_DEVICE",1,"Agent 0","Agent 2",6910,144084364791257,144084364906857
"MEMORY_COPY","MEMORY_COPY_HOST_TO_DEVICE",1,"Agent 0","Agent 2",6922,144084368504339,144084368563900
"MEMORY_COPY","MEMORY_COPY_HOST_TO_DEVICE",1,"Agent 0","Agent 2",6934,144084464758086,144084466298695
"MEMORY_COPY","MEMORY_COPY_HOST_TO_DEVICE",1,"Agent 0","Agent 2",6934,144084467112559,144084468324607
"MEMORY_COPY","MEMORY_COPY_DEVICE_TO_HOST",1,"Agent 2","Agent 0",6938,144084483954891,144084485419340
"MEMORY_COPY","MEMORY_COPY_DEVICE_TO_HOST",1,"Agent 2","Agent 0",6938,144084499644326,144084501208695
"MEMORY_COPY","MEMORY_COPY_HOST_TO_DEVICE",1,"Agent 0","Agent 2",6942,144084534190060,144084535931510
"MEMORY_COPY","MEMORY_COPY_HOST_TO_DEVICE",1,"Agent 0","Agent 2",6942,144084535946950,144084537165557
"MEMORY_COPY","MEMORY_COPY_DEVICE_TO_HOST",1,"Agent 2","Agent 0",6946,144084537212607,144084538427535
"MEMORY_COPY","MEMORY_COPY_DEVICE_TO_HOST",1,"Agent 2","Agent 0",6946,144084538434895,144084539647982
"MEMORY_COPY","MEMORY_COPY_HOST_TO_DEVICE",1,"Agent 0","Agent 2",6950,144084606598197,144084608182006
"MEMORY_COPY","MEMORY_COPY_HOST_TO_DEVICE",1,"Agent 0","Agent 2",6950,144084608192486,144084609404093
"MEMORY_COPY","MEMORY_COPY_DEVICE_TO_HOST",1,"Agent 2","Agent 0",6954,144084609459013,144084610673660
"MEMORY_COPY","MEMORY_COPY_DEVICE_TO_HOST",1,"Agent 2","Agent 0",6954,144084610680981,144084611894668
"MEMORY_COPY","MEMORY_COPY_HOST_TO_DEVICE",1,"Agent 0","Agent 2",6958,144084673489541,144084675113310
"MEMORY_COPY","MEMORY_COPY_HOST_TO_DEVICE",1,"Agent 0","Agent 2",6958,144084675125470,144084676336877
"MEMORY_COPY","MEMORY_COPY_DEVICE_TO_HOST",1,"Agent 2","Agent 0",6962,144084676383917,144084677597924
"MEMORY_COPY","MEMORY_COPY_DEVICE_TO_HOST",1,"Agent 2","Agent 0",6962,144084677605284,144084678818252
"MEMORY_COPY","MEMORY_COPY_HOST_TO_DEVICE",1,"Agent 0","Agent 2",6968,144084835072301,144084836845231
"MEMORY_COPY","MEMORY_COPY_HOST_TO_DEVICE",1,"Agent 0","Agent 2",6968,144084836887391,144084838091878
"MEMORY_COPY","MEMORY_COPY_DEVICE_TO_HOST",1,"Agent 2","Agent 0",6972,144084852632626,144084853846833
"MEMORY_COPY","MEMORY_COPY_DEVICE_TO_HOST",1,"Agent 2","Agent 0",6972,144084867424895,144084869058545
"MEMORY_COPY","MEMORY_COPY_HOST_TO_DEVICE",1,"Agent 0","Agent 2",6978,144085027396737,144085029060747
"MEMORY_COPY","MEMORY_COPY_HOST_TO_DEVICE",1,"Agent 0","Agent 2",6978,144085029077107,144085030279794
"MEMORY_COPY","MEMORY_COPY_DEVICE_TO_HOST",1,"Agent 2","Agent 0",6982,144085043993237,144085045209324
"MEMORY_COPY","MEMORY_COPY_DEVICE_TO_HOST",1,"Agent 2","Agent 0",6982,144085058555395,144085060153884
"MEMORY_COPY","MEMORY_COPY_HOST_TO_DEVICE",1,"Agent 0","Agent 2",6986,144085159543908,144085161166837
"MEMORY_COPY","MEMORY_COPY_HOST_TO_DEVICE",1,"Agent 0","Agent 2",6986,144085161182677,144085162391844
"MEMORY_COPY","MEMORY_COPY_DEVICE_TO_HOST",1,"Agent 2","Agent 0",6990,144085162439274,144085163867963
"MEMORY_COPY","MEMORY_COPY_DEVICE_TO_HOST",1,"Agent 2","Agent 0",6990,144085163876363,144085165089690
"MEMORY_COPY","MEMORY_COPY_HOST_TO_DEVICE",1,"Agent 0","Agent 2",6996,144085259190513,144085260947803
"MEMORY_COPY","MEMORY_COPY_DEVICE_TO_HOST",1,"Agent 2","Agent 0",7000,144085275767722,144085277285411
"MEMORY_COPY","MEMORY_COPY_HOST_TO_DEVICE",1,"Agent 0","Agent 2",7018,144085518655257,144085520288306
"MEMORY_COPY","MEMORY_COPY_HOST_TO_DEVICE",1,"Agent 0","Agent 2",7030,144085529311600,144085529400720
"MEMORY_COPY","MEMORY_COPY_HOST_TO_DEVICE",1,"Agent 0","Agent 2",7042,144085534637422,144085534751823
"MEMORY_COPY","MEMORY_COPY_HOST_TO_DEVICE",1,"Agent 0","Agent 2",7054,144085554777994,144085555668439
"MEMORY_COPY","MEMORY_COPY_HOST_TO_DEVICE",1,"Agent 0","Agent 2",7066,144085561416544,144085561530905
"MEMORY_COPY","MEMORY_COPY_HOST_TO_DEVICE",1,"Agent 0","Agent 2",7078,144085566644555,144085566763756
"MEMORY_COPY","MEMORY_COPY_HOST_TO_DEVICE",1,"Agent 0","Agent 2",7090,144085572011458,144085572125899
"MEMORY_COPY","MEMORY_COPY_HOST_TO_DEVICE",1,"Agent 0","Agent 2",7150,144085572610051,144085572617531
"MEMORY_COPY","MEMORY_COPY_HOST_TO_DEVICE",1,"Agent 0","Agent 2",7160,144085577598492,144085577657572
"MEMORY_COPY","MEMORY_COPY_HOST_TO_DEVICE",1,"Agent 0","Agent 2",7172,144085708396085,144085710096255
"MEMORY_COPY","MEMORY_COPY_HOST_TO_DEVICE",1,"Agent 0","Agent 2",7172,144085710107255,144085711311782
"MEMORY_COPY","MEMORY_COPY_DEVICE_TO_HOST",1,"Agent 2","Agent 0",7176,144085726176132,144085727598460
"MEMORY_COPY","MEMORY_COPY_DEVICE_TO_HOST",1,"Agent 2","Agent 0",7176,144085743699578,144085745258307
"MEMORY_COPY","MEMORY_COPY_HOST_TO_DEVICE",1,"Agent 0","Agent 2",7180,144085841901634,144085843405843
"MEMORY_COPY","MEMORY_COPY_HOST_TO_DEVICE",1,"Agent 0","Agent 2",7180,144085843418203,144085844830851
"MEMORY_COPY","MEMORY_COPY_DEVICE_TO_HOST",1,"Agent 2","Agent 0",7184,144085844877371,144085846092419
"MEMORY_COPY","MEMORY_COPY_DEVICE_TO_HOST",1,"Agent 2","Agent 0",7184,144085846099699,144085847312826
"MEMORY_COPY","MEMORY_COPY_HOST_TO_DEVICE",1,"Agent 0","Agent 2",7188,144085942739688,144085944307417
"MEMORY_COPY","MEMORY_COPY_HOST_TO_DEVICE",1,"Agent 0","Agent 2",7188,144085944320697,144085945529024
"MEMORY_COPY","MEMORY_COPY_DEVICE_TO_HOST",1,"Agent 2","Agent 0",7192,144085945574944,144085946789791
"MEMORY_COPY","MEMORY_COPY_DEVICE_TO_HOST",1,"Agent 2","Agent 0",7192,144085946797192,144085948009959
"MEMORY_COPY","MEMORY_COPY_HOST_TO_DEVICE",1,"Agent 0","Agent 2",7196,144086044515766,144086046159655
"MEMORY_COPY","MEMORY_COPY_HOST_TO_DEVICE",1,"Agent 0","Agent 2",7196,144086046186815,144086047396582
"MEMORY_COPY","MEMORY_COPY_DEVICE_TO_HOST",1,"Agent 2","Agent 0",7200,144086047443812,144086048658140
"MEMORY_COPY","MEMORY_COPY_DEVICE_TO_HOST",1,"Agent 2","Agent 0",7200,144086048666540,144086049879867
"MEMORY_COPY","MEMORY_COPY_HOST_TO_DEVICE",1,"Agent 0","Agent 2",7206,144086199403320,144086201079170
"MEMORY_COPY","MEMORY_COPY_HOST_TO_DEVICE",1,"Agent 0","Agent 2",7206,144086201092610,144086202499778
"MEMORY_COPY","MEMORY_COPY_DEVICE_TO_HOST",1,"Agent 2","Agent 0",7210,144086216153901,144086217369188
"MEMORY_COPY","MEMORY_COPY_DEVICE_TO_HOST",1,"Agent 2","Agent 0",7210,144086230837019,144086232358109
"MEMORY_COPY","MEMORY_COPY_HOST_TO_DEVICE",1,"Agent 0","Agent 2",7216,144086390592342,144086392230311
"MEMORY_COPY","MEMORY_COPY_HOST_TO_DEVICE",1,"Agent 0","Agent 2",7216,144086392269231,144086393680399
"MEMORY_COPY","MEMORY_COPY_DEVICE_TO_HOST",1,"Agent 2","Agent 0",7220,144086408429138,144086410082868
"MEMORY_COPY","MEMORY_COPY_DEVICE_TO_HOST",1,"Agent 2","Agent 0",7220,144086422944696,144086424438425
"MEMORY_COPY","MEMORY_COPY_HOST_TO_DEVICE",1,"Agent 0","Agent 2",7224,144086521250630,144086523010680
"MEMORY_COPY","MEMORY_COPY_HOST_TO_DEVICE",1,"Agent 0","Agent 2",7224,144086523023720,144086524235607
"MEMORY_COPY","MEMORY_COPY_DEVICE_TO_HOST",1,"Agent 2","Agent 0",7228,144086524293987,144086525722596
"MEMORY_COPY","MEMORY_COPY_DEVICE_TO_HOST",1,"Agent 2","Agent 0",7228,144086525729916,144086526943043
"MEMORY_COPY","MEMORY_COPY_HOST_TO_DEVICE",1,"Agent 0","Agent 2",7234,144086623939319,144086625487408
"MEMORY_COPY","MEMORY_COPY_DEVICE_TO_HOST",1,"Agent 2","Agent 0",7238,144086640171536,144086641629185
"MEMORY_COPY","MEMORY_COPY_HOST_TO_DEVICE",1,"Agent 0","Agent 2",7256,144086934342443,144086936328295
"MEMORY_COPY","MEMORY_COPY_HOST_TO_DEVICE",1,"Agent 0","Agent 2",7268,144086942303001,144086942313361
"MEMORY_COPY","MEMORY_COPY_HOST_TO_DEVICE",1,"Agent 0","Agent 2",7280,144086945104898,144086945115298
"MEMORY_COPY","MEMORY_COPY_HOST_TO_DEVICE",1,"Agent 0","Agent 2",7292,144086962620974,144086963506939
"MEMORY_COPY","MEMORY_COPY_HOST_TO_DEVICE",1,"Agent 0","Agent 2",7304,144086980905604,144086981791810
"MEMORY_COPY","MEMORY_COPY_HOST_TO_DEVICE",1,"Agent 0","Agent 2",7316,144086986663739,144086986752100
"MEMORY_COPY","MEMORY_COPY_HOST_TO_DEVICE",1,"Agent 0","Agent 2",7328,144086991140256,144086991254617
"MEMORY_COPY","MEMORY_COPY_HOST_TO_DEVICE",1,"Agent 0","Agent 2",7340,144086995638214,144086995752214
"MEMORY_COPY","MEMORY_COPY_HOST_TO_DEVICE",1,"Agent 0","Agent 2",7366,144086996214767,144086996225807
"MEMORY_COPY","MEMORY_COPY_HOST_TO_DEVICE",1,"Agent 0","Agent 2",7404,144086996484359,144086996496119
"MEMORY_COPY","MEMORY_COPY_HOST_TO_DEVICE",1,"Agent 0","Agent 2",7406,144086996994362,144086997109683
"MEMORY_COPY","MEMORY_COPY_HOST_TO_DEVICE",1,"Agent 0","Agent 2",7418,144087000157191,144087000216751
"MEMORY_COPY","MEMORY_COPY_HOST_TO_DEVICE",1,"Agent 0","Agent 2",7430,144087117338758,144087119409490
"MEMORY_COPY","MEMORY_COPY_HOST_TO_DEVICE",1,"Agent 0","Agent 2",7430,144087119437330,144087120697297
"MEMORY_COPY","MEMORY_COPY_DEVICE_TO_HOST",1,"Agent 2","Agent 0",7434,144087133417624,144087134632992
"MEMORY_COPY","MEMORY_COPY_DEVICE_TO_HOST",1,"Agent 2","Agent 0",7434,144087145827049,144087147389219
"MEMORY_COPY","MEMORY_COPY_HOST_TO_DEVICE",1,"Agent 0","Agent 2",7438,144087235575878,144087237227448
"MEMORY_COPY","MEMORY_COPY_HOST_TO_DEVICE",1,"Agent 0","Agent 2",7438,144087237239368,144087238676896
"MEMORY_COPY","MEMORY_COPY_DEVICE_TO_HOST",1,"Agent 2","Agent 0",7442,144087238745027,144087240169475
"MEMORY_COPY","MEMORY_COPY_DEVICE_TO_HOST",1,"Agent 2","Agent 0",7442,144087240177715,144087241390563
"MEMORY_COPY","MEMORY_COPY_HOST_TO_DEVICE",1,"Agent 0","Agent 2",7446,144087325006775,144087326804105
"MEMORY_COPY","MEMORY_COPY_HOST_TO_DEVICE",1,"Agent 0","Agent 2",7446,144087326816177,144087328076824
"MEMORY_COPY","MEMORY_COPY_DEVICE_TO_HOST",1,"Agent 2","Agent 0",7450,144087328120512,144087329335160
"MEMORY_COPY","MEMORY_COPY_DEVICE_TO_HOST",1,"Agent 2","Agent 0",7450,144087329343320,144087330556047
"MEMORY_COPY","MEMORY_COPY_HOST_TO_DEVICE",1,"Agent 0","Agent 2",7454,144087412997257,144087414795587
"MEMORY_COPY","MEMORY_COPY_HOST_TO_DEVICE",1,"Agent 0","Agent 2",7454,144087414809507,144087416069194
"MEMORY_COPY","MEMORY_COPY_DEVICE_TO_HOST",1,"Agent 2","Agent 0",7458,144087416114284,144087417328692
"MEMORY_COPY","MEMORY_COPY_DEVICE_TO_HOST",1,"Agent 2","Agent 0",7458,144087417335812,144087418548539
"MEMORY_COPY","MEMORY_COPY_HOST_TO_DEVICE",1,"Agent 0","Agent 2",7464,144087554289960,144087556062890
"MEMORY_COPY","MEMORY_COPY_HOST_TO_DEVICE",1,"Agent 0","Agent 2",7464,144087556073610,144087557277097
"MEMORY_COPY","MEMORY_COPY_DEVICE_TO_HOST",1,"Agent 2","Agent 0",7468,144087570076064,144087571290632
"MEMORY_COPY","MEMORY_COPY_DEVICE_TO_HOST",1,"Agent 2","Agent 0",7468,144087583412925,144087585098015
"MEMORY_COPY","MEMORY_COPY_HOST_TO_DEVICE",1,"Agent 0","Agent 2",7474,144087714666829,144087716328599
"MEMORY_COPY","MEMORY_COPY_HOST_TO_DEVICE",1,"Agent 0","Agent 2",7474,144087716341799,144087717545686
"MEMORY_COPY","MEMORY_COPY_DEVICE_TO_HOST",1,"Agent 2","Agent 0",7478,144087729472368,144087730687375
"MEMORY_COPY","MEMORY_COPY_DEVICE_TO_HOST",1,"Agent 2","Agent 0",7478,144087742454007,144087744134977
"MEMORY_COPY","MEMORY_COPY_HOST_TO_DEVICE",1,"Agent 0","Agent 2",7482,144087825137984,144087826937914
"MEMORY_COPY","MEMORY_COPY_HOST_TO_DEVICE",1,"Agent 0","Agent 2",7482,144087826950194,144087828193601
"MEMORY_COPY","MEMORY_COPY_DEVICE_TO_HOST",1,"Agent 2","Agent 0",7486,144087828246601,144087829672530
"MEMORY_COPY","MEMORY_COPY_DEVICE_TO_HOST",1,"Agent 2","Agent 0",7486,144087829680669,144087830893676
"MEMORY_COPY","MEMORY_COPY_HOST_TO_DEVICE",1,"Agent 0","Agent 2",7492,144087908614094,144087910295224
"MEMORY_COPY","MEMORY_COPY_DEVICE_TO_HOST",1,"Agent 2","Agent 0",7496,144087922373757,144087923789765
"MEMORY_COPY","MEMORY_COPY_HOST_TO_DEVICE",1,"Agent 0","Agent 2",7514,144088254498062,144088256488954
"MEMORY_COPY","MEMORY_COPY_HOST_TO_DEVICE",1,"Agent 0","Agent 2",7526,144088264066009,144088264076329
"MEMORY_COPY","MEMORY_COPY_HOST_TO_DEVICE",1,"Agent 0","Agent 2",7538,144088267804152,144088267816352
"MEMORY_COPY","MEMORY_COPY_HOST_TO_DEVICE",1,"Agent 0","Agent 2",7550,144088290487820,144088291374225
"MEMORY_COPY","MEMORY_COPY_HOST_TO_DEVICE",1,"Agent 0","Agent 2",7562,144088314042723,144088314916528
"MEMORY_COPY","MEMORY_COPY_HOST_TO_DEVICE",1,"Agent 0","Agent 2",7574,144088321109384,144088321223904
"MEMORY_COPY","MEMORY_COPY_HOST_TO_DEVICE",1,"Agent 0","Agent 2",7586,144088326838908,144088326953388
"MEMORY_COPY","MEMORY_COPY_HOST_TO_DEVICE",1,"Agent 0","Agent 2",7598,144088333089526,144088333203766
"MEMORY_COPY","MEMORY_COPY_HOST_TO_DEVICE",1,"Agent 0","Agent 2",7624,144088333428378,144088333439418
"MEMORY_COPY","MEMORY_COPY_HOST_TO_DEVICE",1,"Agent 0","Agent 2",7662,144088333835940,144088333847740
"MEMORY_COPY","MEMORY_COPY_HOST_TO_DEVICE",1,"Agent 0","Agent 2",7664,144088334542234,144088334656795
"MEMORY_COPY","MEMORY_COPY_HOST_TO_DEVICE",1,"Agent 0","Agent 2",7676,144088338675759,144088338735120
"MEMORY_COPY","MEMORY_COPY_HOST_TO_DEVICE",1,"Agent 0","Agent 2",7688,144088460542366,144088462459817
"MEMORY_COPY","MEMORY_COPY_HOST_TO_DEVICE",1,"Agent 0","Agent 2",7688,144088462499857,144088463961466
"MEMORY_COPY","MEMORY_COPY_DEVICE_TO_HOST",1,"Agent 2","Agent 0",7692,144088481988465,144088483464194
"MEMORY_COPY","MEMORY_COPY_DEVICE_TO_HOST",1,"Agent 2","Agent 0",7692,144088500404107,144088502089717
"MEMORY_COPY","MEMORY_COPY_HOST_TO_DEVICE",1,"Agent 0","Agent 2",7696,144088575636428,144088577248997
"MEMORY_COPY","MEMORY_COPY_HOST_TO_DEVICE",1,"Agent 0","Agent 2",7696,144088577293877,144088578717405
"MEMORY_COPY","MEMORY_COPY_DEVICE_TO_HOST",1,"Agent 2","Agent 0",7700,144088578771276,144088579986203
"MEMORY_COPY","MEMORY_COPY_DEVICE_TO_HOST",1,"Agent 2","Agent 0",7700,144088579997523,144088581210810
"MEMORY_COPY","MEMORY_COPY_HOST_TO_DEVICE",1,"Agent 0","Agent 2",7704,144088611264003,144088612999494
"MEMORY_COPY","MEMORY_COPY_HOST_TO_DEVICE",1,"Agent 0","Agent 2",7704,144088613029134,144088614250541
"MEMORY_COPY","MEMORY_COPY_DEVICE_TO_HOST",1,"Agent 2","Agent 0",7708,144088614299201,144088615514049
"MEMORY_COPY","MEMORY_COPY_DEVICE_TO_HOST",1,"Agent 2","Agent 0",7708,144088615523529,144088616736296
"MEMORY_COPY","MEMORY_COPY_HOST_TO_DEVICE",1,"Agent 0","Agent 2",7712,144088710231639,144088711979889
"MEMORY_COPY","MEMORY_COPY_HOST_TO_DEVICE",1,"Agent 0","Agent 2",7712,144088712098529,144088713311977
"MEMORY_COPY","MEMORY_COPY_DEVICE_TO_HOST",1,"Agent 2","Agent 0",7716,144088713365537,144088714579544
"MEMORY_COPY","MEMORY_COPY_DEVICE_TO_HOST",1,"Agent 2","Agent 0",7716,144088714595624,144088715808912
"MEMORY_COPY","MEMORY_COPY_HOST_TO_DEVICE",1,"Agent 0","Agent 2",7722,144088877321505,144088879047755
"MEMORY_COPY","MEMORY_COPY_HOST_TO_DEVICE",1,"Agent 0","Agent 2",7722,144088879064155,144088880474843
"MEMORY_COPY","MEMORY_COPY_DEVICE_TO_HOST",1,"Agent 2","Agent 0",7726,144088894312637,144088895526965
"MEMORY_COPY","MEMORY_COPY_DEVICE_TO_HOST",1,"Agent 2","Agent 0",7726,144088909701821,144088911277190
"MEMORY_COPY","MEMORY_COPY_HOST_TO_DEVICE",1,"Agent 0","Agent 2",7732,144089030563874,144089032210724
"MEMORY_COPY","MEMORY_COPY_HOST_TO_DEVICE",1,"Agent 0","Agent 2",7732,144089032223044,144089033635292
"MEMORY_COPY","MEMORY_COPY_DEVICE_TO_HOST",1,"Agent 2","Agent 0",7736,144089047992689,144089049500379
"MEMORY_COPY","MEMORY_COPY_DEVICE_TO_HOST",1,"Agent 2","Agent 0",7736,144089062757899,144089064321069
"MEMORY_COPY","MEMORY_COPY_HOST_TO_DEVICE",1,"Agent 0","Agent 2",7740,144089161269035,144089163020085
"MEMORY_COPY","MEMORY_COPY_HOST_TO_DEVICE",1,"Agent 0","Agent 2",7740,144089163055485,144089164266292
"MEMORY_COPY","MEMORY_COPY_DEVICE_TO_HOST",1,"Agent 2","Agent 0",7744,144089164315002,144089165742171
"MEMORY_COPY","MEMORY_COPY_DEVICE_TO_HOST",1,"Agent 2","Agent 0",7744,144089165755651,144089166968898
"MEMORY_COPY","MEMORY_COPY_HOST_TO_DEVICE",1,"Agent 0","Agent 2",7750,144089257841939,144089259402388
"MEMORY_COPY","MEMORY_COPY_DEVICE_TO_HOST",1,"Agent 2","Agent 0",7754,144089272870569,144089274404739
"MEMORY_COPY","MEMORY_COPY_HOST_TO_DEVICE",1,"Agent 0","Agent 2",7772,144089588379320,144089590395532
"MEMORY_COPY","MEMORY_COPY_HOST_TO_DEVICE",1,"Agent 0","Agent 2",7784,144089597423084,144089597433324
"MEMORY_COPY","MEMORY_COPY_HOST_TO_DEVICE",1,"Agent 0","Agent 2",7796,144089600747234,144089600757074
"MEMORY_COPY","MEMORY_COPY_HOST_TO_DEVICE",1,"Agent 0","Agent 2",7808,144089620776916,144089621674722
"MEMORY_COPY","MEMORY_COPY_HOST_TO_DEVICE",1,"Agent 0","Agent 2",7820,144089641647393,144089642533199
"MEMORY_COPY","MEMORY_COPY_HOST_TO_DEVICE",1,"Agent 0","Agent 2",7832,144089648098702,144089648187303
"MEMORY_COPY","MEMORY_COPY_HOST_TO_DEVICE",1,"Agent 0","Agent 2",7844,144089653401606,144089653515966
"MEMORY_COPY","MEMORY_COPY_HOST_TO_DEVICE",1,"Agent 0","Agent 2",7856,144089658539606,144089658654047
"MEMORY_COPY","MEMORY_COPY_HOST_TO_DEVICE",1,"Agent 0","Agent 2",7882,144089658862678,144089658873678
"MEMORY_COPY","MEMORY_COPY_HOST_TO_DEVICE",1,"Agent 0","Agent 2",7920,144089659151040,144089659162720
"MEMORY_COPY","MEMORY_COPY_HOST_TO_DEVICE",1,"Agent 0","Agent 2",7922,144089659734923,144089659850164
"MEMORY_COPY","MEMORY_COPY_HOST_TO_DEVICE",1,"Agent 0","Agent 2",7934,144089663534806,144089663594327
"MEMORY_COPY","MEMORY_COPY_HOST_TO_DEVICE",1,"Agent 0","Agent 2",7946,144089793270985,144089795251117
"MEMORY_COPY","MEMORY_COPY_HOST_TO_DEVICE",1,"Agent 0","Agent 2",7946,144089795267757,144089796913847
"MEMORY_COPY","MEMORY_COPY_DEVICE_TO_HOST",1,"Agent 2","Agent 0",7950,144089810242398,144089811457365
"MEMORY_COPY","MEMORY_COPY_DEVICE_TO_HOST",1,"Agent 2","Agent 0",7950,144089823778450,144089825334060
"MEMORY_COPY","MEMORY_COPY_HOST_TO_DEVICE",1,"Agent 0","Agent 2",7954,144089854350576,144089856074547
"MEMORY_COPY","MEMORY_COPY_HOST_TO_DEVICE",1,"Agent 0","Agent 2",7954,144089856087747,144089857299914
"MEMORY_COPY","MEMORY_COPY_DEVICE_TO_HOST",1,"Agent 2","Agent 0",7958,144089857371918,144089858585885
"MEMORY_COPY","MEMORY_COPY_DEVICE_TO_HOST",1,"Agent 2","Agent 0",7958,144089858596805,144089859809652
"MEMORY_COPY","MEMORY_COPY_HOST_TO_DEVICE",1,"Agent 0","Agent 2",7962,144089916826049,144089918397339
"MEMORY_COPY","MEMORY_COPY_HOST_TO_DEVICE",1,"Agent 0","Agent 2",7962,144089918406299,144089919623786
"MEMORY_COPY","MEMORY_COPY_DEVICE_TO_HOST",1,"Agent 2","Agent 0",7966,144089919666576,144089920881944
"MEMORY_COPY","MEMORY_COPY_DEVICE_TO_HOST",1,"Agent 2","Agent 0",7966,144089920889999,144089922102766
"MEMORY_COPY","MEMORY_COPY_HOST_TO_DEVICE",1,"Agent 0","Agent 2",7970,144089975352179,144089977080870
"MEMORY_COPY","MEMORY_COPY_HOST_TO_DEVICE",1,"Agent 0","Agent 2",7970,144089977091270,144089978303357
"MEMORY_COPY","MEMORY_COPY_DEVICE_TO_HOST",1,"Agent 2","Agent 0",7974,144089978356948,144089979571115
"MEMORY_COPY","MEMORY_COPY_DEVICE_TO_HOST",1,"Agent 2","Agent 0",7974,144089979579195,144089980792083
"MEMORY_COPY","MEMORY_COPY_HOST_TO_DEVICE",1,"Agent 0","Agent 2",7980,144090140604592,144090142285842
"MEMORY_COPY","MEMORY_COPY_HOST_TO_DEVICE",1,"Agent 0","Agent 2",7980,144090142629884,144090143835171
"MEMORY_COPY","MEMORY_COPY_DEVICE_TO_HOST",1,"Agent 2","Agent 0",7984,144090158797082,144090160387692
"MEMORY_COPY","MEMORY_COPY_DEVICE_TO_HOST",1,"Agent 2","Agent 0",7984,144090173622292,144090175264822
"MEMORY_COPY","MEMORY_COPY_HOST_TO_DEVICE",1,"Agent 0","Agent 2",7990,144090336325577,144090338099107
"MEMORY_COPY","MEMORY_COPY_HOST_TO_DEVICE",1,"Agent 0","Agent 2",7990,144090338115387,144090339522875
"MEMORY_COPY","MEMORY_COPY_DEVICE_TO_HOST",1,"Agent 2","Agent 0",7994,144090353845122,144090355060210
"MEMORY_COPY","MEMORY_COPY_DEVICE_TO_HOST",1,"Agent 2","Agent 0",7994,144090368620782,144090370240952
"MEMORY_COPY","MEMORY_COPY_HOST_TO_DEVICE",1,"Agent 0","Agent 2",7998,144090467153188,144090468957599
"MEMORY_COPY","MEMORY_COPY_HOST_TO_DEVICE",1,"Agent 0","Agent 2",7998,144090468974959,144090470200486
"MEMORY_COPY","MEMORY_COPY_DEVICE_TO_HOST",1,"Agent 2","Agent 0",8002,144090470248926,144090471676615
"MEMORY_COPY","MEMORY_COPY_DEVICE_TO_HOST",1,"Agent 2","Agent 0",8002,144090471683975,144090472897502
"MEMORY_COPY","MEMORY_COPY_HOST_TO_DEVICE",1,"Agent 0","Agent 2",8008,144090570954247,144090572657617
"MEMORY_COPY","MEMORY_COPY_DEVICE_TO_HOST",1,"Agent 2","Agent 0",8012,144090587721028,144090589338158
"MEMORY_COPY","MEMORY_COPY_HOST_TO_DEVICE",1,"Agent 0","Agent 2",8030,144090857584151,144090859588043
"MEMORY_COPY","MEMORY_COPY_HOST_TO_DEVICE",1,"Agent 0","Agent 2",8042,144090869725964,144090869816285
"MEMORY_COPY","MEMORY_COPY_HOST_TO_DEVICE",1,"Agent 0","Agent 2",8054,144090875387529,144090875502010
"MEMORY_COPY","MEMORY_COPY_HOST_TO_DEVICE",1,"Agent 0","Agent 2",8066,144090895861594,144090896750319
"MEMORY_COPY","MEMORY_COPY_HOST_TO_DEVICE",1,"Agent 0","Agent 2",8078,144090902305553,144090902394514
"MEMORY_COPY","MEMORY_COPY_HOST_TO_DEVICE",1,"Agent 0","Agent 2",8090,144090907560555,144090907674556
"MEMORY_COPY","MEMORY_COPY_HOST_TO_DEVICE",1,"Agent 0","Agent 2",8102,144090912909238,144090913028718
"MEMORY_COPY","MEMORY_COPY_HOST_TO_DEVICE",1,"Agent 0","Agent 2",8162,144090913551142,144090913558542
"MEMORY_COPY","MEMORY_COPY_HOST_TO_DEVICE",1,"Agent 0","Agent 2",8172,144090918256950,144090918316791
"MEMORY_COPY","MEMORY_COPY_HOST_TO_DEVICE",1,"Agent 0","Agent 2",8184,144091055448676,144091057135846
"MEMORY_COPY","MEMORY_COPY_HOST_TO_DEVICE",1,"Agent 0","Agent 2",8184,144091057153046,144091058354453
"MEMORY_COPY","MEMORY_COPY_DEVICE_TO_HOST",1,"Agent 2","Agent 0",8188,144091073398315,144091074785763
"MEMORY_COPY","MEMORY_COPY_DEVICE_TO_HOST",1,"Agent 2","Agent 0",8188,144091088000234,144091089495883
"MEMORY_COPY","MEMORY_COPY_HOST_TO_DEVICE",1,"Agent 0","Agent 2",8192,144091183171750,144091184968521
"MEMORY_COPY","MEMORY_COPY_HOST_TO_DEVICE",1,"Agent 0","Agent 2",8192,144091184980641,144091186185888
"MEMORY_COPY","MEMORY_COPY_DEVICE_TO_HOST",1,"Agent 2","Agent 0",8196,144091186239168,144091187666857
"MEMORY_COPY","MEMORY_COPY_DEVICE_TO_HOST",1,"Agent 2","Agent 0",8196,144091187675297,144091188887984
"MEMORY_COPY","MEMORY_COPY_HOST_TO_DEVICE",1,"Agent 0","Agent 2",8200,144091283905150,144091285479159
"MEMORY_COPY","MEMORY_COPY_HOST_TO_DEVICE",1,"Agent 0","Agent 2",8200,144091285494879,144091286702686
"MEMORY_COPY","MEMORY_COPY_DEVICE_TO_HOST",1,"Agent 2","Agent 0",8204,144091286749806,144091287964974
"MEMORY_COPY","MEMORY_COPY_DEVICE_TO_HOST",1,"Agent 2","Agent 0",8204,144091287972374,144091289185141
"MEMORY_COPY","MEMORY_COPY_HOST_TO_DEVICE",1,"Agent 0","Agent 2",8208,144091353071611,144091354871182
"MEMORY_COPY","MEMORY_COPY_HOST_TO_DEVICE",1,"Agent 0","Agent 2",8208,144091354883302,144091356153909
"MEMORY_COPY","MEMORY_COPY_DEVICE_TO_HOST",1,"Agent 2","Agent 0",8212,144091356202310,144091357416797
"MEMORY_COPY","MEMORY_COPY_DEVICE_TO_HOST",1,"Agent 2","Agent 0",8212,144091357424084,144091358636851
"MEMORY_COPY","MEMORY_COPY_HOST_TO_DEVICE",1,"Agent 0","Agent 2",8218,144091524030337,144091525590746
"MEMORY_COPY","MEMORY_COPY_HOST_TO_DEVICE",1,"Agent 0","Agent 2",8218,144091525606346,144091527015234
"MEMORY_COPY","MEMORY_COPY_DEVICE_TO_HOST",1,"Agent 2","Agent 0",8222,144091540647057,144091542168827
"MEMORY_COPY","MEMORY_COPY_DEVICE_TO_HOST",1,"Agent 2","Agent 0",8222,144091555898660,144091557445390
"MEMORY_COPY","MEMORY_COPY_HOST_TO_DEVICE",1,"Agent 0","Agent 2",8228,144091695095558,144091696891289
"MEMORY_COPY","MEMORY_COPY_HOST_TO_DEVICE",1,"Agent 0","Agent 2",8228,144091696905689,144091698144736
"MEMORY_COPY","MEMORY_COPY_DEVICE_TO_HOST",1,"Agent 2","Agent 0",8232,144091711349747,144091712564554
"MEMORY_COPY","MEMORY_COPY_DEVICE_TO_HOST",1,"Agent 2","Agent 0",8232,144091723893084,144091725438613
"MEMORY_COPY","MEMORY_COPY_HOST_TO_DEVICE",1,"Agent 0","Agent 2",8236,144091805067692,144091806602541
"MEMORY_COPY","MEMORY_COPY_HOST_TO_DEVICE",1,"Agent 0","Agent 2",8236,144091806612541,144091808028429
"MEMORY_COPY","MEMORY_COPY_DEVICE_TO_HOST",1,"Agent 2","Agent 0",8240,144091808076579,144091809291387
"MEMORY_COPY","MEMORY_COPY_DEVICE_TO_HOST",1,"Agent 2","Agent 0",8240,144091809298827,144091810512074
"MEMORY_COPY","MEMORY_COPY_HOST_TO_DEVICE",1,"Agent 0","Agent 2",8246,144091894104525,144091895899535
"MEMORY_COPY","MEMORY_COPY_DEVICE_TO_HOST",1,"Agent 2","Agent 0",8250,144091907617656,144091909109945
"MEMORY_COPY","MEMORY_COPY_HOST_TO_DEVICE",1,"Agent 0","Agent 2",8268,144092242528842,144092244254692
"MEMORY_COPY","MEMORY_COPY_HOST_TO_DEVICE",1,"Agent 0","Agent 2",8280,144092251904448,144092251914968
"MEMORY_COPY","MEMORY_COPY_HOST_TO_DEVICE",1,"Agent 0","Agent 2",8292,144092255407920,144092255419520
"MEMORY_COPY","MEMORY_COPY_HOST_TO_DEVICE",1,"Agent 0","Agent 2",8304,144092274082334,144092274970259
"MEMORY_COPY","MEMORY_COPY_HOST_TO_DEVICE",1,"Agent 0","Agent 2",8316,144092292090624,144092292980109
"MEMORY_COPY","MEMORY_COPY_HOST_TO_DEVICE",1,"Agent 0","Agent 2",8328,144092297662478,144092297751638
"MEMORY_COPY","MEMORY_COPY_HOST_TO_DEVICE",1,"Agent 0","Agent 2",8340,144092302207935,144092302322336
"MEMORY_COPY","MEMORY_COPY_HOST_TO_DEVICE",1,"Agent 0","Agent 2",8352,144092306530342,144092306644462
"MEMORY_COPY","MEMORY_COPY_HOST_TO_DEVICE",1,"Agent 0","Agent 2",8378,144092306832627,144092306843747
"MEMORY_COPY","MEMORY_COPY_HOST_TO_DEVICE",1,"Agent 0","Agent 2",8416,144092307464741,144092307476341
"MEMORY_COPY","MEMORY_COPY_HOST_TO_DEVICE",1,"Agent 0","Agent 2",8418,144092307891663,144092308010064
"MEMORY_COPY","MEMORY_COPY_HOST_TO_DEVICE",1,"Agent 0","Agent 2",8430,144092310980612,144092311039973
"MEMORY_COPY","MEMORY_COPY_HOST_TO_DEVICE",1,"Agent 0","Agent 2",8442,144092423884623,144092425753394
"MEMORY_COPY","MEMORY_COPY_HOST_TO_DEVICE",1,"Agent 0","Agent 2",8442,144092425994615,144092427638505
"MEMORY_COPY","MEMORY_COPY_DEVICE_TO_HOST",1,"Agent 2","Agent 0",8446,144092441153418,144092442695307
"MEMORY_COPY","MEMORY_COPY_DEVICE_TO_HOST",1,"Agent 2","Agent 0",8446,144092455902968,144092457478297
"MEMORY_COPY","MEMORY_COPY_HOST_TO_DEVICE",1,"Agent 0","Agent 2",8450,144092511880195,144092513487804
"MEMORY_COPY","MEMORY_COPY_HOST_TO_DEVICE",1,"Agent 0","Agent 2",8450,144092513503124,144092514708891
"MEMORY_COPY","MEMORY_COPY_DEVICE_TO_HOST",1,"Agent 2","Agent 0",8454,144092514753341,144092515967829
"MEMORY_COPY","MEMORY_COPY_DEVICE_TO_HOST",1,"Agent 2","Agent 0",8454,144092515975309,144092517188156
"MEMORY_COPY","MEMORY_COPY_HOST_TO_DEVICE",1,"Agent 0","Agent 2",8458,144092571830940,144092573448910
"MEMORY_COPY","MEMORY_COPY_HOST_TO_DEVICE",1,"Agent 0","Agent 2",8458,144092573460230,144092574668997
"MEMORY_COPY","MEMORY_COPY_DEVICE_TO_HOST",1,"Agent 2","Agent 0",8462,144092574713938,144092575927745
"MEMORY_COPY","MEMORY_COPY_DEVICE_TO_HOST",1,"Agent 2","Agent 0",8462,144092575935160,144092577147847
"MEMORY_COPY","MEMORY_COPY_HOST_TO_DEVICE",1,"Agent 0","Agent 2",8466,144092655062078,144092656619687
"MEMORY_COPY","MEMORY_COPY_HOST_TO_DEVICE",1,"Agent 0","Agent 2",8466,144092656630927,144092657833334
"MEMORY_COPY","MEMORY_COPY_DEVICE_TO_HOST",1,"Agent 2","Agent 0",8470,144092657876904,144092659090952
"MEMORY_COPY","MEMORY_COPY_DEVICE_TO_HOST",1,"Agent 2","Agent 0",8470,144092659107992,144092660321319
"MEMORY_COPY","MEMORY_COPY_HOST_TO_DEVICE",1,"Agent 0","Agent 2",8476,144092818762414,144092820378623
"MEMORY_COPY","MEMORY_COPY_HOST_TO_DEVICE",1,"Agent 0","Agent 2",8476,144092820396863,144092821806991
"MEMORY_COPY","MEMORY_COPY_DEVICE_TO_HOST",1,"Agent 2","Agent 0",8480,144092836468521,144092837859449
"MEMORY_COPY","MEMORY_COPY_DEVICE_TO_HOST",1,"Agent 2","Agent 0",8480,144092851491083,144092853176053
"MEMORY_COPY","MEMORY_COPY_HOST_TO_DEVICE",1,"Agent 0","Agent 2",8486,144093020654415,144093022310345
"MEMORY_COPY","MEMORY_COPY_HOST_TO_DEVICE",1,"Agent 0","Agent 2",8486,144093022767177,144093023970345
"MEMORY_COPY","MEMORY_COPY_DEVICE_TO_HOST",1,"Agent 2","Agent 0",8490,144093043086312,144093044581161
"MEMORY_COPY","MEMORY_COPY_DEVICE_TO_HOST",1,"Agent 2","Agent 0",8490,144093061868486,144093063426256
"MEMORY_COPY","MEMORY_COPY_HOST_TO_DEVICE",1,"Agent 0","Agent 2",8494,144093168130798,144093169928369
"MEMORY_COPY","MEMORY_COPY_HOST_TO_DEVICE",1,"Agent 0","Agent 2",8494,144093169952689,144093171271137
"MEMORY_COPY","MEMORY_COPY_DEVICE_TO_HOST",1,"Agent 2","Agent 0",8498,144093171320027,144093172748196
"MEMORY_COPY","MEMORY_COPY_DEVICE_TO_HOST",1,"Agent 2","Agent 0",8498,144093172755356,144093173968763
"MEMORY_COPY","MEMORY_COPY_HOST_TO_DEVICE",1,"Agent 0","Agent 2",8504,144093275565535,144093277269225
"MEMORY_COPY","MEMORY_COPY_DEVICE_TO_HOST",1,"Agent 2","Agent 0",8508,144093290739307,144093292341557
"MEMORY_COPY","MEMORY_COPY_HOST_TO_DEVICE",1,"Agent 0","Agent 2",8526,144093608887230,144093610809321
"MEMORY_COPY","MEMORY_COPY_HOST_TO_DEVICE",1,"Agent 0","Agent 2",8538,144093618061975,144093618072255
"MEMORY_COPY","MEMORY_COPY_HOST_TO_DEVICE",1,"Agent 0","Agent 2",8550,144093621300315,144093621312475
"MEMORY_COPY","MEMORY_COPY_HOST_TO_DEVICE",1,"Agent 0","Agent 2",8562,144093641607349,144093642506075
"MEMORY_COPY","MEMORY_COPY_HOST_TO_DEVICE",1,"Agent 0","Agent 2",8574,144093664139907,144093665025352
"MEMORY_COPY","MEMORY_COPY_HOST_TO_DEVICE",1,"Agent 0","Agent 2",8586,144093669988903,144093670088663
"MEMORY_COPY","MEMORY_COPY_HOST_TO_DEVICE",1,"Agent 0","Agent 2",8598,144093674966805,144093675081245
"MEMORY_COPY","MEMORY_COPY_HOST_TO_DEVICE",1,"Agent 0","Agent 2",8610,144093679770473,144093679884714
"MEMORY_COPY","MEMORY_COPY_HOST_TO_DEVICE",1,"Agent 0","Agent 2",8636,144093680244366,144093680255566
"MEMORY_COPY","MEMORY_COPY_HOST_TO_DEVICE",1,"Agent 0","Agent 2",8674,144093680517098,144093680528898
"MEMORY_COPY","MEMORY_COPY_HOST_TO_DEVICE",1,"Agent 0","Agent 2",8676,144093681062711,144093681178032
"MEMORY_COPY","MEMORY_COPY_HOST_TO_DEVICE",1,"Agent 0","Agent 2",8688,144093684567673,144093684627273
"MEMORY_COPY","MEMORY_COPY_HOST_TO_DEVICE",1,"Agent 0","Agent 2",8700,144093833927112,144093835794563
"MEMORY_COPY","MEMORY_COPY_HOST_TO_DEVICE",1,"Agent 0","Agent 2",8700,144093835810843,144093837268811
"MEMORY_COPY","MEMORY_COPY_DEVICE_TO_HOST",1,"Agent 2","Agent 0",8704,144093852113002,144093853609532
"MEMORY_COPY","MEMORY_COPY_DEVICE_TO_HOST",1,"Agent 2","Agent 0",8704,144093866670692,144093868301662
"MEMORY_COPY","MEMORY_COPY_HOST_TO_DEVICE",1,"Agent 0","Agent 2",8708,144093930155094,144093931948945
"MEMORY_COPY","MEMORY_COPY_HOST_TO_DEVICE",1,"Agent 0","Agent 2",8708,144093931964225,144093933192552
"MEMORY_COPY","MEMORY_COPY_DEVICE_TO_HOST",1,"Agent 2","Agent 0",8712,144093933249472,144093934464160
"MEMORY_COPY","MEMORY_COPY_DEVICE_TO_HOST",1,"Agent 2","Agent 0",8712,144093934472586,144093935685713
"MEMORY_COPY","MEMORY_COPY_HOST_TO_DEVICE",1,"Agent 0","Agent 2",8716,144093997416563,144093999138893
"MEMORY_COPY","MEMORY_COPY_HOST_TO_DEVICE",1,"Agent 0","Agent 2",8716,144093999157133,144094000376980
"MEMORY_COPY","MEMORY_COPY_DEVICE_TO_HOST",1,"Agent 2","Agent 0",8720,144094000431350,144094001646118
"MEMORY_COPY","MEMORY_COPY_DEVICE_TO_HOST",1,"Agent 2","Agent 0",8720,144094001658398,144094002871245
"MEMORY_COPY","MEMORY_COPY_HOST_TO_DEVICE",1,"Agent 0","Agent 2",8724,144094099854662,144094101468911
"MEMORY_COPY","MEMORY_COPY_HOST_TO_DEVICE",1,"Agent 0","Agent 2",8724,144094101482111,144094102685358
"MEMORY_COPY","MEMORY_COPY_DEVICE_TO_HOST",1,"Agent 2","Agent 0",8728,144094102736498,144094103950346
"MEMORY_COPY","MEMORY_COPY_DEVICE_TO_HOST",1,"Agent 2","Agent 0",8728,144094103957706,144094105170433
"MEMORY_COPY","MEMORY_COPY_HOST_TO_DEVICE",1,"Agent 0","Agent 2",8734,144094267699042,144094269336012
"MEMORY_COPY","MEMORY_COPY_HOST_TO_DEVICE",1,"Agent 0","Agent 2",8734,144094269357092,144094270763580
"MEMORY_COPY","MEMORY_COPY_DEVICE_TO_HOST",1,"Agent 2","Agent 0",8738,144094286028884,144094287549013
"MEMORY_COPY","MEMORY_COPY_DEVICE_TO_HOST",1,"Agent 2","Agent 0",8738,144094301548919,144094303201489
"MEMORY_COPY","MEMORY_COPY_HOST_TO_DEVICE",1,"Agent 0","Agent 2",8744,144094458090513,144094459613442
"MEMORY_COPY","MEMORY_COPY_HOST_TO_DEVICE",1,"Agent 0","Agent 2",8744,144094459633736,144094461041864
"MEMORY_COPY","MEMORY_COPY_DEVICE_TO_HOST",1,"Agent 2","Agent 0",8748,144094476741496,144094478339386
"MEMORY_COPY","MEMORY_COPY_DEVICE_TO_HOST",1,"Agent 2","Agent 0",8748,144094493677590,144094495303400
"MEMORY_COPY","MEMORY_COPY_HOST_TO_DEVICE",1,"Agent 0","Agent 2",8752,144094591607859,144094593309709
"MEMORY_COPY","MEMORY_COPY_HOST_TO_DEVICE",1,"Agent 0","Agent 2",8752,144094593332349,144094594738997
"MEMORY_COPY","MEMORY_COPY_DEVICE_TO_HOST",1,"Agent 2","Agent 0",8756,144094594790308,144094596004595
"MEMORY_COPY","MEMORY_COPY_DEVICE_TO_HOST",1,"Agent 2","Agent 0",8756,144094596013155,144094597225842
"MEMORY_COPY","MEMORY_COPY_HOST_TO_DEVICE",1,"Agent 0","Agent 2",8762,144094687308484,144094689082534
"MEMORY_COPY","MEMORY_COPY_DEVICE_TO_HOST",1,"Agent 2","Agent 0",8766,144094703130620,144094704612469
"MEMORY_COPY","MEMORY_COPY_HOST_TO_DEVICE",1,"Agent 0","Agent 2",8784,144095022439399,144095024473091
"MEMORY_COPY","MEMORY_COPY_HOST_TO_DEVICE",1,"Agent 0","Agent 2",8796,144095031483263,144095031493904
"MEMORY_COPY","MEMORY_COPY_HOST_TO_DEVICE",1,"Agent 0","Agent 2",8808,144095036274563,144095036286723
"MEMORY_COPY","MEMORY_COPY_HOST_TO_DEVICE",1,"Agent 0","Agent 2",8820,144095055571371,144095056459577
"MEMORY_COPY","MEMORY_COPY_HOST_TO_DEVICE",1,"Agent 0","Agent 2",8832,144095075572334,144095076459459
"MEMORY_COPY","MEMORY_COPY_HOST_TO_DEVICE",1,"Agent 0","Agent 2",8844,144095081731012,144095081820052
"MEMORY_COPY","MEMORY_COPY_HOST_TO_DEVICE",1,"Agent 0","Agent 2",8856,144095086658682,144095086773083
"MEMORY_COPY","MEMORY_COPY_HOST_TO_DEVICE",1,"Agent 0","Agent 2",8868,144095091597861,144095091711981
"MEMORY_COPY","MEMORY_COPY_HOST_TO_DEVICE",1,"Agent 0","Agent 2",8894,144095091917192,144095091928232
"MEMORY_COPY","MEMORY_COPY_HOST_TO_DEVICE",1,"Agent 0","Agent 2",8932,144095092295624,144095092307144
"MEMORY_COPY","MEMORY_COPY_HOST_TO_DEVICE",1,"Agent 0","Agent 2",8934,144095092879528,144095092994848
"MEMORY_COPY","MEMORY_COPY_HOST_TO_DEVICE",1,"Agent 0","Agent 2",8946,144095096663591,144095096723151
"MEMORY_COPY","MEMORY_COPY_HOST_TO_DEVICE",1,"Agent 0","Agent 2",8958,144095198166666,144095200532160
"MEMORY_COPY","MEMORY_COPY_HOST_TO_DEVICE",1,"Agent 0","Agent 2",8958,144095200552640,144095202024089
"MEMORY_COPY","MEMORY_COPY_DEVICE_TO_HOST",1,"Agent 2","Agent 0",8962,144095215653722,144095216868330
"MEMORY_COPY","MEMORY_COPY_DEVICE_TO_HOST",1,"Agent 2","Agent 0",8962,144095230171671,144095231649200
"MEMORY_COPY","MEMORY_COPY_HOST_TO_DEVICE",1,"Agent 0","Agent 2",8966,144095326985470,144095328535239
"MEMORY_COPY","MEMORY_COPY_HOST_TO_DEVICE",1,"Agent 0","Agent 2",8966,144095328556879,144095329969567
"MEMORY_COPY","MEMORY_COPY_DEVICE_TO_HOST",1,"Agent 2","Agent 0",8970,144095330050148,144095331265355
"MEMORY_COPY","MEMORY_COPY_DEVICE_TO_HOST",1,"Agent 2","Agent 0",8970,144095331282475,144095332495643
"MEMORY_COPY","MEMORY_COPY_HOST_TO_DEVICE",1,"Agent 0","Agent 2",8974,144095426027776,144095427574105
"MEMORY_COPY","MEMORY_COPY_HOST_TO_DEVICE",1,"Agent 0","Agent 2",8974,144095427595545,144095428805712
"MEMORY_COPY","MEMORY_COPY_DEVICE_TO_HOST",1,"Agent 2","Agent 0",8978,144095428868262,144095430082190
"MEMORY_COPY","MEMORY_COPY_DEVICE_TO_HOST",1,"Agent 2","Agent 0",8978,144095430090470,144095431303437
"MEMORY_COPY","MEMORY_COPY_HOST_TO_DEVICE",1,"Agent 0","Agent 2",8982,144095489009900,144095490559469
"MEMORY_COPY","MEMORY_COPY_HOST_TO_DEVICE",1,"Agent 0","Agent 2",8982,144095490578749,144095491796476
"MEMORY_COPY","MEMORY_COPY_DEVICE_TO_HOST",1,"Agent 2","Agent 0",8986,144095491843196,144095493058124
"MEMORY_COPY","MEMORY_COPY_DEVICE_TO_HOST",1,"Agent 2","Agent 0",8986,144095493065244,144095494278131
"MEMORY_COPY","MEMORY_COPY_HOST_TO_DEVICE",1,"Agent 0","Agent 2",8992,144095650906228,144095652497077
"MEMORY_COPY","MEMORY_COPY_HOST_TO_DEVICE",1,"Agent 0","Agent 2",8992,144095652516797,144095653721204
"MEMORY_COPY","MEMORY_COPY_DEVICE_TO_HOST",1,"Agent 2","Agent 0",8996,144095668325134,144095669761582
"MEMORY_COPY","MEMORY_COPY_DEVICE_TO_HOST",1,"Agent 2","Agent 0",8996,144095684127451,144095685620660
"MEMORY_COPY","MEMORY_COPY_HOST_TO_DEVICE",1,"Agent 0","Agent 2",9002,144095807118416,144095808641625
"MEMORY_COPY","MEMORY_COPY_HOST_TO_DEVICE",1,"Agent 0","Agent 2",9002,144095808660945,144095810073193
"MEMORY_COPY","MEMORY_COPY_DEVICE_TO_HOST",1,"Agent 2","Agent 0",9006,144095824761163,144095826371293
"MEMORY_COPY","MEMORY_COPY_DEVICE_TO_HOST",1,"Agent 2","Agent 0",9006,144095841865509,144095843444238
"MEMORY_COPY","MEMORY_COPY_HOST_TO_DEVICE",1,"Agent 0","Agent 2",9010,144095935954799,144095937529568
"MEMORY_COPY","MEMORY_COPY_HOST_TO_DEVICE",1,"Agent 0","Agent 2",9010,144095937541568,144095938958296
"MEMORY_COPY","MEMORY_COPY_DEVICE_TO_HOST",1,"Agent 2","Agent 0",9014,144095939002707,144095940217314
"MEMORY_COPY","MEMORY_COPY_DEVICE_TO_HOST",1,"Agent 2","Agent 0",9014,144095940224434,144095941441081
"MEMORY_COPY","MEMORY_COPY_HOST_TO_DEVICE",1,"Agent 0","Agent 2",9020,144096034809173,144096036427623
"MEMORY_COPY","MEMORY_COPY_DEVICE_TO_HOST",1,"Agent 2","Agent 0",9024,144096050564629,144096052247640
"MEMORY_COPY","MEMORY_COPY_HOST_TO_DEVICE",1,"Agent 0","Agent 2",9042,144096288763482,144096290741054
"MEMORY_COPY","MEMORY_COPY_HOST_TO_DEVICE",1,"Agent 0","Agent 2",9054,144096300127291,144096300216652
"MEMORY_COPY","MEMORY_COPY_HOST_TO_DEVICE",1,"Agent 0","Agent 2",9066,144096305247803,144096305362083
"MEMORY_COPY","MEMORY_COPY_HOST_TO_DEVICE",1,"Agent 0","Agent 2",9078,144096324975624,144096325862749
"MEMORY_COPY","MEMORY_COPY_HOST_TO_DEVICE",1,"Agent 0","Agent 2",9090,144096331288883,144096331378163
"MEMORY_COPY","MEMORY_COPY_HOST_TO_DEVICE",1,"Agent 0","Agent 2",9102,144096336416634,144096336530755
"MEMORY_COPY","MEMORY_COPY_HOST_TO_DEVICE",1,"Agent 0","Agent 2",9114,144096341994018,144096342108659
"MEMORY_COPY","MEMORY_COPY_HOST_TO_DEVICE",1,"Agent 0","Agent 2",9174,144096342595132,144096342602972
"MEMORY_COPY","MEMORY_COPY_HOST_TO_DEVICE",1,"Agent 0","Agent 2",9184,144096347308121,144096347367321
"MEMORY_COPY","MEMORY_COPY_HOST_TO_DEVICE",1,"Agent 0","Agent 2",9196,144096447540739,144096449250669
"MEMORY_COPY","MEMORY_COPY_HOST_TO_DEVICE",1,"Agent 0","Agent 2",9196,144096449273549,144096450479996
"MEMORY_COPY","MEMORY_COPY_DEVICE_TO_HOST",1,"Agent 2","Agent 0",9200,144096464929285,144096466451094
"MEMORY_COPY","MEMORY_COPY_DEVICE_TO_HOST",1,"Agent 2","Agent 0",9200,144096479326223,144096480782232
"MEMORY_COPY","MEMORY_COPY_HOST_TO_DEVICE",1,"Agent 0","Agent 2",9204,144096570091122,144096571631331
"MEMORY_COPY","MEMORY_COPY_HOST_TO_DEVICE",1,"Agent 0","Agent 2",9204,144096571652565,144096573069373
"MEMORY_COPY","MEMORY_COPY_DEVICE_TO_HOST",1,"Agent 2","Agent 0",9208,144096573121040,144096574335527
"MEMORY_COPY","MEMORY_COPY_DEVICE_TO_HOST",1,"Agent 2","Agent 0",9208,144096574345607,144096575559015
"MEMORY_COPY","MEMORY_COPY_HOST_TO_DEVICE",1,"Agent 0","Agent 2",9212,144096632470888,144096634220818
"MEMORY_COPY","MEMORY_COPY_HOST_TO_DEVICE",1,"Agent 0","Agent 2",9212,144096634239120,144096635455327
"MEMORY_COPY","MEMORY_COPY_DEVICE_TO_HOST",1,"Agent 2","Agent 0",9216,144096635504805,144096636719453
"MEMORY_COPY","MEMORY_COPY_DEVICE_TO_HOST",1,"Agent 2","Agent 0",9216,144096636734453,144096637947660
"MEMORY_COPY","MEMORY_COPY_HOST_TO_DEVICE",1,"Agent 0","Agent 2",9220,144096718364849,144096720154020
"MEMORY_COPY","MEMORY_COPY_HOST_TO_DEVICE",1,"Agent 0","Agent 2",9220,144096720178620,144096721385307
"MEMORY_COPY","MEMORY_COPY_DEVICE_TO_HOST",1,"Agent 2","Agent 0",9224,144096721425377,144096722639705
"MEMORY_COPY","MEMORY_COPY_DEVICE_TO_HOST",1,"Agent 2","Agent 0",9224,144096722648065,144096723860712
"MEMORY_COPY","MEMORY_COPY_HOST_TO_DEVICE",1,"Agent 0","Agent 2",9230,144096858880673,144096860487402
"MEMORY_COPY","MEMORY_COPY_HOST_TO_DEVICE",1,"Agent 0","Agent 2",9230,144096860524402,144096861932490
"MEMORY_COPY","MEMORY_COPY_DEVICE_TO_HOST",1,"Agent 2","Agent 0",9234,144096875750265,144096877281555
"MEMORY_COPY","MEMORY_COPY_DEVICE_TO_HOST",1,"Agent 2","Agent 0",9234,144096890188354,144096891690283
"MEMORY_COPY","MEMORY_COPY_HOST_TO_DEVICE",1,"Agent 0","Agent 2",9240,144096987774206,144096989451336
"MEMORY_COPY","MEMORY_COPY_HOST_TO_DEVICE",1,"Agent 0","Agent 2",9240,144096989469536,144096990878784
"MEMORY_COPY","MEMORY_COPY_DEVICE_TO_HOST",1,"Agent 2","Agent 0",9244,144097002831038,144097004046205
"MEMORY_COPY","MEMORY_COPY_DEVICE_TO_HOST",1,"Agent 2","Agent 0",9244,144097015167804,144097016682893
"MEMORY_COPY","MEMORY_COPY_HOST_TO_DEVICE",1,"Agent 0","Agent 2",9248,144097094382422,144097096178513
"MEMORY_COPY","MEMORY_COPY_HOST_TO_DEVICE",1,"Agent 0","Agent 2",9248,144097096197073,144097097419320
"MEMORY_COPY","MEMORY_COPY_DEVICE_TO_HOST",1,"Agent 2","Agent 0",9252,144097097457960,144097098883889
"MEMORY_COPY","MEMORY_COPY_DEVICE_TO_HOST",1,"Agent 2","Agent 0",9252,144097098891049,144097100103737
"MEMORY_COPY","MEMORY_COPY_HOST_TO_DEVICE",1,"Agent 0","Agent 2",9258,144097178571927,144097180323417
"MEMORY_COPY","MEMORY_COPY_DEVICE_TO_HOST",1,"Agent 2","Agent 0",9262,144097192035139,144097193606908
"MEMORY_COPY","MEMORY_COPY_HOST_TO_DEVICE",1,"Agent 0","Agent 2",9280,144097461757711,144097463711443
"MEMORY_COPY","MEMORY_COPY_HOST_TO_DEVICE",1,"Agent 0","Agent 2",9292,144097469955131,144097469965731
"MEMORY_COPY","MEMORY_COPY_HOST_TO_DEVICE",1,"Agent 0","Agent 2",9304,144097473230241,144097473240041
"MEMORY_COPY","MEMORY_COPY_HOST_TO_DEVICE",1,"Agent 0","Agent 2",9316,144097492243648,144097493141974
"MEMORY_COPY","MEMORY_COPY_HOST_TO_DEVICE",1,"Agent 0","Agent 2",9328,144097510055108,144097510953193
"MEMORY_COPY","MEMORY_COPY_HOST_TO_DEVICE",1,"Agent 0","Agent 2",9340,144097515493201,144097515583722
"MEMORY_COPY","MEMORY_COPY_HOST_TO_DEVICE",1,"Agent 0","Agent 2",9352,144097520035949,144097520153910
"MEMORY_COPY","MEMORY_COPY_HOST_TO_DEVICE",1,"Agent 0","Agent 2",9364,144097524408146,144097524522427
"MEMORY_COPY","MEMORY_COPY_HOST_TO_DEVICE",1,"Agent 0","Agent 2",9390,144097524689368,144097524701168
"MEMORY_COPY","MEMORY_COPY_HOST_TO_DEVICE",1,"Agent 0","Agent 2",9428,144097524925049,144097524937009
"MEMORY_COPY","MEMORY_COPY_HOST_TO_DEVICE",1,"Agent 0","Agent 2",9430,144097525398402,144097525513643
"MEMORY_COPY","MEMORY_COPY_HOST_TO_DEVICE",1,"Agent 0","Agent 2",9442,144097528840552,144097528900232
"MEMORY_COPY","MEMORY_COPY_HOST_TO_DEVICE",1,"Agent 0","Agent 2",9454,144097640513103,144097642282753
"MEMORY_COPY","MEMORY_COPY_HOST_TO_DEVICE",1,"Agent 0","Agent 2",9454,144097642307753,144097643823522
"MEMORY_COPY","MEMORY_COPY_DEVICE_TO_HOST",1,"Agent 2","Agent 0",9458,144097656267719,144097657482966
"MEMORY_COPY","MEMORY_COPY_DEVICE_TO_HOST",1,"Agent 2","Agent 0",9458,144097668758756,144097670421526
"MEMORY_COPY","MEMORY_COPY_HOST_TO_DEVICE",1,"Agent 0","Agent 2",9462,144097749328542,144097751128473
"MEMORY_COPY","MEMORY_COPY_HOST_TO_DEVICE",1,"Agent 0","Agent 2",9462,144097751153193,144097752821563
"MEMORY_COPY","MEMORY_COPY_DEVICE_TO_HOST",1,"Agent 2","Agent 0",9466,144097752864563,144097754079531
"MEMORY_COPY","MEMORY_COPY_DEVICE_TO_HOST",1,"Agent 2","Agent 0",9466,144097754086931,144097755299978
"MEMORY_COPY","MEMORY_COPY_HOST_TO_DEVICE",1,"Agent 0","Agent 2",9470,144097834629824,144097836366674
"MEMORY_COPY","MEMORY_COPY_HOST_TO_DEVICE",1,"Agent 0","Agent 2",9470,144097836390634,144097837601361
"MEMORY_COPY","MEMORY_COPY_DEVICE_TO_HOST",1,"Agent 2","Agent 0",9474,144097837641121,144097838856249
"MEMORY_COPY","MEMORY_COPY_DEVICE_TO_HOST",1,"Agent 2","Agent 0",9474,144097838863609,144097840076536
"MEMORY_COPY","MEMORY_COPY_HOST_TO_DEVICE",1,"Agent 0","Agent 2",9478,144097889912874,144097891517963
"MEMORY_COPY","MEMORY_COPY_HOST_TO_DEVICE",1,"Agent 0","Agent 2",9478,144097891533604,144097892750411
"MEMORY_COPY","MEMORY_COPY_DEVICE_TO_HOST",1,"Agent 2","Agent 0",9482,144097892790801,144097894005489
"MEMORY_COPY","MEMORY_COPY_DEVICE_TO_HOST",1,"Agent 2","Agent 0",9482,144097894039147,144097895252314
"MEMORY_COPY","MEMORY_COPY_HOST_TO_DEVICE",1,"Agent 0","Agent 2",9488,144098034974492,144098036563101
"MEMORY_COPY","MEMORY_COPY_HOST_TO_DEVICE",1,"Agent 0","Agent 2",9488,144098036582861,144098037989509
"MEMORY_COPY","MEMORY_COPY_DEVICE_TO_HOST",1,"Agent 2","Agent 0",9492,144098050428016,144098051642583
"MEMORY_COPY","MEMORY_COPY_DEVICE_TO_HOST",1,"Agent 2","Agent 0",9492,144098062025577,144098063544787
"MEMORY_COPY","MEMORY_COPY_HOST_TO_DEVICE",1,"Agent 0","Agent 2",9498,144098195287018,144098197082149
"MEMORY_COPY","MEMORY_COPY_HOST_TO_DEVICE",1,"Agent 0","Agent 2",9498,144098197101789,144098198344516
"MEMORY_COPY","MEMORY_COPY_DEVICE_TO_HOST",1,"Agent 2","Agent 0",9502,144098210150339,144098211365907
"MEMORY_COPY","MEMORY_COPY_DEVICE_TO_HOST",1,"Agent 2","Agent 0",9502,144098223054459,144098224609108
"MEMORY_COPY","MEMORY_COPY_HOST_TO_DEVICE",1,"Agent 0","Agent 2",9506,144098303169251,144098304696380
"MEMORY_COPY","MEMORY_COPY_HOST_TO_DEVICE",1,"Agent 0","Agent 2",9506,144098304718500,144098306145708
"MEMORY_COPY","MEMORY_COPY_DEVICE_TO_HOST",1,"Agent 2","Agent 0",9510,144098306186179,144098307401706
"MEMORY_COPY","MEMORY_COPY_DEVICE_TO_HOST",1,"Agent 2","Agent 0",9510,144098307409163,144098308621851
"MEMORY_COPY","MEMORY_COPY_HOST_TO_DEVICE",1,"Agent 0","Agent 2",9516,144098399932853,144098401550143
"MEMORY_COPY","MEMORY_COPY_DEVICE_TO_HOST",1,"Agent 2","Agent 0",9520,144098415698850,144098417368460
"MEMORY_COPY","MEMORY_COPY_HOST_TO_DEVICE",1,"Agent 0","Agent 2",9538,144098743584556,144098745618648
"MEMORY_COPY","MEMORY_COPY_HOST_TO_DEVICE",1,"Agent 0","Agent 2",9550,144098752919762,144098752930403
"MEMORY_COPY","MEMORY_COPY_HOST_TO_DEVICE",1,"Agent 0","Agent 2",9562,144098756339954,144098756352114
"MEMORY_COPY","MEMORY_COPY_HOST_TO_DEVICE",1,"Agent 0","Agent 2",9574,144098776123646,144098777016451
"MEMORY_COPY","MEMORY_COPY_HOST_TO_DEVICE",1,"Agent 0","Agent 2",9586,144098797184926,144098798075251
"MEMORY_COPY","MEMORY_COPY_HOST_TO_DEVICE",1,"Agent 0","Agent 2",9598,144098803628285,144098803716886
"MEMORY_COPY","MEMORY_COPY_HOST_TO_DEVICE",1,"Agent 0","Agent 2",9610,144098808893048,144098809007768
"MEMORY_COPY","MEMORY_COPY_HOST_TO_DEVICE",1,"Agent 0","Agent 2",9622,144098814010168,144098814128289
"MEMORY_COPY","MEMORY_COPY_HOST_TO_DEVICE",1,"Agent 0","Agent 2",9648,144098814317660,144098814328700
"MEMORY_COPY","MEMORY_COPY_HOST_TO_DEVICE",1,"Agent 0","Agent 2",9686,144098814579832,144098814591952
"MEMORY_COPY","MEMORY_COPY_HOST_TO_DEVICE",1,"Agent 0","Agent 2",9688,144098815176505,144098815292066
"MEMORY_COPY","MEMORY_COPY_HOST_TO_DEVICE",1,"Agent 0","Agent 2",9700,144098818969649,144098819030089
"MEMORY_COPY","MEMORY_COPY_HOST_TO_DEVICE",1,"Agent 0","Agent 2",9712,144098956350609,144098958356581
"MEMORY_COPY","MEMORY_COPY_HOST_TO_DEVICE",1,"Agent 0","Agent 2",9712,144098958397381,144098959841110
"MEMORY_COPY","MEMORY_COPY_DEVICE_TO_HOST",1,"Agent 2","Agent 0",9716,144098976011489,144098977573939
"MEMORY_COPY","MEMORY_COPY_DEVICE_TO_HOST",1,"Agent 2","Agent 0",9716,144098994518834,144098995924642
"MEMORY_COPY","MEMORY_COPY_HOST_TO_DEVICE",1,"Agent 0","Agent 2",9720,144099066569159,144099068318609
"MEMORY_COPY","MEMORY_COPY_HOST_TO_DEVICE",1,"Agent 0","Agent 2",9720,144099068335329,144099069752497
"MEMORY_COPY","MEMORY_COPY_DEVICE_TO_HOST",1,"Agent 2","Agent 0",9724,144099069803528,144099071018255
"MEMORY_COPY","MEMORY_COPY_DEVICE_TO_HOST",1,"Agent 2","Agent 0",9724,144099071035415,144099072248703
"MEMORY_COPY","MEMORY_COPY_HOST_TO_DEVICE",1,"Agent 0","Agent 2",9728,144099176402365,144099178192056
"MEMORY_COPY","MEMORY_COPY_HOST_TO_DEVICE",1,"Agent 0","Agent 2",9728,144099178216056,144099179426063
"MEMORY_COPY","MEMORY_COPY_DEVICE_TO_HOST",1,"Agent 2","Agent 0",9732,144099179479393,144099180904002
"MEMORY_COPY","MEMORY_COPY_DEVICE_TO_HOST",1,"Agent 2","Agent 0",9732,144099180911122,144099182123890
"MEMORY_COPY","MEMORY_COPY_HOST_TO_DEVICE",1,"Agent 0","Agent 2",9736,144099240879021,144099242503791
"MEMORY_COPY","MEMORY_COPY_HOST_TO_DEVICE",1,"Agent 0","Agent 2",9736,144099242523031,144099243733438
"MEMORY_COPY","MEMORY_COPY_DEVICE_TO_HOST",1,"Agent 2","Agent 0",9740,144099243778168,144099244992696
"MEMORY_COPY","MEMORY_COPY_DEVICE_TO_HOST",1,"Agent 2","Agent 0",9740,144099244999951,144099246212758
"MEMORY_COPY","MEMORY_COPY_HOST_TO_DEVICE",1,"Agent 0","Agent 2",9746,144099403203426,144099404725675
"MEMORY_COPY","MEMORY_COPY_HOST_TO_DEVICE",1,"Agent 0","Agent 2",9746,144099404745035,144099405948882
"MEMORY_COPY","MEMORY_COPY_DEVICE_TO_HOST",1,"Agent 2","Agent 0",9750,144099420775104,144099422409114
"MEMORY_COPY","MEMORY_COPY_DEVICE_TO_HOST",1,"Agent 2","Agent 0",9750,144099435485594,144099436905643
"MEMORY_COPY","MEMORY_COPY_HOST_TO_DEVICE",1,"Agent 0","Agent 2",9756,144099594774990,144099596435680
"MEMORY_COPY","MEMORY_COPY_HOST_TO_DEVICE",1,"Agent 0","Agent 2",9756,144099596455800,144099597659407
"MEMORY_COPY","MEMORY_COPY_DEVICE_TO_HOST",1,"Agent 2","Agent 0",9760,144099611544283,144099612759250
"MEMORY_COPY","MEMORY_COPY_DEVICE_TO_HOST",1,"Agent 2","Agent 0",9760,144099625915272,144099627502841
"MEMORY_COPY","MEMORY_COPY_HOST_TO_DEVICE",1,"Agent 0","Agent 2",9764,144099720213399,144099721742288
"MEMORY_COPY","MEMORY_COPY_HOST_TO_DEVICE",1,"Agent 0","Agent 2",9764,144099721756408,144099723185936
"MEMORY_COPY","MEMORY_COPY_DEVICE_TO_HOST",1,"Agent 2","Agent 0",9768,144099723230477,144099724445564
"MEMORY_COPY","MEMORY_COPY_DEVICE_TO_HOST",1,"Agent 2","Agent 0",9768,144099724453804,144099725666612
"MEMORY_COPY","MEMORY_COPY_HOST_TO_DEVICE",1,"Agent 0","Agent 2",9774,144099813870913,144099815505883
"MEMORY_COPY","MEMORY_COPY_DEVICE_TO_HOST",1,"Agent 2","Agent 0",9778,144099828610633,144099829989682
"MEMORY_COPY","MEMORY_COPY_HOST_TO_DEVICE",1,"Agent 0","Agent 2",9796,144100174338650,144100176376422
"MEMORY_COPY","MEMORY_COPY_HOST_TO_DEVICE",1,"Agent 0","Agent 2",9808,144100184737623,144100184749303
"MEMORY_COPY","MEMORY_COPY_HOST_TO_DEVICE",1,"Agent 0","Agent 2",9820,144100188696138,144100188708178
"MEMORY_COPY","MEMORY_COPY_HOST_TO_DEVICE",1,"Agent 0","Agent 2",9832,144100208927573,144100209824098
"MEMORY_COPY","MEMORY_COPY_HOST_TO_DEVICE",1,"Agent 0","Agent 2",9844,144100228821236,144100229717842
"MEMORY_COPY","MEMORY_COPY_HOST_TO_DEVICE",1,"Agent 0","Agent 2",9856,144100235815089,144100235904010
"MEMORY_COPY","MEMORY_COPY_HOST_TO_DEVICE",1,"Agent 0","Agent 2",9868,144100242175132,144100242289452
"MEMORY_COPY","MEMORY_COPY_HOST_TO_DEVICE",1,"Agent 0","Agent 2",9880,144100248081867,144100248198388
"MEMORY_COPY","MEMORY_COPY_HOST_TO_DEVICE",1,"Agent 0","Agent 2",9906,144100248433250,144100248444250
"MEMORY_COPY","MEMORY_COPY_HOST_TO_DEVICE",1,"Agent 0","Agent 2",9944,144100248721551,144100248733271
"MEMORY_COPY","MEMORY_COPY_HOST_TO_DEVICE",1,"Agent 0","Agent 2",9946,144100249375425,144100249490946
"MEMORY_COPY","MEMORY_COPY_HOST_TO_DEVICE",1,"Agent 0","Agent 2",9958,144100253396990,144100253457471
"MEMORY_COPY","MEMORY_COPY_HOST_TO_DEVICE",1,"Agent 0","Agent 2",9970,144100348242212,144100349765781
"MEMORY_COPY","MEMORY_COPY_HOST_TO_DEVICE",1,"Agent 0","Agent 2",9970,144100350152763,144100351356810
"MEMORY_COPY","MEMORY_COPY_DEVICE_TO_HOST",1,"Agent 2","Agent 0",9974,144100369447972,144100370908741
"MEMORY_COPY","MEMORY_COPY_DEVICE_TO_HOST",1,"Agent 2","Agent 0",9974,144100387006791,144100388629561
"MEMORY_COPY","MEMORY_COPY_HOST_TO_DEVICE",1,"Agent 0","Agent 2",9978,144100414597462,144100416339672
"MEMORY_COPY","MEMORY_COPY_HOST_TO_DEVICE",1,"Agent 0","Agent 2",9978,144100416351152,144100417570119
"MEMORY_COPY","MEMORY_COPY_DEVICE_TO_HOST",1,"Agent 2","Agent 0",9982,144100417618929,144100418833177
"MEMORY_COPY","MEMORY_COPY_DEVICE_TO_HOST",1,"Agent 2","Agent 0",9982,144100418840377,144100420053224
"MEMORY_COPY","MEMORY_COPY_HOST_TO_DEVICE",1,"Agent 0","Agent 2",9986,144100512902687,144100514561657
"MEMORY_COPY","MEMORY_COPY_HOST_TO_DEVICE",1,"Agent 0","Agent 2",9986,144100514572217,144100515786584
"MEMORY_COPY","MEMORY_COPY_DEVICE_TO_HOST",1,"Agent 2","Agent 0",9990,144100515835294,144100517049182
"MEMORY_COPY","MEMORY_COPY_DEVICE_TO_HOST",1,"Agent 2","Agent 0",9990,144100517056382,144100518269269
"MEMORY_COPY","MEMORY_COPY_HOST_TO_DEVICE",1,"Agent 0","Agent 2",9994,144100579034770,144100580628419
"MEMORY_COPY","MEMORY_COPY_HOST_TO_DEVICE",1,"Agent 0","Agent 2",9994,144100580639859,144100581851666
"MEMORY_COPY","MEMORY_COPY_DEVICE_TO_HOST",1,"Agent 2","Agent 0",9998,144100581904986,144100583119434
"MEMORY_COPY","MEMORY_COPY_DEVICE_TO_HOST",1,"Agent 2","Agent 0",9998,144100583127674,144100584340441
"MEMORY_COPY","MEMORY_COPY_HOST_TO_DEVICE",1,"Agent 0","Agent 2",10004,144100725762263,144100727442473
"MEMORY_COPY","MEMORY_COPY_HOST_TO_DEVICE",1,"Agent 0","Agent 2",10004,144100727454193,144100728864401
"MEMORY_COPY","MEMORY_COPY_DEVICE_TO_HOST",1,"Agent 2","Agent 0",10008,144100742282884,144100743500332
"MEMORY_COPY","MEMORY_COPY_DEVICE_TO_HOST",1,"Agent 2","Agent 0",10008,144100755106714,144100756690403
"MEMORY_COPY","MEMORY_COPY_HOST_TO_DEVICE",1,"Agent 0","Agent 2",10014,144100834208977,144100835776346
"MEMORY_COPY","MEMORY_COPY_HOST_TO_DEVICE",1,"Agent 0","Agent 2",10014,144100835792866,144100837205594
"MEMORY_COPY","MEMORY_COPY_DEVICE_TO_HOST",1,"Agent 2","Agent 0",10018,144100849766032,144100850980680
"MEMORY_COPY","MEMORY_COPY_DEVICE_TO_HOST",1,"Agent 2","Agent 0",10018,144100863543617,144100864984306
"MEMORY_COPY","MEMORY_COPY_HOST_TO_DEVICE",1,"Agent 0","Agent 2",10022,144100950849060,144100952525390
"MEMORY_COPY","MEMORY_COPY_HOST_TO_DEVICE",1,"Agent 0","Agent 2",10022,144100952542670,144100953960838
"MEMORY_COPY","MEMORY_COPY_DEVICE_TO_HOST",1,"Agent 2","Agent 0",10026,144100954033354,144100955247841
"MEMORY_COPY","MEMORY_COPY_DEVICE_TO_HOST",1,"Agent 2","Agent 0",10026,144100955230876,144100956443924
"MEMORY_COPY","MEMORY_COPY_HOST_TO_DEVICE",1,"Agent 0","Agent 2",10032,144101043001970,144101044630060
"MEMORY_COPY","MEMORY_COPY_DEVICE_TO_HOST",1,"Agent 2","Agent 0",10036,144101057599490,144101059028859
"MEMORY_COPY","MEMORY_COPY_HOST_TO_DEVICE",1,"Agent 0","Agent 2",10054,144101277476459,144101279575232
"MEMORY_COPY","MEMORY_COPY_HOST_TO_DEVICE",1,"Agent 0","Agent 2",10066,144101288008284,144101288101004
"MEMORY_COPY","MEMORY_COPY_HOST_TO_DEVICE",1,"Agent 0","Agent 2",10078,144101292429461,144101292543942
"MEMORY_COPY","MEMORY_COPY_HOST_TO_DEVICE",1,"Agent 0","Agent 2",10090,144101309769108,144101310668594
"MEMORY_COPY","MEMORY_COPY_HOST_TO_DEVICE",1,"Agent 0","Agent 2",10102,144101315446804,144101315537244
"MEMORY_COPY","MEMORY_COPY_HOST_TO_DEVICE",1,"Agent 0","Agent 2",10114,144101319978612,144101320093212
"MEMORY_COPY","MEMORY_COPY_HOST_TO_DEVICE",1,"Agent 0","Agent 2",10126,144101324548250,144101324662731
"MEMORY_COPY","MEMORY_COPY_HOST_TO_DEVICE",1,"Agent 0","Agent 2",10186,144101325500446,144101325508246
"MEMORY_COPY","MEMORY_COPY_HOST_TO_DEVICE",1,"Agent 0","Agent 2",10196,144101330102814,144101330162055
"MEMORY_COPY","MEMORY_COPY_HOST_TO_DEVICE",1,"Agent 0","Agent 2",10208,144101409662372,144101411388302
"MEMORY_COPY","MEMORY_COPY_HOST_TO_DEVICE",1,"Agent 0","Agent 2",10208,144101411401222,144101412602509
"MEMORY_COPY","MEMORY_COPY_DEVICE_TO_HOST",1,"Agent 2","Agent 0",10212,144101425556999,144101426771247
"MEMORY_COPY","MEMORY_COPY_DEVICE_TO_HOST",1,"Agent 2","Agent 0",10212,144101438296108,144101439816758
"MEMORY_COPY","MEMORY_COPY_HOST_TO_DEVICE",1,"Agent 0","Agent 2",10216,144101492685879,144101494408409
"MEMORY_COPY","MEMORY_COPY_HOST_TO_DEVICE",1,"Agent 0","Agent 2",10216,144101494419449,144101495634976
"MEMORY_COPY","MEMORY_COPY_DEVICE_TO_HOST",1,"Agent 2","Agent 0",10220,144101495680956,144101496894764
"MEMORY_COPY","MEMORY_COPY_DEVICE_TO_HOST",1,"Agent 2","Agent 0",10220,144101496902804,144101498115771
"MEMORY_COPY","MEMORY_COPY_HOST_TO_DEVICE",1,"Agent 0","Agent 2",10224,144101577260550,144101578833599
"MEMORY_COPY","MEMORY_COPY_HOST_TO_DEVICE",1,"Agent 0","Agent 2",10224,144101578844079,144101580055046
"MEMORY_COPY","MEMORY_COPY_DEVICE_TO_HOST",1,"Agent 2","Agent 0",10228,144101580098206,144101581313014
"MEMORY_COPY","MEMORY_COPY_DEVICE_TO_HOST",1,"Agent 2","Agent 0",10228,144101581321254,144101582534101
"MEMORY_COPY","MEMORY_COPY_HOST_TO_DEVICE",1,"Agent 0","Agent 2",10232,144101660860887,144101662546137
"MEMORY_COPY","MEMORY_COPY_HOST_TO_DEVICE",1,"Agent 0","Agent 2",10232,144101662580217,144101663791464
"MEMORY_COPY","MEMORY_COPY_DEVICE_TO_HOST",1,"Agent 2","Agent 0",10236,144101663862315,144101665076242
"MEMORY_COPY","MEMORY_COPY_DEVICE_TO_HOST",1,"Agent 2","Agent 0",10236,144101665084562,144101666297650
"MEMORY_COPY","MEMORY_COPY_HOST_TO_DEVICE",1,"Agent 0","Agent 2",10242,144101828977334,144101830646384
"MEMORY_COPY","MEMORY_COPY_HOST_TO_DEVICE",1,"Agent 0","Agent 2",10242,144101830685744,144101831886751
"MEMORY_COPY","MEMORY_COPY_DEVICE_TO_HOST",1,"Agent 2","Agent 0",10246,144101843920056,144101845135383
"MEMORY_COPY","MEMORY_COPY_DEVICE_TO_HOST",1,"Agent 2","Agent 0",10246,144101855851480,144101857381569
"MEMORY_COPY","MEMORY_COPY_HOST_TO_DEVICE",1,"Agent 0","Agent 2",10252,144101996946380,144101998620270
"MEMORY_COPY","MEMORY_COPY_HOST_TO_DEVICE",1,"Agent 0","Agent 2",10252,144101998636430,144102000200159
"MEMORY_COPY","MEMORY_COPY_DEVICE_TO_HOST",1,"Agent 2","Agent 0",10256,144102012826868,144102014041595
"MEMORY_COPY","MEMORY_COPY_DEVICE_TO_HOST",1,"Agent 2","Agent 0",10256,144102025559496,144102027007265
"MEMORY_COPY","MEMORY_COPY_HOST_TO_DEVICE",1,"Agent 0","Agent 2",10260,144102107945235,144102109614125
"MEMORY_COPY","MEMORY_COPY_HOST_TO_DEVICE",1,"Agent 0","Agent 2",10260,144102109625565,144102111043853
"MEMORY_COPY","MEMORY_COPY_DEVICE_TO_HOST",1,"Agent 2","Agent 0",10264,144102111087054,144102112302221
"MEMORY_COPY","MEMORY_COPY_DEVICE_TO_HOST",1,"Agent 2","Agent 0",10264,144102112309341,144102113521869
"MEMORY_COPY","MEMORY_COPY_HOST_TO_DEVICE",1,"Agent 0","Agent 2",10270,144102194097010,144102195710500
"MEMORY_COPY","MEMORY_COPY_DEVICE_TO_HOST",1,"Agent 2","Agent 0",10274,144102208340928,144102209860737
"MEMORY_COPY","MEMORY_COPY_HOST_TO_DEVICE",1,"Agent 0","Agent 2",10292,144102481979434,144102483934886
"MEMORY_COPY","MEMORY_COPY_HOST_TO_DEVICE",1,"Agent 0","Agent 2",10304,144102490715118,144102490725398
"MEMORY_COPY","MEMORY_COPY_HOST_TO_DEVICE",1,"Agent 0","Agent 2",10316,144102493584615,144102493594495
"MEMORY_COPY","MEMORY_COPY_HOST_TO_DEVICE",1,"Agent 0","Agent 2",10328,144102510432800,144102511322605
"MEMORY_COPY","MEMORY_COPY_HOST_TO_DEVICE",1,"Agent 0","Agent 2",10340,144102528259141,144102529146386
"MEMORY_COPY","MEMORY_COPY_HOST_TO_DEVICE",1,"Agent 0","Agent 2",10352,144102533711805,144102533800125
"MEMORY_COPY","MEMORY_COPY_HOST_TO_DEVICE",1,"Agent 0","Agent 2",10364,144102538087722,144102538201842
"MEMORY_COPY","MEMORY_COPY_HOST_TO_DEVICE",1,"Agent 0","Agent 2",10376,144102542377448,144102542492049
"MEMORY_COPY","MEMORY_COPY_HOST_TO_DEVICE",1,"Agent 0","Agent 2",10402,144102542675340,144102542686300
"MEMORY_COPY","MEMORY_COPY_HOST_TO_DEVICE",1,"Agent 0","Agent 2",10440,144102542927772,144102542939692
"MEMORY_COPY","MEMORY_COPY_HOST_TO_DEVICE",1,"Agent 0","Agent 2",10442,144102543433455,144102543548416
"MEMORY_COPY","MEMORY_COPY_HOST_TO_DEVICE",1,"Agent 0","Agent 2",10454,144102546682877,144102546742397
"MEMORY_COPY","MEMORY_COPY_HOST_TO_DEVICE",1,"Agent 0","Agent 2",10466,144102635222996,144102636779005
"MEMORY_COPY","MEMORY_COPY_HOST_TO_DEVICE",1,"Agent 0","Agent 2",10466,144102636792525,144102638200333
"MEMORY_COPY","MEMORY_COPY_DEVICE_TO_HOST",1,"Agent 2","Agent 0",10470,144102650042577,144102651256984
"MEMORY_COPY","MEMORY_COPY_DEVICE_TO_HOST",1,"Agent 2","Agent 0",10470,144102662524614,144102663991703
"MEMORY_COPY","MEMORY_COPY_HOST_TO_DEVICE",1,"Agent 0","Agent 2",10474,144102750546110,144102752340321
"MEMORY_COPY","MEMORY_COPY_HOST_TO_DEVICE",1,"Agent 0","Agent 2",10474,144102752352121,144102753561168
"MEMORY_COPY","MEMORY_COPY_DEVICE_TO_HOST",1,"Agent 2","Agent 0",10478,144102753789129,144102755003537
"MEMORY_COPY","MEMORY_COPY_DEVICE_TO_HOST",1,"Agent 2","Agent 0",10478,144102755016457,144102756229185
"MEMORY_COPY","MEMORY_COPY_HOST_TO_DEVICE",1,"Agent 0","Agent 2",10482,144102835540189,144102837336960
"MEMORY_COPY","MEMORY_COPY_HOST_TO_DEVICE",1,"Agent 0","Agent 2",10482,144102837348920,144102838559047
"MEMORY_COPY","MEMORY_COPY_DEVICE_TO_HOST",1,"Agent 2","Agent 0",10486,144102838603287,144102839817695
"MEMORY_COPY","MEMORY_COPY_DEVICE_TO_HOST",1,"Agent 2","Agent 0",10486,144102839825135,144102841037862
"MEMORY_COPY","MEMORY_COPY_HOST_TO_DEVICE",1,"Agent 0","Agent 2",10490,144102891318965,144102892874055
"MEMORY_COPY","MEMORY_COPY_HOST_TO_DEVICE",1,"Agent 0","Agent 2",10490,144102892881255,144102894097702
"MEMORY_COPY","MEMORY_COPY_DEVICE_TO_HOST",1,"Agent 2","Agent 0",10494,144102894142013,144102895356820
"MEMORY_COPY","MEMORY_COPY_DEVICE_TO_HOST",1,"Agent 2","Agent 0",10494,144102895364300,144102896576988
"MEMORY_COPY","MEMORY_COPY_HOST_TO_DEVICE",1,"Agent 0","Agent 2",10500,144103033714156,144103035479207
"MEMORY_COPY","MEMORY_COPY_HOST_TO_DEVICE",1,"Agent 0","Agent 2",10500,144103035498847,144103036908335
"MEMORY_COPY","MEMORY_COPY_DEVICE_TO_HOST",1,"Agent 2","Agent 0",10504,144103051901869,144103053414878
"MEMORY_COPY","MEMORY_COPY_DEVICE_TO_HOST",1,"Agent 2","Agent 0",10504,144103065166961,144103066717291
"MEMORY_COPY","MEMORY_COPY_HOST_TO_DEVICE",1,"Agent 0","Agent 2",10510,144103167415027,144103169208238
"MEMORY_COPY","MEMORY_COPY_HOST_TO_DEVICE",1,"Agent 0","Agent 2",10510,144103169221558,144103170457365
"MEMORY_COPY","MEMORY_COPY_DEVICE_TO_HOST",1,"Agent 2","Agent 0",10514,144103182757312,144103183972399
"MEMORY_COPY","MEMORY_COPY_DEVICE_TO_HOST",1,"Agent 2","Agent 0",10514,144103195541201,144103197028930
"MEMORY_COPY","MEMORY_COPY_HOST_TO_DEVICE",1,"Agent 0","Agent 2",10518,144103275861052,144103277571862
"MEMORY_COPY","MEMORY_COPY_HOST_TO_DEVICE",1,"Agent 0","Agent 2",10518,144103277582342,144103278997430
"MEMORY_COPY","MEMORY_COPY_DEVICE_TO_HOST",1,"Agent 2","Agent 0",10522,144103279045351,144103280259878
"MEMORY_COPY","MEMORY_COPY_DEVICE_TO_HOST",1,"Agent 2","Agent 0",10522,144103280267238,144103281480206
"MEMORY_COPY","MEMORY_COPY_HOST_TO_DEVICE",1,"Agent 0","Agent 2",10528,144103359988986,144103361647516
"MEMORY_COPY","MEMORY_COPY_DEVICE_TO_HOST",1,"Agent 2","Agent 0",10532,144103373327728,144103374855378
"MEMORY_COPY","MEMORY_COPY_HOST_TO_DEVICE",1,"Agent 0","Agent 2",10550,144103644184289,144103645835659
"MEMORY_COPY","MEMORY_COPY_HOST_TO_DEVICE",1,"Agent 0","Agent 2",10562,144103651996187,144103652006867
"MEMORY_COPY","MEMORY_COPY_HOST_TO_DEVICE",1,"Agent 0","Agent 2",10574,144103654803744,144103654814224
"MEMORY_COPY","MEMORY_COPY_HOST_TO_DEVICE",1,"Agent 0","Agent 2",10586,144103671616589,144103672503834
"MEMORY_COPY","MEMORY_COPY_HOST_TO_DEVICE",1,"Agent 0","Agent 2",10598,144103689353949,144103690240835
"MEMORY_COPY","MEMORY_COPY_HOST_TO_DEVICE",1,"Agent 0","Agent 2",10610,144103694677482,144103694766403
"MEMORY_COPY","MEMORY_COPY_HOST_TO_DEVICE",1,"Agent 0","Agent 2",10622,144103698932729,144103699047169
"MEMORY_COPY","MEMORY_COPY_HOST_TO_DEVICE",1,"Agent 0","Agent 2",10634,144103703145815,144103703260256
"MEMORY_COPY","MEMORY_COPY_HOST_TO_DEVICE",1,"Agent 0","Agent 2",10660,144103703464777,144103703476177
"MEMORY_COPY","MEMORY_COPY_HOST_TO_DEVICE",1,"Agent 0","Agent 2",10698,144103703717428,144103703729428
"MEMORY_COPY","MEMORY_COPY_HOST_TO_DEVICE",1,"Agent 0","Agent 2",10700,144103704322122,144103704437323
"MEMORY_COPY","MEMORY_COPY_HOST_TO_DEVICE",1,"Agent 0","Agent 2",10712,144103707725913,144103707785794
"MEMORY_COPY","MEMORY_COPY_HOST_TO_DEVICE",1,"Agent 0","Agent 2",10724,144103796061573,144103797706463
"MEMORY_COPY","MEMORY_COPY_HOST_TO_DEVICE",1,"Agent 0","Agent 2",10724,144103797720223,144103799164312
"MEMORY_COPY","MEMORY_COPY_DEVICE_TO_HOST",1,"Agent 2","Agent 0",10728,144103811399098,144103812614305
"MEMORY_COPY","MEMORY_COPY_DEVICE_TO_HOST",1,"Agent 2","Agent 0",10728,144103823853085,144103825574456
"MEMORY_COPY","MEMORY_COPY_HOST_TO_DEVICE",1,"Agent 0","Agent 2",10732,144103885417572,144103887212143
"MEMORY_COPY","MEMORY_COPY_HOST_TO_DEVICE",1,"Agent 0","Agent 2",10732,144103887227375,144103888491102
"MEMORY_COPY","MEMORY_COPY_DEVICE_TO_HOST",1,"Agent 2","Agent 0",10736,144103888534741,144103889749748
"MEMORY_COPY","MEMORY_COPY_DEVICE_TO_HOST",1,"Agent 2","Agent 0",10736,144103889756828,144103890969716
"MEMORY_COPY","MEMORY_COPY_HOST_TO_DEVICE",1,"Agent 0","Agent 2",10740,144103944353698,144103945890908
"MEMORY_COPY","MEMORY_COPY_HOST_TO_DEVICE",1,"Agent 0","Agent 2",10740,144103945898268,144103947109635
"MEMORY_COPY","MEMORY_COPY_DEVICE_TO_HOST",1,"Agent 2","Agent 0",10744,144103947155446,144103948369813
"MEMORY_COPY","MEMORY_COPY_DEVICE_TO_HOST",1,"Agent 2","Agent 0",10744,144103948378013,144103949590901
"MEMORY_COPY","MEMORY_COPY_HOST_TO_DEVICE",1,"Agent 0","Agent 2",10748,144104001908343,144104003634113
"MEMORY_COPY","MEMORY_COPY_HOST_TO_DEVICE",1,"Agent 0","Agent 2",10748,144104003659113,144104004869800
"MEMORY_COPY","MEMORY_COPY_DEVICE_TO_HOST",1,"Agent 2","Agent 0",10752,144104004910470,144104006125398
"MEMORY_COPY","MEMORY_COPY_DEVICE_TO_HOST",1,"Agent 2","Agent 0",10752,144104006132518,144104007345326
"MEMORY_COPY","MEMORY_COPY_HOST_TO_DEVICE",1,"Agent 0","Agent 2",10758,144104142742585,144104144489795
"MEMORY_COPY","MEMORY_COPY_HOST_TO_DEVICE",1,"Agent 0","Agent 2",10758,144104144510675,144104145920843
"MEMORY_COPY","MEMORY_COPY_DEVICE_TO_HOST",1,"Agent 2","Agent 0",10762,144104157835787,144104159051235
"MEMORY_COPY","MEMORY_COPY_DEVICE_TO_HOST",1,"Agent 2","Agent 0",10762,144104170900049,144104172558539
"MEMORY_COPY","MEMORY_COPY_HOST_TO_DEVICE",1,"Agent 0","Agent 2",10768,144104297150858,144104298766868
"MEMORY_COPY","MEMORY_COPY_HOST_TO_DEVICE",1,"Agent 0","Agent 2",10768,144104298783188,144104300194596
"MEMORY_COPY","MEMORY_COPY_DEVICE_TO_HOST",1,"Agent 2","Agent 0",10772,144104312463043,144104313678090
"MEMORY_COPY","MEMORY_COPY_DEVICE_TO_HOST",1,"Agent 2","Agent 0",10772,144104324880450,144104326620101
"MEMORY_COPY","MEMORY_COPY_HOST_TO_DEVICE",1,"Agent 0","Agent 2",10776,144104405084966,144104406732056
"MEMORY_COPY","MEMORY_COPY_HOST_TO_DEVICE",1,"Agent 0","Agent 2",10776,144104406755296,144104408164664
"MEMORY_COPY","MEMORY_COPY_DEVICE_TO_HOST",1,"Agent 2","Agent 0",10780,144104408204545,144104409419072
"MEMORY_COPY","MEMORY_COPY_DEVICE_TO_HOST",1,"Agent 2","Agent 0",10780,144104409426432,144104410639200
"MEMORY_COPY","MEMORY_COPY_HOST_TO_DEVICE",1,"Agent 0","Agent 2",10786,144104490479202,144104492273253
"MEMORY_COPY","MEMORY_COPY_DEVICE_TO_HOST",1,"Agent 2","Agent 0",10790,144104503929055,144104505591145
"MEMORY_COPY","MEMORY_COPY_HOST_TO_DEVICE",1,"Agent 0","Agent 2",10808,144104776476924,144104778264855
"MEMORY_COPY","MEMORY_COPY_HOST_TO_DEVICE",1,"Agent 0","Agent 2",10820,144104784100011,144104784110611
"MEMORY_COPY","MEMORY_COPY_HOST_TO_DEVICE",1,"Agent 0","Agent 2",10832,144104786841858,144104786851978
"MEMORY_COPY","MEMORY_COPY_HOST_TO_DEVICE",1,"Agent 0","Agent 2",10844,144104803707233,144104804596159
"MEMORY_COPY","MEMORY_COPY_HOST_TO_DEVICE",1,"Agent 0","Agent 2",10856,144104821806136,144104822695861
"MEMORY_COPY","MEMORY_COPY_HOST_TO_DEVICE",1,"Agent 0","Agent 2",10868,144104827256360,144104827352200
"MEMORY_COPY","MEMORY_COPY_HOST_TO_DEVICE",1,"Agent 0","Agent 2",10880,144104831557787,144104831672187
"MEMORY_COPY","MEMORY_COPY_HOST_TO_DEVICE",1,"Agent 0","Agent 2",10892,144104835882374,144104835996774
"MEMORY_COPY","MEMORY_COPY_HOST_TO_DEVICE",1,"Agent 0","Agent 2",10918,144104836196615,144104836207616
"MEMORY_COPY","MEMORY_COPY_HOST_TO_DEVICE",1,"Agent 0","Agent 2",10956,144104836415037,144104836427037
"MEMORY_COPY","MEMORY_COPY_HOST_TO_DEVICE",1,"Agent 0","Agent 2",10958,144104836892240,144104837007601
"MEMORY_COPY","MEMORY_COPY_HOST_TO_DEVICE",1,"Agent 0","Agent 2",10970,144104840277501,144104840337101
"MEMORY_COPY","MEMORY_COPY_HOST_TO_DEVICE",1,"Agent 0","Agent 2",10982,144104893969986,144104895648117
"MEMORY_COPY","MEMORY_COPY_HOST_TO_DEVICE",1,"Agent 0","Agent 2",10982,144104895665197,144104897071926
"MEMORY_COPY","MEMORY_COPY_DEVICE_TO_HOST",1,"Agent 2","Agent 0",10986,144104909297486,144104910512533
"MEMORY_COPY","MEMORY_COPY_DEVICE_TO_HOST",1,"Agent 2","Agent 0",10986,144104921146259,144104922673988
"MEMORY_COPY","MEMORY_COPY_HOST_TO_DEVICE",1,"Agent 0","Agent 2",10990,144104950075179,144104951707469
"MEMORY_COPY","MEMORY_COPY_HOST_TO_DEVICE",1,"Agent 0","Agent 2",10990,144104951718549,144104952922917
"MEMORY_COPY","MEMORY_COPY_DEVICE_TO_HOST",1,"Agent 2","Agent 0",10994,144104952962507,144104954177274
"MEMORY_COPY","MEMORY_COPY_DEVICE_TO_HOST",1,"Agent 2","Agent 0",10994,144104954184594,144104955397322
"MEMORY_COPY","MEMORY_COPY_HOST_TO_DEVICE",1,"Agent 0","Agent 2",10998,144105010581085,144105012375696
"MEMORY_COPY","MEMORY_COPY_HOST_TO_DEVICE",1,"Agent 0","Agent 2",10998,144105012399296,144105013612783
"MEMORY_COPY","MEMORY_COPY_DEVICE_TO_HOST",1,"Agent 2","Agent 0",11002,144105013659673,144105014874681
"MEMORY_COPY","MEMORY_COPY_DEVICE_TO_HOST",1,"Agent 2","Agent 0",11002,144105014882001,144105016094809
"MEMORY_COPY","MEMORY_COPY_HOST_TO_DEVICE",1,"Agent 0","Agent 2",11006,144105041114055,144105042726465
"MEMORY_COPY","MEMORY_COPY_HOST_TO_DEVICE",1,"Agent 0","Agent 2",11006,144105042741272,144105043954639
"MEMORY_COPY","MEMORY_COPY_DEVICE_TO_HOST",1,"Agent 2","Agent 0",11010,144105044019173,144105045233500
"MEMORY_COPY","MEMORY_COPY_DEVICE_TO_HOST",1,"Agent 2","Agent 0",11010,144105045240480,144105046453208
"MEMORY_COPY","MEMORY_COPY_HOST_TO_DEVICE",1,"Agent 0","Agent 2",11016,144105112846804,144105114567814
"MEMORY_COPY","MEMORY_COPY_HOST_TO_DEVICE",1,"Agent 0","Agent 2",11016,144105114587614,144105115792901
"MEMORY_COPY","MEMORY_COPY_DEVICE_TO_HOST",1,"Agent 2","Agent 0",11020,144105128272379,144105129486826
"MEMORY_COPY","MEMORY_COPY_DEVICE_TO_HOST",1,"Agent 2","Agent 0",11020,144105140854767,144105142558458
"MEMORY_COPY","MEMORY_COPY_HOST_TO_DEVICE",1,"Agent 0","Agent 2",11026,144105214958760,144105216663290
"MEMORY_COPY","MEMORY_COPY_HOST_TO_DEVICE",1,"Agent 0","Agent 2",11026,144105216683370,144105217893377
"MEMORY_COPY","MEMORY_COPY_DEVICE_TO_HOST",1,"Agent 2","Agent 0",11030,144105230438005,144105231653093
"MEMORY_COPY","MEMORY_COPY_DEVICE_TO_HOST",1,"Agent 2","Agent 0",11030,144105242612271,144105244071640
"MEMORY_COPY","MEMORY_COPY_HOST_TO_DEVICE",1,"Agent 0","Agent 2",11034,144105296499316,144105298293647
"MEMORY_COPY","MEMORY_COPY_HOST_TO_DEVICE",1,"Agent 0","Agent 2",11034,144105298315927,144105299628095
"MEMORY_COPY","MEMORY_COPY_DEVICE_TO_HOST",1,"Agent 2","Agent 0",11038,144105299668385,144105300882393
"MEMORY_COPY","MEMORY_COPY_DEVICE_TO_HOST",1,"Agent 2","Agent 0",11038,144105300889639,144105302102366
"MEMORY_COPY","MEMORY_COPY_HOST_TO_DEVICE",1,"Agent 0","Agent 2",11044,144105382334136,144105383877905
"MEMORY_COPY","MEMORY_COPY_DEVICE_TO_HOST",1,"Agent 2","Agent 0",11048,144105395794159,144105397519089
"MEMORY_COPY","MEMORY_COPY_HOST_TO_DEVICE",1,"Agent 0","Agent 2",11066,144105600792084,144105602536854
"MEMORY_COPY","MEMORY_COPY_HOST_TO_DEVICE",1,"Agent 0","Agent 2",11078,144105610567464,144105610657424
"MEMORY_COPY","MEMORY_COPY_HOST_TO_DEVICE",1,"Agent 0","Agent 2",11090,144105615056312,144105615170552
"MEMORY_COPY","MEMORY_COPY_HOST_TO_DEVICE",1,"Agent 0","Agent 2",11102,144105632187178,144105633073704
"MEMORY_COPY","MEMORY_COPY_HOST_TO_DEVICE",1,"Agent 0","Agent 2",11114,144105637591802,144105637682523
"MEMORY_COPY","MEMORY_COPY_HOST_TO_DEVICE",1,"Agent 0","Agent 2",11126,144105641894779,144105642009260
"MEMORY_COPY","MEMORY_COPY_HOST_TO_DEVICE",1,"Agent 0","Agent 2",11138,144105646210956,144105646325237
"MEMORY_COPY","MEMORY_COPY_HOST_TO_DEVICE",1,"Agent 0","Agent 2",11198,144105646766659,144105646774579
"MEMORY_COPY","MEMORY_COPY_HOST_TO_DEVICE",1,"Agent 0","Agent 2",11256,144105732802084,144105734528655
"MEMORY_COPY","MEMORY_COPY_HOST_TO_DEVICE",1,"Agent 0","Agent 2",11256,144105734541855,144105735742822
"MEMORY_COPY","MEMORY_COPY_HOST_TO_DEVICE",1,"Agent 0","Agent 2",11258,144105756020261,144105757686871
"MEMORY_COPY","MEMORY_COPY_HOST_TO_DEVICE",1,"Agent 0","Agent 2",11258,144105757709031,144105758919518
"MEMORY_COPY","MEMORY_COPY_HOST_TO_DEVICE",1,"Agent 0","Agent 2",11260,144105779447036,144105780982006
"MEMORY_COPY","MEMORY_COPY_HOST_TO_DEVICE",1,"Agent 0","Agent 2",11260,144105780998686,144105782208213
"MEMORY_COPY","MEMORY_COPY_HOST_TO_DEVICE",1,"Agent 0","Agent 2",11262,144105802436550,144105803990479
"MEMORY_COPY","MEMORY_COPY_HOST_TO_DEVICE",1,"Agent 0","Agent 2",11262,144105804016880,144105805225127
"MEMORY_COPY","MEMORY_COPY_HOST_TO_DEVICE",1,"Agent 0","Agent 2",11264,144105825905124,144105827609894
"MEMORY_COPY","MEMORY_COPY_HOST_TO_DEVICE",1,"Agent 0","Agent 2",11264,144105827633494,144105828839741
"MEMORY_COPY","MEMORY_COPY_HOST_TO_DEVICE",1,"Agent 0","Agent 2",11266,144105849707451,144105851469302
"MEMORY_COPY","MEMORY_COPY_HOST_TO_DEVICE",1,"Agent 0","Agent 2",11266,144105851484222,144105852697190
"MEMORY_COPY","MEMORY_COPY_HOST_TO_DEVICE",1,"Agent 0","Agent 2",11268,144105873622351,144105875091440
"MEMORY_COPY","MEMORY_COPY_HOST_TO_DEVICE",1,"Agent 0","Agent 2",11268,144105875106560,144105876320888
"MEMORY_COPY","MEMORY_COPY_HOST_TO_DEVICE",1,"Agent 0","Agent 2",11270,144105896665108,144105898115637
"MEMORY_COPY","MEMORY_COPY_HOST_TO_DEVICE",1,"Agent 0","Agent 2",11270,144105898139717,144105899357164
"MEMORY_COPY","MEMORY_COPY_HOST_TO_DEVICE",1,"Agent 0","Agent 2",11272,144105919922783,144105921617353
"MEMORY_COPY","MEMORY_COPY_HOST_TO_DEVICE",1,"Agent 0","Agent 2",11272,144105921633273,144105922840841
"MEMORY_COPY","MEMORY_COPY_HOST_TO_DEVICE",1,"Agent 0","Agent 2",11274,144105942818526,144105944550976
"MEMORY_COPY","MEMORY_COPY_HOST_TO_DEVICE",1,"Agent 0","Agent 2",11274,144105944563155,144105945788442
"MEMORY_COPY","MEMORY_COPY_HOST_TO_DEVICE",1,"Agent 0","Agent 2",11276,144105967521627,144105969033356
"MEMORY_COPY","MEMORY_COPY_HOST_TO_DEVICE",1,"Agent 0","Agent 2",11276,144105969054476,144105970272443
"MEMORY_COPY","MEMORY_COPY_HOST_TO_DEVICE",1,"Agent 0","Agent 2",11278,144105992783544,144105994532755
"MEMORY_COPY","MEMORY_COPY_HOST_TO_DEVICE",1,"Agent 0","Agent 2",11278,144105994563715,144105995814043
"MEMORY_COPY","MEMORY_COPY_HOST_TO_DEVICE",1,"Agent 0","Agent 2",11280,144106018222123,144106019813173
"MEMORY_COPY","MEMORY_COPY_HOST_TO_DEVICE",1,"Agent 0","Agent 2",11280,144106019825493,144106021040340
"MEMORY_COPY","MEMORY_COPY_HOST_TO_DEVICE",1,"Agent 0","Agent 2",11282,144106042848527,144106044615578
"MEMORY_COPY","MEMORY_COPY_HOST_TO_DEVICE",1,"Agent 0","Agent 2",11282,144106044632898,144106045855105
"MEMORY_COPY","MEMORY_COPY_HOST_TO_DEVICE",1,"Agent 0","Agent 2",11284,144106067505250,144106069018420
"MEMORY_COPY","MEMORY_COPY_HOST_TO_DEVICE",1,"Agent 0","Agent 2",11284,144106069041900,144106070260507
"MEMORY_COPY","MEMORY_COPY_HOST_TO_DEVICE",1,"Agent 0","Agent 2",11286,144106073487518,144106073886520
"MEMORY_COPY","MEMORY_COPY_HOST_TO_DEVICE",1,"Agent 0","Agent 2",11301,144106157792405,144106159559056
"MEMORY_COPY","MEMORY_COPY_HOST_TO_DEVICE",1,"Agent 0","Agent 2",11301,144106159572157,144106160777885
"MEMORY_COPY","MEMORY_COPY_HOST_TO_DEVICE",1,"Agent 0","Agent 2",11303,144106181432283,144106182946772
"MEMORY_COPY","MEMORY_COPY_HOST_TO_DEVICE",1,"Agent 0","Agent 2",11303,144106182985612,144106184228899
"MEMORY_COPY","MEMORY_COPY_HOST_TO_DEVICE",1,"Agent 0","Agent 2",11305,144106204061093,144106205724984
"MEMORY_COPY","MEMORY_COPY_HOST_TO_DEVICE",1,"Agent 0","Agent 2",11305,144106205736264,144106206984111
"MEMORY_COPY","MEMORY_COPY_HOST_TO_DEVICE",1,"Agent 0","Agent 2",11307,144106226975276,144106228675647
"MEMORY_COPY","MEMORY_COPY_HOST_TO_DEVICE",1,"Agent 0","Agent 2",11307,144106228690167,144106229937055
"MEMORY_COPY","MEMORY_COPY_HOST_TO_DEVICE",1,"Agent 0","Agent 2",11309,144106249821584,144106251540194
"MEMORY_COPY","MEMORY_COPY_HOST_TO_DEVICE",1,"Agent 0","Agent 2",11309,144106251554434,144106252800921
"MEMORY_COPY","MEMORY_COPY_HOST_TO_DEVICE",1,"Agent 0","Agent 2",11311,144106272660565,144106274102254
"MEMORY_COPY","MEMORY_COPY_HOST_TO_DEVICE",1,"Agent 0","Agent 2",11311,144106274111734,144106275377662
"MEMORY_COPY","MEMORY_COPY_HOST_TO_DEVICE",1,"Agent 0","Agent 2",11313,144106295686279,144106297448410
"MEMORY_COPY","MEMORY_COPY_HOST_TO_DEVICE",1,"Agent 0","Agent 2",11313,144106297458810,144106298705218
"MEMORY_COPY","MEMORY_COPY_HOST_TO_DEVICE",1,"Agent 0","Agent 2",11315,144106318906394,144106320596884
"MEMORY_COPY","MEMORY_COPY_HOST_TO_DEVICE",1,"Agent 0","Agent 2",11315,144106320610404,144106321857491
"MEMORY_COPY","MEMORY_COPY_HOST_TO_DEVICE",1,"Agent 0","Agent 2",11317,144106342498220,144106344067710
"MEMORY_COPY","MEMORY_COPY_HOST_TO_DEVICE",1,"Agent 0","Agent 2",11317,144106344080270,144106345296718
"MEMORY_COPY","MEMORY_COPY_HOST_TO_DEVICE",1,"Agent 0","Agent 2",11319,144106366467910,144106367969319
"MEMORY_COPY","MEMORY_COPY_HOST_TO_DEVICE",1,"Agent 0","Agent 2",11319,144106367987999,144106369191127
"MEMORY_COPY","MEMORY_COPY_HOST_TO_DEVICE",1,"Agent 0","Agent 2",11321,144106390560253,144106392058702
"MEMORY_COPY","MEMORY_COPY_HOST_TO_DEVICE",1,"Agent 0","Agent 2",11321,144106392072542,144106393279949
"MEMORY_COPY","MEMORY_COPY_HOST_TO_DEVICE",1,"Agent 0","Agent 2",11323,144106414202090,144106415815580
"MEMORY_COPY","MEMORY_COPY_HOST_TO_DEVICE",1,"Agent 0","Agent 2",11323,144106415822900,144106417028668
"MEMORY_COPY","MEMORY_COPY_HOST_TO_DEVICE",1,"Agent 0","Agent 2",11325,144106438013759,144106439711089
"MEMORY_COPY","MEMORY_COPY_HOST_TO_DEVICE",1,"Agent 0","Agent 2",11325,144106439720329,144106440944537
"MEMORY_COPY","MEMORY_COPY_HOST_TO_DEVICE",1,"Agent 0","Agent 2",11327,144106461597544,144106463081273
"MEMORY_COPY","MEMORY_COPY_HOST_TO_DEVICE",1,"Agent 0","Agent 2",11327,144106463104033,144106464320280
"MEMORY_COPY","MEMORY_COPY_HOST_TO_DEVICE",1,"Agent 0","Agent 2",11329,144106484968209,144106486647140
"MEMORY_COPY","MEMORY_COPY_HOST_TO_DEVICE",1,"Agent 0","Agent 2",11329,144106486663740,144106487880827
"MEMORY_COPY","MEMORY_COPY_HOST_TO_DEVICE",1,"Agent 0","Agent 2",11331,144106491193268,144106491588590
