"Kind","Operation","Agent_Id","Allocation_Size","Address","Correlation_Id","Start_Timestamp","End_Timestamp"
"MEMORY_ALLOCATION","MEMORY_ALLOCATION_ALLOCATE","Agent 0",4194304,"0x0000709e63400000",1,90977669845746,90977671943233
"MEMORY_ALLOCATION","MEMORY_ALLOCATION_ALLOCATE","Agent 0",56,"0x000070a1a3814000",1,90977672066875,90977672092275
"MEMORY_ALLOCATION","MEMORY_ALLOCATION_ALLOCATE","Agent 0",4194304,"0x0000709e5ee00000",17,90977812319811,90977813890108
"MEMORY_ALLOCATION","MEMORY_ALLOCATION_ALLOCATE","Agent 0",4194304,"0x0000709e5e800000",17,90977826535280,90977828251870
"MEMORY_ALLOCATION","MEMORY_ALLOCATION_ALLOCATE","Agent 2",32768,"0x0000709e5e400000",25,90977839280923,90977839371214
"MEMORY_ALLOCATION","MEMORY_ALLOCATION_ALLOCATE","Agent 2",131072,"0x0000709e5e408000",29,90977839433626,90977839436676
"MEMORY_ALLOCATION","MEMORY_ALLOCATION_ALLOCATE","Agent 2",131072,"0x0000709e5e428000",33,90977839447436,90977839448086
"MEMORY_ALLOCATION","MEMORY_ALLOCATION_ALLOCATE","Agent 2",32768,"0x0000709e5e448000",37,90977839460306,90977839460706
"MEMORY_ALLOCATION","MEMORY_ALLOCATION_ALLOCATE","Agent 2",8192,"0x0000709e5e450000",41,90977839472136,90977839472716
"MEMORY_ALLOCATION","MEMORY_ALLOCATION_ALLOCATE","Agent 2",8192,"0x0000709e5e452000",45,90977839483936,90977839484486
"MEMORY_ALLOCATION","MEMORY_ALLOCATION_ALLOCATE","Agent 2",16384,"0x0000709e5e454000",49,90977839496717,90977839497167
"MEMORY_ALLOCATION","MEMORY_ALLOCATION_FREE","",0,"0x0000709e5e454000",60,90977860616066,90977860619257
"MEMORY_ALLOCATION","MEMORY_ALLOCATION_FREE","",0,"0x0000709e5e452000",62,90977860625307,90977860625667
"MEMORY_ALLOCATION","MEMORY_ALLOCATION_FREE","",0,"0x0000709e5e450000",64,90977860628457,90977860629007
"MEMORY_ALLOCATION","MEMORY_ALLOCATION_FREE","",0,"0x0000709e5e448000",66,90977860631957,90977860632357
"MEMORY_ALLOCATION","MEMORY_ALLOCATION_FREE","",0,"0x0000709e5e428000",68,90977860635077,90977860635357
"MEMORY_ALLOCATION","MEMORY_ALLOCATION_FREE","",0,"0x0000709e5e408000",70,90977860638147,90977860638457
"MEMORY_ALLOCATION","MEMORY_ALLOCATION_FREE","",0,"0x0000709e5e400000",72,90977860644137,90977860644977
"MEMORY_ALLOCATION","MEMORY_ALLOCATION_ALLOCATE","Agent 2",8192,"0x0000709e5e400000",74,90977860650997,90977860651867
"MEMORY_ALLOCATION","MEMORY_ALLOCATION_ALLOCATE","Agent 2",8192,"0x0000709e5e402000",78,90977860669087,90977860669567
"MEMORY_ALLOCATION","MEMORY_ALLOCATION_ALLOCATE","Agent 2",16384,"0x0000709e5e404000",82,90977860678108,90977860678468
"MEMORY_ALLOCATION","MEMORY_ALLOCATION_ALLOCATE","Agent 2",128,"0x0000709e5e408000",86,90977860687588,90977860687858
"MEMORY_ALLOCATION","MEMORY_ALLOCATION_ALLOCATE","Agent 2",128,"0x0000709e5e409000",90,90977860696588,90977860696948
"MEMORY_ALLOCATION","MEMORY_ALLOCATION_ALLOCATE","Agent 2",2097152,"0x0000709e5e000000",94,90977860704858,90977860738869
"MEMORY_ALLOCATION","MEMORY_ALLOCATION_ALLOCATE","Agent 2",16384,"0x0000709e5e40a000",98,90977860757589,90977860758299
"MEMORY_ALLOCATION","MEMORY_ALLOCATION_FREE","",0,"0x0000709e5e40a000",110,90977880011896,90977880013886
"MEMORY_ALLOCATION","MEMORY_ALLOCATION_FREE","",0,"0x0000709e5e000000",112,90977880018286,90977880018786
"MEMORY_ALLOCATION","MEMORY_ALLOCATION_FREE","",0,"0x0000709e5e409000",114,90977880022636,90977880023046
"MEMORY_ALLOCATION","MEMORY_ALLOCATION_FREE","",0,"0x0000709e5e408000",116,90977880025616,90977880025936
"MEMORY_ALLOCATION","MEMORY_ALLOCATION_FREE","",0,"0x0000709e5e404000",118,90977880031626,90977880031936
"MEMORY_ALLOCATION","MEMORY_ALLOCATION_FREE","",0,"0x0000709e5e402000",120,90977880034597,90977880034917
"MEMORY_ALLOCATION","MEMORY_ALLOCATION_FREE","",0,"0x0000709e5e400000",122,90977880037647,90977880122308
"MEMORY_ALLOCATION","MEMORY_ALLOCATION_ALLOCATE","Agent 2",1048576,"0x0000709e5e400000",124,90977880128168,90977880129148
"MEMORY_ALLOCATION","MEMORY_ALLOCATION_ALLOCATE","Agent 2",1048576,"0x0000709e5e500000",128,90977880145258,90977880145698
"MEMORY_ALLOCATION","MEMORY_ALLOCATION_ALLOCATE","Agent 2",2097152,"0x0000709e5e000000",132,90977880155939,90977880189919
"MEMORY_ALLOCATION","MEMORY_ALLOCATION_ALLOCATE","Agent 2",16384,"0x0000709e5dc00000",136,90977880204169,90977880235800
"MEMORY_ALLOCATION","MEMORY_ALLOCATION_ALLOCATE","Agent 2",16384,"0x0000709e5dc04000",140,90977880251430,90977880251970
"MEMORY_ALLOCATION","MEMORY_ALLOCATION_ALLOCATE","Agent 2",2097152,"0x0000709e5d800000",144,90977880265471,90977880292451
"MEMORY_ALLOCATION","MEMORY_ALLOCATION_ALLOCATE","Agent 2",2097152,"0x0000709e5d400000",148,90977880305911,90977880336712
"MEMORY_ALLOCATION","MEMORY_ALLOCATION_FREE","",0,"0x0000709e5d400000",155,90977881997421,90977881998191
"MEMORY_ALLOCATION","MEMORY_ALLOCATION_FREE","",0,"0x0000709e5d800000",157,90977882012011,90977882012341
"MEMORY_ALLOCATION","MEMORY_ALLOCATION_FREE","",0,"0x0000709e5dc04000",159,90977882014871,90977882015291
"MEMORY_ALLOCATION","MEMORY_ALLOCATION_FREE","",0,"0x0000709e5dc00000",161,90977882018021,90977882018391
"MEMORY_ALLOCATION","MEMORY_ALLOCATION_FREE","",0,"0x0000709e5e000000",163,90977882021261,90977882117413
"MEMORY_ALLOCATION","MEMORY_ALLOCATION_FREE","",0,"0x0000709e5e500000",165,90977882124093,90977882124673
"MEMORY_ALLOCATION","MEMORY_ALLOCATION_FREE","",0,"0x0000709e5e400000",167,90977882127193,90977882210095
"MEMORY_ALLOCATION","MEMORY_ALLOCATION_ALLOCATE","Agent 2",16777216,"0x0000709e5d200000",169,90977882213785,90977882240605
"MEMORY_ALLOCATION","MEMORY_ALLOCATION_ALLOCATE","Agent 2",16777216,"0x0000709e5c000000",173,90977882258205,90977882289286
"MEMORY_ALLOCATION","MEMORY_ALLOCATION_ALLOCATE","Agent 2",64,"0x0000709e5e400000",177,90977882304176,90977882304886
"MEMORY_ALLOCATION","MEMORY_ALLOCATION_ALLOCATE","Agent 2",16384,"0x0000709e5e401000",181,90977882332827,90977882333377
"MEMORY_ALLOCATION","MEMORY_ALLOCATION_ALLOCATE","Agent 2",16384,"0x0000709e5e405000",185,90977882342867,90977882343247
"MEMORY_ALLOCATION","MEMORY_ALLOCATION_ALLOCATE","Agent 2",16384,"0x0000709e5e409000",189,90977882356047,90977882356547
"MEMORY_ALLOCATION","MEMORY_ALLOCATION_ALLOCATE","Agent 2",16384,"0x0000709e5e40d000",193,90977882368587,90977882369087
"MEMORY_ALLOCATION","MEMORY_ALLOCATION_FREE","",0,"0x0000709e5e40d000",210,90977902345237,90977902347407
"MEMORY_ALLOCATION","MEMORY_ALLOCATION_FREE","",0,"0x0000709e5e409000",212,90977902355587,90977902356127
"MEMORY_ALLOCATION","MEMORY_ALLOCATION_FREE","",0,"0x0000709e5e405000",214,90977902358787,90977902359127
"MEMORY_ALLOCATION","MEMORY_ALLOCATION_FREE","",0,"0x0000709e5e401000",216,90977902362007,90977902362557
"MEMORY_ALLOCATION","MEMORY_ALLOCATION_ALLOCATE","Agent 2",33024,"0x0000709e5e401000",218,90977902368598,90977902369378
"MEMORY_ALLOCATION","MEMORY_ALLOCATION_ALLOCATE","Agent 2",16384,"0x0000709e5e40a000",220,90977902373348,90977902373698
"MEMORY_ALLOCATION","MEMORY_ALLOCATION_ALLOCATE","Agent 2",16384,"0x0000709e5e40e000",224,90977902388978,90977902389418
"MEMORY_ALLOCATION","MEMORY_ALLOCATION_ALLOCATE","Agent 2",16384,"0x0000709e5e412000",228,90977902397958,90977902398488
"MEMORY_ALLOCATION","MEMORY_ALLOCATION_ALLOCATE","Agent 2",16384,"0x0000709e5e416000",232,90977902407338,90977902407898
"MEMORY_ALLOCATION","MEMORY_ALLOCATION_FREE","",0,"0x0000709e5e416000",246,90977902960408,90977902961118
"MEMORY_ALLOCATION","MEMORY_ALLOCATION_FREE","",0,"0x0000709e5e412000",248,90977902966608,90977902966888
"MEMORY_ALLOCATION","MEMORY_ALLOCATION_FREE","",0,"0x0000709e5e40e000",250,90977902969328,90977902969908
"MEMORY_ALLOCATION","MEMORY_ALLOCATION_FREE","",0,"0x0000709e5e40a000",252,90977902972588,90977902972868
"MEMORY_ALLOCATION","MEMORY_ALLOCATION_FREE","",0,"0x0000709e5e401000",254,90977902975218,90977902975458
"MEMORY_ALLOCATION","MEMORY_ALLOCATION_ALLOCATE","Agent 2",4096,"0x0000709e5e401000",256,90977902977958,90977902978318
"MEMORY_ALLOCATION","MEMORY_ALLOCATION_ALLOCATE","Agent 2",4096,"0x0000709e5e402000",260,90977902992699,90977902993169
"MEMORY_ALLOCATION","MEMORY_ALLOCATION_FREE","",0,"0x0000709e5e402000",271,90977922199135,90977922201555
"MEMORY_ALLOCATION","MEMORY_ALLOCATION_FREE","",0,"0x0000709e5e401000",273,90977922206235,90977922206625
"MEMORY_ALLOCATION","MEMORY_ALLOCATION_ALLOCATE","Agent 2",32768,"0x0000709e5e401000",275,90977922213885,90977922214675
"MEMORY_ALLOCATION","MEMORY_ALLOCATION_ALLOCATE","Agent 2",4096,"0x0000709e5e409000",279,90977922232545,90977922232915
"MEMORY_ALLOCATION","MEMORY_ALLOCATION_ALLOCATE","Agent 2",4096,"0x0000709e5e40a000",283,90977922245946,90977922246536
"MEMORY_ALLOCATION","MEMORY_ALLOCATION_ALLOCATE","Agent 2",1024,"0x0000709e5e40b000",287,90977922255356,90977922255776
"MEMORY_ALLOCATION","MEMORY_ALLOCATION_ALLOCATE","Agent 2",1024,"0x0000709e5e40c000",291,90977922264406,90977922264786
"MEMORY_ALLOCATION","MEMORY_ALLOCATION_ALLOCATE","Agent 2",16384,"0x0000709e5e40d000",295,90977922278646,90977922279576
"MEMORY_ALLOCATION","MEMORY_ALLOCATION_ALLOCATE","Agent 2",16384,"0x0000709e5e411000",299,90977922290626,90977922291276
"MEMORY_ALLOCATION","MEMORY_ALLOCATION_FREE","",0,"0x0000709e5e411000",310,90977941619665,90977941621695
"MEMORY_ALLOCATION","MEMORY_ALLOCATION_FREE","",0,"0x0000709e5e40d000",312,90977941627345,90977941627825
"MEMORY_ALLOCATION","MEMORY_ALLOCATION_FREE","",0,"0x0000709e5e40c000",314,90977941630805,90977941631185
"MEMORY_ALLOCATION","MEMORY_ALLOCATION_FREE","",0,"0x0000709e5e40b000",316,90977941634825,90977941635265
"MEMORY_ALLOCATION","MEMORY_ALLOCATION_FREE","",0,"0x0000709e5e40a000",318,90977941638285,90977941638795
"MEMORY_ALLOCATION","MEMORY_ALLOCATION_FREE","",0,"0x0000709e5e409000",320,90977941643165,90977941643655
"MEMORY_ALLOCATION","MEMORY_ALLOCATION_FREE","",0,"0x0000709e5e401000",322,90977941647435,90977941647735
"MEMORY_ALLOCATION","MEMORY_ALLOCATION_ALLOCATE","Agent 2",524288,"0x0000709e5e401000",324,90977941654436,90977941655646
"MEMORY_ALLOCATION","MEMORY_ALLOCATION_ALLOCATE","Agent 2",524288,"0x0000709e5e481000",328,90977941676346,90977941676876
"MEMORY_ALLOCATION","MEMORY_ALLOCATION_FREE","",0,"0x0000709e5e481000",345,90977960945253,90977960947283
"MEMORY_ALLOCATION","MEMORY_ALLOCATION_FREE","",0,"0x0000709e5e401000",347,90977960951783,90977960952233
"MEMORY_ALLOCATION","MEMORY_ALLOCATION_ALLOCATE","Agent 2",2097152,"0x0000709e5bc00000",349,90977960957663,90977960997654
"MEMORY_ALLOCATION","MEMORY_ALLOCATION_ALLOCATE","Agent 2",2097152,"0x0000709e5ae00000",353,90977962135764,90977962185925
"MEMORY_ALLOCATION","MEMORY_ALLOCATION_ALLOCATE","Agent 2",2097152,"0x0000709e5aa00000",357,90977962200515,90977962225446
"MEMORY_ALLOCATION","MEMORY_ALLOCATION_ALLOCATE","Agent 2",2097152,"0x0000709e5a600000",361,90977962236476,90977962260496
"MEMORY_ALLOCATION","MEMORY_ALLOCATION_FREE","",0,"0x0000709e5a600000",377,90977963750862,90977963751692
"MEMORY_ALLOCATION","MEMORY_ALLOCATION_FREE","",0,"0x0000709e5aa00000",379,90977963757393,90977963757823
"MEMORY_ALLOCATION","MEMORY_ALLOCATION_FREE","",0,"0x0000709e5ae00000",381,90977963760523,90977963760733
"MEMORY_ALLOCATION","MEMORY_ALLOCATION_FREE","",0,"0x0000709e5bc00000",383,90977963763283,90977963892665
"MEMORY_ALLOCATION","MEMORY_ALLOCATION_ALLOCATE","Agent 2",2097152,"0x0000709e5aa00000",385,90977963897175,90977963921645
"MEMORY_ALLOCATION","MEMORY_ALLOCATION_ALLOCATE","Agent 2",2097152,"0x0000709e5a600000",389,90977963935186,90977963958676
"MEMORY_ALLOCATION","MEMORY_ALLOCATION_ALLOCATE","Agent 2",2097152,"0x0000709e5a200000",393,90977963971136,90977963995937
"MEMORY_ALLOCATION","MEMORY_ALLOCATION_FREE","",0,"0x0000709e5a200000",409,90978011096551,90978011098091
"MEMORY_ALLOCATION","MEMORY_ALLOCATION_FREE","",0,"0x0000709e5a600000",411,90978011102512,90978011102732
"MEMORY_ALLOCATION","MEMORY_ALLOCATION_FREE","",0,"0x0000709e5aa00000",413,90978011105352,90978011303255
"MEMORY_ALLOCATION","MEMORY_ALLOCATION_FREE","",0,"0x0000709e5e400000",415,90978011308745,90978011417767
"MEMORY_ALLOCATION","MEMORY_ALLOCATION_FREE","",0,"0x0000709e5c000000",417,90978011421427,90978011480378
"MEMORY_ALLOCATION","MEMORY_ALLOCATION_FREE","",0,"0x0000709e5d200000",419,90978011483898,90978011537169
"MEMORY_ALLOCATION","MEMORY_ALLOCATION_ALLOCATE","Agent 2",4194304,"0x0000709e5de00000",421,90978011547579,90978011581150
"MEMORY_ALLOCATION","MEMORY_ALLOCATION_ALLOCATE","Agent 2",524288,"0x0000709e5e400000",425,90978011600930,90978011601510
"MEMORY_ALLOCATION","MEMORY_ALLOCATION_ALLOCATE","Agent 2",1024,"0x0000709e5e480000",429,90978011609510,90978011609970
"MEMORY_ALLOCATION","MEMORY_ALLOCATION_ALLOCATE","Agent 2",1024,"0x0000709e5e481000",433,90978011619261,90978011619651
"MEMORY_ALLOCATION","MEMORY_ALLOCATION_ALLOCATE","Agent 2",2097152,"0x0000709e5da00000",437,90978011628891,90978011656571
"MEMORY_ALLOCATION","MEMORY_ALLOCATION_ALLOCATE","Agent 2",2097152,"0x0000709e5d600000",441,90978011674482,90978011708442
"MEMORY_ALLOCATION","MEMORY_ALLOCATION_ALLOCATE","Agent 2",524288,"0x0000709e5e482000",445,90978011724012,90978011724612
"MEMORY_ALLOCATION","MEMORY_ALLOCATION_FREE","",0,"0x0000709e5e482000",456,90978030967839,90978030969119
"MEMORY_ALLOCATION","MEMORY_ALLOCATION_FREE","",0,"0x0000709e5d600000",458,90978030973309,90978030974229
"MEMORY_ALLOCATION","MEMORY_ALLOCATION_FREE","",0,"0x0000709e5da00000",460,90978030976850,90978030977130
"MEMORY_ALLOCATION","MEMORY_ALLOCATION_FREE","",0,"0x0000709e5e481000",462,90978030979570,90978030979950
"MEMORY_ALLOCATION","MEMORY_ALLOCATION_FREE","",0,"0x0000709e5e480000",464,90978030983040,90978030983360
"MEMORY_ALLOCATION","MEMORY_ALLOCATION_FREE","",0,"0x0000709e5e400000",466,90978030987360,90978031131982
"MEMORY_ALLOCATION","MEMORY_ALLOCATION_FREE","",0,"0x0000709e5de00000",468,90978031140062,90978031187633
"MEMORY_ALLOCATION","MEMORY_ALLOCATION_ALLOCATE","Agent 2",2048,"0x0000709e5e400000",470,90978031201233,90978031202263
"MEMORY_ALLOCATION","MEMORY_ALLOCATION_ALLOCATE","Agent 2",256,"0x0000709e5e401000",474,90978031223114,90978031223614
"MEMORY_ALLOCATION","MEMORY_ALLOCATION_ALLOCATE","Agent 2",64,"0x0000709e5e402000",478,90978031232444,90978031232874
"MEMORY_ALLOCATION","MEMORY_ALLOCATION_ALLOCATE","Agent 2",8,"0x0000709e5e403000",482,90978031242754,90978031243054
"MEMORY_ALLOCATION","MEMORY_ALLOCATION_ALLOCATE","Agent 2",65536,"0x0000709e5e404000",486,90978031253324,90978031253834
"MEMORY_ALLOCATION","MEMORY_ALLOCATION_ALLOCATE","Agent 2",16384,"0x0000709e5e414000",490,90978031267355,90978031267835
"MEMORY_ALLOCATION","MEMORY_ALLOCATION_FREE","",0,"0x0000709e5e414000",503,90978050351659,90978050353429
"MEMORY_ALLOCATION","MEMORY_ALLOCATION_FREE","",0,"0x0000709e5e404000",505,90978050358619,90978050359219
"MEMORY_ALLOCATION","MEMORY_ALLOCATION_FREE","",0,"0x0000709e5e403000",507,90978050361899,90978050362189
"MEMORY_ALLOCATION","MEMORY_ALLOCATION_FREE","",0,"0x0000709e5e402000",509,90978050364959,90978050365299
"MEMORY_ALLOCATION","MEMORY_ALLOCATION_FREE","",0,"0x0000709e5e401000",511,90978050368139,90978050368559
"MEMORY_ALLOCATION","MEMORY_ALLOCATION_FREE","",0,"0x0000709e5e400000",513,90978050371309,90978050371979
"MEMORY_ALLOCATION","MEMORY_ALLOCATION_ALLOCATE","Agent 2",2048,"0x0000709e5e400000",515,90978050389239,90978050390289
"MEMORY_ALLOCATION","MEMORY_ALLOCATION_ALLOCATE","Agent 2",256,"0x0000709e5e401000",519,90978050411220,90978050411730
"MEMORY_ALLOCATION","MEMORY_ALLOCATION_ALLOCATE","Agent 2",64,"0x0000709e5e402000",523,90978050422400,90978050422810
"MEMORY_ALLOCATION","MEMORY_ALLOCATION_ALLOCATE","Agent 2",8,"0x0000709e5e403000",527,90978050432130,90978050432510
"MEMORY_ALLOCATION","MEMORY_ALLOCATION_ALLOCATE","Agent 2",65536,"0x0000709e5e404000",531,90978050442680,90978050443190
"MEMORY_ALLOCATION","MEMORY_ALLOCATION_ALLOCATE","Agent 2",16384,"0x0000709e5e414000",535,90978050460601,90978050461181
"MEMORY_ALLOCATION","MEMORY_ALLOCATION_FREE","",0,"0x0000709e5e414000",551,90978070224177,90978070225967
"MEMORY_ALLOCATION","MEMORY_ALLOCATION_FREE","",0,"0x0000709e5e404000",553,90978070231817,90978070232247
"MEMORY_ALLOCATION","MEMORY_ALLOCATION_FREE","",0,"0x0000709e5e403000",555,90978070238227,90978070238747
"MEMORY_ALLOCATION","MEMORY_ALLOCATION_FREE","",0,"0x0000709e5e402000",557,90978070241237,90978070241627
"MEMORY_ALLOCATION","MEMORY_ALLOCATION_FREE","",0,"0x0000709e5e401000",559,90978070244667,90978070244967
"MEMORY_ALLOCATION","MEMORY_ALLOCATION_FREE","",0,"0x0000709e5e400000",561,90978070249877,90978070250437
"MEMORY_ALLOCATION","MEMORY_ALLOCATION_ALLOCATE","Agent 2",2048,"0x0000709e5e400000",563,90978070264777,90978070265687
"MEMORY_ALLOCATION","MEMORY_ALLOCATION_ALLOCATE","Agent 2",512,"0x0000709e5e401000",567,90978070287088,90978070287568
"MEMORY_ALLOCATION","MEMORY_ALLOCATION_ALLOCATE","Agent 2",64,"0x0000709e5e402000",571,90978070297518,90978070297898
"MEMORY_ALLOCATION","MEMORY_ALLOCATION_ALLOCATE","Agent 2",8,"0x0000709e5e403000",575,90978070307408,90978070307748
"MEMORY_ALLOCATION","MEMORY_ALLOCATION_ALLOCATE","Agent 2",65536,"0x0000709e5e404000",579,90978070318258,90978070318688
"MEMORY_ALLOCATION","MEMORY_ALLOCATION_ALLOCATE","Agent 2",16384,"0x0000709e5e414000",583,90978070332339,90978070333019
"MEMORY_ALLOCATION","MEMORY_ALLOCATION_FREE","",0,"0x0000709e5e414000",590,90978070396570,90978070397090
"MEMORY_ALLOCATION","MEMORY_ALLOCATION_FREE","",0,"0x0000709e5e404000",592,90978070400340,90978070400700
"MEMORY_ALLOCATION","MEMORY_ALLOCATION_FREE","",0,"0x0000709e5e403000",594,90978070403490,90978070403780
"MEMORY_ALLOCATION","MEMORY_ALLOCATION_FREE","",0,"0x0000709e5e402000",596,90978070406320,90978070406570
"MEMORY_ALLOCATION","MEMORY_ALLOCATION_FREE","",0,"0x0000709e5e401000",598,90978070409050,90978070409300
"MEMORY_ALLOCATION","MEMORY_ALLOCATION_FREE","",0,"0x0000709e5e400000",600,90978070411880,90978070412180
"MEMORY_ALLOCATION","MEMORY_ALLOCATION_ALLOCATE","Agent 2",65536,"0x0000709e5e400000",602,90978070523382,90978070523772
"MEMORY_ALLOCATION","MEMORY_ALLOCATION_ALLOCATE","Agent 2",8192,"0x0000709e5e410000",606,90978079243315,90978079246815
"MEMORY_ALLOCATION","MEMORY_ALLOCATION_ALLOCATE","Agent 2",64,"0x0000709e5e412000",610,90978079289746,90978079290476
"MEMORY_ALLOCATION","MEMORY_ALLOCATION_ALLOCATE","Agent 2",8,"0x0000709e5e413000",614,90978079306506,90978079306836
"MEMORY_ALLOCATION","MEMORY_ALLOCATION_ALLOCATE","Agent 2",2097152,"0x0000709e5ce00000",618,90978079317276,90978079360947
"MEMORY_ALLOCATION","MEMORY_ALLOCATION_ALLOCATE","Agent 2",16384,"0x0000709e5e414000",622,90978079379957,90978079380437
"MEMORY_ALLOCATION","MEMORY_ALLOCATION_FREE","",0,"0x0000709e5e414000",635,90978125727959,90978125730109
"MEMORY_ALLOCATION","MEMORY_ALLOCATION_FREE","",0,"0x0000709e5ce00000",637,90978125734469,90978125735109
"MEMORY_ALLOCATION","MEMORY_ALLOCATION_FREE","",0,"0x0000709e5e413000",639,90978125738119,90978125738539
"MEMORY_ALLOCATION","MEMORY_ALLOCATION_FREE","",0,"0x0000709e5e412000",641,90978125741249,90978125741689
"MEMORY_ALLOCATION","MEMORY_ALLOCATION_FREE","",0,"0x0000709e5e410000",643,90978125744229,90978125744639
"MEMORY_ALLOCATION","MEMORY_ALLOCATION_FREE","",0,"0x0000709e5e400000",645,90978125747969,90978125820500
"MEMORY_ALLOCATION","MEMORY_ALLOCATION_ALLOCATE","Agent 2",2097152,"0x0000709e5cc00000",647,90978131994738,90978132043829
"MEMORY_ALLOCATION","MEMORY_ALLOCATION_ALLOCATE","Agent 2",524288,"0x0000709e5e400000",651,90978132606889,90978132607679
"MEMORY_ALLOCATION","MEMORY_ALLOCATION_ALLOCATE","Agent 2",64,"0x0000709e5e480000",655,90978132658030,90978132658760
"MEMORY_ALLOCATION","MEMORY_ALLOCATION_ALLOCATE","Agent 2",8,"0x0000709e5e481000",659,90978132675830,90978132676410
"MEMORY_ALLOCATION","MEMORY_ALLOCATION_ALLOCATE","Agent 2",2097152,"0x0000709e5c800000",663,90978132687111,90978132716101
"MEMORY_ALLOCATION","MEMORY_ALLOCATION_ALLOCATE","Agent 2",524288,"0x0000709e5e482000",667,90978132736251,90978132737191
"MEMORY_ALLOCATION","MEMORY_ALLOCATION_FREE","",0,"0x0000709e5e482000",680,90978178949190,90978178950831
"MEMORY_ALLOCATION","MEMORY_ALLOCATION_FREE","",0,"0x0000709e5c800000",682,90978178954721,90978178955281
"MEMORY_ALLOCATION","MEMORY_ALLOCATION_FREE","",0,"0x0000709e5e481000",684,90978178958591,90978178959051
"MEMORY_ALLOCATION","MEMORY_ALLOCATION_FREE","",0,"0x0000709e5e480000",686,90978178961841,90978178962131
"MEMORY_ALLOCATION","MEMORY_ALLOCATION_FREE","",0,"0x0000709e5e400000",688,90978178964621,90978178964991
"MEMORY_ALLOCATION","MEMORY_ALLOCATION_FREE","",0,"0x0000709e5cc00000",690,90978178967621,90978179113693
"MEMORY_ALLOCATION","MEMORY_ALLOCATION_ALLOCATE","Agent 2",65536,"0x0000709e5cc00000",692,90978180075740,90978180076930
"MEMORY_ALLOCATION","MEMORY_ALLOCATION_ALLOCATE","Agent 2",8192,"0x0000709e5cc10000",696,90978180111141,90978180111691
"MEMORY_ALLOCATION","MEMORY_ALLOCATION_ALLOCATE","Agent 2",64,"0x0000709e5cc12000",700,90978180126601,90978180127091
"MEMORY_ALLOCATION","MEMORY_ALLOCATION_ALLOCATE","Agent 2",8,"0x0000709e5cc13000",704,90978180413396,90978180414326
"MEMORY_ALLOCATION","MEMORY_ALLOCATION_ALLOCATE","Agent 2",2080768,"0x0000709e5e400000",708,90978180424826,90978180504708
"MEMORY_ALLOCATION","MEMORY_ALLOCATION_ALLOCATE","Agent 2",16256,"0x0000709e5e5fc000",712,90978180522788,90978180523188
"MEMORY_ALLOCATION","MEMORY_ALLOCATION_FREE","",0,"0x0000709e5e5fc000",725,90978227045333,90978227047373
"MEMORY_ALLOCATION","MEMORY_ALLOCATION_FREE","",0,"0x0000709e5e400000",727,90978227055203,90978227055923
"MEMORY_ALLOCATION","MEMORY_ALLOCATION_FREE","",0,"0x0000709e5cc13000",729,90978227058603,90978227059133
"MEMORY_ALLOCATION","MEMORY_ALLOCATION_FREE","",0,"0x0000709e5cc12000",731,90978227062193,90978227062653
"MEMORY_ALLOCATION","MEMORY_ALLOCATION_FREE","",0,"0x0000709e5cc10000",733,90978227065823,90978227066193
"MEMORY_ALLOCATION","MEMORY_ALLOCATION_FREE","",0,"0x0000709e5cc00000",735,90978227069343,90978227142924
"MEMORY_ALLOCATION","MEMORY_ALLOCATION_ALLOCATE","Agent 2",2097152,"0x0000709e5e400000",737,90978232566209,90978232630030
"MEMORY_ALLOCATION","MEMORY_ALLOCATION_ALLOCATE","Agent 2",524288,"0x0000709e5cc00000",741,90978233332633,90978233333473
"MEMORY_ALLOCATION","MEMORY_ALLOCATION_ALLOCATE","Agent 2",64,"0x0000709e5cc80000",745,90978233384354,90978233385044
"MEMORY_ALLOCATION","MEMORY_ALLOCATION_ALLOCATE","Agent 2",8,"0x0000709e5cc81000",749,90978233402474,90978233402954
"MEMORY_ALLOCATION","MEMORY_ALLOCATION_ALLOCATE","Agent 2",2080768,"0x0000709e5c800000",753,90978233414294,90978233449475
"MEMORY_ALLOCATION","MEMORY_ALLOCATION_ALLOCATE","Agent 2",520192,"0x0000709e5cc82000",757,90978233466005,90978233466685
"MEMORY_ALLOCATION","MEMORY_ALLOCATION_FREE","",0,"0x0000709e5cc82000",770,90978280235014,90978280237164
"MEMORY_ALLOCATION","MEMORY_ALLOCATION_FREE","",0,"0x0000709e5c800000",772,90978280242184,90978280242954
"MEMORY_ALLOCATION","MEMORY_ALLOCATION_FREE","",0,"0x0000709e5cc81000",774,90978280245624,90978280246014
"MEMORY_ALLOCATION","MEMORY_ALLOCATION_FREE","",0,"0x0000709e5cc80000",776,90978280249194,90978280249484
"MEMORY_ALLOCATION","MEMORY_ALLOCATION_FREE","",0,"0x0000709e5cc00000",778,90978280252224,90978280252684
"MEMORY_ALLOCATION","MEMORY_ALLOCATION_FREE","",0,"0x0000709e5e400000",780,90978280256494,90978280384127
"MEMORY_ALLOCATION","MEMORY_ALLOCATION_ALLOCATE","Agent 2",4194304,"0x0000709e5cc00000",782,90978280392977,90978280513989
"MEMORY_ALLOCATION","MEMORY_ALLOCATION_ALLOCATE","Agent 2",131072,"0x0000709e5e400000",786,90978280534219,90978280534759
"MEMORY_ALLOCATION","MEMORY_ALLOCATION_ALLOCATE","Agent 2",131072,"0x0000709e5e420000",790,90978280542679,90978280543159
"MEMORY_ALLOCATION","MEMORY_ALLOCATION_ALLOCATE","Agent 2",4194304,"0x0000709e5c600000",794,90978280552760,90978280581570
"MEMORY_ALLOCATION","MEMORY_ALLOCATION_ALLOCATE","Agent 2",1048576,"0x0000709e5e440000",798,90978280596240,90978280596730
"MEMORY_ALLOCATION","MEMORY_ALLOCATION_ALLOCATE","Agent 2",1048576,"0x0000709e5c200000",802,90978280605911,90978280639121
"MEMORY_ALLOCATION","MEMORY_ALLOCATION_ALLOCATE","Agent 2",2097152,"0x0000709e5be00000",806,90978280653761,90978280681562
"MEMORY_ALLOCATION","MEMORY_ALLOCATION_FREE","",0,"0x0000709e5be00000",821,90978300056411,90978300057461
"MEMORY_ALLOCATION","MEMORY_ALLOCATION_FREE","",0,"0x0000709e5c200000",823,90978300061801,90978300062381
"MEMORY_ALLOCATION","MEMORY_ALLOCATION_FREE","",0,"0x0000709e5e440000",825,90978300065991,90978300066761
"MEMORY_ALLOCATION","MEMORY_ALLOCATION_FREE","",0,"0x0000709e5c600000",827,90978300069641,90978300133452
"MEMORY_ALLOCATION","MEMORY_ALLOCATION_FREE","",0,"0x0000709e5e420000",829,90978300138593,90978300139123
"MEMORY_ALLOCATION","MEMORY_ALLOCATION_FREE","",0,"0x0000709e5e400000",831,90978300142503,90978300240874
"MEMORY_ALLOCATION","MEMORY_ALLOCATION_FREE","",0,"0x0000709e5cc00000",833,90978300244654,90978300287135
"MEMORY_ALLOCATION","MEMORY_ALLOCATION_ALLOCATE","Agent 2",16777216,"0x0000709e5c000000",843,90978301530307,90978301576078
"MEMORY_ALLOCATION","MEMORY_ALLOCATION_ALLOCATE","Agent 2",2097152,"0x0000709e5ae00000",973,90978309464106,90978309546497
"MEMORY_ALLOCATION","MEMORY_ALLOCATION_ALLOCATE","Agent 2",64,"0x0000709e5e400000",991,90978313782391,90978313784522
"MEMORY_ALLOCATION","MEMORY_ALLOCATION_ALLOCATE","Agent 2",476,"0x0000709e5e401000",1001,90978313933084,90978313934004
"MEMORY_ALLOCATION","MEMORY_ALLOCATION_ALLOCATE","Agent 2",65536,"0x0000709e5e402000",1017,90978315281788,90978315283528
"MEMORY_ALLOCATION","MEMORY_ALLOCATION_ALLOCATE","Agent 2",8192,"0x0000709e5e412000",1027,90978315446271,90978315446971
"MEMORY_ALLOCATION","MEMORY_ALLOCATION_ALLOCATE","Agent 2",64,"0x0000709e5e414000",1037,90978315583523,90978315584413
"MEMORY_ALLOCATION","MEMORY_ALLOCATION_ALLOCATE","Agent 2",476,"0x0000709e5e415000",1047,90978315721125,90978315721685
"MEMORY_ALLOCATION","MEMORY_ALLOCATION_ALLOCATE","Agent 2",65536,"0x0000709e5e416000",1063,90978317259772,90978317260872
"MEMORY_ALLOCATION","MEMORY_ALLOCATION_ALLOCATE","Agent 2",8192,"0x0000709e5e426000",1073,90978317421665,90978317422505
"MEMORY_ALLOCATION","MEMORY_ALLOCATION_ALLOCATE","Agent 2",64,"0x0000709e5e428000",1083,90978317565788,90978317566818
"MEMORY_ALLOCATION","MEMORY_ALLOCATION_ALLOCATE","Agent 2",476,"0x0000709e5e429000",1093,90978317708180,90978317708960
"MEMORY_ALLOCATION","MEMORY_ALLOCATION_ALLOCATE","Agent 2",8388608,"0x0000709e5a400000",1109,90978318945452,90978319040114
"MEMORY_ALLOCATION","MEMORY_ALLOCATION_ALLOCATE","Agent 2",1048576,"0x0000709e5e42a000",1175,90978322858560,90978322863021
"MEMORY_ALLOCATION","MEMORY_ALLOCATION_ALLOCATE","Agent 2",64,"0x0000709e5e52a000",1185,90978326640067,90978326641147
"MEMORY_ALLOCATION","MEMORY_ALLOCATION_ALLOCATE","Agent 2",476,"0x0000709e5e52b000",1195,90978326803009,90978326803790
"MEMORY_ALLOCATION","MEMORY_ALLOCATION_ALLOCATE","Agent 2",8388608,"0x0000709e59a00000",1211,90978328125833,90978328205174
"MEMORY_ALLOCATION","MEMORY_ALLOCATION_ALLOCATE","Agent 2",2097152,"0x0000709e59600000",1277,90978331900969,90978331976180
"MEMORY_ALLOCATION","MEMORY_ALLOCATION_ALLOCATE","Agent 2",64,"0x0000709e5e52c000",1295,90978332962887,90978332965747
"MEMORY_ALLOCATION","MEMORY_ALLOCATION_ALLOCATE","Agent 2",476,"0x0000709e5e52d000",1305,90978333153161,90978333153981
"MEMORY_ALLOCATION","MEMORY_ALLOCATION_ALLOCATE","Agent 2",25165824,"0x0000709e57c00000",1321,90978334446663,90978334501244
"MEMORY_ALLOCATION","MEMORY_ALLOCATION_ALLOCATE","Agent 2",3145728,"0x0000709e57600000",1515,90978345570308,90978345659890
"MEMORY_ALLOCATION","MEMORY_ALLOCATION_ALLOCATE","Agent 2",64,"0x0000709e5e52e000",1541,90978357998676,90978358035426
"MEMORY_ALLOCATION","MEMORY_ALLOCATION_ALLOCATE","Agent 2",476,"0x0000709e5e52f000",1551,90978358193739,90978358194589
"MEMORY_ALLOCATION","MEMORY_ALLOCATION_ALLOCATE","Agent 2",25165824,"0x0000709e55c00000",1567,90978359489852,90978359558533
"MEMORY_ALLOCATION","MEMORY_ALLOCATION_ALLOCATE","Agent 2",3145728,"0x0000709e55600000",1761,90978370528395,90978370614377
"MEMORY_ALLOCATION","MEMORY_ALLOCATION_ALLOCATE","Agent 2",64,"0x0000709e5e530000",1787,90978382533805,90978382536435
"MEMORY_ALLOCATION","MEMORY_ALLOCATION_ALLOCATE","Agent 2",476,"0x0000709e5e531000",1797,90978382691898,90978382692748
"MEMORY_ALLOCATION","MEMORY_ALLOCATION_ALLOCATE","Agent 2",25165824,"0x0000709e53c00000",1813,90978383977001,90978384073162
"MEMORY_ALLOCATION","MEMORY_ALLOCATION_ALLOCATE","Agent 2",3145728,"0x0000709e53600000",2007,90978394780280,90978394866451
"MEMORY_ALLOCATION","MEMORY_ALLOCATION_ALLOCATE","Agent 2",64,"0x0000709e5e532000",2033,90978406672838,90978406676918
"MEMORY_ALLOCATION","MEMORY_ALLOCATION_ALLOCATE","Agent 2",476,"0x0000709e5e533000",2043,90978406838131,90978406839041
"MEMORY_ALLOCATION","MEMORY_ALLOCATION_ALLOCATE","Agent 2",128,"0x0000709e5e534000",2053,90978406987484,90978406988174
"MEMORY_ALLOCATION","MEMORY_ALLOCATION_ALLOCATE","Agent 2",128,"0x0000709e5e535000",2057,90978407038814,90978407039694
"MEMORY_ALLOCATION","MEMORY_ALLOCATION_ALLOCATE","Agent 2",16384,"0x0000709e5e536000",2061,90978407052135,90978407052515
"MEMORY_ALLOCATION","MEMORY_ALLOCATION_ALLOCATE","Agent 2",16384,"0x0000709e5e53a000",2065,90978407068605,90978407069175
"MEMORY_ALLOCATION","MEMORY_ALLOCATION_ALLOCATE","Agent 2",512,"0x0000709e5e53e000",2069,90978407085275,90978407086105
"MEMORY_ALLOCATION","MEMORY_ALLOCATION_ALLOCATE","Agent 2",131072,"0x0000709e5e53f000",2073,90978407098146,90978407098686
"MEMORY_ALLOCATION","MEMORY_ALLOCATION_ALLOCATE","Agent 2",131072,"0x0000709e5e55f000",2077,90978407145236,90978407145896
"MEMORY_ALLOCATION","MEMORY_ALLOCATION_ALLOCATE","Agent 2",16384,"0x0000709e5e57f000",2079,90978407149286,90978407149826
"MEMORY_ALLOCATION","MEMORY_ALLOCATION_ALLOCATE","Agent 2",16384,"0x0000709e5e583000",2081,90978407152476,90978407152836
"MEMORY_ALLOCATION","MEMORY_ALLOCATION_ALLOCATE","Agent 2",32768,"0x0000709e5e587000",2083,90978407155307,90978407155647
"MEMORY_ALLOCATION","MEMORY_ALLOCATION_ALLOCATE","Agent 2",32768,"0x0000709e5e58f000",2085,90978407158437,90978407158967
"MEMORY_ALLOCATION","MEMORY_ALLOCATION_ALLOCATE","Agent 2",16384,"0x0000709e5e597000",2087,90978407161397,90978407161707
"MEMORY_ALLOCATION","MEMORY_ALLOCATION_ALLOCATE","Agent 2",8192,"0x0000709e5e59b000",2089,90978407164117,90978407164397
"MEMORY_ALLOCATION","MEMORY_ALLOCATION_ALLOCATE","Agent 2",8192,"0x0000709e5e59d000",2091,90978407166767,90978407167067
"MEMORY_ALLOCATION","MEMORY_ALLOCATION_ALLOCATE","Agent 2",16384,"0x0000709e5e59f000",2093,90978407169457,90978407169737
"MEMORY_ALLOCATION","MEMORY_ALLOCATION_ALLOCATE","Agent 2",128,"0x0000709e5e5a3000",2095,90978407172577,90978407172977
"MEMORY_ALLOCATION","MEMORY_ALLOCATION_ALLOCATE","Agent 2",128,"0x0000709e5e5a4000",2097,90978407178507,90978407178797
"MEMORY_ALLOCATION","MEMORY_ALLOCATION_ALLOCATE","Agent 2",2097152,"0x0000709e53200000",2099,90978407181307,90978407239748
"MEMORY_ALLOCATION","MEMORY_ALLOCATION_ALLOCATE","Agent 2",16384,"0x0000709e5e5a5000",2101,90978407249568,90978407250058
"MEMORY_ALLOCATION","MEMORY_ALLOCATION_ALLOCATE","Agent 2",16384,"0x0000709e5e5a9000",2103,90978407455422,90978407455862
"MEMORY_ALLOCATION","MEMORY_ALLOCATION_ALLOCATE","Agent 2",16384,"0x0000709e5e5ad000",2105,90978407458842,90978407459302
"MEMORY_ALLOCATION","MEMORY_ALLOCATION_ALLOCATE","Agent 2",16384,"0x0000709e5e5b1000",2107,90978407462672,90978407463152
"MEMORY_ALLOCATION","MEMORY_ALLOCATION_ALLOCATE","Agent 2",49152,"0x0000709e5e5b5000",2109,90978407466592,90978407466902
"MEMORY_ALLOCATION","MEMORY_ALLOCATION_ALLOCATE","Agent 2",16384,"0x0000709e5e5c1000",2111,90978407470092,90978407470372
"MEMORY_ALLOCATION","MEMORY_ALLOCATION_ALLOCATE","Agent 2",16777216,"0x0000709e52000000",2237,90978556237027,90978556325808
"MEMORY_ALLOCATION","MEMORY_ALLOCATION_ALLOCATE","Agent 2",2097152,"0x0000709e51c00000",2367,90978564576883,90978564676385
"MEMORY_ALLOCATION","MEMORY_ALLOCATION_ALLOCATE","Agent 2",64,"0x0000709e5e5c5000",2385,90978571908401,90978571912461
"MEMORY_ALLOCATION","MEMORY_ALLOCATION_ALLOCATE","Agent 2",476,"0x0000709e5e5c6000",2395,90978572128075,90978572129035
"MEMORY_ALLOCATION","MEMORY_ALLOCATION_ALLOCATE","Agent 2",65536,"0x0000709e5e5c7000",2411,90978573406228,90978573408358
"MEMORY_ALLOCATION","MEMORY_ALLOCATION_ALLOCATE","Agent 2",8192,"0x0000709e5e5d7000",2421,90978573569780,90978573570560
"MEMORY_ALLOCATION","MEMORY_ALLOCATION_ALLOCATE","Agent 2",64,"0x0000709e5e5d9000",2431,90978573728603,90978573729373
"MEMORY_ALLOCATION","MEMORY_ALLOCATION_ALLOCATE","Agent 2",476,"0x0000709e5e5da000",2441,90978573872386,90978573873026
"MEMORY_ALLOCATION","MEMORY_ALLOCATION_ALLOCATE","Agent 2",65536,"0x0000709e5e5db000",2457,90978575410443,90978575411473
"MEMORY_ALLOCATION","MEMORY_ALLOCATION_ALLOCATE","Agent 2",8192,"0x0000709e5e5eb000",2467,90978575570945,90978575571625
"MEMORY_ALLOCATION","MEMORY_ALLOCATION_ALLOCATE","Agent 2",64,"0x0000709e5e5ed000",2477,90978575716588,90978575717258
"MEMORY_ALLOCATION","MEMORY_ALLOCATION_ALLOCATE","Agent 2",476,"0x0000709e5e5ee000",2487,90978575858870,90978575859421
"MEMORY_ALLOCATION","MEMORY_ALLOCATION_ALLOCATE","Agent 2",8388608,"0x0000709e51200000",2503,90978577123653,90978577191474
"MEMORY_ALLOCATION","MEMORY_ALLOCATION_ALLOCATE","Agent 2",1048576,"0x0000709e50e00000",2569,90978581314506,90978581384777
"MEMORY_ALLOCATION","MEMORY_ALLOCATION_ALLOCATE","Agent 2",64,"0x0000709e5e5ef000",2579,90978583197969,90978583200589
"MEMORY_ALLOCATION","MEMORY_ALLOCATION_ALLOCATE","Agent 2",476,"0x0000709e5e5f0000",2589,90978583347852,90978583348652
"MEMORY_ALLOCATION","MEMORY_ALLOCATION_ALLOCATE","Agent 2",8388608,"0x0000709e50400000",2605,90978584600914,90978584652994
"MEMORY_ALLOCATION","MEMORY_ALLOCATION_ALLOCATE","Agent 2",2097152,"0x0000709e50000000",2671,90978588437961,90978588507662
"MEMORY_ALLOCATION","MEMORY_ALLOCATION_ALLOCATE","Agent 2",64,"0x0000709e5e5f1000",2689,90978589494439,90978589497689
"MEMORY_ALLOCATION","MEMORY_ALLOCATION_ALLOCATE","Agent 2",476,"0x0000709e5e5f2000",2699,90978589642242,90978589643052
"MEMORY_ALLOCATION","MEMORY_ALLOCATION_ALLOCATE","Agent 2",25165824,"0x0000709e4e600000",2715,90978590890344,90978590957485
"MEMORY_ALLOCATION","MEMORY_ALLOCATION_ALLOCATE","Agent 2",3145728,"0x0000709e4e000000",2909,90978601944477,90978602066859
"MEMORY_ALLOCATION","MEMORY_ALLOCATION_ALLOCATE","Agent 2",64,"0x0000709e5e5f3000",2935,90978614380955,90978614384305
"MEMORY_ALLOCATION","MEMORY_ALLOCATION_ALLOCATE","Agent 2",476,"0x0000709e5e5f4000",2945,90978614541988,90978614542758
"MEMORY_ALLOCATION","MEMORY_ALLOCATION_ALLOCATE","Agent 2",25165824,"0x0000709e4c600000",2961,90978615836540,90978615902702
"MEMORY_ALLOCATION","MEMORY_ALLOCATION_ALLOCATE","Agent 2",3145728,"0x0000709e4c000000",3155,90978627107338,90978627209190
"MEMORY_ALLOCATION","MEMORY_ALLOCATION_ALLOCATE","Agent 2",64,"0x0000709e5e5f5000",3181,90978639408673,90978639412793
"MEMORY_ALLOCATION","MEMORY_ALLOCATION_ALLOCATE","Agent 2",476,"0x0000709e5e5f6000",3191,90978639575106,90978639575906
"MEMORY_ALLOCATION","MEMORY_ALLOCATION_ALLOCATE","Agent 2",25165824,"0x0000709e4a600000",3207,90978640864729,90978640928280
"MEMORY_ALLOCATION","MEMORY_ALLOCATION_ALLOCATE","Agent 2",3145728,"0x0000709e4a000000",3401,90978651902522,90978651998114
"MEMORY_ALLOCATION","MEMORY_ALLOCATION_ALLOCATE","Agent 2",64,"0x0000709e5e5f7000",3427,90978663692968,90978663697579
"MEMORY_ALLOCATION","MEMORY_ALLOCATION_ALLOCATE","Agent 2",476,"0x0000709e5e5f8000",3437,90978663856371,90978663857081
"MEMORY_ALLOCATION","MEMORY_ALLOCATION_ALLOCATE","Agent 2",128,"0x0000709e5e5f9000",3447,90978664040965,90978664041865
"MEMORY_ALLOCATION","MEMORY_ALLOCATION_ALLOCATE","Agent 2",128,"0x0000709e5e5fa000",3451,90978664055395,90978664055855
"MEMORY_ALLOCATION","MEMORY_ALLOCATION_ALLOCATE","Agent 2",16384,"0x0000709e5e5fb000",3455,90978664066215,90978664066825
"MEMORY_ALLOCATION","MEMORY_ALLOCATION_ALLOCATE","Agent 2",16384,"0x0000709e50f00000",3459,90978664081135,90978664082245
"MEMORY_ALLOCATION","MEMORY_ALLOCATION_ALLOCATE","Agent 2",512,"0x0000709e5e5ff000",3463,90978664101776,90978664102536
"MEMORY_ALLOCATION","MEMORY_ALLOCATION_ALLOCATE","Agent 2",131072,"0x0000709e50f04000",3467,90978664114666,90978664115266
"MEMORY_ALLOCATION","MEMORY_ALLOCATION_ALLOCATE","Agent 2",131072,"0x0000709e50f24000",3471,90978664161147,90978664162057
"MEMORY_ALLOCATION","MEMORY_ALLOCATION_ALLOCATE","Agent 2",16384,"0x0000709e50f44000",3473,90978664165887,90978664166197
"MEMORY_ALLOCATION","MEMORY_ALLOCATION_ALLOCATE","Agent 2",16384,"0x0000709e50f48000",3475,90978664169207,90978664169767
"MEMORY_ALLOCATION","MEMORY_ALLOCATION_ALLOCATE","Agent 2",32768,"0x0000709e50f4c000",3477,90978664172547,90978664172847
"MEMORY_ALLOCATION","MEMORY_ALLOCATION_ALLOCATE","Agent 2",32768,"0x0000709e50f54000",3479,90978664175367,90978664175637
"MEMORY_ALLOCATION","MEMORY_ALLOCATION_ALLOCATE","Agent 2",16384,"0x0000709e50f5c000",3481,90978664178377,90978664178667
"MEMORY_ALLOCATION","MEMORY_ALLOCATION_ALLOCATE","Agent 2",8192,"0x0000709e50f60000",3483,90978664181217,90978664181527
"MEMORY_ALLOCATION","MEMORY_ALLOCATION_ALLOCATE","Agent 2",8192,"0x0000709e50f62000",3485,90978664184037,90978664184307
"MEMORY_ALLOCATION","MEMORY_ALLOCATION_ALLOCATE","Agent 2",16384,"0x0000709e50f64000",3487,90978664186787,90978664187077
"MEMORY_ALLOCATION","MEMORY_ALLOCATION_ALLOCATE","Agent 2",128,"0x0000709e50f68000",3489,90978664189887,90978664190197
"MEMORY_ALLOCATION","MEMORY_ALLOCATION_ALLOCATE","Agent 2",128,"0x0000709e50f69000",3491,90978664193817,90978664194147
"MEMORY_ALLOCATION","MEMORY_ALLOCATION_ALLOCATE","Agent 2",2097152,"0x0000709e49c00000",3493,90978664196807,90978664248428
"MEMORY_ALLOCATION","MEMORY_ALLOCATION_ALLOCATE","Agent 2",16384,"0x0000709e50f6a000",3495,90978664252378,90978664252888
"MEMORY_ALLOCATION","MEMORY_ALLOCATION_ALLOCATE","Agent 2",16384,"0x0000709e50f6e000",3497,90978664255738,90978664256018
"MEMORY_ALLOCATION","MEMORY_ALLOCATION_ALLOCATE","Agent 2",16384,"0x0000709e50f72000",3499,90978664268919,90978664269319
"MEMORY_ALLOCATION","MEMORY_ALLOCATION_ALLOCATE","Agent 2",16384,"0x0000709e50f76000",3501,90978664277059,90978664277379
"MEMORY_ALLOCATION","MEMORY_ALLOCATION_ALLOCATE","Agent 2",49152,"0x0000709e50f7a000",3503,90978664547673,90978664548243
"MEMORY_ALLOCATION","MEMORY_ALLOCATION_ALLOCATE","Agent 2",16384,"0x0000709e50f86000",3505,90978664552094,90978664552454
"MEMORY_ALLOCATION","MEMORY_ALLOCATION_ALLOCATE","Agent 2",16777216,"0x0000709e48a00000",3531,90978676039715,90978676092356
"MEMORY_ALLOCATION","MEMORY_ALLOCATION_ALLOCATE","Agent 2",2097152,"0x0000709e48600000",3661,90978684128486,90978684215498
"MEMORY_ALLOCATION","MEMORY_ALLOCATION_ALLOCATE","Agent 2",64,"0x0000709e50f8a000",3679,90978691617587,90978691620967
"MEMORY_ALLOCATION","MEMORY_ALLOCATION_ALLOCATE","Agent 2",476,"0x0000709e50f8b000",3689,90978691781120,90978691781930
"MEMORY_ALLOCATION","MEMORY_ALLOCATION_ALLOCATE","Agent 2",65536,"0x0000709e50f8c000",3705,90978693095103,90978693095983
"MEMORY_ALLOCATION","MEMORY_ALLOCATION_ALLOCATE","Agent 2",8192,"0x0000709e50f9c000",3715,90978693256396,90978693257406
"MEMORY_ALLOCATION","MEMORY_ALLOCATION_ALLOCATE","Agent 2",64,"0x0000709e50f9e000",3725,90978693395269,90978693396109
"MEMORY_ALLOCATION","MEMORY_ALLOCATION_ALLOCATE","Agent 2",476,"0x0000709e50f9f000",3735,90978693532241,90978693532971
"MEMORY_ALLOCATION","MEMORY_ALLOCATION_ALLOCATE","Agent 2",65536,"0x0000709e50fa0000",3751,90978694760482,90978694761362
"MEMORY_ALLOCATION","MEMORY_ALLOCATION_ALLOCATE","Agent 2",8192,"0x0000709e50fb0000",3761,90978694918285,90978694919005
"MEMORY_ALLOCATION","MEMORY_ALLOCATION_ALLOCATE","Agent 2",64,"0x0000709e50fb2000",3771,90978695079278,90978695080468
"MEMORY_ALLOCATION","MEMORY_ALLOCATION_ALLOCATE","Agent 2",476,"0x0000709e50fb3000",3781,90978695224921,90978695225521
"MEMORY_ALLOCATION","MEMORY_ALLOCATION_ALLOCATE","Agent 2",8388608,"0x0000709e47c00000",3797,90978696431872,90978696493243
"MEMORY_ALLOCATION","MEMORY_ALLOCATION_ALLOCATE","Agent 2",1048576,"0x0000709e47800000",3863,90978700630575,90978700710327
"MEMORY_ALLOCATION","MEMORY_ALLOCATION_ALLOCATE","Agent 2",64,"0x0000709e50fb4000",3873,90978703304262,90978703307232
"MEMORY_ALLOCATION","MEMORY_ALLOCATION_ALLOCATE","Agent 2",476,"0x0000709e50fb5000",3883,90978703456165,90978703457205
"MEMORY_ALLOCATION","MEMORY_ALLOCATION_ALLOCATE","Agent 2",8388608,"0x0000709e46e00000",3899,90978704739037,90978704789718
"MEMORY_ALLOCATION","MEMORY_ALLOCATION_ALLOCATE","Agent 2",2097152,"0x0000709e46a00000",3965,90978708637915,90978708712137
"MEMORY_ALLOCATION","MEMORY_ALLOCATION_ALLOCATE","Agent 2",64,"0x0000709e50fb6000",3983,90978709723484,90978709726805
"MEMORY_ALLOCATION","MEMORY_ALLOCATION_ALLOCATE","Agent 2",476,"0x0000709e50fb7000",3993,90978709869417,90978709870347
"MEMORY_ALLOCATION","MEMORY_ALLOCATION_ALLOCATE","Agent 2",25165824,"0x0000709e45000000",4009,90978711186180,90978711242901
"MEMORY_ALLOCATION","MEMORY_ALLOCATION_ALLOCATE","Agent 2",3145728,"0x0000709e44a00000",4203,90978722587710,90978722685311
"MEMORY_ALLOCATION","MEMORY_ALLOCATION_ALLOCATE","Agent 2",64,"0x0000709e50fb8000",4229,90978734934936,90978734938586
"MEMORY_ALLOCATION","MEMORY_ALLOCATION_ALLOCATE","Agent 2",476,"0x0000709e50fb9000",4239,90978735133969,90978735135249
"MEMORY_ALLOCATION","MEMORY_ALLOCATION_ALLOCATE","Agent 2",25165824,"0x0000709e43000000",4255,90978736423652,90978736490053
"MEMORY_ALLOCATION","MEMORY_ALLOCATION_ALLOCATE","Agent 2",3145728,"0x0000709e42400000",4449,90978749163445,90978749263757
"MEMORY_ALLOCATION","MEMORY_ALLOCATION_ALLOCATE","Agent 2",64,"0x0000709e50fba000",4475,90978761383289,90978761386779
"MEMORY_ALLOCATION","MEMORY_ALLOCATION_ALLOCATE","Agent 2",476,"0x0000709e50fbb000",4485,90978761576642,90978761577832
"MEMORY_ALLOCATION","MEMORY_ALLOCATION_ALLOCATE","Agent 2",25165824,"0x0000709e40a00000",4501,90978762881595,90978762968667
"MEMORY_ALLOCATION","MEMORY_ALLOCATION_ALLOCATE","Agent 2",3145728,"0x0000709e40400000",4695,90978774771893,90978774861995
"MEMORY_ALLOCATION","MEMORY_ALLOCATION_ALLOCATE","Agent 2",64,"0x0000709e50fbc000",4721,90978786738543,90978786742053
"MEMORY_ALLOCATION","MEMORY_ALLOCATION_ALLOCATE","Agent 2",476,"0x0000709e50fbd000",4731,90978786910326,90978786911356
"MEMORY_ALLOCATION","MEMORY_ALLOCATION_ALLOCATE","Agent 2",128,"0x0000709e50fbe000",4741,90978787094599,90978787095669
"MEMORY_ALLOCATION","MEMORY_ALLOCATION_ALLOCATE","Agent 2",128,"0x0000709e50fbf000",4745,90978787109369,90978787109759
"MEMORY_ALLOCATION","MEMORY_ALLOCATION_ALLOCATE","Agent 2",16384,"0x0000709e50fc0000",4749,90978787121350,90978787121720
"MEMORY_ALLOCATION","MEMORY_ALLOCATION_ALLOCATE","Agent 2",16384,"0x0000709e50fc4000",4753,90978787136460,90978787136840
"MEMORY_ALLOCATION","MEMORY_ALLOCATION_ALLOCATE","Agent 2",512,"0x0000709e50fc8000",4757,90978787157440,90978787157920
"MEMORY_ALLOCATION","MEMORY_ALLOCATION_ALLOCATE","Agent 2",131072,"0x0000709e50fc9000",4761,90978787170081,90978787170501
"MEMORY_ALLOCATION","MEMORY_ALLOCATION_ALLOCATE","Agent 2",131072,"0x0000709e47900000",4765,90978787216471,90978787217531
"MEMORY_ALLOCATION","MEMORY_ALLOCATION_ALLOCATE","Agent 2",16384,"0x0000709e50fe9000",4767,90978787221041,90978787221711
"MEMORY_ALLOCATION","MEMORY_ALLOCATION_ALLOCATE","Agent 2",16384,"0x0000709e50fed000",4769,90978787224631,90978787225041
"MEMORY_ALLOCATION","MEMORY_ALLOCATION_ALLOCATE","Agent 2",32768,"0x0000709e50ff1000",4771,90978787227542,90978787227882
"MEMORY_ALLOCATION","MEMORY_ALLOCATION_ALLOCATE","Agent 2",32768,"0x0000709e47920000",4773,90978787230472,90978787230942
"MEMORY_ALLOCATION","MEMORY_ALLOCATION_ALLOCATE","Agent 2",16384,"0x0000709e50ff9000",4775,90978787246222,90978787246592
"MEMORY_ALLOCATION","MEMORY_ALLOCATION_ALLOCATE","Agent 2",8192,"0x0000709e50ffd000",4777,90978787250692,90978787251022
"MEMORY_ALLOCATION","MEMORY_ALLOCATION_ALLOCATE","Agent 2",8192,"0x0000709e47928000",4779,90978787253572,90978787254112
"MEMORY_ALLOCATION","MEMORY_ALLOCATION_ALLOCATE","Agent 2",16384,"0x0000709e4792a000",4781,90978787256952,90978787257302
"MEMORY_ALLOCATION","MEMORY_ALLOCATION_ALLOCATE","Agent 2",128,"0x0000709e50fff000",4783,90978787259802,90978787260102
"MEMORY_ALLOCATION","MEMORY_ALLOCATION_ALLOCATE","Agent 2",128,"0x0000709e4792e000",4785,90978787262612,90978787263152
"MEMORY_ALLOCATION","MEMORY_ALLOCATION_ALLOCATE","Agent 2",2097152,"0x0000709e40000000",4787,90978787265632,90978787317993
"MEMORY_ALLOCATION","MEMORY_ALLOCATION_ALLOCATE","Agent 2",16384,"0x0000709e4792f000",4789,90978787321553,90978787321963
"MEMORY_ALLOCATION","MEMORY_ALLOCATION_ALLOCATE","Agent 2",16384,"0x0000709e47933000",4791,90978787324423,90978787324713
"MEMORY_ALLOCATION","MEMORY_ALLOCATION_ALLOCATE","Agent 2",16384,"0x0000709e47937000",4793,90978787327193,90978787327503
"MEMORY_ALLOCATION","MEMORY_ALLOCATION_ALLOCATE","Agent 2",16384,"0x0000709e4793b000",4795,90978787329953,90978787330303
"MEMORY_ALLOCATION","MEMORY_ALLOCATION_ALLOCATE","Agent 2",49152,"0x0000709e4793f000",4797,90978787332733,90978787333043
"MEMORY_ALLOCATION","MEMORY_ALLOCATION_ALLOCATE","Agent 2",16384,"0x0000709e4794b000",4799,90978787335423,90978787335913
"MEMORY_ALLOCATION","MEMORY_ALLOCATION_ALLOCATE","Agent 2",16777216,"0x0000709e3ee00000",4825,90978798628011,90978798700732
"MEMORY_ALLOCATION","MEMORY_ALLOCATION_ALLOCATE","Agent 2",2097152,"0x0000709e3ea00000",4955,90978807497876,90978807584778
"MEMORY_ALLOCATION","MEMORY_ALLOCATION_ALLOCATE","Agent 2",64,"0x0000709e4794f000",4973,90978809771166,90978809773306
"MEMORY_ALLOCATION","MEMORY_ALLOCATION_ALLOCATE","Agent 2",476,"0x0000709e47950000",4983,90978809949919,90978809950599
"MEMORY_ALLOCATION","MEMORY_ALLOCATION_ALLOCATE","Agent 2",2097152,"0x0000709e3e600000",4999,90978811270272,90978811334484
"MEMORY_ALLOCATION","MEMORY_ALLOCATION_ALLOCATE","Agent 2",524288,"0x0000709e47951000",5017,90978812460943,90978812462243
"MEMORY_ALLOCATION","MEMORY_ALLOCATION_ALLOCATE","Agent 2",64,"0x0000709e479d1000",5027,90978812770059,90978812771029
"MEMORY_ALLOCATION","MEMORY_ALLOCATION_ALLOCATE","Agent 2",476,"0x0000709e479d2000",5037,90978812933242,90978812933882
"MEMORY_ALLOCATION","MEMORY_ALLOCATION_ALLOCATE","Agent 2",2097152,"0x0000709e3e200000",5053,90978814223154,90978814277305
"MEMORY_ALLOCATION","MEMORY_ALLOCATION_ALLOCATE","Agent 2",524288,"0x0000709e3de00000",5071,90978815407185,90978815454456
"MEMORY_ALLOCATION","MEMORY_ALLOCATION_ALLOCATE","Agent 2",64,"0x0000709e479d3000",5081,90978815788642,90978815789742
"MEMORY_ALLOCATION","MEMORY_ALLOCATION_ALLOCATE","Agent 2",476,"0x0000709e479d4000",5091,90978815931454,90978815932254
"MEMORY_ALLOCATION","MEMORY_ALLOCATION_ALLOCATE","Agent 2",8388608,"0x0000709e3d400000",5107,90978817226127,90978817275188
"MEMORY_ALLOCATION","MEMORY_ALLOCATION_ALLOCATE","Agent 2",2097152,"0x0000709e3d000000",5173,90978821440131,90978821531302
"MEMORY_ALLOCATION","MEMORY_ALLOCATION_ALLOCATE","Agent 2",64,"0x0000709e479d5000",5191,90978822622001,90978822626691
"MEMORY_ALLOCATION","MEMORY_ALLOCATION_ALLOCATE","Agent 2",476,"0x0000709e479d6000",5201,90978822792094,90978822792914
"MEMORY_ALLOCATION","MEMORY_ALLOCATION_ALLOCATE","Agent 2",25165824,"0x0000709e3b600000",5217,90978824135198,90978824204939
"MEMORY_ALLOCATION","MEMORY_ALLOCATION_ALLOCATE","Agent 2",3145728,"0x0000709e3b000000",5411,90978836190409,90978836291401
"MEMORY_ALLOCATION","MEMORY_ALLOCATION_ALLOCATE","Agent 2",64,"0x0000709e479d7000",5437,90978849038614,90978849042964
"MEMORY_ALLOCATION","MEMORY_ALLOCATION_ALLOCATE","Agent 2",476,"0x0000709e479d8000",5447,90978849233557,90978849234527
"MEMORY_ALLOCATION","MEMORY_ALLOCATION_ALLOCATE","Agent 2",25165824,"0x0000709e39600000",5463,90978850486939,90978850561451
"MEMORY_ALLOCATION","MEMORY_ALLOCATION_ALLOCATE","Agent 2",3145728,"0x0000709e39000000",5657,90978862682173,90978862776044
"MEMORY_ALLOCATION","MEMORY_ALLOCATION_ALLOCATE","Agent 2",64,"0x0000709e479d9000",5683,90978875170111,90978875173781
"MEMORY_ALLOCATION","MEMORY_ALLOCATION_ALLOCATE","Agent 2",476,"0x0000709e479da000",5693,90978875345935,90978875346875
"MEMORY_ALLOCATION","MEMORY_ALLOCATION_ALLOCATE","Agent 2",25165824,"0x0000709e37600000",5709,90978876630867,90978876700438
"MEMORY_ALLOCATION","MEMORY_ALLOCATION_ALLOCATE","Agent 2",3145728,"0x0000709e37000000",5903,90978888392663,90978888484825
"MEMORY_ALLOCATION","MEMORY_ALLOCATION_ALLOCATE","Agent 2",64,"0x0000709e479db000",5929,90978900430134,90978900434844
"MEMORY_ALLOCATION","MEMORY_ALLOCATION_ALLOCATE","Agent 2",476,"0x0000709e479dc000",5939,90978900606427,90978900607267
"MEMORY_ALLOCATION","MEMORY_ALLOCATION_ALLOCATE","Agent 2",16384,"0x0000709e479dd000",5949,90978900763740,90978900764530
"MEMORY_ALLOCATION","MEMORY_ALLOCATION_ALLOCATE","Agent 2",1024,"0x0000709e479e1000",5953,90978901083215,90978901084725
"MEMORY_ALLOCATION","MEMORY_ALLOCATION_ALLOCATE","Agent 2",1024,"0x0000709e479e2000",5957,90978901099825,90978901100535
"MEMORY_ALLOCATION","MEMORY_ALLOCATION_ALLOCATE","Agent 2",16384,"0x0000709e479e3000",5961,90978901113276,90978901113856
"MEMORY_ALLOCATION","MEMORY_ALLOCATION_ALLOCATE","Agent 2",64,"0x0000709e479e7000",5965,90978901144706,90978901145176
"MEMORY_ALLOCATION","MEMORY_ALLOCATION_ALLOCATE","Agent 2",16384,"0x0000709e479e8000",5967,90978901160016,90978901160536
"MEMORY_ALLOCATION","MEMORY_ALLOCATION_ALLOCATE","Agent 2",16384,"0x0000709e479ec000",5969,90978901163137,90978901163477
"MEMORY_ALLOCATION","MEMORY_ALLOCATION_ALLOCATE","Agent 2",32768,"0x0000709e479f0000",5971,90978901166367,90978901166777
"MEMORY_ALLOCATION","MEMORY_ALLOCATION_ALLOCATE","Agent 2",16384,"0x0000709e479f8000",5973,90978901169197,90978901169517
"MEMORY_ALLOCATION","MEMORY_ALLOCATION_ALLOCATE","Agent 2",4096,"0x0000709e479fc000",5975,90978901172087,90978901172467
"MEMORY_ALLOCATION","MEMORY_ALLOCATION_ALLOCATE","Agent 2",4096,"0x0000709e479fd000",5977,90978901175087,90978901175407
"MEMORY_ALLOCATION","MEMORY_ALLOCATION_ALLOCATE","Agent 2",16384,"0x0000709e3de80000",5979,90978901177857,90978901178777
"MEMORY_ALLOCATION","MEMORY_ALLOCATION_ALLOCATE","Agent 2",4096,"0x0000709e479fe000",5981,90978901181467,90978901181877
"MEMORY_ALLOCATION","MEMORY_ALLOCATION_ALLOCATE","Agent 2",16384,"0x0000709e3de84000",5983,90978901185997,90978901188357
"MEMORY_ALLOCATION","MEMORY_ALLOCATION_ALLOCATE","Agent 2",4096,"0x0000709e479ff000",5985,90978901193937,90978901194527
"MEMORY_ALLOCATION","MEMORY_ALLOCATION_ALLOCATE","Agent 2",16777216,"0x0000709e35e00000",5987,90978901200697,90978901248988
"MEMORY_ALLOCATION","MEMORY_ALLOCATION_ALLOCATE","Agent 2",16777216,"0x0000709e34c00000",5989,90978901252528,90978901279169
"MEMORY_ALLOCATION","MEMORY_ALLOCATION_ALLOCATE","Agent 2",16384,"0x0000709e3de88000",5991,90978901283029,90978901283609
"MEMORY_ALLOCATION","MEMORY_ALLOCATION_ALLOCATE","Agent 2",16384,"0x0000709e3de8c000",5993,90978901286129,90978901286449
"MEMORY_ALLOCATION","MEMORY_ALLOCATION_ALLOCATE","Agent 2",16384,"0x0000709e3de90000",5995,90978901289019,90978901289399
"MEMORY_ALLOCATION","MEMORY_ALLOCATION_ALLOCATE","Agent 2",16384,"0x0000709e3de94000",5997,90978901292149,90978901292489
"MEMORY_ALLOCATION","MEMORY_ALLOCATION_ALLOCATE","Agent 2",49152,"0x0000709e3de98000",5999,90978901294879,90978901295209
"MEMORY_ALLOCATION","MEMORY_ALLOCATION_ALLOCATE","Agent 2",16384,"0x0000709e3dea4000",6001,90978901297699,90978901297999
"MEMORY_ALLOCATION","MEMORY_ALLOCATION_ALLOCATE","Agent 2",528384,"0x0000709e3dea8000",6003,90978901300919,90978901301289
"MEMORY_ALLOCATION","MEMORY_ALLOCATION_ALLOCATE","Agent 2",16777216,"0x0000709e33a00000",6048,90978963541849,90978964041158
"MEMORY_ALLOCATION","MEMORY_ALLOCATION_ALLOCATE","Agent 2",2097152,"0x0000709e33600000",6178,90978971878715,90978972080758
"MEMORY_ALLOCATION","MEMORY_ALLOCATION_ALLOCATE","Agent 2",64,"0x0000709e3df29000",6196,90978978822486,90978978825426
"MEMORY_ALLOCATION","MEMORY_ALLOCATION_ALLOCATE","Agent 2",476,"0x0000709e3df2a000",6206,90978978981769,90978978983109
"MEMORY_ALLOCATION","MEMORY_ALLOCATION_ALLOCATE","Agent 2",65536,"0x0000709e3df2b000",6222,90978980320763,90978980321813
"MEMORY_ALLOCATION","MEMORY_ALLOCATION_ALLOCATE","Agent 2",8192,"0x0000709e3df3b000",6232,90978980484125,90978980485045
"MEMORY_ALLOCATION","MEMORY_ALLOCATION_ALLOCATE","Agent 2",64,"0x0000709e3df3d000",6242,90978980628168,90978980628778
"MEMORY_ALLOCATION","MEMORY_ALLOCATION_ALLOCATE","Agent 2",476,"0x0000709e3df3e000",6252,90978980774481,90978980775471
"MEMORY_ALLOCATION","MEMORY_ALLOCATION_ALLOCATE","Agent 2",65536,"0x0000709e3df3f000",6268,90978982047333,90978982048323
"MEMORY_ALLOCATION","MEMORY_ALLOCATION_ALLOCATE","Agent 2",8192,"0x0000709e3df4f000",6278,90978982323838,90978982324768
"MEMORY_ALLOCATION","MEMORY_ALLOCATION_ALLOCATE","Agent 2",64,"0x0000709e3df51000",6288,90978982467320,90978982468230
"MEMORY_ALLOCATION","MEMORY_ALLOCATION_ALLOCATE","Agent 2",476,"0x0000709e3df52000",6298,90978982609833,90978982610533
"MEMORY_ALLOCATION","MEMORY_ALLOCATION_ALLOCATE","Agent 2",8388608,"0x0000709e32c00000",6314,90978984180250,90978984370743
"MEMORY_ALLOCATION","MEMORY_ALLOCATION_ALLOCATE","Agent 2",1048576,"0x0000709e32800000",6380,90978988666699,90978988750000
"MEMORY_ALLOCATION","MEMORY_ALLOCATION_ALLOCATE","Agent 2",64,"0x0000709e3df53000",6390,90978990940959,90978990944049
"MEMORY_ALLOCATION","MEMORY_ALLOCATION_ALLOCATE","Agent 2",476,"0x0000709e3df54000",6400,90978991129242,90978991130112
"MEMORY_ALLOCATION","MEMORY_ALLOCATION_ALLOCATE","Agent 2",8388608,"0x0000709e31e00000",6416,90978992404424,90978992454465
"MEMORY_ALLOCATION","MEMORY_ALLOCATION_ALLOCATE","Agent 2",2097152,"0x0000709e31a00000",6482,90978996212291,90978996276412
"MEMORY_ALLOCATION","MEMORY_ALLOCATION_ALLOCATE","Agent 2",64,"0x0000709e3df55000",6500,90978997271929,90978997274409
"MEMORY_ALLOCATION","MEMORY_ALLOCATION_ALLOCATE","Agent 2",476,"0x0000709e3df56000",6510,90978997421072,90978997421952
"MEMORY_ALLOCATION","MEMORY_ALLOCATION_ALLOCATE","Agent 2",25165824,"0x0000709e30000000",6526,90978998706855,90978998760785
"MEMORY_ALLOCATION","MEMORY_ALLOCATION_ALLOCATE","Agent 2",3145728,"0x0000709e2fa00000",6720,90979009736318,90979009832209
"MEMORY_ALLOCATION","MEMORY_ALLOCATION_ALLOCATE","Agent 2",64,"0x0000709e3df57000",6746,90979022100794,90979022103914
"MEMORY_ALLOCATION","MEMORY_ALLOCATION_ALLOCATE","Agent 2",476,"0x0000709e3df58000",6756,90979022261837,90979022262597
"MEMORY_ALLOCATION","MEMORY_ALLOCATION_ALLOCATE","Agent 2",25165824,"0x0000709e2e000000",6772,90979023555920,90979023617431
"MEMORY_ALLOCATION","MEMORY_ALLOCATION_ALLOCATE","Agent 2",3145728,"0x0000709e2da00000",6966,90979034337498,90979034431040
"MEMORY_ALLOCATION","MEMORY_ALLOCATION_ALLOCATE","Agent 2",64,"0x0000709e3df59000",6992,90979046150525,90979046154315
"MEMORY_ALLOCATION","MEMORY_ALLOCATION_ALLOCATE","Agent 2",476,"0x0000709e3df5a000",7002,90979046522222,90979046524052
"MEMORY_ALLOCATION","MEMORY_ALLOCATION_ALLOCATE","Agent 2",25165824,"0x0000709e2c000000",7018,90979047840085,90979047909416
"MEMORY_ALLOCATION","MEMORY_ALLOCATION_ALLOCATE","Agent 2",3145728,"0x0000709e2ba00000",7212,90979060549287,90979060641839
"MEMORY_ALLOCATION","MEMORY_ALLOCATION_ALLOCATE","Agent 2",64,"0x0000709e3df5b000",7238,90979075179413,90979075184294
"MEMORY_ALLOCATION","MEMORY_ALLOCATION_ALLOCATE","Agent 2",476,"0x0000709e3df5c000",7248,90979075355087,90979075356337
"MEMORY_ALLOCATION","MEMORY_ALLOCATION_ALLOCATE","Agent 2",128,"0x0000709e3df5d000",7258,90979075537860,90979075538820
"MEMORY_ALLOCATION","MEMORY_ALLOCATION_ALLOCATE","Agent 2",128,"0x0000709e3df5e000",7262,90979075554640,90979075555350
"MEMORY_ALLOCATION","MEMORY_ALLOCATION_ALLOCATE","Agent 2",16384,"0x0000709e3df5f000",7266,90979075569260,90979075569990
"MEMORY_ALLOCATION","MEMORY_ALLOCATION_ALLOCATE","Agent 2",16384,"0x0000709e3df63000",7270,90979075591591,90979075592101
"MEMORY_ALLOCATION","MEMORY_ALLOCATION_ALLOCATE","Agent 2",512,"0x0000709e3df67000",7274,90979075611391,90979075611921
"MEMORY_ALLOCATION","MEMORY_ALLOCATION_ALLOCATE","Agent 2",131072,"0x0000709e3df68000",7278,90979075625531,90979075626081
"MEMORY_ALLOCATION","MEMORY_ALLOCATION_ALLOCATE","Agent 2",131072,"0x0000709e3df88000",7282,90979075677852,90979075678622
"MEMORY_ALLOCATION","MEMORY_ALLOCATION_ALLOCATE","Agent 2",16384,"0x0000709e3dfa8000",7284,90979075682382,90979075682802
"MEMORY_ALLOCATION","MEMORY_ALLOCATION_ALLOCATE","Agent 2",16384,"0x0000709e3dfac000",7286,90979075686192,90979075686632
"MEMORY_ALLOCATION","MEMORY_ALLOCATION_ALLOCATE","Agent 2",32768,"0x0000709e3dfb0000",7288,90979075690162,90979075690642
"MEMORY_ALLOCATION","MEMORY_ALLOCATION_ALLOCATE","Agent 2",32768,"0x0000709e3dfb8000",7290,90979075693913,90979075694353
"MEMORY_ALLOCATION","MEMORY_ALLOCATION_ALLOCATE","Agent 2",16384,"0x0000709e3dfc0000",7292,90979075697513,90979075697913
"MEMORY_ALLOCATION","MEMORY_ALLOCATION_ALLOCATE","Agent 2",8192,"0x0000709e3dfc4000",7294,90979075701163,90979075701793
"MEMORY_ALLOCATION","MEMORY_ALLOCATION_ALLOCATE","Agent 2",8192,"0x0000709e3dfc6000",7296,90979075706013,90979075706423
"MEMORY_ALLOCATION","MEMORY_ALLOCATION_ALLOCATE","Agent 2",16384,"0x0000709e3dfc8000",7298,90979075709563,90979075709973
"MEMORY_ALLOCATION","MEMORY_ALLOCATION_ALLOCATE","Agent 2",128,"0x0000709e3dfcc000",7300,90979075712913,90979075713353
"MEMORY_ALLOCATION","MEMORY_ALLOCATION_ALLOCATE","Agent 2",128,"0x0000709e3dfcd000",7302,90979075716293,90979075716693
"MEMORY_ALLOCATION","MEMORY_ALLOCATION_ALLOCATE","Agent 2",2097152,"0x0000709e2b600000",7304,90979075719653,90979075775794
"MEMORY_ALLOCATION","MEMORY_ALLOCATION_ALLOCATE","Agent 2",16384,"0x0000709e3dfce000",7306,90979075780504,90979075781184
"MEMORY_ALLOCATION","MEMORY_ALLOCATION_ALLOCATE","Agent 2",16384,"0x0000709e3dfd2000",7308,90979075784394,90979075784884
"MEMORY_ALLOCATION","MEMORY_ALLOCATION_ALLOCATE","Agent 2",16384,"0x0000709e3dfd6000",7310,90979075788424,90979075788984
"MEMORY_ALLOCATION","MEMORY_ALLOCATION_ALLOCATE","Agent 2",16384,"0x0000709e3dfda000",7312,90979075792364,90979075792794
"MEMORY_ALLOCATION","MEMORY_ALLOCATION_ALLOCATE","Agent 2",49152,"0x0000709e3dfde000",7314,90979075795734,90979075796154
"MEMORY_ALLOCATION","MEMORY_ALLOCATION_ALLOCATE","Agent 2",16384,"0x0000709e3dfea000",7316,90979075799144,90979075799604
"MEMORY_ALLOCATION","MEMORY_ALLOCATION_ALLOCATE","Agent 2",16777216,"0x0000709e2a400000",7342,90979088943565,90979089247170
"MEMORY_ALLOCATION","MEMORY_ALLOCATION_ALLOCATE","Agent 2",2097152,"0x0000709e2a000000",7472,90979097424173,90979097533915
"MEMORY_ALLOCATION","MEMORY_ALLOCATION_ALLOCATE","Agent 2",64,"0x0000709e3dfee000",7490,90979104752261,90979104756771
"MEMORY_ALLOCATION","MEMORY_ALLOCATION_ALLOCATE","Agent 2",476,"0x0000709e3dfef000",7500,90979104924464,90979104925784
"MEMORY_ALLOCATION","MEMORY_ALLOCATION_ALLOCATE","Agent 2",65536,"0x0000709e3dff0000",7516,90979106451491,90979106453211
"MEMORY_ALLOCATION","MEMORY_ALLOCATION_ALLOCATE","Agent 2",8192,"0x0000709e32900000",7526,90979106623034,90979106624814
"MEMORY_ALLOCATION","MEMORY_ALLOCATION_ALLOCATE","Agent 2",64,"0x0000709e32902000",7536,90979106773847,90979106774867
"MEMORY_ALLOCATION","MEMORY_ALLOCATION_ALLOCATE","Agent 2",476,"0x0000709e32903000",7546,90979106926099,90979106926909
"MEMORY_ALLOCATION","MEMORY_ALLOCATION_ALLOCATE","Agent 2",65536,"0x0000709e32904000",7562,90979108415165,90979108416426
"MEMORY_ALLOCATION","MEMORY_ALLOCATION_ALLOCATE","Agent 2",8192,"0x0000709e32914000",7572,90979108584408,90979108585508
"MEMORY_ALLOCATION","MEMORY_ALLOCATION_ALLOCATE","Agent 2",64,"0x0000709e32916000",7582,90979108736091,90979108736971
"MEMORY_ALLOCATION","MEMORY_ALLOCATION_ALLOCATE","Agent 2",476,"0x0000709e32917000",7592,90979108888304,90979108889354
"MEMORY_ALLOCATION","MEMORY_ALLOCATION_ALLOCATE","Agent 2",8388608,"0x0000709e29600000",7608,90979110348549,90979110418441
"MEMORY_ALLOCATION","MEMORY_ALLOCATION_ALLOCATE","Agent 2",1048576,"0x0000709e29200000",7674,90979114412490,90979114502752
"MEMORY_ALLOCATION","MEMORY_ALLOCATION_ALLOCATE","Agent 2",64,"0x0000709e32918000",7684,90979116955205,90979116958105
"MEMORY_ALLOCATION","MEMORY_ALLOCATION_ALLOCATE","Agent 2",476,"0x0000709e32919000",7694,90979117141908,90979117142938
"MEMORY_ALLOCATION","MEMORY_ALLOCATION_ALLOCATE","Agent 2",8388608,"0x0000709e28800000",7710,90979118880809,90979118949040
"MEMORY_ALLOCATION","MEMORY_ALLOCATION_ALLOCATE","Agent 2",2097152,"0x0000709e28400000",7776,90979123849396,90979123951497
"MEMORY_ALLOCATION","MEMORY_ALLOCATION_ALLOCATE","Agent 2",64,"0x0000709e3291a000",7794,90979125023956,90979125026976
"MEMORY_ALLOCATION","MEMORY_ALLOCATION_ALLOCATE","Agent 2",476,"0x0000709e3291b000",7804,90979125195759,90979125196869
"MEMORY_ALLOCATION","MEMORY_ALLOCATION_ALLOCATE","Agent 2",25165824,"0x0000709e26a00000",7820,90979126757137,90979126819008
"MEMORY_ALLOCATION","MEMORY_ALLOCATION_ALLOCATE","Agent 2",3145728,"0x0000709e26400000",8014,90979137988063,90979138215627
"MEMORY_ALLOCATION","MEMORY_ALLOCATION_ALLOCATE","Agent 2",64,"0x0000709e3291c000",8040,90979152580989,90979152586149
"MEMORY_ALLOCATION","MEMORY_ALLOCATION_ALLOCATE","Agent 2",476,"0x0000709e3291d000",8050,90979152751962,90979152752972
"MEMORY_ALLOCATION","MEMORY_ALLOCATION_ALLOCATE","Agent 2",25165824,"0x0000709e24a00000",8066,90979154793868,90979154878059
"MEMORY_ALLOCATION","MEMORY_ALLOCATION_ALLOCATE","Agent 2",3145728,"0x0000709e24400000",8260,90979166279659,90979166379650
"MEMORY_ALLOCATION","MEMORY_ALLOCATION_ALLOCATE","Agent 2",64,"0x0000709e3291e000",8286,90979180977496,90979180981976
"MEMORY_ALLOCATION","MEMORY_ALLOCATION_ALLOCATE","Agent 2",476,"0x0000709e3291f000",8296,90979181210480,90979181212100
"MEMORY_ALLOCATION","MEMORY_ALLOCATION_ALLOCATE","Agent 2",25165824,"0x0000709e21e00000",8312,90979182828168,90979182913280
"MEMORY_ALLOCATION","MEMORY_ALLOCATION_ALLOCATE","Agent 2",3145728,"0x0000709e21800000",8506,90979194383671,90979194483152
"MEMORY_ALLOCATION","MEMORY_ALLOCATION_ALLOCATE","Agent 2",64,"0x0000709e32920000",8532,90979209190380,90979209194830
"MEMORY_ALLOCATION","MEMORY_ALLOCATION_ALLOCATE","Agent 2",476,"0x0000709e32921000",8542,90979209395394,90979209396524
"MEMORY_ALLOCATION","MEMORY_ALLOCATION_ALLOCATE","Agent 2",128,"0x0000709e32922000",8552,90979209592687,90979209593647
"MEMORY_ALLOCATION","MEMORY_ALLOCATION_ALLOCATE","Agent 2",128,"0x0000709e32923000",8556,90979209608967,90979209609577
"MEMORY_ALLOCATION","MEMORY_ALLOCATION_ALLOCATE","Agent 2",16384,"0x0000709e32924000",8560,90979209623068,90979209623668
"MEMORY_ALLOCATION","MEMORY_ALLOCATION_ALLOCATE","Agent 2",16384,"0x0000709e32928000",8564,90979209640698,90979209641328
"MEMORY_ALLOCATION","MEMORY_ALLOCATION_ALLOCATE","Agent 2",512,"0x0000709e3292c000",8568,90979209660138,90979209661048
"MEMORY_ALLOCATION","MEMORY_ALLOCATION_ALLOCATE","Agent 2",131072,"0x0000709e3292d000",8572,90979209673428,90979209673948
"MEMORY_ALLOCATION","MEMORY_ALLOCATION_ALLOCATE","Agent 2",131072,"0x0000709e3294d000",8576,90979209729919,90979209730759
"MEMORY_ALLOCATION","MEMORY_ALLOCATION_ALLOCATE","Agent 2",16384,"0x0000709e3296d000",8578,90979209734670,90979209735140
"MEMORY_ALLOCATION","MEMORY_ALLOCATION_ALLOCATE","Agent 2",16384,"0x0000709e32971000",8580,90979209738190,90979209738580
"MEMORY_ALLOCATION","MEMORY_ALLOCATION_ALLOCATE","Agent 2",32768,"0x0000709e32975000",8582,90979209741750,90979209742300
"MEMORY_ALLOCATION","MEMORY_ALLOCATION_ALLOCATE","Agent 2",32768,"0x0000709e3297d000",8584,90979209745730,90979209746130
"MEMORY_ALLOCATION","MEMORY_ALLOCATION_ALLOCATE","Agent 2",16384,"0x0000709e32985000",8586,90979209749540,90979209749960
"MEMORY_ALLOCATION","MEMORY_ALLOCATION_ALLOCATE","Agent 2",8192,"0x0000709e32989000",8588,90979209752940,90979209753310
"MEMORY_ALLOCATION","MEMORY_ALLOCATION_ALLOCATE","Agent 2",8192,"0x0000709e3298b000",8590,90979209756320,90979209756690
"MEMORY_ALLOCATION","MEMORY_ALLOCATION_ALLOCATE","Agent 2",16384,"0x0000709e3298d000",8592,90979209759580,90979209760130
"MEMORY_ALLOCATION","MEMORY_ALLOCATION_ALLOCATE","Agent 2",128,"0x0000709e32991000",8594,90979209763330,90979209763670
"MEMORY_ALLOCATION","MEMORY_ALLOCATION_ALLOCATE","Agent 2",128,"0x0000709e32992000",8596,90979209769940,90979209770320
"MEMORY_ALLOCATION","MEMORY_ALLOCATION_ALLOCATE","Agent 2",2097152,"0x0000709e21400000",8598,90979209773280,90979209841681
"MEMORY_ALLOCATION","MEMORY_ALLOCATION_ALLOCATE","Agent 2",16384,"0x0000709e32993000",8600,90979209846302,90979209846932
"MEMORY_ALLOCATION","MEMORY_ALLOCATION_ALLOCATE","Agent 2",16384,"0x0000709e32997000",8602,90979209850162,90979209850622
"MEMORY_ALLOCATION","MEMORY_ALLOCATION_ALLOCATE","Agent 2",16384,"0x0000709e3299b000",8604,90979209853762,90979209854162
"MEMORY_ALLOCATION","MEMORY_ALLOCATION_ALLOCATE","Agent 2",16384,"0x0000709e3299f000",8606,90979209857292,90979209857682
"MEMORY_ALLOCATION","MEMORY_ALLOCATION_ALLOCATE","Agent 2",49152,"0x0000709e329a3000",8608,90979209861222,90979209861592
"MEMORY_ALLOCATION","MEMORY_ALLOCATION_ALLOCATE","Agent 2",16384,"0x0000709e329af000",8610,90979209864472,90979209864842
"MEMORY_ALLOCATION","MEMORY_ALLOCATION_ALLOCATE","Agent 2",16777216,"0x0000709e20200000",8636,90979222044265,90979222114386
"MEMORY_ALLOCATION","MEMORY_ALLOCATION_ALLOCATE","Agent 2",2097152,"0x0000709e1fe00000",8766,90979230950391,90979231074513
"MEMORY_ALLOCATION","MEMORY_ALLOCATION_ALLOCATE","Agent 2",64,"0x0000709e329b3000",8784,90979236498508,90979236501518
"MEMORY_ALLOCATION","MEMORY_ALLOCATION_ALLOCATE","Agent 2",476,"0x0000709e329b4000",8794,90979236669001,90979236670051
"MEMORY_ALLOCATION","MEMORY_ALLOCATION_ALLOCATE","Agent 2",65536,"0x0000709e329b5000",8810,90979238184938,90979238186508
"MEMORY_ALLOCATION","MEMORY_ALLOCATION_ALLOCATE","Agent 2",8192,"0x0000709e329c5000",8820,90979238368161,90979238369171
"MEMORY_ALLOCATION","MEMORY_ALLOCATION_ALLOCATE","Agent 2",64,"0x0000709e329c7000",8830,90979238521914,90979238523084
"MEMORY_ALLOCATION","MEMORY_ALLOCATION_ALLOCATE","Agent 2",476,"0x0000709e329c8000",8840,90979238676106,90979238677236
"MEMORY_ALLOCATION","MEMORY_ALLOCATION_ALLOCATE","Agent 2",65536,"0x0000709e329c9000",8856,90979240140332,90979240141712
"MEMORY_ALLOCATION","MEMORY_ALLOCATION_ALLOCATE","Agent 2",8192,"0x0000709e329d9000",8866,90979240333295,90979240334375
"MEMORY_ALLOCATION","MEMORY_ALLOCATION_ALLOCATE","Agent 2",64,"0x0000709e329db000",8876,90979240493368,90979240494378
"MEMORY_ALLOCATION","MEMORY_ALLOCATION_ALLOCATE","Agent 2",476,"0x0000709e329dc000",8886,90979240655501,90979240656501
"MEMORY_ALLOCATION","MEMORY_ALLOCATION_ALLOCATE","Agent 2",8388608,"0x0000709e1f400000",8902,90979242123437,90979242188098
"MEMORY_ALLOCATION","MEMORY_ALLOCATION_ALLOCATE","Agent 2",1048576,"0x0000709e29300000",8968,90979246225428,90979246229579
"MEMORY_ALLOCATION","MEMORY_ALLOCATION_ALLOCATE","Agent 2",64,"0x0000709e329dd000",8978,90979247781006,90979247784436
"MEMORY_ALLOCATION","MEMORY_ALLOCATION_ALLOCATE","Agent 2",476,"0x0000709e329de000",8988,90979247950469,90979247951619
"MEMORY_ALLOCATION","MEMORY_ALLOCATION_ALLOCATE","Agent 2",8388608,"0x0000709e1ea00000",9004,90979249459675,90979249551927
"MEMORY_ALLOCATION","MEMORY_ALLOCATION_ALLOCATE","Agent 2",2097152,"0x0000709e1e600000",9070,90979253766091,90979253845172
"MEMORY_ALLOCATION","MEMORY_ALLOCATION_ALLOCATE","Agent 2",64,"0x0000709e329df000",9088,90979254906611,90979254910381
"MEMORY_ALLOCATION","MEMORY_ALLOCATION_ALLOCATE","Agent 2",476,"0x0000709e329e0000",9098,90979255104804,90979255105824
"MEMORY_ALLOCATION","MEMORY_ALLOCATION_ALLOCATE","Agent 2",25165824,"0x0000709e1cc00000",9114,90979256886415,90979256962937
"MEMORY_ALLOCATION","MEMORY_ALLOCATION_ALLOCATE","Agent 2",3145728,"0x0000709e1c600000",9308,90979268301455,90979268399717
"MEMORY_ALLOCATION","MEMORY_ALLOCATION_ALLOCATE","Agent 2",64,"0x0000709e329e1000",9334,90979275533562,90979275538852
"MEMORY_ALLOCATION","MEMORY_ALLOCATION_ALLOCATE","Agent 2",476,"0x0000709e329e2000",9344,90979275710455,90979275711645
"MEMORY_ALLOCATION","MEMORY_ALLOCATION_ALLOCATE","Agent 2",25165824,"0x0000709e1ac00000",9360,90979277410335,90979277484966
"MEMORY_ALLOCATION","MEMORY_ALLOCATION_ALLOCATE","Agent 2",3145728,"0x0000709e1a600000",9554,90979290326791,90979290414252
"MEMORY_ALLOCATION","MEMORY_ALLOCATION_ALLOCATE","Agent 2",64,"0x0000709e329e3000",9580,90979304803874,90979304811704
"MEMORY_ALLOCATION","MEMORY_ALLOCATION_ALLOCATE","Agent 2",476,"0x0000709e329e4000",9590,90979304983777,90979304984907
"MEMORY_ALLOCATION","MEMORY_ALLOCATION_ALLOCATE","Agent 2",25165824,"0x0000709e18c00000",9606,90979306519924,90979306620406
"MEMORY_ALLOCATION","MEMORY_ALLOCATION_ALLOCATE","Agent 2",3145728,"0x0000709e18600000",9800,90979317911744,90979318025356
"MEMORY_ALLOCATION","MEMORY_ALLOCATION_ALLOCATE","Agent 2",64,"0x0000709e329e5000",9826,90979331980930,90979331987410
"MEMORY_ALLOCATION","MEMORY_ALLOCATION_ALLOCATE","Agent 2",476,"0x0000709e329e6000",9836,90979332196994,90979332198094
"MEMORY_ALLOCATION","MEMORY_ALLOCATION_ALLOCATE","Agent 2",128,"0x0000709e329e7000",9846,90979332379767,90979332380797
"MEMORY_ALLOCATION","MEMORY_ALLOCATION_ALLOCATE","Agent 2",128,"0x0000709e329e8000",9850,90979332395357,90979332396137
"MEMORY_ALLOCATION","MEMORY_ALLOCATION_ALLOCATE","Agent 2",16384,"0x0000709e329e9000",9854,90979332409668,90979332410338
"MEMORY_ALLOCATION","MEMORY_ALLOCATION_ALLOCATE","Agent 2",16384,"0x0000709e329ed000",9858,90979332432538,90979332433368
"MEMORY_ALLOCATION","MEMORY_ALLOCATION_ALLOCATE","Agent 2",512,"0x0000709e329f1000",9862,90979332450358,90979332450848
"MEMORY_ALLOCATION","MEMORY_ALLOCATION_ALLOCATE","Agent 2",131072,"0x0000709e18200000",9866,90979332463829,90979332540400
"MEMORY_ALLOCATION","MEMORY_ALLOCATION_ALLOCATE","Agent 2",131072,"0x0000709e18220000",9870,90979332596011,90979332596971
"MEMORY_ALLOCATION","MEMORY_ALLOCATION_ALLOCATE","Agent 2",16384,"0x0000709e329f2000",9872,90979332600531,90979332601311
"MEMORY_ALLOCATION","MEMORY_ALLOCATION_ALLOCATE","Agent 2",16384,"0x0000709e329f6000",9874,90979332604701,90979332605221
"MEMORY_ALLOCATION","MEMORY_ALLOCATION_ALLOCATE","Agent 2",32768,"0x0000709e18240000",9876,90979332608491,90979332609351
"MEMORY_ALLOCATION","MEMORY_ALLOCATION_ALLOCATE","Agent 2",32768,"0x0000709e18248000",9878,90979332612481,90979332613021
"MEMORY_ALLOCATION","MEMORY_ALLOCATION_ALLOCATE","Agent 2",16384,"0x0000709e329fa000",9880,90979332616611,90979332617231
"MEMORY_ALLOCATION","MEMORY_ALLOCATION_ALLOCATE","Agent 2",8192,"0x0000709e329fe000",9882,90979332623081,90979332623521
"MEMORY_ALLOCATION","MEMORY_ALLOCATION_ALLOCATE","Agent 2",8192,"0x0000709e18250000",9884,90979332626521,90979332627051
"MEMORY_ALLOCATION","MEMORY_ALLOCATION_ALLOCATE","Agent 2",16384,"0x0000709e18252000",9886,90979332630061,90979332630511
"MEMORY_ALLOCATION","MEMORY_ALLOCATION_ALLOCATE","Agent 2",128,"0x0000709e18256000",9888,90979332633311,90979332633741
"MEMORY_ALLOCATION","MEMORY_ALLOCATION_ALLOCATE","Agent 2",128,"0x0000709e18257000",9890,90979332636542,90979332636932
"MEMORY_ALLOCATION","MEMORY_ALLOCATION_ALLOCATE","Agent 2",2097152,"0x0000709e17e00000",9892,90979332639702,90979332684052
"MEMORY_ALLOCATION","MEMORY_ALLOCATION_ALLOCATE","Agent 2",16384,"0x0000709e18258000",9894,90979332688132,90979332688692
"MEMORY_ALLOCATION","MEMORY_ALLOCATION_ALLOCATE","Agent 2",16384,"0x0000709e1825c000",9896,90979332691682,90979332692152
"MEMORY_ALLOCATION","MEMORY_ALLOCATION_ALLOCATE","Agent 2",16384,"0x0000709e18260000",9898,90979332694953,90979332695533
"MEMORY_ALLOCATION","MEMORY_ALLOCATION_ALLOCATE","Agent 2",16384,"0x0000709e18264000",9900,90979332698453,90979332698843
"MEMORY_ALLOCATION","MEMORY_ALLOCATION_ALLOCATE","Agent 2",49152,"0x0000709e18268000",9902,90979332701973,90979332702453
"MEMORY_ALLOCATION","MEMORY_ALLOCATION_ALLOCATE","Agent 2",16384,"0x0000709e18274000",9904,90979332705723,90979332706173
"MEMORY_ALLOCATION","MEMORY_ALLOCATION_ALLOCATE","Agent 2",16777216,"0x0000709e16c00000",9930,90979344836015,90979344956337
"MEMORY_ALLOCATION","MEMORY_ALLOCATION_ALLOCATE","Agent 2",2097152,"0x0000709e16800000",10060,90979353107360,90979353205772
"MEMORY_ALLOCATION","MEMORY_ALLOCATION_ALLOCATE","Agent 2",64,"0x0000709e18278000",10078,90979354212699,90979354216049
"MEMORY_ALLOCATION","MEMORY_ALLOCATION_ALLOCATE","Agent 2",476,"0x0000709e18279000",10088,90979354374322,90979354375262
"MEMORY_ALLOCATION","MEMORY_ALLOCATION_ALLOCATE","Agent 2",2097152,"0x0000709e16400000",10104,90979355874868,90979355937060
"MEMORY_ALLOCATION","MEMORY_ALLOCATION_ALLOCATE","Agent 2",524288,"0x0000709e1827a000",10122,90979357064919,90979357066789
"MEMORY_ALLOCATION","MEMORY_ALLOCATION_ALLOCATE","Agent 2",64,"0x0000709e182fa000",10132,90979357410105,90979357411265
"MEMORY_ALLOCATION","MEMORY_ALLOCATION_ALLOCATE","Agent 2",476,"0x0000709e182fb000",10142,90979357556158,90979357557128
"MEMORY_ALLOCATION","MEMORY_ALLOCATION_ALLOCATE","Agent 2",2097152,"0x0000709e16000000",10158,90979359206427,90979359276478
"MEMORY_ALLOCATION","MEMORY_ALLOCATION_ALLOCATE","Agent 2",524288,"0x0000709e182fc000",10176,90979360384457,90979360386187
"MEMORY_ALLOCATION","MEMORY_ALLOCATION_ALLOCATE","Agent 2",64,"0x0000709e1837c000",10186,90979360731583,90979360732883
"MEMORY_ALLOCATION","MEMORY_ALLOCATION_ALLOCATE","Agent 2",476,"0x0000709e1837d000",10196,90979360875096,90979360875886
"MEMORY_ALLOCATION","MEMORY_ALLOCATION_ALLOCATE","Agent 2",8388608,"0x0000709e15600000",10212,90979362351742,90979362412803
"MEMORY_ALLOCATION","MEMORY_ALLOCATION_ALLOCATE","Agent 2",2097152,"0x0000709e15200000",10278,90979366227200,90979366306521
"MEMORY_ALLOCATION","MEMORY_ALLOCATION_ALLOCATE","Agent 2",64,"0x0000709e1837e000",10296,90979367316669,90979367320019
"MEMORY_ALLOCATION","MEMORY_ALLOCATION_ALLOCATE","Agent 2",476,"0x0000709e1837f000",10306,90979367471821,90979367473001
"MEMORY_ALLOCATION","MEMORY_ALLOCATION_ALLOCATE","Agent 2",25165824,"0x0000709e13800000",10322,90979368959027,90979369045929
"MEMORY_ALLOCATION","MEMORY_ALLOCATION_ALLOCATE","Agent 2",3145728,"0x0000709e13200000",10516,90979380685453,90979380783175
"MEMORY_ALLOCATION","MEMORY_ALLOCATION_ALLOCATE","Agent 2",64,"0x0000709e18380000",10542,90979391926560,90979391930090
"MEMORY_ALLOCATION","MEMORY_ALLOCATION_ALLOCATE","Agent 2",476,"0x0000709e18381000",10552,90979392126523,90979392127503
"MEMORY_ALLOCATION","MEMORY_ALLOCATION_ALLOCATE","Agent 2",25165824,"0x0000709e11800000",10568,90979393647780,90979393717531
"MEMORY_ALLOCATION","MEMORY_ALLOCATION_ALLOCATE","Agent 2",3145728,"0x0000709e11200000",10762,90979405242643,90979405341655
"MEMORY_ALLOCATION","MEMORY_ALLOCATION_ALLOCATE","Agent 2",64,"0x0000709e18382000",10788,90979419911140,90979419916210
"MEMORY_ALLOCATION","MEMORY_ALLOCATION_ALLOCATE","Agent 2",476,"0x0000709e18383000",10798,90979420132303,90979420133404
"MEMORY_ALLOCATION","MEMORY_ALLOCATION_ALLOCATE","Agent 2",25165824,"0x0000709e0f800000",10814,90979421639930,90979421721121
"MEMORY_ALLOCATION","MEMORY_ALLOCATION_ALLOCATE","Agent 2",3145728,"0x0000709e0f200000",11008,90979434299462,90979434400453
"MEMORY_ALLOCATION","MEMORY_ALLOCATION_ALLOCATE","Agent 2",64,"0x0000709e18384000",11034,90979447480232,90979447484753
"MEMORY_ALLOCATION","MEMORY_ALLOCATION_ALLOCATE","Agent 2",476,"0x0000709e18385000",11044,90979447663876,90979447664866
"MEMORY_ALLOCATION","MEMORY_ALLOCATION_ALLOCATE","Agent 2",16384,"0x0000709e18386000",11054,90979447866919,90979447867869
"MEMORY_ALLOCATION","MEMORY_ALLOCATION_ALLOCATE","Agent 2",1024,"0x0000709e1838a000",11058,90979447886950,90979447887510
"MEMORY_ALLOCATION","MEMORY_ALLOCATION_ALLOCATE","Agent 2",1024,"0x0000709e1838b000",11062,90979447901850,90979447902620
"MEMORY_ALLOCATION","MEMORY_ALLOCATION_ALLOCATE","Agent 2",16384,"0x0000709e1838c000",11066,90979447915810,90979447916380
"MEMORY_ALLOCATION","MEMORY_ALLOCATION_ALLOCATE","Agent 2",64,"0x0000709e18390000",11070,90979447932320,90979447932800
"MEMORY_ALLOCATION","MEMORY_ALLOCATION_ALLOCATE","Agent 2",16384,"0x0000709e18391000",11072,90979447935790,90979447936210
"MEMORY_ALLOCATION","MEMORY_ALLOCATION_ALLOCATE","Agent 2",16384,"0x0000709e18395000",11074,90979447939241,90979447939681
"MEMORY_ALLOCATION","MEMORY_ALLOCATION_ALLOCATE","Agent 2",32768,"0x0000709e18399000",11076,90979447942501,90979447942891
"MEMORY_ALLOCATION","MEMORY_ALLOCATION_ALLOCATE","Agent 2",16384,"0x0000709e183a1000",11078,90979447945661,90979447946151
"MEMORY_ALLOCATION","MEMORY_ALLOCATION_ALLOCATE","Agent 2",4096,"0x0000709e183a5000",11080,90979447951551,90979447951951
"MEMORY_ALLOCATION","MEMORY_ALLOCATION_ALLOCATE","Agent 2",4096,"0x0000709e183a6000",11082,90979447958161,90979447958741
"MEMORY_ALLOCATION","MEMORY_ALLOCATION_ALLOCATE","Agent 2",16384,"0x0000709e183a7000",11084,90979447962381,90979447962861
"MEMORY_ALLOCATION","MEMORY_ALLOCATION_ALLOCATE","Agent 2",4096,"0x0000709e183ab000",11086,90979447967251,90979447968001
"MEMORY_ALLOCATION","MEMORY_ALLOCATION_ALLOCATE","Agent 2",16384,"0x0000709e183ac000",11088,90979447972651,90979447973221
"MEMORY_ALLOCATION","MEMORY_ALLOCATION_ALLOCATE","Agent 2",4096,"0x0000709e183b0000",11090,90979447976641,90979447977191
"MEMORY_ALLOCATION","MEMORY_ALLOCATION_ALLOCATE","Agent 2",16777216,"0x0000709e0e000000",11092,90979447980051,90979448057043
"MEMORY_ALLOCATION","MEMORY_ALLOCATION_ALLOCATE","Agent 2",16777216,"0x0000709e0ce00000",11094,90979448061683,90979448100013
"MEMORY_ALLOCATION","MEMORY_ALLOCATION_ALLOCATE","Agent 2",16384,"0x0000709e183b1000",11096,90979448104403,90979448105163
"MEMORY_ALLOCATION","MEMORY_ALLOCATION_ALLOCATE","Agent 2",16384,"0x0000709e183b5000",11098,90979448121224,90979448121704
"MEMORY_ALLOCATION","MEMORY_ALLOCATION_ALLOCATE","Agent 2",16384,"0x0000709e183b9000",11100,90979448125144,90979448125574
"MEMORY_ALLOCATION","MEMORY_ALLOCATION_ALLOCATE","Agent 2",16384,"0x0000709e183bd000",11102,90979448128454,90979448128874
"MEMORY_ALLOCATION","MEMORY_ALLOCATION_ALLOCATE","Agent 2",49152,"0x0000709e183c1000",11104,90979448131674,90979448132074
"MEMORY_ALLOCATION","MEMORY_ALLOCATION_ALLOCATE","Agent 2",16384,"0x0000709e183cd000",11106,90979448134864,90979448135274
"MEMORY_ALLOCATION","MEMORY_ALLOCATION_ALLOCATE","Agent 2",528384,"0x0000709e0ca00000",11108,90979448138584,90979448171025
"MEMORY_ALLOCATION","MEMORY_ALLOCATION_ALLOCATE","Agent 2",16777216,"0x0000709e0b800000",11130,90979497854994,90979497985307
"MEMORY_ALLOCATION","MEMORY_ALLOCATION_ALLOCATE","Agent 2",2097152,"0x0000709e0b400000",11260,90979506950664,90979507062436
"MEMORY_ALLOCATION","MEMORY_ALLOCATION_ALLOCATE","Agent 2",64,"0x0000709e183d1000",11278,90979511963641,90979511967932
"MEMORY_ALLOCATION","MEMORY_ALLOCATION_ALLOCATE","Agent 2",476,"0x0000709e183d2000",11288,90979512175295,90979512176575
"MEMORY_ALLOCATION","MEMORY_ALLOCATION_ALLOCATE","Agent 2",65536,"0x0000709e183d3000",11304,90979513689082,90979513690452
"MEMORY_ALLOCATION","MEMORY_ALLOCATION_ALLOCATE","Agent 2",8192,"0x0000709e183e3000",11314,90979513856785,90979513857905
"MEMORY_ALLOCATION","MEMORY_ALLOCATION_ALLOCATE","Agent 2",64,"0x0000709e183e5000",11324,90979514033908,90979514034898
"MEMORY_ALLOCATION","MEMORY_ALLOCATION_ALLOCATE","Agent 2",476,"0x0000709e183e6000",11334,90979514179440,90979514180530
"MEMORY_ALLOCATION","MEMORY_ALLOCATION_ALLOCATE","Agent 2",65536,"0x0000709e183e7000",11350,90979515636696,90979515637776
"MEMORY_ALLOCATION","MEMORY_ALLOCATION_ALLOCATE","Agent 2",8192,"0x0000709e183f7000",11360,90979515804009,90979515805369
"MEMORY_ALLOCATION","MEMORY_ALLOCATION_ALLOCATE","Agent 2",64,"0x0000709e183f9000",11370,90979515984292,90979515985622
"MEMORY_ALLOCATION","MEMORY_ALLOCATION_ALLOCATE","Agent 2",476,"0x0000709e183fa000",11380,90979516150245,90979516151325
"MEMORY_ALLOCATION","MEMORY_ALLOCATION_ALLOCATE","Agent 2",8388608,"0x0000709e0aa00000",11396,90979517597150,90979517675592
"MEMORY_ALLOCATION","MEMORY_ALLOCATION_ALLOCATE","Agent 2",1048576,"0x0000709e0ca81000",11462,90979521576690,90979521581390
"MEMORY_ALLOCATION","MEMORY_ALLOCATION_ALLOCATE","Agent 2",64,"0x0000709e183fb000",11472,90979522123039,90979522126379
"MEMORY_ALLOCATION","MEMORY_ALLOCATION_ALLOCATE","Agent 2",476,"0x0000709e183fc000",11482,90979522273612,90979522274782
"MEMORY_ALLOCATION","MEMORY_ALLOCATION_ALLOCATE","Agent 2",8388608,"0x0000709e0a000000",11498,90979523750538,90979523839999
"MEMORY_ALLOCATION","MEMORY_ALLOCATION_ALLOCATE","Agent 2",2097152,"0x0000709e09c00000",11564,90979528426000,90979528519301
"MEMORY_ALLOCATION","MEMORY_ALLOCATION_ALLOCATE","Agent 2",64,"0x0000709e183fd000",11582,90979529550219,90979529553849
"MEMORY_ALLOCATION","MEMORY_ALLOCATION_ALLOCATE","Agent 2",476,"0x0000709e183fe000",11592,90979529704142,90979529705322
"MEMORY_ALLOCATION","MEMORY_ALLOCATION_ALLOCATE","Agent 2",25165824,"0x0000709e08200000",11608,90979531232699,90979531304350
"MEMORY_ALLOCATION","MEMORY_ALLOCATION_ALLOCATE","Agent 2",3145728,"0x0000709e07c00000",11802,90979542222821,90979542329733
"MEMORY_ALLOCATION","MEMORY_ALLOCATION_ALLOCATE","Agent 2",64,"0x0000709e183ff000",11828,90979554531857,90979554536717
"MEMORY_ALLOCATION","MEMORY_ALLOCATION_ALLOCATE","Agent 2",476,"0x0000709e0cb81000",11838,90979554706780,90979554708560
"MEMORY_ALLOCATION","MEMORY_ALLOCATION_ALLOCATE","Agent 2",25165824,"0x0000709e06200000",11854,90979556224486,90979556293658
"MEMORY_ALLOCATION","MEMORY_ALLOCATION_ALLOCATE","Agent 2",3145728,"0x0000709e05c00000",12048,90979567651257,90979567751498
"MEMORY_ALLOCATION","MEMORY_ALLOCATION_ALLOCATE","Agent 2",64,"0x0000709e0cb82000",12074,90979582940734,90979582947394
"MEMORY_ALLOCATION","MEMORY_ALLOCATION_ALLOCATE","Agent 2",476,"0x0000709e0cb83000",12084,90979583161198,90979583162148
"MEMORY_ALLOCATION","MEMORY_ALLOCATION_ALLOCATE","Agent 2",25165824,"0x0000709e04200000",12100,90979584697405,90979584803077
"MEMORY_ALLOCATION","MEMORY_ALLOCATION_ALLOCATE","Agent 2",3145728,"0x0000709e03c00000",12294,90979597547420,90979597654952
"MEMORY_ALLOCATION","MEMORY_ALLOCATION_ALLOCATE","Agent 2",64,"0x0000709e0cb84000",12320,90979610991835,90979610995705
"MEMORY_ALLOCATION","MEMORY_ALLOCATION_ALLOCATE","Agent 2",476,"0x0000709e0cb85000",12330,90979611210279,90979611211289
"MEMORY_ALLOCATION","MEMORY_ALLOCATION_ALLOCATE","Agent 2",128,"0x0000709e0cb86000",12340,90979611389812,90979611390902
"MEMORY_ALLOCATION","MEMORY_ALLOCATION_ALLOCATE","Agent 2",128,"0x0000709e0cb87000",12344,90979611407823,90979611408393
"MEMORY_ALLOCATION","MEMORY_ALLOCATION_ALLOCATE","Agent 2",16384,"0x0000709e0cb88000",12348,90979611421483,90979611422133
"MEMORY_ALLOCATION","MEMORY_ALLOCATION_ALLOCATE","Agent 2",16384,"0x0000709e0cb8c000",12352,90979611441253,90979611441953
"MEMORY_ALLOCATION","MEMORY_ALLOCATION_ALLOCATE","Agent 2",512,"0x0000709e0cb90000",12356,90979611460844,90979611461704
"MEMORY_ALLOCATION","MEMORY_ALLOCATION_ALLOCATE","Agent 2",131072,"0x0000709e0cb91000",12360,90979611475714,90979611476184
"MEMORY_ALLOCATION","MEMORY_ALLOCATION_ALLOCATE","Agent 2",131072,"0x0000709e0cbb1000",12364,90979611529995,90979611530825
"MEMORY_ALLOCATION","MEMORY_ALLOCATION_ALLOCATE","Agent 2",16384,"0x0000709e0cbd1000",12366,90979611534475,90979611534945
"MEMORY_ALLOCATION","MEMORY_ALLOCATION_ALLOCATE","Agent 2",16384,"0x0000709e0cbd5000",12368,90979611538035,90979611538575
"MEMORY_ALLOCATION","MEMORY_ALLOCATION_ALLOCATE","Agent 2",32768,"0x0000709e0cbd9000",12370,90979611559545,90979611560185
"MEMORY_ALLOCATION","MEMORY_ALLOCATION_ALLOCATE","Agent 2",32768,"0x0000709e0cbe1000",12372,90979613074632,90979613075452
"MEMORY_ALLOCATION","MEMORY_ALLOCATION_ALLOCATE","Agent 2",16384,"0x0000709e0cbe9000",12374,90979613079262,90979613079722
"MEMORY_ALLOCATION","MEMORY_ALLOCATION_ALLOCATE","Agent 2",8192,"0x0000709e0cbed000",12376,90979613082552,90979613082972
"MEMORY_ALLOCATION","MEMORY_ALLOCATION_ALLOCATE","Agent 2",8192,"0x0000709e0cbef000",12378,90979613086762,90979613087202
"MEMORY_ALLOCATION","MEMORY_ALLOCATION_ALLOCATE","Agent 2",16384,"0x0000709e0cbf1000",12380,90979613091752,90979613092202
"MEMORY_ALLOCATION","MEMORY_ALLOCATION_ALLOCATE","Agent 2",128,"0x0000709e0cbf5000",12382,90979613095402,90979613095862
"MEMORY_ALLOCATION","MEMORY_ALLOCATION_ALLOCATE","Agent 2",128,"0x0000709e0cbf6000",12384,90979613099632,90979613100182
"MEMORY_ALLOCATION","MEMORY_ALLOCATION_ALLOCATE","Agent 2",2097152,"0x0000709e03200000",12386,90979613103842,90979613184364
"MEMORY_ALLOCATION","MEMORY_ALLOCATION_ALLOCATE","Agent 2",16384,"0x0000709e0cbf7000",12388,90979613189484,90979613190174
"MEMORY_ALLOCATION","MEMORY_ALLOCATION_ALLOCATE","Agent 2",16384,"0x0000709e0cbfb000",12390,90979613193254,90979613193694
"MEMORY_ALLOCATION","MEMORY_ALLOCATION_ALLOCATE","Agent 2",16384,"0x0000709e02e00000",12392,90979613197414,90979613229755
"MEMORY_ALLOCATION","MEMORY_ALLOCATION_ALLOCATE","Agent 2",16384,"0x0000709e02e04000",12394,90979613234445,90979613235025
"MEMORY_ALLOCATION","MEMORY_ALLOCATION_ALLOCATE","Agent 2",49152,"0x0000709e02e08000",12396,90979613239045,90979613239575
"MEMORY_ALLOCATION","MEMORY_ALLOCATION_ALLOCATE","Agent 2",16384,"0x0000709e02e14000",12398,90979613242725,90979613243165
"MEMORY_ALLOCATION","MEMORY_ALLOCATION_ALLOCATE","Agent 2",16777216,"0x0000709e01c00000",12424,90979625929097,90979626118590
"MEMORY_ALLOCATION","MEMORY_ALLOCATION_ALLOCATE","Agent 2",2097152,"0x0000709e01800000",12554,90979634422156,90979634520277
"MEMORY_ALLOCATION","MEMORY_ALLOCATION_ALLOCATE","Agent 2",64,"0x0000709e0cbff000",12572,90979640515932,90979640519382
"MEMORY_ALLOCATION","MEMORY_ALLOCATION_ALLOCATE","Agent 2",476,"0x0000709e02e18000",12582,90979640692035,90979640693545
"MEMORY_ALLOCATION","MEMORY_ALLOCATION_ALLOCATE","Agent 2",65536,"0x0000709e02e19000",12598,90979642312554,90979642313934
"MEMORY_ALLOCATION","MEMORY_ALLOCATION_ALLOCATE","Agent 2",8192,"0x0000709e02e29000",12608,90979642742941,90979642744111
"MEMORY_ALLOCATION","MEMORY_ALLOCATION_ALLOCATE","Agent 2",64,"0x0000709e02e2b000",12618,90979642906314,90979642907254
"MEMORY_ALLOCATION","MEMORY_ALLOCATION_ALLOCATE","Agent 2",476,"0x0000709e02e2c000",12628,90979643082297,90979643083297
"MEMORY_ALLOCATION","MEMORY_ALLOCATION_ALLOCATE","Agent 2",65536,"0x0000709e02e2d000",12644,90979644563313,90979644564513
"MEMORY_ALLOCATION","MEMORY_ALLOCATION_ALLOCATE","Agent 2",8192,"0x0000709e02e3d000",12654,90979644753247,90979644754387
"MEMORY_ALLOCATION","MEMORY_ALLOCATION_ALLOCATE","Agent 2",64,"0x0000709e02e3f000",12664,90979644915719,90979644917039
"MEMORY_ALLOCATION","MEMORY_ALLOCATION_ALLOCATE","Agent 2",476,"0x0000709e02e40000",12674,90979645081892,90979645082852
"MEMORY_ALLOCATION","MEMORY_ALLOCATION_ALLOCATE","Agent 2",8388608,"0x0000709e00e00000",12690,90979646586809,90979646666770
"MEMORY_ALLOCATION","MEMORY_ALLOCATION_ALLOCATE","Agent 2",1048576,"0x0000709e02e41000",12756,90979650855393,90979650860613
"MEMORY_ALLOCATION","MEMORY_ALLOCATION_ALLOCATE","Agent 2",64,"0x0000709e02f41000",12766,90979652432201,90979652434131
"MEMORY_ALLOCATION","MEMORY_ALLOCATION_ALLOCATE","Agent 2",476,"0x0000709e02f42000",12776,90979652592764,90979652593704
"MEMORY_ALLOCATION","MEMORY_ALLOCATION_ALLOCATE","Agent 2",8388608,"0x0000709e00400000",12792,90979654148611,90979654250373
"MEMORY_ALLOCATION","MEMORY_ALLOCATION_ALLOCATE","Agent 2",2097152,"0x0000709e00000000",12858,90979658624379,90979658710671
"MEMORY_ALLOCATION","MEMORY_ALLOCATION_ALLOCATE","Agent 2",64,"0x0000709e02f43000",12876,90979659756509,90979659760489
"MEMORY_ALLOCATION","MEMORY_ALLOCATION_ALLOCATE","Agent 2",476,"0x0000709e02f44000",12886,90979659921292,90979659922492
"MEMORY_ALLOCATION","MEMORY_ALLOCATION_ALLOCATE","Agent 2",25165824,"0x0000709dfe600000",12902,90979661511870,90979661601172
"MEMORY_ALLOCATION","MEMORY_ALLOCATION_ALLOCATE","Agent 2",3145728,"0x0000709dfe000000",13096,90979672925360,90979673038502
"MEMORY_ALLOCATION","MEMORY_ALLOCATION_ALLOCATE","Agent 2",64,"0x0000709e02f45000",13122,90979681751325,90979681754345
"MEMORY_ALLOCATION","MEMORY_ALLOCATION_ALLOCATE","Agent 2",476,"0x0000709e02f46000",13132,90979681920618,90979681921628
"MEMORY_ALLOCATION","MEMORY_ALLOCATION_ALLOCATE","Agent 2",25165824,"0x0000709dfc600000",13148,90979683485985,90979683553646
"MEMORY_ALLOCATION","MEMORY_ALLOCATION_ALLOCATE","Agent 2",3145728,"0x0000709dfc000000",13342,90979694925365,90979695061127
"MEMORY_ALLOCATION","MEMORY_ALLOCATION_ALLOCATE","Agent 2",64,"0x0000709e02f47000",13368,90979709562831,90979709567271
"MEMORY_ALLOCATION","MEMORY_ALLOCATION_ALLOCATE","Agent 2",476,"0x0000709e02f48000",13378,90979709732594,90979709733604
"MEMORY_ALLOCATION","MEMORY_ALLOCATION_ALLOCATE","Agent 2",25165824,"0x0000709dfa600000",13394,90979711291332,90979711357333
"MEMORY_ALLOCATION","MEMORY_ALLOCATION_ALLOCATE","Agent 2",3145728,"0x0000709dfa000000",13588,90979722668031,90979722774853
"MEMORY_ALLOCATION","MEMORY_ALLOCATION_ALLOCATE","Agent 2",64,"0x0000709e02f49000",13614,90979735955943,90979735960004
"MEMORY_ALLOCATION","MEMORY_ALLOCATION_ALLOCATE","Agent 2",476,"0x0000709e02f4a000",13624,90979736157267,90979736158247
"MEMORY_ALLOCATION","MEMORY_ALLOCATION_ALLOCATE","Agent 2",128,"0x0000709e02f4b000",13634,90979736347870,90979736348940
"MEMORY_ALLOCATION","MEMORY_ALLOCATION_ALLOCATE","Agent 2",128,"0x0000709e02f4c000",13638,90979736364001,90979736364561
"MEMORY_ALLOCATION","MEMORY_ALLOCATION_ALLOCATE","Agent 2",16384,"0x0000709e02f4d000",13642,90979736377671,90979736378451
"MEMORY_ALLOCATION","MEMORY_ALLOCATION_ALLOCATE","Agent 2",16384,"0x0000709e02f51000",13646,90979736395891,90979736396381
"MEMORY_ALLOCATION","MEMORY_ALLOCATION_ALLOCATE","Agent 2",512,"0x0000709e02f55000",13650,90979736413361,90979736413901
"MEMORY_ALLOCATION","MEMORY_ALLOCATION_ALLOCATE","Agent 2",131072,"0x0000709e02f56000",13654,90979736645756,90979736647276
"MEMORY_ALLOCATION","MEMORY_ALLOCATION_ALLOCATE","Agent 2",131072,"0x0000709e02f76000",13658,90979736721097,90979736722087
"MEMORY_ALLOCATION","MEMORY_ALLOCATION_ALLOCATE","Agent 2",16384,"0x0000709e02f96000",13660,90979736725707,90979736726197
"MEMORY_ALLOCATION","MEMORY_ALLOCATION_ALLOCATE","Agent 2",16384,"0x0000709e02f9a000",13662,90979736729917,90979736730417
"MEMORY_ALLOCATION","MEMORY_ALLOCATION_ALLOCATE","Agent 2",32768,"0x0000709e02f9e000",13664,90979736733487,90979736734007
"MEMORY_ALLOCATION","MEMORY_ALLOCATION_ALLOCATE","Agent 2",32768,"0x0000709e02fa6000",13666,90979736737047,90979736737497
"MEMORY_ALLOCATION","MEMORY_ALLOCATION_ALLOCATE","Agent 2",16384,"0x0000709e02fae000",13668,90979736740667,90979736741127
"MEMORY_ALLOCATION","MEMORY_ALLOCATION_ALLOCATE","Agent 2",8192,"0x0000709e02fb2000",13670,90979736744477,90979736745127
"MEMORY_ALLOCATION","MEMORY_ALLOCATION_ALLOCATE","Agent 2",8192,"0x0000709e02fb4000",13672,90979736750997,90979736751507
"MEMORY_ALLOCATION","MEMORY_ALLOCATION_ALLOCATE","Agent 2",16384,"0x0000709e02fb6000",13674,90979736754527,90979736755147
"MEMORY_ALLOCATION","MEMORY_ALLOCATION_ALLOCATE","Agent 2",128,"0x0000709e02fba000",13676,90979736758158,90979736758548
"MEMORY_ALLOCATION","MEMORY_ALLOCATION_ALLOCATE","Agent 2",128,"0x0000709e02fbb000",13678,90979736761608,90979736762008
"MEMORY_ALLOCATION","MEMORY_ALLOCATION_ALLOCATE","Agent 2",2097152,"0x0000709df9c00000",13680,90979736765038,90979736826599
"MEMORY_ALLOCATION","MEMORY_ALLOCATION_ALLOCATE","Agent 2",16384,"0x0000709e02fbc000",13682,90979736830959,90979736831489
"MEMORY_ALLOCATION","MEMORY_ALLOCATION_ALLOCATE","Agent 2",16384,"0x0000709e02fc0000",13684,90979736834609,90979736835179
"MEMORY_ALLOCATION","MEMORY_ALLOCATION_ALLOCATE","Agent 2",16384,"0x0000709e02fc4000",13686,90979736838439,90979736838889
"MEMORY_ALLOCATION","MEMORY_ALLOCATION_ALLOCATE","Agent 2",16384,"0x0000709e02fc8000",13688,90979736842039,90979736842549
"MEMORY_ALLOCATION","MEMORY_ALLOCATION_ALLOCATE","Agent 2",49152,"0x0000709e02fcc000",13690,90979736845809,90979736846359
"MEMORY_ALLOCATION","MEMORY_ALLOCATION_ALLOCATE","Agent 2",16384,"0x0000709e02fd8000",13692,90979736849959,90979736850459
"MEMORY_ALLOCATION","MEMORY_ALLOCATION_ALLOCATE","Agent 2",16777216,"0x0000709df8a00000",13718,90979749127014,90979749299367
"MEMORY_ALLOCATION","MEMORY_ALLOCATION_ALLOCATE","Agent 2",2097152,"0x0000709df8600000",13848,90979757431059,90979757540251
"MEMORY_ALLOCATION","MEMORY_ALLOCATION_ALLOCATE","Agent 2",64,"0x0000709e02fdc000",13866,90979762572910,90979762576500
"MEMORY_ALLOCATION","MEMORY_ALLOCATION_ALLOCATE","Agent 2",476,"0x0000709e02fdd000",13876,90979762734522,90979762736032
"MEMORY_ALLOCATION","MEMORY_ALLOCATION_ALLOCATE","Agent 2",65536,"0x0000709e02fde000",13892,90979764281129,90979764283109
"MEMORY_ALLOCATION","MEMORY_ALLOCATION_ALLOCATE","Agent 2",8192,"0x0000709e02fee000",13902,90979764456082,90979764457212
"MEMORY_ALLOCATION","MEMORY_ALLOCATION_ALLOCATE","Agent 2",64,"0x0000709e02ff0000",13912,90979764600945,90979764601905
"MEMORY_ALLOCATION","MEMORY_ALLOCATION_ALLOCATE","Agent 2",476,"0x0000709e02ff1000",13922,90979764748268,90979764749258
"MEMORY_ALLOCATION","MEMORY_ALLOCATION_ALLOCATE","Agent 2",65536,"0x0000709df8200000",13938,90979766307635,90979766411157
"MEMORY_ALLOCATION","MEMORY_ALLOCATION_ALLOCATE","Agent 2",8192,"0x0000709e02ff2000",13948,90979766580340,90979766581610
"MEMORY_ALLOCATION","MEMORY_ALLOCATION_ALLOCATE","Agent 2",64,"0x0000709e02ff4000",13958,90979766733012,90979766734052
"MEMORY_ALLOCATION","MEMORY_ALLOCATION_ALLOCATE","Agent 2",476,"0x0000709e02ff5000",13968,90979766883455,90979766884405
"MEMORY_ALLOCATION","MEMORY_ALLOCATION_ALLOCATE","Agent 2",8388608,"0x0000709df7800000",13984,90979768400102,90979768452612
"MEMORY_ALLOCATION","MEMORY_ALLOCATION_ALLOCATE","Agent 2",1048576,"0x0000709df8210000",14050,90979772637516,90979772642826
"MEMORY_ALLOCATION","MEMORY_ALLOCATION_ALLOCATE","Agent 2",64,"0x0000709e02ff6000",14060,90979773695984,90979773698304
"MEMORY_ALLOCATION","MEMORY_ALLOCATION_ALLOCATE","Agent 2",476,"0x0000709e02ff7000",14070,90979773862787,90979773863837
"MEMORY_ALLOCATION","MEMORY_ALLOCATION_ALLOCATE","Agent 2",8388608,"0x0000709df6e00000",14086,90979775421614,90979775517176
"MEMORY_ALLOCATION","MEMORY_ALLOCATION_ALLOCATE","Agent 2",2097152,"0x0000709df6a00000",14152,90979779565437,90979779657589
"MEMORY_ALLOCATION","MEMORY_ALLOCATION_ALLOCATE","Agent 2",64,"0x0000709e02ff8000",14170,90979780675976,90979780681437
"MEMORY_ALLOCATION","MEMORY_ALLOCATION_ALLOCATE","Agent 2",476,"0x0000709e02ff9000",14180,90979780842609,90979780843689
"MEMORY_ALLOCATION","MEMORY_ALLOCATION_ALLOCATE","Agent 2",25165824,"0x0000709df5000000",14196,90979782354596,90979782415017
"MEMORY_ALLOCATION","MEMORY_ALLOCATION_ALLOCATE","Agent 2",3145728,"0x0000709df4a00000",14390,90979794297615,90979794400887
"MEMORY_ALLOCATION","MEMORY_ALLOCATION_ALLOCATE","Agent 2",64,"0x0000709e02ffa000",14416,90979796220279,90979796225099
"MEMORY_ALLOCATION","MEMORY_ALLOCATION_ALLOCATE","Agent 2",476,"0x0000709e02ffb000",14426,90979796392632,90979796393792
"MEMORY_ALLOCATION","MEMORY_ALLOCATION_ALLOCATE","Agent 2",25165824,"0x0000709df3000000",14442,90979797921238,90979797993320
"MEMORY_ALLOCATION","MEMORY_ALLOCATION_ALLOCATE","Agent 2",3145728,"0x0000709df2a00000",14636,90979809553432,90979809655944
"MEMORY_ALLOCATION","MEMORY_ALLOCATION_ALLOCATE","Agent 2",64,"0x0000709e02ffc000",14662,90979823954284,90979823960064
"MEMORY_ALLOCATION","MEMORY_ALLOCATION_ALLOCATE","Agent 2",476,"0x0000709e02ffd000",14672,90979824240119,90979824241369
"MEMORY_ALLOCATION","MEMORY_ALLOCATION_ALLOCATE","Agent 2",25165824,"0x0000709df1000000",14688,90979825784566,90979825864718
"MEMORY_ALLOCATION","MEMORY_ALLOCATION_ALLOCATE","Agent 2",3145728,"0x0000709df0a00000",14882,90979838401737,90979838495039
"MEMORY_ALLOCATION","MEMORY_ALLOCATION_ALLOCATE","Agent 2",64,"0x0000709e02ffe000",14908,90979845724765,90979845730036
"MEMORY_ALLOCATION","MEMORY_ALLOCATION_ALLOCATE","Agent 2",476,"0x0000709e02fff000",14918,90979845888108,90979845889068
"MEMORY_ALLOCATION","MEMORY_ALLOCATION_ALLOCATE","Agent 2",128,"0x0000709df8310000",14928,90979846079482,90979846081192
"MEMORY_ALLOCATION","MEMORY_ALLOCATION_ALLOCATE","Agent 2",128,"0x0000709df8311000",14932,90979846097312,90979846097902
"MEMORY_ALLOCATION","MEMORY_ALLOCATION_ALLOCATE","Agent 2",16384,"0x0000709df8312000",14936,90979846110642,90979846111292
"MEMORY_ALLOCATION","MEMORY_ALLOCATION_ALLOCATE","Agent 2",16384,"0x0000709df8316000",14940,90979846128913,90979846132163
"MEMORY_ALLOCATION","MEMORY_ALLOCATION_ALLOCATE","Agent 2",512,"0x0000709df831a000",14944,90979846150923,90979846151413
"MEMORY_ALLOCATION","MEMORY_ALLOCATION_ALLOCATE","Agent 2",131072,"0x0000709df831b000",14948,90979846165653,90979846166333
"MEMORY_ALLOCATION","MEMORY_ALLOCATION_ALLOCATE","Agent 2",131072,"0x0000709df833b000",14952,90979846217214,90979846218034
"MEMORY_ALLOCATION","MEMORY_ALLOCATION_ALLOCATE","Agent 2",16384,"0x0000709df835b000",14954,90979846221314,90979846221924
"MEMORY_ALLOCATION","MEMORY_ALLOCATION_ALLOCATE","Agent 2",16384,"0x0000709df835f000",14956,90979846224954,90979846225434
"MEMORY_ALLOCATION","MEMORY_ALLOCATION_ALLOCATE","Agent 2",32768,"0x0000709df8363000",14958,90979846228324,90979846228734
"MEMORY_ALLOCATION","MEMORY_ALLOCATION_ALLOCATE","Agent 2",32768,"0x0000709df836b000",14960,90979846232064,90979846232484
"MEMORY_ALLOCATION","MEMORY_ALLOCATION_ALLOCATE","Agent 2",16384,"0x0000709df8373000",14962,90979846235564,90979846236014
"MEMORY_ALLOCATION","MEMORY_ALLOCATION_ALLOCATE","Agent 2",8192,"0x0000709df8377000",14964,90979846238994,90979846239464
"MEMORY_ALLOCATION","MEMORY_ALLOCATION_ALLOCATE","Agent 2",8192,"0x0000709df8379000",14966,90979846242655,90979846243075
"MEMORY_ALLOCATION","MEMORY_ALLOCATION_ALLOCATE","Agent 2",16384,"0x0000709df837b000",14968,90979846247375,90979846247865
"MEMORY_ALLOCATION","MEMORY_ALLOCATION_ALLOCATE","Agent 2",128,"0x0000709df837f000",14970,90979846250915,90979846251375
"MEMORY_ALLOCATION","MEMORY_ALLOCATION_ALLOCATE","Agent 2",128,"0x0000709df8380000",14972,90979846254395,90979846254815
"MEMORY_ALLOCATION","MEMORY_ALLOCATION_ALLOCATE","Agent 2",2097152,"0x0000709df0600000",14974,90979846258235,90979846325646
"MEMORY_ALLOCATION","MEMORY_ALLOCATION_ALLOCATE","Agent 2",16384,"0x0000709df8381000",14976,90979846330316,90979846330926
"MEMORY_ALLOCATION","MEMORY_ALLOCATION_ALLOCATE","Agent 2",16384,"0x0000709df8385000",14978,90979846334436,90979846334886
"MEMORY_ALLOCATION","MEMORY_ALLOCATION_ALLOCATE","Agent 2",16384,"0x0000709df8389000",14980,90979846337866,90979846338306
"MEMORY_ALLOCATION","MEMORY_ALLOCATION_ALLOCATE","Agent 2",16384,"0x0000709df838d000",14982,90979846341386,90979846341786
"MEMORY_ALLOCATION","MEMORY_ALLOCATION_ALLOCATE","Agent 2",49152,"0x0000709df8391000",14984,90979846344656,90979846345026
"MEMORY_ALLOCATION","MEMORY_ALLOCATION_ALLOCATE","Agent 2",16384,"0x0000709df839d000",14986,90979846348056,90979846348496
"MEMORY_ALLOCATION","MEMORY_ALLOCATION_ALLOCATE","Agent 2",16777216,"0x0000709def400000",15012,90979858293016,90979858391687
"MEMORY_ALLOCATION","MEMORY_ALLOCATION_ALLOCATE","Agent 2",2097152,"0x0000709def000000",15142,90979867256212,90979867352474
"MEMORY_ALLOCATION","MEMORY_ALLOCATION_ALLOCATE","Agent 2",64,"0x0000709df83a1000",15160,90979868436613,90979868440043
"MEMORY_ALLOCATION","MEMORY_ALLOCATION_ALLOCATE","Agent 2",476,"0x0000709df83a2000",15170,90979868604176,90979868605246
"MEMORY_ALLOCATION","MEMORY_ALLOCATION_ALLOCATE","Agent 2",2097152,"0x0000709deec00000",15186,90979870149933,90979870222784
"MEMORY_ALLOCATION","MEMORY_ALLOCATION_ALLOCATE","Agent 2",524288,"0x0000709dee800000",15204,90979871396455,90979871448866
"MEMORY_ALLOCATION","MEMORY_ALLOCATION_ALLOCATE","Agent 2",64,"0x0000709df83a3000",15214,90979871803712,90979871806032
"MEMORY_ALLOCATION","MEMORY_ALLOCATION_ALLOCATE","Agent 2",476,"0x0000709df83a4000",15224,90979871959975,90979871961085
"MEMORY_ALLOCATION","MEMORY_ALLOCATION_ALLOCATE","Agent 2",2097152,"0x0000709dee400000",15240,90979873468551,90979873521222
"MEMORY_ALLOCATION","MEMORY_ALLOCATION_ALLOCATE","Agent 2",524288,"0x0000709dee880000",15258,90979874630462,90979874632932
"MEMORY_ALLOCATION","MEMORY_ALLOCATION_ALLOCATE","Agent 2",64,"0x0000709df83a5000",15268,90979874967847,90979874969337
"MEMORY_ALLOCATION","MEMORY_ALLOCATION_ALLOCATE","Agent 2",476,"0x0000709df83a6000",15278,90979875163671,90979875164761
"MEMORY_ALLOCATION","MEMORY_ALLOCATION_ALLOCATE","Agent 2",8388608,"0x0000709deda00000",15294,90979876651117,90979876708738
"MEMORY_ALLOCATION","MEMORY_ALLOCATION_ALLOCATE","Agent 2",2097152,"0x0000709ded600000",15360,90979880651957,90979880738508
"MEMORY_ALLOCATION","MEMORY_ALLOCATION_ALLOCATE","Agent 2",64,"0x0000709df83a7000",15378,90979881779447,90979881783447
"MEMORY_ALLOCATION","MEMORY_ALLOCATION_ALLOCATE","Agent 2",476,"0x0000709df83a8000",15388,90979881934099,90979881935199
"MEMORY_ALLOCATION","MEMORY_ALLOCATION_ALLOCATE","Agent 2",25165824,"0x0000709debc00000",15404,90979883744891,90979883808392
"MEMORY_ALLOCATION","MEMORY_ALLOCATION_ALLOCATE","Agent 2",3145728,"0x0000709deb600000",15598,90979895968085,90979896118748
"MEMORY_ALLOCATION","MEMORY_ALLOCATION_ALLOCATE","Agent 2",64,"0x0000709df83a9000",15624,90979898115933,90979898120963
"MEMORY_ALLOCATION","MEMORY_ALLOCATION_ALLOCATE","Agent 2",476,"0x0000709df83aa000",15634,90979898275196,90979898276306
"MEMORY_ALLOCATION","MEMORY_ALLOCATION_ALLOCATE","Agent 2",25165824,"0x0000709de9c00000",15650,90979899808512,90979899885164
"MEMORY_ALLOCATION","MEMORY_ALLOCATION_ALLOCATE","Agent 2",3145728,"0x0000709de9600000",15844,90979911701671,90979911799472
"MEMORY_ALLOCATION","MEMORY_ALLOCATION_ALLOCATE","Agent 2",64,"0x0000709df83ab000",15870,90979926062752,90979926068012
"MEMORY_ALLOCATION","MEMORY_ALLOCATION_ALLOCATE","Agent 2",476,"0x0000709df83ac000",15880,90979926245175,90979926246285
"MEMORY_ALLOCATION","MEMORY_ALLOCATION_ALLOCATE","Agent 2",25165824,"0x0000709de7c00000",15896,90979927784062,90979927861404
"MEMORY_ALLOCATION","MEMORY_ALLOCATION_ALLOCATE","Agent 2",3145728,"0x0000709de7600000",16090,90979939675850,90979939776842
"MEMORY_ALLOCATION","MEMORY_ALLOCATION_ALLOCATE","Agent 2",64,"0x0000709df83ad000",16116,90979942570221,90979942574391
"MEMORY_ALLOCATION","MEMORY_ALLOCATION_ALLOCATE","Agent 2",476,"0x0000709df83ae000",16126,90979942736354,90979942737384
"MEMORY_ALLOCATION","MEMORY_ALLOCATION_ALLOCATE","Agent 2",16384,"0x0000709df83af000",16136,90979942923837,90979942925157
"MEMORY_ALLOCATION","MEMORY_ALLOCATION_ALLOCATE","Agent 2",1024,"0x0000709df83b3000",16140,90979942944558,90979942945278
"MEMORY_ALLOCATION","MEMORY_ALLOCATION_ALLOCATE","Agent 2",1024,"0x0000709df83b4000",16144,90979942959468,90979942960238
"MEMORY_ALLOCATION","MEMORY_ALLOCATION_ALLOCATE","Agent 2",16384,"0x0000709df83b5000",16148,90979942973098,90979942973728
"MEMORY_ALLOCATION","MEMORY_ALLOCATION_ALLOCATE","Agent 2",64,"0x0000709df83b9000",16152,90979942989079,90979942989639
"MEMORY_ALLOCATION","MEMORY_ALLOCATION_ALLOCATE","Agent 2",16384,"0x0000709df83ba000",16154,90979942993129,90979942993659
"MEMORY_ALLOCATION","MEMORY_ALLOCATION_ALLOCATE","Agent 2",16384,"0x0000709df83be000",16156,90979942996779,90979942997379
"MEMORY_ALLOCATION","MEMORY_ALLOCATION_ALLOCATE","Agent 2",32768,"0x0000709df83c2000",16158,90979943039719,90979943040529
"MEMORY_ALLOCATION","MEMORY_ALLOCATION_ALLOCATE","Agent 2",16384,"0x0000709df83ca000",16160,90979943043779,90979943044299
"MEMORY_ALLOCATION","MEMORY_ALLOCATION_ALLOCATE","Agent 2",4096,"0x0000709df83ce000",16162,90979943047400,90979943047880
"MEMORY_ALLOCATION","MEMORY_ALLOCATION_ALLOCATE","Agent 2",4096,"0x0000709df83cf000",16164,90979943050890,90979943051310
"MEMORY_ALLOCATION","MEMORY_ALLOCATION_ALLOCATE","Agent 2",16384,"0x0000709df83d0000",16166,90979943054450,90979943054850
"MEMORY_ALLOCATION","MEMORY_ALLOCATION_ALLOCATE","Agent 2",4096,"0x0000709df83d4000",16168,90979943057850,90979943058340
"MEMORY_ALLOCATION","MEMORY_ALLOCATION_ALLOCATE","Agent 2",16384,"0x0000709df83d5000",16170,90979943061490,90979943061970
"MEMORY_ALLOCATION","MEMORY_ALLOCATION_ALLOCATE","Agent 2",4096,"0x0000709df83d9000",16172,90979943065020,90979943065420
"MEMORY_ALLOCATION","MEMORY_ALLOCATION_ALLOCATE","Agent 2",16777216,"0x0000709de6400000",16174,90979943068510,90979943138671
"MEMORY_ALLOCATION","MEMORY_ALLOCATION_ALLOCATE","Agent 2",16777216,"0x0000709de5200000",16176,90979943143611,90979943175452
"MEMORY_ALLOCATION","MEMORY_ALLOCATION_ALLOCATE","Agent 2",16384,"0x0000709df83da000",16178,90979943179212,90979943179902
"MEMORY_ALLOCATION","MEMORY_ALLOCATION_ALLOCATE","Agent 2",16384,"0x0000709df83de000",16180,90979943183262,90979943183882
"MEMORY_ALLOCATION","MEMORY_ALLOCATION_ALLOCATE","Agent 2",16384,"0x0000709df83e2000",16182,90979943188132,90979943188712
"MEMORY_ALLOCATION","MEMORY_ALLOCATION_ALLOCATE","Agent 2",16384,"0x0000709df83e6000",16184,90979943192152,90979943192622
"MEMORY_ALLOCATION","MEMORY_ALLOCATION_ALLOCATE","Agent 2",49152,"0x0000709df83ea000",16186,90979943195692,90979943196112
"MEMORY_ALLOCATION","MEMORY_ALLOCATION_ALLOCATE","Agent 2",16384,"0x0000709df83f6000",16188,90979943199182,90979943199682
"MEMORY_ALLOCATION","MEMORY_ALLOCATION_ALLOCATE","Agent 2",528384,"0x0000709dee900000",16190,90979943203942,90979943205172
"MEMORY_ALLOCATION","MEMORY_ALLOCATION_ALLOCATE","Agent 2",16777216,"0x0000709de4000000",16212,90979993674436,90979993816418
"MEMORY_ALLOCATION","MEMORY_ALLOCATION_ALLOCATE","Agent 2",2097152,"0x0000709de3c00000",16342,90980002556151,90980002663843
"MEMORY_ALLOCATION","MEMORY_ALLOCATION_ALLOCATE","Agent 2",64,"0x0000709df83fa000",16360,90980004684099,90980004688089
"MEMORY_ALLOCATION","MEMORY_ALLOCATION_ALLOCATE","Agent 2",476,"0x0000709df83fb000",16370,90980004851152,90980004852292
"MEMORY_ALLOCATION","MEMORY_ALLOCATION_ALLOCATE","Agent 2",65536,"0x0000709dee981000",16386,90980006414649,90980006417239
"MEMORY_ALLOCATION","MEMORY_ALLOCATION_ALLOCATE","Agent 2",8192,"0x0000709df83fc000",16396,90980006591962,90980006593502
"MEMORY_ALLOCATION","MEMORY_ALLOCATION_ALLOCATE","Agent 2",64,"0x0000709df83fe000",16406,90980006739485,90980006740775
"MEMORY_ALLOCATION","MEMORY_ALLOCATION_ALLOCATE","Agent 2",476,"0x0000709df83ff000",16416,90980006884807,90980006885687
"MEMORY_ALLOCATION","MEMORY_ALLOCATION_ALLOCATE","Agent 2",65536,"0x0000709dee991000",16432,90980008407564,90980008408984
"MEMORY_ALLOCATION","MEMORY_ALLOCATION_ALLOCATE","Agent 2",8192,"0x0000709dee9a1000",16442,90980008575387,90980008576587
"MEMORY_ALLOCATION","MEMORY_ALLOCATION_ALLOCATE","Agent 2",64,"0x0000709dee9a3000",16452,90980008935433,90980008936613
"MEMORY_ALLOCATION","MEMORY_ALLOCATION_ALLOCATE","Agent 2",476,"0x0000709dee9a4000",16462,90980009119726,90980009120796
"MEMORY_ALLOCATION","MEMORY_ALLOCATION_ALLOCATE","Agent 2",8388608,"0x0000709de3200000",16478,90980010591282,90980010657853
"MEMORY_ALLOCATION","MEMORY_ALLOCATION_ALLOCATE","Agent 2",1048576,"0x0000709de2e00000",16544,90980014989189,90980015077921
"MEMORY_ALLOCATION","MEMORY_ALLOCATION_ALLOCATE","Agent 2",64,"0x0000709dee9a5000",16554,90980015628930,90980015631610
"MEMORY_ALLOCATION","MEMORY_ALLOCATION_ALLOCATE","Agent 2",476,"0x0000709dee9a6000",16564,90980015787373,90980015788603
"MEMORY_ALLOCATION","MEMORY_ALLOCATION_ALLOCATE","Agent 2",8388608,"0x0000709de2400000",16580,90980017333710,90980017389441
"MEMORY_ALLOCATION","MEMORY_ALLOCATION_ALLOCATE","Agent 2",2097152,"0x0000709de2000000",16646,90980021430032,90980021519194
"MEMORY_ALLOCATION","MEMORY_ALLOCATION_ALLOCATE","Agent 2",64,"0x0000709dee9a7000",16664,90980022551272,90980022554492
"MEMORY_ALLOCATION","MEMORY_ALLOCATION_ALLOCATE","Agent 2",476,"0x0000709dee9a8000",16674,90980022711624,90980022712754
"MEMORY_ALLOCATION","MEMORY_ALLOCATION_ALLOCATE","Agent 2",25165824,"0x0000709de0600000",16690,90980024260082,90980024323443
"MEMORY_ALLOCATION","MEMORY_ALLOCATION_ALLOCATE","Agent 2",3145728,"0x0000709de0000000",16884,90980035832264,90980035935246
"MEMORY_ALLOCATION","MEMORY_ALLOCATION_ALLOCATE","Agent 2",64,"0x0000709dee9a9000",16910,90980037416222,90980037419692
"MEMORY_ALLOCATION","MEMORY_ALLOCATION_ALLOCATE","Agent 2",476,"0x0000709dee9aa000",16920,90980037576305,90980037577345
"MEMORY_ALLOCATION","MEMORY_ALLOCATION_ALLOCATE","Agent 2",25165824,"0x0000709dde600000",16936,90980039324295,90980039405077
"MEMORY_ALLOCATION","MEMORY_ALLOCATION_ALLOCATE","Agent 2",3145728,"0x0000709dde000000",17130,90980050781786,90980050881788
"MEMORY_ALLOCATION","MEMORY_ALLOCATION_ALLOCATE","Agent 2",64,"0x0000709dee9ab000",17156,90980065703317,90980065710027
"MEMORY_ALLOCATION","MEMORY_ALLOCATION_ALLOCATE","Agent 2",476,"0x0000709dee9ac000",17166,90980065880840,90980065881930
"MEMORY_ALLOCATION","MEMORY_ALLOCATION_ALLOCATE","Agent 2",25165824,"0x0000709ddc600000",17182,90980067449388,90980067547689
"MEMORY_ALLOCATION","MEMORY_ALLOCATION_ALLOCATE","Agent 2",3145728,"0x0000709ddc000000",17376,90980079514949,90980079612841
"MEMORY_ALLOCATION","MEMORY_ALLOCATION_ALLOCATE","Agent 2",64,"0x0000709dee9ad000",17402,90980081694567,90980081698627
"MEMORY_ALLOCATION","MEMORY_ALLOCATION_ALLOCATE","Agent 2",476,"0x0000709dee9ae000",17412,90980081854820,90980081855800
"MEMORY_ALLOCATION","MEMORY_ALLOCATION_ALLOCATE","Agent 2",128,"0x0000709dee9af000",17422,90980082094694,90980082095704
"MEMORY_ALLOCATION","MEMORY_ALLOCATION_ALLOCATE","Agent 2",128,"0x0000709dee9b0000",17426,90980082111784,90980082112304
"MEMORY_ALLOCATION","MEMORY_ALLOCATION_ALLOCATE","Agent 2",16384,"0x0000709dee9b1000",17430,90980082126165,90980082126845
"MEMORY_ALLOCATION","MEMORY_ALLOCATION_ALLOCATE","Agent 2",16384,"0x0000709dee9b5000",17434,90980082144565,90980082145165
"MEMORY_ALLOCATION","MEMORY_ALLOCATION_ALLOCATE","Agent 2",512,"0x0000709dee9b9000",17438,90980082164265,90980082165345
"MEMORY_ALLOCATION","MEMORY_ALLOCATION_ALLOCATE","Agent 2",131072,"0x0000709dee9ba000",17442,90980082182236,90980082183096
"MEMORY_ALLOCATION","MEMORY_ALLOCATION_ALLOCATE","Agent 2",131072,"0x0000709dee9da000",17446,90980082234417,90980082235227
"MEMORY_ALLOCATION","MEMORY_ALLOCATION_ALLOCATE","Agent 2",16384,"0x0000709dee9fa000",17448,90980082239527,90980082240087
"MEMORY_ALLOCATION","MEMORY_ALLOCATION_ALLOCATE","Agent 2",16384,"0x0000709de2f00000",17450,90980082243327,90980082244537
"MEMORY_ALLOCATION","MEMORY_ALLOCATION_ALLOCATE","Agent 2",32768,"0x0000709de2f04000",17452,90980082248277,90980082248887
"MEMORY_ALLOCATION","MEMORY_ALLOCATION_ALLOCATE","Agent 2",32768,"0x0000709de2f0c000",17454,90980082251897,90980082252437
"MEMORY_ALLOCATION","MEMORY_ALLOCATION_ALLOCATE","Agent 2",16384,"0x0000709de2f14000",17456,90980082256627,90980082257027
"MEMORY_ALLOCATION","MEMORY_ALLOCATION_ALLOCATE","Agent 2",8192,"0x0000709dee9fe000",17458,90980082260027,90980082260477
"MEMORY_ALLOCATION","MEMORY_ALLOCATION_ALLOCATE","Agent 2",8192,"0x0000709de2f18000",17460,90980082263597,90980082264137
"MEMORY_ALLOCATION","MEMORY_ALLOCATION_ALLOCATE","Agent 2",16384,"0x0000709de2f1a000",17462,90980082267157,90980082267587
"MEMORY_ALLOCATION","MEMORY_ALLOCATION_ALLOCATE","Agent 2",128,"0x0000709de2f1e000",17464,90980082270517,90980082270967
"MEMORY_ALLOCATION","MEMORY_ALLOCATION_ALLOCATE","Agent 2",128,"0x0000709de2f1f000",17466,90980082274007,90980082274437
"MEMORY_ALLOCATION","MEMORY_ALLOCATION_ALLOCATE","Agent 2",2097152,"0x0000709ddbc00000",17468,90980082277617,90980082346159
"MEMORY_ALLOCATION","MEMORY_ALLOCATION_ALLOCATE","Agent 2",16384,"0x0000709de2f20000",17470,90980082351669,90980082352249
"MEMORY_ALLOCATION","MEMORY_ALLOCATION_ALLOCATE","Agent 2",16384,"0x0000709de2f24000",17472,90980082355349,90980082355809
"MEMORY_ALLOCATION","MEMORY_ALLOCATION_ALLOCATE","Agent 2",16384,"0x0000709de2f28000",17474,90980082358879,90980082359309
"MEMORY_ALLOCATION","MEMORY_ALLOCATION_ALLOCATE","Agent 2",16384,"0x0000709de2f2c000",17476,90980082362289,90980082362699
"MEMORY_ALLOCATION","MEMORY_ALLOCATION_ALLOCATE","Agent 2",49152,"0x0000709de2f30000",17478,90980082376599,90980082377079
"MEMORY_ALLOCATION","MEMORY_ALLOCATION_ALLOCATE","Agent 2",16384,"0x0000709de2f3c000",17480,90980082380059,90980082380489
"MEMORY_ALLOCATION","MEMORY_ALLOCATION_ALLOCATE","Agent 2",16777216,"0x0000709ddaa00000",17506,90980095254194,90980095315276
"MEMORY_ALLOCATION","MEMORY_ALLOCATION_ALLOCATE","Agent 2",2097152,"0x0000709dda600000",17636,90980103494179,90980103597931
"MEMORY_ALLOCATION","MEMORY_ALLOCATION_ALLOCATE","Agent 2",64,"0x0000709de2f40000",17654,90980108579798,90980108584458
"MEMORY_ALLOCATION","MEMORY_ALLOCATION_ALLOCATE","Agent 2",476,"0x0000709de2f41000",17664,90980108747331,90980108748341
"MEMORY_ALLOCATION","MEMORY_ALLOCATION_ALLOCATE","Agent 2",65536,"0x0000709de2f42000",17680,90980110324928,90980110326548
"MEMORY_ALLOCATION","MEMORY_ALLOCATION_ALLOCATE","Agent 2",8192,"0x0000709de2f52000",17690,90980110502451,90980110503632
"MEMORY_ALLOCATION","MEMORY_ALLOCATION_ALLOCATE","Agent 2",64,"0x0000709de2f54000",17700,90980110656394,90980110657424
"MEMORY_ALLOCATION","MEMORY_ALLOCATION_ALLOCATE","Agent 2",476,"0x0000709de2f55000",17710,90980110816697,90980110817797
"MEMORY_ALLOCATION","MEMORY_ALLOCATION_ALLOCATE","Agent 2",65536,"0x0000709de2f56000",17726,90980112330334,90980112331644
"MEMORY_ALLOCATION","MEMORY_ALLOCATION_ALLOCATE","Agent 2",8192,"0x0000709de2f66000",17736,90980112502817,90980112503817
"MEMORY_ALLOCATION","MEMORY_ALLOCATION_ALLOCATE","Agent 2",64,"0x0000709de2f68000",17746,90980112668369,90980112669269
"MEMORY_ALLOCATION","MEMORY_ALLOCATION_ALLOCATE","Agent 2",476,"0x0000709de2f69000",17756,90980112823412,90980112824312
"MEMORY_ALLOCATION","MEMORY_ALLOCATION_ALLOCATE","Agent 2",8388608,"0x0000709dd9c00000",17772,90980114331329,90980114419420
"MEMORY_ALLOCATION","MEMORY_ALLOCATION_ALLOCATE","Agent 2",1048576,"0x0000709dd9800000",17838,90980118777096,90980118855108
"MEMORY_ALLOCATION","MEMORY_ALLOCATION_ALLOCATE","Agent 2",64,"0x0000709de2f6a000",17848,90980120473146,90980120475896
"MEMORY_ALLOCATION","MEMORY_ALLOCATION_ALLOCATE","Agent 2",476,"0x0000709de2f6b000",17858,90980120921134,90980120923524
"MEMORY_ALLOCATION","MEMORY_ALLOCATION_ALLOCATE","Agent 2",8388608,"0x0000709dd8e00000",17874,90980122530132,90980122605653
"MEMORY_ALLOCATION","MEMORY_ALLOCATION_ALLOCATE","Agent 2",2097152,"0x0000709dd8a00000",17940,90980127633581,90980127729653
"MEMORY_ALLOCATION","MEMORY_ALLOCATION_ALLOCATE","Agent 2",64,"0x0000709de2f6c000",17958,90980128778872,90980128782422
"MEMORY_ALLOCATION","MEMORY_ALLOCATION_ALLOCATE","Agent 2",476,"0x0000709de2f6d000",17968,90980128934644,90980128935564
"MEMORY_ALLOCATION","MEMORY_ALLOCATION_ALLOCATE","Agent 2",25165824,"0x0000709dd7000000",17984,90980130488851,90980130560213
"MEMORY_ALLOCATION","MEMORY_ALLOCATION_ALLOCATE","Agent 2",3145728,"0x0000709dd6a00000",18178,90980142129875,90980142241847
"MEMORY_ALLOCATION","MEMORY_ALLOCATION_ALLOCATE","Agent 2",64,"0x0000709de2f6e000",18204,90980144719951,90980144728161
"MEMORY_ALLOCATION","MEMORY_ALLOCATION_ALLOCATE","Agent 2",476,"0x0000709de2f6f000",18214,90980144894124,90980144895544
"MEMORY_ALLOCATION","MEMORY_ALLOCATION_ALLOCATE","Agent 2",25165824,"0x0000709dd5000000",18230,90980146597624,90980146696085
"MEMORY_ALLOCATION","MEMORY_ALLOCATION_ALLOCATE","Agent 2",3145728,"0x0000709dd4a00000",18424,90980159959127,90980160084360
"MEMORY_ALLOCATION","MEMORY_ALLOCATION_ALLOCATE","Agent 2",64,"0x0000709de2f70000",18450,90980174524012,90980174530943
"MEMORY_ALLOCATION","MEMORY_ALLOCATION_ALLOCATE","Agent 2",476,"0x0000709de2f71000",18460,90980174721066,90980174722176
"MEMORY_ALLOCATION","MEMORY_ALLOCATION_ALLOCATE","Agent 2",25165824,"0x0000709dd3000000",18476,90980176304874,90980176401395
"MEMORY_ALLOCATION","MEMORY_ALLOCATION_ALLOCATE","Agent 2",3145728,"0x0000709dd2a00000",18670,90980188535518,90980188641690
"MEMORY_ALLOCATION","MEMORY_ALLOCATION_ALLOCATE","Agent 2",64,"0x0000709de2f72000",18696,90980190134216,90980190139136
"MEMORY_ALLOCATION","MEMORY_ALLOCATION_ALLOCATE","Agent 2",476,"0x0000709de2f73000",18706,90980190302659,90980190303839
"MEMORY_ALLOCATION","MEMORY_ALLOCATION_ALLOCATE","Agent 2",128,"0x0000709de2f74000",18716,90980190482702,90980190483892
"MEMORY_ALLOCATION","MEMORY_ALLOCATION_ALLOCATE","Agent 2",128,"0x0000709de2f75000",18720,90980190498852,90980190499542
"MEMORY_ALLOCATION","MEMORY_ALLOCATION_ALLOCATE","Agent 2",16384,"0x0000709de2f76000",18724,90980190512192,90980190512862
"MEMORY_ALLOCATION","MEMORY_ALLOCATION_ALLOCATE","Agent 2",16384,"0x0000709de2f7a000",18728,90980190533713,90980190534873
"MEMORY_ALLOCATION","MEMORY_ALLOCATION_ALLOCATE","Agent 2",512,"0x0000709de2f7e000",18732,90980190552153,90980190553083
"MEMORY_ALLOCATION","MEMORY_ALLOCATION_ALLOCATE","Agent 2",131072,"0x0000709de2f7f000",18736,90980190565743,90980190566493
"MEMORY_ALLOCATION","MEMORY_ALLOCATION_ALLOCATE","Agent 2",131072,"0x0000709de2f9f000",18740,90980190619724,90980190620694
"MEMORY_ALLOCATION","MEMORY_ALLOCATION_ALLOCATE","Agent 2",16384,"0x0000709de2fbf000",18742,90980190624284,90980190624734
"MEMORY_ALLOCATION","MEMORY_ALLOCATION_ALLOCATE","Agent 2",16384,"0x0000709de2fc3000",18744,90980190627814,90980190628384
"MEMORY_ALLOCATION","MEMORY_ALLOCATION_ALLOCATE","Agent 2",32768,"0x0000709de2fc7000",18746,90980190631605,90980190632065
"MEMORY_ALLOCATION","MEMORY_ALLOCATION_ALLOCATE","Agent 2",32768,"0x0000709de2fcf000",18748,90980190635175,90980190635665
"MEMORY_ALLOCATION","MEMORY_ALLOCATION_ALLOCATE","Agent 2",16384,"0x0000709de2fd7000",18750,90980190638555,90980190639035
"MEMORY_ALLOCATION","MEMORY_ALLOCATION_ALLOCATE","Agent 2",8192,"0x0000709de2fdb000",18752,90980190642105,90980190642555
"MEMORY_ALLOCATION","MEMORY_ALLOCATION_ALLOCATE","Agent 2",8192,"0x0000709de2fdd000",18754,90980190659975,90980190660515
"MEMORY_ALLOCATION","MEMORY_ALLOCATION_ALLOCATE","Agent 2",16384,"0x0000709de2fdf000",18756,90980190663435,90980190663865
"MEMORY_ALLOCATION","MEMORY_ALLOCATION_ALLOCATE","Agent 2",128,"0x0000709de2fe3000",18758,90980190666805,90980190667335
"MEMORY_ALLOCATION","MEMORY_ALLOCATION_ALLOCATE","Agent 2",128,"0x0000709de2fe4000",18760,90980190670535,90980190670975
"MEMORY_ALLOCATION","MEMORY_ALLOCATION_ALLOCATE","Agent 2",2097152,"0x0000709dd2600000",18762,90980190674105,90980190732296
"MEMORY_ALLOCATION","MEMORY_ALLOCATION_ALLOCATE","Agent 2",16384,"0x0000709de2fe5000",18764,90980190736466,90980190737226
"MEMORY_ALLOCATION","MEMORY_ALLOCATION_ALLOCATE","Agent 2",16384,"0x0000709de2fe9000",18766,90980190740496,90980190740986
"MEMORY_ALLOCATION","MEMORY_ALLOCATION_ALLOCATE","Agent 2",16384,"0x0000709de2fed000",18768,90980190743816,90980190744247
"MEMORY_ALLOCATION","MEMORY_ALLOCATION_ALLOCATE","Agent 2",16384,"0x0000709de2ff1000",18770,90980190747177,90980190747597
"MEMORY_ALLOCATION","MEMORY_ALLOCATION_ALLOCATE","Agent 2",49152,"0x0000709dd9900000",18772,90980190750437,90980190751507
"MEMORY_ALLOCATION","MEMORY_ALLOCATION_ALLOCATE","Agent 2",16384,"0x0000709de2ff5000",18774,90980190754847,90980190755397
"MEMORY_ALLOCATION","MEMORY_ALLOCATION_ALLOCATE","Agent 2",16777216,"0x0000709dd1400000",18800,90980203079752,90980203156924
"MEMORY_ALLOCATION","MEMORY_ALLOCATION_ALLOCATE","Agent 2",2097152,"0x0000709dd1000000",18930,90980212100750,90980212194962
"MEMORY_ALLOCATION","MEMORY_ALLOCATION_ALLOCATE","Agent 2",64,"0x0000709de2ff9000",18948,90980214683906,90980214688896
"MEMORY_ALLOCATION","MEMORY_ALLOCATION_ALLOCATE","Agent 2",476,"0x0000709de2ffa000",18958,90980214857159,90980214858329
"MEMORY_ALLOCATION","MEMORY_ALLOCATION_ALLOCATE","Agent 2",65536,"0x0000709dd990c000",18974,90980216428036,90980216430086
"MEMORY_ALLOCATION","MEMORY_ALLOCATION_ALLOCATE","Agent 2",8192,"0x0000709de2ffb000",18984,90980216615289,90980216616929
"MEMORY_ALLOCATION","MEMORY_ALLOCATION_ALLOCATE","Agent 2",64,"0x0000709de2ffd000",18994,90980216774632,90980216775602
"MEMORY_ALLOCATION","MEMORY_ALLOCATION_ALLOCATE","Agent 2",476,"0x0000709de2ffe000",19004,90980216925555,90980216926515
"MEMORY_ALLOCATION","MEMORY_ALLOCATION_ALLOCATE","Agent 2",65536,"0x0000709dd991c000",19020,90980218399371,90980218400701
"MEMORY_ALLOCATION","MEMORY_ALLOCATION_ALLOCATE","Agent 2",8192,"0x0000709dd992c000",19030,90980218583134,90980218584274
"MEMORY_ALLOCATION","MEMORY_ALLOCATION_ALLOCATE","Agent 2",64,"0x0000709de2fff000",19040,90980218742097,90980218743147
"MEMORY_ALLOCATION","MEMORY_ALLOCATION_ALLOCATE","Agent 2",476,"0x0000709dd992e000",19050,90980218903470,90980218904510
"MEMORY_ALLOCATION","MEMORY_ALLOCATION_ALLOCATE","Agent 2",8388608,"0x0000709dd0600000",19066,90980220377835,90980220447667
"MEMORY_ALLOCATION","MEMORY_ALLOCATION_ALLOCATE","Agent 2",1048576,"0x0000709dd0200000",19132,90980224473187,90980224564349
"MEMORY_ALLOCATION","MEMORY_ALLOCATION_ALLOCATE","Agent 2",64,"0x0000709dd992f000",19142,90980225142299,90980225145139
"MEMORY_ALLOCATION","MEMORY_ALLOCATION_ALLOCATE","Agent 2",476,"0x0000709dd9930000",19152,90980225312402,90980225313712
"MEMORY_ALLOCATION","MEMORY_ALLOCATION_ALLOCATE","Agent 2",8388608,"0x0000709dcf800000",19168,90980226814908,90980226876539
"MEMORY_ALLOCATION","MEMORY_ALLOCATION_ALLOCATE","Agent 2",2097152,"0x0000709dcf400000",19234,90980231153734,90980231253916
"MEMORY_ALLOCATION","MEMORY_ALLOCATION_ALLOCATE","Agent 2",64,"0x0000709dd9931000",19252,90980232603619,90980232607810
"MEMORY_ALLOCATION","MEMORY_ALLOCATION_ALLOCATE","Agent 2",476,"0x0000709dd9932000",19262,90980232812483,90980232813783
"MEMORY_ALLOCATION","MEMORY_ALLOCATION_ALLOCATE","Agent 2",25165824,"0x0000709dcda00000",19278,90980234376791,90980234494433
"MEMORY_ALLOCATION","MEMORY_ALLOCATION_ALLOCATE","Agent 2",3145728,"0x0000709dcd400000",19472,90980246576574,90980246688336
"MEMORY_ALLOCATION","MEMORY_ALLOCATION_ALLOCATE","Agent 2",64,"0x0000709dd9933000",19498,90980248319325,90980248323105
"MEMORY_ALLOCATION","MEMORY_ALLOCATION_ALLOCATE","Agent 2",476,"0x0000709dd9934000",19508,90980248510238,90980248511478
"MEMORY_ALLOCATION","MEMORY_ALLOCATION_ALLOCATE","Agent 2",25165824,"0x0000709dcba00000",19524,90980250074545,90980250146137
"MEMORY_ALLOCATION","MEMORY_ALLOCATION_ALLOCATE","Agent 2",3145728,"0x0000709dcb400000",19718,90980261752790,90980261863202
"MEMORY_ALLOCATION","MEMORY_ALLOCATION_ALLOCATE","Agent 2",64,"0x0000709dd9935000",19744,90980273520766,90980273525176
"MEMORY_ALLOCATION","MEMORY_ALLOCATION_ALLOCATE","Agent 2",476,"0x0000709dd9936000",19754,90980273707869,90980273708989
"MEMORY_ALLOCATION","MEMORY_ALLOCATION_ALLOCATE","Agent 2",25165824,"0x0000709dc9a00000",19770,90980275228636,90980275312827
"MEMORY_ALLOCATION","MEMORY_ALLOCATION_ALLOCATE","Agent 2",3145728,"0x0000709dc9400000",19964,90980287403979,90980287504601
"MEMORY_ALLOCATION","MEMORY_ALLOCATION_ALLOCATE","Agent 2",64,"0x0000709dd9937000",19990,90980289049138,90980289053508
"MEMORY_ALLOCATION","MEMORY_ALLOCATION_ALLOCATE","Agent 2",476,"0x0000709dd9938000",20000,90980289239001,90980289240241
"MEMORY_ALLOCATION","MEMORY_ALLOCATION_ALLOCATE","Agent 2",128,"0x0000709dd9939000",20010,90980289423914,90980289425134
"MEMORY_ALLOCATION","MEMORY_ALLOCATION_ALLOCATE","Agent 2",128,"0x0000709dd993a000",20014,90980289440335,90980289441035
"MEMORY_ALLOCATION","MEMORY_ALLOCATION_ALLOCATE","Agent 2",16384,"0x0000709dd993b000",20018,90980289455545,90980289456225
"MEMORY_ALLOCATION","MEMORY_ALLOCATION_ALLOCATE","Agent 2",16384,"0x0000709dd993f000",20022,90980289488755,90980289489645
"MEMORY_ALLOCATION","MEMORY_ALLOCATION_ALLOCATE","Agent 2",512,"0x0000709dd9943000",20026,90980289506486,90980289507156
"MEMORY_ALLOCATION","MEMORY_ALLOCATION_ALLOCATE","Agent 2",131072,"0x0000709dd9944000",20030,90980289520696,90980289521256
"MEMORY_ALLOCATION","MEMORY_ALLOCATION_ALLOCATE","Agent 2",131072,"0x0000709dd9964000",20034,90980289571487,90980289572237
"MEMORY_ALLOCATION","MEMORY_ALLOCATION_ALLOCATE","Agent 2",16384,"0x0000709dd9984000",20036,90980289576337,90980289576897
"MEMORY_ALLOCATION","MEMORY_ALLOCATION_ALLOCATE","Agent 2",16384,"0x0000709dd9988000",20038,90980289580117,90980289580647
"MEMORY_ALLOCATION","MEMORY_ALLOCATION_ALLOCATE","Agent 2",32768,"0x0000709dd998c000",20040,90980289583727,90980289584197
"MEMORY_ALLOCATION","MEMORY_ALLOCATION_ALLOCATE","Agent 2",32768,"0x0000709dd9994000",20042,90980289587647,90980289588067
"MEMORY_ALLOCATION","MEMORY_ALLOCATION_ALLOCATE","Agent 2",16384,"0x0000709dd999c000",20044,90980289591097,90980289591537
"MEMORY_ALLOCATION","MEMORY_ALLOCATION_ALLOCATE","Agent 2",8192,"0x0000709dd99a0000",20046,90980289594817,90980289595247
"MEMORY_ALLOCATION","MEMORY_ALLOCATION_ALLOCATE","Agent 2",8192,"0x0000709dd99a2000",20048,90980289601047,90980289601567
"MEMORY_ALLOCATION","MEMORY_ALLOCATION_ALLOCATE","Agent 2",16384,"0x0000709dd99a4000",20050,90980289604547,90980289605027
"MEMORY_ALLOCATION","MEMORY_ALLOCATION_ALLOCATE","Agent 2",128,"0x0000709dd99a8000",20052,90980289608018,90980289608488
"MEMORY_ALLOCATION","MEMORY_ALLOCATION_ALLOCATE","Agent 2",128,"0x0000709dd99a9000",20054,90980289611488,90980289611948
"MEMORY_ALLOCATION","MEMORY_ALLOCATION_ALLOCATE","Agent 2",2097152,"0x0000709dc9000000",20056,90980289614978,90980289670399
"MEMORY_ALLOCATION","MEMORY_ALLOCATION_ALLOCATE","Agent 2",16384,"0x0000709dd99aa000",20058,90980289675309,90980289675989
"MEMORY_ALLOCATION","MEMORY_ALLOCATION_ALLOCATE","Agent 2",16384,"0x0000709dd99ae000",20060,90980289679249,90980289679719
"MEMORY_ALLOCATION","MEMORY_ALLOCATION_ALLOCATE","Agent 2",16384,"0x0000709dd99b2000",20062,90980289682769,90980289683229
"MEMORY_ALLOCATION","MEMORY_ALLOCATION_ALLOCATE","Agent 2",16384,"0x0000709dd99b6000",20064,90980289686269,90980289686759
"MEMORY_ALLOCATION","MEMORY_ALLOCATION_ALLOCATE","Agent 2",49152,"0x0000709dd99ba000",20066,90980289690009,90980289690439
"MEMORY_ALLOCATION","MEMORY_ALLOCATION_ALLOCATE","Agent 2",16384,"0x0000709dd99c6000",20068,90980289693489,90980289693909
"MEMORY_ALLOCATION","MEMORY_ALLOCATION_ALLOCATE","Agent 2",16777216,"0x0000709dc7e00000",20094,90980301863622,90980301921333
"MEMORY_ALLOCATION","MEMORY_ALLOCATION_ALLOCATE","Agent 2",2097152,"0x0000709dc7a00000",20224,90980310538944,90980310650556
"MEMORY_ALLOCATION","MEMORY_ALLOCATION_ALLOCATE","Agent 2",64,"0x0000709dd99ca000",20242,90980311730595,90980311734735
"MEMORY_ALLOCATION","MEMORY_ALLOCATION_ALLOCATE","Agent 2",476,"0x0000709dd99cb000",20252,90980311920848,90980311921908
"MEMORY_ALLOCATION","MEMORY_ALLOCATION_ALLOCATE","Agent 2",2097152,"0x0000709dc7600000",20268,90980313498596,90980313571457
"MEMORY_ALLOCATION","MEMORY_ALLOCATION_ALLOCATE","Agent 2",524288,"0x0000709dd0300000",20286,90980314749418,90980314751808
"MEMORY_ALLOCATION","MEMORY_ALLOCATION_ALLOCATE","Agent 2",64,"0x0000709dd99cc000",20296,90980315147285,90980315149095
"MEMORY_ALLOCATION","MEMORY_ALLOCATION_ALLOCATE","Agent 2",476,"0x0000709dd99cd000",20306,90980315626613,90980315628893
"MEMORY_ALLOCATION","MEMORY_ALLOCATION_ALLOCATE","Agent 2",2097152,"0x0000709dc7200000",20322,90980317158600,90980317240141
"MEMORY_ALLOCATION","MEMORY_ALLOCATION_ALLOCATE","Agent 2",524288,"0x0000709dd0380000",20340,90980318462583,90980318464493
"MEMORY_ALLOCATION","MEMORY_ALLOCATION_ALLOCATE","Agent 2",64,"0x0000709dd99ce000",20350,90980318831619,90980318833639
"MEMORY_ALLOCATION","MEMORY_ALLOCATION_ALLOCATE","Agent 2",476,"0x0000709dd99cf000",20360,90980318998672,90980319005342
"MEMORY_ALLOCATION","MEMORY_ALLOCATION_ALLOCATE","Agent 2",8388608,"0x0000709dc6800000",20376,90980320490258,90980320561409
"MEMORY_ALLOCATION","MEMORY_ALLOCATION_ALLOCATE","Agent 2",2097152,"0x0000709dc6400000",20442,90980324505539,90980324585430
"MEMORY_ALLOCATION","MEMORY_ALLOCATION_ALLOCATE","Agent 2",64,"0x0000709dd99d0000",20460,90980325547417,90980325551927
"MEMORY_ALLOCATION","MEMORY_ALLOCATION_ALLOCATE","Agent 2",476,"0x0000709dd99d1000",20470,90980325704980,90980325706030
"MEMORY_ALLOCATION","MEMORY_ALLOCATION_ALLOCATE","Agent 2",25165824,"0x0000709dc4a00000",20486,90980327229926,90980327295307
"MEMORY_ALLOCATION","MEMORY_ALLOCATION_ALLOCATE","Agent 2",3145728,"0x0000709dc4400000",20680,90980338952371,90980339094864
"MEMORY_ALLOCATION","MEMORY_ALLOCATION_ALLOCATE","Agent 2",64,"0x0000709dd99d2000",20706,90980340604650,90980340609960
"MEMORY_ALLOCATION","MEMORY_ALLOCATION_ALLOCATE","Agent 2",476,"0x0000709dd99d3000",20716,90980340978897,90980340979937
"MEMORY_ALLOCATION","MEMORY_ALLOCATION_ALLOCATE","Agent 2",25165824,"0x0000709dc2a00000",20732,90980342546984,90980342637436
"MEMORY_ALLOCATION","MEMORY_ALLOCATION_ALLOCATE","Agent 2",3145728,"0x0000709dc2400000",20926,90980354696917,90980354798919
"MEMORY_ALLOCATION","MEMORY_ALLOCATION_ALLOCATE","Agent 2",64,"0x0000709dd99d4000",20952,90980365539797,90980365544727
"MEMORY_ALLOCATION","MEMORY_ALLOCATION_ALLOCATE","Agent 2",476,"0x0000709dd99d5000",20962,90980365719810,90980365720860
"MEMORY_ALLOCATION","MEMORY_ALLOCATION_ALLOCATE","Agent 2",25165824,"0x0000709dc0a00000",20978,90980367283588,90980367357669
"MEMORY_ALLOCATION","MEMORY_ALLOCATION_ALLOCATE","Agent 2",3145728,"0x0000709dc0400000",21172,90980379780576,90980379893328
"MEMORY_ALLOCATION","MEMORY_ALLOCATION_ALLOCATE","Agent 2",64,"0x0000709dd99d6000",21198,90980381520077,90980381525647
"MEMORY_ALLOCATION","MEMORY_ALLOCATION_ALLOCATE","Agent 2",476,"0x0000709dd99d7000",21208,90980381695570,90980381696840
"MEMORY_ALLOCATION","MEMORY_ALLOCATION_ALLOCATE","Agent 2",16384,"0x0000709dd99d8000",21218,90980381885173,90980381886243
"MEMORY_ALLOCATION","MEMORY_ALLOCATION_ALLOCATE","Agent 2",1024,"0x0000709dd99dc000",21222,90980381905944,90980381906554
"MEMORY_ALLOCATION","MEMORY_ALLOCATION_ALLOCATE","Agent 2",1024,"0x0000709dd99dd000",21226,90980381919614,90980381920154
"MEMORY_ALLOCATION","MEMORY_ALLOCATION_ALLOCATE","Agent 2",16384,"0x0000709dd99de000",21230,90980381933844,90980381934574
"MEMORY_ALLOCATION","MEMORY_ALLOCATION_ALLOCATE","Agent 2",64,"0x0000709dd99e2000",21234,90980381953384,90980381953984
"MEMORY_ALLOCATION","MEMORY_ALLOCATION_ALLOCATE","Agent 2",16384,"0x0000709dd99e3000",21236,90980381959935,90980381960725
"MEMORY_ALLOCATION","MEMORY_ALLOCATION_ALLOCATE","Agent 2",16384,"0x0000709dd99e7000",21238,90980381964485,90980381964975
"MEMORY_ALLOCATION","MEMORY_ALLOCATION_ALLOCATE","Agent 2",32768,"0x0000709dd99eb000",21240,90980381969065,90980381969575
"MEMORY_ALLOCATION","MEMORY_ALLOCATION_ALLOCATE","Agent 2",16384,"0x0000709dd99f3000",21242,90980381972555,90980381973045
"MEMORY_ALLOCATION","MEMORY_ALLOCATION_ALLOCATE","Agent 2",4096,"0x0000709dd99f7000",21244,90980381975925,90980381976365
"MEMORY_ALLOCATION","MEMORY_ALLOCATION_ALLOCATE","Agent 2",4096,"0x0000709dd99f8000",21246,90980381979185,90980381979665
"MEMORY_ALLOCATION","MEMORY_ALLOCATION_ALLOCATE","Agent 2",16384,"0x0000709dd99f9000",21248,90980381982675,90980381983135
"MEMORY_ALLOCATION","MEMORY_ALLOCATION_ALLOCATE","Agent 2",4096,"0x0000709dd99fd000",21250,90980381986055,90980381986505
"MEMORY_ALLOCATION","MEMORY_ALLOCATION_ALLOCATE","Agent 2",16384,"0x0000709dc0000000",21252,90980381989265,90980382105327
"MEMORY_ALLOCATION","MEMORY_ALLOCATION_ALLOCATE","Agent 2",4096,"0x0000709dd99fe000",21254,90980382109977,90980382110747
"MEMORY_ALLOCATION","MEMORY_ALLOCATION_ALLOCATE","Agent 2",16777216,"0x0000709dbee00000",21256,90980382113777,90980382160298
"MEMORY_ALLOCATION","MEMORY_ALLOCATION_ALLOCATE","Agent 2",16777216,"0x0000709dbdc00000",21258,90980382164328,90980382195659
"MEMORY_ALLOCATION","MEMORY_ALLOCATION_ALLOCATE","Agent 2",16384,"0x0000709dc0004000",21260,90980382199259,90980382200309
"MEMORY_ALLOCATION","MEMORY_ALLOCATION_ALLOCATE","Agent 2",16384,"0x0000709dc0008000",21262,90980382204039,90980382204619
"MEMORY_ALLOCATION","MEMORY_ALLOCATION_ALLOCATE","Agent 2",16384,"0x0000709dc000c000",21264,90980382207539,90980382208009
"MEMORY_ALLOCATION","MEMORY_ALLOCATION_ALLOCATE","Agent 2",16384,"0x0000709dc0010000",21266,90980382210879,90980382211339
"MEMORY_ALLOCATION","MEMORY_ALLOCATION_ALLOCATE","Agent 2",49152,"0x0000709dc0014000",21268,90980382214209,90980382214719
"MEMORY_ALLOCATION","MEMORY_ALLOCATION_ALLOCATE","Agent 2",16384,"0x0000709dc0020000",21270,90980382217569,90980382217989
"MEMORY_ALLOCATION","MEMORY_ALLOCATION_ALLOCATE","Agent 2",528384,"0x0000709dc0024000",21272,90980382221499,90980382222189
"MEMORY_ALLOCATION","MEMORY_ALLOCATION_ALLOCATE","Agent 2",16777216,"0x0000709dbca00000",21294,90980431696045,90980431822708
"MEMORY_ALLOCATION","MEMORY_ALLOCATION_ALLOCATE","Agent 2",2097152,"0x0000709dbc600000",21424,90980440410268,90980440509270
"MEMORY_ALLOCATION","MEMORY_ALLOCATION_ALLOCATE","Agent 2",64,"0x0000709dd99ff000",21442,90980444876406,90980444881106
"MEMORY_ALLOCATION","MEMORY_ALLOCATION_ALLOCATE","Agent 2",476,"0x0000709dc00a5000",21452,90980445080440,90980445082170
"MEMORY_ALLOCATION","MEMORY_ALLOCATION_ALLOCATE","Agent 2",65536,"0x0000709dc00a6000",21468,90980446579976,90980446581806
"MEMORY_ALLOCATION","MEMORY_ALLOCATION_ALLOCATE","Agent 2",8192,"0x0000709dc00b6000",21478,90980446872611,90980446873801
"MEMORY_ALLOCATION","MEMORY_ALLOCATION_ALLOCATE","Agent 2",64,"0x0000709dc00b8000",21488,90980447025864,90980447026924
"MEMORY_ALLOCATION","MEMORY_ALLOCATION_ALLOCATE","Agent 2",476,"0x0000709dc00b9000",21498,90980447174166,90980447175216
"MEMORY_ALLOCATION","MEMORY_ALLOCATION_ALLOCATE","Agent 2",65536,"0x0000709dc00ba000",21514,90980448645582,90980448646872
"MEMORY_ALLOCATION","MEMORY_ALLOCATION_ALLOCATE","Agent 2",8192,"0x0000709dc00ca000",21524,90980448814345,90980448815425
"MEMORY_ALLOCATION","MEMORY_ALLOCATION_ALLOCATE","Agent 2",64,"0x0000709dc00cc000",21534,90980448965618,90980448966598
"MEMORY_ALLOCATION","MEMORY_ALLOCATION_ALLOCATE","Agent 2",476,"0x0000709dc00cd000",21544,90980449126471,90980449127401
"MEMORY_ALLOCATION","MEMORY_ALLOCATION_ALLOCATE","Agent 2",8388608,"0x0000709dbbc00000",21560,90980450649757,90980450724599
"MEMORY_ALLOCATION","MEMORY_ALLOCATION_ALLOCATE","Agent 2",1048576,"0x0000709dc00ce000",21626,90980455403510,90980455409911
"MEMORY_ALLOCATION","MEMORY_ALLOCATION_ALLOCATE","Agent 2",64,"0x0000709dc01ce000",21636,90980456446269,90980456447689
"MEMORY_ALLOCATION","MEMORY_ALLOCATION_ALLOCATE","Agent 2",476,"0x0000709dc01cf000",21646,90980456604101,90980456605151
"MEMORY_ALLOCATION","MEMORY_ALLOCATION_ALLOCATE","Agent 2",8388608,"0x0000709dbb200000",21662,90980458158949,90980458263981
"MEMORY_ALLOCATION","MEMORY_ALLOCATION_ALLOCATE","Agent 2",2097152,"0x0000709dbae00000",21728,90980462442964,90980462531905
"MEMORY_ALLOCATION","MEMORY_ALLOCATION_ALLOCATE","Agent 2",64,"0x0000709dc01d0000",21746,90980463582454,90980463585174
"MEMORY_ALLOCATION","MEMORY_ALLOCATION_ALLOCATE","Agent 2",476,"0x0000709dc01d1000",21756,90980463749057,90980463750827
"MEMORY_ALLOCATION","MEMORY_ALLOCATION_ALLOCATE","Agent 2",25165824,"0x0000709db9400000",21772,90980465369555,90980465434576
"MEMORY_ALLOCATION","MEMORY_ALLOCATION_ALLOCATE","Agent 2",3145728,"0x0000709db8e00000",21966,90980476582571,90980476682363
"MEMORY_ALLOCATION","MEMORY_ALLOCATION_ALLOCATE","Agent 2",64,"0x0000709dc01d2000",21992,90980478215850,90980478220480
"MEMORY_ALLOCATION","MEMORY_ALLOCATION_ALLOCATE","Agent 2",476,"0x0000709dc01d3000",22002,90980478377393,90980478378513
"MEMORY_ALLOCATION","MEMORY_ALLOCATION_ALLOCATE","Agent 2",25165824,"0x0000709db7400000",22018,90980479895779,90980479976091
"MEMORY_ALLOCATION","MEMORY_ALLOCATION_ALLOCATE","Agent 2",3145728,"0x0000709db6e00000",22212,90980491867199,90980491967141
"MEMORY_ALLOCATION","MEMORY_ALLOCATION_ALLOCATE","Agent 2",64,"0x0000709dc01d4000",22238,90980493999926,90980494042317
"MEMORY_ALLOCATION","MEMORY_ALLOCATION_ALLOCATE","Agent 2",476,"0x0000709dc01d5000",22248,90980494226540,90980494227750
"MEMORY_ALLOCATION","MEMORY_ALLOCATION_ALLOCATE","Agent 2",25165824,"0x0000709db5400000",22264,90980495761897,90980495838919
"MEMORY_ALLOCATION","MEMORY_ALLOCATION_ALLOCATE","Agent 2",3145728,"0x0000709db4e00000",22458,90980507245108,90980507356500
"MEMORY_ALLOCATION","MEMORY_ALLOCATION_ALLOCATE","Agent 2",64,"0x0000709dc01d6000",22484,90980508845446,90980508850816
"MEMORY_ALLOCATION","MEMORY_ALLOCATION_ALLOCATE","Agent 2",476,"0x0000709dc01d7000",22494,90980509046250,90980509047400
"MEMORY_ALLOCATION","MEMORY_ALLOCATION_ALLOCATE","Agent 2",128,"0x0000709dc01d8000",22504,90980509226373,90980509227323
"MEMORY_ALLOCATION","MEMORY_ALLOCATION_ALLOCATE","Agent 2",128,"0x0000709dc01d9000",22508,90980509242513,90980509243113
"MEMORY_ALLOCATION","MEMORY_ALLOCATION_ALLOCATE","Agent 2",16384,"0x0000709dc01da000",22512,90980509256013,90980509256643
"MEMORY_ALLOCATION","MEMORY_ALLOCATION_ALLOCATE","Agent 2",16384,"0x0000709dc01de000",22516,90980509279384,90980509280154
"MEMORY_ALLOCATION","MEMORY_ALLOCATION_ALLOCATE","Agent 2",512,"0x0000709dc01e2000",22520,90980509296544,90980509297074
"MEMORY_ALLOCATION","MEMORY_ALLOCATION_ALLOCATE","Agent 2",131072,"0x0000709db4a00000",22524,90980509309544,90980509364885
"MEMORY_ALLOCATION","MEMORY_ALLOCATION_ALLOCATE","Agent 2",131072,"0x0000709db4a20000",22528,90980509418556,90980509419556
"MEMORY_ALLOCATION","MEMORY_ALLOCATION_ALLOCATE","Agent 2",16384,"0x0000709dc01e3000",22530,90980509423126,90980509424526
"MEMORY_ALLOCATION","MEMORY_ALLOCATION_ALLOCATE","Agent 2",16384,"0x0000709dc01e7000",22532,90980509427816,90980509428316
"MEMORY_ALLOCATION","MEMORY_ALLOCATION_ALLOCATE","Agent 2",32768,"0x0000709dc01eb000",22534,90980509431486,90980509431976
"MEMORY_ALLOCATION","MEMORY_ALLOCATION_ALLOCATE","Agent 2",32768,"0x0000709dc01f3000",22536,90980509435117,90980509435697
"MEMORY_ALLOCATION","MEMORY_ALLOCATION_ALLOCATE","Agent 2",16384,"0x0000709dc01fb000",22538,90980509438987,90980509439677
"MEMORY_ALLOCATION","MEMORY_ALLOCATION_ALLOCATE","Agent 2",8192,"0x0000709db4a40000",22540,90980509443707,90980509444457
"MEMORY_ALLOCATION","MEMORY_ALLOCATION_ALLOCATE","Agent 2",8192,"0x0000709db4a42000",22542,90980509447517,90980509448087
"MEMORY_ALLOCATION","MEMORY_ALLOCATION_ALLOCATE","Agent 2",16384,"0x0000709db4a44000",22544,90980509451057,90980509451487
"MEMORY_ALLOCATION","MEMORY_ALLOCATION_ALLOCATE","Agent 2",128,"0x0000709dc01ff000",22546,90980509454297,90980509454687
"MEMORY_ALLOCATION","MEMORY_ALLOCATION_ALLOCATE","Agent 2",128,"0x0000709db4a48000",22548,90980509457497,90980509458067
"MEMORY_ALLOCATION","MEMORY_ALLOCATION_ALLOCATE","Agent 2",2097152,"0x0000709db4600000",22550,90980509460907,90980509497008
"MEMORY_ALLOCATION","MEMORY_ALLOCATION_ALLOCATE","Agent 2",16384,"0x0000709db4a49000",22552,90980509500728,90980509501308
"MEMORY_ALLOCATION","MEMORY_ALLOCATION_ALLOCATE","Agent 2",16384,"0x0000709db4a4d000",22554,90980509504138,90980509504588
"MEMORY_ALLOCATION","MEMORY_ALLOCATION_ALLOCATE","Agent 2",16384,"0x0000709db4a51000",22556,90980509507438,90980509507848
"MEMORY_ALLOCATION","MEMORY_ALLOCATION_ALLOCATE","Agent 2",16384,"0x0000709db4a55000",22558,90980509511178,90980509511648
"MEMORY_ALLOCATION","MEMORY_ALLOCATION_ALLOCATE","Agent 2",49152,"0x0000709db4a59000",22560,90980509514418,90980509514868
"MEMORY_ALLOCATION","MEMORY_ALLOCATION_ALLOCATE","Agent 2",16384,"0x0000709db4a65000",22562,90980509517708,90980509518108
"MEMORY_ALLOCATION","MEMORY_ALLOCATION_ALLOCATE","Agent 2",16777216,"0x0000709db3400000",22588,90980521934565,90980522116429
"MEMORY_ALLOCATION","MEMORY_ALLOCATION_ALLOCATE","Agent 2",2097152,"0x0000709db3000000",22718,90980530398993,90980530503465
"MEMORY_ALLOCATION","MEMORY_ALLOCATION_ALLOCATE","Agent 2",64,"0x0000709db4a69000",22736,90980533520958,90980533524498
"MEMORY_ALLOCATION","MEMORY_ALLOCATION_ALLOCATE","Agent 2",476,"0x0000709db4a6a000",22746,90980533683271,90980533684681
"MEMORY_ALLOCATION","MEMORY_ALLOCATION_ALLOCATE","Agent 2",65536,"0x0000709db4a6b000",22762,90980535487513,90980535488933
"MEMORY_ALLOCATION","MEMORY_ALLOCATION_ALLOCATE","Agent 2",8192,"0x0000709db4a7b000",22772,90980535672876,90980535674126
"MEMORY_ALLOCATION","MEMORY_ALLOCATION_ALLOCATE","Agent 2",64,"0x0000709db4a7d000",22782,90980535827839,90980535828889
"MEMORY_ALLOCATION","MEMORY_ALLOCATION_ALLOCATE","Agent 2",476,"0x0000709db4a7e000",22792,90980535978851,90980535979751
"MEMORY_ALLOCATION","MEMORY_ALLOCATION_ALLOCATE","Agent 2",65536,"0x0000709db4a7f000",22808,90980537450647,90980537451817
"MEMORY_ALLOCATION","MEMORY_ALLOCATION_ALLOCATE","Agent 2",8192,"0x0000709db4a8f000",22818,90980537629180,90980537630520
"MEMORY_ALLOCATION","MEMORY_ALLOCATION_ALLOCATE","Agent 2",64,"0x0000709db4a91000",22828,90980537791893,90980537792953
"MEMORY_ALLOCATION","MEMORY_ALLOCATION_ALLOCATE","Agent 2",476,"0x0000709db4a92000",22838,90980537960516,90980537961566
"MEMORY_ALLOCATION","MEMORY_ALLOCATION_ALLOCATE","Agent 2",8388608,"0x0000709db2600000",22854,90980539416631,90980539489103
"MEMORY_ALLOCATION","MEMORY_ALLOCATION_ALLOCATE","Agent 2",1048576,"0x0000709db4a93000",22920,90980543594854,90980543601445
"MEMORY_ALLOCATION","MEMORY_ALLOCATION_ALLOCATE","Agent 2",64,"0x0000709db4b93000",22930,90980545681771,90980545683871
"MEMORY_ALLOCATION","MEMORY_ALLOCATION_ALLOCATE","Agent 2",476,"0x0000709db4b94000",22940,90980545850044,90980545851124
"MEMORY_ALLOCATION","MEMORY_ALLOCATION_ALLOCATE","Agent 2",8388608,"0x0000709db1c00000",22956,90980547379511,90980547473812
"MEMORY_ALLOCATION","MEMORY_ALLOCATION_ALLOCATE","Agent 2",2097152,"0x0000709db1800000",23022,90980551955811,90980552093183
"MEMORY_ALLOCATION","MEMORY_ALLOCATION_ALLOCATE","Agent 2",64,"0x0000709db4b95000",23040,90980553213883,90980553217823
"MEMORY_ALLOCATION","MEMORY_ALLOCATION_ALLOCATE","Agent 2",476,"0x0000709db4b96000",23050,90980553392616,90980553393716
"MEMORY_ALLOCATION","MEMORY_ALLOCATION_ALLOCATE","Agent 2",25165824,"0x0000709dafe00000",23066,90980554918173,90980554986804
"MEMORY_ALLOCATION","MEMORY_ALLOCATION_ALLOCATE","Agent 2",3145728,"0x0000709daf800000",23260,90980566764640,90980566866322
"MEMORY_ALLOCATION","MEMORY_ALLOCATION_ALLOCATE","Agent 2",64,"0x0000709db4b97000",23286,90980568395819,90980568399979
"MEMORY_ALLOCATION","MEMORY_ALLOCATION_ALLOCATE","Agent 2",476,"0x0000709db4b98000",23296,90980568555141,90980568556112
"MEMORY_ALLOCATION","MEMORY_ALLOCATION_ALLOCATE","Agent 2",25165824,"0x0000709dade00000",23312,90980570119379,90980570185610
"MEMORY_ALLOCATION","MEMORY_ALLOCATION_ALLOCATE","Agent 2",3145728,"0x0000709dad800000",23506,90980582112849,90980582221471
"MEMORY_ALLOCATION","MEMORY_ALLOCATION_ALLOCATE","Agent 2",64,"0x0000709db4b99000",23532,90980584479210,90980584484000
"MEMORY_ALLOCATION","MEMORY_ALLOCATION_ALLOCATE","Agent 2",476,"0x0000709db4b9a000",23542,90980584668804,90980584669814
"MEMORY_ALLOCATION","MEMORY_ALLOCATION_ALLOCATE","Agent 2",25165824,"0x0000709dabe00000",23558,90980586202131,90980586284942
"MEMORY_ALLOCATION","MEMORY_ALLOCATION_ALLOCATE","Agent 2",3145728,"0x0000709dab800000",23752,90980597957566,90980598099549
"MEMORY_ALLOCATION","MEMORY_ALLOCATION_ALLOCATE","Agent 2",64,"0x0000709db4b9b000",23778,90980599593795,90980599598155
"MEMORY_ALLOCATION","MEMORY_ALLOCATION_ALLOCATE","Agent 2",476,"0x0000709db4b9c000",23788,90980599761498,90980599762668
"MEMORY_ALLOCATION","MEMORY_ALLOCATION_ALLOCATE","Agent 2",128,"0x0000709db4b9d000",23798,90980599947811,90980599948881
"MEMORY_ALLOCATION","MEMORY_ALLOCATION_ALLOCATE","Agent 2",128,"0x0000709db4b9e000",23802,90980600160535,90980600161635
"MEMORY_ALLOCATION","MEMORY_ALLOCATION_ALLOCATE","Agent 2",16384,"0x0000709db4b9f000",23806,90980600178715,90980600179455
"MEMORY_ALLOCATION","MEMORY_ALLOCATION_ALLOCATE","Agent 2",16384,"0x0000709db4ba3000",23810,90980600201716,90980600202386
"MEMORY_ALLOCATION","MEMORY_ALLOCATION_ALLOCATE","Agent 2",512,"0x0000709db4ba7000",23814,90980600217396,90980600217916
"MEMORY_ALLOCATION","MEMORY_ALLOCATION_ALLOCATE","Agent 2",131072,"0x0000709db4ba8000",23818,90980600229166,90980600229706
"MEMORY_ALLOCATION","MEMORY_ALLOCATION_ALLOCATE","Agent 2",131072,"0x0000709db4bc8000",23822,90980600277267,90980600278097
"MEMORY_ALLOCATION","MEMORY_ALLOCATION_ALLOCATE","Agent 2",16384,"0x0000709db4be8000",23824,90980600281287,90980600281817
"MEMORY_ALLOCATION","MEMORY_ALLOCATION_ALLOCATE","Agent 2",16384,"0x0000709db4bec000",23826,90980600284677,90980600285087
"MEMORY_ALLOCATION","MEMORY_ALLOCATION_ALLOCATE","Agent 2",32768,"0x0000709db4bf0000",23828,90980600287967,90980600288377
"MEMORY_ALLOCATION","MEMORY_ALLOCATION_ALLOCATE","Agent 2",32768,"0x0000709db4bf8000",23830,90980600291197,90980600291687
"MEMORY_ALLOCATION","MEMORY_ALLOCATION_ALLOCATE","Agent 2",16384,"0x0000709dab400000",23832,90980600294767,90980600369519
"MEMORY_ALLOCATION","MEMORY_ALLOCATION_ALLOCATE","Agent 2",8192,"0x0000709dab404000",23834,90980600374139,90980600374829
"MEMORY_ALLOCATION","MEMORY_ALLOCATION_ALLOCATE","Agent 2",8192,"0x0000709dab406000",23836,90980600378019,90980600378539
"MEMORY_ALLOCATION","MEMORY_ALLOCATION_ALLOCATE","Agent 2",16384,"0x0000709dab408000",23838,90980600381589,90980600382089
"MEMORY_ALLOCATION","MEMORY_ALLOCATION_ALLOCATE","Agent 2",128,"0x0000709dab40c000",23840,90980600384949,90980600385389
"MEMORY_ALLOCATION","MEMORY_ALLOCATION_ALLOCATE","Agent 2",128,"0x0000709dab40d000",23842,90980600388329,90980600388839
"MEMORY_ALLOCATION","MEMORY_ALLOCATION_ALLOCATE","Agent 2",2097152,"0x0000709dab000000",23844,90980600391789,90980600424840
"MEMORY_ALLOCATION","MEMORY_ALLOCATION_ALLOCATE","Agent 2",16384,"0x0000709dab40e000",23846,90980600428620,90980600429340
"MEMORY_ALLOCATION","MEMORY_ALLOCATION_ALLOCATE","Agent 2",16384,"0x0000709dab412000",23848,90980600432650,90980600433160
"MEMORY_ALLOCATION","MEMORY_ALLOCATION_ALLOCATE","Agent 2",16384,"0x0000709dab416000",23850,90980600436200,90980600436660
"MEMORY_ALLOCATION","MEMORY_ALLOCATION_ALLOCATE","Agent 2",16384,"0x0000709dab41a000",23852,90980600439570,90980600440080
"MEMORY_ALLOCATION","MEMORY_ALLOCATION_ALLOCATE","Agent 2",49152,"0x0000709dab41e000",23854,90980600442980,90980600443470
"MEMORY_ALLOCATION","MEMORY_ALLOCATION_ALLOCATE","Agent 2",16384,"0x0000709dab42a000",23856,90980600446320,90980600446810
"MEMORY_ALLOCATION","MEMORY_ALLOCATION_ALLOCATE","Agent 2",16777216,"0x0000709da9e00000",23882,90980612792966,90980612844667
"MEMORY_ALLOCATION","MEMORY_ALLOCATION_ALLOCATE","Agent 2",2097152,"0x0000709da9a00000",24012,90980621603090,90980621700602
"MEMORY_ALLOCATION","MEMORY_ALLOCATION_ALLOCATE","Agent 2",64,"0x0000709dab42e000",24030,90980624221956,90980624225656
"MEMORY_ALLOCATION","MEMORY_ALLOCATION_ALLOCATE","Agent 2",476,"0x0000709dab42f000",24040,90980624391049,90980624392159
"MEMORY_ALLOCATION","MEMORY_ALLOCATION_ALLOCATE","Agent 2",65536,"0x0000709dab430000",24056,90980625933026,90980625934496
"MEMORY_ALLOCATION","MEMORY_ALLOCATION_ALLOCATE","Agent 2",8192,"0x0000709dab440000",24066,90980626112809,90980626114049
"MEMORY_ALLOCATION","MEMORY_ALLOCATION_ALLOCATE","Agent 2",64,"0x0000709dab442000",24076,90980626262132,90980626263092
"MEMORY_ALLOCATION","MEMORY_ALLOCATION_ALLOCATE","Agent 2",476,"0x0000709dab443000",24086,90980626410505,90980626411405
"MEMORY_ALLOCATION","MEMORY_ALLOCATION_ALLOCATE","Agent 2",65536,"0x0000709dab444000",24102,90980627896291,90980627897961
"MEMORY_ALLOCATION","MEMORY_ALLOCATION_ALLOCATE","Agent 2",8192,"0x0000709dab454000",24112,90980628100444,90980628101954
"MEMORY_ALLOCATION","MEMORY_ALLOCATION_ALLOCATE","Agent 2",64,"0x0000709dab456000",24122,90980628261957,90980628263217
"MEMORY_ALLOCATION","MEMORY_ALLOCATION_ALLOCATE","Agent 2",476,"0x0000709dab457000",24132,90980628417220,90980628418280
"MEMORY_ALLOCATION","MEMORY_ALLOCATION_ALLOCATE","Agent 2",8388608,"0x0000709da9000000",24148,90980629882715,90980629958587
"MEMORY_ALLOCATION","MEMORY_ALLOCATION_ALLOCATE","Agent 2",1048576,"0x0000709dab458000",24214,90980634230711,90980634235912
"MEMORY_ALLOCATION","MEMORY_ALLOCATION_ALLOCATE","Agent 2",64,"0x0000709dab558000",24224,90980635283290,90980635284820
"MEMORY_ALLOCATION","MEMORY_ALLOCATION_ALLOCATE","Agent 2",476,"0x0000709dab559000",24234,90980635445993,90980635446963
"MEMORY_ALLOCATION","MEMORY_ALLOCATION_ALLOCATE","Agent 2",8388608,"0x0000709da8600000",24250,90980636958309,90980637089572
"MEMORY_ALLOCATION","MEMORY_ALLOCATION_ALLOCATE","Agent 2",2097152,"0x0000709da8200000",24316,90980640889698,90980640979250
"MEMORY_ALLOCATION","MEMORY_ALLOCATION_ALLOCATE","Agent 2",64,"0x0000709dab55a000",24334,90980642437625,90980642440925
"MEMORY_ALLOCATION","MEMORY_ALLOCATION_ALLOCATE","Agent 2",476,"0x0000709dab55b000",24344,90980642588918,90980642590088
"MEMORY_ALLOCATION","MEMORY_ALLOCATION_ALLOCATE","Agent 2",25165824,"0x0000709da6800000",24360,90980644133045,90980644212976
"MEMORY_ALLOCATION","MEMORY_ALLOCATION_ALLOCATE","Agent 2",3145728,"0x0000709da6200000",24554,90980656238067,90980656334208
"MEMORY_ALLOCATION","MEMORY_ALLOCATION_ALLOCATE","Agent 2",64,"0x0000709dab55c000",24580,90980657827115,90980657831045
"MEMORY_ALLOCATION","MEMORY_ALLOCATION_ALLOCATE","Agent 2",476,"0x0000709dab55d000",24590,90980657986347,90980657987527
"MEMORY_ALLOCATION","MEMORY_ALLOCATION_ALLOCATE","Agent 2",25165824,"0x0000709da4800000",24606,90980659514844,90980659590225
"MEMORY_ALLOCATION","MEMORY_ALLOCATION_ALLOCATE","Agent 2",3145728,"0x0000709da4200000",24800,90980671222449,90980671321991
"MEMORY_ALLOCATION","MEMORY_ALLOCATION_ALLOCATE","Agent 2",64,"0x0000709dab55e000",24826,90980672953379,90980672958060
"MEMORY_ALLOCATION","MEMORY_ALLOCATION_ALLOCATE","Agent 2",476,"0x0000709dab55f000",24836,90980673183753,90980673185134
"MEMORY_ALLOCATION","MEMORY_ALLOCATION_ALLOCATE","Agent 2",25165824,"0x0000709da2800000",24852,90980674738051,90980674834052
"MEMORY_ALLOCATION","MEMORY_ALLOCATION_ALLOCATE","Agent 2",3145728,"0x0000709da2200000",25046,90980687334471,90980687431953
"MEMORY_ALLOCATION","MEMORY_ALLOCATION_ALLOCATE","Agent 2",64,"0x0000709dab560000",25072,90980688922459,90980688928019
"MEMORY_ALLOCATION","MEMORY_ALLOCATION_ALLOCATE","Agent 2",476,"0x0000709dab561000",25082,90980689115982,90980689117652
"MEMORY_ALLOCATION","MEMORY_ALLOCATION_ALLOCATE","Agent 2",128,"0x0000709dab562000",25092,90980689290205,90980689291126
"MEMORY_ALLOCATION","MEMORY_ALLOCATION_ALLOCATE","Agent 2",128,"0x0000709dab563000",25096,90980689304486,90980689305376
"MEMORY_ALLOCATION","MEMORY_ALLOCATION_ALLOCATE","Agent 2",16384,"0x0000709dab564000",25100,90980689317036,90980689317636
"MEMORY_ALLOCATION","MEMORY_ALLOCATION_ALLOCATE","Agent 2",16384,"0x0000709dab568000",25104,90980689332776,90980689333336
"MEMORY_ALLOCATION","MEMORY_ALLOCATION_ALLOCATE","Agent 2",512,"0x0000709dab56c000",25108,90980689349047,90980689349617
"MEMORY_ALLOCATION","MEMORY_ALLOCATION_ALLOCATE","Agent 2",131072,"0x0000709dab56d000",25112,90980689362207,90980689362757
"MEMORY_ALLOCATION","MEMORY_ALLOCATION_ALLOCATE","Agent 2",131072,"0x0000709dab58d000",25116,90980689411988,90980689412808
"MEMORY_ALLOCATION","MEMORY_ALLOCATION_ALLOCATE","Agent 2",16384,"0x0000709dab5ad000",25118,90980689416208,90980689416668
"MEMORY_ALLOCATION","MEMORY_ALLOCATION_ALLOCATE","Agent 2",16384,"0x0000709dab5b1000",25120,90980689419678,90980689420118
"MEMORY_ALLOCATION","MEMORY_ALLOCATION_ALLOCATE","Agent 2",32768,"0x0000709dab5b5000",25122,90980689423158,90980689423608
"MEMORY_ALLOCATION","MEMORY_ALLOCATION_ALLOCATE","Agent 2",32768,"0x0000709dab5bd000",25124,90980689426848,90980689427288
"MEMORY_ALLOCATION","MEMORY_ALLOCATION_ALLOCATE","Agent 2",16384,"0x0000709dab5c5000",25126,90980689430228,90980689430708
"MEMORY_ALLOCATION","MEMORY_ALLOCATION_ALLOCATE","Agent 2",8192,"0x0000709dab5c9000",25128,90980689433788,90980689434298
"MEMORY_ALLOCATION","MEMORY_ALLOCATION_ALLOCATE","Agent 2",8192,"0x0000709dab5cb000",25130,90980689437328,90980689437808
"MEMORY_ALLOCATION","MEMORY_ALLOCATION_ALLOCATE","Agent 2",16384,"0x0000709dab5cd000",25132,90980689440728,90980689441158
"MEMORY_ALLOCATION","MEMORY_ALLOCATION_ALLOCATE","Agent 2",128,"0x0000709dab5d1000",25134,90980689443928,90980689444368
"MEMORY_ALLOCATION","MEMORY_ALLOCATION_ALLOCATE","Agent 2",128,"0x0000709dab5d2000",25136,90980689459398,90980689459838
"MEMORY_ALLOCATION","MEMORY_ALLOCATION_ALLOCATE","Agent 2",2097152,"0x0000709da1e00000",25138,90980689462558,90980689526430
"MEMORY_ALLOCATION","MEMORY_ALLOCATION_ALLOCATE","Agent 2",16384,"0x0000709dab5d3000",25140,90980689531130,90980689531830
"MEMORY_ALLOCATION","MEMORY_ALLOCATION_ALLOCATE","Agent 2",16384,"0x0000709dab5d7000",25142,90980689534830,90980689535300
"MEMORY_ALLOCATION","MEMORY_ALLOCATION_ALLOCATE","Agent 2",16384,"0x0000709dab5db000",25144,90980689538110,90980689538580
"MEMORY_ALLOCATION","MEMORY_ALLOCATION_ALLOCATE","Agent 2",16384,"0x0000709dab5df000",25146,90980689541460,90980689541880
"MEMORY_ALLOCATION","MEMORY_ALLOCATION_ALLOCATE","Agent 2",49152,"0x0000709dab5e3000",25148,90980689544700,90980689545170
"MEMORY_ALLOCATION","MEMORY_ALLOCATION_ALLOCATE","Agent 2",16384,"0x0000709dab5ef000",25150,90980689548220,90980689548640
"MEMORY_ALLOCATION","MEMORY_ALLOCATION_ALLOCATE","Agent 2",16777216,"0x0000709da0c00000",25176,90980701702083,90980701805465
"MEMORY_ALLOCATION","MEMORY_ALLOCATION_ALLOCATE","Agent 2",2097152,"0x0000709da0800000",25306,90980709902546,90980710039299
"MEMORY_ALLOCATION","MEMORY_ALLOCATION_ALLOCATE","Agent 2",64,"0x0000709dab5f3000",25324,90980711139828,90980711144758
"MEMORY_ALLOCATION","MEMORY_ALLOCATION_ALLOCATE","Agent 2",476,"0x0000709dab5f4000",25334,90980711302021,90980711303041
"MEMORY_ALLOCATION","MEMORY_ALLOCATION_ALLOCATE","Agent 2",2097152,"0x0000709da0400000",25350,90980712819898,90980712891889
"MEMORY_ALLOCATION","MEMORY_ALLOCATION_ALLOCATE","Agent 2",524288,"0x0000709da0000000",25368,90980714146781,90980714194322
"MEMORY_ALLOCATION","MEMORY_ALLOCATION_ALLOCATE","Agent 2",64,"0x0000709dab5f5000",25378,90980714569158,90980714571068
"MEMORY_ALLOCATION","MEMORY_ALLOCATION_ALLOCATE","Agent 2",476,"0x0000709dab5f6000",25388,90980714724011,90980714725141
"MEMORY_ALLOCATION","MEMORY_ALLOCATION_ALLOCATE","Agent 2",2097152,"0x0000709d9fc00000",25404,90980716247068,90980716315999
"MEMORY_ALLOCATION","MEMORY_ALLOCATION_ALLOCATE","Agent 2",524288,"0x0000709da0080000",25422,90980717586421,90980717588951
"MEMORY_ALLOCATION","MEMORY_ALLOCATION_ALLOCATE","Agent 2",64,"0x0000709dab5f7000",25432,90980717946907,90980717948547
"MEMORY_ALLOCATION","MEMORY_ALLOCATION_ALLOCATE","Agent 2",476,"0x0000709dab5f8000",25442,90980718172481,90980718173721
"MEMORY_ALLOCATION","MEMORY_ALLOCATION_ALLOCATE","Agent 2",8388608,"0x0000709d9f200000",25458,90980719646737,90980719703378
"MEMORY_ALLOCATION","MEMORY_ALLOCATION_ALLOCATE","Agent 2",2097152,"0x0000709d9ee00000",25524,90980723591366,90980723675528
"MEMORY_ALLOCATION","MEMORY_ALLOCATION_ALLOCATE","Agent 2",64,"0x0000709dab5f9000",25542,90980724661315,90980724666355
"MEMORY_ALLOCATION","MEMORY_ALLOCATION_ALLOCATE","Agent 2",476,"0x0000709dab5fa000",25552,90980725013811,90980725015091
"MEMORY_ALLOCATION","MEMORY_ALLOCATION_ALLOCATE","Agent 2",25165824,"0x0000709d9d400000",25568,90980726534858,90980726609459
"MEMORY_ALLOCATION","MEMORY_ALLOCATION_ALLOCATE","Agent 2",3145728,"0x0000709d9ce00000",25762,90980737855976,90980737952238
"MEMORY_ALLOCATION","MEMORY_ALLOCATION_ALLOCATE","Agent 2",64,"0x0000709dab5fb000",25788,90980739580716,90980739587136
"MEMORY_ALLOCATION","MEMORY_ALLOCATION_ALLOCATE","Agent 2",476,"0x0000709dab5fc000",25798,90980739893222,90980739894352
"MEMORY_ALLOCATION","MEMORY_ALLOCATION_ALLOCATE","Agent 2",25165824,"0x0000709d9b400000",25814,90980741446119,90980741526820
"MEMORY_ALLOCATION","MEMORY_ALLOCATION_ALLOCATE","Agent 2",3145728,"0x0000709d9ae00000",26008,90980754073410,90980754170922
"MEMORY_ALLOCATION","MEMORY_ALLOCATION_ALLOCATE","Agent 2",64,"0x0000709dab5fd000",26034,90980755643607,90980755649407
"MEMORY_ALLOCATION","MEMORY_ALLOCATION_ALLOCATE","Agent 2",476,"0x0000709dab5fe000",26044,90980755798710,90980755799870
"MEMORY_ALLOCATION","MEMORY_ALLOCATION_ALLOCATE","Agent 2",25165824,"0x0000709d99400000",26060,90980757362377,90980757442789
"MEMORY_ALLOCATION","MEMORY_ALLOCATION_ALLOCATE","Agent 2",3145728,"0x0000709d98e00000",26254,90980769153664,90980769250146
"MEMORY_ALLOCATION","MEMORY_ALLOCATION_ALLOCATE","Agent 2",64,"0x0000709dab5ff000",26280,90980770721801,90980770727841
"MEMORY_ALLOCATION","MEMORY_ALLOCATION_ALLOCATE","Agent 2",476,"0x0000709da0100000",26290,90980770883054,90980770885104
"MEMORY_ALLOCATION","MEMORY_ALLOCATION_ALLOCATE","Agent 2",16384,"0x0000709da0101000",26300,90980771100548,90980771101498
"MEMORY_ALLOCATION","MEMORY_ALLOCATION_ALLOCATE","Agent 2",1024,"0x0000709da0105000",26304,90980771119358,90980771119948
"MEMORY_ALLOCATION","MEMORY_ALLOCATION_ALLOCATE","Agent 2",1024,"0x0000709da0106000",26308,90980771132018,90980771132688
"MEMORY_ALLOCATION","MEMORY_ALLOCATION_ALLOCATE","Agent 2",16384,"0x0000709da0107000",26312,90980771144449,90980771144979
"MEMORY_ALLOCATION","MEMORY_ALLOCATION_ALLOCATE","Agent 2",64,"0x0000709da010b000",26316,90980771159979,90980771160489
"MEMORY_ALLOCATION","MEMORY_ALLOCATION_ALLOCATE","Agent 2",16384,"0x0000709da010c000",26318,90980771163719,90980771164229
"MEMORY_ALLOCATION","MEMORY_ALLOCATION_ALLOCATE","Agent 2",16384,"0x0000709da0110000",26320,90980771167239,90980771167719
"MEMORY_ALLOCATION","MEMORY_ALLOCATION_ALLOCATE","Agent 2",32768,"0x0000709da0114000",26322,90980771171099,90980771171579
"MEMORY_ALLOCATION","MEMORY_ALLOCATION_ALLOCATE","Agent 2",16384,"0x0000709da011c000",26324,90980771174459,90980771174899
"MEMORY_ALLOCATION","MEMORY_ALLOCATION_ALLOCATE","Agent 2",4096,"0x0000709da0120000",26326,90980771178249,90980771178719
"MEMORY_ALLOCATION","MEMORY_ALLOCATION_ALLOCATE","Agent 2",4096,"0x0000709da0121000",26328,90980771181909,90980771182389
"MEMORY_ALLOCATION","MEMORY_ALLOCATION_ALLOCATE","Agent 2",16384,"0x0000709da0122000",26330,90980771203940,90980771204480
"MEMORY_ALLOCATION","MEMORY_ALLOCATION_ALLOCATE","Agent 2",4096,"0x0000709da0126000",26332,90980771207550,90980771208050
"MEMORY_ALLOCATION","MEMORY_ALLOCATION_ALLOCATE","Agent 2",16384,"0x0000709da0127000",26334,90980771211030,90980771211490
"MEMORY_ALLOCATION","MEMORY_ALLOCATION_ALLOCATE","Agent 2",4096,"0x0000709da012b000",26336,90980771214350,90980771214750
"MEMORY_ALLOCATION","MEMORY_ALLOCATION_ALLOCATE","Agent 2",16777216,"0x0000709d97c00000",26338,90980771217610,90980771280261
"MEMORY_ALLOCATION","MEMORY_ALLOCATION_ALLOCATE","Agent 2",16777216,"0x0000709d96a00000",26340,90980771284641,90980771324112
"MEMORY_ALLOCATION","MEMORY_ALLOCATION_ALLOCATE","Agent 2",16384,"0x0000709da012c000",26342,90980771327922,90980771328592
"MEMORY_ALLOCATION","MEMORY_ALLOCATION_ALLOCATE","Agent 2",16384,"0x0000709da0130000",26344,90980771331602,90980771332182
"MEMORY_ALLOCATION","MEMORY_ALLOCATION_ALLOCATE","Agent 2",16384,"0x0000709da0134000",26346,90980771335392,90980771335852
"MEMORY_ALLOCATION","MEMORY_ALLOCATION_ALLOCATE","Agent 2",16384,"0x0000709da0138000",26348,90980771338772,90980771339242
"MEMORY_ALLOCATION","MEMORY_ALLOCATION_ALLOCATE","Agent 2",49152,"0x0000709da013c000",26350,90980771342072,90980771342552
"MEMORY_ALLOCATION","MEMORY_ALLOCATION_ALLOCATE","Agent 2",16384,"0x0000709da0148000",26352,90980771345402,90980771345862
"MEMORY_ALLOCATION","MEMORY_ALLOCATION_ALLOCATE","Agent 2",528384,"0x0000709da014c000",26354,90980771349172,90980771349662
"MEMORY_ALLOCATION","MEMORY_ALLOCATION_ALLOCATE","Agent 2",16777216,"0x0000709d95800000",26376,90980820819299,90980820964671
"MEMORY_ALLOCATION","MEMORY_ALLOCATION_ALLOCATE","Agent 2",2097152,"0x0000709d95400000",26506,90980829737335,90980829833736
"MEMORY_ALLOCATION","MEMORY_ALLOCATION_ALLOCATE","Agent 2",64,"0x0000709da01cd000",26524,90980832379081,90980832382441
"MEMORY_ALLOCATION","MEMORY_ALLOCATION_ALLOCATE","Agent 2",476,"0x0000709da01ce000",26534,90980832535044,90980832536194
"MEMORY_ALLOCATION","MEMORY_ALLOCATION_ALLOCATE","Agent 2",65536,"0x0000709da01cf000",26550,90980834101441,90980834103171
"MEMORY_ALLOCATION","MEMORY_ALLOCATION_ALLOCATE","Agent 2",8192,"0x0000709da01df000",26560,90980834268894,90980834270124
"MEMORY_ALLOCATION","MEMORY_ALLOCATION_ALLOCATE","Agent 2",64,"0x0000709da01e1000",26570,90980834408856,90980834409966
"MEMORY_ALLOCATION","MEMORY_ALLOCATION_ALLOCATE","Agent 2",476,"0x0000709da01e2000",26580,90980834549069,90980834549989
"MEMORY_ALLOCATION","MEMORY_ALLOCATION_ALLOCATE","Agent 2",65536,"0x0000709da01e3000",26596,90980836052645,90980836054115
"MEMORY_ALLOCATION","MEMORY_ALLOCATION_ALLOCATE","Agent 2",8192,"0x0000709da01f3000",26606,90980836431942,90980836433122
"MEMORY_ALLOCATION","MEMORY_ALLOCATION_ALLOCATE","Agent 2",64,"0x0000709da01f5000",26616,90980836574374,90980836575354
"MEMORY_ALLOCATION","MEMORY_ALLOCATION_ALLOCATE","Agent 2",476,"0x0000709da01f6000",26626,90980836713157,90980836714057
"MEMORY_ALLOCATION","MEMORY_ALLOCATION_ALLOCATE","Agent 2",8388608,"0x0000709d94a00000",26642,90980838211773,90980838283364
"MEMORY_ALLOCATION","MEMORY_ALLOCATION_ALLOCATE","Agent 2",1048576,"0x0000709d94600000",26708,90980842280094,90980842373966
"MEMORY_ALLOCATION","MEMORY_ALLOCATION_ALLOCATE","Agent 2",64,"0x0000709da01f7000",26718,90980842917795,90980842921276
"MEMORY_ALLOCATION","MEMORY_ALLOCATION_ALLOCATE","Agent 2",476,"0x0000709da01f8000",26728,90980843122249,90980843123499
"MEMORY_ALLOCATION","MEMORY_ALLOCATION_ALLOCATE","Agent 2",8388608,"0x0000709d93c00000",26744,90980844611855,90980844665486
"MEMORY_ALLOCATION","MEMORY_ALLOCATION_ALLOCATE","Agent 2",2097152,"0x0000709d93800000",26810,90980848664986,90980848746888
"MEMORY_ALLOCATION","MEMORY_ALLOCATION_ALLOCATE","Agent 2",64,"0x0000709da01f9000",26828,90980849737295,90980849741225
"MEMORY_ALLOCATION","MEMORY_ALLOCATION_ALLOCATE","Agent 2",476,"0x0000709da01fa000",26838,90980849888527,90980849889617
"MEMORY_ALLOCATION","MEMORY_ALLOCATION_ALLOCATE","Agent 2",25165824,"0x0000709d91e00000",26854,90980851401514,90980851469525
"MEMORY_ALLOCATION","MEMORY_ALLOCATION_ALLOCATE","Agent 2",3145728,"0x0000709d91800000",27048,90980862994297,90980863131569
"MEMORY_ALLOCATION","MEMORY_ALLOCATION_ALLOCATE","Agent 2",64,"0x0000709da01fb000",27074,90980864583105,90980864587605
"MEMORY_ALLOCATION","MEMORY_ALLOCATION_ALLOCATE","Agent 2",476,"0x0000709da01fc000",27084,90980864737917,90980864739098
"MEMORY_ALLOCATION","MEMORY_ALLOCATION_ALLOCATE","Agent 2",25165824,"0x0000709d8fe00000",27100,90980866289715,90980866355306
"MEMORY_ALLOCATION","MEMORY_ALLOCATION_ALLOCATE","Agent 2",3145728,"0x0000709d8f800000",27294,90980877890858,90980877993660
"MEMORY_ALLOCATION","MEMORY_ALLOCATION_ALLOCATE","Agent 2",64,"0x0000709da01fd000",27320,90980889519191,90980889524691
"MEMORY_ALLOCATION","MEMORY_ALLOCATION_ALLOCATE","Agent 2",476,"0x0000709da01fe000",27330,90980889689014,90980889690014
"MEMORY_ALLOCATION","MEMORY_ALLOCATION_ALLOCATE","Agent 2",25165824,"0x0000709d8de00000",27346,90980891239672,90980891330683
"MEMORY_ALLOCATION","MEMORY_ALLOCATION_ALLOCATE","Agent 2",3145728,"0x0000709d8d800000",27540,90980902678572,90980902776033
"MEMORY_ALLOCATION","MEMORY_ALLOCATION_ALLOCATE","Agent 2",64,"0x0000709da01ff000",27566,90980909607163,90980909612083
"MEMORY_ALLOCATION","MEMORY_ALLOCATION_ALLOCATE","Agent 2",476,"0x0000709d94700000",27576,90980909768306,90980909769966
"MEMORY_ALLOCATION","MEMORY_ALLOCATION_ALLOCATE","Agent 2",128,"0x0000709d94701000",27586,90980909940099,90980909941039
"MEMORY_ALLOCATION","MEMORY_ALLOCATION_ALLOCATE","Agent 2",128,"0x0000709d94702000",27590,90980909967409,90980909968019
"MEMORY_ALLOCATION","MEMORY_ALLOCATION_ALLOCATE","Agent 2",16384,"0x0000709d94703000",27594,90980909978970,90980909979500
"MEMORY_ALLOCATION","MEMORY_ALLOCATION_ALLOCATE","Agent 2",16384,"0x0000709d94707000",27598,90980909994760,90980909995450
"MEMORY_ALLOCATION","MEMORY_ALLOCATION_ALLOCATE","Agent 2",512,"0x0000709d9470b000",27602,90980910048971,90980910049721
"MEMORY_ALLOCATION","MEMORY_ALLOCATION_ALLOCATE","Agent 2",131072,"0x0000709d9470c000",27606,90980910060931,90980910061531
"MEMORY_ALLOCATION","MEMORY_ALLOCATION_ALLOCATE","Agent 2",131072,"0x0000709d9472c000",27610,90980910108142,90980910108942
"MEMORY_ALLOCATION","MEMORY_ALLOCATION_ALLOCATE","Agent 2",16384,"0x0000709d9474c000",27612,90980910112412,90980910112992
"MEMORY_ALLOCATION","MEMORY_ALLOCATION_ALLOCATE","Agent 2",16384,"0x0000709d94750000",27614,90980910116032,90980910116522
"MEMORY_ALLOCATION","MEMORY_ALLOCATION_ALLOCATE","Agent 2",32768,"0x0000709d94754000",27616,90980910119402,90980910119882
"MEMORY_ALLOCATION","MEMORY_ALLOCATION_ALLOCATE","Agent 2",32768,"0x0000709d9475c000",27618,90980910122692,90980910123152
"MEMORY_ALLOCATION","MEMORY_ALLOCATION_ALLOCATE","Agent 2",16384,"0x0000709d94764000",27620,90980910126512,90980910126992
"MEMORY_ALLOCATION","MEMORY_ALLOCATION_ALLOCATE","Agent 2",8192,"0x0000709d94768000",27622,90980910131562,90980910132072
"MEMORY_ALLOCATION","MEMORY_ALLOCATION_ALLOCATE","Agent 2",8192,"0x0000709d9476a000",27624,90980910135292,90980910135742
"MEMORY_ALLOCATION","MEMORY_ALLOCATION_ALLOCATE","Agent 2",16384,"0x0000709d9476c000",27626,90980910138542,90980910138982
"MEMORY_ALLOCATION","MEMORY_ALLOCATION_ALLOCATE","Agent 2",128,"0x0000709d94770000",27628,90980910141902,90980910142322
"MEMORY_ALLOCATION","MEMORY_ALLOCATION_ALLOCATE","Agent 2",128,"0x0000709d94771000",27630,90980910145122,90980910145552
"MEMORY_ALLOCATION","MEMORY_ALLOCATION_ALLOCATE","Agent 2",2097152,"0x0000709d8d400000",27632,90980910148323,90980910211894
"MEMORY_ALLOCATION","MEMORY_ALLOCATION_ALLOCATE","Agent 2",16384,"0x0000709d94772000",27634,90980910216244,90980910216844
"MEMORY_ALLOCATION","MEMORY_ALLOCATION_ALLOCATE","Agent 2",16384,"0x0000709d94776000",27636,90980910219744,90980910220184
"MEMORY_ALLOCATION","MEMORY_ALLOCATION_ALLOCATE","Agent 2",16384,"0x0000709d9477a000",27638,90980910222974,90980910223454
"MEMORY_ALLOCATION","MEMORY_ALLOCATION_ALLOCATE","Agent 2",16384,"0x0000709d9477e000",27640,90980910226214,90980910226654
"MEMORY_ALLOCATION","MEMORY_ALLOCATION_ALLOCATE","Agent 2",49152,"0x0000709d94782000",27642,90980910229494,90980910229944
"MEMORY_ALLOCATION","MEMORY_ALLOCATION_ALLOCATE","Agent 2",16384,"0x0000709d9478e000",27644,90980910232754,90980910233224
"MEMORY_ALLOCATION","MEMORY_ALLOCATION_ALLOCATE","Agent 2",16777216,"0x0000709d8c200000",27670,90980922727973,90980922796024
"MEMORY_ALLOCATION","MEMORY_ALLOCATION_ALLOCATE","Agent 2",2097152,"0x0000709d8be00000",27800,90980930731393,90980930828615
"MEMORY_ALLOCATION","MEMORY_ALLOCATION_ALLOCATE","Agent 2",64,"0x0000709d94792000",27818,90980934730153,90980934734423
"MEMORY_ALLOCATION","MEMORY_ALLOCATION_ALLOCATE","Agent 2",476,"0x0000709d94793000",27828,90980934897596,90980934898616
"MEMORY_ALLOCATION","MEMORY_ALLOCATION_ALLOCATE","Agent 2",65536,"0x0000709d94794000",27844,90980936449973,90980936451463
"MEMORY_ALLOCATION","MEMORY_ALLOCATION_ALLOCATE","Agent 2",8192,"0x0000709d947a4000",27854,90980936624886,90980936626036
"MEMORY_ALLOCATION","MEMORY_ALLOCATION_ALLOCATE","Agent 2",64,"0x0000709d947a6000",27864,90980936775769,90980936776839
"MEMORY_ALLOCATION","MEMORY_ALLOCATION_ALLOCATE","Agent 2",476,"0x0000709d947a7000",27874,90980936924371,90980936925341
"MEMORY_ALLOCATION","MEMORY_ALLOCATION_ALLOCATE","Agent 2",65536,"0x0000709d947a8000",27890,90980938415377,90980938417197
"MEMORY_ALLOCATION","MEMORY_ALLOCATION_ALLOCATE","Agent 2",8192,"0x0000709d947b8000",27900,90980938682422,90980938683572
"MEMORY_ALLOCATION","MEMORY_ALLOCATION_ALLOCATE","Agent 2",64,"0x0000709d947ba000",27910,90980938831415,90980938832395
"MEMORY_ALLOCATION","MEMORY_ALLOCATION_ALLOCATE","Agent 2",476,"0x0000709d947bb000",27920,90980938973507,90980938974427
"MEMORY_ALLOCATION","MEMORY_ALLOCATION_ALLOCATE","Agent 2",8388608,"0x0000709d8b400000",27936,90980940480104,90980940555435
"MEMORY_ALLOCATION","MEMORY_ALLOCATION_ALLOCATE","Agent 2",1048576,"0x0000709d8b000000",28002,90980945141105,90980945241717
"MEMORY_ALLOCATION","MEMORY_ALLOCATION_ALLOCATE","Agent 2",64,"0x0000709d947bc000",28012,90980945899598,90980945903039
"MEMORY_ALLOCATION","MEMORY_ALLOCATION_ALLOCATE","Agent 2",476,"0x0000709d947bd000",28022,90980946083772,90980946085262
"MEMORY_ALLOCATION","MEMORY_ALLOCATION_ALLOCATE","Agent 2",8388608,"0x0000709d8a600000",28038,90980947586178,90980947665679
"MEMORY_ALLOCATION","MEMORY_ALLOCATION_ALLOCATE","Agent 2",2097152,"0x0000709d8a200000",28104,90980952193179,90980952270110
"MEMORY_ALLOCATION","MEMORY_ALLOCATION_ALLOCATE","Agent 2",64,"0x0000709d947be000",28122,90980953416010,90980953419380
"MEMORY_ALLOCATION","MEMORY_ALLOCATION_ALLOCATE","Agent 2",476,"0x0000709d947bf000",28132,90980953840548,90980953841698
"MEMORY_ALLOCATION","MEMORY_ALLOCATION_ALLOCATE","Agent 2",25165824,"0x0000709d88800000",28148,90980955407065,90980955483396
"MEMORY_ALLOCATION","MEMORY_ALLOCATION_ALLOCATE","Agent 2",3145728,"0x0000709d88200000",28342,90980966475449,90980966580991
"MEMORY_ALLOCATION","MEMORY_ALLOCATION_ALLOCATE","Agent 2",64,"0x0000709d947c0000",28368,90980968081637,90980968087017
"MEMORY_ALLOCATION","MEMORY_ALLOCATION_ALLOCATE","Agent 2",476,"0x0000709d947c1000",28378,90980968274580,90980968275740
"MEMORY_ALLOCATION","MEMORY_ALLOCATION_ALLOCATE","Agent 2",25165824,"0x0000709d86800000",28394,90980969932859,90980970043021
"MEMORY_ALLOCATION","MEMORY_ALLOCATION_ALLOCATE","Agent 2",3145728,"0x0000709d86200000",28588,90980982050331,90980982159163
"MEMORY_ALLOCATION","MEMORY_ALLOCATION_ALLOCATE","Agent 2",64,"0x0000709d947c2000",28614,90980996577116,90980996582356
"MEMORY_ALLOCATION","MEMORY_ALLOCATION_ALLOCATE","Agent 2",476,"0x0000709d947c3000",28624,90980996773359,90980996774829
"MEMORY_ALLOCATION","MEMORY_ALLOCATION_ALLOCATE","Agent 2",25165824,"0x0000709d84800000",28640,90980998296596,90980998377197
"MEMORY_ALLOCATION","MEMORY_ALLOCATION_ALLOCATE","Agent 2",3145728,"0x0000709d84200000",28834,90981010310386,90981010419248
"MEMORY_ALLOCATION","MEMORY_ALLOCATION_ALLOCATE","Agent 2",64,"0x0000709d947c4000",28860,90981020588056,90981020595196
"MEMORY_ALLOCATION","MEMORY_ALLOCATION_ALLOCATE","Agent 2",476,"0x0000709d947c5000",28870,90981020773129,90981020774380
"MEMORY_ALLOCATION","MEMORY_ALLOCATION_ALLOCATE","Agent 2",128,"0x0000709d947c6000",28880,90981020946973,90981020948093
"MEMORY_ALLOCATION","MEMORY_ALLOCATION_ALLOCATE","Agent 2",128,"0x0000709d947c7000",28884,90981020962293,90981020962933
"MEMORY_ALLOCATION","MEMORY_ALLOCATION_ALLOCATE","Agent 2",16384,"0x0000709d947c8000",28888,90981020974273,90981020974873
"MEMORY_ALLOCATION","MEMORY_ALLOCATION_ALLOCATE","Agent 2",16384,"0x0000709d947cc000",28892,90981020990483,90981020991093
"MEMORY_ALLOCATION","MEMORY_ALLOCATION_ALLOCATE","Agent 2",512,"0x0000709d947d0000",28896,90981021013584,90981021014234
"MEMORY_ALLOCATION","MEMORY_ALLOCATION_ALLOCATE","Agent 2",131072,"0x0000709d947d1000",28900,90981021025164,90981021025654
"MEMORY_ALLOCATION","MEMORY_ALLOCATION_ALLOCATE","Agent 2",131072,"0x0000709d8b100000",28904,90981021073235,90981021074705
"MEMORY_ALLOCATION","MEMORY_ALLOCATION_ALLOCATE","Agent 2",16384,"0x0000709d947f1000",28906,90981021079155,90981021079835
"MEMORY_ALLOCATION","MEMORY_ALLOCATION_ALLOCATE","Agent 2",16384,"0x0000709d947f5000",28908,90981021082925,90981021083475
"MEMORY_ALLOCATION","MEMORY_ALLOCATION_ALLOCATE","Agent 2",32768,"0x0000709d8b120000",28910,90981021086315,90981021086885
"MEMORY_ALLOCATION","MEMORY_ALLOCATION_ALLOCATE","Agent 2",32768,"0x0000709d8b128000",28912,90981021089925,90981021090485
"MEMORY_ALLOCATION","MEMORY_ALLOCATION_ALLOCATE","Agent 2",16384,"0x0000709d947f9000",28914,90981021093455,90981021093985
"MEMORY_ALLOCATION","MEMORY_ALLOCATION_ALLOCATE","Agent 2",8192,"0x0000709d947fd000",28916,90981021096895,90981021097335
"MEMORY_ALLOCATION","MEMORY_ALLOCATION_ALLOCATE","Agent 2",8192,"0x0000709d8b130000",28918,90981021100195,90981021100715
"MEMORY_ALLOCATION","MEMORY_ALLOCATION_ALLOCATE","Agent 2",16384,"0x0000709d8b132000",28920,90981021105735,90981021106495
"MEMORY_ALLOCATION","MEMORY_ALLOCATION_ALLOCATE","Agent 2",128,"0x0000709d947ff000",28922,90981021109775,90981021110175
"MEMORY_ALLOCATION","MEMORY_ALLOCATION_ALLOCATE","Agent 2",128,"0x0000709d8b136000",28924,90981021113085,90981021113945
"MEMORY_ALLOCATION","MEMORY_ALLOCATION_ALLOCATE","Agent 2",2097152,"0x0000709d83e00000",28926,90981021116845,90981021198847
"MEMORY_ALLOCATION","MEMORY_ALLOCATION_ALLOCATE","Agent 2",16384,"0x0000709d8b137000",28928,90981021203637,90981021204247
"MEMORY_ALLOCATION","MEMORY_ALLOCATION_ALLOCATE","Agent 2",16384,"0x0000709d8b13b000",28930,90981021207727,90981021208207
"MEMORY_ALLOCATION","MEMORY_ALLOCATION_ALLOCATE","Agent 2",16384,"0x0000709d8b13f000",28932,90981021211107,90981021211607
"MEMORY_ALLOCATION","MEMORY_ALLOCATION_ALLOCATE","Agent 2",16384,"0x0000709d8b143000",28934,90981021214527,90981021214997
"MEMORY_ALLOCATION","MEMORY_ALLOCATION_ALLOCATE","Agent 2",49152,"0x0000709d8b147000",28936,90981021217957,90981021218377
"MEMORY_ALLOCATION","MEMORY_ALLOCATION_ALLOCATE","Agent 2",16384,"0x0000709d8b153000",28938,90981021221337,90981021221777
"MEMORY_ALLOCATION","MEMORY_ALLOCATION_ALLOCATE","Agent 2",16777216,"0x0000709d82c00000",28964,90981033311769,90981033426581
"MEMORY_ALLOCATION","MEMORY_ALLOCATION_ALLOCATE","Agent 2",2097152,"0x0000709d82800000",29094,90981042328447,90981042436999
"MEMORY_ALLOCATION","MEMORY_ALLOCATION_ALLOCATE","Agent 2",64,"0x0000709d8b157000",29112,90981049071225,90981049075895
"MEMORY_ALLOCATION","MEMORY_ALLOCATION_ALLOCATE","Agent 2",476,"0x0000709d8b158000",29122,90981049267268,90981049268558
"MEMORY_ALLOCATION","MEMORY_ALLOCATION_ALLOCATE","Agent 2",65536,"0x0000709d8b159000",29138,90981050753654,90981050755404
"MEMORY_ALLOCATION","MEMORY_ALLOCATION_ALLOCATE","Agent 2",8192,"0x0000709d8b169000",29148,90981051060910,90981051062110
"MEMORY_ALLOCATION","MEMORY_ALLOCATION_ALLOCATE","Agent 2",64,"0x0000709d8b16b000",29158,90981051234733,90981051235653
"MEMORY_ALLOCATION","MEMORY_ALLOCATION_ALLOCATE","Agent 2",476,"0x0000709d8b16c000",29168,90981051408876,90981051409756
"MEMORY_ALLOCATION","MEMORY_ALLOCATION_ALLOCATE","Agent 2",65536,"0x0000709d8b16d000",29184,90981052874422,90981052875742
"MEMORY_ALLOCATION","MEMORY_ALLOCATION_ALLOCATE","Agent 2",8192,"0x0000709d8b17d000",29194,90981053157356,90981053158556
"MEMORY_ALLOCATION","MEMORY_ALLOCATION_ALLOCATE","Agent 2",64,"0x0000709d8b17f000",29204,90981053322879,90981053323839
"MEMORY_ALLOCATION","MEMORY_ALLOCATION_ALLOCATE","Agent 2",476,"0x0000709d8b180000",29214,90981053494542,90981053495442
"MEMORY_ALLOCATION","MEMORY_ALLOCATION_ALLOCATE","Agent 2",8388608,"0x0000709d81e00000",29230,90981054947828,90981055076580
"MEMORY_ALLOCATION","MEMORY_ALLOCATION_ALLOCATE","Agent 2",1048576,"0x0000709d81a00000",29296,90981059543578,90981059633240
"MEMORY_ALLOCATION","MEMORY_ALLOCATION_ALLOCATE","Agent 2",64,"0x0000709d8b181000",29306,90981060722919,90981060725929
"MEMORY_ALLOCATION","MEMORY_ALLOCATION_ALLOCATE","Agent 2",476,"0x0000709d8b182000",29316,90981060906612,90981060907882
"MEMORY_ALLOCATION","MEMORY_ALLOCATION_ALLOCATE","Agent 2",8388608,"0x0000709d81000000",29332,90981062415819,90981062488660
"MEMORY_ALLOCATION","MEMORY_ALLOCATION_ALLOCATE","Agent 2",2097152,"0x0000709d80c00000",29398,90981066682003,90981066779415
"MEMORY_ALLOCATION","MEMORY_ALLOCATION_ALLOCATE","Agent 2",64,"0x0000709d8b183000",29416,90981067989196,90981067993376
"MEMORY_ALLOCATION","MEMORY_ALLOCATION_ALLOCATE","Agent 2",476,"0x0000709d8b184000",29426,90981068196270,90981068197380
"MEMORY_ALLOCATION","MEMORY_ALLOCATION_ALLOCATE","Agent 2",25165824,"0x0000709d7f200000",29442,90981069683406,90981069767617
"MEMORY_ALLOCATION","MEMORY_ALLOCATION_ALLOCATE","Agent 2",3145728,"0x0000709d7ec00000",29636,90981081034715,90981081140296
"MEMORY_ALLOCATION","MEMORY_ALLOCATION_ALLOCATE","Agent 2",64,"0x0000709d8b185000",29662,90981082573532,90981082578132
"MEMORY_ALLOCATION","MEMORY_ALLOCATION_ALLOCATE","Agent 2",476,"0x0000709d8b186000",29672,90981082730774,90981082731824
"MEMORY_ALLOCATION","MEMORY_ALLOCATION_ALLOCATE","Agent 2",25165824,"0x0000709d7d200000",29688,90981084294792,90981084403414
"MEMORY_ALLOCATION","MEMORY_ALLOCATION_ALLOCATE","Agent 2",3145728,"0x0000709d7cc00000",29882,90981097035115,90981097132866
"MEMORY_ALLOCATION","MEMORY_ALLOCATION_ALLOCATE","Agent 2",64,"0x0000709d8b187000",29908,90981106501330,90981106510261
"MEMORY_ALLOCATION","MEMORY_ALLOCATION_ALLOCATE","Agent 2",476,"0x0000709d8b188000",29918,90981106675864,90981106676964
"MEMORY_ALLOCATION","MEMORY_ALLOCATION_ALLOCATE","Agent 2",25165824,"0x0000709d7b200000",29934,90981108237721,90981108341153
"MEMORY_ALLOCATION","MEMORY_ALLOCATION_ALLOCATE","Agent 2",3145728,"0x0000709d7ac00000",30128,90981119831764,90981119936126
"MEMORY_ALLOCATION","MEMORY_ALLOCATION_ALLOCATE","Agent 2",64,"0x0000709d8b189000",30154,90981128349303,90981128357223
"MEMORY_ALLOCATION","MEMORY_ALLOCATION_ALLOCATE","Agent 2",476,"0x0000709d8b18a000",30164,90981128514996,90981128516626
"MEMORY_ALLOCATION","MEMORY_ALLOCATION_ALLOCATE","Agent 2",128,"0x0000709d8b18b000",30174,90981128692479,90981128693469
"MEMORY_ALLOCATION","MEMORY_ALLOCATION_ALLOCATE","Agent 2",128,"0x0000709d8b18c000",30178,90981128707669,90981128708319
"MEMORY_ALLOCATION","MEMORY_ALLOCATION_ALLOCATE","Agent 2",16384,"0x0000709d8b18d000",30182,90981128719719,90981128720299
"MEMORY_ALLOCATION","MEMORY_ALLOCATION_ALLOCATE","Agent 2",16384,"0x0000709d8b191000",30186,90981128735100,90981128735780
"MEMORY_ALLOCATION","MEMORY_ALLOCATION_ALLOCATE","Agent 2",512,"0x0000709d8b195000",30190,90981128750990,90981128751530
"MEMORY_ALLOCATION","MEMORY_ALLOCATION_ALLOCATE","Agent 2",131072,"0x0000709d8b196000",30194,90981128763330,90981128763910
"MEMORY_ALLOCATION","MEMORY_ALLOCATION_ALLOCATE","Agent 2",131072,"0x0000709d8b1b6000",30198,90981128812251,90981128813071
"MEMORY_ALLOCATION","MEMORY_ALLOCATION_ALLOCATE","Agent 2",16384,"0x0000709d8b1d6000",30200,90981128816451,90981128816951
"MEMORY_ALLOCATION","MEMORY_ALLOCATION_ALLOCATE","Agent 2",16384,"0x0000709d8b1da000",30202,90981128819961,90981128820381
"MEMORY_ALLOCATION","MEMORY_ALLOCATION_ALLOCATE","Agent 2",32768,"0x0000709d8b1de000",30204,90981128823381,90981128823831
"MEMORY_ALLOCATION","MEMORY_ALLOCATION_ALLOCATE","Agent 2",32768,"0x0000709d8b1e6000",30206,90981128826831,90981128827351
"MEMORY_ALLOCATION","MEMORY_ALLOCATION_ALLOCATE","Agent 2",16384,"0x0000709d8b1ee000",30208,90981128830921,90981128831431
"MEMORY_ALLOCATION","MEMORY_ALLOCATION_ALLOCATE","Agent 2",8192,"0x0000709d8b1f2000",30210,90981128834631,90981128835171
"MEMORY_ALLOCATION","MEMORY_ALLOCATION_ALLOCATE","Agent 2",8192,"0x0000709d8b1f4000",30212,90981128838032,90981128838492
"MEMORY_ALLOCATION","MEMORY_ALLOCATION_ALLOCATE","Agent 2",16384,"0x0000709d8b1f6000",30214,90981128841252,90981128841722
"MEMORY_ALLOCATION","MEMORY_ALLOCATION_ALLOCATE","Agent 2",128,"0x0000709d8b1fa000",30216,90981128844582,90981128845082
"MEMORY_ALLOCATION","MEMORY_ALLOCATION_ALLOCATE","Agent 2",128,"0x0000709d8b1fb000",30218,90981128847952,90981128848372
"MEMORY_ALLOCATION","MEMORY_ALLOCATION_ALLOCATE","Agent 2",2097152,"0x0000709d7a800000",30220,90981128851182,90981128953954
"MEMORY_ALLOCATION","MEMORY_ALLOCATION_ALLOCATE","Agent 2",16384,"0x0000709d8b1fc000",30222,90981128958464,90981128959044
"MEMORY_ALLOCATION","MEMORY_ALLOCATION_ALLOCATE","Agent 2",16384,"0x0000709d81b00000",30224,90981128961944,90981128962754
"MEMORY_ALLOCATION","MEMORY_ALLOCATION_ALLOCATE","Agent 2",16384,"0x0000709d81b04000",30226,90981128965794,90981128966314
"MEMORY_ALLOCATION","MEMORY_ALLOCATION_ALLOCATE","Agent 2",16384,"0x0000709d81b08000",30228,90981128969224,90981128969724
"MEMORY_ALLOCATION","MEMORY_ALLOCATION_ALLOCATE","Agent 2",49152,"0x0000709d81b0c000",30230,90981128972954,90981128973394
"MEMORY_ALLOCATION","MEMORY_ALLOCATION_ALLOCATE","Agent 2",16384,"0x0000709d81b18000",30232,90981128976244,90981128976714
"MEMORY_ALLOCATION","MEMORY_ALLOCATION_ALLOCATE","Agent 2",16777216,"0x0000709d79600000",30258,90981141384071,90981141523954
"MEMORY_ALLOCATION","MEMORY_ALLOCATION_ALLOCATE","Agent 2",2097152,"0x0000709d79200000",30388,90981149775258,90981149880660
"MEMORY_ALLOCATION","MEMORY_ALLOCATION_ALLOCATE","Agent 2",64,"0x0000709d81b1c000",30406,90981153883330,90981153887060
"MEMORY_ALLOCATION","MEMORY_ALLOCATION_ALLOCATE","Agent 2",476,"0x0000709d81b1d000",30416,90981154052533,90981154053973
"MEMORY_ALLOCATION","MEMORY_ALLOCATION_ALLOCATE","Agent 2",2097152,"0x0000709d78e00000",30432,90981155670141,90981155750553
"MEMORY_ALLOCATION","MEMORY_ALLOCATION_ALLOCATE","Agent 2",524288,"0x0000709d81b1e000",30450,90981156866782,90981156868702
"MEMORY_ALLOCATION","MEMORY_ALLOCATION_ALLOCATE","Agent 2",64,"0x0000709d81b9e000",30460,90981157257429,90981157258629
"MEMORY_ALLOCATION","MEMORY_ALLOCATION_ALLOCATE","Agent 2",476,"0x0000709d81b9f000",30470,90981157401442,90981157402282
"MEMORY_ALLOCATION","MEMORY_ALLOCATION_ALLOCATE","Agent 2",2097152,"0x0000709d78a00000",30486,90981158898458,90981158967709
"MEMORY_ALLOCATION","MEMORY_ALLOCATION_ALLOCATE","Agent 2",524288,"0x0000709d78600000",30504,90981160149010,90981160199741
"MEMORY_ALLOCATION","MEMORY_ALLOCATION_ALLOCATE","Agent 2",64,"0x0000709d81ba0000",30514,90981160566637,90981160568417
"MEMORY_ALLOCATION","MEMORY_ALLOCATION_ALLOCATE","Agent 2",476,"0x0000709d81ba1000",30524,90981160721360,90981160722300
"MEMORY_ALLOCATION","MEMORY_ALLOCATION_ALLOCATE","Agent 2",8388608,"0x0000709d77c00000",30540,90981162237286,90981162289257
"MEMORY_ALLOCATION","MEMORY_ALLOCATION_ALLOCATE","Agent 2",2097152,"0x0000709d77800000",30606,90981166204436,90981166294687
"MEMORY_ALLOCATION","MEMORY_ALLOCATION_ALLOCATE","Agent 2",64,"0x0000709d81ba2000",30624,90981167324525,90981167328105
"MEMORY_ALLOCATION","MEMORY_ALLOCATION_ALLOCATE","Agent 2",476,"0x0000709d81ba3000",30634,90981167474238,90981167475218
"MEMORY_ALLOCATION","MEMORY_ALLOCATION_ALLOCATE","Agent 2",25165824,"0x0000709d75e00000",30650,90981168983134,90981169083426
"MEMORY_ALLOCATION","MEMORY_ALLOCATION_ALLOCATE","Agent 2",3145728,"0x0000709d75800000",30844,90981180506446,90981180612748
"MEMORY_ALLOCATION","MEMORY_ALLOCATION_ALLOCATE","Agent 2",64,"0x0000709d81ba4000",30870,90981182119854,90981182123965
"MEMORY_ALLOCATION","MEMORY_ALLOCATION_ALLOCATE","Agent 2",476,"0x0000709d81ba5000",30880,90981182299298,90981182300408
"MEMORY_ALLOCATION","MEMORY_ALLOCATION_ALLOCATE","Agent 2",25165824,"0x0000709d73e00000",30896,90981183821194,90981183901636
"MEMORY_ALLOCATION","MEMORY_ALLOCATION_ALLOCATE","Agent 2",3145728,"0x0000709d73800000",31090,90981195130452,90981195240844
"MEMORY_ALLOCATION","MEMORY_ALLOCATION_ALLOCATE","Agent 2",64,"0x0000709d81ba6000",31116,90981209391522,90981209397332
"MEMORY_ALLOCATION","MEMORY_ALLOCATION_ALLOCATE","Agent 2",476,"0x0000709d81ba7000",31126,90981209571525,90981209572455
"MEMORY_ALLOCATION","MEMORY_ALLOCATION_ALLOCATE","Agent 2",25165824,"0x0000709d71e00000",31142,90981211229644,90981211315016
"MEMORY_ALLOCATION","MEMORY_ALLOCATION_ALLOCATE","Agent 2",3145728,"0x0000709d71800000",31336,90981223224004,90981223321426
"MEMORY_ALLOCATION","MEMORY_ALLOCATION_ALLOCATE","Agent 2",64,"0x0000709d81ba8000",31362,90981230968850,90981230976890
"MEMORY_ALLOCATION","MEMORY_ALLOCATION_ALLOCATE","Agent 2",476,"0x0000709d81ba9000",31372,90981231201914,90981231202984
"MEMORY_ALLOCATION","MEMORY_ALLOCATION_ALLOCATE","Agent 2",16384,"0x0000709d81baa000",31382,90981231423358,90981231424358
"MEMORY_ALLOCATION","MEMORY_ALLOCATION_ALLOCATE","Agent 2",1024,"0x0000709d81bae000",31386,90981231442478,90981231443088
"MEMORY_ALLOCATION","MEMORY_ALLOCATION_ALLOCATE","Agent 2",1024,"0x0000709d81baf000",31390,90981231454688,90981231455278
"MEMORY_ALLOCATION","MEMORY_ALLOCATION_ALLOCATE","Agent 2",16384,"0x0000709d81bb0000",31394,90981231466198,90981231466748
"MEMORY_ALLOCATION","MEMORY_ALLOCATION_ALLOCATE","Agent 2",64,"0x0000709d81bb4000",31398,90981231484099,90981231484879
"MEMORY_ALLOCATION","MEMORY_ALLOCATION_ALLOCATE","Agent 2",16384,"0x0000709d81bb5000",31400,90981231487989,90981231488469
"MEMORY_ALLOCATION","MEMORY_ALLOCATION_ALLOCATE","Agent 2",16384,"0x0000709d81bb9000",31402,90981231491339,90981231491889
"MEMORY_ALLOCATION","MEMORY_ALLOCATION_ALLOCATE","Agent 2",32768,"0x0000709d81bbd000",31404,90981231494949,90981231495419
"MEMORY_ALLOCATION","MEMORY_ALLOCATION_ALLOCATE","Agent 2",16384,"0x0000709d81bc5000",31406,90981231498259,90981231498719
"MEMORY_ALLOCATION","MEMORY_ALLOCATION_ALLOCATE","Agent 2",4096,"0x0000709d81bc9000",31408,90981231501539,90981231501929
"MEMORY_ALLOCATION","MEMORY_ALLOCATION_ALLOCATE","Agent 2",4096,"0x0000709d81bca000",31410,90981231504659,90981231505069
"MEMORY_ALLOCATION","MEMORY_ALLOCATION_ALLOCATE","Agent 2",16384,"0x0000709d81bcb000",31412,90981231507879,90981231508279
"MEMORY_ALLOCATION","MEMORY_ALLOCATION_ALLOCATE","Agent 2",4096,"0x0000709d81bcf000",31414,90981231511039,90981231511439
"MEMORY_ALLOCATION","MEMORY_ALLOCATION_ALLOCATE","Agent 2",16384,"0x0000709d81bd0000",31416,90981231514479,90981231515009
"MEMORY_ALLOCATION","MEMORY_ALLOCATION_ALLOCATE","Agent 2",4096,"0x0000709d81bd4000",31418,90981231517789,90981231518239
"MEMORY_ALLOCATION","MEMORY_ALLOCATION_ALLOCATE","Agent 2",16777216,"0x0000709d70600000",31420,90981231521109,90981231627471
"MEMORY_ALLOCATION","MEMORY_ALLOCATION_ALLOCATE","Agent 2",16777216,"0x0000709d6f400000",31422,90981231632781,90981231666062
"MEMORY_ALLOCATION","MEMORY_ALLOCATION_ALLOCATE","Agent 2",16384,"0x0000709d81bd5000",31424,90981231669862,90981231670642
"MEMORY_ALLOCATION","MEMORY_ALLOCATION_ALLOCATE","Agent 2",16384,"0x0000709d81bd9000",31426,90981231673862,90981231674332
"MEMORY_ALLOCATION","MEMORY_ALLOCATION_ALLOCATE","Agent 2",16384,"0x0000709d81bdd000",31428,90981231677252,90981231677692
"MEMORY_ALLOCATION","MEMORY_ALLOCATION_ALLOCATE","Agent 2",16384,"0x0000709d81be1000",31430,90981231680462,90981231680882
"MEMORY_ALLOCATION","MEMORY_ALLOCATION_ALLOCATE","Agent 2",49152,"0x0000709d81be5000",31432,90981231683692,90981231684132
"MEMORY_ALLOCATION","MEMORY_ALLOCATION_ALLOCATE","Agent 2",16384,"0x0000709d81bf1000",31434,90981231686872,90981231687252
"MEMORY_ALLOCATION","MEMORY_ALLOCATION_ALLOCATE","Agent 2",528384,"0x0000709d78680000",31436,90981231691082,90981231691882
"MEMORY_ALLOCATION","MEMORY_ALLOCATION_ALLOCATE","Agent 2",16777216,"0x0000709d6e200000",31458,90981282224687,90981282395450
"MEMORY_ALLOCATION","MEMORY_ALLOCATION_ALLOCATE","Agent 2",2097152,"0x0000709d6de00000",31588,90981291138973,90981291249725
"MEMORY_ALLOCATION","MEMORY_ALLOCATION_ALLOCATE","Agent 2",64,"0x0000709d81bf5000",31606,90981295407958,90981295412078
"MEMORY_ALLOCATION","MEMORY_ALLOCATION_ALLOCATE","Agent 2",476,"0x0000709d81bf6000",31616,90981295566641,90981295568201
"MEMORY_ALLOCATION","MEMORY_ALLOCATION_ALLOCATE","Agent 2",65536,"0x0000709d78701000",31632,90981297125718,90981297127498
"MEMORY_ALLOCATION","MEMORY_ALLOCATION_ALLOCATE","Agent 2",8192,"0x0000709d81bf7000",31642,90981297291711,90981297293021
"MEMORY_ALLOCATION","MEMORY_ALLOCATION_ALLOCATE","Agent 2",64,"0x0000709d81bf9000",31652,90981297432134,90981297433204
"MEMORY_ALLOCATION","MEMORY_ALLOCATION_ALLOCATE","Agent 2",476,"0x0000709d81bfa000",31662,90981297572176,90981297573066
"MEMORY_ALLOCATION","MEMORY_ALLOCATION_ALLOCATE","Agent 2",65536,"0x0000709d78711000",31678,90981299075052,90981299076352
"MEMORY_ALLOCATION","MEMORY_ALLOCATION_ALLOCATE","Agent 2",8192,"0x0000709d81bfb000",31688,90981299239905,90981299241115
"MEMORY_ALLOCATION","MEMORY_ALLOCATION_ALLOCATE","Agent 2",64,"0x0000709d81bfd000",31698,90981299388008,90981299389078
"MEMORY_ALLOCATION","MEMORY_ALLOCATION_ALLOCATE","Agent 2",476,"0x0000709d81bfe000",31708,90981299534360,90981299535270
"MEMORY_ALLOCATION","MEMORY_ALLOCATION_ALLOCATE","Agent 2",8388608,"0x0000709d6d400000",31724,90981300990486,90981301096618
"MEMORY_ALLOCATION","MEMORY_ALLOCATION_ALLOCATE","Agent 2",1048576,"0x0000709d6d000000",31790,90981305533025,90981305618057
"MEMORY_ALLOCATION","MEMORY_ALLOCATION_ALLOCATE","Agent 2",64,"0x0000709d81bff000",31800,90981306208877,90981306213557
"MEMORY_ALLOCATION","MEMORY_ALLOCATION_ALLOCATE","Agent 2",476,"0x0000709d78721000",31810,90981306367070,90981306368680
"MEMORY_ALLOCATION","MEMORY_ALLOCATION_ALLOCATE","Agent 2",8388608,"0x0000709d6c600000",31826,90981307898837,90981307976428
"MEMORY_ALLOCATION","MEMORY_ALLOCATION_ALLOCATE","Agent 2",2097152,"0x0000709d6c200000",31892,90981311943688,90981312078310
"MEMORY_ALLOCATION","MEMORY_ALLOCATION_ALLOCATE","Agent 2",64,"0x0000709d78722000",31910,90981313107778,90981313110648
"MEMORY_ALLOCATION","MEMORY_ALLOCATION_ALLOCATE","Agent 2",476,"0x0000709d78723000",31920,90981313283281,90981313284361
"MEMORY_ALLOCATION","MEMORY_ALLOCATION_ALLOCATE","Agent 2",25165824,"0x0000709d6a800000",31936,90981314801208,90981314864369
"MEMORY_ALLOCATION","MEMORY_ALLOCATION_ALLOCATE","Agent 2",3145728,"0x0000709d6a200000",32130,90981326211587,90981326324059
"MEMORY_ALLOCATION","MEMORY_ALLOCATION_ALLOCATE","Agent 2",64,"0x0000709d78724000",32156,90981329742719,90981329747439
"MEMORY_ALLOCATION","MEMORY_ALLOCATION_ALLOCATE","Agent 2",476,"0x0000709d78725000",32166,90981329899762,90981329900932
"MEMORY_ALLOCATION","MEMORY_ALLOCATION_ALLOCATE","Agent 2",25165824,"0x0000709d68800000",32182,90981331454919,90981331535671
"MEMORY_ALLOCATION","MEMORY_ALLOCATION_ALLOCATE","Agent 2",3145728,"0x0000709d68200000",32376,90981343072483,90981343173285
"MEMORY_ALLOCATION","MEMORY_ALLOCATION_ALLOCATE","Agent 2",64,"0x0000709d78726000",32402,90981357765210,90981357770900
"MEMORY_ALLOCATION","MEMORY_ALLOCATION_ALLOCATE","Agent 2",476,"0x0000709d78727000",32412,90981357933243,90981357934333
"MEMORY_ALLOCATION","MEMORY_ALLOCATION_ALLOCATE","Agent 2",25165824,"0x0000709d66800000",32428,90981359575702,90981359678963
"MEMORY_ALLOCATION","MEMORY_ALLOCATION_ALLOCATE","Agent 2",3145728,"0x0000709d66200000",32622,90981371354288,90981371456330
"MEMORY_ALLOCATION","MEMORY_ALLOCATION_ALLOCATE","Agent 2",64,"0x0000709d78728000",32648,90981377345193,90981377349593
"MEMORY_ALLOCATION","MEMORY_ALLOCATION_ALLOCATE","Agent 2",476,"0x0000709d78729000",32658,90981377507186,90981377508926
"MEMORY_ALLOCATION","MEMORY_ALLOCATION_ALLOCATE","Agent 2",128,"0x0000709d7872a000",32668,90981377686349,90981377688069
"MEMORY_ALLOCATION","MEMORY_ALLOCATION_ALLOCATE","Agent 2",128,"0x0000709d7872b000",32672,90981377701059,90981377701629
"MEMORY_ALLOCATION","MEMORY_ALLOCATION_ALLOCATE","Agent 2",16384,"0x0000709d7872c000",32676,90981377712719,90981377713209
"MEMORY_ALLOCATION","MEMORY_ALLOCATION_ALLOCATE","Agent 2",16384,"0x0000709d78730000",32680,90981377728979,90981377729540
"MEMORY_ALLOCATION","MEMORY_ALLOCATION_ALLOCATE","Agent 2",512,"0x0000709d78734000",32684,90981377744660,90981377745160
"MEMORY_ALLOCATION","MEMORY_ALLOCATION_ALLOCATE","Agent 2",131072,"0x0000709d78735000",32688,90981377759120,90981377759710
"MEMORY_ALLOCATION","MEMORY_ALLOCATION_ALLOCATE","Agent 2",131072,"0x0000709d78755000",32692,90981377808771,90981377809481
"MEMORY_ALLOCATION","MEMORY_ALLOCATION_ALLOCATE","Agent 2",16384,"0x0000709d78775000",32694,90981377812681,90981377813131
"MEMORY_ALLOCATION","MEMORY_ALLOCATION_ALLOCATE","Agent 2",16384,"0x0000709d78779000",32696,90981377815971,90981377816431
"MEMORY_ALLOCATION","MEMORY_ALLOCATION_ALLOCATE","Agent 2",32768,"0x0000709d7877d000",32698,90981377819221,90981377819641
"MEMORY_ALLOCATION","MEMORY_ALLOCATION_ALLOCATE","Agent 2",32768,"0x0000709d78785000",32700,90981377822441,90981377822871
"MEMORY_ALLOCATION","MEMORY_ALLOCATION_ALLOCATE","Agent 2",16384,"0x0000709d7878d000",32702,90981377826171,90981377826561
"MEMORY_ALLOCATION","MEMORY_ALLOCATION_ALLOCATE","Agent 2",8192,"0x0000709d78791000",32704,90981377829291,90981377829681
"MEMORY_ALLOCATION","MEMORY_ALLOCATION_ALLOCATE","Agent 2",8192,"0x0000709d78793000",32706,90981377834591,90981377835141
"MEMORY_ALLOCATION","MEMORY_ALLOCATION_ALLOCATE","Agent 2",16384,"0x0000709d78795000",32708,90981377838331,90981377838771
"MEMORY_ALLOCATION","MEMORY_ALLOCATION_ALLOCATE","Agent 2",128,"0x0000709d78799000",32710,90981377841821,90981377842231
"MEMORY_ALLOCATION","MEMORY_ALLOCATION_ALLOCATE","Agent 2",128,"0x0000709d7879a000",32712,90981377846122,90981377846642
"MEMORY_ALLOCATION","MEMORY_ALLOCATION_ALLOCATE","Agent 2",2097152,"0x0000709d65e00000",32714,90981377849872,90981377921273
"MEMORY_ALLOCATION","MEMORY_ALLOCATION_ALLOCATE","Agent 2",16384,"0x0000709d7879b000",32716,90981377926393,90981377927113
"MEMORY_ALLOCATION","MEMORY_ALLOCATION_ALLOCATE","Agent 2",16384,"0x0000709d7879f000",32718,90981377930163,90981377930723
"MEMORY_ALLOCATION","MEMORY_ALLOCATION_ALLOCATE","Agent 2",16384,"0x0000709d787a3000",32720,90981377934423,90981377934893
"MEMORY_ALLOCATION","MEMORY_ALLOCATION_ALLOCATE","Agent 2",16384,"0x0000709d787a7000",32722,90981377937743,90981377938213
"MEMORY_ALLOCATION","MEMORY_ALLOCATION_ALLOCATE","Agent 2",49152,"0x0000709d787ab000",32724,90981377941163,90981377941603
"MEMORY_ALLOCATION","MEMORY_ALLOCATION_ALLOCATE","Agent 2",16384,"0x0000709d787b7000",32726,90981377944433,90981377944843
"MEMORY_ALLOCATION","MEMORY_ALLOCATION_ALLOCATE","Agent 2",16777216,"0x0000709d64c00000",32752,90981390446422,90981390657106
"MEMORY_ALLOCATION","MEMORY_ALLOCATION_ALLOCATE","Agent 2",2097152,"0x0000709d64800000",32882,90981398739977,90981398846569
"MEMORY_ALLOCATION","MEMORY_ALLOCATION_ALLOCATE","Agent 2",64,"0x0000709d787bb000",32900,90981405170220,90981405174290
"MEMORY_ALLOCATION","MEMORY_ALLOCATION_ALLOCATE","Agent 2",476,"0x0000709d787bc000",32910,90981405557257,90981405558457
"MEMORY_ALLOCATION","MEMORY_ALLOCATION_ALLOCATE","Agent 2",65536,"0x0000709d787bd000",32926,90981407205126,90981407206646
"MEMORY_ALLOCATION","MEMORY_ALLOCATION_ALLOCATE","Agent 2",8192,"0x0000709d787cd000",32936,90981407474510,90981407475790
"MEMORY_ALLOCATION","MEMORY_ALLOCATION_ALLOCATE","Agent 2",64,"0x0000709d787cf000",32946,90981407640043,90981407641033
"MEMORY_ALLOCATION","MEMORY_ALLOCATION_ALLOCATE","Agent 2",476,"0x0000709d787d0000",32956,90981407791276,90981407792136
"MEMORY_ALLOCATION","MEMORY_ALLOCATION_ALLOCATE","Agent 2",65536,"0x0000709d787d1000",32972,90981409313503,90981409314803
"MEMORY_ALLOCATION","MEMORY_ALLOCATION_ALLOCATE","Agent 2",8192,"0x0000709d787e1000",32982,90981409581797,90981409582927
"MEMORY_ALLOCATION","MEMORY_ALLOCATION_ALLOCATE","Agent 2",64,"0x0000709d787e3000",32992,90981409757440,90981409758580
"MEMORY_ALLOCATION","MEMORY_ALLOCATION_ALLOCATE","Agent 2",476,"0x0000709d787e4000",33002,90981409916133,90981409917083
"MEMORY_ALLOCATION","MEMORY_ALLOCATION_ALLOCATE","Agent 2",8388608,"0x0000709d63e00000",33018,90981411408549,90981411502621
"MEMORY_ALLOCATION","MEMORY_ALLOCATION_ALLOCATE","Agent 2",1048576,"0x0000709d6d100000",33084,90981415782666,90981415787836
"MEMORY_ALLOCATION","MEMORY_ALLOCATION_ALLOCATE","Agent 2",64,"0x0000709d787e5000",33094,90981416319925,90981416322775
"MEMORY_ALLOCATION","MEMORY_ALLOCATION_ALLOCATE","Agent 2",476,"0x0000709d787e6000",33104,90981416468458,90981416469688
"MEMORY_ALLOCATION","MEMORY_ALLOCATION_ALLOCATE","Agent 2",8388608,"0x0000709d63400000",33120,90981417973264,90981418104946
"MEMORY_ALLOCATION","MEMORY_ALLOCATION_ALLOCATE","Agent 2",2097152,"0x0000709d63000000",33186,90981421962244,90981422081416
"MEMORY_ALLOCATION","MEMORY_ALLOCATION_ALLOCATE","Agent 2",64,"0x0000709d787e7000",33204,90981423108644,90981423112224
"MEMORY_ALLOCATION","MEMORY_ALLOCATION_ALLOCATE","Agent 2",476,"0x0000709d787e8000",33214,90981423259657,90981423260757
"MEMORY_ALLOCATION","MEMORY_ALLOCATION_ALLOCATE","Agent 2",25165824,"0x0000709d61600000",33230,90981424779803,90981424842434
"MEMORY_ALLOCATION","MEMORY_ALLOCATION_ALLOCATE","Agent 2",3145728,"0x0000709d61000000",33424,90981436406687,90981436516989
"MEMORY_ALLOCATION","MEMORY_ALLOCATION_ALLOCATE","Agent 2",64,"0x0000709d787e9000",33450,90981446902361,90981446907441
"MEMORY_ALLOCATION","MEMORY_ALLOCATION_ALLOCATE","Agent 2",476,"0x0000709d787ea000",33460,90981447130355,90981447131575
"MEMORY_ALLOCATION","MEMORY_ALLOCATION_ALLOCATE","Agent 2",25165824,"0x0000709d5f600000",33476,90981448654251,90981448740473
"MEMORY_ALLOCATION","MEMORY_ALLOCATION_ALLOCATE","Agent 2",3145728,"0x0000709d5f000000",33670,90981460753053,90981460869185
"MEMORY_ALLOCATION","MEMORY_ALLOCATION_ALLOCATE","Agent 2",64,"0x0000709d787eb000",33696,90981475422350,90981475427410
"MEMORY_ALLOCATION","MEMORY_ALLOCATION_ALLOCATE","Agent 2",476,"0x0000709d787ec000",33706,90981475601893,90981475603253
"MEMORY_ALLOCATION","MEMORY_ALLOCATION_ALLOCATE","Agent 2",25165824,"0x0000709d5d600000",33722,90981477119640,90981477242772
"MEMORY_ALLOCATION","MEMORY_ALLOCATION_ALLOCATE","Agent 2",3145728,"0x0000709d5d000000",33916,90981488979137,90981489123350
"MEMORY_ALLOCATION","MEMORY_ALLOCATION_ALLOCATE","Agent 2",64,"0x0000709d787ed000",33942,90981493468886,90981493473926
"MEMORY_ALLOCATION","MEMORY_ALLOCATION_ALLOCATE","Agent 2",476,"0x0000709d787ee000",33952,90981493846143,90981493847583
"MEMORY_ALLOCATION","MEMORY_ALLOCATION_ALLOCATE","Agent 2",128,"0x0000709d787ef000",33962,90981494068606,90981494069606
"MEMORY_ALLOCATION","MEMORY_ALLOCATION_ALLOCATE","Agent 2",128,"0x0000709d787f0000",33966,90981494084167,90981494084827
"MEMORY_ALLOCATION","MEMORY_ALLOCATION_ALLOCATE","Agent 2",16384,"0x0000709d787f1000",33970,90981494096277,90981494096837
"MEMORY_ALLOCATION","MEMORY_ALLOCATION_ALLOCATE","Agent 2",16384,"0x0000709d787f5000",33974,90981494111877,90981494112467
"MEMORY_ALLOCATION","MEMORY_ALLOCATION_ALLOCATE","Agent 2",512,"0x0000709d787f9000",33978,90981494127347,90981494127907
"MEMORY_ALLOCATION","MEMORY_ALLOCATION_ALLOCATE","Agent 2",131072,"0x0000709d5cc00000",33982,90981494139518,90981494226299
"MEMORY_ALLOCATION","MEMORY_ALLOCATION_ALLOCATE","Agent 2",131072,"0x0000709d5cc20000",33986,90981494280130,90981494281170
"MEMORY_ALLOCATION","MEMORY_ALLOCATION_ALLOCATE","Agent 2",16384,"0x0000709d787fa000",33988,90981494284860,90981494285690
"MEMORY_ALLOCATION","MEMORY_ALLOCATION_ALLOCATE","Agent 2",16384,"0x0000709d5cc40000",33990,90981494289170,90981494289770
"MEMORY_ALLOCATION","MEMORY_ALLOCATION_ALLOCATE","Agent 2",32768,"0x0000709d5cc44000",33992,90981494292880,90981494293430
"MEMORY_ALLOCATION","MEMORY_ALLOCATION_ALLOCATE","Agent 2",32768,"0x0000709d5cc4c000",33994,90981494296290,90981494296810
"MEMORY_ALLOCATION","MEMORY_ALLOCATION_ALLOCATE","Agent 2",16384,"0x0000709d5cc54000",33996,90981494300010,90981494300500
"MEMORY_ALLOCATION","MEMORY_ALLOCATION_ALLOCATE","Agent 2",8192,"0x0000709d787fe000",33998,90981494303361,90981494303831
"MEMORY_ALLOCATION","MEMORY_ALLOCATION_ALLOCATE","Agent 2",8192,"0x0000709d5cc58000",34000,90981494306921,90981494307491
"MEMORY_ALLOCATION","MEMORY_ALLOCATION_ALLOCATE","Agent 2",16384,"0x0000709d5cc5a000",34002,90981494310301,90981494310721
"MEMORY_ALLOCATION","MEMORY_ALLOCATION_ALLOCATE","Agent 2",128,"0x0000709d5cc5e000",34004,90981494313401,90981494313931
"MEMORY_ALLOCATION","MEMORY_ALLOCATION_ALLOCATE","Agent 2",128,"0x0000709d5cc5f000",34006,90981494316841,90981494317331
"MEMORY_ALLOCATION","MEMORY_ALLOCATION_ALLOCATE","Agent 2",2097152,"0x0000709d5c800000",34008,90981494320061,90981494357311
"MEMORY_ALLOCATION","MEMORY_ALLOCATION_ALLOCATE","Agent 2",16384,"0x0000709d5cc60000",34010,90981494361032,90981494361642
"MEMORY_ALLOCATION","MEMORY_ALLOCATION_ALLOCATE","Agent 2",16384,"0x0000709d5cc64000",34012,90981494364462,90981494364842
"MEMORY_ALLOCATION","MEMORY_ALLOCATION_ALLOCATE","Agent 2",16384,"0x0000709d5cc68000",34014,90981494367602,90981494368042
"MEMORY_ALLOCATION","MEMORY_ALLOCATION_ALLOCATE","Agent 2",16384,"0x0000709d5cc6c000",34016,90981494370912,90981494371402
"MEMORY_ALLOCATION","MEMORY_ALLOCATION_ALLOCATE","Agent 2",49152,"0x0000709d5cc70000",34018,90981494374302,90981494374782
"MEMORY_ALLOCATION","MEMORY_ALLOCATION_ALLOCATE","Agent 2",16384,"0x0000709d5cc7c000",34020,90981494377662,90981494378112
"MEMORY_ALLOCATION","MEMORY_ALLOCATION_ALLOCATE","Agent 2",16777216,"0x0000709d5b600000",34046,90981506381922,90981506483944
"MEMORY_ALLOCATION","MEMORY_ALLOCATION_ALLOCATE","Agent 2",2097152,"0x0000709d5b200000",34176,90981514885061,90981514988583
"MEMORY_ALLOCATION","MEMORY_ALLOCATION_ALLOCATE","Agent 2",64,"0x0000709d5cc80000",34194,90981522880521,90981522888081
"MEMORY_ALLOCATION","MEMORY_ALLOCATION_ALLOCATE","Agent 2",476,"0x0000709d5cc81000",34204,90981523082474,90981523083645
"MEMORY_ALLOCATION","MEMORY_ALLOCATION_ALLOCATE","Agent 2",65536,"0x0000709d5cc82000",34220,90981524656702,90981524658232
"MEMORY_ALLOCATION","MEMORY_ALLOCATION_ALLOCATE","Agent 2",8192,"0x0000709d5cc92000",34230,90981524831795,90981524832945
"MEMORY_ALLOCATION","MEMORY_ALLOCATION_ALLOCATE","Agent 2",64,"0x0000709d5cc94000",34240,90981524988298,90981524989868
"MEMORY_ALLOCATION","MEMORY_ALLOCATION_ALLOCATE","Agent 2",476,"0x0000709d5cc95000",34250,90981525192561,90981525193471
"MEMORY_ALLOCATION","MEMORY_ALLOCATION_ALLOCATE","Agent 2",65536,"0x0000709d5cc96000",34266,90981526590286,90981526591636
"MEMORY_ALLOCATION","MEMORY_ALLOCATION_ALLOCATE","Agent 2",8192,"0x0000709d5cca6000",34276,90981526762809,90981526763849
"MEMORY_ALLOCATION","MEMORY_ALLOCATION_ALLOCATE","Agent 2",64,"0x0000709d5cca8000",34286,90981526916532,90981526917582
"MEMORY_ALLOCATION","MEMORY_ALLOCATION_ALLOCATE","Agent 2",476,"0x0000709d5cca9000",34296,90981527104515,90981527105395
"MEMORY_ALLOCATION","MEMORY_ALLOCATION_ALLOCATE","Agent 2",8388608,"0x0000709d5a800000",34312,90981528724543,90981528834635
"MEMORY_ALLOCATION","MEMORY_ALLOCATION_ALLOCATE","Agent 2",1048576,"0x0000709d5ccaa000",34378,90981533092340,90981533099980
"MEMORY_ALLOCATION","MEMORY_ALLOCATION_ALLOCATE","Agent 2",64,"0x0000709d5cdaa000",34388,90981534748059,90981534753579
"MEMORY_ALLOCATION","MEMORY_ALLOCATION_ALLOCATE","Agent 2",476,"0x0000709d5cdab000",34398,90981534924612,90981534925902
"MEMORY_ALLOCATION","MEMORY_ALLOCATION_ALLOCATE","Agent 2",8388608,"0x0000709d59e00000",34414,90981536441758,90981536560100
"MEMORY_ALLOCATION","MEMORY_ALLOCATION_ALLOCATE","Agent 2",2097152,"0x0000709d59a00000",34480,90981540594191,90981540685743
"MEMORY_ALLOCATION","MEMORY_ALLOCATION_ALLOCATE","Agent 2",64,"0x0000709d5cdac000",34498,90981541700820,90981541704300
"MEMORY_ALLOCATION","MEMORY_ALLOCATION_ALLOCATE","Agent 2",476,"0x0000709d5cdad000",34508,90981541849063,90981541850113
"MEMORY_ALLOCATION","MEMORY_ALLOCATION_ALLOCATE","Agent 2",25165824,"0x0000709d58000000",34524,90981543318369,90981543380190
"MEMORY_ALLOCATION","MEMORY_ALLOCATION_ALLOCATE","Agent 2",3145728,"0x0000709d57a00000",34718,90981554809140,90981554905392
"MEMORY_ALLOCATION","MEMORY_ALLOCATION_ALLOCATE","Agent 2",64,"0x0000709d5cdae000",34744,90981565905844,90981565909894
"MEMORY_ALLOCATION","MEMORY_ALLOCATION_ALLOCATE","Agent 2",476,"0x0000709d5cdaf000",34754,90981566133368,90981566134628
"MEMORY_ALLOCATION","MEMORY_ALLOCATION_ALLOCATE","Agent 2",25165824,"0x0000709d56000000",34770,90981567565803,90981567652975
"MEMORY_ALLOCATION","MEMORY_ALLOCATION_ALLOCATE","Agent 2",3145728,"0x0000709d55a00000",34964,90981579706606,90981579806758
"MEMORY_ALLOCATION","MEMORY_ALLOCATION_ALLOCATE","Agent 2",64,"0x0000709d5cdb0000",34990,90981593164542,90981593169292
"MEMORY_ALLOCATION","MEMORY_ALLOCATION_ALLOCATE","Agent 2",476,"0x0000709d5cdb1000",35000,90981593354635,90981593356125
"MEMORY_ALLOCATION","MEMORY_ALLOCATION_ALLOCATE","Agent 2",25165824,"0x0000709d54000000",35016,90981594985073,90981595105796
"MEMORY_ALLOCATION","MEMORY_ALLOCATION_ALLOCATE","Agent 2",3145728,"0x0000709d53a00000",35210,90981606996174,90981607141836
"MEMORY_ALLOCATION","MEMORY_ALLOCATION_ALLOCATE","Agent 2",64,"0x0000709d5cdb2000",35236,90981609945585,90981609950465
"MEMORY_ALLOCATION","MEMORY_ALLOCATION_ALLOCATE","Agent 2",476,"0x0000709d5cdb3000",35246,90981610125489,90981610126719
"MEMORY_ALLOCATION","MEMORY_ALLOCATION_ALLOCATE","Agent 2",128,"0x0000709d5cdb4000",35256,90981610289741,90981610290531
"MEMORY_ALLOCATION","MEMORY_ALLOCATION_ALLOCATE","Agent 2",128,"0x0000709d5cdb5000",35260,90981610303342,90981610304032
"MEMORY_ALLOCATION","MEMORY_ALLOCATION_ALLOCATE","Agent 2",16384,"0x0000709d5cdb6000",35264,90981610314352,90981610314812
"MEMORY_ALLOCATION","MEMORY_ALLOCATION_ALLOCATE","Agent 2",16384,"0x0000709d5cdba000",35268,90981610329522,90981610330412
"MEMORY_ALLOCATION","MEMORY_ALLOCATION_ALLOCATE","Agent 2",512,"0x0000709d5cdbe000",35272,90981610345792,90981610346302
"MEMORY_ALLOCATION","MEMORY_ALLOCATION_ALLOCATE","Agent 2",131072,"0x0000709d5cdbf000",35276,90981610356903,90981610357393
"MEMORY_ALLOCATION","MEMORY_ALLOCATION_ALLOCATE","Agent 2",131072,"0x0000709d5cddf000",35280,90981610406313,90981610406963
"MEMORY_ALLOCATION","MEMORY_ALLOCATION_ALLOCATE","Agent 2",16384,"0x0000709d53600000",35282,90981610410014,90981610468435
"MEMORY_ALLOCATION","MEMORY_ALLOCATION_ALLOCATE","Agent 2",16384,"0x0000709d53604000",35284,90981610472635,90981610473195
"MEMORY_ALLOCATION","MEMORY_ALLOCATION_ALLOCATE","Agent 2",32768,"0x0000709d53608000",35286,90981610475945,90981610476405
"MEMORY_ALLOCATION","MEMORY_ALLOCATION_ALLOCATE","Agent 2",32768,"0x0000709d53610000",35288,90981610479385,90981610479825
"MEMORY_ALLOCATION","MEMORY_ALLOCATION_ALLOCATE","Agent 2",16384,"0x0000709d53618000",35290,90981610482475,90981610482875
"MEMORY_ALLOCATION","MEMORY_ALLOCATION_ALLOCATE","Agent 2",8192,"0x0000709d5361c000",35292,90981610485495,90981610485925
"MEMORY_ALLOCATION","MEMORY_ALLOCATION_ALLOCATE","Agent 2",8192,"0x0000709d5361e000",35294,90981610488455,90981610488895
"MEMORY_ALLOCATION","MEMORY_ALLOCATION_ALLOCATE","Agent 2",16384,"0x0000709d53620000",35296,90981610491715,90981610492105
"MEMORY_ALLOCATION","MEMORY_ALLOCATION_ALLOCATE","Agent 2",128,"0x0000709d5cdff000",35298,90981610494835,90981610495395
"MEMORY_ALLOCATION","MEMORY_ALLOCATION_ALLOCATE","Agent 2",128,"0x0000709d53624000",35300,90981610498095,90981610498615
"MEMORY_ALLOCATION","MEMORY_ALLOCATION_ALLOCATE","Agent 2",2097152,"0x0000709d53200000",35302,90981610501205,90981610530646
"MEMORY_ALLOCATION","MEMORY_ALLOCATION_ALLOCATE","Agent 2",16384,"0x0000709d53625000",35304,90981610533906,90981610534456
"MEMORY_ALLOCATION","MEMORY_ALLOCATION_ALLOCATE","Agent 2",16384,"0x0000709d53629000",35306,90981610537186,90981610537616
"MEMORY_ALLOCATION","MEMORY_ALLOCATION_ALLOCATE","Agent 2",16384,"0x0000709d5362d000",35308,90981610540216,90981610540606
"MEMORY_ALLOCATION","MEMORY_ALLOCATION_ALLOCATE","Agent 2",16384,"0x0000709d53631000",35310,90981610543266,90981610543666
"MEMORY_ALLOCATION","MEMORY_ALLOCATION_ALLOCATE","Agent 2",49152,"0x0000709d53635000",35312,90981610546246,90981610546676
"MEMORY_ALLOCATION","MEMORY_ALLOCATION_ALLOCATE","Agent 2",16384,"0x0000709d53641000",35314,90981610549266,90981610549706
"MEMORY_ALLOCATION","MEMORY_ALLOCATION_ALLOCATE","Agent 2",16777216,"0x0000709d52000000",35340,90981621767732,90981621823043
"MEMORY_ALLOCATION","MEMORY_ALLOCATION_ALLOCATE","Agent 2",2097152,"0x0000709d51c00000",35470,90981630524416,90981630633618
"MEMORY_ALLOCATION","MEMORY_ALLOCATION_ALLOCATE","Agent 2",64,"0x0000709d53645000",35488,90981631731507,90981631734477
"MEMORY_ALLOCATION","MEMORY_ALLOCATION_ALLOCATE","Agent 2",476,"0x0000709d53646000",35498,90981631888870,90981631889970
"MEMORY_ALLOCATION","MEMORY_ALLOCATION_ALLOCATE","Agent 2",2097152,"0x0000709d51800000",35514,90981633328135,90981633393146
"MEMORY_ALLOCATION","MEMORY_ALLOCATION_ALLOCATE","Agent 2",524288,"0x0000709d53647000",35532,90981634462235,90981634464295
"MEMORY_ALLOCATION","MEMORY_ALLOCATION_ALLOCATE","Agent 2",64,"0x0000709d536c7000",35542,90981634789600,90981634791090
"MEMORY_ALLOCATION","MEMORY_ALLOCATION_ALLOCATE","Agent 2",476,"0x0000709d536c8000",35552,90981634926163,90981634927033
"MEMORY_ALLOCATION","MEMORY_ALLOCATION_ALLOCATE","Agent 2",2097152,"0x0000709d51400000",35568,90981636263036,90981636326367
"MEMORY_ALLOCATION","MEMORY_ALLOCATION_ALLOCATE","Agent 2",524288,"0x0000709d536c9000",35586,90981637351405,90981637353755
"MEMORY_ALLOCATION","MEMORY_ALLOCATION_ALLOCATE","Agent 2",64,"0x0000709d53749000",35596,90981637672051,90981637673211
"MEMORY_ALLOCATION","MEMORY_ALLOCATION_ALLOCATE","Agent 2",476,"0x0000709d5374a000",35606,90981637816813,90981637817743
"MEMORY_ALLOCATION","MEMORY_ALLOCATION_ALLOCATE","Agent 2",8388608,"0x0000709d50a00000",35622,90981639119176,90981639191677
"MEMORY_ALLOCATION","MEMORY_ALLOCATION_ALLOCATE","Agent 2",2097152,"0x0000709d50600000",35688,90981642906652,90981642986374
"MEMORY_ALLOCATION","MEMORY_ALLOCATION_ALLOCATE","Agent 2",64,"0x0000709d5374b000",35706,90981644178785,90981644181905
"MEMORY_ALLOCATION","MEMORY_ALLOCATION_ALLOCATE","Agent 2",476,"0x0000709d5374c000",35716,90981644323527,90981644324687
"MEMORY_ALLOCATION","MEMORY_ALLOCATION_ALLOCATE","Agent 2",25165824,"0x0000709d4ec00000",35732,90981645649581,90981645711752
"MEMORY_ALLOCATION","MEMORY_ALLOCATION_ALLOCATE","Agent 2",3145728,"0x0000709d4e600000",35926,90981656552221,90981656654933
"MEMORY_ALLOCATION","MEMORY_ALLOCATION_ALLOCATE","Agent 2",64,"0x0000709d5374d000",35952,90981661246884,90981661251094
"MEMORY_ALLOCATION","MEMORY_ALLOCATION_ALLOCATE","Agent 2",476,"0x0000709d5374e000",35962,90981661426977,90981661427977
"MEMORY_ALLOCATION","MEMORY_ALLOCATION_ALLOCATE","Agent 2",25165824,"0x0000709d4cc00000",35978,90981662750530,90981662841481
"MEMORY_ALLOCATION","MEMORY_ALLOCATION_ALLOCATE","Agent 2",3145728,"0x0000709d4c600000",36172,90981674793031,90981674891202
"MEMORY_ALLOCATION","MEMORY_ALLOCATION_ALLOCATE","Agent 2",64,"0x0000709d5374f000",36198,90981686735120,90981686739630
"MEMORY_ALLOCATION","MEMORY_ALLOCATION_ALLOCATE","Agent 2",476,"0x0000709d53750000",36208,90981686903763,90981686904773
"MEMORY_ALLOCATION","MEMORY_ALLOCATION_ALLOCATE","Agent 2",25165824,"0x0000709d4ac00000",36224,90981688293207,90981688364668
"MEMORY_ALLOCATION","MEMORY_ALLOCATION_ALLOCATE","Agent 2",3145728,"0x0000709d4a600000",36418,90981700412459,90981700520711
"MEMORY_ALLOCATION","MEMORY_ALLOCATION_ALLOCATE","Agent 2",64,"0x0000709d53751000",36444,90981709571730,90981709579550
"MEMORY_ALLOCATION","MEMORY_ALLOCATION_ALLOCATE","Agent 2",476,"0x0000709d53752000",36454,90981709739153,90981709740173
"MEMORY_ALLOCATION","MEMORY_ALLOCATION_ALLOCATE","Agent 2",16384,"0x0000709d53753000",36464,90981709896055,90981709896875
"MEMORY_ALLOCATION","MEMORY_ALLOCATION_ALLOCATE","Agent 2",1024,"0x0000709d53757000",36468,90981709913026,90981709913756
"MEMORY_ALLOCATION","MEMORY_ALLOCATION_ALLOCATE","Agent 2",1024,"0x0000709d53758000",36472,90981709923826,90981709924346
"MEMORY_ALLOCATION","MEMORY_ALLOCATION_ALLOCATE","Agent 2",16384,"0x0000709d53759000",36476,90981709934036,90981709934526
"MEMORY_ALLOCATION","MEMORY_ALLOCATION_ALLOCATE","Agent 2",64,"0x0000709d5375d000",36480,90981709948936,90981709949456
"MEMORY_ALLOCATION","MEMORY_ALLOCATION_ALLOCATE","Agent 2",16384,"0x0000709d5375e000",36482,90981709952296,90981709952776
"MEMORY_ALLOCATION","MEMORY_ALLOCATION_ALLOCATE","Agent 2",16384,"0x0000709d53762000",36484,90981709955246,90981709955656
"MEMORY_ALLOCATION","MEMORY_ALLOCATION_ALLOCATE","Agent 2",32768,"0x0000709d53766000",36486,90981709958226,90981709958626
"MEMORY_ALLOCATION","MEMORY_ALLOCATION_ALLOCATE","Agent 2",16384,"0x0000709d5376e000",36488,90981709961057,90981709961467
"MEMORY_ALLOCATION","MEMORY_ALLOCATION_ALLOCATE","Agent 2",4096,"0x0000709d53772000",36490,90981709963977,90981709964367
"MEMORY_ALLOCATION","MEMORY_ALLOCATION_ALLOCATE","Agent 2",4096,"0x0000709d53773000",36492,90981709966747,90981709967107
"MEMORY_ALLOCATION","MEMORY_ALLOCATION_ALLOCATE","Agent 2",16384,"0x0000709d53774000",36494,90981709970157,90981709970607
"MEMORY_ALLOCATION","MEMORY_ALLOCATION_ALLOCATE","Agent 2",4096,"0x0000709d53778000",36496,90981709973457,90981709973867
"MEMORY_ALLOCATION","MEMORY_ALLOCATION_ALLOCATE","Agent 2",16384,"0x0000709d53779000",36498,90981709976357,90981709976767
"MEMORY_ALLOCATION","MEMORY_ALLOCATION_ALLOCATE","Agent 2",4096,"0x0000709d5377d000",36500,90981709979317,90981709979757
"MEMORY_ALLOCATION","MEMORY_ALLOCATION_ALLOCATE","Agent 2",16777216,"0x0000709d49400000",36502,90981709982357,90981710075279
"MEMORY_ALLOCATION","MEMORY_ALLOCATION_ALLOCATE","Agent 2",16777216,"0x0000709d48200000",36504,90981710079319,90981710106459
"MEMORY_ALLOCATION","MEMORY_ALLOCATION_ALLOCATE","Agent 2",16384,"0x0000709d5377e000",36506,90981710110239,90981710110929
"MEMORY_ALLOCATION","MEMORY_ALLOCATION_ALLOCATE","Agent 2",16384,"0x0000709d53782000",36508,90981710113759,90981710114169
"MEMORY_ALLOCATION","MEMORY_ALLOCATION_ALLOCATE","Agent 2",16384,"0x0000709d53786000",36510,90981710116549,90981710116969
"MEMORY_ALLOCATION","MEMORY_ALLOCATION_ALLOCATE","Agent 2",16384,"0x0000709d5378a000",36512,90981710119309,90981710119699
"MEMORY_ALLOCATION","MEMORY_ALLOCATION_ALLOCATE","Agent 2",49152,"0x0000709d5378e000",36514,90981710122149,90981710122549
"MEMORY_ALLOCATION","MEMORY_ALLOCATION_ALLOCATE","Agent 2",16384,"0x0000709d5379a000",36516,90981710125049,90981710125449
"MEMORY_ALLOCATION","MEMORY_ALLOCATION_ALLOCATE","Agent 2",528384,"0x0000709d47e00000",36518,90981710128439,90981710156430
"MEMORY_ALLOCATION","MEMORY_ALLOCATION_ALLOCATE","Agent 2",16777216,"0x0000709d46c00000",36540,90981754704320,90981754843142
"MEMORY_ALLOCATION","MEMORY_ALLOCATION_ALLOCATE","Agent 2",2097152,"0x0000709d46800000",36670,90981763477593,90981763563085
"MEMORY_ALLOCATION","MEMORY_ALLOCATION_ALLOCATE","Agent 2",64,"0x0000709d5379e000",36688,90981767948172,90981767956822
"MEMORY_ALLOCATION","MEMORY_ALLOCATION_ALLOCATE","Agent 2",476,"0x0000709d5379f000",36698,90981768152185,90981768153365
"MEMORY_ALLOCATION","MEMORY_ALLOCATION_ALLOCATE","Agent 2",65536,"0x0000709d537a0000",36714,90981769472968,90981769475369
"MEMORY_ALLOCATION","MEMORY_ALLOCATION_ALLOCATE","Agent 2",8192,"0x0000709d537b0000",36724,90981769654602,90981769655802
"MEMORY_ALLOCATION","MEMORY_ALLOCATION_ALLOCATE","Agent 2",64,"0x0000709d537b2000",36734,90981769800464,90981769801644
"MEMORY_ALLOCATION","MEMORY_ALLOCATION_ALLOCATE","Agent 2",476,"0x0000709d537b3000",36744,90981769945817,90981769946847
"MEMORY_ALLOCATION","MEMORY_ALLOCATION_ALLOCATE","Agent 2",65536,"0x0000709d537b4000",36760,90981771504584,90981771506314
"MEMORY_ALLOCATION","MEMORY_ALLOCATION_ALLOCATE","Agent 2",8192,"0x0000709d537c4000",36770,90981771679527,90981771680927
"MEMORY_ALLOCATION","MEMORY_ALLOCATION_ALLOCATE","Agent 2",64,"0x0000709d537c6000",36780,90981771830310,90981771831390
"MEMORY_ALLOCATION","MEMORY_ALLOCATION_ALLOCATE","Agent 2",476,"0x0000709d537c7000",36790,90981771977712,90981771978792
"MEMORY_ALLOCATION","MEMORY_ALLOCATION_ALLOCATE","Agent 2",8388608,"0x0000709d45e00000",36806,90981773233104,90981773320276
"MEMORY_ALLOCATION","MEMORY_ALLOCATION_ALLOCATE","Agent 2",1048576,"0x0000709d47e81000",36872,90981777894296,90981777901316
"MEMORY_ALLOCATION","MEMORY_ALLOCATION_ALLOCATE","Agent 2",64,"0x0000709d537c8000",36882,90981778501827,90981778506877
"MEMORY_ALLOCATION","MEMORY_ALLOCATION_ALLOCATE","Agent 2",476,"0x0000709d537c9000",36892,90981778660949,90981778662149
"MEMORY_ALLOCATION","MEMORY_ALLOCATION_ALLOCATE","Agent 2",8388608,"0x0000709d45400000",36908,90981779955712,90981780083594
"MEMORY_ALLOCATION","MEMORY_ALLOCATION_ALLOCATE","Agent 2",2097152,"0x0000709d45000000",36974,90981784359719,90981784443821
"MEMORY_ALLOCATION","MEMORY_ALLOCATION_ALLOCATE","Agent 2",64,"0x0000709d537ca000",36992,90981785477069,90981785481939
"MEMORY_ALLOCATION","MEMORY_ALLOCATION_ALLOCATE","Agent 2",476,"0x0000709d537cb000",37002,90981785628411,90981785629381
"MEMORY_ALLOCATION","MEMORY_ALLOCATION_ALLOCATE","Agent 2",25165824,"0x0000709d43600000",37018,90981786914854,90981786976935
"MEMORY_ALLOCATION","MEMORY_ALLOCATION_ALLOCATE","Agent 2",3145728,"0x0000709d43000000",37212,90981798084259,90981798181611
"MEMORY_ALLOCATION","MEMORY_ALLOCATION_ALLOCATE","Agent 2",64,"0x0000709d537cc000",37238,90981799570055,90981799574726
"MEMORY_ALLOCATION","MEMORY_ALLOCATION_ALLOCATE","Agent 2",476,"0x0000709d537cd000",37248,90981799719478,90981799720488
"MEMORY_ALLOCATION","MEMORY_ALLOCATION_ALLOCATE","Agent 2",25165824,"0x0000709d41600000",37264,90981800998990,90981801108602
"MEMORY_ALLOCATION","MEMORY_ALLOCATION_ALLOCATE","Agent 2",3145728,"0x0000709d41000000",37458,90981811869691,90981811966683
"MEMORY_ALLOCATION","MEMORY_ALLOCATION_ALLOCATE","Agent 2",64,"0x0000709d537ce000",37484,90981823372002,90981823377282
"MEMORY_ALLOCATION","MEMORY_ALLOCATION_ALLOCATE","Agent 2",476,"0x0000709d537cf000",37494,90981823542075,90981823543215
"MEMORY_ALLOCATION","MEMORY_ALLOCATION_ALLOCATE","Agent 2",25165824,"0x0000709d3f600000",37510,90981824820628,90981824911399
"MEMORY_ALLOCATION","MEMORY_ALLOCATION_ALLOCATE","Agent 2",3145728,"0x0000709d3f000000",37704,90981835919372,90981836059784
"MEMORY_ALLOCATION","MEMORY_ALLOCATION_ALLOCATE","Agent 2",64,"0x0000709d537d0000",37730,90981840181176,90981840186747
"MEMORY_ALLOCATION","MEMORY_ALLOCATION_ALLOCATE","Agent 2",476,"0x0000709d537d1000",37740,90981840333319,90981840334279
"MEMORY_ALLOCATION","MEMORY_ALLOCATION_ALLOCATE","Agent 2",128,"0x0000709d537d2000",37750,90981840487872,90981840488882
"MEMORY_ALLOCATION","MEMORY_ALLOCATION_ALLOCATE","Agent 2",128,"0x0000709d537d3000",37754,90981840500162,90981840500682
"MEMORY_ALLOCATION","MEMORY_ALLOCATION_ALLOCATE","Agent 2",16384,"0x0000709d537d4000",37758,90981840510132,90981840510652
"MEMORY_ALLOCATION","MEMORY_ALLOCATION_ALLOCATE","Agent 2",16384,"0x0000709d537d8000",37762,90981840524132,90981840524642
"MEMORY_ALLOCATION","MEMORY_ALLOCATION_ALLOCATE","Agent 2",512,"0x0000709d537dc000",37766,90981840537193,90981840537883
"MEMORY_ALLOCATION","MEMORY_ALLOCATION_ALLOCATE","Agent 2",131072,"0x0000709d537dd000",37770,90981840547163,90981840547633
"MEMORY_ALLOCATION","MEMORY_ALLOCATION_ALLOCATE","Agent 2",131072,"0x0000709d47f81000",37774,90981840586224,90981840587464
"MEMORY_ALLOCATION","MEMORY_ALLOCATION_ALLOCATE","Agent 2",16384,"0x0000709d47fa1000",37776,90981840590654,90981840591144
"MEMORY_ALLOCATION","MEMORY_ALLOCATION_ALLOCATE","Agent 2",16384,"0x0000709d47fa5000",37778,90981840594304,90981840594694
"MEMORY_ALLOCATION","MEMORY_ALLOCATION_ALLOCATE","Agent 2",32768,"0x0000709d47fa9000",37780,90981840597304,90981840597724
"MEMORY_ALLOCATION","MEMORY_ALLOCATION_ALLOCATE","Agent 2",32768,"0x0000709d47fb1000",37782,90981840600154,90981840600554
"MEMORY_ALLOCATION","MEMORY_ALLOCATION_ALLOCATE","Agent 2",16384,"0x0000709d47fb9000",37784,90981840602964,90981840603334
"MEMORY_ALLOCATION","MEMORY_ALLOCATION_ALLOCATE","Agent 2",8192,"0x0000709d537fd000",37786,90981840605644,90981840606284
"MEMORY_ALLOCATION","MEMORY_ALLOCATION_ALLOCATE","Agent 2",8192,"0x0000709d47fbd000",37788,90981840608734,90981840609184
"MEMORY_ALLOCATION","MEMORY_ALLOCATION_ALLOCATE","Agent 2",16384,"0x0000709d47fbf000",37790,90981840611564,90981840611954
"MEMORY_ALLOCATION","MEMORY_ALLOCATION_ALLOCATE","Agent 2",128,"0x0000709d537ff000",37792,90981840614614,90981840614974
"MEMORY_ALLOCATION","MEMORY_ALLOCATION_ALLOCATE","Agent 2",128,"0x0000709d47fc3000",37794,90981840617424,90981840617894
"MEMORY_ALLOCATION","MEMORY_ALLOCATION_ALLOCATE","Agent 2",2097152,"0x0000709d3ec00000",37796,90981840620204,90981840679195
"MEMORY_ALLOCATION","MEMORY_ALLOCATION_ALLOCATE","Agent 2",16384,"0x0000709d47fc4000",37798,90981840682805,90981840683345
"MEMORY_ALLOCATION","MEMORY_ALLOCATION_ALLOCATE","Agent 2",16384,"0x0000709d47fc8000",37800,90981840685905,90981840686315
"MEMORY_ALLOCATION","MEMORY_ALLOCATION_ALLOCATE","Agent 2",16384,"0x0000709d47fcc000",37802,90981840959220,90981840959830
"MEMORY_ALLOCATION","MEMORY_ALLOCATION_ALLOCATE","Agent 2",16384,"0x0000709d47fd0000",37804,90981840962470,90981840962870
"MEMORY_ALLOCATION","MEMORY_ALLOCATION_ALLOCATE","Agent 2",49152,"0x0000709d47fd4000",37806,90981840965370,90981840965770
"MEMORY_ALLOCATION","MEMORY_ALLOCATION_ALLOCATE","Agent 2",16384,"0x0000709d47fe0000",37808,90981840968370,90981840968780
"MEMORY_ALLOCATION","MEMORY_ALLOCATION_ALLOCATE","Agent 2",16777216,"0x0000709d3da00000",37834,90981851362482,90981851476154
"MEMORY_ALLOCATION","MEMORY_ALLOCATION_ALLOCATE","Agent 2",2097152,"0x0000709d3d600000",37964,90981859410933,90981859505875
"MEMORY_ALLOCATION","MEMORY_ALLOCATION_ALLOCATE","Agent 2",64,"0x0000709d47fe4000",37982,90981866596699,90981866601999
"MEMORY_ALLOCATION","MEMORY_ALLOCATION_ALLOCATE","Agent 2",476,"0x0000709d47fe5000",37992,90981866755112,90981866756042
"MEMORY_ALLOCATION","MEMORY_ALLOCATION_ALLOCATE","Agent 2",65536,"0x0000709d47fe6000",38008,90981868027544,90981868028774
"MEMORY_ALLOCATION","MEMORY_ALLOCATION_ALLOCATE","Agent 2",8192,"0x0000709d47ff6000",38018,90981868206567,90981868207617
"MEMORY_ALLOCATION","MEMORY_ALLOCATION_ALLOCATE","Agent 2",64,"0x0000709d47ff8000",38028,90981868355360,90981868356140
"MEMORY_ALLOCATION","MEMORY_ALLOCATION_ALLOCATE","Agent 2",476,"0x0000709d47ff9000",38038,90981868502892,90981868503602
"MEMORY_ALLOCATION","MEMORY_ALLOCATION_ALLOCATE","Agent 2",65536,"0x0000709d3d200000",38054,90981869718894,90981869802585
"MEMORY_ALLOCATION","MEMORY_ALLOCATION_ALLOCATE","Agent 2",8192,"0x0000709d47ffa000",38064,90981869965708,90981869966948
"MEMORY_ALLOCATION","MEMORY_ALLOCATION_ALLOCATE","Agent 2",64,"0x0000709d47ffc000",38074,90981870116841,90981870117871
"MEMORY_ALLOCATION","MEMORY_ALLOCATION_ALLOCATE","Agent 2",476,"0x0000709d47ffd000",38084,90981870260813,90981870261573
"MEMORY_ALLOCATION","MEMORY_ALLOCATION_ALLOCATE","Agent 2",8388608,"0x0000709d3c800000",38100,90981871475974,90981871523795
"MEMORY_ALLOCATION","MEMORY_ALLOCATION_ALLOCATE","Agent 2",1048576,"0x0000709d3d210000",38166,90981875897152,90981875903082
"MEMORY_ALLOCATION","MEMORY_ALLOCATION_ALLOCATE","Agent 2",64,"0x0000709d47ffe000",38176,90981877309537,90981877312497
"MEMORY_ALLOCATION","MEMORY_ALLOCATION_ALLOCATE","Agent 2",476,"0x0000709d47fff000",38186,90981877480840,90981877481770
"MEMORY_ALLOCATION","MEMORY_ALLOCATION_ALLOCATE","Agent 2",8388608,"0x0000709d3be00000",38202,90981878783392,90981878892774
"MEMORY_ALLOCATION","MEMORY_ALLOCATION_ALLOCATE","Agent 2",2097152,"0x0000709d3ba00000",38268,90981883246590,90981883349852
"MEMORY_ALLOCATION","MEMORY_ALLOCATION_ALLOCATE","Agent 2",64,"0x0000709d3d310000",38286,90981884510783,90981884513953
"MEMORY_ALLOCATION","MEMORY_ALLOCATION_ALLOCATE","Agent 2",476,"0x0000709d3d311000",38296,90981884676736,90981884677996
"MEMORY_ALLOCATION","MEMORY_ALLOCATION_ALLOCATE","Agent 2",25165824,"0x0000709d3a000000",38312,90981886029819,90981886098210
"MEMORY_ALLOCATION","MEMORY_ALLOCATION_ALLOCATE","Agent 2",3145728,"0x0000709d39a00000",38506,90981897587672,90981897681143
"MEMORY_ALLOCATION","MEMORY_ALLOCATION_ALLOCATE","Agent 2",64,"0x0000709d3d312000",38532,90981899132429,90981899135399
"MEMORY_ALLOCATION","MEMORY_ALLOCATION_ALLOCATE","Agent 2",476,"0x0000709d3d313000",38542,90981899283801,90981899284781
"MEMORY_ALLOCATION","MEMORY_ALLOCATION_ALLOCATE","Agent 2",25165824,"0x0000709d38000000",38558,90981900547493,90981900610654
"MEMORY_ALLOCATION","MEMORY_ALLOCATION_ALLOCATE","Agent 2",3145728,"0x0000709d37a00000",38752,90981911694059,90981911800690
"MEMORY_ALLOCATION","MEMORY_ALLOCATION_ALLOCATE","Agent 2",64,"0x0000709d3d314000",38778,90981923219000,90981923221970
"MEMORY_ALLOCATION","MEMORY_ALLOCATION_ALLOCATE","Agent 2",476,"0x0000709d3d315000",38788,90981923405044,90981923406144
"MEMORY_ALLOCATION","MEMORY_ALLOCATION_ALLOCATE","Agent 2",25165824,"0x0000709d36000000",38804,90981924745897,90981924820898
"MEMORY_ALLOCATION","MEMORY_ALLOCATION_ALLOCATE","Agent 2",3145728,"0x0000709d35a00000",38998,90981936272119,90981936373771
"MEMORY_ALLOCATION","MEMORY_ALLOCATION_ALLOCATE","Agent 2",64,"0x0000709d3d316000",39024,90981940513283,90981940516453
"MEMORY_ALLOCATION","MEMORY_ALLOCATION_ALLOCATE","Agent 2",476,"0x0000709d3d317000",39034,90981940676286,90981940677386
"MEMORY_ALLOCATION","MEMORY_ALLOCATION_ALLOCATE","Agent 2",128,"0x0000709d3d318000",39044,90981940827219,90981940828089
"MEMORY_ALLOCATION","MEMORY_ALLOCATION_ALLOCATE","Agent 2",128,"0x0000709d3d319000",39048,90981940839699,90981940840609
"MEMORY_ALLOCATION","MEMORY_ALLOCATION_ALLOCATE","Agent 2",16384,"0x0000709d3d31a000",39052,90981940850669,90981940851219
"MEMORY_ALLOCATION","MEMORY_ALLOCATION_ALLOCATE","Agent 2",16384,"0x0000709d3d31e000",39056,90981940865859,90981940866469
"MEMORY_ALLOCATION","MEMORY_ALLOCATION_ALLOCATE","Agent 2",512,"0x0000709d3d322000",39060,90981940880210,90981940880720
"MEMORY_ALLOCATION","MEMORY_ALLOCATION_ALLOCATE","Agent 2",131072,"0x0000709d3d323000",39064,90981940890530,90981940891000
"MEMORY_ALLOCATION","MEMORY_ALLOCATION_ALLOCATE","Agent 2",131072,"0x0000709d3d343000",39068,90981940931180,90981940931880
"MEMORY_ALLOCATION","MEMORY_ALLOCATION_ALLOCATE","Agent 2",16384,"0x0000709d3d363000",39070,90981940934760,90981940935150
"MEMORY_ALLOCATION","MEMORY_ALLOCATION_ALLOCATE","Agent 2",16384,"0x0000709d3d367000",39072,90981940937811,90981940938201
"MEMORY_ALLOCATION","MEMORY_ALLOCATION_ALLOCATE","Agent 2",32768,"0x0000709d3d36b000",39074,90981940940801,90981940941201
"MEMORY_ALLOCATION","MEMORY_ALLOCATION_ALLOCATE","Agent 2",32768,"0x0000709d3d373000",39076,90981940943991,90981940944351
"MEMORY_ALLOCATION","MEMORY_ALLOCATION_ALLOCATE","Agent 2",16384,"0x0000709d3d37b000",39078,90981940946791,90981940947461
"MEMORY_ALLOCATION","MEMORY_ALLOCATION_ALLOCATE","Agent 2",8192,"0x0000709d3d37f000",39080,90981940950541,90981940950921
"MEMORY_ALLOCATION","MEMORY_ALLOCATION_ALLOCATE","Agent 2",8192,"0x0000709d3d381000",39082,90981940953301,90981940953671
"MEMORY_ALLOCATION","MEMORY_ALLOCATION_ALLOCATE","Agent 2",16384,"0x0000709d3d383000",39084,90981940956151,90981940956511
"MEMORY_ALLOCATION","MEMORY_ALLOCATION_ALLOCATE","Agent 2",128,"0x0000709d3d387000",39086,90981940959401,90981940959751
"MEMORY_ALLOCATION","MEMORY_ALLOCATION_ALLOCATE","Agent 2",128,"0x0000709d3d388000",39088,90981940962331,90981940962691
"MEMORY_ALLOCATION","MEMORY_ALLOCATION_ALLOCATE","Agent 2",2097152,"0x0000709d35600000",39090,90981940965071,90981941037602
"MEMORY_ALLOCATION","MEMORY_ALLOCATION_ALLOCATE","Agent 2",16384,"0x0000709d3d389000",39092,90981941041562,90981941042102
"MEMORY_ALLOCATION","MEMORY_ALLOCATION_ALLOCATE","Agent 2",16384,"0x0000709d3d38d000",39094,90981941044782,90981941045312
"MEMORY_ALLOCATION","MEMORY_ALLOCATION_ALLOCATE","Agent 2",16384,"0x0000709d3d391000",39096,90981941047902,90981941048292
"MEMORY_ALLOCATION","MEMORY_ALLOCATION_ALLOCATE","Agent 2",16384,"0x0000709d3d395000",39098,90981941050743,90981941051103
"MEMORY_ALLOCATION","MEMORY_ALLOCATION_ALLOCATE","Agent 2",49152,"0x0000709d3d399000",39100,90981941053453,90981941053803
"MEMORY_ALLOCATION","MEMORY_ALLOCATION_ALLOCATE","Agent 2",16384,"0x0000709d3d3a5000",39102,90981941056103,90981941056443
"MEMORY_ALLOCATION","MEMORY_ALLOCATION_ALLOCATE","Agent 2",16777216,"0x0000709d34400000",39128,90981951269451,90981951321322
"MEMORY_ALLOCATION","MEMORY_ALLOCATION_ALLOCATE","Agent 2",2097152,"0x0000709d34000000",39258,90981959217821,90981959319292
"MEMORY_ALLOCATION","MEMORY_ALLOCATION_ALLOCATE","Agent 2",64,"0x0000709d3d3a9000",39276,90981962279784,90981962282964
"MEMORY_ALLOCATION","MEMORY_ALLOCATION_ALLOCATE","Agent 2",476,"0x0000709d3d3aa000",39286,90981962437307,90981962438317
"MEMORY_ALLOCATION","MEMORY_ALLOCATION_ALLOCATE","Agent 2",65536,"0x0000709d3d3ab000",39302,90981963722930,90981963724200
"MEMORY_ALLOCATION","MEMORY_ALLOCATION_ALLOCATE","Agent 2",8192,"0x0000709d3d3bb000",39312,90981963897923,90981963899023
"MEMORY_ALLOCATION","MEMORY_ALLOCATION_ALLOCATE","Agent 2",64,"0x0000709d3d3bd000",39322,90981964090276,90981964091436
"MEMORY_ALLOCATION","MEMORY_ALLOCATION_ALLOCATE","Agent 2",476,"0x0000709d3d3be000",39332,90981964233388,90981964234278
"MEMORY_ALLOCATION","MEMORY_ALLOCATION_ALLOCATE","Agent 2",65536,"0x0000709d3d3bf000",39348,90981965453880,90981965455030
"MEMORY_ALLOCATION","MEMORY_ALLOCATION_ALLOCATE","Agent 2",8192,"0x0000709d3d3cf000",39358,90981965618363,90981965619373
"MEMORY_ALLOCATION","MEMORY_ALLOCATION_ALLOCATE","Agent 2",64,"0x0000709d3d3d1000",39368,90981965761035,90981965761985
"MEMORY_ALLOCATION","MEMORY_ALLOCATION_ALLOCATE","Agent 2",476,"0x0000709d3d3d2000",39378,90981965899708,90981965900548
"MEMORY_ALLOCATION","MEMORY_ALLOCATION_ALLOCATE","Agent 2",8388608,"0x0000709d33600000",39394,90981967115219,90981967178250
"MEMORY_ALLOCATION","MEMORY_ALLOCATION_ALLOCATE","Agent 2",1048576,"0x0000709d33200000",39460,90981971086428,90981971176580
"MEMORY_ALLOCATION","MEMORY_ALLOCATION_ALLOCATE","Agent 2",64,"0x0000709d3d3d3000",39470,90981971706999,90981971710419
"MEMORY_ALLOCATION","MEMORY_ALLOCATION_ALLOCATE","Agent 2",476,"0x0000709d3d3d4000",39480,90981971855772,90981971857352
"MEMORY_ALLOCATION","MEMORY_ALLOCATION_ALLOCATE","Agent 2",8388608,"0x0000709d32800000",39496,90981973140884,90981973193075
"MEMORY_ALLOCATION","MEMORY_ALLOCATION_ALLOCATE","Agent 2",2097152,"0x0000709d32400000",39562,90981977399879,90981977486190
"MEMORY_ALLOCATION","MEMORY_ALLOCATION_ALLOCATE","Agent 2",64,"0x0000709d3d3d5000",39580,90981978548099,90981978551819
"MEMORY_ALLOCATION","MEMORY_ALLOCATION_ALLOCATE","Agent 2",476,"0x0000709d3d3d6000",39590,90981978692172,90981978693152
"MEMORY_ALLOCATION","MEMORY_ALLOCATION_ALLOCATE","Agent 2",25165824,"0x0000709d30a00000",39606,90981979957874,90981980044225
"MEMORY_ALLOCATION","MEMORY_ALLOCATION_ALLOCATE","Agent 2",3145728,"0x0000709d30400000",39800,90981990643891,90981990748303
"MEMORY_ALLOCATION","MEMORY_ALLOCATION_ALLOCATE","Agent 2",64,"0x0000709d3d3d7000",39826,90981992143277,90981992148727
"MEMORY_ALLOCATION","MEMORY_ALLOCATION_ALLOCATE","Agent 2",476,"0x0000709d3d3d8000",39836,90981992288920,90981992290020
"MEMORY_ALLOCATION","MEMORY_ALLOCATION_ALLOCATE","Agent 2",25165824,"0x0000709d2ea00000",39852,90981993552762,90981993614873
"MEMORY_ALLOCATION","MEMORY_ALLOCATION_ALLOCATE","Agent 2",3145728,"0x0000709d2e400000",40046,90982004988802,90982005111874
"MEMORY_ALLOCATION","MEMORY_ALLOCATION_ALLOCATE","Agent 2",64,"0x0000709d3d3d9000",40072,90982015994035,90982015998795
"MEMORY_ALLOCATION","MEMORY_ALLOCATION_ALLOCATE","Agent 2",476,"0x0000709d3d3da000",40082,90982016301390,90982016302550
"MEMORY_ALLOCATION","MEMORY_ALLOCATION_ALLOCATE","Agent 2",25165824,"0x0000709d2ca00000",40098,90982017652754,90982017745305
"MEMORY_ALLOCATION","MEMORY_ALLOCATION_ALLOCATE","Agent 2",3145728,"0x0000709d2c400000",40292,90982029834667,90982029930869
"MEMORY_ALLOCATION","MEMORY_ALLOCATION_ALLOCATE","Agent 2",64,"0x0000709d3d3db000",40318,90982031730900,90982031736120
"MEMORY_ALLOCATION","MEMORY_ALLOCATION_ALLOCATE","Agent 2",476,"0x0000709d3d3dc000",40328,90982031895383,90982031896703
"MEMORY_ALLOCATION","MEMORY_ALLOCATION_ALLOCATE","Agent 2",128,"0x0000709d3d3dd000",40338,90982032063056,90982032064576
"MEMORY_ALLOCATION","MEMORY_ALLOCATION_ALLOCATE","Agent 2",128,"0x0000709d3d3de000",40342,90982032078296,90982032078846
"MEMORY_ALLOCATION","MEMORY_ALLOCATION_ALLOCATE","Agent 2",16384,"0x0000709d3d3df000",40346,90982032088727,90982032089267
"MEMORY_ALLOCATION","MEMORY_ALLOCATION_ALLOCATE","Agent 2",16384,"0x0000709d3d3e3000",40350,90982032102217,90982032102747
"MEMORY_ALLOCATION","MEMORY_ALLOCATION_ALLOCATE","Agent 2",512,"0x0000709d3d3e7000",40354,90982032115217,90982032115697
"MEMORY_ALLOCATION","MEMORY_ALLOCATION_ALLOCATE","Agent 2",131072,"0x0000709d33300000",40358,90982032124947,90982032125677
"MEMORY_ALLOCATION","MEMORY_ALLOCATION_ALLOCATE","Agent 2",131072,"0x0000709d33320000",40362,90982032165208,90982032166048
"MEMORY_ALLOCATION","MEMORY_ALLOCATION_ALLOCATE","Agent 2",16384,"0x0000709d3d3e8000",40364,90982032169058,90982032169758
"MEMORY_ALLOCATION","MEMORY_ALLOCATION_ALLOCATE","Agent 2",16384,"0x0000709d3d3ec000",40366,90982032172598,90982032173068
"MEMORY_ALLOCATION","MEMORY_ALLOCATION_ALLOCATE","Agent 2",32768,"0x0000709d3d3f0000",40368,90982032175538,90982032175978
"MEMORY_ALLOCATION","MEMORY_ALLOCATION_ALLOCATE","Agent 2",32768,"0x0000709d3d3f8000",40370,90982032178378,90982032178748
"MEMORY_ALLOCATION","MEMORY_ALLOCATION_ALLOCATE","Agent 2",16384,"0x0000709d33340000",40372,90982032181178,90982032181668
"MEMORY_ALLOCATION","MEMORY_ALLOCATION_ALLOCATE","Agent 2",8192,"0x0000709d33344000",40374,90982032184048,90982032184538
"MEMORY_ALLOCATION","MEMORY_ALLOCATION_ALLOCATE","Agent 2",8192,"0x0000709d33346000",40376,90982032187068,90982032187498
"MEMORY_ALLOCATION","MEMORY_ALLOCATION_ALLOCATE","Agent 2",16384,"0x0000709d33348000",40378,90982032189908,90982032190328
"MEMORY_ALLOCATION","MEMORY_ALLOCATION_ALLOCATE","Agent 2",128,"0x0000709d3334c000",40380,90982032192708,90982032193288
"MEMORY_ALLOCATION","MEMORY_ALLOCATION_ALLOCATE","Agent 2",128,"0x0000709d3334d000",40382,90982032195748,90982032196138
"MEMORY_ALLOCATION","MEMORY_ALLOCATION_ALLOCATE","Agent 2",2097152,"0x0000709d2c000000",40384,90982032198698,90982032266720
"MEMORY_ALLOCATION","MEMORY_ALLOCATION_ALLOCATE","Agent 2",16384,"0x0000709d3334e000",40386,90982032270380,90982032270950
"MEMORY_ALLOCATION","MEMORY_ALLOCATION_ALLOCATE","Agent 2",16384,"0x0000709d33352000",40388,90982032273500,90982032273920
"MEMORY_ALLOCATION","MEMORY_ALLOCATION_ALLOCATE","Agent 2",16384,"0x0000709d33356000",40390,90982032276450,90982032276830
"MEMORY_ALLOCATION","MEMORY_ALLOCATION_ALLOCATE","Agent 2",16384,"0x0000709d3335a000",40392,90982032279280,90982032279640
"MEMORY_ALLOCATION","MEMORY_ALLOCATION_ALLOCATE","Agent 2",49152,"0x0000709d3335e000",40394,90982032281930,90982032282280
"MEMORY_ALLOCATION","MEMORY_ALLOCATION_ALLOCATE","Agent 2",16384,"0x0000709d3336a000",40396,90982032284670,90982032285050
"MEMORY_ALLOCATION","MEMORY_ALLOCATION_ALLOCATE","Agent 2",16777216,"0x0000709d2ae00000",40422,90982042750923,90982042849925
"MEMORY_ALLOCATION","MEMORY_ALLOCATION_ALLOCATE","Agent 2",2097152,"0x0000709d2aa00000",40552,90982050725903,90982050823074
"MEMORY_ALLOCATION","MEMORY_ALLOCATION_ALLOCATE","Agent 2",64,"0x0000709d3336e000",40570,90982051831702,90982051834682
"MEMORY_ALLOCATION","MEMORY_ALLOCATION_ALLOCATE","Agent 2",476,"0x0000709d3336f000",40580,90982051979165,90982051980295
"MEMORY_ALLOCATION","MEMORY_ALLOCATION_ALLOCATE","Agent 2",2097152,"0x0000709d2a600000",40596,90982053335378,90982053419970
"MEMORY_ALLOCATION","MEMORY_ALLOCATION_ALLOCATE","Agent 2",524288,"0x0000709d33370000",40614,90982054928696,90982054930786
"MEMORY_ALLOCATION","MEMORY_ALLOCATION_ALLOCATE","Agent 2",64,"0x0000709d333f0000",40624,90982055370724,90982055372244
"MEMORY_ALLOCATION","MEMORY_ALLOCATION_ALLOCATE","Agent 2",476,"0x0000709d333f1000",40634,90982055540637,90982055541757
"MEMORY_ALLOCATION","MEMORY_ALLOCATION_ALLOCATE","Agent 2",2097152,"0x0000709d2a200000",40650,90982056923621,90982057010723
"MEMORY_ALLOCATION","MEMORY_ALLOCATION_ALLOCATE","Agent 2",524288,"0x0000709d29e00000",40668,90982058225264,90982058315656
"MEMORY_ALLOCATION","MEMORY_ALLOCATION_ALLOCATE","Agent 2",64,"0x0000709d333f2000",40678,90982058723613,90982058726023
"MEMORY_ALLOCATION","MEMORY_ALLOCATION_ALLOCATE","Agent 2",476,"0x0000709d333f3000",40688,90982058877465,90982058878426
"MEMORY_ALLOCATION","MEMORY_ALLOCATION_ALLOCATE","Agent 2",8388608,"0x0000709d29400000",40704,90982060223389,90982060279630
"MEMORY_ALLOCATION","MEMORY_ALLOCATION_ALLOCATE","Agent 2",2097152,"0x0000709d29000000",40770,90982064931691,90982065042093
"MEMORY_ALLOCATION","MEMORY_ALLOCATION_ALLOCATE","Agent 2",64,"0x0000709d333f4000",40788,90982066031601,90982066034691
"MEMORY_ALLOCATION","MEMORY_ALLOCATION_ALLOCATE","Agent 2",476,"0x0000709d333f5000",40798,90982066211464,90982066212684
"MEMORY_ALLOCATION","MEMORY_ALLOCATION_ALLOCATE","Agent 2",25165824,"0x0000709d27600000",40814,90982067638569,90982067703110
"MEMORY_ALLOCATION","MEMORY_ALLOCATION_ALLOCATE","Agent 2",3145728,"0x0000709d27000000",41008,90982078931777,90982079043869
"MEMORY_ALLOCATION","MEMORY_ALLOCATION_ALLOCATE","Agent 2",64,"0x0000709d333f6000",41034,90982080508774,90982080512104
"MEMORY_ALLOCATION","MEMORY_ALLOCATION_ALLOCATE","Agent 2",476,"0x0000709d333f7000",41044,90982080657317,90982080658387
"MEMORY_ALLOCATION","MEMORY_ALLOCATION_ALLOCATE","Agent 2",25165824,"0x0000709d25600000",41060,90982081989110,90982082072612
"MEMORY_ALLOCATION","MEMORY_ALLOCATION_ALLOCATE","Agent 2",3145728,"0x0000709d25000000",41254,90982093086734,90982093182856
"MEMORY_ALLOCATION","MEMORY_ALLOCATION_ALLOCATE","Agent 2",64,"0x0000709d333f8000",41280,90982094714373,90982094719413
"MEMORY_ALLOCATION","MEMORY_ALLOCATION_ALLOCATE","Agent 2",476,"0x0000709d333f9000",41290,90982094876356,90982094877566
"MEMORY_ALLOCATION","MEMORY_ALLOCATION_ALLOCATE","Agent 2",25165824,"0x0000709d23600000",41306,90982096397612,90982096477514
"MEMORY_ALLOCATION","MEMORY_ALLOCATION_ALLOCATE","Agent 2",3145728,"0x0000709d23000000",41500,90982107978395,90982108109358
"MEMORY_ALLOCATION","MEMORY_ALLOCATION_ALLOCATE","Agent 2",64,"0x0000709d333fa000",41526,90982109584123,90982109588393
"MEMORY_ALLOCATION","MEMORY_ALLOCATION_ALLOCATE","Agent 2",476,"0x0000709d333fb000",41536,90982109733706,90982109735026
"MEMORY_ALLOCATION","MEMORY_ALLOCATION_ALLOCATE","Agent 2",16384,"0x0000709d333fc000",41546,90982109899109,90982109899949
"MEMORY_ALLOCATION","MEMORY_ALLOCATION_ALLOCATE","Agent 2",1024,"0x0000709d29e80000",41550,90982109915149,90982109916249
"MEMORY_ALLOCATION","MEMORY_ALLOCATION_ALLOCATE","Agent 2",1024,"0x0000709d29e81000",41554,90982109926499,90982109926959
"MEMORY_ALLOCATION","MEMORY_ALLOCATION_ALLOCATE","Agent 2",16384,"0x0000709d29e82000",41558,90982109936810,90982109937280
"MEMORY_ALLOCATION","MEMORY_ALLOCATION_ALLOCATE","Agent 2",64,"0x0000709d29e86000",41562,90982109949630,90982109950080
"MEMORY_ALLOCATION","MEMORY_ALLOCATION_ALLOCATE","Agent 2",16384,"0x0000709d29e87000",41564,90982109952730,90982109953180
"MEMORY_ALLOCATION","MEMORY_ALLOCATION_ALLOCATE","Agent 2",16384,"0x0000709d29e8b000",41566,90982109955650,90982109956080
"MEMORY_ALLOCATION","MEMORY_ALLOCATION_ALLOCATE","Agent 2",32768,"0x0000709d29e8f000",41568,90982109958560,90982109958960
"MEMORY_ALLOCATION","MEMORY_ALLOCATION_ALLOCATE","Agent 2",16384,"0x0000709d29e97000",41570,90982109961540,90982109962070
"MEMORY_ALLOCATION","MEMORY_ALLOCATION_ALLOCATE","Agent 2",4096,"0x0000709d29e9b000",41572,90982109964540,90982109964970
"MEMORY_ALLOCATION","MEMORY_ALLOCATION_ALLOCATE","Agent 2",4096,"0x0000709d29e9c000",41574,90982109967330,90982109968870
"MEMORY_ALLOCATION","MEMORY_ALLOCATION_ALLOCATE","Agent 2",16384,"0x0000709d29e9d000",41576,90982109971660,90982109972200
"MEMORY_ALLOCATION","MEMORY_ALLOCATION_ALLOCATE","Agent 2",4096,"0x0000709d29ea1000",41578,90982109975920,90982109976460
"MEMORY_ALLOCATION","MEMORY_ALLOCATION_ALLOCATE","Agent 2",16384,"0x0000709d29ea2000",41580,90982109979000,90982109979430
"MEMORY_ALLOCATION","MEMORY_ALLOCATION_ALLOCATE","Agent 2",4096,"0x0000709d29ea6000",41582,90982109981950,90982109982380
"MEMORY_ALLOCATION","MEMORY_ALLOCATION_ALLOCATE","Agent 2",16777216,"0x0000709d21e00000",41584,90982109984940,90982110082282
"MEMORY_ALLOCATION","MEMORY_ALLOCATION_ALLOCATE","Agent 2",16777216,"0x0000709d20c00000",41586,90982110086282,90982110121893
"MEMORY_ALLOCATION","MEMORY_ALLOCATION_ALLOCATE","Agent 2",16384,"0x0000709d29ea7000",41588,90982110125213,90982110125833
"MEMORY_ALLOCATION","MEMORY_ALLOCATION_ALLOCATE","Agent 2",16384,"0x0000709d29eab000",41590,90982110128473,90982110128933
"MEMORY_ALLOCATION","MEMORY_ALLOCATION_ALLOCATE","Agent 2",16384,"0x0000709d29eaf000",41592,90982110131393,90982110131803
"MEMORY_ALLOCATION","MEMORY_ALLOCATION_ALLOCATE","Agent 2",16384,"0x0000709d29eb3000",41594,90982110134263,90982110134663
"MEMORY_ALLOCATION","MEMORY_ALLOCATION_ALLOCATE","Agent 2",49152,"0x0000709d29eb7000",41596,90982110137093,90982110137563
"MEMORY_ALLOCATION","MEMORY_ALLOCATION_ALLOCATE","Agent 2",16384,"0x0000709d29ec3000",41598,90982110140223,90982110140613
"MEMORY_ALLOCATION","MEMORY_ALLOCATION_ALLOCATE","Agent 2",528384,"0x0000709d29ec7000",41600,90982110143753,90982110144163
"MEMORY_ALLOCATION","MEMORY_ALLOCATION_ALLOCATE","Agent 2",508559360,"0x0000709d02400000",41616,90982148400253,90982148487204
"MEMORY_ALLOCATION","MEMORY_ALLOCATION_ALLOCATE","Agent 2",127139840,"0x0000709cfa800000",45498,90982367402457,90982367522349
"MEMORY_ALLOCATION","MEMORY_ALLOCATION_ALLOCATE","Agent 2",64,"0x0000709d29f48000",46476,90982423369227,90982423376827
"MEMORY_ALLOCATION","MEMORY_ALLOCATION_ALLOCATE","Agent 2",476,"0x0000709d29f49000",46486,90982423544670,90982423545660
"MEMORY_ALLOCATION","MEMORY_ALLOCATION_ALLOCATE","Agent 2",16384,"0x0000709d29f4a000",46496,90982423700783,90982423701613
"MEMORY_ALLOCATION","MEMORY_ALLOCATION_ALLOCATE","Agent 2",993280,"0x0000709cfa400000",46498,90982423704453,90982423795445
"MEMORY_ALLOCATION","MEMORY_ALLOCATION_ALLOCATE","Agent 2",124160,"0x0000709d29f4e000",46500,90982423799205,90982423799915
"MEMORY_ALLOCATION","MEMORY_ALLOCATION_ALLOCATE","Agent 2",124160,"0x0000709d29f6d000",46502,90982423802555,90982423803025
"MEMORY_ALLOCATION","MEMORY_ALLOCATION_ALLOCATE","Agent 2",16384,"0x0000709d29f8c000",46525,90982443824985,90982443829055
"MEMORY_ALLOCATION","MEMORY_ALLOCATION_ALLOCATE","Agent 2",16384,"0x0000709d29f90000",46527,90982443833975,90982443834595
"MEMORY_ALLOCATION","MEMORY_ALLOCATION_ALLOCATE","Agent 2",2034237440,"0x0000709c80e00000",46533,90982446655965,90982446787287
"MEMORY_ALLOCATION","MEMORY_ALLOCATION_ALLOCATE","Agent 2",16384,"0x0000709d29f94000",50415,90982915214949,90982915223719
"MEMORY_ALLOCATION","MEMORY_ALLOCATION_ALLOCATE","Agent 2",2097152,"0x0000709c80a00000",50426,90982935232009,90982935283000
"MEMORY_ALLOCATION","MEMORY_ALLOCATION_ALLOCATE","Agent 2",4194304,"0x0000709c80400000",50428,90982935289110,90982935324371
"MEMORY_ALLOCATION","MEMORY_ALLOCATION_ALLOCATE","Agent 2",2097152,"0x0000709c80000000",50430,90982935327971,90982935363261
"MEMORY_ALLOCATION","MEMORY_ALLOCATION_ALLOCATE","Agent 2",16384,"0x0000709d29f98000",50432,90982935366921,90982935369811
"MEMORY_ALLOCATION","MEMORY_ALLOCATION_ALLOCATE","Agent 2",16384,"0x0000709d29f9c000",50434,90982935375072,90982935375882
"MEMORY_ALLOCATION","MEMORY_ALLOCATION_ALLOCATE","Agent 2",4194304,"0x0000709c7fa00000",50436,90982935380912,90982935425212
"MEMORY_ALLOCATION","MEMORY_ALLOCATION_ALLOCATE","Agent 2",1048576,"0x0000709cfa4f3000",50438,90982935429473,90982935430303
"MEMORY_ALLOCATION","MEMORY_ALLOCATION_ALLOCATE","Agent 2",1048576,"0x0000709c7f600000",50440,90982935434383,90982935465343
"MEMORY_ALLOCATION","MEMORY_ALLOCATION_ALLOCATE","Agent 2",2097152,"0x0000709c7f200000",50442,90982935470593,90982935499904
"MEMORY_ALLOCATION","MEMORY_ALLOCATION_ALLOCATE","Agent 2",16384,"0x0000709cfa5f3000",50444,90982935504924,90982935505954
"MEMORY_ALLOCATION","MEMORY_ALLOCATION_ALLOCATE","Agent 2",16384,"0x0000709cfa5f7000",50446,90982935511034,90982935511664
"MEMORY_ALLOCATION","MEMORY_ALLOCATION_ALLOCATE","Agent 2",2097152,"0x0000709c7ee00000",50448,90982935516674,90982935555385
"MEMORY_ALLOCATION","MEMORY_ALLOCATION_ALLOCATE","Agent 2",2097152,"0x0000709c7ea00000",50450,90982935561515,90982935592275
"MEMORY_ALLOCATION","MEMORY_ALLOCATION_ALLOCATE","Agent 2",2097152,"0x0000709c7e600000",50452,90982935597655,90982935629386
"MEMORY_ALLOCATION","MEMORY_ALLOCATION_ALLOCATE","Agent 2",2097152,"0x0000709c7e200000",50454,90982935633896,90982935671007
"MEMORY_ALLOCATION","MEMORY_ALLOCATION_ALLOCATE","Agent 2",2097152,"0x0000709c7de00000",50456,90982935674637,90982935704597
"MEMORY_ALLOCATION","MEMORY_ALLOCATION_ALLOCATE","Agent 2",6291456,"0x0000709c7d600000",50458,90982935707947,90982935740398
"MEMORY_ALLOCATION","MEMORY_ALLOCATION_ALLOCATE","Agent 2",6291456,"0x0000709c7ce00000",50460,90982935744628,90982935774799
"MEMORY_ALLOCATION","MEMORY_ALLOCATION_ALLOCATE","Agent 2",6291456,"0x0000709c7c600000",50462,90982935778999,90982935822229
"MEMORY_ALLOCATION","MEMORY_ALLOCATION_ALLOCATE","Agent 2",2097152,"0x0000709c7c200000",50464,90982935825759,90982935856690
"MEMORY_ALLOCATION","MEMORY_ALLOCATION_ALLOCATE","Agent 2",2097152,"0x0000709c7be00000",50466,90982935860060,90982935892571
"MEMORY_ALLOCATION","MEMORY_ALLOCATION_ALLOCATE","Agent 2",2097152,"0x0000709c7ba00000",50468,90982935900921,90982935935841
"MEMORY_ALLOCATION","MEMORY_ALLOCATION_ALLOCATE","Agent 2",4194304,"0x0000709c7b400000",50470,90982935939592,90982935968482
"MEMORY_ALLOCATION","MEMORY_ALLOCATION_ALLOCATE","Agent 2",2097152,"0x0000709c7b000000",50472,90982935973942,90982936038613
"MEMORY_ALLOCATION","MEMORY_ALLOCATION_ALLOCATE","Agent 2",524288,"0x0000709c7f700000",50474,90982936042283,90982936042983
"MEMORY_ALLOCATION","MEMORY_ALLOCATION_ALLOCATE","Agent 2",524288,"0x0000709c7f780000",50476,90982936046963,90982936047453
"MEMORY_ALLOCATION","MEMORY_ALLOCATION_ALLOCATE","Agent 2",2097152,"0x0000709c7ac00000",50478,90982936052583,90982936087434
"MEMORY_ALLOCATION","MEMORY_ALLOCATION_ALLOCATE","Agent 2",524288,"0x0000709c7a800000",50480,90982936090964,90982936125835
"MEMORY_ALLOCATION","MEMORY_ALLOCATION_ALLOCATE","Agent 2",2097152,"0x0000709c7a400000",50482,90982936130425,90982936161645
"MEMORY_ALLOCATION","MEMORY_ALLOCATION_ALLOCATE","Agent 2",2097152,"0x0000709c7a000000",50484,90982936164835,90982936197456
"MEMORY_ALLOCATION","MEMORY_ALLOCATION_ALLOCATE","Agent 2",2097152,"0x0000709c79c00000",50486,90982936213996,90982936252217
"MEMORY_ALLOCATION","MEMORY_ALLOCATION_ALLOCATE","Agent 2",2097152,"0x0000709c79800000",50488,90982936256237,90982936286748
"MEMORY_ALLOCATION","MEMORY_ALLOCATION_ALLOCATE","Agent 2",6291456,"0x0000709c79000000",50490,90982936289928,90982936321628
"MEMORY_ALLOCATION","MEMORY_ALLOCATION_ALLOCATE","Agent 2",6291456,"0x0000709c78800000",50492,90982936324788,90982936355409
"MEMORY_ALLOCATION","MEMORY_ALLOCATION_ALLOCATE","Agent 2",6291456,"0x0000709c78000000",50494,90982936358559,90982936392629
"MEMORY_ALLOCATION","MEMORY_ALLOCATION_ALLOCATE","Agent 2",2097152,"0x0000709c77c00000",50496,90982936396389,90982936424780
"MEMORY_ALLOCATION","MEMORY_ALLOCATION_ALLOCATE","Agent 2",2097152,"0x0000709c77800000",50498,90982936428250,90982936459441
"MEMORY_ALLOCATION","MEMORY_ALLOCATION_ALLOCATE","Agent 2",2097152,"0x0000709c77400000",50500,90982936462731,90982936495821
"MEMORY_ALLOCATION","MEMORY_ALLOCATION_FREE","",0,"0x0000709c80e00000",134132,90987063340651,90987063500904
"MEMORY_ALLOCATION","MEMORY_ALLOCATION_FREE","",0,"0x0000709d29f94000",134134,90987063507474,90987063509584
"MEMORY_ALLOCATION","MEMORY_ALLOCATION_FREE","",0,"0x0000709e5e536000",134136,90987063514484,90987063516424
"MEMORY_ALLOCATION","MEMORY_ALLOCATION_FREE","",0,"0x0000709e5e53f000",134138,90987063519364,90987063519764
"MEMORY_ALLOCATION","MEMORY_ALLOCATION_FREE","",0,"0x0000709e5e534000",134140,90987063522334,90987063522784
"MEMORY_ALLOCATION","MEMORY_ALLOCATION_FREE","",0,"0x0000709e5e535000",134142,90987063525444,90987063526234
"MEMORY_ALLOCATION","MEMORY_ALLOCATION_FREE","",0,"0x0000709e5e53e000",134144,90987063528855,90987063529275
"MEMORY_ALLOCATION","MEMORY_ALLOCATION_FREE","",0,"0x0000709e5e53a000",134146,90987063532025,90987063532515
"MEMORY_ALLOCATION","MEMORY_ALLOCATION_FREE","",0,"0x0000709e5c000000",134148,90987063650617,90987063709308
"MEMORY_ALLOCATION","MEMORY_ALLOCATION_FREE","",0,"0x0000709e5ae00000",134150,90987063713358,90987063714008
"MEMORY_ALLOCATION","MEMORY_ALLOCATION_FREE","",0,"0x0000709e5e400000",134152,90987063716808,90987063717338
"MEMORY_ALLOCATION","MEMORY_ALLOCATION_FREE","",0,"0x0000709e5e401000",134154,90987063720298,90987063720738
"MEMORY_ALLOCATION","MEMORY_ALLOCATION_FREE","",0,"0x0000709e5e402000",134156,90987063763379,90987063763959
"MEMORY_ALLOCATION","MEMORY_ALLOCATION_FREE","",0,"0x0000709e5e412000",134158,90987063767149,90987063767499
"MEMORY_ALLOCATION","MEMORY_ALLOCATION_FREE","",0,"0x0000709e5e414000",134160,90987063776409,90987063776699
"MEMORY_ALLOCATION","MEMORY_ALLOCATION_FREE","",0,"0x0000709e5e415000",134162,90987063779309,90987063780159
"MEMORY_ALLOCATION","MEMORY_ALLOCATION_FREE","",0,"0x0000709e5e416000",134164,90987063816620,90987063817090
"MEMORY_ALLOCATION","MEMORY_ALLOCATION_FREE","",0,"0x0000709e5e426000",134166,90987063819510,90987063819830
"MEMORY_ALLOCATION","MEMORY_ALLOCATION_FREE","",0,"0x0000709e5e428000",134168,90987063822710,90987063823030
"MEMORY_ALLOCATION","MEMORY_ALLOCATION_FREE","",0,"0x0000709e5e429000",134170,90987063825430,90987063825760
"MEMORY_ALLOCATION","MEMORY_ALLOCATION_FREE","",0,"0x0000709e5a400000",134172,90987063866390,90987063915961
"MEMORY_ALLOCATION","MEMORY_ALLOCATION_FREE","",0,"0x0000709e5e42a000",134174,90987063919291,90987063919661
"MEMORY_ALLOCATION","MEMORY_ALLOCATION_FREE","",0,"0x0000709e5e52a000",134176,90987063922491,90987063922821
"MEMORY_ALLOCATION","MEMORY_ALLOCATION_FREE","",0,"0x0000709e5e52b000",134178,90987063925371,90987063925841
"MEMORY_ALLOCATION","MEMORY_ALLOCATION_FREE","",0,"0x0000709e59a00000",134180,90987063966972,90987064051684
"MEMORY_ALLOCATION","MEMORY_ALLOCATION_FREE","",0,"0x0000709e59600000",134182,90987064055704,90987064056474
"MEMORY_ALLOCATION","MEMORY_ALLOCATION_FREE","",0,"0x0000709e5e52c000",134184,90987064059444,90987064059884
"MEMORY_ALLOCATION","MEMORY_ALLOCATION_FREE","",0,"0x0000709e5e52d000",134186,90987064062414,90987064062844
"MEMORY_ALLOCATION","MEMORY_ALLOCATION_FREE","",0,"0x0000709e57c00000",134188,90987064097374,90987064143595
"MEMORY_ALLOCATION","MEMORY_ALLOCATION_FREE","",0,"0x0000709e57600000",134190,90987064146515,90987064193906
"MEMORY_ALLOCATION","MEMORY_ALLOCATION_FREE","",0,"0x0000709e5e52e000",134192,90987064199046,90987064199776
"MEMORY_ALLOCATION","MEMORY_ALLOCATION_FREE","",0,"0x0000709e5e52f000",134194,90987064204246,90987064204616
"MEMORY_ALLOCATION","MEMORY_ALLOCATION_FREE","",0,"0x0000709e55c00000",134196,90987064240947,90987064293908
"MEMORY_ALLOCATION","MEMORY_ALLOCATION_FREE","",0,"0x0000709e55600000",134198,90987064299428,90987064346109
"MEMORY_ALLOCATION","MEMORY_ALLOCATION_FREE","",0,"0x0000709e5e530000",134200,90987064353239,90987064354059
"MEMORY_ALLOCATION","MEMORY_ALLOCATION_FREE","",0,"0x0000709e5e531000",134202,90987064357899,90987064358359
"MEMORY_ALLOCATION","MEMORY_ALLOCATION_FREE","",0,"0x0000709e53c00000",134204,90987064396650,90987064449531
"MEMORY_ALLOCATION","MEMORY_ALLOCATION_FREE","",0,"0x0000709e53600000",134206,90987064455211,90987064504712
"MEMORY_ALLOCATION","MEMORY_ALLOCATION_FREE","",0,"0x0000709e5e532000",134208,90987064510002,90987064510712
"MEMORY_ALLOCATION","MEMORY_ALLOCATION_FREE","",0,"0x0000709e5e533000",134210,90987064514432,90987064515102
"MEMORY_ALLOCATION","MEMORY_ALLOCATION_FREE","",0,"0x0000709e5e55f000",134212,90987064518652,90987064519072
"MEMORY_ALLOCATION","MEMORY_ALLOCATION_FREE","",0,"0x0000709e53200000",134214,90987064522182,90987064522512
"MEMORY_ALLOCATION","MEMORY_ALLOCATION_FREE","",0,"0x0000709e5e57f000",134216,90987064525142,90987064525702
"MEMORY_ALLOCATION","MEMORY_ALLOCATION_FREE","",0,"0x0000709e5e583000",134218,90987064528622,90987064528942
"MEMORY_ALLOCATION","MEMORY_ALLOCATION_FREE","",0,"0x0000709e5e587000",134220,90987064531392,90987064531722
"MEMORY_ALLOCATION","MEMORY_ALLOCATION_FREE","",0,"0x0000709e5e58f000",134222,90987064535202,90987064535452
"MEMORY_ALLOCATION","MEMORY_ALLOCATION_FREE","",0,"0x0000709e5e597000",134224,90987064537982,90987064538262
"MEMORY_ALLOCATION","MEMORY_ALLOCATION_FREE","",0,"0x0000709e5e59b000",134226,90987064540862,90987064541202
"MEMORY_ALLOCATION","MEMORY_ALLOCATION_FREE","",0,"0x0000709e5e59d000",134228,90987064543652,90987064543892
"MEMORY_ALLOCATION","MEMORY_ALLOCATION_FREE","",0,"0x0000709e5e59f000",134230,90987064546312,90987064546562
"MEMORY_ALLOCATION","MEMORY_ALLOCATION_FREE","",0,"0x0000709e5e5a3000",134232,90987064548832,90987064549262
"MEMORY_ALLOCATION","MEMORY_ALLOCATION_FREE","",0,"0x0000709e5e5a4000",134234,90987064551852,90987064552142
"MEMORY_ALLOCATION","MEMORY_ALLOCATION_FREE","",0,"0x0000709e5e5a5000",134236,90987064554422,90987064554672
"MEMORY_ALLOCATION","MEMORY_ALLOCATION_FREE","",0,"0x0000709e5e5a9000",134238,90987064558123,90987064558343
"MEMORY_ALLOCATION","MEMORY_ALLOCATION_FREE","",0,"0x0000709e5e5ad000",134240,90987064561103,90987064561423
"MEMORY_ALLOCATION","MEMORY_ALLOCATION_FREE","",0,"0x0000709e5e5b1000",134242,90987064564013,90987064564343
"MEMORY_ALLOCATION","MEMORY_ALLOCATION_FREE","",0,"0x0000709e5e5b5000",134244,90987064566803,90987064567043
"MEMORY_ALLOCATION","MEMORY_ALLOCATION_FREE","",0,"0x0000709e5e5c1000",134246,90987064569443,90987064569673
"MEMORY_ALLOCATION","MEMORY_ALLOCATION_FREE","",0,"0x0000709e5e5fb000",134248,90987064573613,90987064574713
"MEMORY_ALLOCATION","MEMORY_ALLOCATION_FREE","",0,"0x0000709e50f04000",134250,90987064577893,90987064579373
"MEMORY_ALLOCATION","MEMORY_ALLOCATION_FREE","",0,"0x0000709e5e5f9000",134252,90987064582243,90987064582833
"MEMORY_ALLOCATION","MEMORY_ALLOCATION_FREE","",0,"0x0000709e5e5fa000",134254,90987064586293,90987064586783
"MEMORY_ALLOCATION","MEMORY_ALLOCATION_FREE","",0,"0x0000709e5e5ff000",134256,90987064589653,90987064589973
"MEMORY_ALLOCATION","MEMORY_ALLOCATION_FREE","",0,"0x0000709e50f00000",134258,90987064592593,90987064593313
"MEMORY_ALLOCATION","MEMORY_ALLOCATION_FREE","",0,"0x0000709e52000000",134260,90987064633744,90987064682645
"MEMORY_ALLOCATION","MEMORY_ALLOCATION_FREE","",0,"0x0000709e51c00000",134262,90987064686295,90987064686715
"MEMORY_ALLOCATION","MEMORY_ALLOCATION_FREE","",0,"0x0000709e5e5c5000",134264,90987064689515,90987064690015
"MEMORY_ALLOCATION","MEMORY_ALLOCATION_FREE","",0,"0x0000709e5e5c6000",134266,90987064694195,90987064694635
"MEMORY_ALLOCATION","MEMORY_ALLOCATION_FREE","",0,"0x0000709e5e5c7000",134268,90987064732766,90987064733076
"MEMORY_ALLOCATION","MEMORY_ALLOCATION_FREE","",0,"0x0000709e5e5d7000",134270,90987064740246,90987064740506
"MEMORY_ALLOCATION","MEMORY_ALLOCATION_FREE","",0,"0x0000709e5e5d9000",134272,90987065173993,90987065174403
"MEMORY_ALLOCATION","MEMORY_ALLOCATION_FREE","",0,"0x0000709e5e5da000",134274,90987065177543,90987065177883
"MEMORY_ALLOCATION","MEMORY_ALLOCATION_FREE","",0,"0x0000709e5e5db000",134276,90987065290005,90987065290365
"MEMORY_ALLOCATION","MEMORY_ALLOCATION_FREE","",0,"0x0000709e5e5eb000",134278,90987065292805,90987065293065
"MEMORY_ALLOCATION","MEMORY_ALLOCATION_FREE","",0,"0x0000709e5e5ed000",134280,90987065295705,90987065296085
"MEMORY_ALLOCATION","MEMORY_ALLOCATION_FREE","",0,"0x0000709e5e5ee000",134282,90987065305346,90987065305636
"MEMORY_ALLOCATION","MEMORY_ALLOCATION_FREE","",0,"0x0000709e51200000",134284,90987065344906,90987065401717
"MEMORY_ALLOCATION","MEMORY_ALLOCATION_FREE","",0,"0x0000709e50e00000",134286,90987065405877,90987065406527
"MEMORY_ALLOCATION","MEMORY_ALLOCATION_FREE","",0,"0x0000709e5e5ef000",134288,90987065409227,90987065409517
"MEMORY_ALLOCATION","MEMORY_ALLOCATION_FREE","",0,"0x0000709e5e5f0000",134290,90987065412428,90987065412678
"MEMORY_ALLOCATION","MEMORY_ALLOCATION_FREE","",0,"0x0000709e50400000",134292,90987065452908,90987065498709
"MEMORY_ALLOCATION","MEMORY_ALLOCATION_FREE","",0,"0x0000709e50000000",134294,90987065501889,90987065502509
"MEMORY_ALLOCATION","MEMORY_ALLOCATION_FREE","",0,"0x0000709e5e5f1000",134296,90987065504939,90987065505349
"MEMORY_ALLOCATION","MEMORY_ALLOCATION_FREE","",0,"0x0000709e5e5f2000",134298,90987065508619,90987065509009
"MEMORY_ALLOCATION","MEMORY_ALLOCATION_FREE","",0,"0x0000709e4e600000",134300,90987065551620,90987065596251
"MEMORY_ALLOCATION","MEMORY_ALLOCATION_FREE","",0,"0x0000709e4e000000",134302,90987065599291,90987065640721
"MEMORY_ALLOCATION","MEMORY_ALLOCATION_FREE","",0,"0x0000709e5e5f3000",134304,90987065644952,90987065645402
"MEMORY_ALLOCATION","MEMORY_ALLOCATION_FREE","",0,"0x0000709e5e5f4000",134306,90987065648172,90987065648512
"MEMORY_ALLOCATION","MEMORY_ALLOCATION_FREE","",0,"0x0000709e4c600000",134308,90987065677072,90987065739873
"MEMORY_ALLOCATION","MEMORY_ALLOCATION_FREE","",0,"0x0000709e4c000000",134310,90987065743163,90987065788174
"MEMORY_ALLOCATION","MEMORY_ALLOCATION_FREE","",0,"0x0000709e5e5f5000",134312,90987065791064,90987065791514
"MEMORY_ALLOCATION","MEMORY_ALLOCATION_FREE","",0,"0x0000709e5e5f6000",134314,90987065795904,90987065796224
"MEMORY_ALLOCATION","MEMORY_ALLOCATION_FREE","",0,"0x0000709e4a600000",134316,90987065833605,90987065877056
"MEMORY_ALLOCATION","MEMORY_ALLOCATION_FREE","",0,"0x0000709e4a000000",134318,90987065882336,90987065922836
"MEMORY_ALLOCATION","MEMORY_ALLOCATION_FREE","",0,"0x0000709e5e5f7000",134320,90987065926236,90987065926866
"MEMORY_ALLOCATION","MEMORY_ALLOCATION_FREE","",0,"0x0000709e5e5f8000",134322,90987065929427,90987065929937
"MEMORY_ALLOCATION","MEMORY_ALLOCATION_FREE","",0,"0x0000709e50f24000",134324,90987065932897,90987065933367
"MEMORY_ALLOCATION","MEMORY_ALLOCATION_FREE","",0,"0x0000709e49c00000",134326,90987065936217,90987065936697
"MEMORY_ALLOCATION","MEMORY_ALLOCATION_FREE","",0,"0x0000709e50f44000",134328,90987065939217,90987065939577
"MEMORY_ALLOCATION","MEMORY_ALLOCATION_FREE","",0,"0x0000709e50f48000",134330,90987065942117,90987065942497
"MEMORY_ALLOCATION","MEMORY_ALLOCATION_FREE","",0,"0x0000709e50f4c000",134332,90987065944937,90987065945207
"MEMORY_ALLOCATION","MEMORY_ALLOCATION_FREE","",0,"0x0000709e50f54000",134334,90987065949407,90987065949647
"MEMORY_ALLOCATION","MEMORY_ALLOCATION_FREE","",0,"0x0000709e50f5c000",134336,90987065952187,90987065952407
"MEMORY_ALLOCATION","MEMORY_ALLOCATION_FREE","",0,"0x0000709e50f60000",134338,90987065955197,90987065955637
"MEMORY_ALLOCATION","MEMORY_ALLOCATION_FREE","",0,"0x0000709e50f62000",134340,90987065958127,90987065958337
"MEMORY_ALLOCATION","MEMORY_ALLOCATION_FREE","",0,"0x0000709e50f64000",134342,90987065960867,90987065961117
"MEMORY_ALLOCATION","MEMORY_ALLOCATION_FREE","",0,"0x0000709e50f68000",134344,90987065963567,90987065963797
"MEMORY_ALLOCATION","MEMORY_ALLOCATION_FREE","",0,"0x0000709e50f69000",134346,90987065966587,90987065966907
"MEMORY_ALLOCATION","MEMORY_ALLOCATION_FREE","",0,"0x0000709e50f6a000",134348,90987065969187,90987065969397
"MEMORY_ALLOCATION","MEMORY_ALLOCATION_FREE","",0,"0x0000709e50f6e000",134350,90987065973127,90987065973367
"MEMORY_ALLOCATION","MEMORY_ALLOCATION_FREE","",0,"0x0000709e50f72000",134352,90987065975727,90987065975947
"MEMORY_ALLOCATION","MEMORY_ALLOCATION_FREE","",0,"0x0000709e50f76000",134354,90987065978387,90987065978847
"MEMORY_ALLOCATION","MEMORY_ALLOCATION_FREE","",0,"0x0000709e50f7a000",134356,90987065981297,90987065981527
"MEMORY_ALLOCATION","MEMORY_ALLOCATION_FREE","",0,"0x0000709e50f86000",134358,90987065984017,90987065984247
"MEMORY_ALLOCATION","MEMORY_ALLOCATION_FREE","",0,"0x0000709e50fc0000",134360,90987065988308,90987065988918
"MEMORY_ALLOCATION","MEMORY_ALLOCATION_FREE","",0,"0x0000709e50fc9000",134362,90987065991728,90987065992218
"MEMORY_ALLOCATION","MEMORY_ALLOCATION_FREE","",0,"0x0000709e50fbe000",134364,90987065995938,90987065996698
"MEMORY_ALLOCATION","MEMORY_ALLOCATION_FREE","",0,"0x0000709e50fbf000",134366,90987065999328,90987065999818
"MEMORY_ALLOCATION","MEMORY_ALLOCATION_FREE","",0,"0x0000709e50fc8000",134368,90987066010038,90987066010488
"MEMORY_ALLOCATION","MEMORY_ALLOCATION_FREE","",0,"0x0000709e50fc4000",134370,90987066013478,90987066013848
"MEMORY_ALLOCATION","MEMORY_ALLOCATION_FREE","",0,"0x0000709e48a00000",134372,90987066042679,90987066087369
"MEMORY_ALLOCATION","MEMORY_ALLOCATION_FREE","",0,"0x0000709e48600000",134374,90987066090649,90987066091039
"MEMORY_ALLOCATION","MEMORY_ALLOCATION_FREE","",0,"0x0000709e50f8a000",134376,90987066093559,90987066093909
"MEMORY_ALLOCATION","MEMORY_ALLOCATION_FREE","",0,"0x0000709e50f8b000",134378,90987066097999,90987066098379
"MEMORY_ALLOCATION","MEMORY_ALLOCATION_FREE","",0,"0x0000709e50f8c000",134380,90987066135660,90987066135940
"MEMORY_ALLOCATION","MEMORY_ALLOCATION_FREE","",0,"0x0000709e50f9c000",134382,90987066138320,90987066138600
"MEMORY_ALLOCATION","MEMORY_ALLOCATION_FREE","",0,"0x0000709e50f9e000",134384,90987066141740,90987066141990
"MEMORY_ALLOCATION","MEMORY_ALLOCATION_FREE","",0,"0x0000709e50f9f000",134386,90987066144890,90987066145470
"MEMORY_ALLOCATION","MEMORY_ALLOCATION_FREE","",0,"0x0000709e50fa0000",134388,90987066182071,90987066182381
"MEMORY_ALLOCATION","MEMORY_ALLOCATION_FREE","",0,"0x0000709e50fb0000",134390,90987066184721,90987066185001
"MEMORY_ALLOCATION","MEMORY_ALLOCATION_FREE","",0,"0x0000709e50fb2000",134392,90987066187601,90987066187841
"MEMORY_ALLOCATION","MEMORY_ALLOCATION_FREE","",0,"0x0000709e50fb3000",134394,90987066191081,90987066191431
"MEMORY_ALLOCATION","MEMORY_ALLOCATION_FREE","",0,"0x0000709e47c00000",134396,90987066222052,90987066266112
"MEMORY_ALLOCATION","MEMORY_ALLOCATION_FREE","",0,"0x0000709e47800000",134398,90987066269963,90987066270963
"MEMORY_ALLOCATION","MEMORY_ALLOCATION_FREE","",0,"0x0000709e50fb4000",134400,90987066275683,90987066276043
"MEMORY_ALLOCATION","MEMORY_ALLOCATION_FREE","",0,"0x0000709e50fb5000",134402,90987066278693,90987066278963
"MEMORY_ALLOCATION","MEMORY_ALLOCATION_FREE","",0,"0x0000709e46e00000",134404,90987066312883,90987066356824
"MEMORY_ALLOCATION","MEMORY_ALLOCATION_FREE","",0,"0x0000709e46a00000",134406,90987066360154,90987066360574
"MEMORY_ALLOCATION","MEMORY_ALLOCATION_FREE","",0,"0x0000709e50fb6000",134408,90987066363314,90987066363624
"MEMORY_ALLOCATION","MEMORY_ALLOCATION_FREE","",0,"0x0000709e50fb7000",134410,90987066366144,90987066366424
"MEMORY_ALLOCATION","MEMORY_ALLOCATION_FREE","",0,"0x0000709e45000000",134412,90987066405085,90987066452816
"MEMORY_ALLOCATION","MEMORY_ALLOCATION_FREE","",0,"0x0000709e44a00000",134414,90987066456536,90987066498137
"MEMORY_ALLOCATION","MEMORY_ALLOCATION_FREE","",0,"0x0000709e50fb8000",134416,90987066502817,90987066503307
"MEMORY_ALLOCATION","MEMORY_ALLOCATION_FREE","",0,"0x0000709e50fb9000",134418,90987066505877,90987066506157
"MEMORY_ALLOCATION","MEMORY_ALLOCATION_FREE","",0,"0x0000709e43000000",134420,90987066540137,90987066585658
"MEMORY_ALLOCATION","MEMORY_ALLOCATION_FREE","",0,"0x0000709e42400000",134422,90987066589228,90987066630119
"MEMORY_ALLOCATION","MEMORY_ALLOCATION_FREE","",0,"0x0000709e50fba000",134424,90987066636729,90987066637189
"MEMORY_ALLOCATION","MEMORY_ALLOCATION_FREE","",0,"0x0000709e50fbb000",134426,90987066639609,90987066639879
"MEMORY_ALLOCATION","MEMORY_ALLOCATION_FREE","",0,"0x0000709e40a00000",134428,90987066676280,90987066719570
"MEMORY_ALLOCATION","MEMORY_ALLOCATION_FREE","",0,"0x0000709e40400000",134430,90987066722640,90987066762861
"MEMORY_ALLOCATION","MEMORY_ALLOCATION_FREE","",0,"0x0000709e50fbc000",134432,90987066766651,90987066767041
"MEMORY_ALLOCATION","MEMORY_ALLOCATION_FREE","",0,"0x0000709e50fbd000",134434,90987066769951,90987066770411
"MEMORY_ALLOCATION","MEMORY_ALLOCATION_FREE","",0,"0x0000709e47900000",134436,90987066773181,90987066773891
"MEMORY_ALLOCATION","MEMORY_ALLOCATION_FREE","",0,"0x0000709e40000000",134438,90987066776541,90987066777161
"MEMORY_ALLOCATION","MEMORY_ALLOCATION_FREE","",0,"0x0000709e50fe9000",134440,90987066779651,90987066779971
"MEMORY_ALLOCATION","MEMORY_ALLOCATION_FREE","",0,"0x0000709e50fed000",134442,90987066782532,90987066782872
"MEMORY_ALLOCATION","MEMORY_ALLOCATION_FREE","",0,"0x0000709e50ff1000",134444,90987066785652,90987066785922
"MEMORY_ALLOCATION","MEMORY_ALLOCATION_FREE","",0,"0x0000709e47920000",134446,90987066789772,90987066790322
"MEMORY_ALLOCATION","MEMORY_ALLOCATION_FREE","",0,"0x0000709e50ff9000",134448,90987066792762,90987066793082
"MEMORY_ALLOCATION","MEMORY_ALLOCATION_FREE","",0,"0x0000709e50ffd000",134450,90987066795862,90987066796102
"MEMORY_ALLOCATION","MEMORY_ALLOCATION_FREE","",0,"0x0000709e47928000",134452,90987066798642,90987066798972
"MEMORY_ALLOCATION","MEMORY_ALLOCATION_FREE","",0,"0x0000709e4792a000",134454,90987066801442,90987066801752
"MEMORY_ALLOCATION","MEMORY_ALLOCATION_FREE","",0,"0x0000709e50fff000",134456,90987066804282,90987066804762
"MEMORY_ALLOCATION","MEMORY_ALLOCATION_FREE","",0,"0x0000709e4792e000",134458,90987066807152,90987066807502
"MEMORY_ALLOCATION","MEMORY_ALLOCATION_FREE","",0,"0x0000709e4792f000",134460,90987066810142,90987066810472
"MEMORY_ALLOCATION","MEMORY_ALLOCATION_FREE","",0,"0x0000709e47933000",134462,90987066814092,90987066814322
"MEMORY_ALLOCATION","MEMORY_ALLOCATION_FREE","",0,"0x0000709e47937000",134464,90987066816892,90987066817162
"MEMORY_ALLOCATION","MEMORY_ALLOCATION_FREE","",0,"0x0000709e4793b000",134466,90987066819692,90987066820012
"MEMORY_ALLOCATION","MEMORY_ALLOCATION_FREE","",0,"0x0000709e4793f000",134468,90987066822912,90987066823222
"MEMORY_ALLOCATION","MEMORY_ALLOCATION_FREE","",0,"0x0000709e4794b000",134470,90987066825822,90987066826052
"MEMORY_ALLOCATION","MEMORY_ALLOCATION_FREE","",0,"0x0000709e479dd000",134472,90987066830672,90987066831622
"MEMORY_ALLOCATION","MEMORY_ALLOCATION_FREE","",0,"0x0000709e479e1000",134474,90987066834332,90987066834782
"MEMORY_ALLOCATION","MEMORY_ALLOCATION_FREE","",0,"0x0000709e479e2000",134476,90987066837452,90987066837752
"MEMORY_ALLOCATION","MEMORY_ALLOCATION_FREE","",0,"0x0000709e479e3000",134478,90987066840273,90987066840663
"MEMORY_ALLOCATION","MEMORY_ALLOCATION_FREE","",0,"0x0000709e3ee00000",134480,90987066883983,90987066929934
"MEMORY_ALLOCATION","MEMORY_ALLOCATION_FREE","",0,"0x0000709e3ea00000",134482,90987066933104,90987066933514
"MEMORY_ALLOCATION","MEMORY_ALLOCATION_FREE","",0,"0x0000709e4794f000",134484,90987066939024,90987066939354
"MEMORY_ALLOCATION","MEMORY_ALLOCATION_FREE","",0,"0x0000709e47950000",134486,90987066941984,90987066942314
"MEMORY_ALLOCATION","MEMORY_ALLOCATION_FREE","",0,"0x0000709e3e600000",134488,90987066978065,90987066978525
"MEMORY_ALLOCATION","MEMORY_ALLOCATION_FREE","",0,"0x0000709e47951000",134490,90987066981455,90987066981825
"MEMORY_ALLOCATION","MEMORY_ALLOCATION_FREE","",0,"0x0000709e479d1000",134492,90987066984295,90987066984585
"MEMORY_ALLOCATION","MEMORY_ALLOCATION_FREE","",0,"0x0000709e479d2000",134494,90987066987245,90987066987555
"MEMORY_ALLOCATION","MEMORY_ALLOCATION_FREE","",0,"0x0000709e3e200000",134496,90987067052546,90987067053006
"MEMORY_ALLOCATION","MEMORY_ALLOCATION_FREE","",0,"0x0000709e3de00000",134498,90987067192399,90987067193569
"MEMORY_ALLOCATION","MEMORY_ALLOCATION_FREE","",0,"0x0000709e479d3000",134500,90987067196289,90987067196919
"MEMORY_ALLOCATION","MEMORY_ALLOCATION_FREE","",0,"0x0000709e479d4000",134502,90987067199689,90987067200059
"MEMORY_ALLOCATION","MEMORY_ALLOCATION_FREE","",0,"0x0000709e3d400000",134504,90987067248640,90987067294050
"MEMORY_ALLOCATION","MEMORY_ALLOCATION_FREE","",0,"0x0000709e3d000000",134506,90987067297251,90987067297761
"MEMORY_ALLOCATION","MEMORY_ALLOCATION_FREE","",0,"0x0000709e479d5000",134508,90987067300681,90987067300961
"MEMORY_ALLOCATION","MEMORY_ALLOCATION_FREE","",0,"0x0000709e479d6000",134510,90987067303451,90987067303701
"MEMORY_ALLOCATION","MEMORY_ALLOCATION_FREE","",0,"0x0000709e3b600000",134512,90987067342411,90987067389362
"MEMORY_ALLOCATION","MEMORY_ALLOCATION_FREE","",0,"0x0000709e3b000000",134514,90987067393292,90987067435183
"MEMORY_ALLOCATION","MEMORY_ALLOCATION_FREE","",0,"0x0000709e479d7000",134516,90987067438153,90987067438503
"MEMORY_ALLOCATION","MEMORY_ALLOCATION_FREE","",0,"0x0000709e479d8000",134518,90987067441213,90987067441533
"MEMORY_ALLOCATION","MEMORY_ALLOCATION_FREE","",0,"0x0000709e39600000",134520,90987067480404,90987067525605
"MEMORY_ALLOCATION","MEMORY_ALLOCATION_FREE","",0,"0x0000709e39000000",134522,90987067529935,90987067571435
"MEMORY_ALLOCATION","MEMORY_ALLOCATION_FREE","",0,"0x0000709e479d9000",134524,90987067574415,90987067574745
"MEMORY_ALLOCATION","MEMORY_ALLOCATION_FREE","",0,"0x0000709e479da000",134526,90987067577245,90987067577525
"MEMORY_ALLOCATION","MEMORY_ALLOCATION_FREE","",0,"0x0000709e37600000",134528,90987067615746,90987067660257
"MEMORY_ALLOCATION","MEMORY_ALLOCATION_FREE","",0,"0x0000709e37000000",134530,90987067663937,90987067704668
"MEMORY_ALLOCATION","MEMORY_ALLOCATION_FREE","",0,"0x0000709e479db000",134532,90987067707768,90987067708218
"MEMORY_ALLOCATION","MEMORY_ALLOCATION_FREE","",0,"0x0000709e479dc000",134534,90987067710628,90987067710998
"MEMORY_ALLOCATION","MEMORY_ALLOCATION_FREE","",0,"0x0000709e479e7000",134536,90987067714088,90987067714328
"MEMORY_ALLOCATION","MEMORY_ALLOCATION_FREE","",0,"0x0000709e479e8000",134538,90987067716648,90987067716908
"MEMORY_ALLOCATION","MEMORY_ALLOCATION_FREE","",0,"0x0000709e479ec000",134540,90987067719368,90987067719648
"MEMORY_ALLOCATION","MEMORY_ALLOCATION_FREE","",0,"0x0000709e479f0000",134542,90987067722218,90987067722488
"MEMORY_ALLOCATION","MEMORY_ALLOCATION_FREE","",0,"0x0000709e479f8000",134544,90987067725148,90987067725458
"MEMORY_ALLOCATION","MEMORY_ALLOCATION_FREE","",0,"0x0000709e479fc000",134546,90987067728048,90987067728318
"MEMORY_ALLOCATION","MEMORY_ALLOCATION_FREE","",0,"0x0000709e479fd000",134548,90987067730678,90987067730948
"MEMORY_ALLOCATION","MEMORY_ALLOCATION_FREE","",0,"0x0000709e3de80000",134550,90987067735368,90987067735988
"MEMORY_ALLOCATION","MEMORY_ALLOCATION_FREE","",0,"0x0000709e479fe000",134552,90987067738498,90987067738768
"MEMORY_ALLOCATION","MEMORY_ALLOCATION_FREE","",0,"0x0000709e3de84000",134554,90987067741168,90987067741508
"MEMORY_ALLOCATION","MEMORY_ALLOCATION_FREE","",0,"0x0000709e479ff000",134556,90987067743898,90987067744248
"MEMORY_ALLOCATION","MEMORY_ALLOCATION_FREE","",0,"0x0000709e35e00000",134558,90987067747648,90987067788149
"MEMORY_ALLOCATION","MEMORY_ALLOCATION_FREE","",0,"0x0000709e34c00000",134560,90987067791089,90987067833100
"MEMORY_ALLOCATION","MEMORY_ALLOCATION_FREE","",0,"0x0000709e3de88000",134562,90987067836920,90987067837410
"MEMORY_ALLOCATION","MEMORY_ALLOCATION_FREE","",0,"0x0000709e3de8c000",134564,90987067840410,90987067840810
"MEMORY_ALLOCATION","MEMORY_ALLOCATION_FREE","",0,"0x0000709e3de90000",134566,90987067843240,90987067843580
"MEMORY_ALLOCATION","MEMORY_ALLOCATION_FREE","",0,"0x0000709e3de94000",134568,90987067846580,90987067846850
"MEMORY_ALLOCATION","MEMORY_ALLOCATION_FREE","",0,"0x0000709e3de98000",134570,90987067850240,90987067850530
"MEMORY_ALLOCATION","MEMORY_ALLOCATION_FREE","",0,"0x0000709e3dea4000",134572,90987067853780,90987067854220
"MEMORY_ALLOCATION","MEMORY_ALLOCATION_FREE","",0,"0x0000709e3dea8000",134574,90987067857370,90987067857740
"MEMORY_ALLOCATION","MEMORY_ALLOCATION_FREE","",0,"0x0000709e3df5f000",134576,90987067863700,90987067864680
"MEMORY_ALLOCATION","MEMORY_ALLOCATION_FREE","",0,"0x0000709e3df68000",134578,90987067868010,90987067868370
"MEMORY_ALLOCATION","MEMORY_ALLOCATION_FREE","",0,"0x0000709e3df5d000",134580,90987067871911,90987067872621
"MEMORY_ALLOCATION","MEMORY_ALLOCATION_FREE","",0,"0x0000709e3df5e000",134582,90987067875791,90987067876561
"MEMORY_ALLOCATION","MEMORY_ALLOCATION_FREE","",0,"0x0000709e3df67000",134584,90987067879771,90987067880211
"MEMORY_ALLOCATION","MEMORY_ALLOCATION_FREE","",0,"0x0000709e3df63000",134586,90987067883571,90987067884041
"MEMORY_ALLOCATION","MEMORY_ALLOCATION_FREE","",0,"0x0000709e33a00000",134588,90987067922881,90987067967452
"MEMORY_ALLOCATION","MEMORY_ALLOCATION_FREE","",0,"0x0000709e33600000",134590,90987067971312,90987067971822
"MEMORY_ALLOCATION","MEMORY_ALLOCATION_FREE","",0,"0x0000709e3df29000",134592,90987067976552,90987067976922
"MEMORY_ALLOCATION","MEMORY_ALLOCATION_FREE","",0,"0x0000709e3df2a000",134594,90987067979862,90987067980132
"MEMORY_ALLOCATION","MEMORY_ALLOCATION_FREE","",0,"0x0000709e3df2b000",134596,90987068057694,90987068058124
"MEMORY_ALLOCATION","MEMORY_ALLOCATION_FREE","",0,"0x0000709e3df3b000",134598,90987068060594,90987068060824
"MEMORY_ALLOCATION","MEMORY_ALLOCATION_FREE","",0,"0x0000709e3df3d000",134600,90987068063314,90987068063634
"MEMORY_ALLOCATION","MEMORY_ALLOCATION_FREE","",0,"0x0000709e3df3e000",134602,90987068066554,90987068066764
"MEMORY_ALLOCATION","MEMORY_ALLOCATION_FREE","",0,"0x0000709e3df3f000",134604,90987068099565,90987068099895
"MEMORY_ALLOCATION","MEMORY_ALLOCATION_FREE","",0,"0x0000709e3df4f000",134606,90987068102445,90987068102735
"MEMORY_ALLOCATION","MEMORY_ALLOCATION_FREE","",0,"0x0000709e3df51000",134608,90987068106845,90987068107095
"MEMORY_ALLOCATION","MEMORY_ALLOCATION_FREE","",0,"0x0000709e3df52000",134610,90987068109405,90987068109625
"MEMORY_ALLOCATION","MEMORY_ALLOCATION_FREE","",0,"0x0000709e32c00000",134612,90987068144955,90987068189576
"MEMORY_ALLOCATION","MEMORY_ALLOCATION_FREE","",0,"0x0000709e32800000",134614,90987068194896,90987068196526
"MEMORY_ALLOCATION","MEMORY_ALLOCATION_FREE","",0,"0x0000709e3df53000",134616,90987068199346,90987068199826
"MEMORY_ALLOCATION","MEMORY_ALLOCATION_FREE","",0,"0x0000709e3df54000",134618,90987068202316,90987068203196
"MEMORY_ALLOCATION","MEMORY_ALLOCATION_FREE","",0,"0x0000709e31e00000",134620,90987068237747,90987068281858
"MEMORY_ALLOCATION","MEMORY_ALLOCATION_FREE","",0,"0x0000709e31a00000",134622,90987068285518,90987068285938
"MEMORY_ALLOCATION","MEMORY_ALLOCATION_FREE","",0,"0x0000709e3df55000",134624,90987068288578,90987068288958
"MEMORY_ALLOCATION","MEMORY_ALLOCATION_FREE","",0,"0x0000709e3df56000",134626,90987068291638,90987068291938
"MEMORY_ALLOCATION","MEMORY_ALLOCATION_FREE","",0,"0x0000709e30000000",134628,90987068330889,90987068375659
"MEMORY_ALLOCATION","MEMORY_ALLOCATION_FREE","",0,"0x0000709e2fa00000",134630,90987068378969,90987068418480
"MEMORY_ALLOCATION","MEMORY_ALLOCATION_FREE","",0,"0x0000709e3df57000",134632,90987068423110,90987068423500
"MEMORY_ALLOCATION","MEMORY_ALLOCATION_FREE","",0,"0x0000709e3df58000",134634,90987068426200,90987068426540
"MEMORY_ALLOCATION","MEMORY_ALLOCATION_FREE","",0,"0x0000709e2e000000",134636,90987068466161,90987068509202
"MEMORY_ALLOCATION","MEMORY_ALLOCATION_FREE","",0,"0x0000709e2da00000",134638,90987068512252,90987068552012
"MEMORY_ALLOCATION","MEMORY_ALLOCATION_FREE","",0,"0x0000709e3df59000",134640,90987068555333,90987068555763
"MEMORY_ALLOCATION","MEMORY_ALLOCATION_FREE","",0,"0x0000709e3df5a000",134642,90987068558283,90987068558563
"MEMORY_ALLOCATION","MEMORY_ALLOCATION_FREE","",0,"0x0000709e2c000000",134644,90987068596523,90987068641294
"MEMORY_ALLOCATION","MEMORY_ALLOCATION_FREE","",0,"0x0000709e2ba00000",134646,90987068645174,90987068689415
"MEMORY_ALLOCATION","MEMORY_ALLOCATION_FREE","",0,"0x0000709e3df5b000",134648,90987068692805,90987068693195
"MEMORY_ALLOCATION","MEMORY_ALLOCATION_FREE","",0,"0x0000709e3df5c000",134650,90987068695735,90987068696185
"MEMORY_ALLOCATION","MEMORY_ALLOCATION_FREE","",0,"0x0000709e3df88000",134652,90987068699085,90987068699445
"MEMORY_ALLOCATION","MEMORY_ALLOCATION_FREE","",0,"0x0000709e2b600000",134654,90987068702705,90987068703505
"MEMORY_ALLOCATION","MEMORY_ALLOCATION_FREE","",0,"0x0000709e3dfa8000",134656,90987068706045,90987068706345
"MEMORY_ALLOCATION","MEMORY_ALLOCATION_FREE","",0,"0x0000709e3dfac000",134658,90987068708885,90987068709195
"MEMORY_ALLOCATION","MEMORY_ALLOCATION_FREE","",0,"0x0000709e3dfb0000",134660,90987068712155,90987068712395
"MEMORY_ALLOCATION","MEMORY_ALLOCATION_FREE","",0,"0x0000709e3dfb8000",134662,90987068716205,90987068716585
"MEMORY_ALLOCATION","MEMORY_ALLOCATION_FREE","",0,"0x0000709e3dfc0000",134664,90987068719145,90987068719445
"MEMORY_ALLOCATION","MEMORY_ALLOCATION_FREE","",0,"0x0000709e3dfc4000",134666,90987068721995,90987068722265
"MEMORY_ALLOCATION","MEMORY_ALLOCATION_FREE","",0,"0x0000709e3dfc6000",134668,90987068724516,90987068724746
"MEMORY_ALLOCATION","MEMORY_ALLOCATION_FREE","",0,"0x0000709e3dfc8000",134670,90987068727356,90987068727686
"MEMORY_ALLOCATION","MEMORY_ALLOCATION_FREE","",0,"0x0000709e3dfcc000",134672,90987068730086,90987068730336
"MEMORY_ALLOCATION","MEMORY_ALLOCATION_FREE","",0,"0x0000709e3dfcd000",134674,90987068732906,90987068733136
"MEMORY_ALLOCATION","MEMORY_ALLOCATION_FREE","",0,"0x0000709e3dfce000",134676,90987068735766,90987068735986
"MEMORY_ALLOCATION","MEMORY_ALLOCATION_FREE","",0,"0x0000709e3dfd2000",134678,90987068739556,90987068739916
"MEMORY_ALLOCATION","MEMORY_ALLOCATION_FREE","",0,"0x0000709e3dfd6000",134680,90987068742366,90987068742716
"MEMORY_ALLOCATION","MEMORY_ALLOCATION_FREE","",0,"0x0000709e3dfda000",134682,90987068745096,90987068745336
"MEMORY_ALLOCATION","MEMORY_ALLOCATION_FREE","",0,"0x0000709e3dfde000",134684,90987068747736,90987068748006
"MEMORY_ALLOCATION","MEMORY_ALLOCATION_FREE","",0,"0x0000709e3dfea000",134686,90987068750466,90987068750756
"MEMORY_ALLOCATION","MEMORY_ALLOCATION_FREE","",0,"0x0000709e32924000",134688,90987068754926,90987068755696
"MEMORY_ALLOCATION","MEMORY_ALLOCATION_FREE","",0,"0x0000709e3292d000",134690,90987068758976,90987068759336
"MEMORY_ALLOCATION","MEMORY_ALLOCATION_FREE","",0,"0x0000709e32922000",134692,90987068762236,90987068762916
"MEMORY_ALLOCATION","MEMORY_ALLOCATION_FREE","",0,"0x0000709e32923000",134694,90987068765616,90987068766236
"MEMORY_ALLOCATION","MEMORY_ALLOCATION_FREE","",0,"0x0000709e3292c000",134696,90987068768866,90987068769336
"MEMORY_ALLOCATION","MEMORY_ALLOCATION_FREE","",0,"0x0000709e32928000",134698,90987068771936,90987068772376
"MEMORY_ALLOCATION","MEMORY_ALLOCATION_FREE","",0,"0x0000709e2a400000",134700,90987068810737,90987068862568
"MEMORY_ALLOCATION","MEMORY_ALLOCATION_FREE","",0,"0x0000709e2a000000",134702,90987068866448,90987068866788
"MEMORY_ALLOCATION","MEMORY_ALLOCATION_FREE","",0,"0x0000709e3dfee000",134704,90987068869508,90987068869888
"MEMORY_ALLOCATION","MEMORY_ALLOCATION_FREE","",0,"0x0000709e3dfef000",134706,90987068874868,90987068875308
"MEMORY_ALLOCATION","MEMORY_ALLOCATION_FREE","",0,"0x0000709e3dff0000",134708,90987068912209,90987068912669
"MEMORY_ALLOCATION","MEMORY_ALLOCATION_FREE","",0,"0x0000709e32900000",134710,90987068916079,90987068916759
"MEMORY_ALLOCATION","MEMORY_ALLOCATION_FREE","",0,"0x0000709e32902000",134712,90987068919539,90987068920009
"MEMORY_ALLOCATION","MEMORY_ALLOCATION_FREE","",0,"0x0000709e32903000",134714,90987068923169,90987068923489
"MEMORY_ALLOCATION","MEMORY_ALLOCATION_FREE","",0,"0x0000709e32904000",134716,90987068961630,90987068962070
"MEMORY_ALLOCATION","MEMORY_ALLOCATION_FREE","",0,"0x0000709e32914000",134718,90987068964580,90987068964910
"MEMORY_ALLOCATION","MEMORY_ALLOCATION_FREE","",0,"0x0000709e32916000",134720,90987068967940,90987068968270
"MEMORY_ALLOCATION","MEMORY_ALLOCATION_FREE","",0,"0x0000709e32917000",134722,90987068971060,90987068971320
"MEMORY_ALLOCATION","MEMORY_ALLOCATION_FREE","",0,"0x0000709e29600000",134724,90987069036281,90987069082392
"MEMORY_ALLOCATION","MEMORY_ALLOCATION_FREE","",0,"0x0000709e29200000",134726,90987069085532,90987069085922
"MEMORY_ALLOCATION","MEMORY_ALLOCATION_FREE","",0,"0x0000709e32918000",134728,90987069091302,90987069091812
"MEMORY_ALLOCATION","MEMORY_ALLOCATION_FREE","",0,"0x0000709e32919000",134730,90987069094252,90987069094632
"MEMORY_ALLOCATION","MEMORY_ALLOCATION_FREE","",0,"0x0000709e28800000",134732,90987069135563,90987069178293
"MEMORY_ALLOCATION","MEMORY_ALLOCATION_FREE","",0,"0x0000709e28400000",134734,90987069186784,90987069187544
"MEMORY_ALLOCATION","MEMORY_ALLOCATION_FREE","",0,"0x0000709e3291a000",134736,90987069190114,90987069190464
"MEMORY_ALLOCATION","MEMORY_ALLOCATION_FREE","",0,"0x0000709e3291b000",134738,90987069192974,90987069193414
"MEMORY_ALLOCATION","MEMORY_ALLOCATION_FREE","",0,"0x0000709e26a00000",134740,90987069234504,90987069282665
"MEMORY_ALLOCATION","MEMORY_ALLOCATION_FREE","",0,"0x0000709e26400000",134742,90987069287855,90987069334856
"MEMORY_ALLOCATION","MEMORY_ALLOCATION_FREE","",0,"0x0000709e3291c000",134744,90987069337896,90987069338406
"MEMORY_ALLOCATION","MEMORY_ALLOCATION_FREE","",0,"0x0000709e3291d000",134746,90987069341016,90987069341376
"MEMORY_ALLOCATION","MEMORY_ALLOCATION_FREE","",0,"0x0000709e24a00000",134748,90987069379247,90987069423358
"MEMORY_ALLOCATION","MEMORY_ALLOCATION_FREE","",0,"0x0000709e24400000",134750,90987069427448,90987069467949
"MEMORY_ALLOCATION","MEMORY_ALLOCATION_FREE","",0,"0x0000709e3291e000",134752,90987069471029,90987069471389
"MEMORY_ALLOCATION","MEMORY_ALLOCATION_FREE","",0,"0x0000709e3291f000",134754,90987069473789,90987069474119
"MEMORY_ALLOCATION","MEMORY_ALLOCATION_FREE","",0,"0x0000709e21e00000",134756,90987069505049,90987069548170
"MEMORY_ALLOCATION","MEMORY_ALLOCATION_FREE","",0,"0x0000709e21800000",134758,90987069553350,90987069593711
"MEMORY_ALLOCATION","MEMORY_ALLOCATION_FREE","",0,"0x0000709e32920000",134760,90987069597011,90987069597441
"MEMORY_ALLOCATION","MEMORY_ALLOCATION_FREE","",0,"0x0000709e32921000",134762,90987069600261,90987069600721
"MEMORY_ALLOCATION","MEMORY_ALLOCATION_FREE","",0,"0x0000709e3294d000",134764,90987069603631,90987069603941
"MEMORY_ALLOCATION","MEMORY_ALLOCATION_FREE","",0,"0x0000709e21400000",134766,90987069606401,90987069606681
"MEMORY_ALLOCATION","MEMORY_ALLOCATION_FREE","",0,"0x0000709e3296d000",134768,90987069609651,90987069610001
"MEMORY_ALLOCATION","MEMORY_ALLOCATION_FREE","",0,"0x0000709e32971000",134770,90987069612621,90987069612911
"MEMORY_ALLOCATION","MEMORY_ALLOCATION_FREE","",0,"0x0000709e32975000",134772,90987069615781,90987069616191
"MEMORY_ALLOCATION","MEMORY_ALLOCATION_FREE","",0,"0x0000709e3297d000",134774,90987069619941,90987069620211
"MEMORY_ALLOCATION","MEMORY_ALLOCATION_FREE","",0,"0x0000709e32985000",134776,90987069622641,90987069623011
"MEMORY_ALLOCATION","MEMORY_ALLOCATION_FREE","",0,"0x0000709e32989000",134778,90987069625641,90987069625901
"MEMORY_ALLOCATION","MEMORY_ALLOCATION_FREE","",0,"0x0000709e3298b000",134780,90987069628261,90987069628581
"MEMORY_ALLOCATION","MEMORY_ALLOCATION_FREE","",0,"0x0000709e3298d000",134782,90987069631471,90987069631741
"MEMORY_ALLOCATION","MEMORY_ALLOCATION_FREE","",0,"0x0000709e32991000",134784,90987069634141,90987069634481
"MEMORY_ALLOCATION","MEMORY_ALLOCATION_FREE","",0,"0x0000709e32992000",134786,90987069637311,90987069637561
"MEMORY_ALLOCATION","MEMORY_ALLOCATION_FREE","",0,"0x0000709e32993000",134788,90987069640172,90987069640552
"MEMORY_ALLOCATION","MEMORY_ALLOCATION_FREE","",0,"0x0000709e32997000",134790,90987069643972,90987069644182
"MEMORY_ALLOCATION","MEMORY_ALLOCATION_FREE","",0,"0x0000709e3299b000",134792,90987069646732,90987069647002
"MEMORY_ALLOCATION","MEMORY_ALLOCATION_FREE","",0,"0x0000709e3299f000",134794,90987069649602,90987069649852
"MEMORY_ALLOCATION","MEMORY_ALLOCATION_FREE","",0,"0x0000709e329a3000",134796,90987069652142,90987069652452
"MEMORY_ALLOCATION","MEMORY_ALLOCATION_FREE","",0,"0x0000709e329af000",134798,90987069654912,90987069655202
"MEMORY_ALLOCATION","MEMORY_ALLOCATION_FREE","",0,"0x0000709e329e9000",134800,90987069659132,90987069659862
"MEMORY_ALLOCATION","MEMORY_ALLOCATION_FREE","",0,"0x0000709e18200000",134802,90987069665812,90987069666922
"MEMORY_ALLOCATION","MEMORY_ALLOCATION_FREE","",0,"0x0000709e329e7000",134804,90987069669892,90987069670432
"MEMORY_ALLOCATION","MEMORY_ALLOCATION_FREE","",0,"0x0000709e329e8000",134806,90987069673102,90987069673582
"MEMORY_ALLOCATION","MEMORY_ALLOCATION_FREE","",0,"0x0000709e329f1000",134808,90987069676162,90987069676412
"MEMORY_ALLOCATION","MEMORY_ALLOCATION_FREE","",0,"0x0000709e329ed000",134810,90987069679552,90987069679992
"MEMORY_ALLOCATION","MEMORY_ALLOCATION_FREE","",0,"0x0000709e20200000",134812,90987069712853,90987069759084
"MEMORY_ALLOCATION","MEMORY_ALLOCATION_FREE","",0,"0x0000709e1fe00000",134814,90987069765244,90987069765664
"MEMORY_ALLOCATION","MEMORY_ALLOCATION_FREE","",0,"0x0000709e329b3000",134816,90987069768424,90987069768824
"MEMORY_ALLOCATION","MEMORY_ALLOCATION_FREE","",0,"0x0000709e329b4000",134818,90987069771604,90987069771874
"MEMORY_ALLOCATION","MEMORY_ALLOCATION_FREE","",0,"0x0000709e329b5000",134820,90987069806544,90987069806914
"MEMORY_ALLOCATION","MEMORY_ALLOCATION_FREE","",0,"0x0000709e329c5000",134822,90987069810324,90987069810574
"MEMORY_ALLOCATION","MEMORY_ALLOCATION_FREE","",0,"0x0000709e329c7000",134824,90987069813125,90987069813375
"MEMORY_ALLOCATION","MEMORY_ALLOCATION_FREE","",0,"0x0000709e329c8000",134826,90987069815995,90987069816235
"MEMORY_ALLOCATION","MEMORY_ALLOCATION_FREE","",0,"0x0000709e329c9000",134828,90987069853445,90987069853855
"MEMORY_ALLOCATION","MEMORY_ALLOCATION_FREE","",0,"0x0000709e329d9000",134830,90987069856855,90987069857115
"MEMORY_ALLOCATION","MEMORY_ALLOCATION_FREE","",0,"0x0000709e329db000",134832,90987069859745,90987069860065
"MEMORY_ALLOCATION","MEMORY_ALLOCATION_FREE","",0,"0x0000709e329dc000",134834,90987069862785,90987069863025
"MEMORY_ALLOCATION","MEMORY_ALLOCATION_FREE","",0,"0x0000709e1f400000",134836,90987069903356,90987069948137
"MEMORY_ALLOCATION","MEMORY_ALLOCATION_FREE","",0,"0x0000709e29300000",134838,90987069951557,90987069952177
"MEMORY_ALLOCATION","MEMORY_ALLOCATION_FREE","",0,"0x0000709e329dd000",134840,90987069955427,90987069955737
"MEMORY_ALLOCATION","MEMORY_ALLOCATION_FREE","",0,"0x0000709e329de000",134842,90987069958197,90987069958467
"MEMORY_ALLOCATION","MEMORY_ALLOCATION_FREE","",0,"0x0000709e1ea00000",134844,90987069998068,90987070076629
"MEMORY_ALLOCATION","MEMORY_ALLOCATION_FREE","",0,"0x0000709e1e600000",134846,90987070082689,90987070083449
"MEMORY_ALLOCATION","MEMORY_ALLOCATION_FREE","",0,"0x0000709e329df000",134848,90987070220662,90987070221142
"MEMORY_ALLOCATION","MEMORY_ALLOCATION_FREE","",0,"0x0000709e329e0000",134850,90987070224312,90987070224642
"MEMORY_ALLOCATION","MEMORY_ALLOCATION_FREE","",0,"0x0000709e1cc00000",134852,90987070267102,90987070312233
"MEMORY_ALLOCATION","MEMORY_ALLOCATION_FREE","",0,"0x0000709e1c600000",134854,90987070319633,90987070359704
"MEMORY_ALLOCATION","MEMORY_ALLOCATION_FREE","",0,"0x0000709e329e1000",134856,90987070362884,90987070363254
"MEMORY_ALLOCATION","MEMORY_ALLOCATION_FREE","",0,"0x0000709e329e2000",134858,90987070365854,90987070366094
"MEMORY_ALLOCATION","MEMORY_ALLOCATION_FREE","",0,"0x0000709e1ac00000",134860,90987070398365,90987070441536
"MEMORY_ALLOCATION","MEMORY_ALLOCATION_FREE","",0,"0x0000709e1a600000",134862,90987070445206,90987070488036
"MEMORY_ALLOCATION","MEMORY_ALLOCATION_FREE","",0,"0x0000709e329e3000",134864,90987070491546,90987070492046
"MEMORY_ALLOCATION","MEMORY_ALLOCATION_FREE","",0,"0x0000709e329e4000",134866,90987070494476,90987070494766
"MEMORY_ALLOCATION","MEMORY_ALLOCATION_FREE","",0,"0x0000709e18c00000",134868,90987070535657,90987070581628
"MEMORY_ALLOCATION","MEMORY_ALLOCATION_FREE","",0,"0x0000709e18600000",134870,90987070584848,90987070628099
"MEMORY_ALLOCATION","MEMORY_ALLOCATION_FREE","",0,"0x0000709e329e5000",134872,90987070631559,90987070632059
"MEMORY_ALLOCATION","MEMORY_ALLOCATION_FREE","",0,"0x0000709e329e6000",134874,90987070634629,90987070635009
"MEMORY_ALLOCATION","MEMORY_ALLOCATION_FREE","",0,"0x0000709e18220000",134876,90987070637839,90987070638459
"MEMORY_ALLOCATION","MEMORY_ALLOCATION_FREE","",0,"0x0000709e17e00000",134878,90987070641439,90987070641979
"MEMORY_ALLOCATION","MEMORY_ALLOCATION_FREE","",0,"0x0000709e329f2000",134880,90987070644469,90987070644779
"MEMORY_ALLOCATION","MEMORY_ALLOCATION_FREE","",0,"0x0000709e329f6000",134882,90987070647249,90987070647509
"MEMORY_ALLOCATION","MEMORY_ALLOCATION_FREE","",0,"0x0000709e18240000",134884,90987070650099,90987070650399
"MEMORY_ALLOCATION","MEMORY_ALLOCATION_FREE","",0,"0x0000709e18248000",134886,90987070654249,90987070654619
"MEMORY_ALLOCATION","MEMORY_ALLOCATION_FREE","",0,"0x0000709e329fa000",134888,90987070657099,90987070657389
"MEMORY_ALLOCATION","MEMORY_ALLOCATION_FREE","",0,"0x0000709e329fe000",134890,90987070660599,90987070660939
"MEMORY_ALLOCATION","MEMORY_ALLOCATION_FREE","",0,"0x0000709e18250000",134892,90987070663269,90987070663559
"MEMORY_ALLOCATION","MEMORY_ALLOCATION_FREE","",0,"0x0000709e18252000",134894,90987070665930,90987070666250
"MEMORY_ALLOCATION","MEMORY_ALLOCATION_FREE","",0,"0x0000709e18256000",134896,90987070668600,90987070668860
"MEMORY_ALLOCATION","MEMORY_ALLOCATION_FREE","",0,"0x0000709e18257000",134898,90987070671680,90987070672100
"MEMORY_ALLOCATION","MEMORY_ALLOCATION_FREE","",0,"0x0000709e18258000",134900,90987070674510,90987070674730
"MEMORY_ALLOCATION","MEMORY_ALLOCATION_FREE","",0,"0x0000709e1825c000",134902,90987070678210,90987070678590
"MEMORY_ALLOCATION","MEMORY_ALLOCATION_FREE","",0,"0x0000709e18260000",134904,90987070680970,90987070681210
"MEMORY_ALLOCATION","MEMORY_ALLOCATION_FREE","",0,"0x0000709e18264000",134906,90987070684250,90987070684600
"MEMORY_ALLOCATION","MEMORY_ALLOCATION_FREE","",0,"0x0000709e18268000",134908,90987070686920,90987070687150
"MEMORY_ALLOCATION","MEMORY_ALLOCATION_FREE","",0,"0x0000709e18274000",134910,90987070689620,90987070689850
"MEMORY_ALLOCATION","MEMORY_ALLOCATION_FREE","",0,"0x0000709e18386000",134912,90987070694880,90987070695690
"MEMORY_ALLOCATION","MEMORY_ALLOCATION_FREE","",0,"0x0000709e1838a000",134914,90987070698970,90987070700230
"MEMORY_ALLOCATION","MEMORY_ALLOCATION_FREE","",0,"0x0000709e1838b000",134916,90987070703030,90987070703360
"MEMORY_ALLOCATION","MEMORY_ALLOCATION_FREE","",0,"0x0000709e1838c000",134918,90987070705870,90987070706180
"MEMORY_ALLOCATION","MEMORY_ALLOCATION_FREE","",0,"0x0000709e16c00000",134920,90987070745261,90987070790182
"MEMORY_ALLOCATION","MEMORY_ALLOCATION_FREE","",0,"0x0000709e16800000",134922,90987070794772,90987070795182
"MEMORY_ALLOCATION","MEMORY_ALLOCATION_FREE","",0,"0x0000709e18278000",134924,90987070798062,90987070798452
"MEMORY_ALLOCATION","MEMORY_ALLOCATION_FREE","",0,"0x0000709e18279000",134926,90987070801542,90987070801932
"MEMORY_ALLOCATION","MEMORY_ALLOCATION_FREE","",0,"0x0000709e16400000",134928,90987070844333,90987070844683
"MEMORY_ALLOCATION","MEMORY_ALLOCATION_FREE","",0,"0x0000709e1827a000",134930,90987070849033,90987070849333
"MEMORY_ALLOCATION","MEMORY_ALLOCATION_FREE","",0,"0x0000709e182fa000",134932,90987070851963,90987070852323
"MEMORY_ALLOCATION","MEMORY_ALLOCATION_FREE","",0,"0x0000709e182fb000",134934,90987070854863,90987070855083
"MEMORY_ALLOCATION","MEMORY_ALLOCATION_FREE","",0,"0x0000709e16000000",134936,90987070891533,90987070891823
"MEMORY_ALLOCATION","MEMORY_ALLOCATION_FREE","",0,"0x0000709e182fc000",134938,90987070895034,90987070895304
"MEMORY_ALLOCATION","MEMORY_ALLOCATION_FREE","",0,"0x0000709e1837c000",134940,90987070897774,90987070898014
"MEMORY_ALLOCATION","MEMORY_ALLOCATION_FREE","",0,"0x0000709e1837d000",134942,90987070900484,90987070900944
"MEMORY_ALLOCATION","MEMORY_ALLOCATION_FREE","",0,"0x0000709e15600000",134944,90987070937934,90987070982165
"MEMORY_ALLOCATION","MEMORY_ALLOCATION_FREE","",0,"0x0000709e15200000",134946,90987070985585,90987070985905
"MEMORY_ALLOCATION","MEMORY_ALLOCATION_FREE","",0,"0x0000709e1837e000",134948,90987070988785,90987070989015
"MEMORY_ALLOCATION","MEMORY_ALLOCATION_FREE","",0,"0x0000709e1837f000",134950,90987070991595,90987070991905
"MEMORY_ALLOCATION","MEMORY_ALLOCATION_FREE","",0,"0x0000709e13800000",134952,90987071066327,90987071110237
"MEMORY_ALLOCATION","MEMORY_ALLOCATION_FREE","",0,"0x0000709e13200000",134954,90987071113587,90987071153578
"MEMORY_ALLOCATION","MEMORY_ALLOCATION_FREE","",0,"0x0000709e18380000",134956,90987071157618,90987071157998
"MEMORY_ALLOCATION","MEMORY_ALLOCATION_FREE","",0,"0x0000709e18381000",134958,90987071160488,90987071160848
"MEMORY_ALLOCATION","MEMORY_ALLOCATION_FREE","",0,"0x0000709e11800000",134960,90987071197579,90987071242340
"MEMORY_ALLOCATION","MEMORY_ALLOCATION_FREE","",0,"0x0000709e11200000",134962,90987071245390,90987071287880
"MEMORY_ALLOCATION","MEMORY_ALLOCATION_FREE","",0,"0x0000709e18382000",134964,90987071292590,90987071293070
"MEMORY_ALLOCATION","MEMORY_ALLOCATION_FREE","",0,"0x0000709e18383000",134966,90987071295821,90987071296101
"MEMORY_ALLOCATION","MEMORY_ALLOCATION_FREE","",0,"0x0000709e0f800000",134968,90987071340051,90987071383342
"MEMORY_ALLOCATION","MEMORY_ALLOCATION_FREE","",0,"0x0000709e0f200000",134970,90987071386342,90987071426073
"MEMORY_ALLOCATION","MEMORY_ALLOCATION_FREE","",0,"0x0000709e18384000",134972,90987071434783,90987071435193
"MEMORY_ALLOCATION","MEMORY_ALLOCATION_FREE","",0,"0x0000709e18385000",134974,90987071437643,90987071438023
"MEMORY_ALLOCATION","MEMORY_ALLOCATION_FREE","",0,"0x0000709e18390000",134976,90987071440783,90987071441043
"MEMORY_ALLOCATION","MEMORY_ALLOCATION_FREE","",0,"0x0000709e18391000",134978,90987071443843,90987071444093
"MEMORY_ALLOCATION","MEMORY_ALLOCATION_FREE","",0,"0x0000709e18395000",134980,90987071446523,90987071446773
"MEMORY_ALLOCATION","MEMORY_ALLOCATION_FREE","",0,"0x0000709e18399000",134982,90987071449113,90987071449403
"MEMORY_ALLOCATION","MEMORY_ALLOCATION_FREE","",0,"0x0000709e183a1000",134984,90987071451803,90987071452053
"MEMORY_ALLOCATION","MEMORY_ALLOCATION_FREE","",0,"0x0000709e183a5000",134986,90987071454653,90987071454973
"MEMORY_ALLOCATION","MEMORY_ALLOCATION_FREE","",0,"0x0000709e183a6000",134988,90987071457383,90987071457623
"MEMORY_ALLOCATION","MEMORY_ALLOCATION_FREE","",0,"0x0000709e183a7000",134990,90987071461023,90987071461403
"MEMORY_ALLOCATION","MEMORY_ALLOCATION_FREE","",0,"0x0000709e183ab000",134992,90987071464083,90987071464333
"MEMORY_ALLOCATION","MEMORY_ALLOCATION_FREE","",0,"0x0000709e183ac000",134994,90987071466974,90987071467284
"MEMORY_ALLOCATION","MEMORY_ALLOCATION_FREE","",0,"0x0000709e183b0000",134996,90987071469594,90987071469814
"MEMORY_ALLOCATION","MEMORY_ALLOCATION_FREE","",0,"0x0000709e0e000000",134998,90987071472444,90987071514004
"MEMORY_ALLOCATION","MEMORY_ALLOCATION_FREE","",0,"0x0000709e0ce00000",135000,90987071516944,90987071559605
"MEMORY_ALLOCATION","MEMORY_ALLOCATION_FREE","",0,"0x0000709e183b1000",135002,90987071562455,90987071562805
"MEMORY_ALLOCATION","MEMORY_ALLOCATION_FREE","",0,"0x0000709e183b5000",135004,90987071565065,90987071565295
"MEMORY_ALLOCATION","MEMORY_ALLOCATION_FREE","",0,"0x0000709e183b9000",135006,90987071567725,90987071568155
"MEMORY_ALLOCATION","MEMORY_ALLOCATION_FREE","",0,"0x0000709e183bd000",135008,90987071570535,90987071570785
"MEMORY_ALLOCATION","MEMORY_ALLOCATION_FREE","",0,"0x0000709e183c1000",135010,90987071574175,90987071574545
"MEMORY_ALLOCATION","MEMORY_ALLOCATION_FREE","",0,"0x0000709e183cd000",135012,90987071576925,90987071577175
"MEMORY_ALLOCATION","MEMORY_ALLOCATION_FREE","",0,"0x0000709e0ca00000",135014,90987071580385,90987071581296
"MEMORY_ALLOCATION","MEMORY_ALLOCATION_FREE","",0,"0x0000709e0cb88000",135016,90987071585196,90987071585736
"MEMORY_ALLOCATION","MEMORY_ALLOCATION_FREE","",0,"0x0000709e0cb91000",135018,90987071588886,90987071589326
"MEMORY_ALLOCATION","MEMORY_ALLOCATION_FREE","",0,"0x0000709e0cb86000",135020,90987071592036,90987071592576
"MEMORY_ALLOCATION","MEMORY_ALLOCATION_FREE","",0,"0x0000709e0cb87000",135022,90987071595166,90987071595656
"MEMORY_ALLOCATION","MEMORY_ALLOCATION_FREE","",0,"0x0000709e0cb90000",135024,90987071598866,90987071599256
"MEMORY_ALLOCATION","MEMORY_ALLOCATION_FREE","",0,"0x0000709e0cb8c000",135026,90987071601916,90987071602316
"MEMORY_ALLOCATION","MEMORY_ALLOCATION_FREE","",0,"0x0000709e0b800000",135028,90987071642837,90987071686127
"MEMORY_ALLOCATION","MEMORY_ALLOCATION_FREE","",0,"0x0000709e0b400000",135030,90987071689467,90987071690327
"MEMORY_ALLOCATION","MEMORY_ALLOCATION_FREE","",0,"0x0000709e183d1000",135032,90987071695548,90987071696048
"MEMORY_ALLOCATION","MEMORY_ALLOCATION_FREE","",0,"0x0000709e183d2000",135034,90987071698718,90987071699028
"MEMORY_ALLOCATION","MEMORY_ALLOCATION_FREE","",0,"0x0000709e183d3000",135036,90987071737148,90987071737518
"MEMORY_ALLOCATION","MEMORY_ALLOCATION_FREE","",0,"0x0000709e183e3000",135038,90987071740668,90987071740918
"MEMORY_ALLOCATION","MEMORY_ALLOCATION_FREE","",0,"0x0000709e183e5000",135040,90987071743688,90987071743998
"MEMORY_ALLOCATION","MEMORY_ALLOCATION_FREE","",0,"0x0000709e183e6000",135042,90987071746468,90987071746698
"MEMORY_ALLOCATION","MEMORY_ALLOCATION_FREE","",0,"0x0000709e183e7000",135044,90987071784809,90987071785119
"MEMORY_ALLOCATION","MEMORY_ALLOCATION_FREE","",0,"0x0000709e183f7000",135046,90987071787469,90987071787729
"MEMORY_ALLOCATION","MEMORY_ALLOCATION_FREE","",0,"0x0000709e183f9000",135048,90987071790429,90987071790729
"MEMORY_ALLOCATION","MEMORY_ALLOCATION_FREE","",0,"0x0000709e183fa000",135050,90987071793589,90987071793849
"MEMORY_ALLOCATION","MEMORY_ALLOCATION_FREE","",0,"0x0000709e0aa00000",135052,90987071830920,90987071875251
"MEMORY_ALLOCATION","MEMORY_ALLOCATION_FREE","",0,"0x0000709e0ca81000",135054,90987071879801,90987071880561
"MEMORY_ALLOCATION","MEMORY_ALLOCATION_FREE","",0,"0x0000709e183fb000",135056,90987071883381,90987071883761
"MEMORY_ALLOCATION","MEMORY_ALLOCATION_FREE","",0,"0x0000709e183fc000",135058,90987071886331,90987071886631
"MEMORY_ALLOCATION","MEMORY_ALLOCATION_FREE","",0,"0x0000709e0a000000",135060,90987071925042,90987071966232
"MEMORY_ALLOCATION","MEMORY_ALLOCATION_FREE","",0,"0x0000709e09c00000",135062,90987071971162,90987071971522
"MEMORY_ALLOCATION","MEMORY_ALLOCATION_FREE","",0,"0x0000709e183fd000",135064,90987071973972,90987071974302
"MEMORY_ALLOCATION","MEMORY_ALLOCATION_FREE","",0,"0x0000709e183fe000",135066,90987071976722,90987071977022
"MEMORY_ALLOCATION","MEMORY_ALLOCATION_FREE","",0,"0x0000709e08200000",135068,90987072050224,90987072093964
"MEMORY_ALLOCATION","MEMORY_ALLOCATION_FREE","",0,"0x0000709e07c00000",135070,90987072097165,90987072139505
"MEMORY_ALLOCATION","MEMORY_ALLOCATION_FREE","",0,"0x0000709e183ff000",135072,90987072142765,90987072143195
"MEMORY_ALLOCATION","MEMORY_ALLOCATION_FREE","",0,"0x0000709e0cb81000",135074,90987072145985,90987072146385
"MEMORY_ALLOCATION","MEMORY_ALLOCATION_FREE","",0,"0x0000709e06200000",135076,90987072183716,90987072226167
"MEMORY_ALLOCATION","MEMORY_ALLOCATION_FREE","",0,"0x0000709e05c00000",135078,90987072230367,90987072272398
"MEMORY_ALLOCATION","MEMORY_ALLOCATION_FREE","",0,"0x0000709e0cb82000",135080,90987072276298,90987072276748
"MEMORY_ALLOCATION","MEMORY_ALLOCATION_FREE","",0,"0x0000709e0cb83000",135082,90987072279408,90987072279678
"MEMORY_ALLOCATION","MEMORY_ALLOCATION_FREE","",0,"0x0000709e04200000",135084,90987072317178,90987072362069
"MEMORY_ALLOCATION","MEMORY_ALLOCATION_FREE","",0,"0x0000709e03c00000",135086,90987072366269,90987072409520
"MEMORY_ALLOCATION","MEMORY_ALLOCATION_FREE","",0,"0x0000709e0cb84000",135088,90987072412610,90987072413280
"MEMORY_ALLOCATION","MEMORY_ALLOCATION_FREE","",0,"0x0000709e0cb85000",135090,90987072415870,90987072416260
"MEMORY_ALLOCATION","MEMORY_ALLOCATION_FREE","",0,"0x0000709e0cbb1000",135092,90987072418960,90987072419250
"MEMORY_ALLOCATION","MEMORY_ALLOCATION_FREE","",0,"0x0000709e03200000",135094,90987072422560,90987072423410
"MEMORY_ALLOCATION","MEMORY_ALLOCATION_FREE","",0,"0x0000709e0cbd1000",135096,90987072425930,90987072426210
"MEMORY_ALLOCATION","MEMORY_ALLOCATION_FREE","",0,"0x0000709e0cbd5000",135098,90987072430020,90987072430350
"MEMORY_ALLOCATION","MEMORY_ALLOCATION_FREE","",0,"0x0000709e0cbd9000",135100,90987072432870,90987072433090
"MEMORY_ALLOCATION","MEMORY_ALLOCATION_FREE","",0,"0x0000709e0cbe1000",135102,90987072435410,90987072435690
"MEMORY_ALLOCATION","MEMORY_ALLOCATION_FREE","",0,"0x0000709e0cbe9000",135104,90987072437951,90987072438181
"MEMORY_ALLOCATION","MEMORY_ALLOCATION_FREE","",0,"0x0000709e0cbed000",135106,90987072441161,90987072441481
"MEMORY_ALLOCATION","MEMORY_ALLOCATION_FREE","",0,"0x0000709e0cbef000",135108,90987072443891,90987072444151
"MEMORY_ALLOCATION","MEMORY_ALLOCATION_FREE","",0,"0x0000709e0cbf1000",135110,90987072446671,90987072446971
"MEMORY_ALLOCATION","MEMORY_ALLOCATION_FREE","",0,"0x0000709e0cbf5000",135112,90987072449441,90987072449691
"MEMORY_ALLOCATION","MEMORY_ALLOCATION_FREE","",0,"0x0000709e0cbf6000",135114,90987072453291,90987072453661
"MEMORY_ALLOCATION","MEMORY_ALLOCATION_FREE","",0,"0x0000709e0cbf7000",135116,90987072456051,90987072456311
"MEMORY_ALLOCATION","MEMORY_ALLOCATION_FREE","",0,"0x0000709e0cbfb000",135118,90987072458681,90987072458921
"MEMORY_ALLOCATION","MEMORY_ALLOCATION_FREE","",0,"0x0000709e02e00000",135120,90987072462751,90987072463841
"MEMORY_ALLOCATION","MEMORY_ALLOCATION_FREE","",0,"0x0000709e02e04000",135122,90987072466581,90987072467271
"MEMORY_ALLOCATION","MEMORY_ALLOCATION_FREE","",0,"0x0000709e02e08000",135124,90987072470361,90987072470681
"MEMORY_ALLOCATION","MEMORY_ALLOCATION_FREE","",0,"0x0000709e02e14000",135126,90987072473191,90987072473471
"MEMORY_ALLOCATION","MEMORY_ALLOCATION_FREE","",0,"0x0000709e02f4d000",135128,90987072478351,90987072479361
"MEMORY_ALLOCATION","MEMORY_ALLOCATION_FREE","",0,"0x0000709e02f56000",135130,90987072482231,90987072482731
"MEMORY_ALLOCATION","MEMORY_ALLOCATION_FREE","",0,"0x0000709e02f4b000",135132,90987072485961,90987072486271
"MEMORY_ALLOCATION","MEMORY_ALLOCATION_FREE","",0,"0x0000709e02f4c000",135134,90987072488951,90987072489431
"MEMORY_ALLOCATION","MEMORY_ALLOCATION_FREE","",0,"0x0000709e02f55000",135136,90987072492121,90987072492551
"MEMORY_ALLOCATION","MEMORY_ALLOCATION_FREE","",0,"0x0000709e02f51000",135138,90987072495092,90987072495572
"MEMORY_ALLOCATION","MEMORY_ALLOCATION_FREE","",0,"0x0000709e01c00000",135140,90987072545372,90987072589403
"MEMORY_ALLOCATION","MEMORY_ALLOCATION_FREE","",0,"0x0000709e01800000",135142,90987072592793,90987072593563
"MEMORY_ALLOCATION","MEMORY_ALLOCATION_FREE","",0,"0x0000709e0cbff000",135144,90987072601813,90987072602323
"MEMORY_ALLOCATION","MEMORY_ALLOCATION_FREE","",0,"0x0000709e02e18000",135146,90987072605043,90987072605423
"MEMORY_ALLOCATION","MEMORY_ALLOCATION_FREE","",0,"0x0000709e02e19000",135148,90987072645194,90987072645664
"MEMORY_ALLOCATION","MEMORY_ALLOCATION_FREE","",0,"0x0000709e02e29000",135150,90987072647984,90987072648294
"MEMORY_ALLOCATION","MEMORY_ALLOCATION_FREE","",0,"0x0000709e02e2b000",135152,90987072653684,90987072654074
"MEMORY_ALLOCATION","MEMORY_ALLOCATION_FREE","",0,"0x0000709e02e2c000",135154,90987072656544,90987072656834
"MEMORY_ALLOCATION","MEMORY_ALLOCATION_FREE","",0,"0x0000709e02e2d000",135156,90987072692885,90987072693325
"MEMORY_ALLOCATION","MEMORY_ALLOCATION_FREE","",0,"0x0000709e02e3d000",135158,90987072695515,90987072695795
"MEMORY_ALLOCATION","MEMORY_ALLOCATION_FREE","",0,"0x0000709e02e3f000",135160,90987072698535,90987072698815
"MEMORY_ALLOCATION","MEMORY_ALLOCATION_FREE","",0,"0x0000709e02e40000",135162,90987072701355,90987072701605
"MEMORY_ALLOCATION","MEMORY_ALLOCATION_FREE","",0,"0x0000709e00e00000",135164,90987072737896,90987072782827
"MEMORY_ALLOCATION","MEMORY_ALLOCATION_FREE","",0,"0x0000709e02e41000",135166,90987072786337,90987072786887
"MEMORY_ALLOCATION","MEMORY_ALLOCATION_FREE","",0,"0x0000709e02f41000",135168,90987072790217,90987072790557
"MEMORY_ALLOCATION","MEMORY_ALLOCATION_FREE","",0,"0x0000709e02f42000",135170,90987072793407,90987072793917
"MEMORY_ALLOCATION","MEMORY_ALLOCATION_FREE","",0,"0x0000709e00400000",135172,90987072831677,90987072877458
"MEMORY_ALLOCATION","MEMORY_ALLOCATION_FREE","",0,"0x0000709e00000000",135174,90987072880718,90987072881188
"MEMORY_ALLOCATION","MEMORY_ALLOCATION_FREE","",0,"0x0000709e02f43000",135176,90987072884568,90987072884998
"MEMORY_ALLOCATION","MEMORY_ALLOCATION_FREE","",0,"0x0000709e02f44000",135178,90987072888398,90987072888878
"MEMORY_ALLOCATION","MEMORY_ALLOCATION_FREE","",0,"0x0000709dfe600000",135180,90987072919809,90987072963690
"MEMORY_ALLOCATION","MEMORY_ALLOCATION_FREE","",0,"0x0000709dfe000000",135182,90987072967330,90987073044501
"MEMORY_ALLOCATION","MEMORY_ALLOCATION_FREE","",0,"0x0000709e02f45000",135184,90987073048251,90987073048701
"MEMORY_ALLOCATION","MEMORY_ALLOCATION_FREE","",0,"0x0000709e02f46000",135186,90987073051241,90987073051671
"MEMORY_ALLOCATION","MEMORY_ALLOCATION_FREE","",0,"0x0000709dfc600000",135188,90987073085462,90987073129883
"MEMORY_ALLOCATION","MEMORY_ALLOCATION_FREE","",0,"0x0000709dfc000000",135190,90987073134083,90987073175493
"MEMORY_ALLOCATION","MEMORY_ALLOCATION_FREE","",0,"0x0000709e02f47000",135192,90987073178484,90987073178894
"MEMORY_ALLOCATION","MEMORY_ALLOCATION_FREE","",0,"0x0000709e02f48000",135194,90987073181484,90987073181904
"MEMORY_ALLOCATION","MEMORY_ALLOCATION_FREE","",0,"0x0000709dfa600000",135196,90987073219954,90987073264965
"MEMORY_ALLOCATION","MEMORY_ALLOCATION_FREE","",0,"0x0000709dfa000000",135198,90987073403047,90987073448158
"MEMORY_ALLOCATION","MEMORY_ALLOCATION_FREE","",0,"0x0000709e02f49000",135200,90987073451438,90987073451958
"MEMORY_ALLOCATION","MEMORY_ALLOCATION_FREE","",0,"0x0000709e02f4a000",135202,90987073454448,90987073454978
"MEMORY_ALLOCATION","MEMORY_ALLOCATION_FREE","",0,"0x0000709e02f76000",135204,90987073457688,90987073457968
"MEMORY_ALLOCATION","MEMORY_ALLOCATION_FREE","",0,"0x0000709df9c00000",135206,90987073461168,90987073461568
"MEMORY_ALLOCATION","MEMORY_ALLOCATION_FREE","",0,"0x0000709e02f96000",135208,90987073464278,90987073464748
"MEMORY_ALLOCATION","MEMORY_ALLOCATION_FREE","",0,"0x0000709e02f9a000",135210,90987073467279,90987073467549
"MEMORY_ALLOCATION","MEMORY_ALLOCATION_FREE","",0,"0x0000709e02f9e000",135212,90987073470149,90987073470499
"MEMORY_ALLOCATION","MEMORY_ALLOCATION_FREE","",0,"0x0000709e02fa6000",135214,90987073472909,90987073473179
"MEMORY_ALLOCATION","MEMORY_ALLOCATION_FREE","",0,"0x0000709e02fae000",135216,90987073475719,90987073476039
"MEMORY_ALLOCATION","MEMORY_ALLOCATION_FREE","",0,"0x0000709e02fb2000",135218,90987073478529,90987073478739
"MEMORY_ALLOCATION","MEMORY_ALLOCATION_FREE","",0,"0x0000709e02fb4000",135220,90987073481099,90987073481399
"MEMORY_ALLOCATION","MEMORY_ALLOCATION_FREE","",0,"0x0000709e02fb6000",135222,90987073483689,90987073483929
"MEMORY_ALLOCATION","MEMORY_ALLOCATION_FREE","",0,"0x0000709e02fba000",135224,90987073486409,90987073486729
"MEMORY_ALLOCATION","MEMORY_ALLOCATION_FREE","",0,"0x0000709e02fbb000",135226,90987073489039,90987073489259
"MEMORY_ALLOCATION","MEMORY_ALLOCATION_FREE","",0,"0x0000709e02fbc000",135228,90987073492259,90987073492619
"MEMORY_ALLOCATION","MEMORY_ALLOCATION_FREE","",0,"0x0000709e02fc0000",135230,90987073495039,90987073495339
"MEMORY_ALLOCATION","MEMORY_ALLOCATION_FREE","",0,"0x0000709e02fc4000",135232,90987073497789,90987073498089
"MEMORY_ALLOCATION","MEMORY_ALLOCATION_FREE","",0,"0x0000709e02fc8000",135234,90987073500549,90987073500759
"MEMORY_ALLOCATION","MEMORY_ALLOCATION_FREE","",0,"0x0000709e02fcc000",135236,90987073503239,90987073503529
"MEMORY_ALLOCATION","MEMORY_ALLOCATION_FREE","",0,"0x0000709e02fd8000",135238,90987073505879,90987073506139
"MEMORY_ALLOCATION","MEMORY_ALLOCATION_FREE","",0,"0x0000709df8312000",135240,90987073511219,90987073512369
"MEMORY_ALLOCATION","MEMORY_ALLOCATION_FREE","",0,"0x0000709df831b000",135242,90987073515829,90987073516279
"MEMORY_ALLOCATION","MEMORY_ALLOCATION_FREE","",0,"0x0000709df8310000",135244,90987073519129,90987073519609
"MEMORY_ALLOCATION","MEMORY_ALLOCATION_FREE","",0,"0x0000709df8311000",135246,90987073522340,90987073523440
"MEMORY_ALLOCATION","MEMORY_ALLOCATION_FREE","",0,"0x0000709df831a000",135248,90987073526280,90987073526800
"MEMORY_ALLOCATION","MEMORY_ALLOCATION_FREE","",0,"0x0000709df8316000",135250,90987073529470,90987073529890
"MEMORY_ALLOCATION","MEMORY_ALLOCATION_FREE","",0,"0x0000709df8a00000",135252,90987073566170,90987073608761
"MEMORY_ALLOCATION","MEMORY_ALLOCATION_FREE","",0,"0x0000709df8600000",135254,90987073612071,90987073612531
"MEMORY_ALLOCATION","MEMORY_ALLOCATION_FREE","",0,"0x0000709e02fdc000",135256,90987073615081,90987073615601
"MEMORY_ALLOCATION","MEMORY_ALLOCATION_FREE","",0,"0x0000709e02fdd000",135258,90987073623301,90987073623591
"MEMORY_ALLOCATION","MEMORY_ALLOCATION_FREE","",0,"0x0000709e02fde000",135260,90987073659042,90987073659432
"MEMORY_ALLOCATION","MEMORY_ALLOCATION_FREE","",0,"0x0000709e02fee000",135262,90987073661912,90987073662162
"MEMORY_ALLOCATION","MEMORY_ALLOCATION_FREE","",0,"0x0000709e02ff0000",135264,90987073664602,90987073664932
"MEMORY_ALLOCATION","MEMORY_ALLOCATION_FREE","",0,"0x0000709e02ff1000",135266,90987073667442,90987073667702
"MEMORY_ALLOCATION","MEMORY_ALLOCATION_FREE","",0,"0x0000709df8200000",135268,90987073705653,90987073706063
"MEMORY_ALLOCATION","MEMORY_ALLOCATION_FREE","",0,"0x0000709e02ff2000",135270,90987073708893,90987073709193
"MEMORY_ALLOCATION","MEMORY_ALLOCATION_FREE","",0,"0x0000709e02ff4000",135272,90987073711713,90987073711963
"MEMORY_ALLOCATION","MEMORY_ALLOCATION_FREE","",0,"0x0000709e02ff5000",135274,90987073714513,90987073714803
"MEMORY_ALLOCATION","MEMORY_ALLOCATION_FREE","",0,"0x0000709df7800000",135276,90987073743853,90987073787744
"MEMORY_ALLOCATION","MEMORY_ALLOCATION_FREE","",0,"0x0000709df8210000",135278,90987073790984,90987073791604
"MEMORY_ALLOCATION","MEMORY_ALLOCATION_FREE","",0,"0x0000709e02ff6000",135280,90987073796924,90987073797164
"MEMORY_ALLOCATION","MEMORY_ALLOCATION_FREE","",0,"0x0000709e02ff7000",135282,90987073799574,90987073799944
"MEMORY_ALLOCATION","MEMORY_ALLOCATION_FREE","",0,"0x0000709df6e00000",135284,90987073837835,90987073885326
"MEMORY_ALLOCATION","MEMORY_ALLOCATION_FREE","",0,"0x0000709df6a00000",135286,90987073889116,90987073890156
"MEMORY_ALLOCATION","MEMORY_ALLOCATION_FREE","",0,"0x0000709e02ff8000",135288,90987073892846,90987073893156
"MEMORY_ALLOCATION","MEMORY_ALLOCATION_FREE","",0,"0x0000709e02ff9000",135290,90987073895696,90987073896076
"MEMORY_ALLOCATION","MEMORY_ALLOCATION_FREE","",0,"0x0000709df5000000",135292,90987073933807,90987073979897
"MEMORY_ALLOCATION","MEMORY_ALLOCATION_FREE","",0,"0x0000709df4a00000",135294,90987073983088,90987074058269
"MEMORY_ALLOCATION","MEMORY_ALLOCATION_FREE","",0,"0x0000709e02ffa000",135296,90987074063559,90987074064059
"MEMORY_ALLOCATION","MEMORY_ALLOCATION_FREE","",0,"0x0000709e02ffb000",135298,90987074066679,90987074067059
"MEMORY_ALLOCATION","MEMORY_ALLOCATION_FREE","",0,"0x0000709df3000000",135300,90987074097250,90987074142520
"MEMORY_ALLOCATION","MEMORY_ALLOCATION_FREE","",0,"0x0000709df2a00000",135302,90987074146430,90987074186941
"MEMORY_ALLOCATION","MEMORY_ALLOCATION_FREE","",0,"0x0000709e02ffc000",135304,90987074193731,90987074194231
"MEMORY_ALLOCATION","MEMORY_ALLOCATION_FREE","",0,"0x0000709e02ffd000",135306,90987074196671,90987074196931
"MEMORY_ALLOCATION","MEMORY_ALLOCATION_FREE","",0,"0x0000709df1000000",135308,90987074235892,90987074278253
"MEMORY_ALLOCATION","MEMORY_ALLOCATION_FREE","",0,"0x0000709df0a00000",135310,90987074281493,90987074323204
"MEMORY_ALLOCATION","MEMORY_ALLOCATION_FREE","",0,"0x0000709e02ffe000",135312,90987074326244,90987074326674
"MEMORY_ALLOCATION","MEMORY_ALLOCATION_FREE","",0,"0x0000709e02fff000",135314,90987074329354,90987074329704
"MEMORY_ALLOCATION","MEMORY_ALLOCATION_FREE","",0,"0x0000709df833b000",135316,90987074332494,90987074332954
"MEMORY_ALLOCATION","MEMORY_ALLOCATION_FREE","",0,"0x0000709df0600000",135318,90987074335434,90987074335794
"MEMORY_ALLOCATION","MEMORY_ALLOCATION_FREE","",0,"0x0000709df835b000",135320,90987074338354,90987074338774
"MEMORY_ALLOCATION","MEMORY_ALLOCATION_FREE","",0,"0x0000709df835f000",135322,90987074341474,90987074341854
"MEMORY_ALLOCATION","MEMORY_ALLOCATION_FREE","",0,"0x0000709df8363000",135324,90987074344614,90987074344894
"MEMORY_ALLOCATION","MEMORY_ALLOCATION_FREE","",0,"0x0000709df836b000",135326,90987074348634,90987074348874
"MEMORY_ALLOCATION","MEMORY_ALLOCATION_FREE","",0,"0x0000709df8373000",135328,90987074351344,90987074351604
"MEMORY_ALLOCATION","MEMORY_ALLOCATION_FREE","",0,"0x0000709df8377000",135330,90987074354084,90987074354424
"MEMORY_ALLOCATION","MEMORY_ALLOCATION_FREE","",0,"0x0000709df8379000",135332,90987074356774,90987074356984
"MEMORY_ALLOCATION","MEMORY_ALLOCATION_FREE","",0,"0x0000709df837b000",135334,90987074359284,90987074359494
"MEMORY_ALLOCATION","MEMORY_ALLOCATION_FREE","",0,"0x0000709df837f000",135336,90987074361834,90987074362224
"MEMORY_ALLOCATION","MEMORY_ALLOCATION_FREE","",0,"0x0000709df8380000",135338,90987074364704,90987074365154
"MEMORY_ALLOCATION","MEMORY_ALLOCATION_FREE","",0,"0x0000709df8381000",135340,90987074367924,90987074368154
"MEMORY_ALLOCATION","MEMORY_ALLOCATION_FREE","",0,"0x0000709df8385000",135342,90987074372134,90987074372364
"MEMORY_ALLOCATION","MEMORY_ALLOCATION_FREE","",0,"0x0000709df8389000",135344,90987074374824,90987074375104
"MEMORY_ALLOCATION","MEMORY_ALLOCATION_FREE","",0,"0x0000709df838d000",135346,90987074377804,90987074378144
"MEMORY_ALLOCATION","MEMORY_ALLOCATION_FREE","",0,"0x0000709df8391000",135348,90987074380615,90987074380835
"MEMORY_ALLOCATION","MEMORY_ALLOCATION_FREE","",0,"0x0000709df839d000",135350,90987074383445,90987074383665
"MEMORY_ALLOCATION","MEMORY_ALLOCATION_FREE","",0,"0x0000709df83af000",135352,90987074388135,90987074389705
"MEMORY_ALLOCATION","MEMORY_ALLOCATION_FREE","",0,"0x0000709df83b3000",135354,90987074392495,90987074393135
"MEMORY_ALLOCATION","MEMORY_ALLOCATION_FREE","",0,"0x0000709df83b4000",135356,90987074395755,90987074396105
"MEMORY_ALLOCATION","MEMORY_ALLOCATION_FREE","",0,"0x0000709df83b5000",135358,90987074398795,90987074399155
"MEMORY_ALLOCATION","MEMORY_ALLOCATION_FREE","",0,"0x0000709def400000",135360,90987074438066,90987074480616
"MEMORY_ALLOCATION","MEMORY_ALLOCATION_FREE","",0,"0x0000709def000000",135362,90987074487336,90987074487736
"MEMORY_ALLOCATION","MEMORY_ALLOCATION_FREE","",0,"0x0000709df83a1000",135364,90987074490346,90987074490776
"MEMORY_ALLOCATION","MEMORY_ALLOCATION_FREE","",0,"0x0000709df83a2000",135366,90987074493507,90987074493837
"MEMORY_ALLOCATION","MEMORY_ALLOCATION_FREE","",0,"0x0000709deec00000",135368,90987074522717,90987074523167
"MEMORY_ALLOCATION","MEMORY_ALLOCATION_FREE","",0,"0x0000709dee800000",135370,90987074527207,90987074527857
"MEMORY_ALLOCATION","MEMORY_ALLOCATION_FREE","",0,"0x0000709df83a3000",135372,90987074530277,90987074530587
"MEMORY_ALLOCATION","MEMORY_ALLOCATION_FREE","",0,"0x0000709df83a4000",135374,90987074533197,90987074533467
"MEMORY_ALLOCATION","MEMORY_ALLOCATION_FREE","",0,"0x0000709dee400000",135376,90987074572058,90987074572758
"MEMORY_ALLOCATION","MEMORY_ALLOCATION_FREE","",0,"0x0000709dee880000",135378,90987074575908,90987074576838
"MEMORY_ALLOCATION","MEMORY_ALLOCATION_FREE","",0,"0x0000709df83a5000",135380,90987074579368,90987074579678
"MEMORY_ALLOCATION","MEMORY_ALLOCATION_FREE","",0,"0x0000709df83a6000",135382,90987074582318,90987074582608
"MEMORY_ALLOCATION","MEMORY_ALLOCATION_FREE","",0,"0x0000709deda00000",135384,90987074620879,90987074668630
"MEMORY_ALLOCATION","MEMORY_ALLOCATION_FREE","",0,"0x0000709ded600000",135386,90987074672260,90987074672660
"MEMORY_ALLOCATION","MEMORY_ALLOCATION_FREE","",0,"0x0000709df83a7000",135388,90987074675330,90987074675650
"MEMORY_ALLOCATION","MEMORY_ALLOCATION_FREE","",0,"0x0000709df83a8000",135390,90987074678600,90987074678850
"MEMORY_ALLOCATION","MEMORY_ALLOCATION_FREE","",0,"0x0000709debc00000",135392,90987074712730,90987074757031
"MEMORY_ALLOCATION","MEMORY_ALLOCATION_FREE","",0,"0x0000709deb600000",135394,90987074760551,90987074800432
"MEMORY_ALLOCATION","MEMORY_ALLOCATION_FREE","",0,"0x0000709df83a9000",135396,90987074804352,90987074804762
"MEMORY_ALLOCATION","MEMORY_ALLOCATION_FREE","",0,"0x0000709df83aa000",135398,90987074807192,90987074807462
"MEMORY_ALLOCATION","MEMORY_ALLOCATION_FREE","",0,"0x0000709de9c00000",135400,90987074844913,90987074889073
"MEMORY_ALLOCATION","MEMORY_ALLOCATION_FREE","",0,"0x0000709de9600000",135402,90987074892334,90987074933724
"MEMORY_ALLOCATION","MEMORY_ALLOCATION_FREE","",0,"0x0000709df83ab000",135404,90987074936714,90987074937154
"MEMORY_ALLOCATION","MEMORY_ALLOCATION_FREE","",0,"0x0000709df83ac000",135406,90987074939624,90987074939894
"MEMORY_ALLOCATION","MEMORY_ALLOCATION_FREE","",0,"0x0000709de7c00000",135408,90987074978915,90987075049106
"MEMORY_ALLOCATION","MEMORY_ALLOCATION_FREE","",0,"0x0000709de7600000",135410,90987075054436,90987075094607
"MEMORY_ALLOCATION","MEMORY_ALLOCATION_FREE","",0,"0x0000709df83ad000",135412,90987075097617,90987075098067
"MEMORY_ALLOCATION","MEMORY_ALLOCATION_FREE","",0,"0x0000709df83ae000",135414,90987075100447,90987075100817
"MEMORY_ALLOCATION","MEMORY_ALLOCATION_FREE","",0,"0x0000709df83b9000",135416,90987075103677,90987075103937
"MEMORY_ALLOCATION","MEMORY_ALLOCATION_FREE","",0,"0x0000709df83ba000",135418,90987075106357,90987075106627
"MEMORY_ALLOCATION","MEMORY_ALLOCATION_FREE","",0,"0x0000709df83be000",135420,90987075108947,90987075109197
"MEMORY_ALLOCATION","MEMORY_ALLOCATION_FREE","",0,"0x0000709df83c2000",135422,90987075111977,90987075112557
"MEMORY_ALLOCATION","MEMORY_ALLOCATION_FREE","",0,"0x0000709df83ca000",135424,90987075114907,90987075115197
"MEMORY_ALLOCATION","MEMORY_ALLOCATION_FREE","",0,"0x0000709df83ce000",135426,90987075117987,90987075118287
"MEMORY_ALLOCATION","MEMORY_ALLOCATION_FREE","",0,"0x0000709df83cf000",135428,90987075120808,90987075121118
"MEMORY_ALLOCATION","MEMORY_ALLOCATION_FREE","",0,"0x0000709df83d0000",135430,90987075124848,90987075125088
"MEMORY_ALLOCATION","MEMORY_ALLOCATION_FREE","",0,"0x0000709df83d4000",135432,90987075127658,90987075127898
"MEMORY_ALLOCATION","MEMORY_ALLOCATION_FREE","",0,"0x0000709df83d5000",135434,90987075130428,90987075130698
"MEMORY_ALLOCATION","MEMORY_ALLOCATION_FREE","",0,"0x0000709df83d9000",135436,90987075133018,90987075133298
"MEMORY_ALLOCATION","MEMORY_ALLOCATION_FREE","",0,"0x0000709de6400000",135438,90987075135708,90987075175888
"MEMORY_ALLOCATION","MEMORY_ALLOCATION_FREE","",0,"0x0000709de5200000",135440,90987075179089,90987075218839
"MEMORY_ALLOCATION","MEMORY_ALLOCATION_FREE","",0,"0x0000709df83da000",135442,90987075221759,90987075222149
"MEMORY_ALLOCATION","MEMORY_ALLOCATION_FREE","",0,"0x0000709df83de000",135444,90987075224509,90987075224779
"MEMORY_ALLOCATION","MEMORY_ALLOCATION_FREE","",0,"0x0000709df83e2000",135446,90987075227149,90987075227429
"MEMORY_ALLOCATION","MEMORY_ALLOCATION_FREE","",0,"0x0000709df83e6000",135448,90987075229789,90987075230069
"MEMORY_ALLOCATION","MEMORY_ALLOCATION_FREE","",0,"0x0000709df83ea000",135450,90987075233529,90987075233779
"MEMORY_ALLOCATION","MEMORY_ALLOCATION_FREE","",0,"0x0000709df83f6000",135452,90987075236300,90987075236650
"MEMORY_ALLOCATION","MEMORY_ALLOCATION_FREE","",0,"0x0000709dee900000",135454,90987075239660,90987075240120
"MEMORY_ALLOCATION","MEMORY_ALLOCATION_FREE","",0,"0x0000709dee9b1000",135456,90987075244180,90987075244680
"MEMORY_ALLOCATION","MEMORY_ALLOCATION_FREE","",0,"0x0000709dee9ba000",135458,90987075247530,90987075247920
"MEMORY_ALLOCATION","MEMORY_ALLOCATION_FREE","",0,"0x0000709dee9af000",135460,90987075250560,90987075251150
"MEMORY_ALLOCATION","MEMORY_ALLOCATION_FREE","",0,"0x0000709dee9b0000",135462,90987075253820,90987075254270
"MEMORY_ALLOCATION","MEMORY_ALLOCATION_FREE","",0,"0x0000709dee9b9000",135464,90987075257360,90987075257720
"MEMORY_ALLOCATION","MEMORY_ALLOCATION_FREE","",0,"0x0000709dee9b5000",135466,90987075260170,90987075260690
"MEMORY_ALLOCATION","MEMORY_ALLOCATION_FREE","",0,"0x0000709de4000000",135468,90987075298461,90987075341601
"MEMORY_ALLOCATION","MEMORY_ALLOCATION_FREE","",0,"0x0000709de3c00000",135470,90987075345301,90987075346091
"MEMORY_ALLOCATION","MEMORY_ALLOCATION_FREE","",0,"0x0000709df83fa000",135472,90987075350392,90987075350872
"MEMORY_ALLOCATION","MEMORY_ALLOCATION_FREE","",0,"0x0000709df83fb000",135474,90987075353402,90987075353732
"MEMORY_ALLOCATION","MEMORY_ALLOCATION_FREE","",0,"0x0000709dee981000",135476,90987075392922,90987075393352
"MEMORY_ALLOCATION","MEMORY_ALLOCATION_FREE","",0,"0x0000709df83fc000",135478,90987075396422,90987075396842
"MEMORY_ALLOCATION","MEMORY_ALLOCATION_FREE","",0,"0x0000709df83fe000",135480,90987075399362,90987075399712
"MEMORY_ALLOCATION","MEMORY_ALLOCATION_FREE","",0,"0x0000709df83ff000",135482,90987075402312,90987075402602
"MEMORY_ALLOCATION","MEMORY_ALLOCATION_FREE","",0,"0x0000709dee991000",135484,90987075430563,90987075431003
"MEMORY_ALLOCATION","MEMORY_ALLOCATION_FREE","",0,"0x0000709dee9a1000",135486,90987075433413,90987075433773
"MEMORY_ALLOCATION","MEMORY_ALLOCATION_FREE","",0,"0x0000709dee9a3000",135488,90987075439493,90987075439763
"MEMORY_ALLOCATION","MEMORY_ALLOCATION_FREE","",0,"0x0000709dee9a4000",135490,90987075442413,90987075442683
"MEMORY_ALLOCATION","MEMORY_ALLOCATION_FREE","",0,"0x0000709de3200000",135492,90987075478034,90987075524845
"MEMORY_ALLOCATION","MEMORY_ALLOCATION_FREE","",0,"0x0000709de2e00000",135494,90987075529745,90987075530575
"MEMORY_ALLOCATION","MEMORY_ALLOCATION_FREE","",0,"0x0000709dee9a5000",135496,90987075533285,90987075533785
"MEMORY_ALLOCATION","MEMORY_ALLOCATION_FREE","",0,"0x0000709dee9a6000",135498,90987075536585,90987075536935
"MEMORY_ALLOCATION","MEMORY_ALLOCATION_FREE","",0,"0x0000709de2400000",135500,90987075565175,90987075607486
"MEMORY_ALLOCATION","MEMORY_ALLOCATION_FREE","",0,"0x0000709de2000000",135502,90987075610806,90987075611256
"MEMORY_ALLOCATION","MEMORY_ALLOCATION_FREE","",0,"0x0000709dee9a7000",135504,90987075614526,90987075614876
"MEMORY_ALLOCATION","MEMORY_ALLOCATION_FREE","",0,"0x0000709dee9a8000",135506,90987075617226,90987075617506
"MEMORY_ALLOCATION","MEMORY_ALLOCATION_FREE","",0,"0x0000709de0600000",135508,90987075655137,90987075701068
"MEMORY_ALLOCATION","MEMORY_ALLOCATION_FREE","",0,"0x0000709de0000000",135510,90987075704198,90987075743868
"MEMORY_ALLOCATION","MEMORY_ALLOCATION_FREE","",0,"0x0000709dee9a9000",135512,90987075748748,90987075749168
"MEMORY_ALLOCATION","MEMORY_ALLOCATION_FREE","",0,"0x0000709dee9aa000",135514,90987075751949,90987075752309
"MEMORY_ALLOCATION","MEMORY_ALLOCATION_FREE","",0,"0x0000709dde600000",135516,90987075790349,90987075833010
"MEMORY_ALLOCATION","MEMORY_ALLOCATION_FREE","",0,"0x0000709dde000000",135518,90987075837870,90987075878081
"MEMORY_ALLOCATION","MEMORY_ALLOCATION_FREE","",0,"0x0000709dee9ab000",135520,90987075881081,90987075881491
"MEMORY_ALLOCATION","MEMORY_ALLOCATION_FREE","",0,"0x0000709dee9ac000",135522,90987075884181,90987075884511
"MEMORY_ALLOCATION","MEMORY_ALLOCATION_FREE","",0,"0x0000709ddc600000",135524,90987075916841,90987075959872
"MEMORY_ALLOCATION","MEMORY_ALLOCATION_FREE","",0,"0x0000709ddc000000",135526,90987075963252,90987076043274
"MEMORY_ALLOCATION","MEMORY_ALLOCATION_FREE","",0,"0x0000709dee9ad000",135528,90987076047934,90987076048424
"MEMORY_ALLOCATION","MEMORY_ALLOCATION_FREE","",0,"0x0000709dee9ae000",135530,90987076051454,90987076051834
"MEMORY_ALLOCATION","MEMORY_ALLOCATION_FREE","",0,"0x0000709dee9da000",135532,90987076054384,90987076054654
"MEMORY_ALLOCATION","MEMORY_ALLOCATION_FREE","",0,"0x0000709ddbc00000",135534,90987076057244,90987076057544
"MEMORY_ALLOCATION","MEMORY_ALLOCATION_FREE","",0,"0x0000709dee9fa000",135536,90987076059934,90987076060214
"MEMORY_ALLOCATION","MEMORY_ALLOCATION_FREE","",0,"0x0000709de2f00000",135538,90987076062864,90987076063484
"MEMORY_ALLOCATION","MEMORY_ALLOCATION_FREE","",0,"0x0000709de2f04000",135540,90987076067344,90987076067664
"MEMORY_ALLOCATION","MEMORY_ALLOCATION_FREE","",0,"0x0000709de2f0c000",135542,90987076070474,90987076070914
"MEMORY_ALLOCATION","MEMORY_ALLOCATION_FREE","",0,"0x0000709de2f14000",135544,90987076073224,90987076073554
"MEMORY_ALLOCATION","MEMORY_ALLOCATION_FREE","",0,"0x0000709dee9fe000",135546,90987076076384,90987076076864
"MEMORY_ALLOCATION","MEMORY_ALLOCATION_FREE","",0,"0x0000709de2f18000",135548,90987076213937,90987076214397
"MEMORY_ALLOCATION","MEMORY_ALLOCATION_FREE","",0,"0x0000709de2f1a000",135550,90987076216897,90987076217197
"MEMORY_ALLOCATION","MEMORY_ALLOCATION_FREE","",0,"0x0000709de2f1e000",135552,90987076219697,90987076220027
"MEMORY_ALLOCATION","MEMORY_ALLOCATION_FREE","",0,"0x0000709de2f1f000",135554,90987076223007,90987076223257
"MEMORY_ALLOCATION","MEMORY_ALLOCATION_FREE","",0,"0x0000709de2f20000",135556,90987076225747,90987076226187
"MEMORY_ALLOCATION","MEMORY_ALLOCATION_FREE","",0,"0x0000709de2f24000",135558,90987076228467,90987076228697
"MEMORY_ALLOCATION","MEMORY_ALLOCATION_FREE","",0,"0x0000709de2f28000",135560,90987076231577,90987076231927
"MEMORY_ALLOCATION","MEMORY_ALLOCATION_FREE","",0,"0x0000709de2f2c000",135562,90987076234467,90987076234707
"MEMORY_ALLOCATION","MEMORY_ALLOCATION_FREE","",0,"0x0000709de2f30000",135564,90987076237227,90987076237957
"MEMORY_ALLOCATION","MEMORY_ALLOCATION_FREE","",0,"0x0000709de2f3c000",135566,90987076240427,90987076240677
"MEMORY_ALLOCATION","MEMORY_ALLOCATION_FREE","",0,"0x0000709de2f76000",135568,90987076245277,90987076246397
"MEMORY_ALLOCATION","MEMORY_ALLOCATION_FREE","",0,"0x0000709de2f7f000",135570,90987076249197,90987076249507
"MEMORY_ALLOCATION","MEMORY_ALLOCATION_FREE","",0,"0x0000709de2f74000",135572,90987076252407,90987076252857
"MEMORY_ALLOCATION","MEMORY_ALLOCATION_FREE","",0,"0x0000709de2f75000",135574,90987076255967,90987076256427
"MEMORY_ALLOCATION","MEMORY_ALLOCATION_FREE","",0,"0x0000709de2f7e000",135576,90987076259257,90987076259647
"MEMORY_ALLOCATION","MEMORY_ALLOCATION_FREE","",0,"0x0000709de2f7a000",135578,90987076262327,90987076262757
"MEMORY_ALLOCATION","MEMORY_ALLOCATION_FREE","",0,"0x0000709ddaa00000",135580,90987076299008,90987076344969
"MEMORY_ALLOCATION","MEMORY_ALLOCATION_FREE","",0,"0x0000709dda600000",135582,90987076348419,90987076348839
"MEMORY_ALLOCATION","MEMORY_ALLOCATION_FREE","",0,"0x0000709de2f40000",135584,90987076351529,90987076351929
"MEMORY_ALLOCATION","MEMORY_ALLOCATION_FREE","",0,"0x0000709de2f41000",135586,90987076360229,90987076360469
"MEMORY_ALLOCATION","MEMORY_ALLOCATION_FREE","",0,"0x0000709de2f42000",135588,90987076397990,90987076398330
"MEMORY_ALLOCATION","MEMORY_ALLOCATION_FREE","",0,"0x0000709de2f52000",135590,90987076401390,90987076401620
"MEMORY_ALLOCATION","MEMORY_ALLOCATION_FREE","",0,"0x0000709de2f54000",135592,90987076404140,90987076404450
"MEMORY_ALLOCATION","MEMORY_ALLOCATION_FREE","",0,"0x0000709de2f55000",135594,90987076407060,90987076407300
"MEMORY_ALLOCATION","MEMORY_ALLOCATION_FREE","",0,"0x0000709de2f56000",135596,90987076433310,90987076433660
"MEMORY_ALLOCATION","MEMORY_ALLOCATION_FREE","",0,"0x0000709de2f66000",135598,90987076436541,90987076436761
"MEMORY_ALLOCATION","MEMORY_ALLOCATION_FREE","",0,"0x0000709de2f68000",135600,90987076439121,90987076439461
"MEMORY_ALLOCATION","MEMORY_ALLOCATION_FREE","",0,"0x0000709de2f69000",135602,90987076442061,90987076442301
"MEMORY_ALLOCATION","MEMORY_ALLOCATION_FREE","",0,"0x0000709dd9c00000",135604,90987076474401,90987076517092
"MEMORY_ALLOCATION","MEMORY_ALLOCATION_FREE","",0,"0x0000709dd9800000",135606,90987076521492,90987076522542
"MEMORY_ALLOCATION","MEMORY_ALLOCATION_FREE","",0,"0x0000709de2f6a000",135608,90987076528422,90987076528832
"MEMORY_ALLOCATION","MEMORY_ALLOCATION_FREE","",0,"0x0000709de2f6b000",135610,90987076531422,90987076531692
"MEMORY_ALLOCATION","MEMORY_ALLOCATION_FREE","",0,"0x0000709dd8e00000",135612,90987076569193,90987076614594
"MEMORY_ALLOCATION","MEMORY_ALLOCATION_FREE","",0,"0x0000709dd8a00000",135614,90987076617524,90987076617934
"MEMORY_ALLOCATION","MEMORY_ALLOCATION_FREE","",0,"0x0000709de2f6c000",135616,90987076626414,90987076626884
"MEMORY_ALLOCATION","MEMORY_ALLOCATION_FREE","",0,"0x0000709de2f6d000",135618,90987076629884,90987076630164
"MEMORY_ALLOCATION","MEMORY_ALLOCATION_FREE","",0,"0x0000709dd7000000",135620,90987076658504,90987076699795
"MEMORY_ALLOCATION","MEMORY_ALLOCATION_FREE","",0,"0x0000709dd6a00000",135622,90987076704965,90987076745666
"MEMORY_ALLOCATION","MEMORY_ALLOCATION_FREE","",0,"0x0000709de2f6e000",135624,90987076748546,90987076749006
"MEMORY_ALLOCATION","MEMORY_ALLOCATION_FREE","",0,"0x0000709de2f6f000",135626,90987076751506,90987076751776
"MEMORY_ALLOCATION","MEMORY_ALLOCATION_FREE","",0,"0x0000709dd5000000",135628,90987076788437,90987076832327
"MEMORY_ALLOCATION","MEMORY_ALLOCATION_FREE","",0,"0x0000709dd4a00000",135630,90987076836358,90987076879388
"MEMORY_ALLOCATION","MEMORY_ALLOCATION_FREE","",0,"0x0000709de2f70000",135632,90987076882668,90987076883098
"MEMORY_ALLOCATION","MEMORY_ALLOCATION_FREE","",0,"0x0000709de2f71000",135634,90987076886078,90987076886348
"MEMORY_ALLOCATION","MEMORY_ALLOCATION_FREE","",0,"0x0000709dd3000000",135636,90987076923959,90987076966000
"MEMORY_ALLOCATION","MEMORY_ALLOCATION_FREE","",0,"0x0000709dd2a00000",135638,90987076969500,90987077051531
"MEMORY_ALLOCATION","MEMORY_ALLOCATION_FREE","",0,"0x0000709de2f72000",135640,90987077055871,90987077056311
"MEMORY_ALLOCATION","MEMORY_ALLOCATION_FREE","",0,"0x0000709de2f73000",135642,90987077058701,90987077059091
"MEMORY_ALLOCATION","MEMORY_ALLOCATION_FREE","",0,"0x0000709de2f9f000",135644,90987077061692,90987077062062
"MEMORY_ALLOCATION","MEMORY_ALLOCATION_FREE","",0,"0x0000709dd2600000",135646,90987077065332,90987077065932
"MEMORY_ALLOCATION","MEMORY_ALLOCATION_FREE","",0,"0x0000709de2fbf000",135648,90987077068512,90987077068832
"MEMORY_ALLOCATION","MEMORY_ALLOCATION_FREE","",0,"0x0000709de2fc3000",135650,90987077071452,90987077071772
"MEMORY_ALLOCATION","MEMORY_ALLOCATION_FREE","",0,"0x0000709de2fc7000",135652,90987077074932,90987077075182
"MEMORY_ALLOCATION","MEMORY_ALLOCATION_FREE","",0,"0x0000709de2fcf000",135654,90987077078702,90987077078992
"MEMORY_ALLOCATION","MEMORY_ALLOCATION_FREE","",0,"0x0000709de2fd7000",135656,90987077081382,90987077081622
"MEMORY_ALLOCATION","MEMORY_ALLOCATION_FREE","",0,"0x0000709de2fdb000",135658,90987077084072,90987077084372
"MEMORY_ALLOCATION","MEMORY_ALLOCATION_FREE","",0,"0x0000709de2fdd000",135660,90987077086782,90987077087042
"MEMORY_ALLOCATION","MEMORY_ALLOCATION_FREE","",0,"0x0000709de2fdf000",135662,90987077089522,90987077089802
"MEMORY_ALLOCATION","MEMORY_ALLOCATION_FREE","",0,"0x0000709de2fe3000",135664,90987077092162,90987077092412
"MEMORY_ALLOCATION","MEMORY_ALLOCATION_FREE","",0,"0x0000709de2fe4000",135666,90987077094872,90987077095122
"MEMORY_ALLOCATION","MEMORY_ALLOCATION_FREE","",0,"0x0000709de2fe5000",135668,90987077102702,90987077102932
"MEMORY_ALLOCATION","MEMORY_ALLOCATION_FREE","",0,"0x0000709de2fe9000",135670,90987077398547,90987077401137
"MEMORY_ALLOCATION","MEMORY_ALLOCATION_FREE","",0,"0x0000709de2fed000",135672,90987077404047,90987077404377
"MEMORY_ALLOCATION","MEMORY_ALLOCATION_FREE","",0,"0x0000709de2ff1000",135674,90987077407298,90987077407668
"MEMORY_ALLOCATION","MEMORY_ALLOCATION_FREE","",0,"0x0000709dd9900000",135676,90987077410428,90987077411318
"MEMORY_ALLOCATION","MEMORY_ALLOCATION_FREE","",0,"0x0000709de2ff5000",135678,90987077413868,90987077414208
"MEMORY_ALLOCATION","MEMORY_ALLOCATION_FREE","",0,"0x0000709dd993b000",135680,90987077419178,90987077419948
"MEMORY_ALLOCATION","MEMORY_ALLOCATION_FREE","",0,"0x0000709dd9944000",135682,90987077423138,90987077423798
"MEMORY_ALLOCATION","MEMORY_ALLOCATION_FREE","",0,"0x0000709dd9939000",135684,90987077426638,90987077427088
"MEMORY_ALLOCATION","MEMORY_ALLOCATION_FREE","",0,"0x0000709dd993a000",135686,90987077429948,90987077430478
"MEMORY_ALLOCATION","MEMORY_ALLOCATION_FREE","",0,"0x0000709dd9943000",135688,90987077433938,90987077434508
"MEMORY_ALLOCATION","MEMORY_ALLOCATION_FREE","",0,"0x0000709dd993f000",135690,90987077437248,90987077437778
"MEMORY_ALLOCATION","MEMORY_ALLOCATION_FREE","",0,"0x0000709dd1400000",135692,90987077521840,90987077580721
"MEMORY_ALLOCATION","MEMORY_ALLOCATION_FREE","",0,"0x0000709dd1000000",135694,90987077584561,90987077585111
"MEMORY_ALLOCATION","MEMORY_ALLOCATION_FREE","",0,"0x0000709de2ff9000",135696,90987077588301,90987077588801
"MEMORY_ALLOCATION","MEMORY_ALLOCATION_FREE","",0,"0x0000709de2ffa000",135698,90987077591431,90987077591751
"MEMORY_ALLOCATION","MEMORY_ALLOCATION_FREE","",0,"0x0000709dd990c000",135700,90987077629711,90987077630131
"MEMORY_ALLOCATION","MEMORY_ALLOCATION_FREE","",0,"0x0000709de2ffb000",135702,90987077633751,90987077634121
"MEMORY_ALLOCATION","MEMORY_ALLOCATION_FREE","",0,"0x0000709de2ffd000",135704,90987077636562,90987077636842
"MEMORY_ALLOCATION","MEMORY_ALLOCATION_FREE","",0,"0x0000709de2ffe000",135706,90987077639252,90987077639532
"MEMORY_ALLOCATION","MEMORY_ALLOCATION_FREE","",0,"0x0000709dd991c000",135708,90987077674792,90987077675142
"MEMORY_ALLOCATION","MEMORY_ALLOCATION_FREE","",0,"0x0000709dd992c000",135710,90987077678152,90987077678562
"MEMORY_ALLOCATION","MEMORY_ALLOCATION_FREE","",0,"0x0000709de2fff000",135712,90987077681282,90987077681682
"MEMORY_ALLOCATION","MEMORY_ALLOCATION_FREE","",0,"0x0000709dd992e000",135714,90987077684252,90987077684572
"MEMORY_ALLOCATION","MEMORY_ALLOCATION_FREE","",0,"0x0000709dd0600000",135716,90987077720583,90987077763874
"MEMORY_ALLOCATION","MEMORY_ALLOCATION_FREE","",0,"0x0000709dd0200000",135718,90987077768354,90987077768804
"MEMORY_ALLOCATION","MEMORY_ALLOCATION_FREE","",0,"0x0000709dd992f000",135720,90987077771454,90987077771844
"MEMORY_ALLOCATION","MEMORY_ALLOCATION_FREE","",0,"0x0000709dd9930000",135722,90987077774474,90987077774814
"MEMORY_ALLOCATION","MEMORY_ALLOCATION_FREE","",0,"0x0000709dcf800000",135724,90987077807795,90987077850325
"MEMORY_ALLOCATION","MEMORY_ALLOCATION_FREE","",0,"0x0000709dcf400000",135726,90987077853925,90987077854345
"MEMORY_ALLOCATION","MEMORY_ALLOCATION_FREE","",0,"0x0000709dd9931000",135728,90987077856945,90987077857335
"MEMORY_ALLOCATION","MEMORY_ALLOCATION_FREE","",0,"0x0000709dd9932000",135730,90987077859885,90987077860545
"MEMORY_ALLOCATION","MEMORY_ALLOCATION_FREE","",0,"0x0000709dcda00000",135732,90987077888906,90987077937467
"MEMORY_ALLOCATION","MEMORY_ALLOCATION_FREE","",0,"0x0000709dcd400000",135734,90987077941667,90987077982818
"MEMORY_ALLOCATION","MEMORY_ALLOCATION_FREE","",0,"0x0000709dd9933000",135736,90987077985978,90987077986488
"MEMORY_ALLOCATION","MEMORY_ALLOCATION_FREE","",0,"0x0000709dd9934000",135738,90987077988998,90987077989318
"MEMORY_ALLOCATION","MEMORY_ALLOCATION_FREE","",0,"0x0000709dcba00000",135740,90987078090069,90987078137340
"MEMORY_ALLOCATION","MEMORY_ALLOCATION_FREE","",0,"0x0000709dcb400000",135742,90987078141940,90987078183331
"MEMORY_ALLOCATION","MEMORY_ALLOCATION_FREE","",0,"0x0000709dd9935000",135744,90987078186391,90987078186911
"MEMORY_ALLOCATION","MEMORY_ALLOCATION_FREE","",0,"0x0000709dd9936000",135746,90987078189681,90987078190021
"MEMORY_ALLOCATION","MEMORY_ALLOCATION_FREE","",0,"0x0000709dc9a00000",135748,90987078231142,90987078273333
"MEMORY_ALLOCATION","MEMORY_ALLOCATION_FREE","",0,"0x0000709dc9400000",135750,90987078276183,90987078315753
"MEMORY_ALLOCATION","MEMORY_ALLOCATION_FREE","",0,"0x0000709dd9937000",135752,90987078321163,90987078321693
"MEMORY_ALLOCATION","MEMORY_ALLOCATION_FREE","",0,"0x0000709dd9938000",135754,90987078324164,90987078324584
"MEMORY_ALLOCATION","MEMORY_ALLOCATION_FREE","",0,"0x0000709dd9964000",135756,90987078327284,90987078327594
"MEMORY_ALLOCATION","MEMORY_ALLOCATION_FREE","",0,"0x0000709dc9000000",135758,90987078330434,90987078330724
"MEMORY_ALLOCATION","MEMORY_ALLOCATION_FREE","",0,"0x0000709dd9984000",135760,90987078333184,90987078333484
"MEMORY_ALLOCATION","MEMORY_ALLOCATION_FREE","",0,"0x0000709dd9988000",135762,90987078336934,90987078337374
"MEMORY_ALLOCATION","MEMORY_ALLOCATION_FREE","",0,"0x0000709dd998c000",135764,90987078339734,90987078340034
"MEMORY_ALLOCATION","MEMORY_ALLOCATION_FREE","",0,"0x0000709dd9994000",135766,90987078343534,90987078343814
"MEMORY_ALLOCATION","MEMORY_ALLOCATION_FREE","",0,"0x0000709dd999c000",135768,90987078346344,90987078346584
"MEMORY_ALLOCATION","MEMORY_ALLOCATION_FREE","",0,"0x0000709dd99a0000",135770,90987078349084,90987078349394
"MEMORY_ALLOCATION","MEMORY_ALLOCATION_FREE","",0,"0x0000709dd99a2000",135772,90987078351664,90987078351894
"MEMORY_ALLOCATION","MEMORY_ALLOCATION_FREE","",0,"0x0000709dd99a4000",135774,90987078354464,90987078354714
"MEMORY_ALLOCATION","MEMORY_ALLOCATION_FREE","",0,"0x0000709dd99a8000",135776,90987078357084,90987078357294
"MEMORY_ALLOCATION","MEMORY_ALLOCATION_FREE","",0,"0x0000709dd99a9000",135778,90987078360194,90987078360514
"MEMORY_ALLOCATION","MEMORY_ALLOCATION_FREE","",0,"0x0000709dd99aa000",135780,90987078362854,90987078363154
"MEMORY_ALLOCATION","MEMORY_ALLOCATION_FREE","",0,"0x0000709dd99ae000",135782,90987078366724,90987078366954
"MEMORY_ALLOCATION","MEMORY_ALLOCATION_FREE","",0,"0x0000709dd99b2000",135784,90987078369354,90987078369584
"MEMORY_ALLOCATION","MEMORY_ALLOCATION_FREE","",0,"0x0000709dd99b6000",135786,90987078371994,90987078372314
"MEMORY_ALLOCATION","MEMORY_ALLOCATION_FREE","",0,"0x0000709dd99ba000",135788,90987078374564,90987078375364
"MEMORY_ALLOCATION","MEMORY_ALLOCATION_FREE","",0,"0x0000709dd99c6000",135790,90987078377904,90987078378124
"MEMORY_ALLOCATION","MEMORY_ALLOCATION_FREE","",0,"0x0000709dd99d8000",135792,90987078382115,90987078383505
"MEMORY_ALLOCATION","MEMORY_ALLOCATION_FREE","",0,"0x0000709dd99dc000",135794,90987078386315,90987078386835
"MEMORY_ALLOCATION","MEMORY_ALLOCATION_FREE","",0,"0x0000709dd99dd000",135796,90987078389615,90987078390105
"MEMORY_ALLOCATION","MEMORY_ALLOCATION_FREE","",0,"0x0000709dd99de000",135798,90987078393425,90987078393775
"MEMORY_ALLOCATION","MEMORY_ALLOCATION_FREE","",0,"0x0000709dc7e00000",135800,90987078434145,90987078488926
"MEMORY_ALLOCATION","MEMORY_ALLOCATION_FREE","",0,"0x0000709dc7a00000",135802,90987078492096,90987078492446
"MEMORY_ALLOCATION","MEMORY_ALLOCATION_FREE","",0,"0x0000709dd99ca000",135804,90987078495076,90987078495386
"MEMORY_ALLOCATION","MEMORY_ALLOCATION_FREE","",0,"0x0000709dd99cb000",135806,90987078498127,90987078498437
"MEMORY_ALLOCATION","MEMORY_ALLOCATION_FREE","",0,"0x0000709dc7600000",135808,90987078531587,90987078532017
"MEMORY_ALLOCATION","MEMORY_ALLOCATION_FREE","",0,"0x0000709dd0300000",135810,90987078537117,90987078537537
"MEMORY_ALLOCATION","MEMORY_ALLOCATION_FREE","",0,"0x0000709dd99cc000",135812,90987078539987,90987078540307
"MEMORY_ALLOCATION","MEMORY_ALLOCATION_FREE","",0,"0x0000709dd99cd000",135814,90987078542807,90987078543107
"MEMORY_ALLOCATION","MEMORY_ALLOCATION_FREE","",0,"0x0000709dc7200000",135816,90987078579358,90987078579768
"MEMORY_ALLOCATION","MEMORY_ALLOCATION_FREE","",0,"0x0000709dd0380000",135818,90987078582288,90987078582698
"MEMORY_ALLOCATION","MEMORY_ALLOCATION_FREE","",0,"0x0000709dd99ce000",135820,90987078585088,90987078585398
"MEMORY_ALLOCATION","MEMORY_ALLOCATION_FREE","",0,"0x0000709dd99cf000",135822,90987078587978,90987078588268
"MEMORY_ALLOCATION","MEMORY_ALLOCATION_FREE","",0,"0x0000709dc6800000",135824,90987078619529,90987078662379
"MEMORY_ALLOCATION","MEMORY_ALLOCATION_FREE","",0,"0x0000709dc6400000",135826,90987078666299,90987078666739
"MEMORY_ALLOCATION","MEMORY_ALLOCATION_FREE","",0,"0x0000709dd99d0000",135828,90987078669420,90987078669740
"MEMORY_ALLOCATION","MEMORY_ALLOCATION_FREE","",0,"0x0000709dd99d1000",135830,90987078672450,90987078672730
"MEMORY_ALLOCATION","MEMORY_ALLOCATION_FREE","",0,"0x0000709dc4a00000",135832,90987078713540,90987078756921
"MEMORY_ALLOCATION","MEMORY_ALLOCATION_FREE","",0,"0x0000709dc4400000",135834,90987078761651,90987078803452
"MEMORY_ALLOCATION","MEMORY_ALLOCATION_FREE","",0,"0x0000709dd99d2000",135836,90987078806662,90987078807112
"MEMORY_ALLOCATION","MEMORY_ALLOCATION_FREE","",0,"0x0000709dd99d3000",135838,90987078809632,90987078809952
"MEMORY_ALLOCATION","MEMORY_ALLOCATION_FREE","",0,"0x0000709dc2a00000",135840,90987078848223,90987078889923
"MEMORY_ALLOCATION","MEMORY_ALLOCATION_FREE","",0,"0x0000709dc2400000",135842,90987078893283,90987078936074
"MEMORY_ALLOCATION","MEMORY_ALLOCATION_FREE","",0,"0x0000709dd99d4000",135844,90987078939014,90987078939474
"MEMORY_ALLOCATION","MEMORY_ALLOCATION_FREE","",0,"0x0000709dd99d5000",135846,90987078942154,90987078942464
"MEMORY_ALLOCATION","MEMORY_ALLOCATION_FREE","",0,"0x0000709dc0a00000",135848,90987078982585,90987079049666
"MEMORY_ALLOCATION","MEMORY_ALLOCATION_FREE","",0,"0x0000709dc0400000",135850,90987079053336,90987079093907
"MEMORY_ALLOCATION","MEMORY_ALLOCATION_FREE","",0,"0x0000709dd99d6000",135852,90987079096947,90987079097347
"MEMORY_ALLOCATION","MEMORY_ALLOCATION_FREE","",0,"0x0000709dd99d7000",135854,90987079100127,90987079100557
"MEMORY_ALLOCATION","MEMORY_ALLOCATION_FREE","",0,"0x0000709dd99e2000",135856,90987079103137,90987079103397
"MEMORY_ALLOCATION","MEMORY_ALLOCATION_FREE","",0,"0x0000709dd99e3000",135858,90987079105897,90987079106157
"MEMORY_ALLOCATION","MEMORY_ALLOCATION_FREE","",0,"0x0000709dd99e7000",135860,90987079108467,90987079108717
"MEMORY_ALLOCATION","MEMORY_ALLOCATION_FREE","",0,"0x0000709dd99eb000",135862,90987079111537,90987079111877
"MEMORY_ALLOCATION","MEMORY_ALLOCATION_FREE","",0,"0x0000709dd99f3000",135864,90987079114487,90987079114747
"MEMORY_ALLOCATION","MEMORY_ALLOCATION_FREE","",0,"0x0000709dd99f7000",135866,90987079117197,90987079117477
"MEMORY_ALLOCATION","MEMORY_ALLOCATION_FREE","",0,"0x0000709dd99f8000",135868,90987079119897,90987079120147
"MEMORY_ALLOCATION","MEMORY_ALLOCATION_FREE","",0,"0x0000709dd99f9000",135870,90987079124577,90987079124877
"MEMORY_ALLOCATION","MEMORY_ALLOCATION_FREE","",0,"0x0000709dd99fd000",135872,90987079127268,90987079127518
"MEMORY_ALLOCATION","MEMORY_ALLOCATION_FREE","",0,"0x0000709dc0000000",135874,90987079131268,90987079132538
"MEMORY_ALLOCATION","MEMORY_ALLOCATION_FREE","",0,"0x0000709dd99fe000",135876,90987079135098,90987079135368
"MEMORY_ALLOCATION","MEMORY_ALLOCATION_FREE","",0,"0x0000709dbee00000",135878,90987079138088,90987079180248
"MEMORY_ALLOCATION","MEMORY_ALLOCATION_FREE","",0,"0x0000709dbdc00000",135880,90987079183329,90987079226409
"MEMORY_ALLOCATION","MEMORY_ALLOCATION_FREE","",0,"0x0000709dc0004000",135882,90987079229519,90987079230129
"MEMORY_ALLOCATION","MEMORY_ALLOCATION_FREE","",0,"0x0000709dc0008000",135884,90987079232739,90987079233639
"MEMORY_ALLOCATION","MEMORY_ALLOCATION_FREE","",0,"0x0000709dc000c000",135886,90987079236149,90987079236419
"MEMORY_ALLOCATION","MEMORY_ALLOCATION_FREE","",0,"0x0000709dc0010000",135888,90987079238999,90987079239309
"MEMORY_ALLOCATION","MEMORY_ALLOCATION_FREE","",0,"0x0000709dc0014000",135890,90987079243310,90987079243630
"MEMORY_ALLOCATION","MEMORY_ALLOCATION_FREE","",0,"0x0000709dc0020000",135892,90987079246360,90987079246840
"MEMORY_ALLOCATION","MEMORY_ALLOCATION_FREE","",0,"0x0000709dc0024000",135894,90987079249960,90987079250250
"MEMORY_ALLOCATION","MEMORY_ALLOCATION_FREE","",0,"0x0000709dc01da000",135896,90987079254060,90987079254870
"MEMORY_ALLOCATION","MEMORY_ALLOCATION_FREE","",0,"0x0000709db4a00000",135898,90987079394192,90987079395612
"MEMORY_ALLOCATION","MEMORY_ALLOCATION_FREE","",0,"0x0000709dc01d8000",135900,90987079398852,90987079399632
"MEMORY_ALLOCATION","MEMORY_ALLOCATION_FREE","",0,"0x0000709dc01d9000",135902,90987079402192,90987079402682
"MEMORY_ALLOCATION","MEMORY_ALLOCATION_FREE","",0,"0x0000709dc01e2000",135904,90987079405382,90987079405642
"MEMORY_ALLOCATION","MEMORY_ALLOCATION_FREE","",0,"0x0000709dc01de000",135906,90987079408182,90987079408552
"MEMORY_ALLOCATION","MEMORY_ALLOCATION_FREE","",0,"0x0000709dbca00000",135908,90987079455043,90987079503054
"MEMORY_ALLOCATION","MEMORY_ALLOCATION_FREE","",0,"0x0000709dbc600000",135910,90987079507014,90987079507574
"MEMORY_ALLOCATION","MEMORY_ALLOCATION_FREE","",0,"0x0000709dd99ff000",135912,90987079510244,90987079510704
"MEMORY_ALLOCATION","MEMORY_ALLOCATION_FREE","",0,"0x0000709dc00a5000",135914,90987079518994,90987079519384
"MEMORY_ALLOCATION","MEMORY_ALLOCATION_FREE","",0,"0x0000709dc00a6000",135916,90987079555305,90987079555735
"MEMORY_ALLOCATION","MEMORY_ALLOCATION_FREE","",0,"0x0000709dc00b6000",135918,90987079559065,90987079559365
"MEMORY_ALLOCATION","MEMORY_ALLOCATION_FREE","",0,"0x0000709dc00b8000",135920,90987079562165,90987079562445
"MEMORY_ALLOCATION","MEMORY_ALLOCATION_FREE","",0,"0x0000709dc00b9000",135922,90987079565595,90987079566115
"MEMORY_ALLOCATION","MEMORY_ALLOCATION_FREE","",0,"0x0000709dc00ba000",135924,90987079603566,90987079604036
"MEMORY_ALLOCATION","MEMORY_ALLOCATION_FREE","",0,"0x0000709dc00ca000",135926,90987079607206,90987079607506
"MEMORY_ALLOCATION","MEMORY_ALLOCATION_FREE","",0,"0x0000709dc00cc000",135928,90987079610226,90987079610486
"MEMORY_ALLOCATION","MEMORY_ALLOCATION_FREE","",0,"0x0000709dc00cd000",135930,90987079612886,90987079613126
"MEMORY_ALLOCATION","MEMORY_ALLOCATION_FREE","",0,"0x0000709dbbc00000",135932,90987079649037,90987079691877
"MEMORY_ALLOCATION","MEMORY_ALLOCATION_FREE","",0,"0x0000709dc00ce000",135934,90987079695788,90987079696268
"MEMORY_ALLOCATION","MEMORY_ALLOCATION_FREE","",0,"0x0000709dc01ce000",135936,90987079698928,90987079699188
"MEMORY_ALLOCATION","MEMORY_ALLOCATION_FREE","",0,"0x0000709dc01cf000",135938,90987079701968,90987079702248
"MEMORY_ALLOCATION","MEMORY_ALLOCATION_FREE","",0,"0x0000709dbb200000",135940,90987079740868,90987079783969
"MEMORY_ALLOCATION","MEMORY_ALLOCATION_FREE","",0,"0x0000709dbae00000",135942,90987079786819,90987079787149
"MEMORY_ALLOCATION","MEMORY_ALLOCATION_FREE","",0,"0x0000709dc01d0000",135944,90987079796479,90987079796779
"MEMORY_ALLOCATION","MEMORY_ALLOCATION_FREE","",0,"0x0000709dc01d1000",135946,90987079799309,90987079799709
"MEMORY_ALLOCATION","MEMORY_ALLOCATION_FREE","",0,"0x0000709db9400000",135948,90987079837170,90987079880111
"MEMORY_ALLOCATION","MEMORY_ALLOCATION_FREE","",0,"0x0000709db8e00000",135950,90987079883881,90987079926532
"MEMORY_ALLOCATION","MEMORY_ALLOCATION_FREE","",0,"0x0000709dc01d2000",135952,90987079929862,90987079930292
"MEMORY_ALLOCATION","MEMORY_ALLOCATION_FREE","",0,"0x0000709dc01d3000",135954,90987079933022,90987079933282
"MEMORY_ALLOCATION","MEMORY_ALLOCATION_FREE","",0,"0x0000709db7400000",135956,90987079970662,90987080050304
"MEMORY_ALLOCATION","MEMORY_ALLOCATION_FREE","",0,"0x0000709db6e00000",135958,90987080054274,90987080094325
"MEMORY_ALLOCATION","MEMORY_ALLOCATION_FREE","",0,"0x0000709dc01d4000",135960,90987080098285,90987080098685
"MEMORY_ALLOCATION","MEMORY_ALLOCATION_FREE","",0,"0x0000709dc01d5000",135962,90987080101025,90987080101275
"MEMORY_ALLOCATION","MEMORY_ALLOCATION_FREE","",0,"0x0000709db5400000",135964,90987080138595,90987080180506
"MEMORY_ALLOCATION","MEMORY_ALLOCATION_FREE","",0,"0x0000709db4e00000",135966,90987080184696,90987080227497
"MEMORY_ALLOCATION","MEMORY_ALLOCATION_FREE","",0,"0x0000709dc01d6000",135968,90987080230787,90987080231197
"MEMORY_ALLOCATION","MEMORY_ALLOCATION_FREE","",0,"0x0000709dc01d7000",135970,90987080233697,90987080234057
"MEMORY_ALLOCATION","MEMORY_ALLOCATION_FREE","",0,"0x0000709db4a20000",135972,90987080237447,90987080238017
"MEMORY_ALLOCATION","MEMORY_ALLOCATION_FREE","",0,"0x0000709db4600000",135974,90987080240677,90987080241007
"MEMORY_ALLOCATION","MEMORY_ALLOCATION_FREE","",0,"0x0000709dc01e3000",135976,90987080243547,90987080243877
"MEMORY_ALLOCATION","MEMORY_ALLOCATION_FREE","",0,"0x0000709dc01e7000",135978,90987080247927,90987080248187
"MEMORY_ALLOCATION","MEMORY_ALLOCATION_FREE","",0,"0x0000709dc01eb000",135980,90987080250847,90987080251197
"MEMORY_ALLOCATION","MEMORY_ALLOCATION_FREE","",0,"0x0000709dc01f3000",135982,90987080253787,90987080254077
"MEMORY_ALLOCATION","MEMORY_ALLOCATION_FREE","",0,"0x0000709dc01fb000",135984,90987080256437,90987080256717
"MEMORY_ALLOCATION","MEMORY_ALLOCATION_FREE","",0,"0x0000709db4a40000",135986,90987080259267,90987080259567
"MEMORY_ALLOCATION","MEMORY_ALLOCATION_FREE","",0,"0x0000709db4a42000",135988,90987080262187,90987080262547
"MEMORY_ALLOCATION","MEMORY_ALLOCATION_FREE","",0,"0x0000709db4a44000",135990,90987080265488,90987080265738
"MEMORY_ALLOCATION","MEMORY_ALLOCATION_FREE","",0,"0x0000709dc01ff000",135992,90987080268318,90987080268678
"MEMORY_ALLOCATION","MEMORY_ALLOCATION_FREE","",0,"0x0000709db4a48000",135994,90987080272748,90987080273068
"MEMORY_ALLOCATION","MEMORY_ALLOCATION_FREE","",0,"0x0000709db4a49000",135996,90987080275408,90987080275658
"MEMORY_ALLOCATION","MEMORY_ALLOCATION_FREE","",0,"0x0000709db4a4d000",135998,90987080278268,90987080278878
"MEMORY_ALLOCATION","MEMORY_ALLOCATION_FREE","",0,"0x0000709db4a51000",136000,90987080281518,90987080281778
"MEMORY_ALLOCATION","MEMORY_ALLOCATION_FREE","",0,"0x0000709db4a55000",136002,90987080284568,90987080285018
"MEMORY_ALLOCATION","MEMORY_ALLOCATION_FREE","",0,"0x0000709db4a59000",136004,90987080287468,90987080287718
"MEMORY_ALLOCATION","MEMORY_ALLOCATION_FREE","",0,"0x0000709db4a65000",136006,90987080290298,90987080290628
"MEMORY_ALLOCATION","MEMORY_ALLOCATION_FREE","",0,"0x0000709db4b9f000",136008,90987080295018,90987080295648
"MEMORY_ALLOCATION","MEMORY_ALLOCATION_FREE","",0,"0x0000709db4ba8000",136010,90987080298598,90987080298968
"MEMORY_ALLOCATION","MEMORY_ALLOCATION_FREE","",0,"0x0000709db4b9d000",136012,90987080302338,90987080302688
"MEMORY_ALLOCATION","MEMORY_ALLOCATION_FREE","",0,"0x0000709db4b9e000",136014,90987080305228,90987080305688
"MEMORY_ALLOCATION","MEMORY_ALLOCATION_FREE","",0,"0x0000709db4ba7000",136016,90987080308528,90987080308948
"MEMORY_ALLOCATION","MEMORY_ALLOCATION_FREE","",0,"0x0000709db4ba3000",136018,90987080311468,90987080311928
"MEMORY_ALLOCATION","MEMORY_ALLOCATION_FREE","",0,"0x0000709db3400000",136020,90987080353559,90987080400790
"MEMORY_ALLOCATION","MEMORY_ALLOCATION_FREE","",0,"0x0000709db3000000",136022,90987080403880,90987080404370
"MEMORY_ALLOCATION","MEMORY_ALLOCATION_FREE","",0,"0x0000709db4a69000",136024,90987080411560,90987080411860
"MEMORY_ALLOCATION","MEMORY_ALLOCATION_FREE","",0,"0x0000709db4a6a000",136026,90987080414600,90987080415420
"MEMORY_ALLOCATION","MEMORY_ALLOCATION_FREE","",0,"0x0000709db4a6b000",136028,90987080450521,90987080450841
"MEMORY_ALLOCATION","MEMORY_ALLOCATION_FREE","",0,"0x0000709db4a7b000",136030,90987080453601,90987080453961
"MEMORY_ALLOCATION","MEMORY_ALLOCATION_FREE","",0,"0x0000709db4a7d000",136032,90987080457251,90987080457511
"MEMORY_ALLOCATION","MEMORY_ALLOCATION_FREE","",0,"0x0000709db4a7e000",136034,90987080460191,90987080460621
"MEMORY_ALLOCATION","MEMORY_ALLOCATION_FREE","",0,"0x0000709db4a7f000",136036,90987080497592,90987080497862
"MEMORY_ALLOCATION","MEMORY_ALLOCATION_FREE","",0,"0x0000709db4a8f000",136038,90987080500392,90987080500702
"MEMORY_ALLOCATION","MEMORY_ALLOCATION_FREE","",0,"0x0000709db4a91000",136040,90987080503322,90987080503662
"MEMORY_ALLOCATION","MEMORY_ALLOCATION_FREE","",0,"0x0000709db4a92000",136042,90987080506322,90987080506662
"MEMORY_ALLOCATION","MEMORY_ALLOCATION_FREE","",0,"0x0000709db2600000",136044,90987080543102,90987080586353
"MEMORY_ALLOCATION","MEMORY_ALLOCATION_FREE","",0,"0x0000709db4a93000",136046,90987080590393,90987080590783
"MEMORY_ALLOCATION","MEMORY_ALLOCATION_FREE","",0,"0x0000709db4b93000",136048,90987080593873,90987080594333
"MEMORY_ALLOCATION","MEMORY_ALLOCATION_FREE","",0,"0x0000709db4b94000",136050,90987080596743,90987080597033
"MEMORY_ALLOCATION","MEMORY_ALLOCATION_FREE","",0,"0x0000709db1c00000",136052,90987080633844,90987080675135
"MEMORY_ALLOCATION","MEMORY_ALLOCATION_FREE","",0,"0x0000709db1800000",136054,90987080678275,90987080678745
"MEMORY_ALLOCATION","MEMORY_ALLOCATION_FREE","",0,"0x0000709db4b95000",136056,90987080681385,90987080681735
"MEMORY_ALLOCATION","MEMORY_ALLOCATION_FREE","",0,"0x0000709db4b96000",136058,90987080684805,90987080685085
"MEMORY_ALLOCATION","MEMORY_ALLOCATION_FREE","",0,"0x0000709dafe00000",136060,90987080723595,90987080768886
"MEMORY_ALLOCATION","MEMORY_ALLOCATION_FREE","",0,"0x0000709daf800000",136062,90987080772176,90987080811987
"MEMORY_ALLOCATION","MEMORY_ALLOCATION_FREE","",0,"0x0000709db4b97000",136064,90987080814977,90987080815427
"MEMORY_ALLOCATION","MEMORY_ALLOCATION_FREE","",0,"0x0000709db4b98000",136066,90987080819147,90987080819457
"MEMORY_ALLOCATION","MEMORY_ALLOCATION_FREE","",0,"0x0000709dade00000",136068,90987080860948,90987080906129
"MEMORY_ALLOCATION","MEMORY_ALLOCATION_FREE","",0,"0x0000709dad800000",136070,90987080909399,90987080948489
"MEMORY_ALLOCATION","MEMORY_ALLOCATION_FREE","",0,"0x0000709db4b99000",136072,90987080952989,90987080953479
"MEMORY_ALLOCATION","MEMORY_ALLOCATION_FREE","",0,"0x0000709db4b9a000",136074,90987080956060,90987080956360
"MEMORY_ALLOCATION","MEMORY_ALLOCATION_FREE","",0,"0x0000709dabe00000",136076,90987080992430,90987081069882
"MEMORY_ALLOCATION","MEMORY_ALLOCATION_FREE","",0,"0x0000709dab800000",136078,90987081074812,90987081115432
"MEMORY_ALLOCATION","MEMORY_ALLOCATION_FREE","",0,"0x0000709db4b9b000",136080,90987081118702,90987081119142
"MEMORY_ALLOCATION","MEMORY_ALLOCATION_FREE","",0,"0x0000709db4b9c000",136082,90987081121972,90987081122352
"MEMORY_ALLOCATION","MEMORY_ALLOCATION_FREE","",0,"0x0000709db4bc8000",136084,90987081125183,90987081125513
"MEMORY_ALLOCATION","MEMORY_ALLOCATION_FREE","",0,"0x0000709dab000000",136086,90987081129863,90987081130913
"MEMORY_ALLOCATION","MEMORY_ALLOCATION_FREE","",0,"0x0000709db4be8000",136088,90987081133463,90987081133763
"MEMORY_ALLOCATION","MEMORY_ALLOCATION_FREE","",0,"0x0000709db4bec000",136090,90987081136303,90987081136563
"MEMORY_ALLOCATION","MEMORY_ALLOCATION_FREE","",0,"0x0000709db4bf0000",136092,90987081139063,90987081139313
"MEMORY_ALLOCATION","MEMORY_ALLOCATION_FREE","",0,"0x0000709db4bf8000",136094,90987081142853,90987081143393
"MEMORY_ALLOCATION","MEMORY_ALLOCATION_FREE","",0,"0x0000709dab400000",136096,90987081145963,90987081146453
"MEMORY_ALLOCATION","MEMORY_ALLOCATION_FREE","",0,"0x0000709dab404000",136098,90987081148903,90987081149493
"MEMORY_ALLOCATION","MEMORY_ALLOCATION_FREE","",0,"0x0000709dab406000",136100,90987081151943,90987081152573
"MEMORY_ALLOCATION","MEMORY_ALLOCATION_FREE","",0,"0x0000709dab408000",136102,90987081155103,90987081155423
"MEMORY_ALLOCATION","MEMORY_ALLOCATION_FREE","",0,"0x0000709dab40c000",136104,90987081157753,90987081158003
"MEMORY_ALLOCATION","MEMORY_ALLOCATION_FREE","",0,"0x0000709dab40d000",136106,90987081160353,90987081160603
"MEMORY_ALLOCATION","MEMORY_ALLOCATION_FREE","",0,"0x0000709dab40e000",136108,90987081162943,90987081163203
"MEMORY_ALLOCATION","MEMORY_ALLOCATION_FREE","",0,"0x0000709dab412000",136110,90987081166933,90987081167273
"MEMORY_ALLOCATION","MEMORY_ALLOCATION_FREE","",0,"0x0000709dab416000",136112,90987081169543,90987081169763
"MEMORY_ALLOCATION","MEMORY_ALLOCATION_FREE","",0,"0x0000709dab41a000",136114,90987081172183,90987081172613
"MEMORY_ALLOCATION","MEMORY_ALLOCATION_FREE","",0,"0x0000709dab41e000",136116,90987081174963,90987081175193
"MEMORY_ALLOCATION","MEMORY_ALLOCATION_FREE","",0,"0x0000709dab42a000",136118,90987081177773,90987081178053
"MEMORY_ALLOCATION","MEMORY_ALLOCATION_FREE","",0,"0x0000709dab564000",136120,90987081182444,90987081183734
"MEMORY_ALLOCATION","MEMORY_ALLOCATION_FREE","",0,"0x0000709dab56d000",136122,90987081186554,90987081187014
"MEMORY_ALLOCATION","MEMORY_ALLOCATION_FREE","",0,"0x0000709dab562000",136124,90987081189854,90987081190194
"MEMORY_ALLOCATION","MEMORY_ALLOCATION_FREE","",0,"0x0000709dab563000",136126,90987081193284,90987081193834
"MEMORY_ALLOCATION","MEMORY_ALLOCATION_FREE","",0,"0x0000709dab56c000",136128,90987081196514,90987081196874
"MEMORY_ALLOCATION","MEMORY_ALLOCATION_FREE","",0,"0x0000709dab568000",136130,90987081199904,90987081200264
"MEMORY_ALLOCATION","MEMORY_ALLOCATION_FREE","",0,"0x0000709da9e00000",136132,90987081237184,90987081283195
"MEMORY_ALLOCATION","MEMORY_ALLOCATION_FREE","",0,"0x0000709da9a00000",136134,90987081288565,90987081288995
"MEMORY_ALLOCATION","MEMORY_ALLOCATION_FREE","",0,"0x0000709dab42e000",136136,90987081291615,90987081291975
"MEMORY_ALLOCATION","MEMORY_ALLOCATION_FREE","",0,"0x0000709dab42f000",136138,90987081295105,90987081295586
"MEMORY_ALLOCATION","MEMORY_ALLOCATION_FREE","",0,"0x0000709dab430000",136140,90987081332486,90987081332786
"MEMORY_ALLOCATION","MEMORY_ALLOCATION_FREE","",0,"0x0000709dab440000",136142,90987081335526,90987081336006
"MEMORY_ALLOCATION","MEMORY_ALLOCATION_FREE","",0,"0x0000709dab442000",136144,90987081338826,90987081339046
"MEMORY_ALLOCATION","MEMORY_ALLOCATION_FREE","",0,"0x0000709dab443000",136146,90987081341516,90987081341806
"MEMORY_ALLOCATION","MEMORY_ALLOCATION_FREE","",0,"0x0000709dab444000",136148,90987081378837,90987081379077
"MEMORY_ALLOCATION","MEMORY_ALLOCATION_FREE","",0,"0x0000709dab454000",136150,90987081381417,90987081381737
"MEMORY_ALLOCATION","MEMORY_ALLOCATION_FREE","",0,"0x0000709dab456000",136152,90987081385427,90987081385677
"MEMORY_ALLOCATION","MEMORY_ALLOCATION_FREE","",0,"0x0000709dab457000",136154,90987081388417,90987081388757
"MEMORY_ALLOCATION","MEMORY_ALLOCATION_FREE","",0,"0x0000709da9000000",136156,90987081427528,90987081477429
"MEMORY_ALLOCATION","MEMORY_ALLOCATION_FREE","",0,"0x0000709dab458000",136158,90987081483389,90987081483719
"MEMORY_ALLOCATION","MEMORY_ALLOCATION_FREE","",0,"0x0000709dab558000",136160,90987081486749,90987081487129
"MEMORY_ALLOCATION","MEMORY_ALLOCATION_FREE","",0,"0x0000709dab559000",136162,90987081489669,90987081489949
"MEMORY_ALLOCATION","MEMORY_ALLOCATION_FREE","",0,"0x0000709da8600000",136164,90987081520489,90987081561220
"MEMORY_ALLOCATION","MEMORY_ALLOCATION_FREE","",0,"0x0000709da8200000",136166,90987081564280,90987081564790
"MEMORY_ALLOCATION","MEMORY_ALLOCATION_FREE","",0,"0x0000709dab55a000",136168,90987081567550,90987081567890
"MEMORY_ALLOCATION","MEMORY_ALLOCATION_FREE","",0,"0x0000709dab55b000",136170,90987081570320,90987081570570
"MEMORY_ALLOCATION","MEMORY_ALLOCATION_FREE","",0,"0x0000709da6800000",136172,90987081599301,90987081642442
"MEMORY_ALLOCATION","MEMORY_ALLOCATION_FREE","",0,"0x0000709da6200000",136174,90987081645892,90987081688652
"MEMORY_ALLOCATION","MEMORY_ALLOCATION_FREE","",0,"0x0000709dab55c000",136176,90987081691752,90987081692212
"MEMORY_ALLOCATION","MEMORY_ALLOCATION_FREE","",0,"0x0000709dab55d000",136178,90987081694753,90987081694983
"MEMORY_ALLOCATION","MEMORY_ALLOCATION_FREE","",0,"0x0000709da4800000",136180,90987081735103,90987081778044
"MEMORY_ALLOCATION","MEMORY_ALLOCATION_FREE","",0,"0x0000709da4200000",136182,90987081784854,90987081829245
"MEMORY_ALLOCATION","MEMORY_ALLOCATION_FREE","",0,"0x0000709dab55e000",136184,90987081832695,90987081833205
"MEMORY_ALLOCATION","MEMORY_ALLOCATION_FREE","",0,"0x0000709dab55f000",136186,90987081835905,90987081836195
"MEMORY_ALLOCATION","MEMORY_ALLOCATION_FREE","",0,"0x0000709da2800000",136188,90987081870296,90987081912426
"MEMORY_ALLOCATION","MEMORY_ALLOCATION_FREE","",0,"0x0000709da2200000",136190,90987081915856,90987081958007
"MEMORY_ALLOCATION","MEMORY_ALLOCATION_FREE","",0,"0x0000709dab560000",136192,90987081961957,90987081962337
"MEMORY_ALLOCATION","MEMORY_ALLOCATION_FREE","",0,"0x0000709dab561000",136194,90987081965007,90987081965387
"MEMORY_ALLOCATION","MEMORY_ALLOCATION_FREE","",0,"0x0000709dab58d000",136196,90987081968257,90987081968697
"MEMORY_ALLOCATION","MEMORY_ALLOCATION_FREE","",0,"0x0000709da1e00000",136198,90987081971787,90987081972037
"MEMORY_ALLOCATION","MEMORY_ALLOCATION_FREE","",0,"0x0000709dab5ad000",136200,90987081974637,90987081974897
"MEMORY_ALLOCATION","MEMORY_ALLOCATION_FREE","",0,"0x0000709dab5b1000",136202,90987081977417,90987081977808
"MEMORY_ALLOCATION","MEMORY_ALLOCATION_FREE","",0,"0x0000709dab5b5000",136204,90987081980108,90987081980338
"MEMORY_ALLOCATION","MEMORY_ALLOCATION_FREE","",0,"0x0000709dab5bd000",136206,90987081983978,90987081984308
"MEMORY_ALLOCATION","MEMORY_ALLOCATION_FREE","",0,"0x0000709dab5c5000",136208,90987081987298,90987081987518
"MEMORY_ALLOCATION","MEMORY_ALLOCATION_FREE","",0,"0x0000709dab5c9000",136210,90987081989878,90987081990128
"MEMORY_ALLOCATION","MEMORY_ALLOCATION_FREE","",0,"0x0000709dab5cb000",136212,90987081992468,90987081992688
"MEMORY_ALLOCATION","MEMORY_ALLOCATION_FREE","",0,"0x0000709dab5cd000",136214,90987081995488,90987081995768
"MEMORY_ALLOCATION","MEMORY_ALLOCATION_FREE","",0,"0x0000709dab5d1000",136216,90987081998118,90987081998328
"MEMORY_ALLOCATION","MEMORY_ALLOCATION_FREE","",0,"0x0000709dab5d2000",136218,90987082037259,90987082037689
"MEMORY_ALLOCATION","MEMORY_ALLOCATION_FREE","",0,"0x0000709dab5d3000",136220,90987082040099,90987082040329
"MEMORY_ALLOCATION","MEMORY_ALLOCATION_FREE","",0,"0x0000709dab5d7000",136222,90987082043809,90987082044249
"MEMORY_ALLOCATION","MEMORY_ALLOCATION_FREE","",0,"0x0000709dab5db000",136224,90987082046749,90987082047009
"MEMORY_ALLOCATION","MEMORY_ALLOCATION_FREE","",0,"0x0000709dab5df000",136226,90987082049799,90987082050099
"MEMORY_ALLOCATION","MEMORY_ALLOCATION_FREE","",0,"0x0000709dab5e3000",136228,90987082052529,90987082052779
"MEMORY_ALLOCATION","MEMORY_ALLOCATION_FREE","",0,"0x0000709dab5ef000",136230,90987082055339,90987082055699
"MEMORY_ALLOCATION","MEMORY_ALLOCATION_FREE","",0,"0x0000709da0101000",136232,90987082061259,90987082062639
"MEMORY_ALLOCATION","MEMORY_ALLOCATION_FREE","",0,"0x0000709da0105000",136234,90987082066299,90987082066849
"MEMORY_ALLOCATION","MEMORY_ALLOCATION_FREE","",0,"0x0000709da0106000",136236,90987082069529,90987082069849
"MEMORY_ALLOCATION","MEMORY_ALLOCATION_FREE","",0,"0x0000709da0107000",136238,90987082072329,90987082072669
"MEMORY_ALLOCATION","MEMORY_ALLOCATION_FREE","",0,"0x0000709da0c00000",136240,90987082110430,90987082155141
"MEMORY_ALLOCATION","MEMORY_ALLOCATION_FREE","",0,"0x0000709da0800000",136242,90987082158461,90987082158921
"MEMORY_ALLOCATION","MEMORY_ALLOCATION_FREE","",0,"0x0000709dab5f3000",136244,90987082164431,90987082164761
"MEMORY_ALLOCATION","MEMORY_ALLOCATION_FREE","",0,"0x0000709dab5f4000",136246,90987082167311,90987082167701
"MEMORY_ALLOCATION","MEMORY_ALLOCATION_FREE","",0,"0x0000709da0400000",136248,90987082286253,90987082286793
"MEMORY_ALLOCATION","MEMORY_ALLOCATION_FREE","",0,"0x0000709da0000000",136250,90987082293903,90987082294343
"MEMORY_ALLOCATION","MEMORY_ALLOCATION_FREE","",0,"0x0000709dab5f5000",136252,90987082296813,90987082297123
"MEMORY_ALLOCATION","MEMORY_ALLOCATION_FREE","",0,"0x0000709dab5f6000",136254,90987082299613,90987082299943
"MEMORY_ALLOCATION","MEMORY_ALLOCATION_FREE","",0,"0x0000709d9fc00000",136256,90987082336524,90987082336934
"MEMORY_ALLOCATION","MEMORY_ALLOCATION_FREE","",0,"0x0000709da0080000",136258,90987082341254,90987082341614
"MEMORY_ALLOCATION","MEMORY_ALLOCATION_FREE","",0,"0x0000709dab5f7000",136260,90987082344004,90987082344304
"MEMORY_ALLOCATION","MEMORY_ALLOCATION_FREE","",0,"0x0000709dab5f8000",136262,90987082346934,90987082347304
"MEMORY_ALLOCATION","MEMORY_ALLOCATION_FREE","",0,"0x0000709d9f200000",136264,90987082388165,90987082437046
"MEMORY_ALLOCATION","MEMORY_ALLOCATION_FREE","",0,"0x0000709d9ee00000",136266,90987082440436,90987082440836
"MEMORY_ALLOCATION","MEMORY_ALLOCATION_FREE","",0,"0x0000709dab5f9000",136268,90987082443526,90987082443866
"MEMORY_ALLOCATION","MEMORY_ALLOCATION_FREE","",0,"0x0000709dab5fa000",136270,90987082446406,90987082446786
"MEMORY_ALLOCATION","MEMORY_ALLOCATION_FREE","",0,"0x0000709d9d400000",136272,90987082478156,90987082522247
"MEMORY_ALLOCATION","MEMORY_ALLOCATION_FREE","",0,"0x0000709d9ce00000",136274,90987082526407,90987082566758
"MEMORY_ALLOCATION","MEMORY_ALLOCATION_FREE","",0,"0x0000709dab5fb000",136276,90987082569818,90987082570188
"MEMORY_ALLOCATION","MEMORY_ALLOCATION_FREE","",0,"0x0000709dab5fc000",136278,90987082572658,90987082572968
"MEMORY_ALLOCATION","MEMORY_ALLOCATION_FREE","",0,"0x0000709d9b400000",136280,90987082612539,90987082657169
"MEMORY_ALLOCATION","MEMORY_ALLOCATION_FREE","",0,"0x0000709d9ae00000",136282,90987082660589,90987082703950
"MEMORY_ALLOCATION","MEMORY_ALLOCATION_FREE","",0,"0x0000709dab5fd000",136284,90987082706750,90987082707130
"MEMORY_ALLOCATION","MEMORY_ALLOCATION_FREE","",0,"0x0000709dab5fe000",136286,90987082710760,90987082711030
"MEMORY_ALLOCATION","MEMORY_ALLOCATION_FREE","",0,"0x0000709d99400000",136288,90987082749211,90987082792362
"MEMORY_ALLOCATION","MEMORY_ALLOCATION_FREE","",0,"0x0000709d98e00000",136290,90987082796832,90987082836612
"MEMORY_ALLOCATION","MEMORY_ALLOCATION_FREE","",0,"0x0000709dab5ff000",136292,90987082839853,90987082840443
"MEMORY_ALLOCATION","MEMORY_ALLOCATION_FREE","",0,"0x0000709da0100000",136294,90987082843023,90987082843423
"MEMORY_ALLOCATION","MEMORY_ALLOCATION_FREE","",0,"0x0000709da010b000",136296,90987082846753,90987082847113
"MEMORY_ALLOCATION","MEMORY_ALLOCATION_FREE","",0,"0x0000709da010c000",136298,90987082849853,90987082850133
"MEMORY_ALLOCATION","MEMORY_ALLOCATION_FREE","",0,"0x0000709da0110000",136300,90987082852613,90987082853253
"MEMORY_ALLOCATION","MEMORY_ALLOCATION_FREE","",0,"0x0000709da0114000",136302,90987082855783,90987082856063
"MEMORY_ALLOCATION","MEMORY_ALLOCATION_FREE","",0,"0x0000709da011c000",136304,90987082858663,90987082858923
"MEMORY_ALLOCATION","MEMORY_ALLOCATION_FREE","",0,"0x0000709da0120000",136306,90987082861923,90987082862423
"MEMORY_ALLOCATION","MEMORY_ALLOCATION_FREE","",0,"0x0000709da0121000",136308,90987082865003,90987082865303
"MEMORY_ALLOCATION","MEMORY_ALLOCATION_FREE","",0,"0x0000709da0122000",136310,90987082869523,90987082869773
"MEMORY_ALLOCATION","MEMORY_ALLOCATION_FREE","",0,"0x0000709da0126000",136312,90987082872283,90987082872513
"MEMORY_ALLOCATION","MEMORY_ALLOCATION_FREE","",0,"0x0000709da0127000",136314,90987082874963,90987082875273
"MEMORY_ALLOCATION","MEMORY_ALLOCATION_FREE","",0,"0x0000709da012b000",136316,90987082877533,90987082877853
"MEMORY_ALLOCATION","MEMORY_ALLOCATION_FREE","",0,"0x0000709d97c00000",136318,90987082880523,90987082920254
"MEMORY_ALLOCATION","MEMORY_ALLOCATION_FREE","",0,"0x0000709d96a00000",136320,90987082923684,90987082966105
"MEMORY_ALLOCATION","MEMORY_ALLOCATION_FREE","",0,"0x0000709da012c000",136322,90987082969485,90987082969845
"MEMORY_ALLOCATION","MEMORY_ALLOCATION_FREE","",0,"0x0000709da0130000",136324,90987082972175,90987082972405
"MEMORY_ALLOCATION","MEMORY_ALLOCATION_FREE","",0,"0x0000709da0134000",136326,90987082975115,90987082975485
"MEMORY_ALLOCATION","MEMORY_ALLOCATION_FREE","",0,"0x0000709da0138000",136328,90987082978505,90987082978825
"MEMORY_ALLOCATION","MEMORY_ALLOCATION_FREE","",0,"0x0000709da013c000",136330,90987082982465,90987082982715
"MEMORY_ALLOCATION","MEMORY_ALLOCATION_FREE","",0,"0x0000709da0148000",136332,90987082985045,90987082985645
"MEMORY_ALLOCATION","MEMORY_ALLOCATION_FREE","",0,"0x0000709da014c000",136334,90987082988465,90987082988795
"MEMORY_ALLOCATION","MEMORY_ALLOCATION_FREE","",0,"0x0000709d94703000",136336,90987082993895,90987082995225
"MEMORY_ALLOCATION","MEMORY_ALLOCATION_FREE","",0,"0x0000709d9470c000",136338,90987082998255,90987082998785
"MEMORY_ALLOCATION","MEMORY_ALLOCATION_FREE","",0,"0x0000709d94701000",136340,90987083007465,90987083007935
"MEMORY_ALLOCATION","MEMORY_ALLOCATION_FREE","",0,"0x0000709d94702000",136342,90987083010696,90987083011386
"MEMORY_ALLOCATION","MEMORY_ALLOCATION_FREE","",0,"0x0000709d9470b000",136344,90987083013936,90987083014386
"MEMORY_ALLOCATION","MEMORY_ALLOCATION_FREE","",0,"0x0000709d94707000",136346,90987083016896,90987083017296
"MEMORY_ALLOCATION","MEMORY_ALLOCATION_FREE","",0,"0x0000709d95800000",136348,90987083053526,90987083096607
"MEMORY_ALLOCATION","MEMORY_ALLOCATION_FREE","",0,"0x0000709d95400000",136350,90987083102937,90987083103597
"MEMORY_ALLOCATION","MEMORY_ALLOCATION_FREE","",0,"0x0000709da01cd000",136352,90987083106167,90987083106717
"MEMORY_ALLOCATION","MEMORY_ALLOCATION_FREE","",0,"0x0000709da01ce000",136354,90987083109327,90987083109627
"MEMORY_ALLOCATION","MEMORY_ALLOCATION_FREE","",0,"0x0000709da01cf000",136356,90987083147298,90987083147568
"MEMORY_ALLOCATION","MEMORY_ALLOCATION_FREE","",0,"0x0000709da01df000",136358,90987083150878,90987083151208
"MEMORY_ALLOCATION","MEMORY_ALLOCATION_FREE","",0,"0x0000709da01e1000",136360,90987083154068,90987083154368
"MEMORY_ALLOCATION","MEMORY_ALLOCATION_FREE","",0,"0x0000709da01e2000",136362,90987083156868,90987083157138
"MEMORY_ALLOCATION","MEMORY_ALLOCATION_FREE","",0,"0x0000709da01e3000",136364,90987083184489,90987083184749
"MEMORY_ALLOCATION","MEMORY_ALLOCATION_FREE","",0,"0x0000709da01f3000",136366,90987083187479,90987083187809
"MEMORY_ALLOCATION","MEMORY_ALLOCATION_FREE","",0,"0x0000709da01f5000",136368,90987083190059,90987083190379
"MEMORY_ALLOCATION","MEMORY_ALLOCATION_FREE","",0,"0x0000709da01f6000",136370,90987083195069,90987083195329
"MEMORY_ALLOCATION","MEMORY_ALLOCATION_FREE","",0,"0x0000709d94a00000",136372,90987083228839,90987083278910
"MEMORY_ALLOCATION","MEMORY_ALLOCATION_FREE","",0,"0x0000709d94600000",136374,90987083283840,90987083284270
"MEMORY_ALLOCATION","MEMORY_ALLOCATION_FREE","",0,"0x0000709da01f7000",136376,90987083286870,90987083287210
"MEMORY_ALLOCATION","MEMORY_ALLOCATION_FREE","",0,"0x0000709da01f8000",136378,90987083289780,90987083290040
"MEMORY_ALLOCATION","MEMORY_ALLOCATION_FREE","",0,"0x0000709d93c00000",136380,90987083327051,90987083371532
"MEMORY_ALLOCATION","MEMORY_ALLOCATION_FREE","",0,"0x0000709d93800000",136382,90987083374982,90987083375862
"MEMORY_ALLOCATION","MEMORY_ALLOCATION_FREE","",0,"0x0000709da01f9000",136384,90987083378342,90987083378772
"MEMORY_ALLOCATION","MEMORY_ALLOCATION_FREE","",0,"0x0000709da01fa000",136386,90987083381782,90987083382042
"MEMORY_ALLOCATION","MEMORY_ALLOCATION_FREE","",0,"0x0000709d91e00000",136388,90987083421623,90987083481564
"MEMORY_ALLOCATION","MEMORY_ALLOCATION_FREE","",0,"0x0000709d91800000",136390,90987083484464,90987083522195
"MEMORY_ALLOCATION","MEMORY_ALLOCATION_FREE","",0,"0x0000709da01fb000",136392,90987083527075,90987083527495
"MEMORY_ALLOCATION","MEMORY_ALLOCATION_FREE","",0,"0x0000709da01fc000",136394,90987083530215,90987083530575
"MEMORY_ALLOCATION","MEMORY_ALLOCATION_FREE","",0,"0x0000709d8fe00000",136396,90987083571845,90987083614766
"MEMORY_ALLOCATION","MEMORY_ALLOCATION_FREE","",0,"0x0000709d8f800000",136398,90987083618866,90987083660767
"MEMORY_ALLOCATION","MEMORY_ALLOCATION_FREE","",0,"0x0000709da01fd000",136400,90987083663737,90987083664177
"MEMORY_ALLOCATION","MEMORY_ALLOCATION_FREE","",0,"0x0000709da01fe000",136402,90987083666807,90987083667087
"MEMORY_ALLOCATION","MEMORY_ALLOCATION_FREE","",0,"0x0000709d8de00000",136404,90987083701578,90987083745378
"MEMORY_ALLOCATION","MEMORY_ALLOCATION_FREE","",0,"0x0000709d8d800000",136406,90987083748518,90987083785219
"MEMORY_ALLOCATION","MEMORY_ALLOCATION_FREE","",0,"0x0000709da01ff000",136408,90987083788249,90987083788739
"MEMORY_ALLOCATION","MEMORY_ALLOCATION_FREE","",0,"0x0000709d94700000",136410,90987083791599,90987083792159
"MEMORY_ALLOCATION","MEMORY_ALLOCATION_FREE","",0,"0x0000709d9472c000",136412,90987083794869,90987083795159
"MEMORY_ALLOCATION","MEMORY_ALLOCATION_FREE","",0,"0x0000709d8d400000",136414,90987083797639,90987083797889
"MEMORY_ALLOCATION","MEMORY_ALLOCATION_FREE","",0,"0x0000709d9474c000",136416,90987083800389,90987083800769
"MEMORY_ALLOCATION","MEMORY_ALLOCATION_FREE","",0,"0x0000709d94750000",136418,90987083803279,90987083803569
"MEMORY_ALLOCATION","MEMORY_ALLOCATION_FREE","",0,"0x0000709d94754000",136420,90987083806210,90987083806590
"MEMORY_ALLOCATION","MEMORY_ALLOCATION_FREE","",0,"0x0000709d9475c000",136422,90987083810280,90987083810560
"MEMORY_ALLOCATION","MEMORY_ALLOCATION_FREE","",0,"0x0000709d94764000",136424,90987083813240,90987083813560
"MEMORY_ALLOCATION","MEMORY_ALLOCATION_FREE","",0,"0x0000709d94768000",136426,90987083815930,90987083816210
"MEMORY_ALLOCATION","MEMORY_ALLOCATION_FREE","",0,"0x0000709d9476a000",136428,90987083819900,90987083820420
"MEMORY_ALLOCATION","MEMORY_ALLOCATION_FREE","",0,"0x0000709d9476c000",136430,90987083823990,90987083824220
"MEMORY_ALLOCATION","MEMORY_ALLOCATION_FREE","",0,"0x0000709d94770000",136432,90987083826640,90987083827060
"MEMORY_ALLOCATION","MEMORY_ALLOCATION_FREE","",0,"0x0000709d94771000",136434,90987083829400,90987083829630
"MEMORY_ALLOCATION","MEMORY_ALLOCATION_FREE","",0,"0x0000709d94772000",136436,90987083832220,90987083832700
"MEMORY_ALLOCATION","MEMORY_ALLOCATION_FREE","",0,"0x0000709d94776000",136438,90987083835490,90987083836100
"MEMORY_ALLOCATION","MEMORY_ALLOCATION_FREE","",0,"0x0000709d9477a000",136440,90987083838670,90987083838950
"MEMORY_ALLOCATION","MEMORY_ALLOCATION_FREE","",0,"0x0000709d9477e000",136442,90987083841500,90987083841760
"MEMORY_ALLOCATION","MEMORY_ALLOCATION_FREE","",0,"0x0000709d94782000",136444,90987083844850,90987083845120
"MEMORY_ALLOCATION","MEMORY_ALLOCATION_FREE","",0,"0x0000709d9478e000",136446,90987083848610,90987083848930
"MEMORY_ALLOCATION","MEMORY_ALLOCATION_FREE","",0,"0x0000709d947c8000",136448,90987083853440,90987083854020
"MEMORY_ALLOCATION","MEMORY_ALLOCATION_FREE","",0,"0x0000709d947d1000",136450,90987083857170,90987083857450
"MEMORY_ALLOCATION","MEMORY_ALLOCATION_FREE","",0,"0x0000709d947c6000",136452,90987083860150,90987083860440
"MEMORY_ALLOCATION","MEMORY_ALLOCATION_FREE","",0,"0x0000709d947c7000",136454,90987083863131,90987083863671
"MEMORY_ALLOCATION","MEMORY_ALLOCATION_FREE","",0,"0x0000709d947d0000",136456,90987083866701,90987083867261
"MEMORY_ALLOCATION","MEMORY_ALLOCATION_FREE","",0,"0x0000709d947cc000",136458,90987083870031,90987083870441
"MEMORY_ALLOCATION","MEMORY_ALLOCATION_FREE","",0,"0x0000709d8c200000",136460,90987083910401,90987083953512
"MEMORY_ALLOCATION","MEMORY_ALLOCATION_FREE","",0,"0x0000709d8be00000",136462,90987083956892,90987083957302
"MEMORY_ALLOCATION","MEMORY_ALLOCATION_FREE","",0,"0x0000709d94792000",136464,90987083960012,90987083960742
"MEMORY_ALLOCATION","MEMORY_ALLOCATION_FREE","",0,"0x0000709d94793000",136466,90987083964732,90987083965052
"MEMORY_ALLOCATION","MEMORY_ALLOCATION_FREE","",0,"0x0000709d94794000",136468,90987084038084,90987084039044
"MEMORY_ALLOCATION","MEMORY_ALLOCATION_FREE","",0,"0x0000709d947a4000",136470,90987084042534,90987084042804
"MEMORY_ALLOCATION","MEMORY_ALLOCATION_FREE","",0,"0x0000709d947a6000",136472,90987084045254,90987084045504
"MEMORY_ALLOCATION","MEMORY_ALLOCATION_FREE","",0,"0x0000709d947a7000",136474,90987084048344,90987084048594
"MEMORY_ALLOCATION","MEMORY_ALLOCATION_FREE","",0,"0x0000709d947a8000",136476,90987084084554,90987084084894
"MEMORY_ALLOCATION","MEMORY_ALLOCATION_FREE","",0,"0x0000709d947b8000",136478,90987084087354,90987084087634
"MEMORY_ALLOCATION","MEMORY_ALLOCATION_FREE","",0,"0x0000709d947ba000",136480,90987084091154,90987084091475
"MEMORY_ALLOCATION","MEMORY_ALLOCATION_FREE","",0,"0x0000709d947bb000",136482,90987084094225,90987084094475
"MEMORY_ALLOCATION","MEMORY_ALLOCATION_FREE","",0,"0x0000709d8b400000",136484,90987084126585,90987084175216
"MEMORY_ALLOCATION","MEMORY_ALLOCATION_FREE","",0,"0x0000709d8b000000",136486,90987084181686,90987084182686
"MEMORY_ALLOCATION","MEMORY_ALLOCATION_FREE","",0,"0x0000709d947bc000",136488,90987084185346,90987084185806
"MEMORY_ALLOCATION","MEMORY_ALLOCATION_FREE","",0,"0x0000709d947bd000",136490,90987084188346,90987084188676
"MEMORY_ALLOCATION","MEMORY_ALLOCATION_FREE","",0,"0x0000709d8a600000",136492,90987084228617,90987084272718
"MEMORY_ALLOCATION","MEMORY_ALLOCATION_FREE","",0,"0x0000709d8a200000",136494,90987084275988,90987084276468
"MEMORY_ALLOCATION","MEMORY_ALLOCATION_FREE","",0,"0x0000709d947be000",136496,90987084278948,90987084279418
"MEMORY_ALLOCATION","MEMORY_ALLOCATION_FREE","",0,"0x0000709d947bf000",136498,90987084281938,90987084282218
"MEMORY_ALLOCATION","MEMORY_ALLOCATION_FREE","",0,"0x0000709d88800000",136500,90987084341919,90987084395490
"MEMORY_ALLOCATION","MEMORY_ALLOCATION_FREE","",0,"0x0000709d88200000",136502,90987084399830,90987084441491
"MEMORY_ALLOCATION","MEMORY_ALLOCATION_FREE","",0,"0x0000709d947c0000",136504,90987084444701,90987084445071
"MEMORY_ALLOCATION","MEMORY_ALLOCATION_FREE","",0,"0x0000709d947c1000",136506,90987084447501,90987084447751
"MEMORY_ALLOCATION","MEMORY_ALLOCATION_FREE","",0,"0x0000709d86800000",136508,90987084486011,90987084529742
"MEMORY_ALLOCATION","MEMORY_ALLOCATION_FREE","",0,"0x0000709d86200000",136510,90987084533792,90987084574203
"MEMORY_ALLOCATION","MEMORY_ALLOCATION_FREE","",0,"0x0000709d947c2000",136512,90987084577253,90987084577723
"MEMORY_ALLOCATION","MEMORY_ALLOCATION_FREE","",0,"0x0000709d947c3000",136514,90987084580583,90987084580963
"MEMORY_ALLOCATION","MEMORY_ALLOCATION_FREE","",0,"0x0000709d84800000",136516,90987084617604,90987084663584
"MEMORY_ALLOCATION","MEMORY_ALLOCATION_FREE","",0,"0x0000709d84200000",136518,90987084669215,90987084707995
"MEMORY_ALLOCATION","MEMORY_ALLOCATION_FREE","",0,"0x0000709d947c4000",136520,90987084711695,90987084712105
"MEMORY_ALLOCATION","MEMORY_ALLOCATION_FREE","",0,"0x0000709d947c5000",136522,90987084714505,90987084714845
"MEMORY_ALLOCATION","MEMORY_ALLOCATION_FREE","",0,"0x0000709d8b100000",136524,90987084718185,90987084718715
"MEMORY_ALLOCATION","MEMORY_ALLOCATION_FREE","",0,"0x0000709d83e00000",136526,90987084721755,90987084722375
"MEMORY_ALLOCATION","MEMORY_ALLOCATION_FREE","",0,"0x0000709d947f1000",136528,90987084724946,90987084725256
"MEMORY_ALLOCATION","MEMORY_ALLOCATION_FREE","",0,"0x0000709d947f5000",136530,90987084727786,90987084728066
"MEMORY_ALLOCATION","MEMORY_ALLOCATION_FREE","",0,"0x0000709d8b120000",136532,90987084730696,90987084731046
"MEMORY_ALLOCATION","MEMORY_ALLOCATION_FREE","",0,"0x0000709d8b128000",136534,90987084734776,90987084735066
"MEMORY_ALLOCATION","MEMORY_ALLOCATION_FREE","",0,"0x0000709d947f9000",136536,90987084737726,90987084738006
"MEMORY_ALLOCATION","MEMORY_ALLOCATION_FREE","",0,"0x0000709d947fd000",136538,90987084740496,90987084740786
"MEMORY_ALLOCATION","MEMORY_ALLOCATION_FREE","",0,"0x0000709d8b130000",136540,90987084743396,90987084743756
"MEMORY_ALLOCATION","MEMORY_ALLOCATION_FREE","",0,"0x0000709d8b132000",136542,90987084746236,90987084746526
"MEMORY_ALLOCATION","MEMORY_ALLOCATION_FREE","",0,"0x0000709d947ff000",136544,90987084749076,90987084749496
"MEMORY_ALLOCATION","MEMORY_ALLOCATION_FREE","",0,"0x0000709d8b136000",136546,90987084751966,90987084752266
"MEMORY_ALLOCATION","MEMORY_ALLOCATION_FREE","",0,"0x0000709d8b137000",136548,90987084754846,90987084755136
"MEMORY_ALLOCATION","MEMORY_ALLOCATION_FREE","",0,"0x0000709d8b13b000",136550,90987084759176,90987084759496
"MEMORY_ALLOCATION","MEMORY_ALLOCATION_FREE","",0,"0x0000709d8b13f000",136552,90987084762196,90987084762536
"MEMORY_ALLOCATION","MEMORY_ALLOCATION_FREE","",0,"0x0000709d8b143000",136554,90987084764956,90987084765186
"MEMORY_ALLOCATION","MEMORY_ALLOCATION_FREE","",0,"0x0000709d8b147000",136556,90987084767426,90987084767666
"MEMORY_ALLOCATION","MEMORY_ALLOCATION_FREE","",0,"0x0000709d8b153000",136558,90987084770416,90987084770836
"MEMORY_ALLOCATION","MEMORY_ALLOCATION_FREE","",0,"0x0000709d8b18d000",136560,90987084775626,90987084776626
"MEMORY_ALLOCATION","MEMORY_ALLOCATION_FREE","",0,"0x0000709d8b196000",136562,90987084780347,90987084780867
"MEMORY_ALLOCATION","MEMORY_ALLOCATION_FREE","",0,"0x0000709d8b18b000",136564,90987084783707,90987084784107
"MEMORY_ALLOCATION","MEMORY_ALLOCATION_FREE","",0,"0x0000709d8b18c000",136566,90987084786857,90987084787717
"MEMORY_ALLOCATION","MEMORY_ALLOCATION_FREE","",0,"0x0000709d8b195000",136568,90987084790597,90987084790907
"MEMORY_ALLOCATION","MEMORY_ALLOCATION_FREE","",0,"0x0000709d8b191000",136570,90987084793597,90987084794047
"MEMORY_ALLOCATION","MEMORY_ALLOCATION_FREE","",0,"0x0000709d82c00000",136572,90987084834927,90987084878278
"MEMORY_ALLOCATION","MEMORY_ALLOCATION_FREE","",0,"0x0000709d82800000",136574,90987084882308,90987084882828
"MEMORY_ALLOCATION","MEMORY_ALLOCATION_FREE","",0,"0x0000709d8b157000",136576,90987084885458,90987084885798
"MEMORY_ALLOCATION","MEMORY_ALLOCATION_FREE","",0,"0x0000709d8b158000",136578,90987084893278,90987084893538
"MEMORY_ALLOCATION","MEMORY_ALLOCATION_FREE","",0,"0x0000709d8b159000",136580,90987084932229,90987084932589
"MEMORY_ALLOCATION","MEMORY_ALLOCATION_FREE","",0,"0x0000709d8b169000",136582,90987084935249,90987084935939
"MEMORY_ALLOCATION","MEMORY_ALLOCATION_FREE","",0,"0x0000709d8b16b000",136584,90987084938649,90987084938989
"MEMORY_ALLOCATION","MEMORY_ALLOCATION_FREE","",0,"0x0000709d8b16c000",136586,90987084941819,90987084942189
"MEMORY_ALLOCATION","MEMORY_ALLOCATION_FREE","",0,"0x0000709d8b16d000",136588,90987084979360,90987084979630
"MEMORY_ALLOCATION","MEMORY_ALLOCATION_FREE","",0,"0x0000709d8b17d000",136590,90987084983110,90987084983470
"MEMORY_ALLOCATION","MEMORY_ALLOCATION_FREE","",0,"0x0000709d8b17f000",136592,90987084986220,90987084986570
"MEMORY_ALLOCATION","MEMORY_ALLOCATION_FREE","",0,"0x0000709d8b180000",136594,90987084989060,90987084989340
"MEMORY_ALLOCATION","MEMORY_ALLOCATION_FREE","",0,"0x0000709d81e00000",136596,90987085030571,90987085074622
"MEMORY_ALLOCATION","MEMORY_ALLOCATION_FREE","",0,"0x0000709d81a00000",136598,90987085214964,90987085215944
"MEMORY_ALLOCATION","MEMORY_ALLOCATION_FREE","",0,"0x0000709d8b181000",136600,90987085219024,90987085219424
"MEMORY_ALLOCATION","MEMORY_ALLOCATION_FREE","",0,"0x0000709d8b182000",136602,90987085222114,90987085222464
"MEMORY_ALLOCATION","MEMORY_ALLOCATION_FREE","",0,"0x0000709d81000000",136604,90987085267085,90987085314876
"MEMORY_ALLOCATION","MEMORY_ALLOCATION_FREE","",0,"0x0000709d80c00000",136606,90987085318126,90987085318536
"MEMORY_ALLOCATION","MEMORY_ALLOCATION_FREE","",0,"0x0000709d8b183000",136608,90987085328316,90987085328706
"MEMORY_ALLOCATION","MEMORY_ALLOCATION_FREE","",0,"0x0000709d8b184000",136610,90987085331266,90987085331716
"MEMORY_ALLOCATION","MEMORY_ALLOCATION_FREE","",0,"0x0000709d7f200000",136612,90987085367827,90987085413678
"MEMORY_ALLOCATION","MEMORY_ALLOCATION_FREE","",0,"0x0000709d7ec00000",136614,90987085417978,90987085467379
"MEMORY_ALLOCATION","MEMORY_ALLOCATION_FREE","",0,"0x0000709d8b185000",136616,90987085470749,90987085471179
"MEMORY_ALLOCATION","MEMORY_ALLOCATION_FREE","",0,"0x0000709d8b186000",136618,90987085473609,90987085473939
"MEMORY_ALLOCATION","MEMORY_ALLOCATION_FREE","",0,"0x0000709d7d200000",136620,90987085511429,90987085553660
"MEMORY_ALLOCATION","MEMORY_ALLOCATION_FREE","",0,"0x0000709d7cc00000",136622,90987085556830,90987085596341
"MEMORY_ALLOCATION","MEMORY_ALLOCATION_FREE","",0,"0x0000709d8b187000",136624,90987085599801,90987085600171
"MEMORY_ALLOCATION","MEMORY_ALLOCATION_FREE","",0,"0x0000709d8b188000",136626,90987085602771,90987085603171
"MEMORY_ALLOCATION","MEMORY_ALLOCATION_FREE","",0,"0x0000709d7b200000",136628,90987085640622,90987085682632
"MEMORY_ALLOCATION","MEMORY_ALLOCATION_FREE","",0,"0x0000709d7ac00000",136630,90987085687562,90987085727633
"MEMORY_ALLOCATION","MEMORY_ALLOCATION_FREE","",0,"0x0000709d8b189000",136632,90987085730843,90987085731243
"MEMORY_ALLOCATION","MEMORY_ALLOCATION_FREE","",0,"0x0000709d8b18a000",136634,90987085733843,90987085734213
"MEMORY_ALLOCATION","MEMORY_ALLOCATION_FREE","",0,"0x0000709d8b1b6000",136636,90987085736853,90987085737113
"MEMORY_ALLOCATION","MEMORY_ALLOCATION_FREE","",0,"0x0000709d7a800000",136638,90987085740023,90987085740583
"MEMORY_ALLOCATION","MEMORY_ALLOCATION_FREE","",0,"0x0000709d8b1d6000",136640,90987085743063,90987085743413
"MEMORY_ALLOCATION","MEMORY_ALLOCATION_FREE","",0,"0x0000709d8b1da000",136642,90987085745953,90987085746283
"MEMORY_ALLOCATION","MEMORY_ALLOCATION_FREE","",0,"0x0000709d8b1de000",136644,90987085748684,90987085749014
"MEMORY_ALLOCATION","MEMORY_ALLOCATION_FREE","",0,"0x0000709d8b1e6000",136646,90987085752584,90987085752914
"MEMORY_ALLOCATION","MEMORY_ALLOCATION_FREE","",0,"0x0000709d8b1ee000",136648,90987085756024,90987085756284
"MEMORY_ALLOCATION","MEMORY_ALLOCATION_FREE","",0,"0x0000709d8b1f2000",136650,90987085758834,90987085759164
"MEMORY_ALLOCATION","MEMORY_ALLOCATION_FREE","",0,"0x0000709d8b1f4000",136652,90987085761704,90987085762034
"MEMORY_ALLOCATION","MEMORY_ALLOCATION_FREE","",0,"0x0000709d8b1f6000",136654,90987085764564,90987085764844
"MEMORY_ALLOCATION","MEMORY_ALLOCATION_FREE","",0,"0x0000709d8b1fa000",136656,90987085767234,90987085767484
"MEMORY_ALLOCATION","MEMORY_ALLOCATION_FREE","",0,"0x0000709d8b1fb000",136658,90987085770014,90987085770304
"MEMORY_ALLOCATION","MEMORY_ALLOCATION_FREE","",0,"0x0000709d8b1fc000",136660,90987085772874,90987085773164
"MEMORY_ALLOCATION","MEMORY_ALLOCATION_FREE","",0,"0x0000709d81b00000",136662,90987085777024,90987085777584
"MEMORY_ALLOCATION","MEMORY_ALLOCATION_FREE","",0,"0x0000709d81b04000",136664,90987085780384,90987085780684
"MEMORY_ALLOCATION","MEMORY_ALLOCATION_FREE","",0,"0x0000709d81b08000",136666,90987085783764,90987085784204
"MEMORY_ALLOCATION","MEMORY_ALLOCATION_FREE","",0,"0x0000709d81b0c000",136668,90987085786724,90987085787134
"MEMORY_ALLOCATION","MEMORY_ALLOCATION_FREE","",0,"0x0000709d81b18000",136670,90987085790364,90987085791354
"MEMORY_ALLOCATION","MEMORY_ALLOCATION_FREE","",0,"0x0000709d81baa000",136672,90987085795694,90987085796404
"MEMORY_ALLOCATION","MEMORY_ALLOCATION_FREE","",0,"0x0000709d81bae000",136674,90987085799184,90987085799734
"MEMORY_ALLOCATION","MEMORY_ALLOCATION_FREE","",0,"0x0000709d81baf000",136676,90987085802404,90987085802984
"MEMORY_ALLOCATION","MEMORY_ALLOCATION_FREE","",0,"0x0000709d81bb0000",136678,90987085805625,90987085805885
"MEMORY_ALLOCATION","MEMORY_ALLOCATION_FREE","",0,"0x0000709d79600000",136680,90987085837255,90987085880916
"MEMORY_ALLOCATION","MEMORY_ALLOCATION_FREE","",0,"0x0000709d79200000",136682,90987085884016,90987085884436
"MEMORY_ALLOCATION","MEMORY_ALLOCATION_FREE","",0,"0x0000709d81b1c000",136684,90987085889276,90987085889616
"MEMORY_ALLOCATION","MEMORY_ALLOCATION_FREE","",0,"0x0000709d81b1d000",136686,90987085892326,90987085892686
"MEMORY_ALLOCATION","MEMORY_ALLOCATION_FREE","",0,"0x0000709d78e00000",136688,90987085923727,90987085924367
"MEMORY_ALLOCATION","MEMORY_ALLOCATION_FREE","",0,"0x0000709d81b1e000",136690,90987085929077,90987085929357
"MEMORY_ALLOCATION","MEMORY_ALLOCATION_FREE","",0,"0x0000709d81b9e000",136692,90987085932177,90987085932597
"MEMORY_ALLOCATION","MEMORY_ALLOCATION_FREE","",0,"0x0000709d81b9f000",136694,90987085934987,90987085935237
"MEMORY_ALLOCATION","MEMORY_ALLOCATION_FREE","",0,"0x0000709d78a00000",136696,90987085974217,90987085974567
"MEMORY_ALLOCATION","MEMORY_ALLOCATION_FREE","",0,"0x0000709d78600000",136698,90987085978208,90987085979498
"MEMORY_ALLOCATION","MEMORY_ALLOCATION_FREE","",0,"0x0000709d81ba0000",136700,90987085981988,90987085982278
"MEMORY_ALLOCATION","MEMORY_ALLOCATION_FREE","",0,"0x0000709d81ba1000",136702,90987085985228,90987085985488
"MEMORY_ALLOCATION","MEMORY_ALLOCATION_FREE","",0,"0x0000709d77c00000",136704,90987086057959,90987086104240
"MEMORY_ALLOCATION","MEMORY_ALLOCATION_FREE","",0,"0x0000709d77800000",136706,90987086108290,90987086108650
"MEMORY_ALLOCATION","MEMORY_ALLOCATION_FREE","",0,"0x0000709d81ba2000",136708,90987086111810,90987086112260
"MEMORY_ALLOCATION","MEMORY_ALLOCATION_FREE","",0,"0x0000709d81ba3000",136710,90987086114740,90987086115000
"MEMORY_ALLOCATION","MEMORY_ALLOCATION_FREE","",0,"0x0000709d75e00000",136712,90987086150981,90987086192661
"MEMORY_ALLOCATION","MEMORY_ALLOCATION_FREE","",0,"0x0000709d75800000",136714,90987086195951,90987086235062
"MEMORY_ALLOCATION","MEMORY_ALLOCATION_FREE","",0,"0x0000709d81ba4000",136716,90987086239552,90987086239972
"MEMORY_ALLOCATION","MEMORY_ALLOCATION_FREE","",0,"0x0000709d81ba5000",136718,90987086242472,90987086242762
"MEMORY_ALLOCATION","MEMORY_ALLOCATION_FREE","",0,"0x0000709d73e00000",136720,90987086280703,90987086324364
"MEMORY_ALLOCATION","MEMORY_ALLOCATION_FREE","",0,"0x0000709d73800000",136722,90987086327654,90987086363734
"MEMORY_ALLOCATION","MEMORY_ALLOCATION_FREE","",0,"0x0000709d81ba6000",136724,90987086366974,90987086367514
"MEMORY_ALLOCATION","MEMORY_ALLOCATION_FREE","",0,"0x0000709d81ba7000",136726,90987086370184,90987086370584
"MEMORY_ALLOCATION","MEMORY_ALLOCATION_FREE","",0,"0x0000709d71e00000",136728,90987086410475,90987086454326
"MEMORY_ALLOCATION","MEMORY_ALLOCATION_FREE","",0,"0x0000709d71800000",136730,90987086465096,90987086509657
"MEMORY_ALLOCATION","MEMORY_ALLOCATION_FREE","",0,"0x0000709d81ba8000",136732,90987086512687,90987086513107
"MEMORY_ALLOCATION","MEMORY_ALLOCATION_FREE","",0,"0x0000709d81ba9000",136734,90987086515657,90987086515987
"MEMORY_ALLOCATION","MEMORY_ALLOCATION_FREE","",0,"0x0000709d81bb4000",136736,90987086518797,90987086519617
"MEMORY_ALLOCATION","MEMORY_ALLOCATION_FREE","",0,"0x0000709d81bb5000",136738,90987086522057,90987086522307
"MEMORY_ALLOCATION","MEMORY_ALLOCATION_FREE","",0,"0x0000709d81bb9000",136740,90987086524577,90987086524907
"MEMORY_ALLOCATION","MEMORY_ALLOCATION_FREE","",0,"0x0000709d81bbd000",136742,90987086527767,90987086528037
"MEMORY_ALLOCATION","MEMORY_ALLOCATION_FREE","",0,"0x0000709d81bc5000",136744,90987086530607,90987086530887
"MEMORY_ALLOCATION","MEMORY_ALLOCATION_FREE","",0,"0x0000709d81bc9000",136746,90987086533387,90987086533627
"MEMORY_ALLOCATION","MEMORY_ALLOCATION_FREE","",0,"0x0000709d81bca000",136748,90987086536077,90987086536397
"MEMORY_ALLOCATION","MEMORY_ALLOCATION_FREE","",0,"0x0000709d81bcb000",136750,90987086539997,90987086540247
"MEMORY_ALLOCATION","MEMORY_ALLOCATION_FREE","",0,"0x0000709d81bcf000",136752,90987086543257,90987086543577
"MEMORY_ALLOCATION","MEMORY_ALLOCATION_FREE","",0,"0x0000709d81bd0000",136754,90987086546097,90987086546357
"MEMORY_ALLOCATION","MEMORY_ALLOCATION_FREE","",0,"0x0000709d81bd4000",136756,90987086548677,90987086548947
"MEMORY_ALLOCATION","MEMORY_ALLOCATION_FREE","",0,"0x0000709d70600000",136758,90987086551508,90987086596558
"MEMORY_ALLOCATION","MEMORY_ALLOCATION_FREE","",0,"0x0000709d6f400000",136760,90987086599848,90987086640069
"MEMORY_ALLOCATION","MEMORY_ALLOCATION_FREE","",0,"0x0000709d81bd5000",136762,90987086643069,90987086643429
"MEMORY_ALLOCATION","MEMORY_ALLOCATION_FREE","",0,"0x0000709d81bd9000",136764,90987086645959,90987086646339
"MEMORY_ALLOCATION","MEMORY_ALLOCATION_FREE","",0,"0x0000709d81bdd000",136766,90987086648679,90987086648919
"MEMORY_ALLOCATION","MEMORY_ALLOCATION_FREE","",0,"0x0000709d81be1000",136768,90987086651189,90987086651449
"MEMORY_ALLOCATION","MEMORY_ALLOCATION_FREE","",0,"0x0000709d81be5000",136770,90987086654939,90987086655189
"MEMORY_ALLOCATION","MEMORY_ALLOCATION_FREE","",0,"0x0000709d81bf1000",136772,90987086657659,90987086657979
"MEMORY_ALLOCATION","MEMORY_ALLOCATION_FREE","",0,"0x0000709d78680000",136774,90987086660349,90987086661059
"MEMORY_ALLOCATION","MEMORY_ALLOCATION_FREE","",0,"0x0000709d7872c000",136776,90987086665410,90987086666310
"MEMORY_ALLOCATION","MEMORY_ALLOCATION_FREE","",0,"0x0000709d78735000",136778,90987086669460,90987086669930
"MEMORY_ALLOCATION","MEMORY_ALLOCATION_FREE","",0,"0x0000709d7872a000",136780,90987086672790,90987086673230
"MEMORY_ALLOCATION","MEMORY_ALLOCATION_FREE","",0,"0x0000709d7872b000",136782,90987086676160,90987086676960
"MEMORY_ALLOCATION","MEMORY_ALLOCATION_FREE","",0,"0x0000709d78734000",136784,90987086680130,90987086680730
"MEMORY_ALLOCATION","MEMORY_ALLOCATION_FREE","",0,"0x0000709d78730000",136786,90987086683350,90987086683790
"MEMORY_ALLOCATION","MEMORY_ALLOCATION_FREE","",0,"0x0000709d6e200000",136788,90987086725031,90987086768231
"MEMORY_ALLOCATION","MEMORY_ALLOCATION_FREE","",0,"0x0000709d6de00000",136790,90987086771701,90987086772071
"MEMORY_ALLOCATION","MEMORY_ALLOCATION_FREE","",0,"0x0000709d81bf5000",136792,90987086774481,90987086774821
"MEMORY_ALLOCATION","MEMORY_ALLOCATION_FREE","",0,"0x0000709d81bf6000",136794,90987086779362,90987086779762
"MEMORY_ALLOCATION","MEMORY_ALLOCATION_FREE","",0,"0x0000709d78701000",136796,90987086817702,90987086818092
"MEMORY_ALLOCATION","MEMORY_ALLOCATION_FREE","",0,"0x0000709d81bf7000",136798,90987086820672,90987086820992
"MEMORY_ALLOCATION","MEMORY_ALLOCATION_FREE","",0,"0x0000709d81bf9000",136800,90987086823922,90987086824252
"MEMORY_ALLOCATION","MEMORY_ALLOCATION_FREE","",0,"0x0000709d81bfa000",136802,90987086826992,90987086827232
"MEMORY_ALLOCATION","MEMORY_ALLOCATION_FREE","",0,"0x0000709d78711000",136804,90987086859543,90987086859883
"MEMORY_ALLOCATION","MEMORY_ALLOCATION_FREE","",0,"0x0000709d81bfb000",136806,90987086862483,90987086862793
"MEMORY_ALLOCATION","MEMORY_ALLOCATION_FREE","",0,"0x0000709d81bfd000",136808,90987086865653,90987086865933
"MEMORY_ALLOCATION","MEMORY_ALLOCATION_FREE","",0,"0x0000709d81bfe000",136810,90987086868313,90987086868633
"MEMORY_ALLOCATION","MEMORY_ALLOCATION_FREE","",0,"0x0000709d6d400000",136812,90987086906184,90987086951945
"MEMORY_ALLOCATION","MEMORY_ALLOCATION_FREE","",0,"0x0000709d6d000000",136814,90987086956825,90987086957255
"MEMORY_ALLOCATION","MEMORY_ALLOCATION_FREE","",0,"0x0000709d81bff000",136816,90987086960105,90987086960535
"MEMORY_ALLOCATION","MEMORY_ALLOCATION_FREE","",0,"0x0000709d78721000",136818,90987086963165,90987086963525
"MEMORY_ALLOCATION","MEMORY_ALLOCATION_FREE","",0,"0x0000709d6c600000",136820,90987087008556,90987087052136
"MEMORY_ALLOCATION","MEMORY_ALLOCATION_FREE","",0,"0x0000709d6c200000",136822,90987087055406,90987087055786
"MEMORY_ALLOCATION","MEMORY_ALLOCATION_FREE","",0,"0x0000709d78722000",136824,90987087061186,90987087061556
"MEMORY_ALLOCATION","MEMORY_ALLOCATION_FREE","",0,"0x0000709d78723000",136826,90987087064026,90987087064336
"MEMORY_ALLOCATION","MEMORY_ALLOCATION_FREE","",0,"0x0000709d6a800000",136828,90987087102487,90987087143538
"MEMORY_ALLOCATION","MEMORY_ALLOCATION_FREE","",0,"0x0000709d6a200000",136830,90987087146778,90987087189859
"MEMORY_ALLOCATION","MEMORY_ALLOCATION_FREE","",0,"0x0000709d78724000",136832,90987087192789,90987087193219
"MEMORY_ALLOCATION","MEMORY_ALLOCATION_FREE","",0,"0x0000709d78725000",136834,90987087196009,90987087196329
"MEMORY_ALLOCATION","MEMORY_ALLOCATION_FREE","",0,"0x0000709d68800000",136836,90987087237910,90987087280140
"MEMORY_ALLOCATION","MEMORY_ALLOCATION_FREE","",0,"0x0000709d68200000",136838,90987087284130,90987087327171
"MEMORY_ALLOCATION","MEMORY_ALLOCATION_FREE","",0,"0x0000709d78726000",136840,90987087330941,90987087331381
"MEMORY_ALLOCATION","MEMORY_ALLOCATION_FREE","",0,"0x0000709d78727000",136842,90987087333971,90987087334221
"MEMORY_ALLOCATION","MEMORY_ALLOCATION_FREE","",0,"0x0000709d66800000",136844,90987087373962,90987087417473
"MEMORY_ALLOCATION","MEMORY_ALLOCATION_FREE","",0,"0x0000709d66200000",136846,90987087421673,90987087462603
"MEMORY_ALLOCATION","MEMORY_ALLOCATION_FREE","",0,"0x0000709d78728000",136848,90987087466054,90987087466404
"MEMORY_ALLOCATION","MEMORY_ALLOCATION_FREE","",0,"0x0000709d78729000",136850,90987087468864,90987087469344
"MEMORY_ALLOCATION","MEMORY_ALLOCATION_FREE","",0,"0x0000709d78755000",136852,90987087472484,90987087472964
"MEMORY_ALLOCATION","MEMORY_ALLOCATION_FREE","",0,"0x0000709d65e00000",136854,90987087476024,90987087476524
"MEMORY_ALLOCATION","MEMORY_ALLOCATION_FREE","",0,"0x0000709d78775000",136856,90987087479064,90987087479374
"MEMORY_ALLOCATION","MEMORY_ALLOCATION_FREE","",0,"0x0000709d78779000",136858,90987087481964,90987087482274
"MEMORY_ALLOCATION","MEMORY_ALLOCATION_FREE","",0,"0x0000709d7877d000",136860,90987087484854,90987087485204
"MEMORY_ALLOCATION","MEMORY_ALLOCATION_FREE","",0,"0x0000709d78785000",136862,90987087489004,90987087489314
"MEMORY_ALLOCATION","MEMORY_ALLOCATION_FREE","",0,"0x0000709d7878d000",136864,90987087491824,90987087492064
"MEMORY_ALLOCATION","MEMORY_ALLOCATION_FREE","",0,"0x0000709d78791000",136866,90987087494814,90987087495224
"MEMORY_ALLOCATION","MEMORY_ALLOCATION_FREE","",0,"0x0000709d78793000",136868,90987087497684,90987087497884
"MEMORY_ALLOCATION","MEMORY_ALLOCATION_FREE","",0,"0x0000709d78795000",136870,90987087500454,90987087500784
"MEMORY_ALLOCATION","MEMORY_ALLOCATION_FREE","",0,"0x0000709d78799000",136872,90987087503384,90987087503594
"MEMORY_ALLOCATION","MEMORY_ALLOCATION_FREE","",0,"0x0000709d7879a000",136874,90987087506054,90987087506304
"MEMORY_ALLOCATION","MEMORY_ALLOCATION_FREE","",0,"0x0000709d7879b000",136876,90987087510634,90987087510864
"MEMORY_ALLOCATION","MEMORY_ALLOCATION_FREE","",0,"0x0000709d7879f000",136878,90987087513554,90987087513994
"MEMORY_ALLOCATION","MEMORY_ALLOCATION_FREE","",0,"0x0000709d787a3000",136880,90987087516504,90987087516724
"MEMORY_ALLOCATION","MEMORY_ALLOCATION_FREE","",0,"0x0000709d787a7000",136882,90987087519284,90987087519794
"MEMORY_ALLOCATION","MEMORY_ALLOCATION_FREE","",0,"0x0000709d787ab000",136884,90987087522285,90987087522605
"MEMORY_ALLOCATION","MEMORY_ALLOCATION_FREE","",0,"0x0000709d787b7000",136886,90987087525845,90987087526255
"MEMORY_ALLOCATION","MEMORY_ALLOCATION_FREE","",0,"0x0000709d787f1000",136888,90987087530125,90987087530815
"MEMORY_ALLOCATION","MEMORY_ALLOCATION_FREE","",0,"0x0000709d5cc00000",136890,90987087534395,90987087535805
"MEMORY_ALLOCATION","MEMORY_ALLOCATION_FREE","",0,"0x0000709d787ef000",136892,90987087538635,90987087538995
"MEMORY_ALLOCATION","MEMORY_ALLOCATION_FREE","",0,"0x0000709d787f0000",136894,90987087542055,90987087542705
"MEMORY_ALLOCATION","MEMORY_ALLOCATION_FREE","",0,"0x0000709d787f9000",136896,90987087545585,90987087545875
"MEMORY_ALLOCATION","MEMORY_ALLOCATION_FREE","",0,"0x0000709d787f5000",136898,90987087548545,90987087548955
"MEMORY_ALLOCATION","MEMORY_ALLOCATION_FREE","",0,"0x0000709d64c00000",136900,90987087584926,90987087629796
"MEMORY_ALLOCATION","MEMORY_ALLOCATION_FREE","",0,"0x0000709d64800000",136902,90987087638177,90987087638587
"MEMORY_ALLOCATION","MEMORY_ALLOCATION_FREE","",0,"0x0000709d787bb000",136904,90987087641357,90987087641677
"MEMORY_ALLOCATION","MEMORY_ALLOCATION_FREE","",0,"0x0000709d787bc000",136906,90987087644147,90987087644487
"MEMORY_ALLOCATION","MEMORY_ALLOCATION_FREE","",0,"0x0000709d787bd000",136908,90987087682577,90987087682877
"MEMORY_ALLOCATION","MEMORY_ALLOCATION_FREE","",0,"0x0000709d787cd000",136910,90987087685537,90987087685897
"MEMORY_ALLOCATION","MEMORY_ALLOCATION_FREE","",0,"0x0000709d787cf000",136912,90987087689297,90987087689547
"MEMORY_ALLOCATION","MEMORY_ALLOCATION_FREE","",0,"0x0000709d787d0000",136914,90987087692268,90987087692618
"MEMORY_ALLOCATION","MEMORY_ALLOCATION_FREE","",0,"0x0000709d787d1000",136916,90987087730498,90987087730778
"MEMORY_ALLOCATION","MEMORY_ALLOCATION_FREE","",0,"0x0000709d787e1000",136918,90987087733418,90987087733778
"MEMORY_ALLOCATION","MEMORY_ALLOCATION_FREE","",0,"0x0000709d787e3000",136920,90987087736448,90987087736668
"MEMORY_ALLOCATION","MEMORY_ALLOCATION_FREE","",0,"0x0000709d787e4000",136922,90987087739528,90987087739858
"MEMORY_ALLOCATION","MEMORY_ALLOCATION_FREE","",0,"0x0000709d63e00000",136924,90987087777369,90987087820430
"MEMORY_ALLOCATION","MEMORY_ALLOCATION_FREE","",0,"0x0000709d6d100000",136926,90987087824160,90987087825030
"MEMORY_ALLOCATION","MEMORY_ALLOCATION_FREE","",0,"0x0000709d787e5000",136928,90987087827590,90987087827830
"MEMORY_ALLOCATION","MEMORY_ALLOCATION_FREE","",0,"0x0000709d787e6000",136930,90987087830630,90987087830970
"MEMORY_ALLOCATION","MEMORY_ALLOCATION_FREE","",0,"0x0000709d63400000",136932,90987087869681,90987087912561
"MEMORY_ALLOCATION","MEMORY_ALLOCATION_FREE","",0,"0x0000709d63000000",136934,90987087915941,90987088078094
"MEMORY_ALLOCATION","MEMORY_ALLOCATION_FREE","",0,"0x0000709d787e7000",136936,90987088082774,90987088083304
"MEMORY_ALLOCATION","MEMORY_ALLOCATION_FREE","",0,"0x0000709d787e8000",136938,90987088086164,90987088086534
"MEMORY_ALLOCATION","MEMORY_ALLOCATION_FREE","",0,"0x0000709d61600000",136940,90987088115965,90987088163196
"MEMORY_ALLOCATION","MEMORY_ALLOCATION_FREE","",0,"0x0000709d61000000",136942,90987088168126,90987088208507
"MEMORY_ALLOCATION","MEMORY_ALLOCATION_FREE","",0,"0x0000709d787e9000",136944,90987088211577,90987088212447
"MEMORY_ALLOCATION","MEMORY_ALLOCATION_FREE","",0,"0x0000709d787ea000",136946,90987088215147,90987088215437
"MEMORY_ALLOCATION","MEMORY_ALLOCATION_FREE","",0,"0x0000709d5f600000",136948,90987088318518,90987088363789
"MEMORY_ALLOCATION","MEMORY_ALLOCATION_FREE","",0,"0x0000709d5f000000",136950,90987088370419,90987088411470
"MEMORY_ALLOCATION","MEMORY_ALLOCATION_FREE","",0,"0x0000709d787eb000",136952,90987088414520,90987088414950
"MEMORY_ALLOCATION","MEMORY_ALLOCATION_FREE","",0,"0x0000709d787ec000",136954,90987088417390,90987088417660
"MEMORY_ALLOCATION","MEMORY_ALLOCATION_FREE","",0,"0x0000709d5d600000",136956,90987088451301,90987088495912
"MEMORY_ALLOCATION","MEMORY_ALLOCATION_FREE","",0,"0x0000709d5d000000",136958,90987088504612,90987088545462
"MEMORY_ALLOCATION","MEMORY_ALLOCATION_FREE","",0,"0x0000709d787ed000",136960,90987088548423,90987088548863
"MEMORY_ALLOCATION","MEMORY_ALLOCATION_FREE","",0,"0x0000709d787ee000",136962,90987088551633,90987088551993
"MEMORY_ALLOCATION","MEMORY_ALLOCATION_FREE","",0,"0x0000709d5cc20000",136964,90987088555653,90987088556353
"MEMORY_ALLOCATION","MEMORY_ALLOCATION_FREE","",0,"0x0000709d5c800000",136966,90987088559133,90987088688825
"MEMORY_ALLOCATION","MEMORY_ALLOCATION_FREE","",0,"0x0000709d787fa000",136968,90987088693115,90987088693635
"MEMORY_ALLOCATION","MEMORY_ALLOCATION_FREE","",0,"0x0000709d5cc40000",136970,90987088696095,90987088696435
"MEMORY_ALLOCATION","MEMORY_ALLOCATION_FREE","",0,"0x0000709d5cc44000",136972,90987088699085,90987088699365
"MEMORY_ALLOCATION","MEMORY_ALLOCATION_FREE","",0,"0x0000709d5cc4c000",136974,90987088701775,90987088702025
"MEMORY_ALLOCATION","MEMORY_ALLOCATION_FREE","",0,"0x0000709d5cc54000",136976,90987088704405,90987088704755
"MEMORY_ALLOCATION","MEMORY_ALLOCATION_FREE","",0,"0x0000709d787fe000",136978,90987088708535,90987088837168
"MEMORY_ALLOCATION","MEMORY_ALLOCATION_FREE","",0,"0x0000709d5cc58000",136980,90987088841128,90987088841558
"MEMORY_ALLOCATION","MEMORY_ALLOCATION_FREE","",0,"0x0000709d5cc5a000",136982,90987088845008,90987088845358
"MEMORY_ALLOCATION","MEMORY_ALLOCATION_FREE","",0,"0x0000709d5cc5e000",136984,90987088848058,90987088848338
"MEMORY_ALLOCATION","MEMORY_ALLOCATION_FREE","",0,"0x0000709d5cc5f000",136986,90987088850878,90987088851258
"MEMORY_ALLOCATION","MEMORY_ALLOCATION_FREE","",0,"0x0000709d5cc60000",136988,90987088853628,90987088853898
"MEMORY_ALLOCATION","MEMORY_ALLOCATION_FREE","",0,"0x0000709d5cc64000",136990,90987088856608,90987088856928
"MEMORY_ALLOCATION","MEMORY_ALLOCATION_FREE","",0,"0x0000709d5cc68000",136992,90987088859868,90987088860128
"MEMORY_ALLOCATION","MEMORY_ALLOCATION_FREE","",0,"0x0000709d5cc6c000",136994,90987088862658,90987088862918
"MEMORY_ALLOCATION","MEMORY_ALLOCATION_FREE","",0,"0x0000709d5cc70000",136996,90987088865418,90987088865688
"MEMORY_ALLOCATION","MEMORY_ALLOCATION_FREE","",0,"0x0000709d5cc7c000",136998,90987088869078,90987088869738
"MEMORY_ALLOCATION","MEMORY_ALLOCATION_FREE","",0,"0x0000709d5cdb6000",137000,90987088873578,90987088874258
"MEMORY_ALLOCATION","MEMORY_ALLOCATION_FREE","",0,"0x0000709d5cdbf000",137002,90987088877628,90987088877918
"MEMORY_ALLOCATION","MEMORY_ALLOCATION_FREE","",0,"0x0000709d5cdb4000",137004,90987088880758,90987088881348
"MEMORY_ALLOCATION","MEMORY_ALLOCATION_FREE","",0,"0x0000709d5cdb5000",137006,90987088884198,90987088884658
"MEMORY_ALLOCATION","MEMORY_ALLOCATION_FREE","",0,"0x0000709d5cdbe000",137008,90987088887348,90987088887668
"MEMORY_ALLOCATION","MEMORY_ALLOCATION_FREE","",0,"0x0000709d5cdba000",137010,90987088890138,90987088890528
"MEMORY_ALLOCATION","MEMORY_ALLOCATION_FREE","",0,"0x0000709d5b600000",137012,90987088928799,90987088975750
"MEMORY_ALLOCATION","MEMORY_ALLOCATION_FREE","",0,"0x0000709d5b200000",137014,90987088981140,90987089108702
"MEMORY_ALLOCATION","MEMORY_ALLOCATION_FREE","",0,"0x0000709d5cc80000",137016,90987089113822,90987089114462
"MEMORY_ALLOCATION","MEMORY_ALLOCATION_FREE","",0,"0x0000709d5cc81000",137018,90987089117252,90987089117702
"MEMORY_ALLOCATION","MEMORY_ALLOCATION_FREE","",0,"0x0000709d5cc82000",137020,90987089149593,90987089149863
"MEMORY_ALLOCATION","MEMORY_ALLOCATION_FREE","",0,"0x0000709d5cc92000",137022,90987089152413,90987089152833
"MEMORY_ALLOCATION","MEMORY_ALLOCATION_FREE","",0,"0x0000709d5cc94000",137024,90987089155703,90987089155973
"MEMORY_ALLOCATION","MEMORY_ALLOCATION_FREE","",0,"0x0000709d5cc95000",137026,90987089158543,90987089158853
"MEMORY_ALLOCATION","MEMORY_ALLOCATION_FREE","",0,"0x0000709d5cc96000",137028,90987089186944,90987089187204
"MEMORY_ALLOCATION","MEMORY_ALLOCATION_FREE","",0,"0x0000709d5cca6000",137030,90987089192604,90987089192974
"MEMORY_ALLOCATION","MEMORY_ALLOCATION_FREE","",0,"0x0000709d5cca8000",137032,90987089195814,90987089196094
"MEMORY_ALLOCATION","MEMORY_ALLOCATION_FREE","",0,"0x0000709d5cca9000",137034,90987089198434,90987089198914
"MEMORY_ALLOCATION","MEMORY_ALLOCATION_FREE","",0,"0x0000709d5a800000",137036,90987089226434,90987089270395
"MEMORY_ALLOCATION","MEMORY_ALLOCATION_FREE","",0,"0x0000709d5ccaa000",137038,90987089275245,90987089275645
"MEMORY_ALLOCATION","MEMORY_ALLOCATION_FREE","",0,"0x0000709d5cdaa000",137040,90987089278375,90987089278745
"MEMORY_ALLOCATION","MEMORY_ALLOCATION_FREE","",0,"0x0000709d5cdab000",137042,90987089281515,90987089281785
"MEMORY_ALLOCATION","MEMORY_ALLOCATION_FREE","",0,"0x0000709d59e00000",137044,90987089320796,90987089362737
"MEMORY_ALLOCATION","MEMORY_ALLOCATION_FREE","",0,"0x0000709d59a00000",137046,90987089365937,90987089486679
"MEMORY_ALLOCATION","MEMORY_ALLOCATION_FREE","",0,"0x0000709d5cdac000",137048,90987089490439,90987089490979
"MEMORY_ALLOCATION","MEMORY_ALLOCATION_FREE","",0,"0x0000709d5cdad000",137050,90987089493519,90987089493789
"MEMORY_ALLOCATION","MEMORY_ALLOCATION_FREE","",0,"0x0000709d58000000",137052,90987089520730,90987089565580
"MEMORY_ALLOCATION","MEMORY_ALLOCATION_FREE","",0,"0x0000709d57a00000",137054,90987089569710,90987089612331
"MEMORY_ALLOCATION","MEMORY_ALLOCATION_FREE","",0,"0x0000709d5cdae000",137056,90987089615591,90987089616131
"MEMORY_ALLOCATION","MEMORY_ALLOCATION_FREE","",0,"0x0000709d5cdaf000",137058,90987089618841,90987089619141
"MEMORY_ALLOCATION","MEMORY_ALLOCATION_FREE","",0,"0x0000709d56000000",137060,90987089663692,90987089708903
"MEMORY_ALLOCATION","MEMORY_ALLOCATION_FREE","",0,"0x0000709d55a00000",137062,90987089712123,90987089750814
"MEMORY_ALLOCATION","MEMORY_ALLOCATION_FREE","",0,"0x0000709d5cdb0000",137064,90987089753924,90987089754494
"MEMORY_ALLOCATION","MEMORY_ALLOCATION_FREE","",0,"0x0000709d5cdb1000",137066,90987089769894,90987089770384
"MEMORY_ALLOCATION","MEMORY_ALLOCATION_FREE","",0,"0x0000709d54000000",137068,90987090087909,90987090134780
"MEMORY_ALLOCATION","MEMORY_ALLOCATION_FREE","",0,"0x0000709d53a00000",137070,90987090138460,90987090181531
"MEMORY_ALLOCATION","MEMORY_ALLOCATION_FREE","",0,"0x0000709d5cdb2000",137072,90987090184751,90987090185461
"MEMORY_ALLOCATION","MEMORY_ALLOCATION_FREE","",0,"0x0000709d5cdb3000",137074,90987090187991,90987090188351
"MEMORY_ALLOCATION","MEMORY_ALLOCATION_FREE","",0,"0x0000709d5cddf000",137076,90987090191731,90987090192091
"MEMORY_ALLOCATION","MEMORY_ALLOCATION_FREE","",0,"0x0000709d53200000",137078,90987090195861,90987090325494
"MEMORY_ALLOCATION","MEMORY_ALLOCATION_FREE","",0,"0x0000709d53600000",137080,90987090330474,90987090331114
"MEMORY_ALLOCATION","MEMORY_ALLOCATION_FREE","",0,"0x0000709d53604000",137082,90987090333564,90987090334154
"MEMORY_ALLOCATION","MEMORY_ALLOCATION_FREE","",0,"0x0000709d53608000",137084,90987090336614,90987090336894
"MEMORY_ALLOCATION","MEMORY_ALLOCATION_FREE","",0,"0x0000709d53610000",137086,90987090339754,90987090340154
"MEMORY_ALLOCATION","MEMORY_ALLOCATION_FREE","",0,"0x0000709d53618000",137088,90987090343684,90987090343964
"MEMORY_ALLOCATION","MEMORY_ALLOCATION_FREE","",0,"0x0000709d5361c000",137090,90987090346614,90987090346904
"MEMORY_ALLOCATION","MEMORY_ALLOCATION_FREE","",0,"0x0000709d5361e000",137092,90987090349244,90987090349484
"MEMORY_ALLOCATION","MEMORY_ALLOCATION_FREE","",0,"0x0000709d53620000",137094,90987090351934,90987090352264
"MEMORY_ALLOCATION","MEMORY_ALLOCATION_FREE","",0,"0x0000709d5cdff000",137096,90987090354794,90987090477126
"MEMORY_ALLOCATION","MEMORY_ALLOCATION_FREE","",0,"0x0000709d53624000",137098,90987090480636,90987090481066
"MEMORY_ALLOCATION","MEMORY_ALLOCATION_FREE","",0,"0x0000709d53625000",137100,90987090483576,90987090484116
"MEMORY_ALLOCATION","MEMORY_ALLOCATION_FREE","",0,"0x0000709d53629000",137102,90987090486436,90987090486716
"MEMORY_ALLOCATION","MEMORY_ALLOCATION_FREE","",0,"0x0000709d5362d000",137104,90987090489376,90987090490127
"MEMORY_ALLOCATION","MEMORY_ALLOCATION_FREE","",0,"0x0000709d53631000",137106,90987090492407,90987090492657
"MEMORY_ALLOCATION","MEMORY_ALLOCATION_FREE","",0,"0x0000709d53635000",137108,90987090495037,90987090495347
"MEMORY_ALLOCATION","MEMORY_ALLOCATION_FREE","",0,"0x0000709d53641000",137110,90987090498727,90987090498987
"MEMORY_ALLOCATION","MEMORY_ALLOCATION_FREE","",0,"0x0000709d53753000",137112,90987090503847,90987090505847
"MEMORY_ALLOCATION","MEMORY_ALLOCATION_FREE","",0,"0x0000709d53757000",137114,90987090508697,90987090509427
"MEMORY_ALLOCATION","MEMORY_ALLOCATION_FREE","",0,"0x0000709d53758000",137116,90987090512097,90987090512387
"MEMORY_ALLOCATION","MEMORY_ALLOCATION_FREE","",0,"0x0000709d53759000",137118,90987090514907,90987090515167
"MEMORY_ALLOCATION","MEMORY_ALLOCATION_FREE","",0,"0x0000709d52000000",137120,90987090557458,90987090604408
"MEMORY_ALLOCATION","MEMORY_ALLOCATION_FREE","",0,"0x0000709d51c00000",137122,90987090607719,90987090734061
"MEMORY_ALLOCATION","MEMORY_ALLOCATION_FREE","",0,"0x0000709d53645000",137124,90987090738031,90987090738621
"MEMORY_ALLOCATION","MEMORY_ALLOCATION_FREE","",0,"0x0000709d53646000",137126,90987090750451,90987090750771
"MEMORY_ALLOCATION","MEMORY_ALLOCATION_FREE","",0,"0x0000709d51800000",137128,90987090787632,90987090906264
"MEMORY_ALLOCATION","MEMORY_ALLOCATION_FREE","",0,"0x0000709d53647000",137130,90987090909894,90987090910654
"MEMORY_ALLOCATION","MEMORY_ALLOCATION_FREE","",0,"0x0000709d536c7000",137132,90987090914624,90987090914934
"MEMORY_ALLOCATION","MEMORY_ALLOCATION_FREE","",0,"0x0000709d536c8000",137134,90987090917854,90987090918164
"MEMORY_ALLOCATION","MEMORY_ALLOCATION_FREE","",0,"0x0000709d51400000",137136,90987090954645,90987091117157
"MEMORY_ALLOCATION","MEMORY_ALLOCATION_FREE","",0,"0x0000709d536c9000",137138,90987091123548,90987091124078
"MEMORY_ALLOCATION","MEMORY_ALLOCATION_FREE","",0,"0x0000709d53749000",137140,90987091126678,90987091127138
"MEMORY_ALLOCATION","MEMORY_ALLOCATION_FREE","",0,"0x0000709d5374a000",137142,90987091130188,90987091130448
"MEMORY_ALLOCATION","MEMORY_ALLOCATION_FREE","",0,"0x0000709d50a00000",137144,90987091161188,90987091203469
"MEMORY_ALLOCATION","MEMORY_ALLOCATION_FREE","",0,"0x0000709d50600000",137146,90987091209489,90987091326631
"MEMORY_ALLOCATION","MEMORY_ALLOCATION_FREE","",0,"0x0000709d5374b000",137148,90987091330511,90987091330951
"MEMORY_ALLOCATION","MEMORY_ALLOCATION_FREE","",0,"0x0000709d5374c000",137150,90987091333741,90987091333981
"MEMORY_ALLOCATION","MEMORY_ALLOCATION_FREE","",0,"0x0000709d4ec00000",137152,90987091370522,90987091411973
"MEMORY_ALLOCATION","MEMORY_ALLOCATION_FREE","",0,"0x0000709d4e600000",137154,90987091415083,90987091454023
"MEMORY_ALLOCATION","MEMORY_ALLOCATION_FREE","",0,"0x0000709d5374d000",137156,90987091457453,90987091457903
"MEMORY_ALLOCATION","MEMORY_ALLOCATION_FREE","",0,"0x0000709d5374e000",137158,90987091460503,90987091460783
"MEMORY_ALLOCATION","MEMORY_ALLOCATION_FREE","",0,"0x0000709d4cc00000",137160,90987091497844,90987091543255
"MEMORY_ALLOCATION","MEMORY_ALLOCATION_FREE","",0,"0x0000709d4c600000",137162,90987091546395,90987091587186
"MEMORY_ALLOCATION","MEMORY_ALLOCATION_FREE","",0,"0x0000709d5374f000",137164,90987091591496,90987091592116
"MEMORY_ALLOCATION","MEMORY_ALLOCATION_FREE","",0,"0x0000709d53750000",137166,90987091594686,90987091594926
"MEMORY_ALLOCATION","MEMORY_ALLOCATION_FREE","",0,"0x0000709d4ac00000",137168,90987091637437,90987091681197
"MEMORY_ALLOCATION","MEMORY_ALLOCATION_FREE","",0,"0x0000709d4a600000",137170,90987091684347,90987091727198
"MEMORY_ALLOCATION","MEMORY_ALLOCATION_FREE","",0,"0x0000709d53751000",137172,90987091730808,90987091731278
"MEMORY_ALLOCATION","MEMORY_ALLOCATION_FREE","",0,"0x0000709d53752000",137174,90987091733898,90987091734288
"MEMORY_ALLOCATION","MEMORY_ALLOCATION_FREE","",0,"0x0000709d5375d000",137176,90987091737448,90987091737798
"MEMORY_ALLOCATION","MEMORY_ALLOCATION_FREE","",0,"0x0000709d5375e000",137178,90987091740218,90987091740458
"MEMORY_ALLOCATION","MEMORY_ALLOCATION_FREE","",0,"0x0000709d53762000",137180,90987091742898,90987091743258
"MEMORY_ALLOCATION","MEMORY_ALLOCATION_FREE","",0,"0x0000709d53766000",137182,90987091746139,90987091746419
"MEMORY_ALLOCATION","MEMORY_ALLOCATION_FREE","",0,"0x0000709d5376e000",137184,90987091749179,90987091749519
"MEMORY_ALLOCATION","MEMORY_ALLOCATION_FREE","",0,"0x0000709d53772000",137186,90987091751929,90987091752169
"MEMORY_ALLOCATION","MEMORY_ALLOCATION_FREE","",0,"0x0000709d53773000",137188,90987091754599,90987091754939
"MEMORY_ALLOCATION","MEMORY_ALLOCATION_FREE","",0,"0x0000709d53774000",137190,90987091758439,90987091758669
"MEMORY_ALLOCATION","MEMORY_ALLOCATION_FREE","",0,"0x0000709d53778000",137192,90987091761899,90987091762139
"MEMORY_ALLOCATION","MEMORY_ALLOCATION_FREE","",0,"0x0000709d53779000",137194,90987091764649,90987091764889
"MEMORY_ALLOCATION","MEMORY_ALLOCATION_FREE","",0,"0x0000709d5377d000",137196,90987091767149,90987091767429
"MEMORY_ALLOCATION","MEMORY_ALLOCATION_FREE","",0,"0x0000709d49400000",137198,90987091770489,90987091811890
"MEMORY_ALLOCATION","MEMORY_ALLOCATION_FREE","",0,"0x0000709d48200000",137200,90987091815250,90987091855910
"MEMORY_ALLOCATION","MEMORY_ALLOCATION_FREE","",0,"0x0000709d5377e000",137202,90987091858700,90987091859070
"MEMORY_ALLOCATION","MEMORY_ALLOCATION_FREE","",0,"0x0000709d53782000",137204,90987091861991,90987091862421
"MEMORY_ALLOCATION","MEMORY_ALLOCATION_FREE","",0,"0x0000709d53786000",137206,90987091864991,90987091865241
"MEMORY_ALLOCATION","MEMORY_ALLOCATION_FREE","",0,"0x0000709d5378a000",137208,90987091868071,90987091868641
"MEMORY_ALLOCATION","MEMORY_ALLOCATION_FREE","",0,"0x0000709d5378e000",137210,90987091872151,90987091872411
"MEMORY_ALLOCATION","MEMORY_ALLOCATION_FREE","",0,"0x0000709d5379a000",137212,90987091875321,90987091875771
"MEMORY_ALLOCATION","MEMORY_ALLOCATION_FREE","",0,"0x0000709d47e00000",137214,90987091879281,90987091879961
"MEMORY_ALLOCATION","MEMORY_ALLOCATION_FREE","",0,"0x0000709d537d4000",137216,90987091883991,90987091884641
"MEMORY_ALLOCATION","MEMORY_ALLOCATION_FREE","",0,"0x0000709d537dd000",137218,90987091888321,90987091888681
"MEMORY_ALLOCATION","MEMORY_ALLOCATION_FREE","",0,"0x0000709d537d2000",137220,90987091892131,90987091892561
"MEMORY_ALLOCATION","MEMORY_ALLOCATION_FREE","",0,"0x0000709d537d3000",137222,90987091895941,90987091896481
"MEMORY_ALLOCATION","MEMORY_ALLOCATION_FREE","",0,"0x0000709d537dc000",137224,90987091899461,90987091899821
"MEMORY_ALLOCATION","MEMORY_ALLOCATION_FREE","",0,"0x0000709d537d8000",137226,90987091902441,90987091902881
"MEMORY_ALLOCATION","MEMORY_ALLOCATION_FREE","",0,"0x0000709d46c00000",137228,90987091944322,90987091987873
"MEMORY_ALLOCATION","MEMORY_ALLOCATION_FREE","",0,"0x0000709d46800000",137230,90987091991453,90987092123915
"MEMORY_ALLOCATION","MEMORY_ALLOCATION_FREE","",0,"0x0000709d5379e000",137232,90987092128545,90987092129095
"MEMORY_ALLOCATION","MEMORY_ALLOCATION_FREE","",0,"0x0000709d5379f000",137234,90987092134885,90987092135195
"MEMORY_ALLOCATION","MEMORY_ALLOCATION_FREE","",0,"0x0000709d537a0000",137236,90987092173276,90987092173606
"MEMORY_ALLOCATION","MEMORY_ALLOCATION_FREE","",0,"0x0000709d537b0000",137238,90987092176046,90987092176446
"MEMORY_ALLOCATION","MEMORY_ALLOCATION_FREE","",0,"0x0000709d537b2000",137240,90987092182126,90987092182436
"MEMORY_ALLOCATION","MEMORY_ALLOCATION_FREE","",0,"0x0000709d537b3000",137242,90987092185236,90987092185726
"MEMORY_ALLOCATION","MEMORY_ALLOCATION_FREE","",0,"0x0000709d537b4000",137244,90987092222877,90987092223167
"MEMORY_ALLOCATION","MEMORY_ALLOCATION_FREE","",0,"0x0000709d537c4000",137246,90987092226337,90987092226687
"MEMORY_ALLOCATION","MEMORY_ALLOCATION_FREE","",0,"0x0000709d537c6000",137248,90987092228957,90987092229177
"MEMORY_ALLOCATION","MEMORY_ALLOCATION_FREE","",0,"0x0000709d537c7000",137250,90987092231827,90987092232197
"MEMORY_ALLOCATION","MEMORY_ALLOCATION_FREE","",0,"0x0000709d45e00000",137252,90987092269318,90987092312588
"MEMORY_ALLOCATION","MEMORY_ALLOCATION_FREE","",0,"0x0000709d47e81000",137254,90987092315678,90987092316378
"MEMORY_ALLOCATION","MEMORY_ALLOCATION_FREE","",0,"0x0000709d537c8000",137256,90987092319899,90987092320249
"MEMORY_ALLOCATION","MEMORY_ALLOCATION_FREE","",0,"0x0000709d537c9000",137258,90987092323479,90987092323939
"MEMORY_ALLOCATION","MEMORY_ALLOCATION_FREE","",0,"0x0000709d45400000",137260,90987092362389,90987092404080
"MEMORY_ALLOCATION","MEMORY_ALLOCATION_FREE","",0,"0x0000709d45000000",137262,90987092407610,90987092527412
"MEMORY_ALLOCATION","MEMORY_ALLOCATION_FREE","",0,"0x0000709d537ca000",137264,90987092531282,90987092531762
"MEMORY_ALLOCATION","MEMORY_ALLOCATION_FREE","",0,"0x0000709d537cb000",137266,90987092534602,90987092534952
"MEMORY_ALLOCATION","MEMORY_ALLOCATION_FREE","",0,"0x0000709d43600000",137268,90987092573123,90987092618464
"MEMORY_ALLOCATION","MEMORY_ALLOCATION_FREE","",0,"0x0000709d43000000",137270,90987092621454,90987092658594
"MEMORY_ALLOCATION","MEMORY_ALLOCATION_FREE","",0,"0x0000709d537cc000",137272,90987092662865,90987092663325
"MEMORY_ALLOCATION","MEMORY_ALLOCATION_FREE","",0,"0x0000709d537cd000",137274,90987092665965,90987092666275
"MEMORY_ALLOCATION","MEMORY_ALLOCATION_FREE","",0,"0x0000709d41600000",137276,90987092701035,90987092741086
"MEMORY_ALLOCATION","MEMORY_ALLOCATION_FREE","",0,"0x0000709d41000000",137278,90987092745516,90987092786497
"MEMORY_ALLOCATION","MEMORY_ALLOCATION_FREE","",0,"0x0000709d537ce000",137280,90987092790947,90987092791337
"MEMORY_ALLOCATION","MEMORY_ALLOCATION_FREE","",0,"0x0000709d537cf000",137282,90987092794017,90987092794407
"MEMORY_ALLOCATION","MEMORY_ALLOCATION_FREE","",0,"0x0000709d3f600000",137284,90987092829647,90987092872718
"MEMORY_ALLOCATION","MEMORY_ALLOCATION_FREE","",0,"0x0000709d3f000000",137286,90987092875938,90987092918489
"MEMORY_ALLOCATION","MEMORY_ALLOCATION_FREE","",0,"0x0000709d537d0000",137288,90987092922159,90987092922559
"MEMORY_ALLOCATION","MEMORY_ALLOCATION_FREE","",0,"0x0000709d537d1000",137290,90987092925719,90987092926189
"MEMORY_ALLOCATION","MEMORY_ALLOCATION_FREE","",0,"0x0000709d47f81000",137292,90987092929089,90987092929519
"MEMORY_ALLOCATION","MEMORY_ALLOCATION_FREE","",0,"0x0000709d3ec00000",137294,90987092932679,90987093058961
"MEMORY_ALLOCATION","MEMORY_ALLOCATION_FREE","",0,"0x0000709d47fa1000",137296,90987093063562,90987093064522
"MEMORY_ALLOCATION","MEMORY_ALLOCATION_FREE","",0,"0x0000709d47fa5000",137298,90987093201994,90987093202474
"MEMORY_ALLOCATION","MEMORY_ALLOCATION_FREE","",0,"0x0000709d47fa9000",137300,90987093205194,90987093205484
"MEMORY_ALLOCATION","MEMORY_ALLOCATION_FREE","",0,"0x0000709d47fb1000",137302,90987093207804,90987093208134
"MEMORY_ALLOCATION","MEMORY_ALLOCATION_FREE","",0,"0x0000709d47fb9000",137304,90987093210794,90987093211124
"MEMORY_ALLOCATION","MEMORY_ALLOCATION_FREE","",0,"0x0000709d537fd000",137306,90987093213804,90987093214264
"MEMORY_ALLOCATION","MEMORY_ALLOCATION_FREE","",0,"0x0000709d47fbd000",137308,90987093216694,90987093216974
"MEMORY_ALLOCATION","MEMORY_ALLOCATION_FREE","",0,"0x0000709d47fbf000",137310,90987093219494,90987093220254
"MEMORY_ALLOCATION","MEMORY_ALLOCATION_FREE","",0,"0x0000709d537ff000",137312,90987093222684,90987093345396
"MEMORY_ALLOCATION","MEMORY_ALLOCATION_FREE","",0,"0x0000709d47fc3000",137314,90987093349127,90987093349607
"MEMORY_ALLOCATION","MEMORY_ALLOCATION_FREE","",0,"0x0000709d47fc4000",137316,90987093352507,90987093352957
"MEMORY_ALLOCATION","MEMORY_ALLOCATION_FREE","",0,"0x0000709d47fc8000",137318,90987093355357,90987093355657
"MEMORY_ALLOCATION","MEMORY_ALLOCATION_FREE","",0,"0x0000709d47fcc000",137320,90987093358297,90987093358587
"MEMORY_ALLOCATION","MEMORY_ALLOCATION_FREE","",0,"0x0000709d47fd0000",137322,90987093361267,90987093361507
"MEMORY_ALLOCATION","MEMORY_ALLOCATION_FREE","",0,"0x0000709d47fd4000",137324,90987093364137,90987093364467
"MEMORY_ALLOCATION","MEMORY_ALLOCATION_FREE","",0,"0x0000709d47fe0000",137326,90987093366787,90987093367027
"MEMORY_ALLOCATION","MEMORY_ALLOCATION_FREE","",0,"0x0000709d3d31a000",137328,90987093372517,90987093373707
"MEMORY_ALLOCATION","MEMORY_ALLOCATION_FREE","",0,"0x0000709d3d323000",137330,90987093376417,90987093376897
"MEMORY_ALLOCATION","MEMORY_ALLOCATION_FREE","",0,"0x0000709d3d318000",137332,90987093380417,90987093381197
"MEMORY_ALLOCATION","MEMORY_ALLOCATION_FREE","",0,"0x0000709d3d319000",137334,90987093384727,90987093385247
"MEMORY_ALLOCATION","MEMORY_ALLOCATION_FREE","",0,"0x0000709d3d322000",137336,90987093388077,90987093388607
"MEMORY_ALLOCATION","MEMORY_ALLOCATION_FREE","",0,"0x0000709d3d31e000",137338,90987093391127,90987093391527
"MEMORY_ALLOCATION","MEMORY_ALLOCATION_FREE","",0,"0x0000709d3da00000",137340,90987093436588,90987093481089
"MEMORY_ALLOCATION","MEMORY_ALLOCATION_FREE","",0,"0x0000709d3d600000",137342,90987093484459,90987093601991
"MEMORY_ALLOCATION","MEMORY_ALLOCATION_FREE","",0,"0x0000709d47fe4000",137344,90987093605431,90987093606001
"MEMORY_ALLOCATION","MEMORY_ALLOCATION_FREE","",0,"0x0000709d47fe5000",137346,90987093616451,90987093616791
"MEMORY_ALLOCATION","MEMORY_ALLOCATION_FREE","",0,"0x0000709d47fe6000",137348,90987093655882,90987093656192
"MEMORY_ALLOCATION","MEMORY_ALLOCATION_FREE","",0,"0x0000709d47ff6000",137350,90987093659422,90987093659682
"MEMORY_ALLOCATION","MEMORY_ALLOCATION_FREE","",0,"0x0000709d47ff8000",137352,90987093662952,90987093663232
"MEMORY_ALLOCATION","MEMORY_ALLOCATION_FREE","",0,"0x0000709d47ff9000",137354,90987093666012,90987093666242
"MEMORY_ALLOCATION","MEMORY_ALLOCATION_FREE","",0,"0x0000709d3d200000",137356,90987093702573,90987093703123
"MEMORY_ALLOCATION","MEMORY_ALLOCATION_FREE","",0,"0x0000709d47ffa000",137358,90987093706043,90987093706323
"MEMORY_ALLOCATION","MEMORY_ALLOCATION_FREE","",0,"0x0000709d47ffc000",137360,90987093708923,90987093709183
"MEMORY_ALLOCATION","MEMORY_ALLOCATION_FREE","",0,"0x0000709d47ffd000",137362,90987093712663,90987093712933
"MEMORY_ALLOCATION","MEMORY_ALLOCATION_FREE","",0,"0x0000709d3c800000",137364,90987093753374,90987093797684
"MEMORY_ALLOCATION","MEMORY_ALLOCATION_FREE","",0,"0x0000709d3d210000",137366,90987093800794,90987093801214
"MEMORY_ALLOCATION","MEMORY_ALLOCATION_FREE","",0,"0x0000709d47ffe000",137368,90987093807375,90987093807705
"MEMORY_ALLOCATION","MEMORY_ALLOCATION_FREE","",0,"0x0000709d47fff000",137370,90987093810185,90987093932037
"MEMORY_ALLOCATION","MEMORY_ALLOCATION_FREE","",0,"0x0000709d3be00000",137372,90987093979138,90987094046409
"MEMORY_ALLOCATION","MEMORY_ALLOCATION_FREE","",0,"0x0000709d3ba00000",137374,90987094049869,90987094171211
"MEMORY_ALLOCATION","MEMORY_ALLOCATION_FREE","",0,"0x0000709d3d310000",137376,90987094175651,90987094176161
"MEMORY_ALLOCATION","MEMORY_ALLOCATION_FREE","",0,"0x0000709d3d311000",137378,90987094178991,90987094180011
"MEMORY_ALLOCATION","MEMORY_ALLOCATION_FREE","",0,"0x0000709d3a000000",137380,90987094209272,90987094252862
"MEMORY_ALLOCATION","MEMORY_ALLOCATION_FREE","",0,"0x0000709d39a00000",137382,90987094258783,90987094298593
"MEMORY_ALLOCATION","MEMORY_ALLOCATION_FREE","",0,"0x0000709d3d312000",137384,90987094301853,90987094302303
"MEMORY_ALLOCATION","MEMORY_ALLOCATION_FREE","",0,"0x0000709d3d313000",137386,90987094305263,90987094305593
"MEMORY_ALLOCATION","MEMORY_ALLOCATION_FREE","",0,"0x0000709d38000000",137388,90987094341304,90987094385795
"MEMORY_ALLOCATION","MEMORY_ALLOCATION_FREE","",0,"0x0000709d37a00000",137390,90987094390775,90987094433296
"MEMORY_ALLOCATION","MEMORY_ALLOCATION_FREE","",0,"0x0000709d3d314000",137392,90987094437366,90987094437906
"MEMORY_ALLOCATION","MEMORY_ALLOCATION_FREE","",0,"0x0000709d3d315000",137394,90987094440526,90987094440936
"MEMORY_ALLOCATION","MEMORY_ALLOCATION_FREE","",0,"0x0000709d36000000",137396,90987094477426,90987094519747
"MEMORY_ALLOCATION","MEMORY_ALLOCATION_FREE","",0,"0x0000709d35a00000",137398,90987094523147,90987094562558
"MEMORY_ALLOCATION","MEMORY_ALLOCATION_FREE","",0,"0x0000709d3d316000",137400,90987094566758,90987094567088
"MEMORY_ALLOCATION","MEMORY_ALLOCATION_FREE","",0,"0x0000709d3d317000",137402,90987094570438,90987094571038
"MEMORY_ALLOCATION","MEMORY_ALLOCATION_FREE","",0,"0x0000709d3d343000",137404,90987094574228,90987094574598
"MEMORY_ALLOCATION","MEMORY_ALLOCATION_FREE","",0,"0x0000709d35600000",137406,90987094577758,90987094700410
"MEMORY_ALLOCATION","MEMORY_ALLOCATION_FREE","",0,"0x0000709d3d363000",137408,90987094704070,90987094704700
"MEMORY_ALLOCATION","MEMORY_ALLOCATION_FREE","",0,"0x0000709d3d367000",137410,90987094707390,90987094707740
"MEMORY_ALLOCATION","MEMORY_ALLOCATION_FREE","",0,"0x0000709d3d36b000",137412,90987094710460,90987094710710
"MEMORY_ALLOCATION","MEMORY_ALLOCATION_FREE","",0,"0x0000709d3d373000",137414,90987094713300,90987094713660
"MEMORY_ALLOCATION","MEMORY_ALLOCATION_FREE","",0,"0x0000709d3d37b000",137416,90987094716070,90987094716340
"MEMORY_ALLOCATION","MEMORY_ALLOCATION_FREE","",0,"0x0000709d3d37f000",137418,90987094718671,90987094719041
"MEMORY_ALLOCATION","MEMORY_ALLOCATION_FREE","",0,"0x0000709d3d381000",137420,90987094722331,90987094722581
"MEMORY_ALLOCATION","MEMORY_ALLOCATION_FREE","",0,"0x0000709d3d383000",137422,90987094725181,90987094725431
"MEMORY_ALLOCATION","MEMORY_ALLOCATION_FREE","",0,"0x0000709d3d387000",137424,90987094727951,90987094728291
"MEMORY_ALLOCATION","MEMORY_ALLOCATION_FREE","",0,"0x0000709d3d388000",137426,90987094730611,90987094730941
"MEMORY_ALLOCATION","MEMORY_ALLOCATION_FREE","",0,"0x0000709d3d389000",137428,90987094733801,90987094734051
"MEMORY_ALLOCATION","MEMORY_ALLOCATION_FREE","",0,"0x0000709d3d38d000",137430,90987094736881,90987094737321
"MEMORY_ALLOCATION","MEMORY_ALLOCATION_FREE","",0,"0x0000709d3d391000",137432,90987094739871,90987094740181
"MEMORY_ALLOCATION","MEMORY_ALLOCATION_FREE","",0,"0x0000709d3d395000",137434,90987094742691,90987094742921
"MEMORY_ALLOCATION","MEMORY_ALLOCATION_FREE","",0,"0x0000709d3d399000",137436,90987094746681,90987094746881
"MEMORY_ALLOCATION","MEMORY_ALLOCATION_FREE","",0,"0x0000709d3d3a5000",137438,90987094749981,90987094750271
"MEMORY_ALLOCATION","MEMORY_ALLOCATION_FREE","",0,"0x0000709d3d3df000",137440,90987094754251,90987094754741
"MEMORY_ALLOCATION","MEMORY_ALLOCATION_FREE","",0,"0x0000709d33300000",137442,90987094758941,90987094759851
"MEMORY_ALLOCATION","MEMORY_ALLOCATION_FREE","",0,"0x0000709d3d3dd000",137444,90987094762881,90987094763241
"MEMORY_ALLOCATION","MEMORY_ALLOCATION_FREE","",0,"0x0000709d3d3de000",137446,90987094766191,90987094766711
"MEMORY_ALLOCATION","MEMORY_ALLOCATION_FREE","",0,"0x0000709d3d3e7000",137448,90987094769221,90987094769511
"MEMORY_ALLOCATION","MEMORY_ALLOCATION_FREE","",0,"0x0000709d3d3e3000",137450,90987094771951,90987094772681
"MEMORY_ALLOCATION","MEMORY_ALLOCATION_FREE","",0,"0x0000709d34400000",137452,90987094813002,90987094855963
"MEMORY_ALLOCATION","MEMORY_ALLOCATION_FREE","",0,"0x0000709d34000000",137454,90987094859193,90987094974285
"MEMORY_ALLOCATION","MEMORY_ALLOCATION_FREE","",0,"0x0000709d3d3a9000",137456,90987094977955,90987094978545
"MEMORY_ALLOCATION","MEMORY_ALLOCATION_FREE","",0,"0x0000709d3d3aa000",137458,90987094985115,90987094985515
"MEMORY_ALLOCATION","MEMORY_ALLOCATION_FREE","",0,"0x0000709d3d3ab000",137460,90987095058376,90987095058686
"MEMORY_ALLOCATION","MEMORY_ALLOCATION_FREE","",0,"0x0000709d3d3bb000",137462,90987095061727,90987095062017
"MEMORY_ALLOCATION","MEMORY_ALLOCATION_FREE","",0,"0x0000709d3d3bd000",137464,90987095065727,90987095066187
"MEMORY_ALLOCATION","MEMORY_ALLOCATION_FREE","",0,"0x0000709d3d3be000",137466,90987095069187,90987095069437
"MEMORY_ALLOCATION","MEMORY_ALLOCATION_FREE","",0,"0x0000709d3d3bf000",137468,90987095096937,90987095097267
"MEMORY_ALLOCATION","MEMORY_ALLOCATION_FREE","",0,"0x0000709d3d3cf000",137470,90987095100887,90987095101257
"MEMORY_ALLOCATION","MEMORY_ALLOCATION_FREE","",0,"0x0000709d3d3d1000",137472,90987095103887,90987095104127
"MEMORY_ALLOCATION","MEMORY_ALLOCATION_FREE","",0,"0x0000709d3d3d2000",137474,90987095106937,90987095107217
"MEMORY_ALLOCATION","MEMORY_ALLOCATION_FREE","",0,"0x0000709d33600000",137476,90987095141558,90987095188129
"MEMORY_ALLOCATION","MEMORY_ALLOCATION_FREE","",0,"0x0000709d33200000",137478,90987095191549,90987095192179
"MEMORY_ALLOCATION","MEMORY_ALLOCATION_FREE","",0,"0x0000709d3d3d3000",137480,90987095195909,90987095196229
"MEMORY_ALLOCATION","MEMORY_ALLOCATION_FREE","",0,"0x0000709d3d3d4000",137482,90987095199069,90987095199469
"MEMORY_ALLOCATION","MEMORY_ALLOCATION_FREE","",0,"0x0000709d32800000",137484,90987095229189,90987095275110
"MEMORY_ALLOCATION","MEMORY_ALLOCATION_FREE","",0,"0x0000709d32400000",137486,90987095278090,90987095392582
"MEMORY_ALLOCATION","MEMORY_ALLOCATION_FREE","",0,"0x0000709d3d3d5000",137488,90987095400722,90987095401162
"MEMORY_ALLOCATION","MEMORY_ALLOCATION_FREE","",0,"0x0000709d3d3d6000",137490,90987095403813,90987095404153
"MEMORY_ALLOCATION","MEMORY_ALLOCATION_FREE","",0,"0x0000709d30a00000",137492,90987095441363,90987095484284
"MEMORY_ALLOCATION","MEMORY_ALLOCATION_FREE","",0,"0x0000709d30400000",137494,90987095488444,90987095531505
"MEMORY_ALLOCATION","MEMORY_ALLOCATION_FREE","",0,"0x0000709d3d3d7000",137496,90987095534515,90987095534885
"MEMORY_ALLOCATION","MEMORY_ALLOCATION_FREE","",0,"0x0000709d3d3d8000",137498,90987095537915,90987095538255
"MEMORY_ALLOCATION","MEMORY_ALLOCATION_FREE","",0,"0x0000709d2ea00000",137500,90987095575766,90987095621006
"MEMORY_ALLOCATION","MEMORY_ALLOCATION_FREE","",0,"0x0000709d2e400000",137502,90987095625556,90987095664377
"MEMORY_ALLOCATION","MEMORY_ALLOCATION_FREE","",0,"0x0000709d3d3d9000",137504,90987095667627,90987095668067
"MEMORY_ALLOCATION","MEMORY_ALLOCATION_FREE","",0,"0x0000709d3d3da000",137506,90987095670427,90987095670727
"MEMORY_ALLOCATION","MEMORY_ALLOCATION_FREE","",0,"0x0000709d2ca00000",137508,90987095709908,90987095752889
"MEMORY_ALLOCATION","MEMORY_ALLOCATION_FREE","",0,"0x0000709d2c400000",137510,90987095757309,90987095796209
"MEMORY_ALLOCATION","MEMORY_ALLOCATION_FREE","",0,"0x0000709d3d3db000",137512,90987095799239,90987095799659
"MEMORY_ALLOCATION","MEMORY_ALLOCATION_FREE","",0,"0x0000709d3d3dc000",137514,90987095802050,90987095802400
"MEMORY_ALLOCATION","MEMORY_ALLOCATION_FREE","",0,"0x0000709d33320000",137516,90987095805270,90987095805730
"MEMORY_ALLOCATION","MEMORY_ALLOCATION_FREE","",0,"0x0000709d2c000000",137518,90987095808700,90987095930302
"MEMORY_ALLOCATION","MEMORY_ALLOCATION_FREE","",0,"0x0000709d3d3e8000",137520,90987095934052,90987095934512
"MEMORY_ALLOCATION","MEMORY_ALLOCATION_FREE","",0,"0x0000709d3d3ec000",137522,90987095936942,90987095937222
"MEMORY_ALLOCATION","MEMORY_ALLOCATION_FREE","",0,"0x0000709d3d3f0000",137524,90987095939792,90987095940082
"MEMORY_ALLOCATION","MEMORY_ALLOCATION_FREE","",0,"0x0000709d3d3f8000",137526,90987095942472,90987096087785
"MEMORY_ALLOCATION","MEMORY_ALLOCATION_FREE","",0,"0x0000709d33340000",137528,90987096092225,90987096092775
"MEMORY_ALLOCATION","MEMORY_ALLOCATION_FREE","",0,"0x0000709d33344000",137530,90987096095625,90987096095895
"MEMORY_ALLOCATION","MEMORY_ALLOCATION_FREE","",0,"0x0000709d33346000",137532,90987096098275,90987096098605
"MEMORY_ALLOCATION","MEMORY_ALLOCATION_FREE","",0,"0x0000709d33348000",137534,90987096101105,90987096101385
"MEMORY_ALLOCATION","MEMORY_ALLOCATION_FREE","",0,"0x0000709d3334c000",137536,90987096104035,90987096104335
"MEMORY_ALLOCATION","MEMORY_ALLOCATION_FREE","",0,"0x0000709d3334d000",137538,90987096107945,90987096108175
"MEMORY_ALLOCATION","MEMORY_ALLOCATION_FREE","",0,"0x0000709d3334e000",137540,90987096111005,90987096111445
"MEMORY_ALLOCATION","MEMORY_ALLOCATION_FREE","",0,"0x0000709d33352000",137542,90987096114865,90987096115355
"MEMORY_ALLOCATION","MEMORY_ALLOCATION_FREE","",0,"0x0000709d33356000",137544,90987096117845,90987096118065
"MEMORY_ALLOCATION","MEMORY_ALLOCATION_FREE","",0,"0x0000709d3335a000",137546,90987096120705,90987096120925
"MEMORY_ALLOCATION","MEMORY_ALLOCATION_FREE","",0,"0x0000709d3335e000",137548,90987096123435,90987096123715
"MEMORY_ALLOCATION","MEMORY_ALLOCATION_FREE","",0,"0x0000709d3336a000",137550,90987096126255,90987096126555
"MEMORY_ALLOCATION","MEMORY_ALLOCATION_FREE","",0,"0x0000709d333fc000",137552,90987096130615,90987096131025
"MEMORY_ALLOCATION","MEMORY_ALLOCATION_FREE","",0,"0x0000709d29e80000",137554,90987096134905,90987096135905
"MEMORY_ALLOCATION","MEMORY_ALLOCATION_FREE","",0,"0x0000709d29e81000",137556,90987096139055,90987096139755
"MEMORY_ALLOCATION","MEMORY_ALLOCATION_FREE","",0,"0x0000709d29e82000",137558,90987096142305,90987096142766
"MEMORY_ALLOCATION","MEMORY_ALLOCATION_FREE","",0,"0x0000709d2ae00000",137560,90987096179496,90987096220667
"MEMORY_ALLOCATION","MEMORY_ALLOCATION_FREE","",0,"0x0000709d2aa00000",137562,90987096225187,90987096348939
"MEMORY_ALLOCATION","MEMORY_ALLOCATION_FREE","",0,"0x0000709d3336e000",137564,90987096352959,90987096353399
"MEMORY_ALLOCATION","MEMORY_ALLOCATION_FREE","",0,"0x0000709d3336f000",137566,90987096355829,90987096356079
"MEMORY_ALLOCATION","MEMORY_ALLOCATION_FREE","",0,"0x0000709d2a600000",137568,90987096386150,90987096504512
"MEMORY_ALLOCATION","MEMORY_ALLOCATION_FREE","",0,"0x0000709d33370000",137570,90987096507982,90987096508412
"MEMORY_ALLOCATION","MEMORY_ALLOCATION_FREE","",0,"0x0000709d333f0000",137572,90987096514622,90987096515022
"MEMORY_ALLOCATION","MEMORY_ALLOCATION_FREE","",0,"0x0000709d333f1000",137574,90987096517492,90987096517742
"MEMORY_ALLOCATION","MEMORY_ALLOCATION_FREE","",0,"0x0000709d2a200000",137576,90987096556673,90987096674505
"MEMORY_ALLOCATION","MEMORY_ALLOCATION_FREE","",0,"0x0000709d29e00000",137578,90987096679815,90987096680335
"MEMORY_ALLOCATION","MEMORY_ALLOCATION_FREE","",0,"0x0000709d333f2000",137580,90987096683015,90987096683345
"MEMORY_ALLOCATION","MEMORY_ALLOCATION_FREE","",0,"0x0000709d333f3000",137582,90987096685795,90987096686075
"MEMORY_ALLOCATION","MEMORY_ALLOCATION_FREE","",0,"0x0000709d29400000",137584,90987096727046,90987096770446
"MEMORY_ALLOCATION","MEMORY_ALLOCATION_FREE","",0,"0x0000709d29000000",137586,90987096773656,90987096896229
"MEMORY_ALLOCATION","MEMORY_ALLOCATION_FREE","",0,"0x0000709d333f4000",137588,90987096902439,90987096902929
"MEMORY_ALLOCATION","MEMORY_ALLOCATION_FREE","",0,"0x0000709d333f5000",137590,90987096905609,90987096905889
"MEMORY_ALLOCATION","MEMORY_ALLOCATION_FREE","",0,"0x0000709d27600000",137592,90987096946630,90987096990620
"MEMORY_ALLOCATION","MEMORY_ALLOCATION_FREE","",0,"0x0000709d27000000",137594,90987096993910,90987097102362
"MEMORY_ALLOCATION","MEMORY_ALLOCATION_FREE","",0,"0x0000709d333f6000",137596,90987097106212,90987097106682
"MEMORY_ALLOCATION","MEMORY_ALLOCATION_FREE","",0,"0x0000709d333f7000",137598,90987097109102,90987097109422
"MEMORY_ALLOCATION","MEMORY_ALLOCATION_FREE","",0,"0x0000709d25600000",137600,90987097147083,90987097191074
"MEMORY_ALLOCATION","MEMORY_ALLOCATION_FREE","",0,"0x0000709d25000000",137602,90987097195784,90987097235545
"MEMORY_ALLOCATION","MEMORY_ALLOCATION_FREE","",0,"0x0000709d333f8000",137604,90987097239015,90987097239495
"MEMORY_ALLOCATION","MEMORY_ALLOCATION_FREE","",0,"0x0000709d333f9000",137606,90987097242235,90987097242505
"MEMORY_ALLOCATION","MEMORY_ALLOCATION_FREE","",0,"0x0000709d23600000",137608,90987097286645,90987097327946
"MEMORY_ALLOCATION","MEMORY_ALLOCATION_FREE","",0,"0x0000709d23000000",137610,90987097337306,90987097374507
"MEMORY_ALLOCATION","MEMORY_ALLOCATION_FREE","",0,"0x0000709d333fa000",137612,90987097377717,90987097378107
"MEMORY_ALLOCATION","MEMORY_ALLOCATION_FREE","",0,"0x0000709d333fb000",137614,90987097380677,90987097498549
"MEMORY_ALLOCATION","MEMORY_ALLOCATION_FREE","",0,"0x0000709d29e86000",137616,90987097503329,90987097503829
"MEMORY_ALLOCATION","MEMORY_ALLOCATION_FREE","",0,"0x0000709d29e87000",137618,90987097506439,90987097506729
"MEMORY_ALLOCATION","MEMORY_ALLOCATION_FREE","",0,"0x0000709d29e8b000",137620,90987097509289,90987097509629
"MEMORY_ALLOCATION","MEMORY_ALLOCATION_FREE","",0,"0x0000709d29e8f000",137622,90987097512069,90987097512349
"MEMORY_ALLOCATION","MEMORY_ALLOCATION_FREE","",0,"0x0000709d29e97000",137624,90987097515029,90987097515360
"MEMORY_ALLOCATION","MEMORY_ALLOCATION_FREE","",0,"0x0000709d29e9b000",137626,90987097517740,90987097518450
"MEMORY_ALLOCATION","MEMORY_ALLOCATION_FREE","",0,"0x0000709d29e9c000",137628,90987097520930,90987097521160
"MEMORY_ALLOCATION","MEMORY_ALLOCATION_FREE","",0,"0x0000709d29e9d000",137630,90987097523770,90987097524020
"MEMORY_ALLOCATION","MEMORY_ALLOCATION_FREE","",0,"0x0000709d29ea1000",137632,90987097528250,90987097528700
"MEMORY_ALLOCATION","MEMORY_ALLOCATION_FREE","",0,"0x0000709d29ea2000",137634,90987097531270,90987097531610
"MEMORY_ALLOCATION","MEMORY_ALLOCATION_FREE","",0,"0x0000709d29ea6000",137636,90987097533880,90987097534110
"MEMORY_ALLOCATION","MEMORY_ALLOCATION_FREE","",0,"0x0000709d21e00000",137638,90987097537090,90987097579111
"MEMORY_ALLOCATION","MEMORY_ALLOCATION_FREE","",0,"0x0000709d20c00000",137640,90987097582181,90987097623721
"MEMORY_ALLOCATION","MEMORY_ALLOCATION_FREE","",0,"0x0000709d29ea7000",137642,90987097626601,90987097626901
"MEMORY_ALLOCATION","MEMORY_ALLOCATION_FREE","",0,"0x0000709d29eab000",137644,90987097630262,90987097630612
"MEMORY_ALLOCATION","MEMORY_ALLOCATION_FREE","",0,"0x0000709d29eaf000",137646,90987097633122,90987097633462
"MEMORY_ALLOCATION","MEMORY_ALLOCATION_FREE","",0,"0x0000709d29eb3000",137648,90987097770934,90987097771234
"MEMORY_ALLOCATION","MEMORY_ALLOCATION_FREE","",0,"0x0000709d29eb7000",137650,90987097773774,90987097774174
"MEMORY_ALLOCATION","MEMORY_ALLOCATION_FREE","",0,"0x0000709d29ec3000",137652,90987097776634,90987097776894
"MEMORY_ALLOCATION","MEMORY_ALLOCATION_FREE","",0,"0x0000709d29ec7000",137654,90987097779234,90987097779574
"MEMORY_ALLOCATION","MEMORY_ALLOCATION_FREE","",0,"0x0000709d29f8c000",137656,90987097783854,90987097784264
"MEMORY_ALLOCATION","MEMORY_ALLOCATION_FREE","",0,"0x0000709d29f90000",137658,90987097787234,90987097787804
"MEMORY_ALLOCATION","MEMORY_ALLOCATION_FREE","",0,"0x0000709d02400000",137660,90987097839955,90987097903366
"MEMORY_ALLOCATION","MEMORY_ALLOCATION_FREE","",0,"0x0000709cfa800000",137662,90987097906956,90987097954537
"MEMORY_ALLOCATION","MEMORY_ALLOCATION_FREE","",0,"0x0000709d29f48000",137664,90987097958547,90987097958977
"MEMORY_ALLOCATION","MEMORY_ALLOCATION_FREE","",0,"0x0000709d29f49000",137666,90987097961747,90987097962187
"MEMORY_ALLOCATION","MEMORY_ALLOCATION_FREE","",0,"0x0000709d29f4a000",137668,90987097964707,90987097964977
"MEMORY_ALLOCATION","MEMORY_ALLOCATION_FREE","",0,"0x0000709cfa400000",137670,90987097967607,90987097968047
"MEMORY_ALLOCATION","MEMORY_ALLOCATION_FREE","",0,"0x0000709d29f4e000",137672,90987097970448,90987097970728
"MEMORY_ALLOCATION","MEMORY_ALLOCATION_FREE","",0,"0x0000709d29f6d000",137674,90987097973398,90987097973748
"MEMORY_ALLOCATION","MEMORY_ALLOCATION_FREE","",0,"0x0000709c80a00000",137676,90987097978298,90987098127540
"MEMORY_ALLOCATION","MEMORY_ALLOCATION_FREE","",0,"0x0000709c80400000",137678,90987098131950,90987098172711
"MEMORY_ALLOCATION","MEMORY_ALLOCATION_FREE","",0,"0x0000709c80000000",137680,90987098176701,90987098308263
"MEMORY_ALLOCATION","MEMORY_ALLOCATION_FREE","",0,"0x0000709d29f98000",137682,90987098312793,90987098313353
"MEMORY_ALLOCATION","MEMORY_ALLOCATION_FREE","",0,"0x0000709d29f9c000",137684,90987098316224,90987098435826
"MEMORY_ALLOCATION","MEMORY_ALLOCATION_FREE","",0,"0x0000709c7fa00000",137686,90987098440866,90987098481066
"MEMORY_ALLOCATION","MEMORY_ALLOCATION_FREE","",0,"0x0000709cfa4f3000",137688,90987098484046,90987098484576
"MEMORY_ALLOCATION","MEMORY_ALLOCATION_FREE","",0,"0x0000709c7f600000",137690,90987098487397,90987098487837
"MEMORY_ALLOCATION","MEMORY_ALLOCATION_FREE","",0,"0x0000709c7f200000",137692,90987098490577,90987098607089
"MEMORY_ALLOCATION","MEMORY_ALLOCATION_FREE","",0,"0x0000709cfa5f3000",137694,90987098611709,90987098612229
"MEMORY_ALLOCATION","MEMORY_ALLOCATION_FREE","",0,"0x0000709cfa5f7000",137696,90987098614909,90987098735851
"MEMORY_ALLOCATION","MEMORY_ALLOCATION_FREE","",0,"0x0000709c7ee00000",137698,90987098740071,90987098856493
"MEMORY_ALLOCATION","MEMORY_ALLOCATION_FREE","",0,"0x0000709c7ea00000",137700,90987098860723,90987098976065
"MEMORY_ALLOCATION","MEMORY_ALLOCATION_FREE","",0,"0x0000709c7e600000",137702,90987098980615,90987099120238
"MEMORY_ALLOCATION","MEMORY_ALLOCATION_FREE","",0,"0x0000709c7e200000",137704,90987099124598,90987099244360
"MEMORY_ALLOCATION","MEMORY_ALLOCATION_FREE","",0,"0x0000709c7de00000",137706,90987099248760,90987099368792
"MEMORY_ALLOCATION","MEMORY_ALLOCATION_FREE","",0,"0x0000709c7d600000",137708,90987099372332,90987099419003
"MEMORY_ALLOCATION","MEMORY_ALLOCATION_FREE","",0,"0x0000709c7ce00000",137710,90987099422993,90987099467054
"MEMORY_ALLOCATION","MEMORY_ALLOCATION_FREE","",0,"0x0000709c7c600000",137712,90987099470244,90987099511774
"MEMORY_ALLOCATION","MEMORY_ALLOCATION_FREE","",0,"0x0000709c7c200000",137714,90987099514745,90987099627807
"MEMORY_ALLOCATION","MEMORY_ALLOCATION_FREE","",0,"0x0000709c7be00000",137716,90987099631547,90987099749619
"MEMORY_ALLOCATION","MEMORY_ALLOCATION_FREE","",0,"0x0000709c7ba00000",137718,90987099753759,90987099871321
"MEMORY_ALLOCATION","MEMORY_ALLOCATION_FREE","",0,"0x0000709c7b400000",137720,90987099876101,90987099913882
"MEMORY_ALLOCATION","MEMORY_ALLOCATION_FREE","",0,"0x0000709c7b000000",137722,90987099916972,90987100066684
"MEMORY_ALLOCATION","MEMORY_ALLOCATION_FREE","",0,"0x0000709c7f700000",137724,90987100070874,90987100071444
"MEMORY_ALLOCATION","MEMORY_ALLOCATION_FREE","",0,"0x0000709c7f780000",137726,90987100074054,90987100195536
"MEMORY_ALLOCATION","MEMORY_ALLOCATION_FREE","",0,"0x0000709c7ac00000",137728,90987100199277,90987100313859
"MEMORY_ALLOCATION","MEMORY_ALLOCATION_FREE","",0,"0x0000709c7a800000",137730,90987100317649,90987100438811
"MEMORY_ALLOCATION","MEMORY_ALLOCATION_FREE","",0,"0x0000709c7a400000",137732,90987100442601,90987100559143
"MEMORY_ALLOCATION","MEMORY_ALLOCATION_FREE","",0,"0x0000709c7a000000",137734,90987100563393,90987100680505
"MEMORY_ALLOCATION","MEMORY_ALLOCATION_FREE","",0,"0x0000709c79c00000",137736,90987100685815,90987100805907
"MEMORY_ALLOCATION","MEMORY_ALLOCATION_FREE","",0,"0x0000709c79800000",137738,90987100809887,90987100925379
"MEMORY_ALLOCATION","MEMORY_ALLOCATION_FREE","",0,"0x0000709c79000000",137740,90987100929359,90987100973180
"MEMORY_ALLOCATION","MEMORY_ALLOCATION_FREE","",0,"0x0000709c78800000",137742,90987100976340,90987101049511
"MEMORY_ALLOCATION","MEMORY_ALLOCATION_FREE","",0,"0x0000709c78000000",137744,90987101053311,90987101093692
"MEMORY_ALLOCATION","MEMORY_ALLOCATION_FREE","",0,"0x0000709c77c00000",137746,90987101096932,90987101210374
"MEMORY_ALLOCATION","MEMORY_ALLOCATION_FREE","",0,"0x0000709c77800000",137748,90987101214094,90987101328976
"MEMORY_ALLOCATION","MEMORY_ALLOCATION_FREE","",0,"0x0000709c77400000",137750,90987101332706,90987101410398
"MEMORY_ALLOCATION","MEMORY_ALLOCATION_FREE","",0,"0x0000000000000000",137752,90987101423498,90987101423528
"MEMORY_ALLOCATION","MEMORY_ALLOCATION_FREE","",0,"0x0000709e5ee00000",137752,90987101427898,90987101987448
"MEMORY_ALLOCATION","MEMORY_ALLOCATION_FREE","",0,"0x0000709e5e800000",137752,90987101990378,90987102526967
